model,feature_set,outer_fold,issue_date,feature_start,feature_end,target_start,target_end,label_available_date,lead,outcome,associated_event_id,raw_score,probability,threshold,predicted_class,calibration
logistic_history14,S1,2014,2014-02-28,2014-02-15,2014-02-28,2014-03-01,2014-03-03,2014-03-03,1,0,,2.541828358e-08,1.469942808e-06,0.04289560273,0,temporal_sigmoid
logistic_history14,S1,2014,2014-03-01,2014-02-16,2014-03-01,2014-03-02,2014-03-04,2014-03-04,1,0,,2.997706906e-07,1.469942808e-06,0.04289560273,0,temporal_sigmoid
logistic_history14,S1,2014,2014-03-02,2014-02-17,2014-03-02,2014-03-03,2014-03-05,2014-03-05,1,0,,1.353194675e-07,1.469942808e-06,0.04289560273,0,temporal_sigmoid
logistic_history14,S1,2014,2014-03-03,2014-02-18,2014-03-03,2014-03-04,2014-03-06,2014-03-06,1,0,,1.18986051e-06,1.680221843e-06,0.04289560273,0,temporal_sigmoid
logistic_history14,S1,2014,2014-03-04,2014-02-19,2014-03-04,2014-03-05,2014-03-07,2014-03-07,1,0,,9.765078357e-07,1.469942808e-06,0.04289560273,0,temporal_sigmoid
logistic_history14,S1,2014,2014-03-05,2014-02-20,2014-03-05,2014-03-06,2014-03-08,2014-03-08,1,0,,2.98969421e-06,3.412861714e-06,0.04289560273,0,temporal_sigmoid
logistic_history14,S1,2014,2014-03-06,2014-02-21,2014-03-06,2014-03-07,2014-03-09,2014-03-09,1,0,,1.45835604e-06,1.964864593e-06,0.04289560273,0,temporal_sigmoid
logistic_history14,S1,2014,2014-03-07,2014-02-22,2014-03-07,2014-03-08,2014-03-10,2014-03-10,1,0,,1.940761992e-06,2.447869227e-06,0.04289560273,0,temporal_sigmoid
logistic_history14,S1,2014,2014-03-08,2014-02-23,2014-03-08,2014-03-09,2014-03-11,2014-03-11,1,0,,3.563380096e-06,3.906191446e-06,0.04289560273,0,temporal_sigmoid
logistic_history14,S1,2014,2014-03-09,2014-02-24,2014-03-09,2014-03-10,2014-03-12,2014-03-12,1,0,,3.218159157e-06,3.611736087e-06,0.04289560273,0,temporal_sigmoid
logistic_history14,S1,2014,2014-03-10,2014-02-25,2014-03-10,2014-03-11,2014-03-13,2014-03-13,1,0,,6.107795339e-06,5.912169898e-06,0.04289560273,0,temporal_sigmoid
logistic_history14,S1,2014,2014-03-11,2014-02-26,2014-03-11,2014-03-12,2014-03-14,2014-03-14,1,0,,4.243850507e-05,2.625797952e-05,0.04289560273,0,temporal_sigmoid
logistic_history14,S1,2014,2014-03-12,2014-02-27,2014-03-12,2014-03-13,2014-03-15,2014-03-15,1,0,,0.0003266785918,0.0001261939898,0.04289560273,0,temporal_sigmoid
logistic_history14,S1,2014,2014-03-13,2014-02-28,2014-03-13,2014-03-14,2014-03-16,2014-03-16,1,0,,0.001006680457,0.0002999980833,0.04289560273,0,temporal_sigmoid
logistic_history14,S1,2014,2014-03-14,2014-03-01,2014-03-14,2014-03-15,2014-03-17,2014-03-17,1,0,,0.001837672315,0.000476817158,0.04289560273,0,temporal_sigmoid
logistic_history14,S1,2014,2014-03-15,2014-03-02,2014-03-15,2014-03-16,2014-03-18,2014-03-18,1,0,,0.001056694143,0.0003114055226,0.04289560273,0,temporal_sigmoid
logistic_history14,S1,2014,2014-03-16,2014-03-03,2014-03-16,2014-03-17,2014-03-19,2014-03-19,1,0,,0.001434575134,0.0003940371324,0.04289560273,0,temporal_sigmoid
logistic_history14,S1,2014,2014-03-17,2014-03-04,2014-03-17,2014-03-18,2014-03-20,2014-03-20,1,0,,0.003401515928,0.0007663344671,0.04289560273,0,temporal_sigmoid
logistic_history14,S1,2014,2014-03-18,2014-03-05,2014-03-18,2014-03-19,2014-03-21,2014-03-21,1,0,,0.01025528478,0.001798453456,0.04289560273,0,temporal_sigmoid
logistic_history14,S1,2014,2014-03-19,2014-03-06,2014-03-19,2014-03-20,2014-03-22,2014-03-22,1,0,,0.01675379182,0.002634434883,0.04289560273,0,temporal_sigmoid
logistic_history14,S1,2014,2014-03-20,2014-03-07,2014-03-20,2014-03-21,2014-03-23,2014-03-23,1,0,,0.01501863476,0.002419200884,0.04289560273,0,temporal_sigmoid
logistic_history14,S1,2014,2014-03-21,2014-03-08,2014-03-21,2014-03-22,2014-03-24,2014-03-24,1,0,,0.009265712844,0.001662378564,0.04289560273,0,temporal_sigmoid
logistic_history14,S1,2014,2014-03-22,2014-03-09,2014-03-22,2014-03-23,2014-03-25,2014-03-25,1,0,,0.02647597568,0.003770229015,0.04289560273,0,temporal_sigmoid
logistic_history14,S1,2014,2014-03-23,2014-03-10,2014-03-23,2014-03-24,2014-03-26,2014-03-26,1,0,,0.0004597981925,0.0001641501447,0.04289560273,0,temporal_sigmoid
logistic_history14,S1,2014,2014-03-24,2014-03-11,2014-03-24,2014-03-25,2014-03-27,2014-03-27,1,0,,0.001438290847,0.0003948226917,0.04289560273,0,temporal_sigmoid
logistic_history14,S1,2014,2014-03-25,2014-03-12,2014-03-25,2014-03-26,2014-03-28,2014-03-28,1,0,,0.002076376133,0.0005238468901,0.04289560273,0,temporal_sigmoid
logistic_history14,S1,2014,2014-03-26,2014-03-13,2014-03-26,2014-03-27,2014-03-29,2014-03-29,1,0,,0.0216512515,0.003219278025,0.04289560273,0,temporal_sigmoid
logistic_history14,S1,2014,2014-03-27,2014-03-14,2014-03-27,2014-03-28,2014-03-30,2014-03-30,1,0,,0.2763308196,0.02806291973,0.04289560273,0,temporal_sigmoid
logistic_history14,S1,2014,2014-03-28,2014-03-15,2014-03-28,2014-03-29,2014-03-31,2014-03-31,1,0,,0.6664981755,0.09348239983,0.04289560273,1,temporal_sigmoid
logistic_history14,S1,2014,2014-03-29,2014-03-16,2014-03-29,2014-03-30,2014-04-01,2014-04-01,1,0,,0.8312727869,0.1710983419,0.04289560273,1,temporal_sigmoid
logistic_history14,S1,2014,2014-03-30,2014-03-17,2014-03-30,2014-03-31,2014-04-02,2014-04-02,1,0,,0.776821811,0.1364510268,0.04289560273,1,temporal_sigmoid
logistic_history14,S1,2014,2014-03-31,2014-03-18,2014-03-31,2014-04-01,2014-04-03,2014-04-03,1,0,,0.7354455654,0.117326623,0.04289560273,1,temporal_sigmoid
logistic_history14,S1,2014,2014-04-01,2014-03-19,2014-04-01,2014-04-02,2014-04-04,2014-04-04,1,0,,0.2740739044,0.02782652612,0.04289560273,0,temporal_sigmoid
logistic_history14,S1,2014,2014-04-02,2014-03-20,2014-04-02,2014-04-03,2014-04-05,2014-04-05,1,0,,0.5132634238,0.05932543054,0.04289560273,1,temporal_sigmoid
logistic_history14,S1,2014,2014-04-03,2014-03-21,2014-04-03,2014-04-04,2014-04-06,2014-04-06,1,0,,0.3865233965,0.04071182533,0.04289560273,0,temporal_sigmoid
logistic_history14,S1,2014,2014-04-04,2014-03-22,2014-04-04,2014-04-05,2014-04-07,2014-04-07,1,0,,0.0004701206515,0.0001669780897,0.04289560273,0,temporal_sigmoid
logistic_history14,S1,2014,2014-04-05,2014-03-23,2014-04-05,2014-04-06,2014-04-08,2014-04-08,1,0,,0.002650184909,0.0006321994926,0.04289560273,0,temporal_sigmoid
logistic_history14,S1,2014,2014-04-06,2014-03-24,2014-04-06,2014-04-07,2014-04-09,2014-04-09,1,0,,0.001458189324,0.0003990216709,0.04289560273,0,temporal_sigmoid
logistic_history14,S1,2014,2014-04-07,2014-03-25,2014-04-07,2014-04-08,2014-04-10,2014-04-10,1,0,,0.06458339436,0.007688717154,0.04289560273,0,temporal_sigmoid
logistic_history14,S1,2014,2014-04-08,2014-03-26,2014-04-08,2014-04-09,2014-04-11,2014-04-11,1,0,,0.2267178254,0.02302124073,0.04289560273,0,temporal_sigmoid
logistic_history14,S1,2014,2014-04-09,2014-03-27,2014-04-09,2014-04-10,2014-04-12,2014-04-12,1,0,,0.101977421,0.01123335112,0.04289560273,0,temporal_sigmoid
logistic_history14,S1,2014,2014-04-10,2014-03-28,2014-04-10,2014-04-11,2014-04-13,2014-04-13,1,0,,0.1348582052,0.0142881874,0.04289560273,0,temporal_sigmoid
logistic_history14,S1,2014,2014-04-11,2014-03-29,2014-04-11,2014-04-12,2014-04-14,2014-04-14,1,0,,0.2168786632,0.02205536816,0.04289560273,0,temporal_sigmoid
logistic_history14,S1,2014,2014-04-12,2014-03-30,2014-04-12,2014-04-13,2014-04-15,2014-04-15,1,0,,0.1137528035,0.01232928921,0.04289560273,0,temporal_sigmoid
logistic_history14,S1,2014,2014-04-13,2014-03-31,2014-04-13,2014-04-14,2014-04-16,2014-04-16,1,0,,0.07024245223,0.008235657701,0.04289560273,0,temporal_sigmoid
logistic_history14,S1,2014,2014-04-14,2014-04-01,2014-04-14,2014-04-15,2014-04-17,2014-04-17,1,0,,0.2934295246,0.02987875238,0.04289560273,0,temporal_sigmoid
logistic_history14,S1,2014,2014-04-15,2014-04-02,2014-04-15,2014-04-16,2014-04-18,2014-04-18,1,0,,0.4175238454,0.04476833339,0.04289560273,1,temporal_sigmoid
logistic_history14,S1,2014,2014-04-16,2014-04-03,2014-04-16,2014-04-17,2014-04-19,2014-04-19,1,0,,0.727380078,0.114095517,0.04289560273,1,temporal_sigmoid
logistic_history14,S1,2014,2014-04-17,2014-04-04,2014-04-17,2014-04-18,2014-04-20,2014-04-20,1,0,,0.6695489436,0.09438290413,0.04289560273,1,temporal_sigmoid
logistic_history14,S1,2014,2014-04-18,2014-04-05,2014-04-18,2014-04-19,2014-04-21,2014-04-21,1,0,,0.8471546311,0.1843312933,0.04289560273,1,temporal_sigmoid
logistic_history14,S1,2014,2014-04-19,2014-04-06,2014-04-19,2014-04-20,2014-04-22,2014-04-22,1,1,fixed36_0035,0.7826115226,0.1395349953,0.04289560273,1,temporal_sigmoid
logistic_history14,S1,2014,2014-04-20,2014-04-07,2014-04-20,2014-04-21,2014-04-23,2014-04-23,1,1,fixed36_0035,0.9800936722,0.5480073965,0.04289560273,1,temporal_sigmoid
logistic_history14,S1,2014,2014-04-21,2014-04-08,2014-04-21,2014-04-22,2014-04-24,2014-04-24,1,1,fixed36_0035,0.9442741389,0.3480186962,0.04289560273,1,temporal_sigmoid
logistic_history14,S1,2014,2014-04-22,2014-04-09,2014-04-22,2014-04-23,2014-04-25,2014-04-25,1,1,fixed36_0035,0.9812094452,0.5591871985,0.04289560273,1,temporal_sigmoid
logistic_history14,S1,2014,2014-04-23,2014-04-10,2014-04-23,2014-04-24,2014-04-26,2014-04-26,1,1,fixed36_0035,0.9895240187,0.6667967218,0.04289560273,1,temporal_sigmoid
logistic_history14,S1,2014,2014-04-24,2014-04-11,2014-04-24,2014-04-25,2014-04-27,2014-04-27,1,0,,0.9914543493,0.7009601778,0.04289560273,1,temporal_sigmoid
logistic_history14,S1,2014,2014-04-25,2014-04-12,2014-04-25,2014-04-26,2014-04-28,2014-04-28,1,0,,0.8858278098,0.2264317005,0.04289560273,1,temporal_sigmoid
logistic_history14,S1,2014,2014-04-26,2014-04-13,2014-04-26,2014-04-27,2014-04-29,2014-04-29,1,0,,0.8905316275,0.2328767005,0.04289560273,1,temporal_sigmoid
logistic_history14,S1,2014,2014-04-27,2014-04-14,2014-04-27,2014-04-28,2014-04-30,2014-04-30,1,0,,0.9556812418,0.391177452,0.04289560273,1,temporal_sigmoid
logistic_history14,S1,2014,2014-04-28,2014-04-15,2014-04-28,2014-04-29,2014-05-01,2014-05-01,1,0,,0.6866763697,0.09967016699,0.04289560273,1,temporal_sigmoid
logistic_history14,S1,2014,2014-04-29,2014-04-16,2014-04-29,2014-04-30,2014-05-02,2014-05-02,1,0,,0.2088298793,0.02127228018,0.04289560273,0,temporal_sigmoid
logistic_history14,S1,2014,2014-04-30,2014-04-17,2014-04-30,2014-05-01,2014-05-03,2014-05-03,1,0,,0.04975736214,0.006224824343,0.04289560273,0,temporal_sigmoid
logistic_history14,S1,2014,2014-05-01,2014-04-18,2014-05-01,2014-05-02,2014-05-04,2014-05-04,1,0,,0.01242349522,0.00208723589,0.04289560273,0,temporal_sigmoid
logistic_history14,S1,2014,2014-05-02,2014-04-19,2014-05-02,2014-05-03,2014-05-05,2014-05-05,1,0,,0.02479878565,0.003581090985,0.04289560273,0,temporal_sigmoid
logistic_history14,S1,2014,2014-05-03,2014-04-20,2014-05-03,2014-05-04,2014-05-06,2014-05-06,1,0,,0.002885130318,0.0006749737068,0.04289560273,0,temporal_sigmoid
logistic_history14,S1,2014,2014-05-04,2014-04-21,2014-05-04,2014-05-05,2014-05-07,2014-05-07,1,0,,0.007292335697,0.001380984646,0.04289560273,0,temporal_sigmoid
logistic_history14,S1,2014,2014-05-05,2014-04-22,2014-05-05,2014-05-06,2014-05-08,2014-05-08,1,0,,0.0006299599969,0.0002091479986,0.04289560273,0,temporal_sigmoid
logistic_history14,S1,2014,2014-05-06,2014-04-23,2014-05-06,2014-05-07,2014-05-09,2014-05-09,1,0,,0.03164880595,0.004340206704,0.04289560273,0,temporal_sigmoid
logistic_history14,S1,2014,2014-05-07,2014-04-24,2014-05-07,2014-05-08,2014-05-10,2014-05-10,1,0,,0.01934923866,0.002948107886,0.04289560273,0,temporal_sigmoid
logistic_history14,S1,2014,2014-05-08,2014-04-25,2014-05-08,2014-05-09,2014-05-11,2014-05-11,1,0,,0.04709586089,0.005955903981,0.04289560273,0,temporal_sigmoid
logistic_history14,S1,2014,2014-05-09,2014-04-26,2014-05-09,2014-05-10,2014-05-12,2014-05-12,1,0,,0.8825290509,0.2221212114,0.04289560273,1,temporal_sigmoid
logistic_history14,S1,2014,2014-05-10,2014-04-27,2014-05-10,2014-05-11,2014-05-13,2014-05-13,1,0,,0.2755674154,0.02798287647,0.04289560273,0,temporal_sigmoid
logistic_history14,S1,2014,2014-05-11,2014-04-28,2014-05-11,2014-05-12,2014-05-14,2014-05-14,1,0,,0.00410818949,0.0008864509904,0.04289560273,0,temporal_sigmoid
logistic_history14,S1,2014,2014-05-12,2014-04-29,2014-05-12,2014-05-13,2014-05-15,2014-05-15,1,1,fixed36_0036,0.09189940067,0.01029052487,0.04289560273,0,temporal_sigmoid
logistic_history14,S1,2014,2014-05-13,2014-04-30,2014-05-13,2014-05-14,2014-05-16,2014-05-16,1,1,fixed36_0036,0.3495446986,0.03619267088,0.04289560273,0,temporal_sigmoid
logistic_history14,S1,2014,2014-05-14,2014-05-01,2014-05-14,2014-05-15,2014-05-17,2014-05-17,1,0,,0.3975490585,0.04212436656,0.04289560273,0,temporal_sigmoid
logistic_history14,S1,2014,2014-05-15,2014-05-02,2014-05-15,2014-05-16,2014-05-18,2014-05-18,1,0,,0.2769811505,0.02813117438,0.04289560273,0,temporal_sigmoid
logistic_history14,S1,2014,2014-05-16,2014-05-03,2014-05-16,2014-05-17,2014-05-19,2014-05-19,1,0,,0.1945368818,0.01989581807,0.04289560273,0,temporal_sigmoid
logistic_history14,S1,2014,2014-05-17,2014-05-04,2014-05-17,2014-05-18,2014-05-20,2014-05-20,1,0,,0.178413211,0.01836201879,0.04289560273,0,temporal_sigmoid
logistic_history14,S1,2014,2014-05-18,2014-05-05,2014-05-18,2014-05-19,2014-05-21,2014-05-21,1,0,,0.3781039096,0.03965423476,0.04289560273,0,temporal_sigmoid
logistic_history14,S1,2014,2014-05-19,2014-05-06,2014-05-19,2014-05-20,2014-05-22,2014-05-22,1,1,fixed36_0037,0.4587601431,0.05061637087,0.04289560273,1,temporal_sigmoid
logistic_history14,S1,2014,2014-05-20,2014-05-07,2014-05-20,2014-05-21,2014-05-23,2014-05-23,1,1,fixed36_0037,0.5921591789,0.07463582361,0.04289560273,1,temporal_sigmoid
logistic_history14,S1,2014,2014-05-21,2014-05-08,2014-05-21,2014-05-22,2014-05-24,2014-05-24,1,0,,0.6499151359,0.08878673817,0.04289560273,1,temporal_sigmoid
logistic_history14,S1,2014,2014-05-22,2014-05-09,2014-05-22,2014-05-23,2014-05-25,2014-05-25,1,0,,0.5222482182,0.06088897061,0.04289560273,1,temporal_sigmoid
logistic_history14,S1,2014,2014-05-23,2014-05-10,2014-05-23,2014-05-24,2014-05-26,2014-05-26,1,0,,0.5670553093,0.069342921,0.04289560273,1,temporal_sigmoid
logistic_history14,S1,2014,2014-05-24,2014-05-11,2014-05-24,2014-05-25,2014-05-27,2014-05-27,1,0,,0.04854558547,0.006102661219,0.04289560273,0,temporal_sigmoid
logistic_history14,S1,2014,2014-05-25,2014-05-12,2014-05-25,2014-05-26,2014-05-28,2014-05-28,1,0,,0.004290077147,0.0009165866484,0.04289560273,0,temporal_sigmoid
logistic_history14,S1,2014,2014-05-26,2014-05-13,2014-05-26,2014-05-27,2014-05-29,2014-05-29,1,0,,0.006403493172,0.001248907364,0.04289560273,0,temporal_sigmoid
logistic_history14,S1,2014,2014-05-27,2014-05-14,2014-05-27,2014-05-28,2014-05-30,2014-05-30,1,0,,0.0007871315661,0.0002482506999,0.04289560273,0,temporal_sigmoid
logistic_history14,S1,2014,2014-05-28,2014-05-15,2014-05-28,2014-05-29,2014-05-31,2014-05-31,1,0,,6.684306043e-05,3.724011317e-05,0.04289560273,0,temporal_sigmoid
logistic_history14,S1,2014,2014-05-29,2014-05-16,2014-05-29,2014-05-30,2014-06-01,2014-06-01,1,0,,0.008530382736,0.001559219661,0.04289560273,0,temporal_sigmoid
logistic_history14,S1,2014,2014-05-30,2014-05-17,2014-05-30,2014-05-31,2014-06-02,2014-06-02,1,0,,0.000254720414,0.000104211211,0.04289560273,0,temporal_sigmoid
logistic_history14,S1,2014,2014-05-31,2014-05-18,2014-05-31,2014-06-01,2014-06-03,2014-06-03,1,0,,0.0001674384892,7.546679821e-05,0.04289560273,0,temporal_sigmoid
logistic_history14,S1,2014,2014-06-01,2014-05-19,2014-06-01,2014-06-02,2014-06-04,2014-06-04,1,0,,1.970672223e-05,1.455548649e-05,0.04289560273,0,temporal_sigmoid
logistic_history14,S1,2014,2014-06-02,2014-05-20,2014-06-02,2014-06-03,2014-06-05,2014-06-05,1,0,,0.0001035528289,5.21473903e-05,0.04289560273,0,temporal_sigmoid
logistic_history14,S1,2014,2014-06-03,2014-05-21,2014-06-03,2014-06-04,2014-06-06,2014-06-06,1,0,,9.14023436e-05,4.73740185e-05,0.04289560273,0,temporal_sigmoid
logistic_history14,S1,2014,2014-06-04,2014-05-22,2014-06-04,2014-06-05,2014-06-07,2014-06-07,1,0,,0.002003752464,0.000509675756,0.04289560273,0,temporal_sigmoid
logistic_history14,S1,2014,2014-06-05,2014-05-23,2014-06-05,2014-06-06,2014-06-08,2014-06-08,1,0,,0.0167314152,0.002631689394,0.04289560273,0,temporal_sigmoid
logistic_history14,S1,2014,2014-06-06,2014-05-24,2014-06-06,2014-06-07,2014-06-09,2014-06-09,1,0,,0.03231792313,0.004412636002,0.04289560273,0,temporal_sigmoid
logistic_history14,S1,2014,2014-06-07,2014-05-25,2014-06-07,2014-06-08,2014-06-10,2014-06-10,1,0,,0.01455660193,0.002361039076,0.04289560273,0,temporal_sigmoid
logistic_history14,S1,2014,2014-06-08,2014-05-26,2014-06-08,2014-06-09,2014-06-11,2014-06-11,1,0,,0.02952322571,0.004108246124,0.04289560273,0,temporal_sigmoid
logistic_history14,S1,2014,2014-06-09,2014-05-27,2014-06-09,2014-06-10,2014-06-12,2014-06-12,1,0,,0.00355990474,0.000793710376,0.04289560273,0,temporal_sigmoid
logistic_history14,S1,2014,2014-06-10,2014-05-28,2014-06-10,2014-06-11,2014-06-13,2014-06-13,1,0,,0.003666124348,0.0008119151069,0.04289560273,0,temporal_sigmoid
logistic_history14,S1,2014,2014-06-11,2014-05-29,2014-06-11,2014-06-12,2014-06-14,2014-06-14,1,0,,0.002278503442,0.0005627100006,0.04289560273,0,temporal_sigmoid
logistic_history14,S1,2014,2014-06-12,2014-05-30,2014-06-12,2014-06-13,2014-06-15,2014-06-15,1,0,,0.02652295256,0.003775493301,0.04289560273,0,temporal_sigmoid
logistic_history14,S1,2014,2014-06-13,2014-05-31,2014-06-13,2014-06-14,2014-06-16,2014-06-16,1,0,,0.005989930528,0.001186089632,0.04289560273,0,temporal_sigmoid
logistic_history14,S1,2014,2014-06-14,2014-06-01,2014-06-14,2014-06-15,2014-06-17,2014-06-17,1,0,,0.01625590578,0.002573166931,0.04289560273,0,temporal_sigmoid
logistic_history14,S1,2014,2014-06-15,2014-06-02,2014-06-15,2014-06-16,2014-06-18,2014-06-18,1,0,,0.001754252825,0.0004600588369,0.04289560273,0,temporal_sigmoid
logistic_history14,S1,2014,2014-06-16,2014-06-03,2014-06-16,2014-06-17,2014-06-19,2014-06-19,1,0,,0.005423144929,0.00109840241,0.04289560273,0,temporal_sigmoid
logistic_history14,S1,2014,2014-06-17,2014-06-04,2014-06-17,2014-06-18,2014-06-20,2014-06-20,1,0,,0.002192702125,0.0005463130956,0.04289560273,0,temporal_sigmoid
logistic_history14,S1,2014,2014-06-18,2014-06-05,2014-06-18,2014-06-19,2014-06-21,2014-06-21,1,0,,0.0009183539828,0.0002795270214,0.04289560273,0,temporal_sigmoid
logistic_history14,S1,2014,2014-06-19,2014-06-06,2014-06-19,2014-06-20,2014-06-22,2014-06-22,1,0,,2.317385223e-05,1.648774678e-05,0.04289560273,0,temporal_sigmoid
logistic_history14,S1,2014,2014-06-20,2014-06-07,2014-06-20,2014-06-21,2014-06-23,2014-06-23,1,0,,1.811631533e-06,2.321610772e-06,0.04289560273,0,temporal_sigmoid
logistic_history14,S1,2014,2014-06-21,2014-06-08,2014-06-21,2014-06-22,2014-06-24,2014-06-24,1,0,,9.853356301e-08,1.469942808e-06,0.04289560273,0,temporal_sigmoid
logistic_history14,S1,2014,2014-06-22,2014-06-09,2014-06-22,2014-06-23,2014-06-25,2014-06-25,1,0,,2.510372244e-08,1.469942808e-06,0.04289560273,0,temporal_sigmoid
logistic_history14,S1,2014,2014-06-23,2014-06-10,2014-06-23,2014-06-24,2014-06-26,2014-06-26,1,0,,1.319135287e-08,1.469942808e-06,0.04289560273,0,temporal_sigmoid
logistic_history14,S1,2014,2014-06-24,2014-06-11,2014-06-24,2014-06-25,2014-06-27,2014-06-27,1,0,,5.290372887e-08,1.469942808e-06,0.04289560273,0,temporal_sigmoid
logistic_history14,S1,2014,2014-06-25,2014-06-12,2014-06-25,2014-06-26,2014-06-28,2014-06-28,1,0,,1.137122236e-05,9.535698251e-06,0.04289560273,0,temporal_sigmoid
logistic_history14,S1,2014,2014-06-26,2014-06-13,2014-06-26,2014-06-27,2014-06-29,2014-06-29,1,0,,6.832176777e-07,1.469942808e-06,0.04289560273,0,temporal_sigmoid
logistic_history14,S1,2014,2014-06-27,2014-06-14,2014-06-27,2014-06-28,2014-06-30,2014-06-30,1,0,,2.208807125e-07,1.469942808e-06,0.04289560273,0,temporal_sigmoid
logistic_history14,S1,2015,2015-02-28,2015-02-15,2015-02-28,2015-03-01,2015-03-03,2015-03-03,1,0,,0.0008252908809,0.0007088818366,0.05018958108,0,temporal_sigmoid
logistic_history14,S1,2015,2015-03-01,2015-02-16,2015-03-01,2015-03-02,2015-03-04,2015-03-04,1,0,,0.002573346171,0.001552123421,0.05018958108,0,temporal_sigmoid
logistic_history14,S1,2015,2015-03-02,2015-02-17,2015-03-02,2015-03-03,2015-03-05,2015-03-05,1,0,,0.002652316892,0.001584812227,0.05018958108,0,temporal_sigmoid
logistic_history14,S1,2015,2015-03-03,2015-02-18,2015-03-03,2015-03-04,2015-03-06,2015-03-06,1,0,,0.0003648562229,0.0004040144476,0.05018958108,0,temporal_sigmoid
logistic_history14,S1,2015,2015-03-04,2015-02-19,2015-03-04,2015-03-05,2015-03-07,2015-03-07,1,0,,3.304792557e-08,6.944732955e-06,0.05018958108,0,temporal_sigmoid
logistic_history14,S1,2015,2015-03-05,2015-02-20,2015-03-05,2015-03-06,2015-03-08,2015-03-08,1,0,,1.46127593e-06,9.018272308e-06,0.05018958108,0,temporal_sigmoid
logistic_history14,S1,2015,2015-03-06,2015-02-21,2015-03-06,2015-03-07,2015-03-09,2015-03-09,1,0,,1.714529073e-07,6.944732955e-06,0.05018958108,0,temporal_sigmoid
logistic_history14,S1,2015,2015-03-07,2015-02-22,2015-03-07,2015-03-08,2015-03-10,2015-03-10,1,0,,8.672942328e-08,6.944732955e-06,0.05018958108,0,temporal_sigmoid
logistic_history14,S1,2015,2015-03-08,2015-02-23,2015-03-08,2015-03-09,2015-03-11,2015-03-11,1,0,,1.155799676e-06,7.673070249e-06,0.05018958108,0,temporal_sigmoid
logistic_history14,S1,2015,2015-03-09,2015-02-24,2015-03-09,2015-03-10,2015-03-12,2015-03-12,1,0,,1.126083613e-05,3.681068201e-05,0.05018958108,0,temporal_sigmoid
logistic_history14,S1,2015,2015-03-10,2015-02-25,2015-03-10,2015-03-11,2015-03-13,2015-03-13,1,0,,9.604038409e-05,0.0001611176976,0.05018958108,0,temporal_sigmoid
logistic_history14,S1,2015,2015-03-11,2015-02-26,2015-03-11,2015-03-12,2015-03-14,2015-03-14,1,0,,1.456028902e-05,4.393818038e-05,0.05018958108,0,temporal_sigmoid
logistic_history14,S1,2015,2015-03-12,2015-02-27,2015-03-12,2015-03-13,2015-03-15,2015-03-15,1,0,,2.261244435e-05,5.950068231e-05,0.05018958108,0,temporal_sigmoid
logistic_history14,S1,2015,2015-03-13,2015-02-28,2015-03-13,2015-03-14,2015-03-16,2015-03-16,1,0,,6.152413424e-05,0.0001185579134,0.05018958108,0,temporal_sigmoid
logistic_history14,S1,2015,2015-03-14,2015-03-01,2015-03-14,2015-03-15,2015-03-17,2015-03-17,1,0,,0.007223686597,0.003165094899,0.05018958108,0,temporal_sigmoid
logistic_history14,S1,2015,2015-03-15,2015-03-02,2015-03-15,2015-03-16,2015-03-18,2015-03-18,1,0,,0.02310087086,0.007099847393,0.05018958108,0,temporal_sigmoid
logistic_history14,S1,2015,2015-03-16,2015-03-03,2015-03-16,2015-03-17,2015-03-19,2015-03-19,1,0,,0.0004516626099,0.0004679960077,0.05018958108,0,temporal_sigmoid
logistic_history14,S1,2015,2015-03-17,2015-03-04,2015-03-17,2015-03-18,2015-03-20,2015-03-20,1,0,,0.01128142684,0.004309920475,0.05018958108,0,temporal_sigmoid
logistic_history14,S1,2015,2015-03-18,2015-03-05,2015-03-18,2015-03-19,2015-03-21,2015-03-21,1,0,,0.004438883316,0.0022608425,0.05018958108,0,temporal_sigmoid
logistic_history14,S1,2015,2015-03-19,2015-03-06,2015-03-19,2015-03-20,2015-03-22,2015-03-22,1,0,,0.001754850821,0.001192114349,0.05018958108,0,temporal_sigmoid
logistic_history14,S1,2015,2015-03-20,2015-03-07,2015-03-20,2015-03-21,2015-03-23,2015-03-23,1,0,,0.0006785720446,0.0006194591032,0.05018958108,0,temporal_sigmoid
logistic_history14,S1,2015,2015-03-21,2015-03-08,2015-03-21,2015-03-22,2015-03-24,2015-03-24,1,0,,0.001807660047,0.001216725164,0.05018958108,0,temporal_sigmoid
logistic_history14,S1,2015,2015-03-22,2015-03-09,2015-03-22,2015-03-23,2015-03-25,2015-03-25,1,0,,0.009057123636,0.003701419919,0.05018958108,0,temporal_sigmoid
logistic_history14,S1,2015,2015-03-23,2015-03-10,2015-03-23,2015-03-24,2015-03-26,2015-03-26,1,0,,0.05423884484,0.01299219047,0.05018958108,0,temporal_sigmoid
logistic_history14,S1,2015,2015-03-24,2015-03-11,2015-03-24,2015-03-25,2015-03-27,2015-03-27,1,0,,0.1271407655,0.02440441107,0.05018958108,0,temporal_sigmoid
logistic_history14,S1,2015,2015-03-25,2015-03-12,2015-03-25,2015-03-26,2015-03-28,2015-03-28,1,0,,0.2129212952,0.03690295736,0.05018958108,0,temporal_sigmoid
logistic_history14,S1,2015,2015-03-26,2015-03-13,2015-03-26,2015-03-27,2015-03-29,2015-03-29,1,0,,0.08091916251,0.01737731637,0.05018958108,0,temporal_sigmoid
logistic_history14,S1,2015,2015-03-27,2015-03-14,2015-03-27,2015-03-28,2015-03-30,2015-03-30,1,0,,0.03943677191,0.01034812329,0.05018958108,0,temporal_sigmoid
logistic_history14,S1,2015,2015-03-28,2015-03-15,2015-03-28,2015-03-29,2015-03-31,2015-03-31,1,0,,0.02430209584,0.007356464502,0.05018958108,0,temporal_sigmoid
logistic_history14,S1,2015,2015-03-29,2015-03-16,2015-03-29,2015-03-30,2015-04-01,2015-04-01,1,0,,0.02622269545,0.007759539171,0.05018958108,0,temporal_sigmoid
logistic_history14,S1,2015,2015-03-30,2015-03-17,2015-03-30,2015-03-31,2015-04-02,2015-04-02,1,0,,0.1125061503,0.02222701168,0.05018958108,0,temporal_sigmoid
logistic_history14,S1,2015,2015-03-31,2015-03-18,2015-03-31,2015-04-01,2015-04-03,2015-04-03,1,0,,0.005460579933,0.002608522358,0.05018958108,0,temporal_sigmoid
logistic_history14,S1,2015,2015-04-01,2015-03-19,2015-04-01,2015-04-02,2015-04-04,2015-04-04,1,0,,0.001263686913,0.0009507174803,0.05018958108,0,temporal_sigmoid
logistic_history14,S1,2015,2015-04-02,2015-03-20,2015-04-02,2015-04-03,2015-04-05,2015-04-05,1,0,,0.0003648426706,0.0004040041111,0.05018958108,0,temporal_sigmoid
logistic_history14,S1,2015,2015-04-03,2015-03-21,2015-04-03,2015-04-04,2015-04-06,2015-04-06,1,0,,0.0005996070592,0.0005688555192,0.05018958108,0,temporal_sigmoid
logistic_history14,S1,2015,2015-04-04,2015-03-22,2015-04-04,2015-04-05,2015-04-07,2015-04-07,1,0,,0.01138164848,0.004336444676,0.05018958108,0,temporal_sigmoid
logistic_history14,S1,2015,2015-04-05,2015-03-23,2015-04-05,2015-04-06,2015-04-08,2015-04-08,1,0,,2.689205331e-05,6.704568385e-05,0.05018958108,0,temporal_sigmoid
logistic_history14,S1,2015,2015-04-06,2015-03-24,2015-04-06,2015-04-07,2015-04-09,2015-04-09,1,0,,7.436189879e-06,2.765922154e-05,0.05018958108,0,temporal_sigmoid
logistic_history14,S1,2015,2015-04-07,2015-03-25,2015-04-07,2015-04-08,2015-04-10,2015-04-10,1,0,,0.0004146896621,0.0004412596767,0.05018958108,0,temporal_sigmoid
logistic_history14,S1,2015,2015-04-08,2015-03-26,2015-04-08,2015-04-09,2015-04-11,2015-04-11,1,0,,0.0003787895682,0.0004145793403,0.05018958108,0,temporal_sigmoid
logistic_history14,S1,2015,2015-04-09,2015-03-27,2015-04-09,2015-04-10,2015-04-12,2015-04-12,1,0,,0.009617424471,0.003858559282,0.05018958108,0,temporal_sigmoid
logistic_history14,S1,2015,2015-04-10,2015-03-28,2015-04-10,2015-04-11,2015-04-13,2015-04-13,1,0,,0.04801868779,0.01190587101,0.05018958108,0,temporal_sigmoid
logistic_history14,S1,2015,2015-04-11,2015-03-29,2015-04-11,2015-04-12,2015-04-14,2015-04-14,1,0,,0.04836794323,0.01196772647,0.05018958108,0,temporal_sigmoid
logistic_history14,S1,2015,2015-04-12,2015-03-30,2015-04-12,2015-04-13,2015-04-15,2015-04-15,1,0,,0.03679493663,0.009851798358,0.05018958108,0,temporal_sigmoid
logistic_history14,S1,2015,2015-04-13,2015-03-31,2015-04-13,2015-04-14,2015-04-16,2015-04-16,1,0,,0.02950357108,0.008429795361,0.05018958108,0,temporal_sigmoid
logistic_history14,S1,2015,2015-04-14,2015-04-01,2015-04-14,2015-04-15,2015-04-17,2015-04-17,1,0,,0.03980184764,0.01041602531,0.05018958108,0,temporal_sigmoid
logistic_history14,S1,2015,2015-04-15,2015-04-02,2015-04-15,2015-04-16,2015-04-18,2015-04-18,1,0,,0.1247835181,0.02405572253,0.05018958108,0,temporal_sigmoid
logistic_history14,S1,2015,2015-04-16,2015-04-03,2015-04-16,2015-04-17,2015-04-19,2015-04-19,1,0,,0.1062276244,0.02128206497,0.05018958108,0,temporal_sigmoid
logistic_history14,S1,2015,2015-04-17,2015-04-04,2015-04-17,2015-04-18,2015-04-20,2015-04-20,1,0,,0.04565951263,0.01148511252,0.05018958108,0,temporal_sigmoid
logistic_history14,S1,2015,2015-04-18,2015-04-05,2015-04-18,2015-04-19,2015-04-21,2015-04-21,1,0,,0.01521120661,0.005304365195,0.05018958108,0,temporal_sigmoid
logistic_history14,S1,2015,2015-04-19,2015-04-06,2015-04-19,2015-04-20,2015-04-22,2015-04-22,1,0,,0.001234245267,0.0009353998828,0.05018958108,0,temporal_sigmoid
logistic_history14,S1,2015,2015-04-20,2015-04-07,2015-04-20,2015-04-21,2015-04-23,2015-04-23,1,0,,0.06894038675,0.01545371339,0.05018958108,0,temporal_sigmoid
logistic_history14,S1,2015,2015-04-21,2015-04-08,2015-04-21,2015-04-22,2015-04-24,2015-04-24,1,0,,0.03649134011,0.009794178588,0.05018958108,0,temporal_sigmoid
logistic_history14,S1,2015,2015-04-22,2015-04-09,2015-04-22,2015-04-23,2015-04-25,2015-04-25,1,0,,0.1676571837,0.0303245626,0.05018958108,0,temporal_sigmoid
logistic_history14,S1,2015,2015-04-23,2015-04-10,2015-04-23,2015-04-24,2015-04-26,2015-04-26,1,0,,0.009109213749,0.003716149697,0.05018958108,0,temporal_sigmoid
logistic_history14,S1,2015,2015-04-24,2015-04-11,2015-04-24,2015-04-25,2015-04-27,2015-04-27,1,0,,0.0003223204776,0.0003709517663,0.05018958108,0,temporal_sigmoid
logistic_history14,S1,2015,2015-04-25,2015-04-12,2015-04-25,2015-04-26,2015-04-28,2015-04-28,1,0,,1.810116747e-07,6.944732955e-06,0.05018958108,0,temporal_sigmoid
logistic_history14,S1,2015,2015-04-26,2015-04-13,2015-04-26,2015-04-27,2015-04-29,2015-04-29,1,0,,5.891796261e-05,0.0001150756001,0.05018958108,0,temporal_sigmoid
logistic_history14,S1,2015,2015-04-27,2015-04-14,2015-04-27,2015-04-28,2015-04-30,2015-04-30,1,0,,0.0004040325897,0.0004334173179,0.05018958108,0,temporal_sigmoid
logistic_history14,S1,2015,2015-04-28,2015-04-15,2015-04-28,2015-04-29,2015-05-01,2015-05-01,1,0,,0.0003252445117,0.0003732663709,0.05018958108,0,temporal_sigmoid
logistic_history14,S1,2015,2015-04-29,2015-04-16,2015-04-29,2015-04-30,2015-05-02,2015-05-02,1,0,,0.0002378665302,0.0003009064545,0.05018958108,0,temporal_sigmoid
logistic_history14,S1,2015,2015-04-30,2015-04-17,2015-04-30,2015-05-01,2015-05-03,2015-05-03,1,0,,0.000261941491,0.0003215664275,0.05018958108,0,temporal_sigmoid
logistic_history14,S1,2015,2015-05-01,2015-04-18,2015-05-01,2015-05-02,2015-05-04,2015-05-04,1,0,,0.0001080532703,0.0001747417943,0.05018958108,0,temporal_sigmoid
logistic_history14,S1,2015,2015-05-02,2015-04-19,2015-05-02,2015-05-03,2015-05-05,2015-05-05,1,0,,0.001999082843,0.001304134377,0.05018958108,0,temporal_sigmoid
logistic_history14,S1,2015,2015-05-03,2015-04-20,2015-05-03,2015-05-04,2015-05-06,2015-05-06,1,0,,0.07503894664,0.01644069506,0.05018958108,0,temporal_sigmoid
logistic_history14,S1,2015,2015-05-04,2015-04-21,2015-05-04,2015-05-05,2015-05-07,2015-05-07,1,0,,0.02161384114,0.006776902292,0.05018958108,0,temporal_sigmoid
logistic_history14,S1,2015,2015-05-05,2015-04-22,2015-05-05,2015-05-06,2015-05-08,2015-05-08,1,0,,0.08950884052,0.01872303253,0.05018958108,0,temporal_sigmoid
logistic_history14,S1,2015,2015-05-06,2015-04-23,2015-05-06,2015-05-07,2015-05-09,2015-05-09,1,0,,0.1004211889,0.02040103513,0.05018958108,0,temporal_sigmoid
logistic_history14,S1,2015,2015-05-07,2015-04-24,2015-05-07,2015-05-08,2015-05-10,2015-05-10,1,0,,0.002509142914,0.001525318424,0.05018958108,0,temporal_sigmoid
logistic_history14,S1,2015,2015-05-08,2015-04-25,2015-05-08,2015-05-09,2015-05-11,2015-05-11,1,0,,0.0004890166856,0.0004943246487,0.05018958108,0,temporal_sigmoid
logistic_history14,S1,2015,2015-05-09,2015-04-26,2015-05-09,2015-05-10,2015-05-12,2015-05-12,1,0,,0.003718641948,0.002000807392,0.05018958108,0,temporal_sigmoid
logistic_history14,S1,2015,2015-05-10,2015-04-27,2015-05-10,2015-05-11,2015-05-13,2015-05-13,1,0,,0.001462890358,0.001051613775,0.05018958108,0,temporal_sigmoid
logistic_history14,S1,2015,2015-05-11,2015-04-28,2015-05-11,2015-05-12,2015-05-14,2015-05-14,1,0,,0.0009111911642,0.0007589237932,0.05018958108,0,temporal_sigmoid
logistic_history14,S1,2015,2015-05-12,2015-04-29,2015-05-12,2015-05-13,2015-05-15,2015-05-15,1,0,,0.0003162046136,0.0003660893282,0.05018958108,0,temporal_sigmoid
logistic_history14,S1,2015,2015-05-13,2015-04-30,2015-05-13,2015-05-14,2015-05-16,2015-05-16,1,0,,0.01700682159,0.005732861161,0.05018958108,0,temporal_sigmoid
logistic_history14,S1,2015,2015-05-14,2015-05-01,2015-05-14,2015-05-15,2015-05-17,2015-05-17,1,0,,0.1653466372,0.02998915189,0.05018958108,0,temporal_sigmoid
logistic_history14,S1,2015,2015-05-15,2015-05-02,2015-05-15,2015-05-16,2015-05-18,2015-05-18,1,0,,0.01183485026,0.004455531566,0.05018958108,0,temporal_sigmoid
logistic_history14,S1,2015,2015-05-16,2015-05-03,2015-05-16,2015-05-17,2015-05-19,2015-05-19,1,0,,0.006317891561,0.002885071208,0.05018958108,0,temporal_sigmoid
logistic_history14,S1,2015,2015-05-17,2015-05-04,2015-05-17,2015-05-18,2015-05-20,2015-05-20,1,0,,0.0013604078,0.001000278894,0.05018958108,0,temporal_sigmoid
logistic_history14,S1,2015,2015-05-18,2015-05-05,2015-05-18,2015-05-19,2015-05-21,2015-05-21,1,0,,0.007653707556,0.003294261154,0.05018958108,0,temporal_sigmoid
logistic_history14,S1,2015,2015-05-19,2015-05-06,2015-05-19,2015-05-20,2015-05-22,2015-05-22,1,0,,0.0682527399,0.01534132141,0.05018958108,0,temporal_sigmoid
logistic_history14,S1,2015,2015-05-20,2015-05-07,2015-05-20,2015-05-21,2015-05-23,2015-05-23,1,0,,0.1233362051,0.02384128229,0.05018958108,0,temporal_sigmoid
logistic_history14,S1,2015,2015-05-21,2015-05-08,2015-05-21,2015-05-22,2015-05-24,2015-05-24,1,0,,0.169121097,0.03053701944,0.05018958108,0,temporal_sigmoid
logistic_history14,S1,2015,2015-05-22,2015-05-09,2015-05-22,2015-05-23,2015-05-25,2015-05-25,1,0,,0.4342536297,0.07286339416,0.05018958108,1,temporal_sigmoid
logistic_history14,S1,2015,2015-05-23,2015-05-10,2015-05-23,2015-05-24,2015-05-26,2015-05-26,1,0,,0.3297841204,0.05469225787,0.05018958108,1,temporal_sigmoid
logistic_history14,S1,2015,2015-05-24,2015-05-11,2015-05-24,2015-05-25,2015-05-27,2015-05-27,1,0,,0.006095708078,0.002814561901,0.05018958108,0,temporal_sigmoid
logistic_history14,S1,2015,2015-05-25,2015-05-12,2015-05-25,2015-05-26,2015-05-28,2015-05-28,1,0,,0.1628267178,0.02962320696,0.05018958108,0,temporal_sigmoid
logistic_history14,S1,2015,2015-05-26,2015-05-13,2015-05-26,2015-05-27,2015-05-29,2015-05-29,1,0,,0.02489185776,0.007481150632,0.05018958108,0,temporal_sigmoid
logistic_history14,S1,2015,2015-05-27,2015-05-14,2015-05-27,2015-05-28,2015-05-30,2015-05-30,1,0,,0.003773854794,0.002021258629,0.05018958108,0,temporal_sigmoid
logistic_history14,S1,2015,2015-05-28,2015-05-15,2015-05-28,2015-05-29,2015-05-31,2015-05-31,1,0,,0.07177680674,0.01591488041,0.05018958108,0,temporal_sigmoid
logistic_history14,S1,2015,2015-05-29,2015-05-16,2015-05-29,2015-05-30,2015-06-01,2015-06-01,1,0,,0.03615120376,0.009729474918,0.05018958108,0,temporal_sigmoid
logistic_history14,S1,2015,2015-05-30,2015-05-17,2015-05-30,2015-05-31,2015-06-02,2015-06-02,1,0,,0.004210779005,0.0021799952,0.05018958108,0,temporal_sigmoid
logistic_history14,S1,2015,2015-05-31,2015-05-18,2015-05-31,2015-06-01,2015-06-03,2015-06-03,1,0,,0.04146055016,0.01072255975,0.05018958108,0,temporal_sigmoid
logistic_history14,S1,2015,2015-06-01,2015-05-19,2015-06-01,2015-06-02,2015-06-04,2015-06-04,1,0,,0.04576896081,0.01150474888,0.05018958108,0,temporal_sigmoid
logistic_history14,S1,2015,2015-06-02,2015-05-20,2015-06-02,2015-06-03,2015-06-05,2015-06-05,1,0,,0.02803512889,0.008132474659,0.05018958108,0,temporal_sigmoid
logistic_history14,S1,2015,2015-06-03,2015-05-21,2015-06-03,2015-06-04,2015-06-06,2015-06-06,1,0,,0.04308124187,0.01101907897,0.05018958108,0,temporal_sigmoid
logistic_history14,S1,2015,2015-06-04,2015-05-22,2015-06-04,2015-06-05,2015-06-07,2015-06-07,1,0,,0.1766174544,0.03162456839,0.05018958108,0,temporal_sigmoid
logistic_history14,S1,2015,2015-06-05,2015-05-23,2015-06-05,2015-06-06,2015-06-08,2015-06-08,1,0,,0.09021780144,0.01883304667,0.05018958108,0,temporal_sigmoid
logistic_history14,S1,2015,2015-06-06,2015-05-24,2015-06-06,2015-06-07,2015-06-09,2015-06-09,1,0,,0.004855491385,0.00240529388,0.05018958108,0,temporal_sigmoid
logistic_history14,S1,2015,2015-06-07,2015-05-25,2015-06-07,2015-06-08,2015-06-10,2015-06-10,1,0,,0.02614768,0.007743953137,0.05018958108,0,temporal_sigmoid
logistic_history14,S1,2015,2015-06-08,2015-05-26,2015-06-08,2015-06-09,2015-06-11,2015-06-11,1,0,,0.02073445477,0.006582966696,0.05018958108,0,temporal_sigmoid
logistic_history14,S1,2015,2015-06-09,2015-05-27,2015-06-09,2015-06-10,2015-06-12,2015-06-12,1,0,,0.02859734011,0.008246798327,0.05018958108,0,temporal_sigmoid
logistic_history14,S1,2015,2015-06-10,2015-05-28,2015-06-10,2015-06-11,2015-06-13,2015-06-13,1,0,,8.633715045e-05,0.0001497213586,0.05018958108,0,temporal_sigmoid
logistic_history14,S1,2015,2015-06-11,2015-05-29,2015-06-11,2015-06-12,2015-06-14,2015-06-14,1,0,,7.680015526e-06,2.828075826e-05,0.05018958108,0,temporal_sigmoid
logistic_history14,S1,2015,2015-06-12,2015-05-30,2015-06-12,2015-06-13,2015-06-15,2015-06-15,1,0,,1.406239977e-05,4.289771192e-05,0.05018958108,0,temporal_sigmoid
logistic_history14,S1,2015,2015-06-13,2015-05-31,2015-06-13,2015-06-14,2015-06-16,2015-06-16,1,0,,9.226264069e-07,6.944732955e-06,0.05018958108,0,temporal_sigmoid
logistic_history14,S1,2015,2015-06-14,2015-06-01,2015-06-14,2015-06-15,2015-06-17,2015-06-17,1,0,,1.224562945e-05,3.899895442e-05,0.05018958108,0,temporal_sigmoid
logistic_history14,S1,2015,2015-06-15,2015-06-02,2015-06-15,2015-06-16,2015-06-18,2015-06-18,1,0,,4.528139019e-06,1.965407358e-05,0.05018958108,0,temporal_sigmoid
logistic_history14,S1,2015,2015-06-16,2015-06-03,2015-06-16,2015-06-17,2015-06-19,2015-06-19,1,0,,7.619629499e-07,6.944732955e-06,0.05018958108,0,temporal_sigmoid
logistic_history14,S1,2015,2015-06-17,2015-06-04,2015-06-17,2015-06-18,2015-06-20,2015-06-20,1,0,,4.038463397e-06,1.81642277e-05,0.05018958108,0,temporal_sigmoid
logistic_history14,S1,2015,2015-06-18,2015-06-05,2015-06-18,2015-06-19,2015-06-21,2015-06-21,1,0,,7.963559127e-05,0.0001416167831,0.05018958108,0,temporal_sigmoid
logistic_history14,S1,2015,2015-06-19,2015-06-06,2015-06-19,2015-06-20,2015-06-22,2015-06-22,1,0,,0.0009703464981,0.0007925334927,0.05018958108,0,temporal_sigmoid
logistic_history14,S1,2015,2015-06-20,2015-06-07,2015-06-20,2015-06-21,2015-06-23,2015-06-23,1,0,,7.710006247e-05,0.0001384955724,0.05018958108,0,temporal_sigmoid
logistic_history14,S1,2015,2015-06-21,2015-06-08,2015-06-21,2015-06-22,2015-06-24,2015-06-24,1,0,,5.710133645e-06,2.305857632e-05,0.05018958108,0,temporal_sigmoid
logistic_history14,S1,2015,2015-06-22,2015-06-09,2015-06-22,2015-06-23,2015-06-25,2015-06-25,1,0,,4.969434029e-07,6.944732955e-06,0.05018958108,0,temporal_sigmoid
logistic_history14,S1,2015,2015-06-23,2015-06-10,2015-06-23,2015-06-24,2015-06-26,2015-06-26,1,0,,3.736853475e-07,6.944732955e-06,0.05018958108,0,temporal_sigmoid
logistic_history14,S1,2015,2015-06-24,2015-06-11,2015-06-24,2015-06-25,2015-06-27,2015-06-27,1,0,,1.817914784e-06,1.048214276e-05,0.05018958108,0,temporal_sigmoid
logistic_history14,S1,2015,2015-06-25,2015-06-12,2015-06-25,2015-06-26,2015-06-28,2015-06-28,1,0,,2.698037503e-07,6.944732955e-06,0.05018958108,0,temporal_sigmoid
logistic_history14,S1,2015,2015-06-26,2015-06-13,2015-06-26,2015-06-27,2015-06-29,2015-06-29,1,0,,3.91585387e-08,6.944732955e-06,0.05018958108,0,temporal_sigmoid
logistic_history14,S1,2015,2015-06-27,2015-06-14,2015-06-27,2015-06-28,2015-06-30,2015-06-30,1,0,,1.872378664e-08,6.944732955e-06,0.05018958108,0,temporal_sigmoid
logistic_history14,S1,2016,2016-02-29,2016-02-16,2016-02-29,2016-03-01,2016-03-03,2016-03-03,1,0,,0.0001743259158,0.0002301195023,0.05146326677,0,temporal_sigmoid
logistic_history14,S1,2016,2016-03-01,2016-02-17,2016-03-01,2016-03-02,2016-03-04,2016-03-04,1,0,,9.54384532e-05,0.0001513269565,0.05146326677,0,temporal_sigmoid
logistic_history14,S1,2016,2016-03-02,2016-02-18,2016-03-02,2016-03-03,2016-03-05,2016-03-05,1,0,,0.0001859050213,0.0002406497419,0.05146326677,0,temporal_sigmoid
logistic_history14,S1,2016,2016-03-03,2016-02-19,2016-03-03,2016-03-04,2016-03-06,2016-03-06,1,0,,0.000148488829,0.0002058169883,0.05146326677,0,temporal_sigmoid
logistic_history14,S1,2016,2016-03-04,2016-02-20,2016-03-04,2016-03-05,2016-03-07,2016-03-07,1,0,,0.001047167051,0.0008012256879,0.05146326677,0,temporal_sigmoid
logistic_history14,S1,2016,2016-03-05,2016-02-21,2016-03-05,2016-03-06,2016-03-08,2016-03-08,1,0,,0.001042303357,0.0007986338864,0.05146326677,0,temporal_sigmoid
logistic_history14,S1,2016,2016-03-06,2016-02-22,2016-03-06,2016-03-07,2016-03-09,2016-03-09,1,0,,0.00199591595,0.001255323918,0.05146326677,0,temporal_sigmoid
logistic_history14,S1,2016,2016-03-07,2016-02-23,2016-03-07,2016-03-08,2016-03-10,2016-03-10,1,0,,0.00122242997,0.000892342273,0.05146326677,0,temporal_sigmoid
logistic_history14,S1,2016,2016-03-08,2016-02-24,2016-03-08,2016-03-09,2016-03-11,2016-03-11,1,0,,0.001761533003,0.001150753405,0.05146326677,0,temporal_sigmoid
logistic_history14,S1,2016,2016-03-09,2016-02-25,2016-03-09,2016-03-10,2016-03-12,2016-03-12,1,0,,0.02958376139,0.008296052304,0.05146326677,0,temporal_sigmoid
logistic_history14,S1,2016,2016-03-10,2016-02-26,2016-03-10,2016-03-11,2016-03-13,2016-03-13,1,0,,0.06212150235,0.01415088952,0.05146326677,0,temporal_sigmoid
logistic_history14,S1,2016,2016-03-11,2016-02-27,2016-03-11,2016-03-12,2016-03-14,2016-03-14,1,0,,0.1290384864,0.02451666357,0.05146326677,0,temporal_sigmoid
logistic_history14,S1,2016,2016-03-12,2016-02-28,2016-03-12,2016-03-13,2016-03-15,2016-03-15,1,0,,0.353400536,0.05867293679,0.05146326677,1,temporal_sigmoid
logistic_history14,S1,2016,2016-03-13,2016-02-29,2016-03-13,2016-03-14,2016-03-16,2016-03-16,1,0,,0.08806328071,0.0183176834,0.05146326677,0,temporal_sigmoid
logistic_history14,S1,2016,2016-03-14,2016-03-01,2016-03-14,2016-03-15,2016-03-17,2016-03-17,1,0,,0.002165060576,0.001328483647,0.05146326677,0,temporal_sigmoid
logistic_history14,S1,2016,2016-03-15,2016-03-02,2016-03-15,2016-03-16,2016-03-18,2016-03-18,1,0,,0.003887112026,0.001997234719,0.05146326677,0,temporal_sigmoid
logistic_history14,S1,2016,2016-03-16,2016-03-03,2016-03-16,2016-03-17,2016-03-19,2016-03-19,1,0,,0.00151455749,0.001035880446,0.05146326677,0,temporal_sigmoid
logistic_history14,S1,2016,2016-03-17,2016-03-04,2016-03-17,2016-03-18,2016-03-20,2016-03-20,1,0,,0.002936548914,0.001642684145,0.05146326677,0,temporal_sigmoid
logistic_history14,S1,2016,2016-03-18,2016-03-05,2016-03-18,2016-03-19,2016-03-21,2016-03-21,1,0,,0.001280970724,0.0009218741187,0.05146326677,0,temporal_sigmoid
logistic_history14,S1,2016,2016-03-19,2016-03-06,2016-03-19,2016-03-20,2016-03-22,2016-03-22,1,0,,1.358655932e-05,3.898237945e-05,0.05146326677,0,temporal_sigmoid
logistic_history14,S1,2016,2016-03-20,2016-03-07,2016-03-20,2016-03-21,2016-03-23,2016-03-23,1,0,,6.938444891e-06,2.442339e-05,0.05146326677,0,temporal_sigmoid
logistic_history14,S1,2016,2016-03-21,2016-03-08,2016-03-21,2016-03-22,2016-03-24,2016-03-24,1,0,,0.02393087049,0.007137464828,0.05146326677,0,temporal_sigmoid
logistic_history14,S1,2016,2016-03-22,2016-03-09,2016-03-22,2016-03-23,2016-03-25,2016-03-25,1,0,,0.06815802126,0.01514674507,0.05146326677,0,temporal_sigmoid
logistic_history14,S1,2016,2016-03-23,2016-03-10,2016-03-23,2016-03-24,2016-03-26,2016-03-26,1,0,,0.009660301264,0.003771428706,0.05146326677,0,temporal_sigmoid
logistic_history14,S1,2016,2016-03-24,2016-03-11,2016-03-24,2016-03-25,2016-03-27,2016-03-27,1,0,,0.006111338218,0.002738499124,0.05146326677,0,temporal_sigmoid
logistic_history14,S1,2016,2016-03-25,2016-03-12,2016-03-25,2016-03-26,2016-03-28,2016-03-28,1,0,,0.0121357412,0.004425004977,0.05146326677,0,temporal_sigmoid
logistic_history14,S1,2016,2016-03-26,2016-03-13,2016-03-26,2016-03-27,2016-03-29,2016-03-29,1,0,,0.005550491579,0.002560541934,0.05146326677,0,temporal_sigmoid
logistic_history14,S1,2016,2016-03-27,2016-03-14,2016-03-27,2016-03-28,2016-03-30,2016-03-30,1,0,,0.02987674921,0.008354397934,0.05146326677,0,temporal_sigmoid
logistic_history14,S1,2016,2016-03-28,2016-03-15,2016-03-28,2016-03-29,2016-03-31,2016-03-31,1,0,,6.453542205e-05,0.0001152627647,0.05146326677,0,temporal_sigmoid
logistic_history14,S1,2016,2016-03-29,2016-03-16,2016-03-29,2016-03-30,2016-04-01,2016-04-01,1,0,,0.02232018519,0.006794234329,0.05146326677,0,temporal_sigmoid
logistic_history14,S1,2016,2016-03-30,2016-03-17,2016-03-30,2016-03-31,2016-04-02,2016-04-02,1,0,,0.003392135162,0.001816345838,0.05146326677,0,temporal_sigmoid
logistic_history14,S1,2016,2016-03-31,2016-03-18,2016-03-31,2016-04-01,2016-04-03,2016-04-03,1,0,,1.689694049e-06,9.140523318e-06,0.05146326677,0,temporal_sigmoid
logistic_history14,S1,2016,2016-04-01,2016-03-19,2016-04-01,2016-04-02,2016-04-04,2016-04-04,1,0,,1.239500887e-07,6.345469053e-06,0.05146326677,0,temporal_sigmoid
logistic_history14,S1,2016,2016-04-02,2016-03-20,2016-04-02,2016-04-03,2016-04-05,2016-04-05,1,0,,6.382256306e-07,6.345469053e-06,0.05146326677,0,temporal_sigmoid
logistic_history14,S1,2016,2016-04-03,2016-03-21,2016-04-03,2016-04-04,2016-04-06,2016-04-06,1,0,,7.543482738e-06,2.588628558e-05,0.05146326677,0,temporal_sigmoid
logistic_history14,S1,2016,2016-04-04,2016-03-22,2016-04-04,2016-04-05,2016-04-07,2016-04-07,1,0,,0.0001500009309,0.0002072729712,0.05146326677,0,temporal_sigmoid
logistic_history14,S1,2016,2016-04-05,2016-03-23,2016-04-05,2016-04-06,2016-04-08,2016-04-08,1,0,,0.00196397297,0.001241300569,0.05146326677,0,temporal_sigmoid
logistic_history14,S1,2016,2016-04-06,2016-03-24,2016-04-06,2016-04-07,2016-04-09,2016-04-09,1,0,,0.05305772167,0.01261525087,0.05146326677,0,temporal_sigmoid
logistic_history14,S1,2016,2016-04-07,2016-03-25,2016-04-07,2016-04-08,2016-04-10,2016-04-10,1,0,,0.06052901255,0.0138848378,0.05146326677,0,temporal_sigmoid
logistic_history14,S1,2016,2016-04-08,2016-03-26,2016-04-08,2016-04-09,2016-04-11,2016-04-11,1,0,,0.0377005038,0.009862482456,0.05146326677,0,temporal_sigmoid
logistic_history14,S1,2016,2016-04-09,2016-03-27,2016-04-09,2016-04-10,2016-04-12,2016-04-12,1,0,,0.1674939304,0.03015836864,0.05146326677,0,temporal_sigmoid
logistic_history14,S1,2016,2016-04-10,2016-03-28,2016-04-10,2016-04-11,2016-04-13,2016-04-13,1,0,,0.1785432138,0.03177072539,0.05146326677,0,temporal_sigmoid
logistic_history14,S1,2016,2016-04-11,2016-03-29,2016-04-11,2016-04-12,2016-04-14,2016-04-14,1,0,,0.2126507329,0.03676408178,0.05146326677,0,temporal_sigmoid
logistic_history14,S1,2016,2016-04-12,2016-03-30,2016-04-12,2016-04-13,2016-04-15,2016-04-15,1,0,,0.2086676681,0.0361783862,0.05146326677,0,temporal_sigmoid
logistic_history14,S1,2016,2016-04-13,2016-03-31,2016-04-13,2016-04-14,2016-04-16,2016-04-16,1,0,,0.1620399196,0.0293621266,0.05146326677,0,temporal_sigmoid
logistic_history14,S1,2016,2016-04-14,2016-04-01,2016-04-14,2016-04-15,2016-04-17,2016-04-17,1,0,,0.3066758939,0.05105100853,0.05146326677,0,temporal_sigmoid
logistic_history14,S1,2016,2016-04-15,2016-04-02,2016-04-15,2016-04-16,2016-04-18,2016-04-18,1,0,,0.4086390246,0.06836206017,0.05146326677,1,temporal_sigmoid
logistic_history14,S1,2016,2016-04-16,2016-04-03,2016-04-16,2016-04-17,2016-04-19,2016-04-19,1,0,,0.3413489033,0.05666293508,0.05146326677,1,temporal_sigmoid
logistic_history14,S1,2016,2016-04-17,2016-04-04,2016-04-17,2016-04-18,2016-04-20,2016-04-20,1,0,,0.04475728005,0.01115555724,0.05146326677,0,temporal_sigmoid
logistic_history14,S1,2016,2016-04-18,2016-04-05,2016-04-18,2016-04-19,2016-04-21,2016-04-21,1,0,,0.7722702746,0.1816404668,0.05146326677,1,temporal_sigmoid
logistic_history14,S1,2016,2016-04-19,2016-04-06,2016-04-19,2016-04-20,2016-04-22,2016-04-22,1,0,,0.9638205183,0.4822404966,0.05146326677,1,temporal_sigmoid
logistic_history14,S1,2016,2016-04-20,2016-04-07,2016-04-20,2016-04-21,2016-04-23,2016-04-23,1,0,,0.6961869179,0.1445497747,0.05146326677,1,temporal_sigmoid
logistic_history14,S1,2016,2016-04-21,2016-04-08,2016-04-21,2016-04-22,2016-04-24,2016-04-24,1,0,,0.8864139804,0.2838668386,0.05146326677,1,temporal_sigmoid
logistic_history14,S1,2016,2016-04-22,2016-04-09,2016-04-22,2016-04-23,2016-04-25,2016-04-25,1,0,,0.9633251017,0.4797888248,0.05146326677,1,temporal_sigmoid
logistic_history14,S1,2016,2016-04-23,2016-04-10,2016-04-23,2016-04-24,2016-04-26,2016-04-26,1,1,fixed36_0038,0.9591438763,0.4603244355,0.05146326677,1,temporal_sigmoid
logistic_history14,S1,2016,2016-04-24,2016-04-11,2016-04-24,2016-04-25,2016-04-27,2016-04-27,1,1,fixed36_0038,0.9970516332,0.8451490872,0.05146326677,1,temporal_sigmoid
logistic_history14,S1,2016,2016-04-25,2016-04-12,2016-04-25,2016-04-26,2016-04-28,2016-04-28,1,0,,0.9776202392,0.5678390126,0.05146326677,1,temporal_sigmoid
logistic_history14,S1,2016,2016-04-26,2016-04-13,2016-04-26,2016-04-27,2016-04-29,2016-04-29,1,0,,0.9069559608,0.3163455793,0.05146326677,1,temporal_sigmoid
logistic_history14,S1,2016,2016-04-27,2016-04-14,2016-04-27,2016-04-28,2016-04-30,2016-04-30,1,0,,0.8397542281,0.2310407986,0.05146326677,1,temporal_sigmoid
logistic_history14,S1,2016,2016-04-28,2016-04-15,2016-04-28,2016-04-29,2016-05-01,2016-05-01,1,1,fixed36_0039,0.8755931714,0.2694879043,0.05146326677,1,temporal_sigmoid
logistic_history14,S1,2016,2016-04-29,2016-04-16,2016-04-29,2016-04-30,2016-05-02,2016-05-02,1,0,,0.9421149077,0.3979727566,0.05146326677,1,temporal_sigmoid
logistic_history14,S1,2016,2016-04-30,2016-04-17,2016-04-30,2016-05-01,2016-05-03,2016-05-03,1,0,,0.9509083603,0.4273166836,0.05146326677,1,temporal_sigmoid
logistic_history14,S1,2016,2016-05-01,2016-04-18,2016-05-01,2016-05-02,2016-05-04,2016-05-04,1,0,,0.820951234,0.2149404217,0.05146326677,1,temporal_sigmoid
logistic_history14,S1,2016,2016-05-02,2016-04-19,2016-05-02,2016-05-03,2016-05-05,2016-05-05,1,0,,0.0003827814477,0.0003977593508,0.05146326677,0,temporal_sigmoid
logistic_history14,S1,2016,2016-05-03,2016-04-20,2016-05-03,2016-05-04,2016-05-06,2016-05-06,1,0,,3.643731196e-05,7.743974591e-05,0.05146326677,0,temporal_sigmoid
logistic_history14,S1,2016,2016-05-04,2016-04-21,2016-05-04,2016-05-05,2016-05-07,2016-05-07,1,0,,1.743094046e-05,4.636171542e-05,0.05146326677,0,temporal_sigmoid
logistic_history14,S1,2016,2016-05-05,2016-04-22,2016-05-05,2016-05-06,2016-05-08,2016-05-08,1,0,,0.0003255095745,0.0003553418198,0.05146326677,0,temporal_sigmoid
logistic_history14,S1,2016,2016-05-06,2016-04-23,2016-05-06,2016-05-07,2016-05-09,2016-05-09,1,0,,0.0008170505621,0.0006741498397,0.05146326677,0,temporal_sigmoid
logistic_history14,S1,2016,2016-05-07,2016-04-24,2016-05-07,2016-05-08,2016-05-10,2016-05-10,1,0,,0.0003535620172,0.0003763796005,0.05146326677,0,temporal_sigmoid
logistic_history14,S1,2016,2016-05-08,2016-04-25,2016-05-08,2016-05-09,2016-05-11,2016-05-11,1,0,,0.003127871922,0.0017165361,0.05146326677,0,temporal_sigmoid
logistic_history14,S1,2016,2016-05-09,2016-04-26,2016-05-09,2016-05-10,2016-05-12,2016-05-12,1,0,,0.007722482138,0.003224767552,0.05146326677,0,temporal_sigmoid
logistic_history14,S1,2016,2016-05-10,2016-04-27,2016-05-10,2016-05-11,2016-05-13,2016-05-13,1,0,,0.04648703009,0.01146467235,0.05146326677,0,temporal_sigmoid
logistic_history14,S1,2016,2016-05-11,2016-04-28,2016-05-11,2016-05-12,2016-05-14,2016-05-14,1,0,,0.1962539281,0.03435826076,0.05146326677,0,temporal_sigmoid
logistic_history14,S1,2016,2016-05-12,2016-04-29,2016-05-12,2016-05-13,2016-05-15,2016-05-15,1,0,,0.1339363634,0.0252406493,0.05146326677,0,temporal_sigmoid
logistic_history14,S1,2016,2016-05-13,2016-04-30,2016-05-13,2016-05-14,2016-05-16,2016-05-16,1,0,,8.884493422e-05,0.0001439741906,0.05146326677,0,temporal_sigmoid
logistic_history14,S1,2016,2016-05-14,2016-05-01,2016-05-14,2016-05-15,2016-05-17,2016-05-17,1,0,,0.005145323411,0.0024286304,0.05146326677,0,temporal_sigmoid
logistic_history14,S1,2016,2016-05-15,2016-05-02,2016-05-15,2016-05-16,2016-05-18,2016-05-18,1,0,,0.03134742214,0.00864503084,0.05146326677,0,temporal_sigmoid
logistic_history14,S1,2016,2016-05-16,2016-05-03,2016-05-16,2016-05-17,2016-05-19,2016-05-19,1,0,,0.05759036115,0.01338986446,0.05146326677,0,temporal_sigmoid
logistic_history14,S1,2016,2016-05-17,2016-05-04,2016-05-17,2016-05-18,2016-05-20,2016-05-20,1,0,,0.2659411566,0.04472713962,0.05146326677,0,temporal_sigmoid
logistic_history14,S1,2016,2016-05-18,2016-05-05,2016-05-18,2016-05-19,2016-05-21,2016-05-21,1,0,,0.003795434176,0.001964279488,0.05146326677,0,temporal_sigmoid
logistic_history14,S1,2016,2016-05-19,2016-05-06,2016-05-19,2016-05-20,2016-05-22,2016-05-22,1,0,,0.0001034458926,0.0001600518844,0.05146326677,0,temporal_sigmoid
logistic_history14,S1,2016,2016-05-20,2016-05-07,2016-05-20,2016-05-21,2016-05-23,2016-05-23,1,0,,4.874893853e-06,1.910486371e-05,0.05146326677,0,temporal_sigmoid
logistic_history14,S1,2016,2016-05-21,2016-05-08,2016-05-21,2016-05-22,2016-05-24,2016-05-24,1,0,,4.231653075e-08,6.345469053e-06,0.05146326677,0,temporal_sigmoid
logistic_history14,S1,2016,2016-05-22,2016-05-09,2016-05-22,2016-05-23,2016-05-25,2016-05-25,1,0,,0.0002994143885,0.0003352709224,0.05146326677,0,temporal_sigmoid
logistic_history14,S1,2016,2016-05-23,2016-05-10,2016-05-23,2016-05-24,2016-05-26,2016-05-26,1,0,,0.004023469772,0.002045822672,0.05146326677,0,temporal_sigmoid
logistic_history14,S1,2016,2016-05-24,2016-05-11,2016-05-24,2016-05-25,2016-05-27,2016-05-27,1,0,,0.0009272126559,0.0007361787115,0.05146326677,0,temporal_sigmoid
logistic_history14,S1,2016,2016-05-25,2016-05-12,2016-05-25,2016-05-26,2016-05-28,2016-05-28,1,0,,0.001393803115,0.0009776671065,0.05146326677,0,temporal_sigmoid
logistic_history14,S1,2016,2016-05-26,2016-05-13,2016-05-26,2016-05-27,2016-05-29,2016-05-29,1,0,,0.001508438768,0.001032965422,0.05146326677,0,temporal_sigmoid
logistic_history14,S1,2016,2016-05-27,2016-05-14,2016-05-27,2016-05-28,2016-05-30,2016-05-30,1,0,,4.393782421e-05,8.821134523e-05,0.05146326677,0,temporal_sigmoid
logistic_history14,S1,2016,2016-05-28,2016-05-15,2016-05-28,2016-05-29,2016-05-31,2016-05-31,1,0,,4.430049091e-06,1.787431221e-05,0.05146326677,0,temporal_sigmoid
logistic_history14,S1,2016,2016-05-29,2016-05-16,2016-05-29,2016-05-30,2016-06-01,2016-06-01,1,0,,0.0001699918522,0.0002261237111,0.05146326677,0,temporal_sigmoid
logistic_history14,S1,2016,2016-05-30,2016-05-17,2016-05-30,2016-05-31,2016-06-02,2016-06-02,1,0,,0.01567400656,0.005295789138,0.05146326677,0,temporal_sigmoid
logistic_history14,S1,2016,2016-05-31,2016-05-18,2016-05-31,2016-06-01,2016-06-03,2016-06-03,1,0,,0.001440019677,0.001000121103,0.05146326677,0,temporal_sigmoid
logistic_history14,S1,2016,2016-06-01,2016-05-19,2016-06-01,2016-06-02,2016-06-04,2016-06-04,1,0,,0.0007177044943,0.0006159932896,0.05146326677,0,temporal_sigmoid
logistic_history14,S1,2016,2016-06-02,2016-05-20,2016-06-02,2016-06-03,2016-06-05,2016-06-05,1,0,,0.007073600296,0.003032935299,0.05146326677,0,temporal_sigmoid
logistic_history14,S1,2016,2016-06-03,2016-05-21,2016-06-03,2016-06-04,2016-06-06,2016-06-06,1,0,,0.01997032562,0.006280925806,0.05146326677,0,temporal_sigmoid
logistic_history14,S1,2016,2016-06-04,2016-05-22,2016-06-04,2016-06-05,2016-06-07,2016-06-07,1,0,,0.07679331361,0.0165410909,0.05146326677,0,temporal_sigmoid
logistic_history14,S1,2016,2016-06-05,2016-05-23,2016-06-05,2016-06-06,2016-06-08,2016-06-08,1,0,,0.02182890561,0.006688205556,0.05146326677,0,temporal_sigmoid
logistic_history14,S1,2016,2016-06-06,2016-05-24,2016-06-06,2016-06-07,2016-06-09,2016-06-09,1,0,,0.004936434603,0.002359414546,0.05146326677,0,temporal_sigmoid
logistic_history14,S1,2016,2016-06-07,2016-05-25,2016-06-07,2016-06-08,2016-06-10,2016-06-10,1,0,,0.0001698256529,0.0002259698707,0.05146326677,0,temporal_sigmoid
logistic_history14,S1,2016,2016-06-08,2016-05-26,2016-06-08,2016-06-09,2016-06-11,2016-06-11,1,0,,0.000673870451,0.0005895637165,0.05146326677,0,temporal_sigmoid
logistic_history14,S1,2016,2016-06-09,2016-05-27,2016-06-09,2016-06-10,2016-06-12,2016-06-12,1,0,,0.0007824158695,0.0006541326294,0.05146326677,0,temporal_sigmoid
logistic_history14,S1,2016,2016-06-10,2016-05-28,2016-06-10,2016-06-11,2016-06-13,2016-06-13,1,0,,0.01081020363,0.004080442216,0.05146326677,0,temporal_sigmoid
logistic_history14,S1,2016,2016-06-11,2016-05-29,2016-06-11,2016-06-12,2016-06-14,2016-06-14,1,0,,0.0001568500073,0.0002138128633,0.05146326677,0,temporal_sigmoid
logistic_history14,S1,2016,2016-06-12,2016-05-30,2016-06-12,2016-06-13,2016-06-15,2016-06-15,1,0,,5.334882346e-06,2.034186477e-05,0.05146326677,0,temporal_sigmoid
logistic_history14,S1,2016,2016-06-13,2016-05-31,2016-06-13,2016-06-14,2016-06-16,2016-06-16,1,0,,1.471753546e-06,8.303138731e-06,0.05146326677,0,temporal_sigmoid
logistic_history14,S1,2016,2016-06-14,2016-06-01,2016-06-14,2016-06-15,2016-06-17,2016-06-17,1,0,,4.904468511e-06,1.918543409e-05,0.05146326677,0,temporal_sigmoid
logistic_history14,S1,2016,2016-06-15,2016-06-02,2016-06-15,2016-06-16,2016-06-18,2016-06-18,1,0,,1.776117754e-05,4.69711004e-05,0.05146326677,0,temporal_sigmoid
logistic_history14,S1,2016,2016-06-16,2016-06-03,2016-06-16,2016-06-17,2016-06-19,2016-06-19,1,0,,0.0001385306233,0.00019611261,0.05146326677,0,temporal_sigmoid
logistic_history14,S1,2016,2016-06-17,2016-06-04,2016-06-17,2016-06-18,2016-06-20,2016-06-20,1,0,,1.118220586e-05,3.404221401e-05,0.05146326677,0,temporal_sigmoid
logistic_history14,S1,2016,2016-06-18,2016-06-05,2016-06-18,2016-06-19,2016-06-21,2016-06-21,1,0,,0.000616700504,0.0005542926351,0.05146326677,0,temporal_sigmoid
logistic_history14,S1,2016,2016-06-19,2016-06-06,2016-06-19,2016-06-20,2016-06-22,2016-06-22,1,0,,0.0001541662515,0.0002112608208,0.05146326677,0,temporal_sigmoid
logistic_history14,S1,2016,2016-06-20,2016-06-07,2016-06-20,2016-06-21,2016-06-23,2016-06-23,1,0,,0.0001653750732,0.0002218330165,0.05146326677,0,temporal_sigmoid
logistic_history14,S1,2016,2016-06-21,2016-06-08,2016-06-21,2016-06-22,2016-06-24,2016-06-24,1,0,,0.000347838531,0.0003721297904,0.05146326677,0,temporal_sigmoid
logistic_history14,S1,2016,2016-06-22,2016-06-09,2016-06-22,2016-06-23,2016-06-25,2016-06-25,1,0,,5.156541798e-05,9.860389936e-05,0.05146326677,0,temporal_sigmoid
logistic_history14,S1,2016,2016-06-23,2016-06-10,2016-06-23,2016-06-24,2016-06-26,2016-06-26,1,0,,0.0001129565329,0.000170152146,0.05146326677,0,temporal_sigmoid
logistic_history14,S1,2016,2016-06-24,2016-06-11,2016-06-24,2016-06-25,2016-06-27,2016-06-27,1,0,,0.0002054389658,0.0002579738136,0.05146326677,0,temporal_sigmoid
logistic_history14,S1,2016,2016-06-25,2016-06-12,2016-06-25,2016-06-26,2016-06-28,2016-06-28,1,0,,0.0003218775493,0.0003525784352,0.05146326677,0,temporal_sigmoid
logistic_history14,S1,2016,2016-06-26,2016-06-13,2016-06-26,2016-06-27,2016-06-29,2016-06-29,1,0,,0.0008472725331,0.0006914069239,0.05146326677,0,temporal_sigmoid
logistic_history14,S1,2016,2016-06-27,2016-06-14,2016-06-27,2016-06-28,2016-06-30,2016-06-30,1,0,,0.0003588770443,0.0003803074205,0.05146326677,0,temporal_sigmoid
logistic_history14,S1,2017,2017-02-28,2017-02-15,2017-02-28,2017-03-01,2017-03-03,2017-03-03,1,0,,3.082572176e-06,9.755623748e-06,0.04365803451,0,temporal_sigmoid
logistic_history14,S1,2017,2017-03-01,2017-02-16,2017-03-01,2017-03-02,2017-03-04,2017-03-04,1,0,,6.911713221e-06,1.735675796e-05,0.04365803451,0,temporal_sigmoid
logistic_history14,S1,2017,2017-03-02,2017-02-17,2017-03-02,2017-03-03,2017-03-05,2017-03-05,1,0,,5.333000373e-05,7.458225639e-05,0.04365803451,0,temporal_sigmoid
logistic_history14,S1,2017,2017-03-03,2017-02-18,2017-03-03,2017-03-04,2017-03-06,2017-03-06,1,0,,0.0001783012869,0.0001764618133,0.04365803451,0,temporal_sigmoid
logistic_history14,S1,2017,2017-03-04,2017-02-19,2017-03-04,2017-03-05,2017-03-07,2017-03-07,1,0,,7.699045394e-06,1.874554243e-05,0.04365803451,0,temporal_sigmoid
logistic_history14,S1,2017,2017-03-05,2017-02-20,2017-03-05,2017-03-06,2017-03-08,2017-03-08,1,0,,5.121959387e-05,7.246422844e-05,0.04365803451,0,temporal_sigmoid
logistic_history14,S1,2017,2017-03-06,2017-02-21,2017-03-06,2017-03-07,2017-03-09,2017-03-09,1,0,,3.880833045e-05,5.944796865e-05,0.04365803451,0,temporal_sigmoid
logistic_history14,S1,2017,2017-03-07,2017-02-22,2017-03-07,2017-03-08,2017-03-10,2017-03-10,1,0,,0.0002117377369,0.0001994856959,0.04365803451,0,temporal_sigmoid
logistic_history14,S1,2017,2017-03-08,2017-02-23,2017-03-08,2017-03-09,2017-03-11,2017-03-11,1,0,,1.290007961e-05,2.709180316e-05,0.04365803451,0,temporal_sigmoid
logistic_history14,S1,2017,2017-03-09,2017-02-24,2017-03-09,2017-03-10,2017-03-12,2017-03-12,1,0,,1.171195676e-06,4.890700112e-06,0.04365803451,0,temporal_sigmoid
logistic_history14,S1,2017,2017-03-10,2017-02-25,2017-03-10,2017-03-11,2017-03-13,2017-03-13,1,0,,0.0001103165719,0.0001252768689,0.04365803451,0,temporal_sigmoid
logistic_history14,S1,2017,2017-03-11,2017-02-26,2017-03-11,2017-03-12,2017-03-14,2017-03-14,1,0,,2.624297073e-07,4.369200325e-06,0.04365803451,0,temporal_sigmoid
logistic_history14,S1,2017,2017-03-12,2017-02-27,2017-03-12,2017-03-13,2017-03-15,2017-03-15,1,0,,9.577706347e-06,2.190572054e-05,0.04365803451,0,temporal_sigmoid
logistic_history14,S1,2017,2017-03-13,2017-02-28,2017-03-13,2017-03-14,2017-03-16,2017-03-16,1,0,,2.313816392e-06,7.949883799e-06,0.04365803451,0,temporal_sigmoid
logistic_history14,S1,2017,2017-03-14,2017-03-01,2017-03-14,2017-03-15,2017-03-17,2017-03-17,1,0,,8.788465035e-07,4.369200325e-06,0.04365803451,0,temporal_sigmoid
logistic_history14,S1,2017,2017-03-15,2017-03-02,2017-03-15,2017-03-16,2017-03-18,2017-03-18,1,0,,3.153990396e-07,4.369200325e-06,0.04365803451,0,temporal_sigmoid
logistic_history14,S1,2017,2017-03-16,2017-03-03,2017-03-16,2017-03-17,2017-03-19,2017-03-19,1,0,,5.149015158e-07,4.369200325e-06,0.04365803451,0,temporal_sigmoid
logistic_history14,S1,2017,2017-03-17,2017-03-04,2017-03-17,2017-03-18,2017-03-20,2017-03-20,1,0,,6.026667988e-06,1.574011547e-05,0.04365803451,0,temporal_sigmoid
logistic_history14,S1,2017,2017-03-18,2017-03-05,2017-03-18,2017-03-19,2017-03-21,2017-03-21,1,0,,8.277027447e-08,4.369200325e-06,0.04365803451,0,temporal_sigmoid
logistic_history14,S1,2017,2017-03-19,2017-03-06,2017-03-19,2017-03-20,2017-03-22,2017-03-22,1,0,,2.051420493e-05,3.772117886e-05,0.04365803451,0,temporal_sigmoid
logistic_history14,S1,2017,2017-03-20,2017-03-07,2017-03-20,2017-03-21,2017-03-23,2017-03-23,1,0,,2.146007434e-09,4.369200325e-06,0.04365803451,0,temporal_sigmoid
logistic_history14,S1,2017,2017-03-21,2017-03-08,2017-03-21,2017-03-22,2017-03-24,2017-03-24,1,0,,9.746602213e-07,4.369200325e-06,0.04365803451,0,temporal_sigmoid
logistic_history14,S1,2017,2017-03-22,2017-03-09,2017-03-22,2017-03-23,2017-03-25,2017-03-25,1,0,,1.269062315e-05,2.677720079e-05,0.04365803451,0,temporal_sigmoid
logistic_history14,S1,2017,2017-03-23,2017-03-10,2017-03-23,2017-03-24,2017-03-26,2017-03-26,1,0,,6.845726927e-05,8.912814574e-05,0.04365803451,0,temporal_sigmoid
logistic_history14,S1,2017,2017-03-24,2017-03-11,2017-03-24,2017-03-25,2017-03-27,2017-03-27,1,0,,0.002970760154,0.001314477187,0.04365803451,0,temporal_sigmoid
logistic_history14,S1,2017,2017-03-25,2017-03-12,2017-03-25,2017-03-26,2017-03-28,2017-03-28,1,0,,4.944764978e-05,7.066651515e-05,0.04365803451,0,temporal_sigmoid
logistic_history14,S1,2017,2017-03-26,2017-03-13,2017-03-26,2017-03-27,2017-03-29,2017-03-29,1,0,,0.0006711982452,0.0004544226687,0.04365803451,0,temporal_sigmoid
logistic_history14,S1,2017,2017-03-27,2017-03-14,2017-03-27,2017-03-28,2017-03-30,2017-03-30,1,0,,0.001469762836,0.0007951390461,0.04365803451,0,temporal_sigmoid
logistic_history14,S1,2017,2017-03-28,2017-03-15,2017-03-28,2017-03-29,2017-03-31,2017-03-31,1,0,,0.0007813316881,0.0005064698588,0.04365803451,0,temporal_sigmoid
logistic_history14,S1,2017,2017-03-29,2017-03-16,2017-03-29,2017-03-30,2017-04-01,2017-04-01,1,0,,0.001710462703,0.000886086132,0.04365803451,0,temporal_sigmoid
logistic_history14,S1,2017,2017-03-30,2017-03-17,2017-03-30,2017-03-31,2017-04-02,2017-04-02,1,0,,0.01251437587,0.003684102246,0.04365803451,0,temporal_sigmoid
logistic_history14,S1,2017,2017-03-31,2017-03-18,2017-03-31,2017-04-01,2017-04-03,2017-04-03,1,0,,0.0120612525,0.003587592489,0.04365803451,0,temporal_sigmoid
logistic_history14,S1,2017,2017-04-01,2017-03-19,2017-04-01,2017-04-02,2017-04-04,2017-04-04,1,0,,0.04792577899,0.009796666643,0.04365803451,0,temporal_sigmoid
logistic_history14,S1,2017,2017-04-02,2017-03-20,2017-04-02,2017-04-03,2017-04-05,2017-04-05,1,0,,0.008606010659,0.002814887051,0.04365803451,0,temporal_sigmoid
logistic_history14,S1,2017,2017-04-03,2017-03-21,2017-04-03,2017-04-04,2017-04-06,2017-04-06,1,0,,0.005128341327,0.001942388475,0.04365803451,0,temporal_sigmoid
logistic_history14,S1,2017,2017-04-04,2017-03-22,2017-04-04,2017-04-05,2017-04-07,2017-04-07,1,0,,0.000157686828,0.000161650643,0.04365803451,0,temporal_sigmoid
logistic_history14,S1,2017,2017-04-05,2017-03-23,2017-04-05,2017-04-06,2017-04-08,2017-04-08,1,0,,1.346284833e-05,2.792992971e-05,0.04365803451,0,temporal_sigmoid
logistic_history14,S1,2017,2017-04-06,2017-03-24,2017-04-06,2017-04-07,2017-04-09,2017-04-09,1,0,,7.331695373e-05,9.359805932e-05,0.04365803451,0,temporal_sigmoid
logistic_history14,S1,2017,2017-04-07,2017-03-25,2017-04-07,2017-04-08,2017-04-10,2017-04-10,1,0,,0.003432337638,0.001457433554,0.04365803451,0,temporal_sigmoid
logistic_history14,S1,2017,2017-04-08,2017-03-26,2017-04-08,2017-04-09,2017-04-11,2017-04-11,1,0,,0.00963299225,0.003052198551,0.04365803451,0,temporal_sigmoid
logistic_history14,S1,2017,2017-04-09,2017-03-27,2017-04-09,2017-04-10,2017-04-12,2017-04-12,1,0,,0.00619083713,0.002222759028,0.04365803451,0,temporal_sigmoid
logistic_history14,S1,2017,2017-04-10,2017-03-28,2017-04-10,2017-04-11,2017-04-13,2017-04-13,1,0,,0.05830502086,0.01133825468,0.04365803451,0,temporal_sigmoid
logistic_history14,S1,2017,2017-04-11,2017-03-29,2017-04-11,2017-04-12,2017-04-14,2017-04-14,1,0,,0.05372886398,0.01066620586,0.04365803451,0,temporal_sigmoid
logistic_history14,S1,2017,2017-04-12,2017-03-30,2017-04-12,2017-04-13,2017-04-15,2017-04-15,1,0,,0.01837929906,0.004861458022,0.04365803451,0,temporal_sigmoid
logistic_history14,S1,2017,2017-04-13,2017-03-31,2017-04-13,2017-04-14,2017-04-16,2017-04-16,1,0,,0.04312616021,0.009060307356,0.04365803451,0,temporal_sigmoid
logistic_history14,S1,2017,2017-04-14,2017-04-01,2017-04-14,2017-04-15,2017-04-17,2017-04-17,1,0,,0.07099640827,0.01315170993,0.04365803451,0,temporal_sigmoid
logistic_history14,S1,2017,2017-04-15,2017-04-02,2017-04-15,2017-04-16,2017-04-18,2017-04-18,1,0,,0.02417675493,0.005930547479,0.04365803451,0,temporal_sigmoid
logistic_history14,S1,2017,2017-04-16,2017-04-03,2017-04-16,2017-04-17,2017-04-19,2017-04-19,1,0,,2.43429295e-05,4.261991931e-05,0.04365803451,0,temporal_sigmoid
logistic_history14,S1,2017,2017-04-17,2017-04-04,2017-04-17,2017-04-18,2017-04-20,2017-04-20,1,0,,0.003797995314,0.001566840823,0.04365803451,0,temporal_sigmoid
logistic_history14,S1,2017,2017-04-18,2017-04-05,2017-04-18,2017-04-19,2017-04-21,2017-04-21,1,0,,0.02619326798,0.006286446744,0.04365803451,0,temporal_sigmoid
logistic_history14,S1,2017,2017-04-19,2017-04-06,2017-04-19,2017-04-20,2017-04-22,2017-04-22,1,0,,0.002336518672,0.001107199855,0.04365803451,0,temporal_sigmoid
logistic_history14,S1,2017,2017-04-20,2017-04-07,2017-04-20,2017-04-21,2017-04-23,2017-04-23,1,0,,0.0002814862761,0.0002444265409,0.04365803451,0,temporal_sigmoid
logistic_history14,S1,2017,2017-04-21,2017-04-08,2017-04-21,2017-04-22,2017-04-24,2017-04-24,1,0,,5.748775028e-06,1.521876021e-05,0.04365803451,0,temporal_sigmoid
logistic_history14,S1,2017,2017-04-22,2017-04-09,2017-04-22,2017-04-23,2017-04-25,2017-04-25,1,0,,3.069378832e-08,4.369200325e-06,0.04365803451,0,temporal_sigmoid
logistic_history14,S1,2017,2017-04-23,2017-04-10,2017-04-23,2017-04-24,2017-04-26,2017-04-26,1,0,,8.345563341e-08,4.369200325e-06,0.04365803451,0,temporal_sigmoid
logistic_history14,S1,2017,2017-04-24,2017-04-11,2017-04-24,2017-04-25,2017-04-27,2017-04-27,1,0,,7.541984464e-08,4.369200325e-06,0.04365803451,0,temporal_sigmoid
logistic_history14,S1,2017,2017-04-25,2017-04-12,2017-04-25,2017-04-26,2017-04-28,2017-04-28,1,0,,0.003412513246,0.001451410364,0.04365803451,0,temporal_sigmoid
logistic_history14,S1,2017,2017-04-26,2017-04-13,2017-04-26,2017-04-27,2017-04-29,2017-04-29,1,0,,0.01717987054,0.004629949246,0.04365803451,0,temporal_sigmoid
logistic_history14,S1,2017,2017-04-27,2017-04-14,2017-04-27,2017-04-28,2017-04-30,2017-04-30,1,0,,0.02494553215,0.006067079002,0.04365803451,0,temporal_sigmoid
logistic_history14,S1,2017,2017-04-28,2017-04-15,2017-04-28,2017-04-29,2017-05-01,2017-05-01,1,0,,0.0257132211,0.006202365078,0.04365803451,0,temporal_sigmoid
logistic_history14,S1,2017,2017-04-29,2017-04-16,2017-04-29,2017-04-30,2017-05-02,2017-05-02,1,0,,0.008642159243,0.002823367947,0.04365803451,0,temporal_sigmoid
logistic_history14,S1,2017,2017-04-30,2017-04-17,2017-04-30,2017-05-01,2017-05-03,2017-05-03,1,0,,0.006307887911,0.002252786808,0.04365803451,0,temporal_sigmoid
logistic_history14,S1,2017,2017-05-01,2017-04-18,2017-05-01,2017-05-02,2017-05-04,2017-05-04,1,0,,0.001373242954,0.0007574961109,0.04365803451,0,temporal_sigmoid
logistic_history14,S1,2017,2017-05-02,2017-04-19,2017-05-02,2017-05-03,2017-05-05,2017-05-05,1,0,,0.000293468486,0.0002518064275,0.04365803451,0,temporal_sigmoid
logistic_history14,S1,2017,2017-05-03,2017-04-20,2017-05-03,2017-05-04,2017-05-06,2017-05-06,1,0,,0.00748130252,0.002545813038,0.04365803451,0,temporal_sigmoid
logistic_history14,S1,2017,2017-05-04,2017-04-21,2017-05-04,2017-05-05,2017-05-07,2017-05-07,1,0,,0.006009956938,0.002176042908,0.04365803451,0,temporal_sigmoid
logistic_history14,S1,2017,2017-05-05,2017-04-22,2017-05-05,2017-05-06,2017-05-08,2017-05-08,1,0,,0.01013657378,0.003166002375,0.04365803451,0,temporal_sigmoid
logistic_history14,S1,2017,2017-05-06,2017-04-23,2017-05-06,2017-05-07,2017-05-09,2017-05-09,1,0,,0.001588042932,0.0008403215103,0.04365803451,0,temporal_sigmoid
logistic_history14,S1,2017,2017-05-07,2017-04-24,2017-05-07,2017-05-08,2017-05-10,2017-05-10,1,0,,0.004534519442,0.001778636908,0.04365803451,0,temporal_sigmoid
logistic_history14,S1,2017,2017-05-08,2017-04-25,2017-05-08,2017-05-09,2017-05-11,2017-05-11,1,0,,0.03338852816,0.007505538643,0.04365803451,0,temporal_sigmoid
logistic_history14,S1,2017,2017-05-09,2017-04-26,2017-05-09,2017-05-10,2017-05-12,2017-05-12,1,0,,0.0002641812501,0.0002336071778,0.04365803451,0,temporal_sigmoid
logistic_history14,S1,2017,2017-05-10,2017-04-27,2017-05-10,2017-05-11,2017-05-13,2017-05-13,1,0,,0.01631215741,0.004459811342,0.04365803451,0,temporal_sigmoid
logistic_history14,S1,2017,2017-05-11,2017-04-28,2017-05-11,2017-05-12,2017-05-14,2017-05-14,1,0,,0.008951080293,0.002895451447,0.04365803451,0,temporal_sigmoid
logistic_history14,S1,2017,2017-05-12,2017-04-29,2017-05-12,2017-05-13,2017-05-15,2017-05-15,1,0,,0.02810369684,0.006617355337,0.04365803451,0,temporal_sigmoid
logistic_history14,S1,2017,2017-05-13,2017-04-30,2017-05-13,2017-05-14,2017-05-16,2017-05-16,1,0,,0.05717271739,0.01117298432,0.04365803451,0,temporal_sigmoid
logistic_history14,S1,2017,2017-05-14,2017-05-01,2017-05-14,2017-05-15,2017-05-17,2017-05-17,1,0,,0.01919262933,0.005016192548,0.04365803451,0,temporal_sigmoid
logistic_history14,S1,2017,2017-05-15,2017-05-02,2017-05-15,2017-05-16,2017-05-18,2017-05-18,1,0,,0.0001834715625,0.0001800979362,0.04365803451,0,temporal_sigmoid
logistic_history14,S1,2017,2017-05-16,2017-05-03,2017-05-16,2017-05-17,2017-05-19,2017-05-19,1,0,,3.888996176e-05,5.953716396e-05,0.04365803451,0,temporal_sigmoid
logistic_history14,S1,2017,2017-05-17,2017-05-04,2017-05-17,2017-05-18,2017-05-20,2017-05-20,1,0,,0.005664434402,0.002085694818,0.04365803451,0,temporal_sigmoid
logistic_history14,S1,2017,2017-05-18,2017-05-05,2017-05-18,2017-05-19,2017-05-21,2017-05-21,1,0,,0.003190982426,0.001383411989,0.04365803451,0,temporal_sigmoid
logistic_history14,S1,2017,2017-05-19,2017-05-06,2017-05-19,2017-05-20,2017-05-22,2017-05-22,1,0,,0.01341822245,0.003873847993,0.04365803451,0,temporal_sigmoid
logistic_history14,S1,2017,2017-05-20,2017-05-07,2017-05-20,2017-05-21,2017-05-23,2017-05-23,1,0,,0.1909191851,0.02893040934,0.04365803451,0,temporal_sigmoid
logistic_history14,S1,2017,2017-05-21,2017-05-08,2017-05-21,2017-05-22,2017-05-24,2017-05-24,1,0,,0.1645821752,0.02552406108,0.04365803451,0,temporal_sigmoid
logistic_history14,S1,2017,2017-05-22,2017-05-09,2017-05-22,2017-05-23,2017-05-25,2017-05-25,1,0,,0.146567704,0.02319806123,0.04365803451,0,temporal_sigmoid
logistic_history14,S1,2017,2017-05-23,2017-05-10,2017-05-23,2017-05-24,2017-05-26,2017-05-26,1,0,,0.387049837,0.05672391375,0.04365803451,1,temporal_sigmoid
logistic_history14,S1,2017,2017-05-24,2017-05-11,2017-05-24,2017-05-25,2017-05-27,2017-05-27,1,0,,0.3256932318,0.04731807298,0.04365803451,1,temporal_sigmoid
logistic_history14,S1,2017,2017-05-25,2017-05-12,2017-05-25,2017-05-26,2017-05-28,2017-05-28,1,0,,0.3093936929,0.04495635286,0.04365803451,1,temporal_sigmoid
logistic_history14,S1,2017,2017-05-26,2017-05-13,2017-05-26,2017-05-27,2017-05-29,2017-05-29,1,0,,0.009816291895,0.003093806594,0.04365803451,0,temporal_sigmoid
logistic_history14,S1,2017,2017-05-27,2017-05-14,2017-05-27,2017-05-28,2017-05-30,2017-05-30,1,0,,0.01106152551,0.003371098212,0.04365803451,0,temporal_sigmoid
logistic_history14,S1,2017,2017-05-28,2017-05-15,2017-05-28,2017-05-29,2017-05-31,2017-05-31,1,0,,0.008921133397,0.002888493978,0.04365803451,0,temporal_sigmoid
logistic_history14,S1,2017,2017-05-29,2017-05-16,2017-05-29,2017-05-30,2017-06-01,2017-06-01,1,0,,0.02796438116,0.006593416858,0.04365803451,0,temporal_sigmoid
logistic_history14,S1,2017,2017-05-30,2017-05-17,2017-05-30,2017-05-31,2017-06-02,2017-06-02,1,0,,9.398678705e-06,2.161277e-05,0.04365803451,0,temporal_sigmoid
logistic_history14,S1,2017,2017-05-31,2017-05-18,2017-05-31,2017-06-01,2017-06-03,2017-06-03,1,0,,0.000197316523,0.0001896935892,0.04365803451,0,temporal_sigmoid
logistic_history14,S1,2017,2017-06-01,2017-05-19,2017-06-01,2017-06-02,2017-06-04,2017-06-04,1,0,,2.380692501e-06,8.11316403e-06,0.04365803451,0,temporal_sigmoid
logistic_history14,S1,2017,2017-06-02,2017-05-20,2017-06-02,2017-06-03,2017-06-05,2017-06-05,1,0,,7.858653792e-06,1.902201034e-05,0.04365803451,0,temporal_sigmoid
logistic_history14,S1,2017,2017-06-03,2017-05-21,2017-06-03,2017-06-04,2017-06-06,2017-06-06,1,0,,0.002160765934,0.001047044118,0.04365803451,0,temporal_sigmoid
logistic_history14,S1,2017,2017-06-04,2017-05-22,2017-06-04,2017-06-05,2017-06-07,2017-06-07,1,0,,0.000344599131,0.0002823840082,0.04365803451,0,temporal_sigmoid
logistic_history14,S1,2017,2017-06-05,2017-05-23,2017-06-05,2017-06-06,2017-06-08,2017-06-08,1,0,,0.000180315024,0.0001778815673,0.04365803451,0,temporal_sigmoid
logistic_history14,S1,2017,2017-06-06,2017-05-24,2017-06-06,2017-06-07,2017-06-09,2017-06-09,1,0,,0.007968321431,0.002663610126,0.04365803451,0,temporal_sigmoid
logistic_history14,S1,2017,2017-06-07,2017-05-25,2017-06-07,2017-06-08,2017-06-10,2017-06-10,1,0,,0.02162283411,0.005468782897,0.04365803451,0,temporal_sigmoid
logistic_history14,S1,2017,2017-06-08,2017-05-26,2017-06-08,2017-06-09,2017-06-11,2017-06-11,1,0,,0.003091520677,0.001352450626,0.04365803451,0,temporal_sigmoid
logistic_history14,S1,2017,2017-06-09,2017-05-27,2017-06-09,2017-06-10,2017-06-12,2017-06-12,1,0,,0.01254822377,0.003691273167,0.04365803451,0,temporal_sigmoid
logistic_history14,S1,2017,2017-06-10,2017-05-28,2017-06-10,2017-06-11,2017-06-13,2017-06-13,1,0,,0.002523105898,0.001169673508,0.04365803451,0,temporal_sigmoid
logistic_history14,S1,2017,2017-06-11,2017-05-29,2017-06-11,2017-06-12,2017-06-14,2017-06-14,1,0,,2.587871686e-05,4.452159552e-05,0.04365803451,0,temporal_sigmoid
logistic_history14,S1,2017,2017-06-12,2017-05-30,2017-06-12,2017-06-13,2017-06-15,2017-06-15,1,0,,5.304984206e-08,4.369200325e-06,0.04365803451,0,temporal_sigmoid
logistic_history14,S1,2017,2017-06-13,2017-05-31,2017-06-13,2017-06-14,2017-06-16,2017-06-16,1,0,,0.0001348080094,0.0001445442374,0.04365803451,0,temporal_sigmoid
logistic_history14,S1,2017,2017-06-14,2017-06-01,2017-06-14,2017-06-15,2017-06-17,2017-06-17,1,0,,0.0006813223752,0.0004593040453,0.04365803451,0,temporal_sigmoid
logistic_history14,S1,2017,2017-06-15,2017-06-02,2017-06-15,2017-06-16,2017-06-18,2017-06-18,1,0,,4.787808861e-05,6.905865847e-05,0.04365803451,0,temporal_sigmoid
logistic_history14,S1,2017,2017-06-16,2017-06-03,2017-06-16,2017-06-17,2017-06-19,2017-06-19,1,0,,5.21284522e-06,1.419234436e-05,0.04365803451,0,temporal_sigmoid
logistic_history14,S1,2017,2017-06-17,2017-06-04,2017-06-17,2017-06-18,2017-06-20,2017-06-20,1,0,,4.38196009e-05,6.482915027e-05,0.04365803451,0,temporal_sigmoid
logistic_history14,S1,2017,2017-06-18,2017-06-05,2017-06-18,2017-06-19,2017-06-21,2017-06-21,1,0,,3.190916919e-05,5.169890647e-05,0.04365803451,0,temporal_sigmoid
logistic_history14,S1,2017,2017-06-19,2017-06-06,2017-06-19,2017-06-20,2017-06-22,2017-06-22,1,0,,3.247061267e-07,4.369200325e-06,0.04365803451,0,temporal_sigmoid
logistic_history14,S1,2017,2017-06-20,2017-06-07,2017-06-20,2017-06-21,2017-06-23,2017-06-23,1,0,,1.137648462e-06,4.790328792e-06,0.04365803451,0,temporal_sigmoid
logistic_history14,S1,2017,2017-06-21,2017-06-08,2017-06-21,2017-06-22,2017-06-24,2017-06-24,1,0,,1.792440033e-06,6.625853585e-06,0.04365803451,0,temporal_sigmoid
logistic_history14,S1,2017,2017-06-22,2017-06-09,2017-06-22,2017-06-23,2017-06-25,2017-06-25,1,0,,4.294537614e-05,6.390364518e-05,0.04365803451,0,temporal_sigmoid
logistic_history14,S1,2017,2017-06-23,2017-06-10,2017-06-23,2017-06-24,2017-06-26,2017-06-26,1,0,,5.578555625e-05,7.701669241e-05,0.04365803451,0,temporal_sigmoid
logistic_history14,S1,2017,2017-06-24,2017-06-11,2017-06-24,2017-06-25,2017-06-27,2017-06-27,1,0,,6.888448141e-05,8.952465691e-05,0.04365803451,0,temporal_sigmoid
logistic_history14,S1,2017,2017-06-25,2017-06-12,2017-06-25,2017-06-26,2017-06-28,2017-06-28,1,0,,4.130246266e-05,6.214960003e-05,0.04365803451,0,temporal_sigmoid
logistic_history14,S1,2017,2017-06-26,2017-06-13,2017-06-26,2017-06-27,2017-06-29,2017-06-29,1,0,,9.984178876e-05,0.0001166689318,0.04365803451,0,temporal_sigmoid
logistic_history14,S1,2017,2017-06-27,2017-06-14,2017-06-27,2017-06-28,2017-06-30,2017-06-30,1,0,,0.0001309583817,0.0001415868578,0.04365803451,0,temporal_sigmoid
logistic_history14,S1,2018,2018-02-28,2018-02-15,2018-02-28,2018-03-01,2018-03-03,2018-03-03,1,0,,0.0002247728825,0.0001904364236,0.03523384483,0,temporal_sigmoid
logistic_history14,S1,2018,2018-03-01,2018-02-16,2018-03-01,2018-03-02,2018-03-04,2018-03-04,1,0,,0.000257466392,0.0002096705657,0.03523384483,0,temporal_sigmoid
logistic_history14,S1,2018,2018-03-02,2018-02-17,2018-03-02,2018-03-03,2018-03-05,2018-03-05,1,0,,0.001230389345,0.0006352738734,0.03523384483,0,temporal_sigmoid
logistic_history14,S1,2018,2018-03-03,2018-02-18,2018-03-03,2018-03-04,2018-03-06,2018-03-06,1,0,,0.009107301987,0.002633131351,0.03523384483,0,temporal_sigmoid
logistic_history14,S1,2018,2018-03-04,2018-02-19,2018-03-04,2018-03-05,2018-03-07,2018-03-07,1,0,,0.04159731549,0.007867461788,0.03523384483,0,temporal_sigmoid
logistic_history14,S1,2018,2018-03-05,2018-02-20,2018-03-05,2018-03-06,2018-03-08,2018-03-08,1,0,,0.00802695361,0.002406477162,0.03523384483,0,temporal_sigmoid
logistic_history14,S1,2018,2018-03-06,2018-02-21,2018-03-06,2018-03-07,2018-03-09,2018-03-09,1,0,,0.01034283653,0.002883319698,0.03523384483,0,temporal_sigmoid
logistic_history14,S1,2018,2018-03-07,2018-02-22,2018-03-07,2018-03-08,2018-03-10,2018-03-10,1,0,,0.0004965197812,0.0003339154267,0.03523384483,0,temporal_sigmoid
logistic_history14,S1,2018,2018-03-08,2018-02-23,2018-03-08,2018-03-09,2018-03-11,2018-03-11,1,0,,0.0001130486266,0.0001170230392,0.03523384483,0,temporal_sigmoid
logistic_history14,S1,2018,2018-03-09,2018-02-24,2018-03-09,2018-03-10,2018-03-12,2018-03-12,1,0,,8.542469127e-05,9.595304668e-05,0.03523384483,0,temporal_sigmoid
logistic_history14,S1,2018,2018-03-10,2018-02-25,2018-03-10,2018-03-11,2018-03-13,2018-03-13,1,0,,0.0001495646508,0.0001426924413,0.03523384483,0,temporal_sigmoid
logistic_history14,S1,2018,2018-03-11,2018-02-26,2018-03-11,2018-03-12,2018-03-14,2018-03-14,1,0,,0.0009863971252,0.0005431441582,0.03523384483,0,temporal_sigmoid
logistic_history14,S1,2018,2018-03-12,2018-02-27,2018-03-12,2018-03-13,2018-03-15,2018-03-15,1,0,,0.002436217336,0.001031235313,0.03523384483,0,temporal_sigmoid
logistic_history14,S1,2018,2018-03-13,2018-02-28,2018-03-13,2018-03-14,2018-03-16,2018-03-16,1,0,,0.0001903090478,0.0001692521054,0.03523384483,0,temporal_sigmoid
logistic_history14,S1,2018,2018-03-14,2018-03-01,2018-03-14,2018-03-15,2018-03-17,2018-03-17,1,0,,0.001869325286,0.000854591613,0.03523384483,0,temporal_sigmoid
logistic_history14,S1,2018,2018-03-15,2018-03-02,2018-03-15,2018-03-16,2018-03-18,2018-03-18,1,0,,0.01931778146,0.004510440175,0.03523384483,0,temporal_sigmoid
logistic_history14,S1,2018,2018-03-16,2018-03-03,2018-03-16,2018-03-17,2018-03-19,2018-03-19,1,0,,0.001825540239,0.0008403462326,0.03523384483,0,temporal_sigmoid
logistic_history14,S1,2018,2018-03-17,2018-03-04,2018-03-17,2018-03-18,2018-03-20,2018-03-20,1,0,,0.04947455487,0.008938566131,0.03523384483,0,temporal_sigmoid
logistic_history14,S1,2018,2018-03-18,2018-03-05,2018-03-18,2018-03-19,2018-03-21,2018-03-21,1,0,,0.1072670654,0.01605316967,0.03523384483,0,temporal_sigmoid
logistic_history14,S1,2018,2018-03-19,2018-03-06,2018-03-19,2018-03-20,2018-03-22,2018-03-22,1,0,,0.06972711941,0.01154341864,0.03523384483,0,temporal_sigmoid
logistic_history14,S1,2018,2018-03-20,2018-03-07,2018-03-20,2018-03-21,2018-03-23,2018-03-23,1,0,,0.02253653301,0.005039879963,0.03523384483,0,temporal_sigmoid
logistic_history14,S1,2018,2018-03-21,2018-03-08,2018-03-21,2018-03-22,2018-03-24,2018-03-24,1,0,,0.0247059477,0.005385584649,0.03523384483,0,temporal_sigmoid
logistic_history14,S1,2018,2018-03-22,2018-03-09,2018-03-22,2018-03-23,2018-03-25,2018-03-25,1,0,,0.02566420498,0.005535780376,0.03523384483,0,temporal_sigmoid
logistic_history14,S1,2018,2018-03-23,2018-03-10,2018-03-23,2018-03-24,2018-03-26,2018-03-26,1,0,,0.03619790436,0.007106529512,0.03523384483,0,temporal_sigmoid
logistic_history14,S1,2018,2018-03-24,2018-03-11,2018-03-24,2018-03-25,2018-03-27,2018-03-27,1,0,,0.0719266204,0.01181677837,0.03523384483,0,temporal_sigmoid
logistic_history14,S1,2018,2018-03-25,2018-03-12,2018-03-25,2018-03-26,2018-03-28,2018-03-28,1,0,,0.2863776876,0.03692464584,0.03523384483,1,temporal_sigmoid
logistic_history14,S1,2018,2018-03-26,2018-03-13,2018-03-26,2018-03-27,2018-03-29,2018-03-29,1,0,,0.04021028921,0.007674306268,0.03523384483,0,temporal_sigmoid
logistic_history14,S1,2018,2018-03-27,2018-03-14,2018-03-27,2018-03-28,2018-03-30,2018-03-30,1,0,,0.003340496358,0.0012902025,0.03523384483,0,temporal_sigmoid
logistic_history14,S1,2018,2018-03-28,2018-03-15,2018-03-28,2018-03-29,2018-03-31,2018-03-31,1,0,,0.02854263,0.005978677468,0.03523384483,0,temporal_sigmoid
logistic_history14,S1,2018,2018-03-29,2018-03-16,2018-03-29,2018-03-30,2018-04-01,2018-04-01,1,0,,0.03708199162,0.007232853096,0.03523384483,0,temporal_sigmoid
logistic_history14,S1,2018,2018-03-30,2018-03-17,2018-03-30,2018-03-31,2018-04-02,2018-04-02,1,0,,0.003420998474,0.001312201494,0.03523384483,0,temporal_sigmoid
logistic_history14,S1,2018,2018-03-31,2018-03-18,2018-03-31,2018-04-01,2018-04-03,2018-04-03,1,0,,2.715921989e-06,8.335941077e-06,0.03523384483,0,temporal_sigmoid
logistic_history14,S1,2018,2018-04-01,2018-03-19,2018-04-01,2018-04-02,2018-04-04,2018-04-04,1,0,,0.00206683069,0.0009176930996,0.03523384483,0,temporal_sigmoid
logistic_history14,S1,2018,2018-04-02,2018-03-20,2018-04-02,2018-04-03,2018-04-05,2018-04-05,1,0,,4.595759502e-05,6.184592398e-05,0.03523384483,0,temporal_sigmoid
logistic_history14,S1,2018,2018-04-03,2018-03-21,2018-04-03,2018-04-04,2018-04-06,2018-04-06,1,0,,0.0057698727,0.001902444097,0.03523384483,0,temporal_sigmoid
logistic_history14,S1,2018,2018-04-04,2018-03-22,2018-04-04,2018-04-05,2018-04-07,2018-04-07,1,0,,0.00522837554,0.001773684576,0.03523384483,0,temporal_sigmoid
logistic_history14,S1,2018,2018-04-05,2018-03-23,2018-04-05,2018-04-06,2018-04-08,2018-04-08,1,0,,0.002981949943,0.001190291636,0.03523384483,0,temporal_sigmoid
logistic_history14,S1,2018,2018-04-06,2018-03-24,2018-04-06,2018-04-07,2018-04-09,2018-04-09,1,0,,5.537040063e-05,7.05737781e-05,0.03523384483,0,temporal_sigmoid
logistic_history14,S1,2018,2018-04-07,2018-03-25,2018-04-07,2018-04-08,2018-04-10,2018-04-10,1,0,,0.001751297476,0.0008159629065,0.03523384483,0,temporal_sigmoid
logistic_history14,S1,2018,2018-04-08,2018-03-26,2018-04-08,2018-04-09,2018-04-11,2018-04-11,1,0,,0.002109104571,0.0009309681853,0.03523384483,0,temporal_sigmoid
logistic_history14,S1,2018,2018-04-09,2018-03-27,2018-04-09,2018-04-10,2018-04-12,2018-04-12,1,0,,0.01874428188,0.004413751485,0.03523384483,0,temporal_sigmoid
logistic_history14,S1,2018,2018-04-10,2018-03-28,2018-04-10,2018-04-11,2018-04-13,2018-04-13,1,0,,0.00358053867,0.001355365391,0.03523384483,0,temporal_sigmoid
logistic_history14,S1,2018,2018-04-11,2018-03-29,2018-04-11,2018-04-12,2018-04-14,2018-04-14,1,0,,0.002849874543,0.001152628287,0.03523384483,0,temporal_sigmoid
logistic_history14,S1,2018,2018-04-12,2018-03-30,2018-04-12,2018-04-13,2018-04-15,2018-04-15,1,0,,0.004493756224,0.001592714941,0.03523384483,0,temporal_sigmoid
logistic_history14,S1,2018,2018-04-13,2018-03-31,2018-04-13,2018-04-14,2018-04-16,2018-04-16,1,0,,0.004650426867,0.001631978491,0.03523384483,0,temporal_sigmoid
logistic_history14,S1,2018,2018-04-14,2018-04-01,2018-04-14,2018-04-15,2018-04-17,2018-04-17,1,0,,0.02163269143,0.004893333687,0.03523384483,0,temporal_sigmoid
logistic_history14,S1,2018,2018-04-15,2018-04-02,2018-04-15,2018-04-16,2018-04-18,2018-04-18,1,0,,0.01160336542,0.00313013937,0.03523384483,0,temporal_sigmoid
logistic_history14,S1,2018,2018-04-16,2018-04-03,2018-04-16,2018-04-17,2018-04-19,2018-04-19,1,0,,0.1484947717,0.02080093088,0.03523384483,0,temporal_sigmoid
logistic_history14,S1,2018,2018-04-17,2018-04-04,2018-04-17,2018-04-18,2018-04-20,2018-04-20,1,0,,0.0003162539088,0.0002425618031,0.03523384483,0,temporal_sigmoid
logistic_history14,S1,2018,2018-04-18,2018-04-05,2018-04-18,2018-04-19,2018-04-21,2018-04-21,1,0,,0.0007835824209,0.0004613814438,0.03523384483,0,temporal_sigmoid
logistic_history14,S1,2018,2018-04-19,2018-04-06,2018-04-19,2018-04-20,2018-04-22,2018-04-22,1,0,,0.0004884542969,0.0003300625771,0.03523384483,0,temporal_sigmoid
logistic_history14,S1,2018,2018-04-20,2018-04-07,2018-04-20,2018-04-21,2018-04-23,2018-04-23,1,0,,0.006736268489,0.002124048727,0.03523384483,0,temporal_sigmoid
logistic_history14,S1,2018,2018-04-21,2018-04-08,2018-04-21,2018-04-22,2018-04-24,2018-04-24,1,0,,0.001224907515,0.0006332660192,0.03523384483,0,temporal_sigmoid
logistic_history14,S1,2018,2018-04-22,2018-04-09,2018-04-22,2018-04-23,2018-04-25,2018-04-25,1,0,,0.01123920957,0.003059633493,0.03523384483,0,temporal_sigmoid
logistic_history14,S1,2018,2018-04-23,2018-04-10,2018-04-23,2018-04-24,2018-04-26,2018-04-26,1,0,,0.1457087285,0.02048286665,0.03523384483,0,temporal_sigmoid
logistic_history14,S1,2018,2018-04-24,2018-04-11,2018-04-24,2018-04-25,2018-04-27,2018-04-27,1,0,,0.08761324598,0.01372806048,0.03523384483,0,temporal_sigmoid
logistic_history14,S1,2018,2018-04-25,2018-04-12,2018-04-25,2018-04-26,2018-04-28,2018-04-28,1,0,,0.09738904592,0.0148922489,0.03523384483,0,temporal_sigmoid
logistic_history14,S1,2018,2018-04-26,2018-04-13,2018-04-26,2018-04-27,2018-04-29,2018-04-29,1,0,,0.001398828806,0.000695771118,0.03523384483,0,temporal_sigmoid
logistic_history14,S1,2018,2018-04-27,2018-04-14,2018-04-27,2018-04-28,2018-04-30,2018-04-30,1,0,,0.0001110979027,0.0001155887153,0.03523384483,0,temporal_sigmoid
logistic_history14,S1,2018,2018-04-28,2018-04-15,2018-04-28,2018-04-29,2018-05-01,2018-05-01,1,0,,0.004295064748,0.001542351971,0.03523384483,0,temporal_sigmoid
logistic_history14,S1,2018,2018-04-29,2018-04-16,2018-04-29,2018-04-30,2018-05-02,2018-05-02,1,0,,9.417551589e-07,4.106952376e-06,0.03523384483,0,temporal_sigmoid
logistic_history14,S1,2018,2018-04-30,2018-04-17,2018-04-30,2018-05-01,2018-05-03,2018-05-03,1,0,,1.149150654e-07,4.106952376e-06,0.03523384483,0,temporal_sigmoid
logistic_history14,S1,2018,2018-05-01,2018-04-18,2018-05-01,2018-05-02,2018-05-04,2018-05-04,1,0,,9.464128504e-05,0.0001031775815,0.03523384483,0,temporal_sigmoid
logistic_history14,S1,2018,2018-05-02,2018-04-19,2018-05-02,2018-05-03,2018-05-05,2018-05-05,1,0,,4.965269878e-05,6.532907878e-05,0.03523384483,0,temporal_sigmoid
logistic_history14,S1,2018,2018-05-03,2018-04-20,2018-05-03,2018-05-04,2018-05-06,2018-05-06,1,0,,0.0001018764214,0.0001087057909,0.03523384483,0,temporal_sigmoid
logistic_history14,S1,2018,2018-05-04,2018-04-21,2018-05-04,2018-05-05,2018-05-07,2018-05-07,1,0,,6.103931213e-06,1.479556857e-05,0.03523384483,0,temporal_sigmoid
logistic_history14,S1,2018,2018-05-05,2018-04-22,2018-05-05,2018-05-06,2018-05-08,2018-05-08,1,0,,0.0001558038039,0.0001468846937,0.03523384483,0,temporal_sigmoid
logistic_history14,S1,2018,2018-05-06,2018-04-23,2018-05-06,2018-05-07,2018-05-09,2018-05-09,1,0,,0.01055028479,0.002924488814,0.03523384483,0,temporal_sigmoid
logistic_history14,S1,2018,2018-05-07,2018-04-24,2018-05-07,2018-05-08,2018-05-10,2018-05-10,1,0,,0.0005502169367,0.0003591202762,0.03523384483,0,temporal_sigmoid
logistic_history14,S1,2018,2018-05-08,2018-04-25,2018-05-08,2018-05-09,2018-05-11,2018-05-11,1,0,,0.002755780034,0.001125488512,0.03523384483,0,temporal_sigmoid
logistic_history14,S1,2018,2018-05-09,2018-04-26,2018-05-09,2018-05-10,2018-05-12,2018-05-12,1,0,,0.001238981009,0.0006384155644,0.03523384483,0,temporal_sigmoid
logistic_history14,S1,2018,2018-05-10,2018-04-27,2018-05-10,2018-05-11,2018-05-13,2018-05-13,1,0,,0.0001855645847,0.0001662514868,0.03523384483,0,temporal_sigmoid
logistic_history14,S1,2018,2018-05-11,2018-04-28,2018-05-11,2018-05-12,2018-05-14,2018-05-14,1,0,,4.537038814e-06,1.19908381e-05,0.03523384483,0,temporal_sigmoid
logistic_history14,S1,2018,2018-05-12,2018-04-29,2018-05-12,2018-05-13,2018-05-15,2018-05-15,1,0,,4.935410299e-05,6.505048579e-05,0.03523384483,0,temporal_sigmoid
logistic_history14,S1,2018,2018-05-13,2018-04-30,2018-05-13,2018-05-14,2018-05-16,2018-05-16,1,0,,2.171486278e-05,3.635988797e-05,0.03523384483,0,temporal_sigmoid
logistic_history14,S1,2018,2018-05-14,2018-05-01,2018-05-14,2018-05-15,2018-05-17,2018-05-17,1,0,,4.966785023e-05,6.53432022e-05,0.03523384483,0,temporal_sigmoid
logistic_history14,S1,2018,2018-05-15,2018-05-02,2018-05-15,2018-05-16,2018-05-18,2018-05-18,1,0,,0.001028495751,0.0005594754094,0.03523384483,0,temporal_sigmoid
logistic_history14,S1,2018,2018-05-16,2018-05-03,2018-05-16,2018-05-17,2018-05-19,2018-05-19,1,0,,3.341610611e-07,4.106952376e-06,0.03523384483,0,temporal_sigmoid
logistic_history14,S1,2018,2018-05-17,2018-05-04,2018-05-17,2018-05-18,2018-05-20,2018-05-20,1,0,,1.622074579e-05,2.95709213e-05,0.03523384483,0,temporal_sigmoid
logistic_history14,S1,2018,2018-05-18,2018-05-05,2018-05-18,2018-05-19,2018-05-21,2018-05-21,1,0,,1.989414472e-06,6.686052046e-06,0.03523384483,0,temporal_sigmoid
logistic_history14,S1,2018,2018-05-19,2018-05-06,2018-05-19,2018-05-20,2018-05-22,2018-05-22,1,0,,8.525088253e-05,9.581468385e-05,0.03523384483,0,temporal_sigmoid
logistic_history14,S1,2018,2018-05-20,2018-05-07,2018-05-20,2018-05-21,2018-05-23,2018-05-23,1,0,,0.0003607134151,0.00026625675,0.03523384483,0,temporal_sigmoid
logistic_history14,S1,2018,2018-05-21,2018-05-08,2018-05-21,2018-05-22,2018-05-24,2018-05-24,1,0,,4.698597334e-05,6.282325744e-05,0.03523384483,0,temporal_sigmoid
logistic_history14,S1,2018,2018-05-22,2018-05-09,2018-05-22,2018-05-23,2018-05-25,2018-05-25,1,0,,0.00188869081,0.0008608612678,0.03523384483,0,temporal_sigmoid
logistic_history14,S1,2018,2018-05-23,2018-05-10,2018-05-23,2018-05-24,2018-05-26,2018-05-26,1,0,,0.001073814846,0.0005768404146,0.03523384483,0,temporal_sigmoid
logistic_history14,S1,2018,2018-05-24,2018-05-11,2018-05-24,2018-05-25,2018-05-27,2018-05-27,1,0,,0.000114383031,0.0001180000426,0.03523384483,0,temporal_sigmoid
logistic_history14,S1,2018,2018-05-25,2018-05-12,2018-05-25,2018-05-26,2018-05-28,2018-05-28,1,0,,0.002195162722,0.0009577576387,0.03523384483,0,temporal_sigmoid
logistic_history14,S1,2018,2018-05-26,2018-05-13,2018-05-26,2018-05-27,2018-05-29,2018-05-29,1,0,,0.02217961761,0.00498219675,0.03523384483,0,temporal_sigmoid
logistic_history14,S1,2018,2018-05-27,2018-05-14,2018-05-27,2018-05-28,2018-05-30,2018-05-30,1,0,,0.05201774999,0.00927616324,0.03523384483,0,temporal_sigmoid
logistic_history14,S1,2018,2018-05-28,2018-05-15,2018-05-28,2018-05-29,2018-05-31,2018-05-31,1,0,,0.02147887065,0.004868236273,0.03523384483,0,temporal_sigmoid
logistic_history14,S1,2018,2018-05-29,2018-05-16,2018-05-29,2018-05-30,2018-06-01,2018-06-01,1,0,,0.0040083103,0.001468472032,0.03523384483,0,temporal_sigmoid
logistic_history14,S1,2018,2018-05-30,2018-05-17,2018-05-30,2018-05-31,2018-06-02,2018-06-02,1,0,,0.02541287846,0.005496528407,0.03523384483,0,temporal_sigmoid
logistic_history14,S1,2018,2018-05-31,2018-05-18,2018-05-31,2018-06-01,2018-06-03,2018-06-03,1,0,,1.891936618e-06,6.452247042e-06,0.03523384483,0,temporal_sigmoid
logistic_history14,S1,2018,2018-06-01,2018-05-19,2018-06-01,2018-06-02,2018-06-04,2018-06-04,1,0,,0.0001360952915,0.00013346328,0.03523384483,0,temporal_sigmoid
logistic_history14,S1,2018,2018-06-02,2018-05-20,2018-06-02,2018-06-03,2018-06-05,2018-06-05,1,0,,0.0002945922862,0.0002306685569,0.03523384483,0,temporal_sigmoid
logistic_history14,S1,2018,2018-06-03,2018-05-21,2018-06-03,2018-06-04,2018-06-06,2018-06-06,1,0,,0.002087905049,0.0009243207074,0.03523384483,0,temporal_sigmoid
logistic_history14,S1,2018,2018-06-04,2018-05-22,2018-06-04,2018-06-05,2018-06-07,2018-06-07,1,0,,0.00430499396,0.00154488437,0.03523384483,0,temporal_sigmoid
logistic_history14,S1,2018,2018-06-05,2018-05-23,2018-06-05,2018-06-06,2018-06-08,2018-06-08,1,0,,0.005950908314,0.001944713775,0.03523384483,0,temporal_sigmoid
logistic_history14,S1,2018,2018-06-06,2018-05-24,2018-06-06,2018-06-07,2018-06-09,2018-06-09,1,0,,0.01333667988,0.003457804019,0.03523384483,0,temporal_sigmoid
logistic_history14,S1,2018,2018-06-07,2018-05-25,2018-06-07,2018-06-08,2018-06-10,2018-06-10,1,0,,0.06716804189,0.01122339271,0.03523384483,0,temporal_sigmoid
logistic_history14,S1,2018,2018-06-08,2018-05-26,2018-06-08,2018-06-09,2018-06-11,2018-06-11,1,0,,0.01983148929,0.00459640557,0.03523384483,0,temporal_sigmoid
logistic_history14,S1,2018,2018-06-09,2018-05-27,2018-06-09,2018-06-10,2018-06-12,2018-06-12,1,0,,0.0328737035,0.006624731417,0.03523384483,0,temporal_sigmoid
logistic_history14,S1,2018,2018-06-10,2018-05-28,2018-06-10,2018-06-11,2018-06-13,2018-06-13,1,0,,0.0008819683307,0.0005017276473,0.03523384483,0,temporal_sigmoid
logistic_history14,S1,2018,2018-06-11,2018-05-29,2018-06-11,2018-06-12,2018-06-14,2018-06-14,1,0,,0.0001683526407,0.000155171704,0.03523384483,0,temporal_sigmoid
logistic_history14,S1,2018,2018-06-12,2018-05-30,2018-06-12,2018-06-13,2018-06-15,2018-06-15,1,0,,7.260148021e-05,8.550891975e-05,0.03523384483,0,temporal_sigmoid
logistic_history14,S1,2018,2018-06-13,2018-05-31,2018-06-13,2018-06-14,2018-06-16,2018-06-16,1,0,,0.000256223054,0.0002089526374,0.03523384483,0,temporal_sigmoid
logistic_history14,S1,2018,2018-06-14,2018-06-01,2018-06-14,2018-06-15,2018-06-17,2018-06-17,1,0,,0.001479277921,0.0007239113003,0.03523384483,0,temporal_sigmoid
logistic_history14,S1,2018,2018-06-15,2018-06-02,2018-06-15,2018-06-16,2018-06-18,2018-06-18,1,0,,0.0001732745962,0.0001583724642,0.03523384483,0,temporal_sigmoid
logistic_history14,S1,2018,2018-06-16,2018-06-03,2018-06-16,2018-06-17,2018-06-19,2018-06-19,1,0,,0.0007468321717,0.000445938269,0.03523384483,0,temporal_sigmoid
logistic_history14,S1,2018,2018-06-17,2018-06-04,2018-06-17,2018-06-18,2018-06-20,2018-06-20,1,0,,0.001546095034,0.0007469469644,0.03523384483,0,temporal_sigmoid
logistic_history14,S1,2018,2018-06-18,2018-06-05,2018-06-18,2018-06-19,2018-06-21,2018-06-21,1,0,,0.004566330226,0.001610950717,0.03523384483,0,temporal_sigmoid
logistic_history14,S1,2018,2018-06-19,2018-06-06,2018-06-19,2018-06-20,2018-06-22,2018-06-22,1,0,,0.0001286442411,0.0001282438841,0.03523384483,0,temporal_sigmoid
logistic_history14,S1,2018,2018-06-20,2018-06-07,2018-06-20,2018-06-21,2018-06-23,2018-06-23,1,0,,0.0001917719866,0.0001701729217,0.03523384483,0,temporal_sigmoid
logistic_history14,S1,2018,2018-06-21,2018-06-08,2018-06-21,2018-06-22,2018-06-24,2018-06-24,1,0,,0.002153984953,0.0009449778484,0.03523384483,0,temporal_sigmoid
logistic_history14,S1,2018,2018-06-22,2018-06-09,2018-06-22,2018-06-23,2018-06-25,2018-06-25,1,0,,0.0004381547386,0.0003055991384,0.03523384483,0,temporal_sigmoid
logistic_history14,S1,2018,2018-06-23,2018-06-10,2018-06-23,2018-06-24,2018-06-26,2018-06-26,1,0,,6.890282847e-06,1.612198692e-05,0.03523384483,0,temporal_sigmoid
logistic_history14,S1,2018,2018-06-24,2018-06-11,2018-06-24,2018-06-25,2018-06-27,2018-06-27,1,0,,4.090897521e-05,5.695138704e-05,0.03523384483,0,temporal_sigmoid
logistic_history14,S1,2018,2018-06-25,2018-06-12,2018-06-25,2018-06-26,2018-06-28,2018-06-28,1,0,,9.552788116e-08,4.106952376e-06,0.03523384483,0,temporal_sigmoid
logistic_history14,S1,2018,2018-06-26,2018-06-13,2018-06-26,2018-06-27,2018-06-29,2018-06-29,1,0,,8.396235768e-05,9.478635644e-05,0.03523384483,0,temporal_sigmoid
logistic_history14,S1,2018,2018-06-27,2018-06-14,2018-06-27,2018-06-28,2018-06-30,2018-06-30,1,0,,5.701299282e-06,1.409725251e-05,0.03523384483,0,temporal_sigmoid
logistic_history14,S1,2019,2019-02-28,2019-02-15,2019-02-28,2019-03-01,2019-03-03,2019-03-03,1,0,,1.132647647e-10,2.690929222e-06,0.05140478272,0,temporal_sigmoid
logistic_history14,S1,2019,2019-03-01,2019-02-16,2019-03-01,2019-03-02,2019-03-04,2019-03-04,1,0,,7.363728572e-09,2.690929222e-06,0.05140478272,0,temporal_sigmoid
logistic_history14,S1,2019,2019-03-02,2019-02-17,2019-03-02,2019-03-03,2019-03-05,2019-03-05,1,0,,2.753084517e-09,2.690929222e-06,0.05140478272,0,temporal_sigmoid
logistic_history14,S1,2019,2019-03-03,2019-02-18,2019-03-03,2019-03-04,2019-03-06,2019-03-06,1,0,,1.775182342e-08,2.690929222e-06,0.05140478272,0,temporal_sigmoid
logistic_history14,S1,2019,2019-03-04,2019-02-19,2019-03-04,2019-03-05,2019-03-07,2019-03-07,1,0,,1.328877626e-09,2.690929222e-06,0.05140478272,0,temporal_sigmoid
logistic_history14,S1,2019,2019-03-05,2019-02-20,2019-03-05,2019-03-06,2019-03-08,2019-03-08,1,0,,7.47231694e-10,2.690929222e-06,0.05140478272,0,temporal_sigmoid
logistic_history14,S1,2019,2019-03-06,2019-02-21,2019-03-06,2019-03-07,2019-03-09,2019-03-09,1,0,,3.385006143e-07,2.690929222e-06,0.05140478272,0,temporal_sigmoid
logistic_history14,S1,2019,2019-03-07,2019-02-22,2019-03-07,2019-03-08,2019-03-10,2019-03-10,1,0,,3.701046625e-07,2.690929222e-06,0.05140478272,0,temporal_sigmoid
logistic_history14,S1,2019,2019-03-08,2019-02-23,2019-03-08,2019-03-09,2019-03-11,2019-03-11,1,0,,7.990838684e-07,2.690929222e-06,0.05140478272,0,temporal_sigmoid
logistic_history14,S1,2019,2019-03-09,2019-02-24,2019-03-09,2019-03-10,2019-03-12,2019-03-12,1,0,,2.610798852e-06,5.515388286e-06,0.05140478272,0,temporal_sigmoid
logistic_history14,S1,2019,2019-03-10,2019-02-25,2019-03-10,2019-03-11,2019-03-13,2019-03-13,1,0,,8.04530099e-06,1.27964467e-05,0.05140478272,0,temporal_sigmoid
logistic_history14,S1,2019,2019-03-11,2019-02-26,2019-03-11,2019-03-12,2019-03-14,2019-03-14,1,0,,5.356311005e-05,5.281904508e-05,0.05140478272,0,temporal_sigmoid
logistic_history14,S1,2019,2019-03-12,2019-02-27,2019-03-12,2019-03-13,2019-03-15,2019-03-15,1,0,,0.0006686006319,0.0003489036628,0.05140478272,0,temporal_sigmoid
logistic_history14,S1,2019,2019-03-13,2019-02-28,2019-03-13,2019-03-14,2019-03-16,2019-03-16,1,0,,0.002407144066,0.0009100596996,0.05140478272,0,temporal_sigmoid
logistic_history14,S1,2019,2019-03-14,2019-03-01,2019-03-14,2019-03-15,2019-03-17,2019-03-17,1,0,,0.00821387162,0.002285565761,0.05140478272,0,temporal_sigmoid
logistic_history14,S1,2019,2019-03-15,2019-03-02,2019-03-15,2019-03-16,2019-03-18,2019-03-18,1,0,,0.008383805674,0.002321050418,0.05140478272,0,temporal_sigmoid
logistic_history14,S1,2019,2019-03-16,2019-03-03,2019-03-16,2019-03-17,2019-03-19,2019-03-19,1,0,,0.02028173677,0.00452438091,0.05140478272,0,temporal_sigmoid
logistic_history14,S1,2019,2019-03-17,2019-03-04,2019-03-17,2019-03-18,2019-03-20,2019-03-20,1,0,,0.03302711977,0.00656575308,0.05140478272,0,temporal_sigmoid
logistic_history14,S1,2019,2019-03-18,2019-03-05,2019-03-18,2019-03-19,2019-03-21,2019-03-21,1,0,,0.0003972794786,0.0002363765834,0.05140478272,0,temporal_sigmoid
logistic_history14,S1,2019,2019-03-19,2019-03-06,2019-03-19,2019-03-20,2019-03-22,2019-03-22,1,0,,0.003448563194,0.00119137817,0.05140478272,0,temporal_sigmoid
logistic_history14,S1,2019,2019-03-20,2019-03-07,2019-03-20,2019-03-21,2019-03-23,2019-03-23,1,0,,0.008781230991,0.002403371329,0.05140478272,0,temporal_sigmoid
logistic_history14,S1,2019,2019-03-21,2019-03-08,2019-03-21,2019-03-22,2019-03-24,2019-03-24,1,0,,0.06857902056,0.01160229722,0.05140478272,0,temporal_sigmoid
logistic_history14,S1,2019,2019-03-22,2019-03-09,2019-03-22,2019-03-23,2019-03-25,2019-03-25,1,0,,0.1069898697,0.01661337652,0.05140478272,0,temporal_sigmoid
logistic_history14,S1,2019,2019-03-23,2019-03-10,2019-03-23,2019-03-24,2019-03-26,2019-03-26,1,0,,0.2244048962,0.03163190633,0.05140478272,0,temporal_sigmoid
logistic_history14,S1,2019,2019-03-24,2019-03-11,2019-03-24,2019-03-25,2019-03-27,2019-03-27,1,0,,0.09995412557,0.01571140454,0.05140478272,0,temporal_sigmoid
logistic_history14,S1,2019,2019-03-25,2019-03-12,2019-03-25,2019-03-26,2019-03-28,2019-03-28,1,0,,0.2930741577,0.04099411995,0.05140478272,0,temporal_sigmoid
logistic_history14,S1,2019,2019-03-26,2019-03-13,2019-03-26,2019-03-27,2019-03-29,2019-03-29,1,0,,0.1547344625,0.02267020486,0.05140478272,0,temporal_sigmoid
logistic_history14,S1,2019,2019-03-27,2019-03-14,2019-03-27,2019-03-28,2019-03-30,2019-03-30,1,0,,0.0005456930492,0.000299719403,0.05140478272,0,temporal_sigmoid
logistic_history14,S1,2019,2019-03-28,2019-03-15,2019-03-28,2019-03-29,2019-03-31,2019-03-31,1,0,,0.0640472364,0.01099088203,0.05140478272,0,temporal_sigmoid
logistic_history14,S1,2019,2019-03-29,2019-03-16,2019-03-29,2019-03-30,2019-04-01,2019-04-01,1,0,,0.06749841707,0.01145705355,0.05140478272,0,temporal_sigmoid
logistic_history14,S1,2019,2019-03-30,2019-03-17,2019-03-30,2019-03-31,2019-04-02,2019-04-02,1,0,,0.1574255032,0.02301120075,0.05140478272,0,temporal_sigmoid
logistic_history14,S1,2019,2019-03-31,2019-03-18,2019-03-31,2019-04-01,2019-04-03,2019-04-03,1,0,,0.002157462869,0.0008384053108,0.05140478272,0,temporal_sigmoid
logistic_history14,S1,2019,2019-04-01,2019-03-19,2019-04-01,2019-04-02,2019-04-04,2019-04-04,1,0,,0.00126153274,0.0005610554978,0.05140478272,0,temporal_sigmoid
logistic_history14,S1,2019,2019-04-02,2019-03-20,2019-04-02,2019-04-03,2019-04-05,2019-04-05,1,0,,3.102410889e-06,6.27491078e-06,0.05140478272,0,temporal_sigmoid
logistic_history14,S1,2019,2019-04-03,2019-03-21,2019-04-03,2019-04-04,2019-04-06,2019-04-06,1,0,,0.001000147201,0.0004715772543,0.05140478272,0,temporal_sigmoid
logistic_history14,S1,2019,2019-04-04,2019-03-22,2019-04-04,2019-04-05,2019-04-07,2019-04-07,1,0,,0.001806725072,0.000734115137,0.05140478272,0,temporal_sigmoid
logistic_history14,S1,2019,2019-04-05,2019-03-23,2019-04-05,2019-04-06,2019-04-08,2019-04-08,1,0,,0.0004574560121,0.0002626753972,0.05140478272,0,temporal_sigmoid
logistic_history14,S1,2019,2019-04-06,2019-03-24,2019-04-06,2019-04-07,2019-04-09,2019-04-09,1,0,,0.0002347458756,0.0001594806122,0.05140478272,0,temporal_sigmoid
logistic_history14,S1,2019,2019-04-07,2019-03-25,2019-04-07,2019-04-08,2019-04-10,2019-04-10,1,0,,0.000279702047,0.000181811234,0.05140478272,0,temporal_sigmoid
logistic_history14,S1,2019,2019-04-08,2019-03-26,2019-04-08,2019-04-09,2019-04-11,2019-04-11,1,0,,3.442665576e-05,3.795156398e-05,0.05140478272,0,temporal_sigmoid
logistic_history14,S1,2019,2019-04-09,2019-03-27,2019-04-09,2019-04-10,2019-04-12,2019-04-12,1,0,,2.32500779e-06,5.057359695e-06,0.05140478272,0,temporal_sigmoid
logistic_history14,S1,2019,2019-04-10,2019-03-28,2019-04-10,2019-04-11,2019-04-13,2019-04-13,1,0,,9.989372317e-05,8.417985705e-05,0.05140478272,0,temporal_sigmoid
logistic_history14,S1,2019,2019-04-11,2019-03-29,2019-04-11,2019-04-12,2019-04-14,2019-04-14,1,0,,0.0002101792573,0.0001468262244,0.05140478272,0,temporal_sigmoid
logistic_history14,S1,2019,2019-04-12,2019-03-30,2019-04-12,2019-04-13,2019-04-15,2019-04-15,1,0,,0.004738479531,0.001511929947,0.05140478272,0,temporal_sigmoid
logistic_history14,S1,2019,2019-04-13,2019-03-31,2019-04-13,2019-04-14,2019-04-16,2019-04-16,1,0,,0.02137061996,0.004707874802,0.05140478272,0,temporal_sigmoid
logistic_history14,S1,2019,2019-04-14,2019-04-01,2019-04-14,2019-04-15,2019-04-17,2019-04-17,1,0,,0.0183651379,0.004195929236,0.05140478272,0,temporal_sigmoid
logistic_history14,S1,2019,2019-04-15,2019-04-02,2019-04-15,2019-04-16,2019-04-18,2019-04-18,1,0,,0.04836832704,0.00881861317,0.05140478272,0,temporal_sigmoid
logistic_history14,S1,2019,2019-04-16,2019-04-03,2019-04-16,2019-04-17,2019-04-19,2019-04-19,1,0,,0.1303284528,0.019580892,0.05140478272,0,temporal_sigmoid
logistic_history14,S1,2019,2019-04-17,2019-04-04,2019-04-17,2019-04-18,2019-04-20,2019-04-20,1,0,,0.06334439366,0.01089549308,0.05140478272,0,temporal_sigmoid
logistic_history14,S1,2019,2019-04-18,2019-04-05,2019-04-18,2019-04-19,2019-04-21,2019-04-21,1,0,,0.006556006419,0.001929246304,0.05140478272,0,temporal_sigmoid
logistic_history14,S1,2019,2019-04-19,2019-04-06,2019-04-19,2019-04-20,2019-04-22,2019-04-22,1,0,,0.02374218839,0.005100584379,0.05140478272,0,temporal_sigmoid
logistic_history14,S1,2019,2019-04-20,2019-04-07,2019-04-20,2019-04-21,2019-04-23,2019-04-23,1,0,,0.02323462487,0.005017288397,0.05140478272,0,temporal_sigmoid
logistic_history14,S1,2019,2019-04-21,2019-04-08,2019-04-21,2019-04-22,2019-04-24,2019-04-24,1,0,,0.04514720214,0.008358374024,0.05140478272,0,temporal_sigmoid
logistic_history14,S1,2019,2019-04-22,2019-04-09,2019-04-22,2019-04-23,2019-04-25,2019-04-25,1,0,,0.003665441535,0.001247109601,0.05140478272,0,temporal_sigmoid
logistic_history14,S1,2019,2019-04-23,2019-04-10,2019-04-23,2019-04-24,2019-04-26,2019-04-26,1,0,,0.126683904,0.01911908898,0.05140478272,0,temporal_sigmoid
logistic_history14,S1,2019,2019-04-24,2019-04-11,2019-04-24,2019-04-25,2019-04-27,2019-04-27,1,0,,0.5911756894,0.09812912453,0.05140478272,1,temporal_sigmoid
logistic_history14,S1,2019,2019-04-25,2019-04-12,2019-04-25,2019-04-26,2019-04-28,2019-04-28,1,0,,0.8056965505,0.1930391265,0.05140478272,1,temporal_sigmoid
logistic_history14,S1,2019,2019-04-26,2019-04-13,2019-04-26,2019-04-27,2019-04-29,2019-04-29,1,0,,0.6822927674,0.1275918509,0.05140478272,1,temporal_sigmoid
logistic_history14,S1,2019,2019-04-27,2019-04-14,2019-04-27,2019-04-28,2019-04-30,2019-04-30,1,0,,0.7050680283,0.1367868159,0.05140478272,1,temporal_sigmoid
logistic_history14,S1,2019,2019-04-28,2019-04-15,2019-04-28,2019-04-29,2019-05-01,2019-05-01,1,0,,0.9168100716,0.331947457,0.05140478272,1,temporal_sigmoid
logistic_history14,S1,2019,2019-04-29,2019-04-16,2019-04-29,2019-04-30,2019-05-02,2019-05-02,1,0,,0.9362144165,0.3810473208,0.05140478272,1,temporal_sigmoid
logistic_history14,S1,2019,2019-04-30,2019-04-17,2019-04-30,2019-05-01,2019-05-03,2019-05-03,1,0,,0.8948487204,0.2905492428,0.05140478272,1,temporal_sigmoid
logistic_history14,S1,2019,2019-05-01,2019-04-18,2019-05-01,2019-05-02,2019-05-04,2019-05-04,1,0,,0.8185014214,0.2030064651,0.05140478272,1,temporal_sigmoid
logistic_history14,S1,2019,2019-05-02,2019-04-19,2019-05-02,2019-05-03,2019-05-05,2019-05-05,1,0,,0.7518814942,0.1591038202,0.05140478272,1,temporal_sigmoid
logistic_history14,S1,2019,2019-05-03,2019-04-20,2019-05-03,2019-05-04,2019-05-06,2019-05-06,1,0,,0.005411710393,0.001670431938,0.05140478272,0,temporal_sigmoid
logistic_history14,S1,2019,2019-05-04,2019-04-21,2019-05-04,2019-05-05,2019-05-07,2019-05-07,1,0,,2.51696687e-06,5.366470283e-06,0.05140478272,0,temporal_sigmoid
logistic_history14,S1,2019,2019-05-05,2019-04-22,2019-05-05,2019-05-06,2019-05-08,2019-05-08,1,0,,0.009695574197,0.002589463028,0.05140478272,0,temporal_sigmoid
logistic_history14,S1,2019,2019-05-06,2019-04-23,2019-05-06,2019-05-07,2019-05-09,2019-05-09,1,0,,0.315785333,0.04426724148,0.05140478272,0,temporal_sigmoid
logistic_history14,S1,2019,2019-05-07,2019-04-24,2019-05-07,2019-05-08,2019-05-10,2019-05-10,1,0,,0.2626578915,0.03675924672,0.05140478272,0,temporal_sigmoid
logistic_history14,S1,2019,2019-05-08,2019-04-25,2019-05-08,2019-05-09,2019-05-11,2019-05-11,1,0,,0.4119578522,0.05951644248,0.05140478272,1,temporal_sigmoid
logistic_history14,S1,2019,2019-05-09,2019-04-26,2019-05-09,2019-05-10,2019-05-12,2019-05-12,1,0,,0.3408255998,0.04800354995,0.05140478272,0,temporal_sigmoid
logistic_history14,S1,2019,2019-05-10,2019-04-27,2019-05-10,2019-05-11,2019-05-13,2019-05-13,1,0,,0.5756281496,0.09397568199,0.05140478272,1,temporal_sigmoid
logistic_history14,S1,2019,2019-05-11,2019-04-28,2019-05-11,2019-05-12,2019-05-14,2019-05-14,1,0,,0.5588725997,0.08971826574,0.05140478272,1,temporal_sigmoid
logistic_history14,S1,2019,2019-05-12,2019-04-29,2019-05-12,2019-05-13,2019-05-15,2019-05-15,1,0,,0.3567195029,0.0504527136,0.05140478272,0,temporal_sigmoid
logistic_history14,S1,2019,2019-05-13,2019-04-30,2019-05-13,2019-05-14,2019-05-16,2019-05-16,1,0,,0.1554616901,0.02276233818,0.05140478272,0,temporal_sigmoid
logistic_history14,S1,2019,2019-05-14,2019-05-01,2019-05-14,2019-05-15,2019-05-17,2019-05-17,1,0,,0.008172536547,0.002276907752,0.05140478272,0,temporal_sigmoid
logistic_history14,S1,2019,2019-05-15,2019-05-02,2019-05-15,2019-05-16,2019-05-18,2019-05-18,1,0,,0.006249772123,0.001861148202,0.05140478272,0,temporal_sigmoid
logistic_history14,S1,2019,2019-05-16,2019-05-03,2019-05-16,2019-05-17,2019-05-19,2019-05-19,1,0,,0.001023266755,0.0004797102227,0.05140478272,0,temporal_sigmoid
logistic_history14,S1,2019,2019-05-17,2019-05-04,2019-05-17,2019-05-18,2019-05-20,2019-05-20,1,0,,0.03059515906,0.006191431077,0.05140478272,0,temporal_sigmoid
logistic_history14,S1,2019,2019-05-18,2019-05-05,2019-05-18,2019-05-19,2019-05-21,2019-05-21,1,0,,0.3274577576,0.04599122491,0.05140478272,0,temporal_sigmoid
logistic_history14,S1,2019,2019-05-19,2019-05-06,2019-05-19,2019-05-20,2019-05-22,2019-05-22,1,0,,0.08855855656,0.0142385169,0.05140478272,0,temporal_sigmoid
logistic_history14,S1,2019,2019-05-20,2019-05-07,2019-05-20,2019-05-21,2019-05-23,2019-05-23,1,0,,0.4137028479,0.0598184927,0.05140478272,1,temporal_sigmoid
logistic_history14,S1,2019,2019-05-21,2019-05-08,2019-05-21,2019-05-22,2019-05-24,2019-05-24,1,0,,0.5565297219,0.08913986941,0.05140478272,1,temporal_sigmoid
logistic_history14,S1,2019,2019-05-22,2019-05-09,2019-05-22,2019-05-23,2019-05-25,2019-05-25,1,0,,0.3634408169,0.05150808155,0.05140478272,1,temporal_sigmoid
logistic_history14,S1,2019,2019-05-23,2019-05-10,2019-05-23,2019-05-24,2019-05-26,2019-05-26,1,0,,0.04785524021,0.008745679848,0.05140478272,0,temporal_sigmoid
logistic_history14,S1,2019,2019-05-24,2019-05-11,2019-05-24,2019-05-25,2019-05-27,2019-05-27,1,0,,0.0003854410153,0.0002310882127,0.05140478272,0,temporal_sigmoid
logistic_history14,S1,2019,2019-05-25,2019-05-12,2019-05-25,2019-05-26,2019-05-28,2019-05-28,1,0,,0.0006948042673,0.0003590832256,0.05140478272,0,temporal_sigmoid
logistic_history14,S1,2019,2019-05-26,2019-05-13,2019-05-26,2019-05-27,2019-05-29,2019-05-29,1,0,,0.1443103114,0.02135055746,0.05140478272,0,temporal_sigmoid
logistic_history14,S1,2019,2019-05-27,2019-05-14,2019-05-27,2019-05-28,2019-05-30,2019-05-30,1,0,,0.08160003143,0.01332959456,0.05140478272,0,temporal_sigmoid
logistic_history14,S1,2019,2019-05-28,2019-05-15,2019-05-28,2019-05-29,2019-05-31,2019-05-31,1,0,,0.1552786382,0.02273914595,0.05140478272,0,temporal_sigmoid
logistic_history14,S1,2019,2019-05-29,2019-05-16,2019-05-29,2019-05-30,2019-06-01,2019-06-01,1,0,,0.2616708366,0.03662436794,0.05140478272,0,temporal_sigmoid
logistic_history14,S1,2019,2019-05-30,2019-05-17,2019-05-30,2019-05-31,2019-06-02,2019-06-02,1,0,,0.1340880651,0.02005695193,0.05140478272,0,temporal_sigmoid
logistic_history14,S1,2019,2019-05-31,2019-05-18,2019-05-31,2019-06-01,2019-06-03,2019-06-03,1,0,,0.05499688923,0.009749313906,0.05140478272,0,temporal_sigmoid
logistic_history14,S1,2019,2019-06-01,2019-05-19,2019-06-01,2019-06-02,2019-06-04,2019-06-04,1,0,,0.001168784238,0.0005298929317,0.05140478272,0,temporal_sigmoid
logistic_history14,S1,2019,2019-06-02,2019-05-20,2019-06-02,2019-06-03,2019-06-05,2019-06-05,1,0,,5.32273863e-06,9.395597907e-06,0.05140478272,0,temporal_sigmoid
logistic_history14,S1,2019,2019-06-03,2019-05-21,2019-06-03,2019-06-04,2019-06-06,2019-06-06,1,0,,5.035466785e-05,5.043468204e-05,0.05140478272,0,temporal_sigmoid
logistic_history14,S1,2019,2019-06-04,2019-05-22,2019-06-04,2019-06-05,2019-06-07,2019-06-07,1,0,,1.049921414e-06,2.790768901e-06,0.05140478272,0,temporal_sigmoid
logistic_history14,S1,2019,2019-06-05,2019-05-23,2019-06-05,2019-06-06,2019-06-08,2019-06-08,1,0,,5.388937901e-06,9.482847607e-06,0.05140478272,0,temporal_sigmoid
logistic_history14,S1,2019,2019-06-06,2019-05-24,2019-06-06,2019-06-07,2019-06-09,2019-06-09,1,0,,0.0007622721817,0.0003848611687,0.05140478272,0,temporal_sigmoid
logistic_history14,S1,2019,2019-06-07,2019-05-25,2019-06-07,2019-06-08,2019-06-10,2019-06-10,1,0,,0.0001201611582,9.66505812e-05,0.05140478272,0,temporal_sigmoid
logistic_history14,S1,2019,2019-06-08,2019-05-26,2019-06-08,2019-06-09,2019-06-11,2019-06-11,1,0,,0.0004940121187,0.0002782230935,0.05140478272,0,temporal_sigmoid
logistic_history14,S1,2019,2019-06-09,2019-05-27,2019-06-09,2019-06-10,2019-06-12,2019-06-12,1,0,,0.0005698458653,0.0003095881208,0.05140478272,0,temporal_sigmoid
logistic_history14,S1,2019,2019-06-10,2019-05-28,2019-06-10,2019-06-11,2019-06-13,2019-06-13,1,0,,0.006417258606,0.001898490882,0.05140478272,0,temporal_sigmoid
logistic_history14,S1,2019,2019-06-11,2019-05-29,2019-06-11,2019-06-12,2019-06-14,2019-06-14,1,0,,0.0172249494,0.003996881214,0.05140478272,0,temporal_sigmoid
logistic_history14,S1,2019,2019-06-12,2019-05-30,2019-06-12,2019-06-13,2019-06-15,2019-06-15,1,0,,0.0358312385,0.006990503403,0.05140478272,0,temporal_sigmoid
logistic_history14,S1,2019,2019-06-13,2019-05-31,2019-06-13,2019-06-14,2019-06-16,2019-06-16,1,0,,0.01615069083,0.003806580531,0.05140478272,0,temporal_sigmoid
logistic_history14,S1,2019,2019-06-14,2019-06-01,2019-06-14,2019-06-15,2019-06-17,2019-06-17,1,0,,0.0009207125875,0.0004432640737,0.05140478272,0,temporal_sigmoid
logistic_history14,S1,2019,2019-06-15,2019-06-02,2019-06-15,2019-06-16,2019-06-18,2019-06-18,1,0,,5.463744679e-06,9.581117306e-06,0.05140478272,0,temporal_sigmoid
logistic_history14,S1,2019,2019-06-16,2019-06-03,2019-06-16,2019-06-17,2019-06-19,2019-06-19,1,0,,0.003870180154,0.001298976191,0.05140478272,0,temporal_sigmoid
logistic_history14,S1,2019,2019-06-17,2019-06-04,2019-06-17,2019-06-18,2019-06-20,2019-06-20,1,0,,0.001163404498,0.0005280667443,0.05140478272,0,temporal_sigmoid
logistic_history14,S1,2019,2019-06-18,2019-06-05,2019-06-18,2019-06-19,2019-06-21,2019-06-21,1,0,,0.002030479162,0.0008011752419,0.05140478272,0,temporal_sigmoid
logistic_history14,S1,2019,2019-06-19,2019-06-06,2019-06-19,2019-06-20,2019-06-22,2019-06-22,1,0,,0.02627002723,0.00550988627,0.05140478272,0,temporal_sigmoid
logistic_history14,S1,2019,2019-06-20,2019-06-07,2019-06-20,2019-06-21,2019-06-23,2019-06-23,1,0,,0.00332295664,0.001158704749,0.05140478272,0,temporal_sigmoid
logistic_history14,S1,2019,2019-06-21,2019-06-08,2019-06-21,2019-06-22,2019-06-24,2019-06-24,1,0,,5.812369333e-05,5.614732097e-05,0.05140478272,0,temporal_sigmoid
logistic_history14,S1,2019,2019-06-22,2019-06-09,2019-06-22,2019-06-23,2019-06-25,2019-06-25,1,0,,0.0008943497953,0.0004337335488,0.05140478272,0,temporal_sigmoid
logistic_history14,S1,2019,2019-06-23,2019-06-10,2019-06-23,2019-06-24,2019-06-26,2019-06-26,1,0,,0.01679787518,0.003921560913,0.05140478272,0,temporal_sigmoid
logistic_history14,S1,2019,2019-06-24,2019-06-11,2019-06-24,2019-06-25,2019-06-27,2019-06-27,1,0,,0.01769501046,0.004079293276,0.05140478272,0,temporal_sigmoid
logistic_history14,S1,2019,2019-06-25,2019-06-12,2019-06-25,2019-06-26,2019-06-28,2019-06-28,1,0,,0.01159123252,0.002962566249,0.05140478272,0,temporal_sigmoid
logistic_history14,S1,2019,2019-06-26,2019-06-13,2019-06-26,2019-06-27,2019-06-29,2019-06-29,1,0,,0.004629756021,0.001485828793,0.05140478272,0,temporal_sigmoid
logistic_history14,S1,2019,2019-06-27,2019-06-14,2019-06-27,2019-06-28,2019-06-30,2019-06-30,1,0,,0.0003922758793,0.0002341463317,0.05140478272,0,temporal_sigmoid
logistic_history14,S1,2020,2020-02-29,2020-02-16,2020-02-29,2020-03-01,2020-03-03,2020-03-03,1,0,,2.894259291e-05,9.176377247e-05,0.05001493631,0,temporal_sigmoid
logistic_history14,S1,2020,2020-03-01,2020-02-17,2020-03-01,2020-03-02,2020-03-04,2020-03-04,1,0,,4.129515948e-05,0.0001160476601,0.05001493631,0,temporal_sigmoid
logistic_history14,S1,2020,2020-03-02,2020-02-18,2020-03-02,2020-03-03,2020-03-05,2020-03-05,1,0,,4.483736255e-05,0.000122530785,0.05001493631,0,temporal_sigmoid
logistic_history14,S1,2020,2020-03-03,2020-02-19,2020-03-03,2020-03-04,2020-03-06,2020-03-06,1,0,,1.489244785e-05,5.916293179e-05,0.05001493631,0,temporal_sigmoid
logistic_history14,S1,2020,2020-03-04,2020-02-20,2020-03-04,2020-03-05,2020-03-07,2020-03-07,1,0,,1.893922731e-05,6.934434753e-05,0.05001493631,0,temporal_sigmoid
logistic_history14,S1,2020,2020-03-05,2020-02-21,2020-03-05,2020-03-06,2020-03-08,2020-03-08,1,0,,1.25474719e-05,5.283190059e-05,0.05001493631,0,temporal_sigmoid
logistic_history14,S1,2020,2020-03-06,2020-02-22,2020-03-06,2020-03-07,2020-03-09,2020-03-09,1,0,,5.076416068e-07,9.935728498e-06,0.05001493631,0,temporal_sigmoid
logistic_history14,S1,2020,2020-03-07,2020-02-23,2020-03-07,2020-03-08,2020-03-10,2020-03-10,1,0,,1.107674837e-07,9.935728498e-06,0.05001493631,0,temporal_sigmoid
logistic_history14,S1,2020,2020-03-08,2020-02-24,2020-03-08,2020-03-09,2020-03-11,2020-03-11,1,0,,1.023792723e-05,4.618892273e-05,0.05001493631,0,temporal_sigmoid
logistic_history14,S1,2020,2020-03-09,2020-02-25,2020-03-09,2020-03-10,2020-03-12,2020-03-12,1,0,,1.869627971e-06,1.502175318e-05,0.05001493631,0,temporal_sigmoid
logistic_history14,S1,2020,2020-03-10,2020-02-26,2020-03-10,2020-03-11,2020-03-13,2020-03-13,1,0,,2.293043106e-06,1.71904435e-05,0.05001493631,0,temporal_sigmoid
logistic_history14,S1,2020,2020-03-11,2020-02-27,2020-03-11,2020-03-12,2020-03-14,2020-03-14,1,0,,1.013533321e-05,4.588264496e-05,0.05001493631,0,temporal_sigmoid
logistic_history14,S1,2020,2020-03-12,2020-02-28,2020-03-12,2020-03-13,2020-03-15,2020-03-15,1,0,,0.0001887257835,0.000316625623,0.05001493631,0,temporal_sigmoid
logistic_history14,S1,2020,2020-03-13,2020-02-29,2020-03-13,2020-03-14,2020-03-16,2020-03-16,1,0,,0.001180167668,0.001062728662,0.05001493631,0,temporal_sigmoid
logistic_history14,S1,2020,2020-03-14,2020-03-01,2020-03-14,2020-03-15,2020-03-17,2020-03-17,1,0,,0.0002076293941,0.000337232662,0.05001493631,0,temporal_sigmoid
logistic_history14,S1,2020,2020-03-15,2020-03-02,2020-03-15,2020-03-16,2020-03-18,2020-03-18,1,0,,0.0001437400737,0.0002645069026,0.05001493631,0,temporal_sigmoid
logistic_history14,S1,2020,2020-03-16,2020-03-03,2020-03-16,2020-03-17,2020-03-19,2020-03-19,1,0,,0.0002004724003,0.0003295088715,0.05001493631,0,temporal_sigmoid
logistic_history14,S1,2020,2020-03-17,2020-03-04,2020-03-17,2020-03-18,2020-03-20,2020-03-20,1,0,,0.0002087309604,0.0003384133813,0.05001493631,0,temporal_sigmoid
logistic_history14,S1,2020,2020-03-18,2020-03-05,2020-03-18,2020-03-19,2020-03-21,2020-03-21,1,0,,0.0001855823013,0.0003131322291,0.05001493631,0,temporal_sigmoid
logistic_history14,S1,2020,2020-03-19,2020-03-06,2020-03-19,2020-03-20,2020-03-22,2020-03-22,1,0,,0.0002857753011,0.0004164542024,0.05001493631,0,temporal_sigmoid
logistic_history14,S1,2020,2020-03-20,2020-03-07,2020-03-20,2020-03-21,2020-03-23,2020-03-23,1,0,,0.0005978527374,0.0006781300336,0.05001493631,0,temporal_sigmoid
logistic_history14,S1,2020,2020-03-21,2020-03-08,2020-03-21,2020-03-22,2020-03-24,2020-03-24,1,0,,0.002072969042,0.001542009238,0.05001493631,0,temporal_sigmoid
logistic_history14,S1,2020,2020-03-22,2020-03-09,2020-03-22,2020-03-23,2020-03-25,2020-03-25,1,0,,3.261724219e-05,9.93026684e-05,0.05001493631,0,temporal_sigmoid
logistic_history14,S1,2020,2020-03-23,2020-03-10,2020-03-23,2020-03-24,2020-03-26,2020-03-26,1,0,,0.00021368557,0.0003436980847,0.05001493631,0,temporal_sigmoid
logistic_history14,S1,2020,2020-03-24,2020-03-11,2020-03-24,2020-03-25,2020-03-27,2020-03-27,1,0,,0.0007317032933,0.0007749458193,0.05001493631,0,temporal_sigmoid
logistic_history14,S1,2020,2020-03-25,2020-03-12,2020-03-25,2020-03-26,2020-03-28,2020-03-28,1,0,,0.006973610646,0.003441296215,0.05001493631,0,temporal_sigmoid
logistic_history14,S1,2020,2020-03-26,2020-03-13,2020-03-26,2020-03-27,2020-03-29,2020-03-29,1,0,,0.0873898763,0.01903046365,0.05001493631,0,temporal_sigmoid
logistic_history14,S1,2020,2020-03-27,2020-03-14,2020-03-27,2020-03-28,2020-03-30,2020-03-30,1,0,,0.350194763,0.0572624688,0.05001493631,1,temporal_sigmoid
logistic_history14,S1,2020,2020-03-28,2020-03-15,2020-03-28,2020-03-29,2020-03-31,2020-03-31,1,0,,0.3677276164,0.06004143952,0.05001493631,1,temporal_sigmoid
logistic_history14,S1,2020,2020-03-29,2020-03-16,2020-03-29,2020-03-30,2020-04-01,2020-04-01,1,0,,0.07792476611,0.01754913977,0.05001493631,0,temporal_sigmoid
logistic_history14,S1,2020,2020-03-30,2020-03-17,2020-03-30,2020-03-31,2020-04-02,2020-04-02,1,0,,0.04286576841,0.01160643713,0.05001493631,0,temporal_sigmoid
logistic_history14,S1,2020,2020-03-31,2020-03-18,2020-03-31,2020-04-01,2020-04-03,2020-04-03,1,0,,0.07777409,0.01752525036,0.05001493631,0,temporal_sigmoid
logistic_history14,S1,2020,2020-04-01,2020-03-19,2020-04-01,2020-04-02,2020-04-04,2020-04-04,1,0,,0.1378281722,0.02649487411,0.05001493631,0,temporal_sigmoid
logistic_history14,S1,2020,2020-04-02,2020-03-20,2020-04-02,2020-04-03,2020-04-05,2020-04-05,1,0,,0.4611646596,0.07616764045,0.05001493631,1,temporal_sigmoid
logistic_history14,S1,2020,2020-04-03,2020-03-21,2020-04-03,2020-04-04,2020-04-06,2020-04-06,1,0,,0.1496435384,0.02818152217,0.05001493631,0,temporal_sigmoid
logistic_history14,S1,2020,2020-04-04,2020-03-22,2020-04-04,2020-04-05,2020-04-07,2020-04-07,1,0,,0.234997814,0.04021453299,0.05001493631,0,temporal_sigmoid
logistic_history14,S1,2020,2020-04-05,2020-03-23,2020-04-05,2020-04-06,2020-04-08,2020-04-08,1,0,,0.2060742164,0.03613250303,0.05001493631,0,temporal_sigmoid
logistic_history14,S1,2020,2020-04-06,2020-03-24,2020-04-06,2020-04-07,2020-04-09,2020-04-09,1,0,,0.8766308815,0.2502304552,0.05001493631,1,temporal_sigmoid
logistic_history14,S1,2020,2020-04-07,2020-03-25,2020-04-07,2020-04-08,2020-04-10,2020-04-10,1,0,,0.9567182441,0.4139448853,0.05001493631,1,temporal_sigmoid
logistic_history14,S1,2020,2020-04-08,2020-03-26,2020-04-08,2020-04-09,2020-04-11,2020-04-11,1,0,,0.02417210144,0.007878229376,0.05001493631,0,temporal_sigmoid
logistic_history14,S1,2020,2020-04-09,2020-03-27,2020-04-09,2020-04-10,2020-04-12,2020-04-12,1,0,,0.3644121506,0.05951099459,0.05001493631,1,temporal_sigmoid
logistic_history14,S1,2020,2020-04-10,2020-03-28,2020-04-10,2020-04-11,2020-04-13,2020-04-13,1,0,,0.6544766694,0.1223041664,0.05001493631,1,temporal_sigmoid
logistic_history14,S1,2020,2020-04-11,2020-03-29,2020-04-11,2020-04-12,2020-04-14,2020-04-14,1,0,,0.3943636882,0.06439417172,0.05001493631,1,temporal_sigmoid
logistic_history14,S1,2020,2020-04-12,2020-03-30,2020-04-12,2020-04-13,2020-04-15,2020-04-15,1,0,,0.001776950345,0.001392710222,0.05001493631,0,temporal_sigmoid
logistic_history14,S1,2020,2020-04-13,2020-03-31,2020-04-13,2020-04-14,2020-04-16,2020-04-16,1,0,,0.03873329469,0.01083225861,0.05001493631,0,temporal_sigmoid
logistic_history14,S1,2020,2020-04-14,2020-04-01,2020-04-14,2020-04-15,2020-04-17,2020-04-17,1,0,,0.3135492369,0.05164168547,0.05001493631,1,temporal_sigmoid
logistic_history14,S1,2020,2020-04-15,2020-04-02,2020-04-15,2020-04-16,2020-04-18,2020-04-18,1,0,,0.0158535312,0.00594053411,0.05001493631,0,temporal_sigmoid
logistic_history14,S1,2020,2020-04-16,2020-04-03,2020-04-16,2020-04-17,2020-04-19,2020-04-19,1,0,,0.08650264798,0.01889312367,0.05001493631,0,temporal_sigmoid
logistic_history14,S1,2020,2020-04-17,2020-04-04,2020-04-17,2020-04-18,2020-04-20,2020-04-20,1,0,,0.0008803174707,0.0008756280911,0.05001493631,0,temporal_sigmoid
logistic_history14,S1,2020,2020-04-18,2020-04-05,2020-04-18,2020-04-19,2020-04-21,2020-04-21,1,0,,0.04075078705,0.01121300364,0.05001493631,0,temporal_sigmoid
logistic_history14,S1,2020,2020-04-19,2020-04-06,2020-04-19,2020-04-20,2020-04-22,2020-04-22,1,0,,0.07317033846,0.01679014615,0.05001493631,0,temporal_sigmoid
logistic_history14,S1,2020,2020-04-20,2020-04-07,2020-04-20,2020-04-21,2020-04-23,2020-04-23,1,0,,8.299419475e-05,0.0001840264766,0.05001493631,0,temporal_sigmoid
logistic_history14,S1,2020,2020-04-21,2020-04-08,2020-04-21,2020-04-22,2020-04-24,2020-04-24,1,0,,1.315314857e-05,5.450302119e-05,0.05001493631,0,temporal_sigmoid
logistic_history14,S1,2020,2020-04-22,2020-04-09,2020-04-22,2020-04-23,2020-04-25,2020-04-25,1,0,,0.003384911743,0.00213248671,0.05001493631,0,temporal_sigmoid
logistic_history14,S1,2020,2020-04-23,2020-04-10,2020-04-23,2020-04-24,2020-04-26,2020-04-26,1,0,,0.003544740442,0.002198569453,0.05001493631,0,temporal_sigmoid
logistic_history14,S1,2020,2020-04-24,2020-04-11,2020-04-24,2020-04-25,2020-04-27,2020-04-27,1,0,,8.896273151e-07,9.935728498e-06,0.05001493631,0,temporal_sigmoid
logistic_history14,S1,2020,2020-04-25,2020-04-12,2020-04-25,2020-04-26,2020-04-28,2020-04-28,1,0,,5.324797789e-06,2.999105772e-05,0.05001493631,0,temporal_sigmoid
logistic_history14,S1,2020,2020-04-26,2020-04-13,2020-04-26,2020-04-27,2020-04-29,2020-04-29,1,0,,5.795649473e-07,9.935728498e-06,0.05001493631,0,temporal_sigmoid
logistic_history14,S1,2020,2020-04-27,2020-04-14,2020-04-27,2020-04-28,2020-04-30,2020-04-30,1,0,,9.440152257e-05,0.0002003664376,0.05001493631,0,temporal_sigmoid
logistic_history14,S1,2020,2020-04-28,2020-04-15,2020-04-28,2020-04-29,2020-05-01,2020-05-01,1,0,,1.225593485e-05,5.201778633e-05,0.05001493631,0,temporal_sigmoid
logistic_history14,S1,2020,2020-04-29,2020-04-16,2020-04-29,2020-04-30,2020-05-02,2020-05-02,1,0,,0.0004805762787,0.0005870464507,0.05001493631,0,temporal_sigmoid
logistic_history14,S1,2020,2020-04-30,2020-04-17,2020-04-30,2020-05-01,2020-05-03,2020-05-03,1,0,,2.107404066e-05,7.4413548e-05,0.05001493631,0,temporal_sigmoid
logistic_history14,S1,2020,2020-05-01,2020-04-18,2020-05-01,2020-05-02,2020-05-04,2020-05-04,1,0,,3.176128022e-05,9.757351228e-05,0.05001493631,0,temporal_sigmoid
logistic_history14,S1,2020,2020-05-02,2020-04-19,2020-05-02,2020-05-03,2020-05-05,2020-05-05,1,0,,6.878573374e-05,0.0001625599845,0.05001493631,0,temporal_sigmoid
logistic_history14,S1,2020,2020-05-03,2020-04-20,2020-05-03,2020-05-04,2020-05-06,2020-05-06,1,0,,0.0001326755062,0.0002508760566,0.05001493631,0,temporal_sigmoid
logistic_history14,S1,2020,2020-05-04,2020-04-21,2020-05-04,2020-05-05,2020-05-07,2020-05-07,1,0,,0.004373721585,0.0025265473,0.05001493631,0,temporal_sigmoid
logistic_history14,S1,2020,2020-05-05,2020-04-22,2020-05-05,2020-05-06,2020-05-08,2020-05-08,1,0,,0.01239765028,0.005042757288,0.05001493631,0,temporal_sigmoid
logistic_history14,S1,2020,2020-05-06,2020-04-23,2020-05-06,2020-05-07,2020-05-09,2020-05-09,1,0,,4.679022976e-05,0.0001260304359,0.05001493631,0,temporal_sigmoid
logistic_history14,S1,2020,2020-05-07,2020-04-24,2020-05-07,2020-05-08,2020-05-10,2020-05-10,1,0,,0.003061048719,0.0019952601,0.05001493631,0,temporal_sigmoid
logistic_history14,S1,2020,2020-05-08,2020-04-25,2020-05-08,2020-05-09,2020-05-11,2020-05-11,1,0,,0.001565024763,0.001280600154,0.05001493631,0,temporal_sigmoid
logistic_history14,S1,2020,2020-05-09,2020-04-26,2020-05-09,2020-05-10,2020-05-12,2020-05-12,1,0,,0.01679759472,0.006174386001,0.05001493631,0,temporal_sigmoid
logistic_history14,S1,2020,2020-05-10,2020-04-27,2020-05-10,2020-05-11,2020-05-13,2020-05-13,1,0,,0.0645009306,0.01537542313,0.05001493631,0,temporal_sigmoid
logistic_history14,S1,2020,2020-05-11,2020-04-28,2020-05-11,2020-05-12,2020-05-14,2020-05-14,1,0,,0.05323769684,0.01346407376,0.05001493631,0,temporal_sigmoid
logistic_history14,S1,2020,2020-05-12,2020-04-29,2020-05-12,2020-05-13,2020-05-15,2020-05-15,1,0,,0.2663644698,0.04469976435,0.05001493631,0,temporal_sigmoid
logistic_history14,S1,2020,2020-05-13,2020-04-30,2020-05-13,2020-05-14,2020-05-16,2020-05-16,1,0,,0.009591963932,0.004251936624,0.05001493631,0,temporal_sigmoid
logistic_history14,S1,2020,2020-05-14,2020-05-01,2020-05-14,2020-05-15,2020-05-17,2020-05-17,1,0,,0.1023943504,0.02131341779,0.05001493631,0,temporal_sigmoid
logistic_history14,S1,2020,2020-05-15,2020-05-02,2020-05-15,2020-05-16,2020-05-18,2020-05-18,1,0,,0.04113053688,0.0112840634,0.05001493631,0,temporal_sigmoid
logistic_history14,S1,2020,2020-05-16,2020-05-03,2020-05-16,2020-05-17,2020-05-19,2020-05-19,1,0,,0.1765651152,0.03198551961,0.05001493631,0,temporal_sigmoid
logistic_history14,S1,2020,2020-05-17,2020-05-04,2020-05-17,2020-05-18,2020-05-20,2020-05-20,1,0,,0.250792718,0.04246319721,0.05001493631,0,temporal_sigmoid
logistic_history14,S1,2020,2020-05-18,2020-05-05,2020-05-18,2020-05-19,2020-05-21,2020-05-21,1,0,,0.3662002333,0.05979677638,0.05001493631,1,temporal_sigmoid
logistic_history14,S1,2020,2020-05-19,2020-05-06,2020-05-19,2020-05-20,2020-05-22,2020-05-22,1,0,,0.00511198425,0.002801359809,0.05001493631,0,temporal_sigmoid
logistic_history14,S1,2020,2020-05-20,2020-05-07,2020-05-20,2020-05-21,2020-05-23,2020-05-23,1,0,,7.295607765e-05,0.0001690048477,0.05001493631,0,temporal_sigmoid
logistic_history14,S1,2020,2020-05-21,2020-05-08,2020-05-21,2020-05-22,2020-05-24,2020-05-24,1,0,,4.400051188e-05,0.0001210153178,0.05001493631,0,temporal_sigmoid
logistic_history14,S1,2020,2020-05-22,2020-05-09,2020-05-22,2020-05-23,2020-05-25,2020-05-25,1,0,,0.001480850327,0.001234662277,0.05001493631,0,temporal_sigmoid
logistic_history14,S1,2020,2020-05-23,2020-05-10,2020-05-23,2020-05-24,2020-05-26,2020-05-26,1,0,,0.01727641055,0.006291381493,0.05001493631,0,temporal_sigmoid
logistic_history14,S1,2020,2020-05-24,2020-05-11,2020-05-24,2020-05-25,2020-05-27,2020-05-27,1,0,,0.00661935798,0.003324400664,0.05001493631,0,temporal_sigmoid
logistic_history14,S1,2020,2020-05-25,2020-05-12,2020-05-25,2020-05-26,2020-05-28,2020-05-28,1,0,,0.001158556536,0.001049831161,0.05001493631,0,temporal_sigmoid
logistic_history14,S1,2020,2020-05-26,2020-05-13,2020-05-26,2020-05-27,2020-05-29,2020-05-29,1,0,,0.001070007654,0.0009961080712,0.05001493631,0,temporal_sigmoid
logistic_history14,S1,2020,2020-05-27,2020-05-14,2020-05-27,2020-05-28,2020-05-30,2020-05-30,1,0,,1.749286332e-06,1.437583734e-05,0.05001493631,0,temporal_sigmoid
logistic_history14,S1,2020,2020-05-28,2020-05-15,2020-05-28,2020-05-29,2020-05-31,2020-05-31,1,0,,1.601479871e-05,6.207180879e-05,0.05001493631,0,temporal_sigmoid
logistic_history14,S1,2020,2020-05-29,2020-05-16,2020-05-29,2020-05-30,2020-06-01,2020-06-01,1,0,,4.586950655e-05,0.0001243867535,0.05001493631,0,temporal_sigmoid
logistic_history14,S1,2020,2020-05-30,2020-05-17,2020-05-30,2020-05-31,2020-06-02,2020-06-02,1,0,,1.887654368e-06,1.511727496e-05,0.05001493631,0,temporal_sigmoid
logistic_history14,S1,2020,2020-05-31,2020-05-18,2020-05-31,2020-06-01,2020-06-03,2020-06-03,1,0,,0.0003707733714,0.0004946083553,0.05001493631,0,temporal_sigmoid
logistic_history14,S1,2020,2020-06-01,2020-05-19,2020-06-01,2020-06-02,2020-06-04,2020-06-04,1,0,,0.0006156716579,0.0006914142072,0.05001493631,0,temporal_sigmoid
logistic_history14,S1,2020,2020-06-02,2020-05-20,2020-06-02,2020-06-03,2020-06-05,2020-06-05,1,0,,0.00207534078,0.001543175108,0.05001493631,0,temporal_sigmoid
logistic_history14,S1,2020,2020-06-03,2020-05-21,2020-06-03,2020-06-04,2020-06-06,2020-06-06,1,0,,5.657038395e-05,0.0001428654514,0.05001493631,0,temporal_sigmoid
logistic_history14,S1,2020,2020-06-04,2020-05-22,2020-06-04,2020-06-05,2020-06-07,2020-06-07,1,0,,0.0001119271591,0.0002242206832,0.05001493631,0,temporal_sigmoid
logistic_history14,S1,2020,2020-06-05,2020-05-23,2020-06-05,2020-06-06,2020-06-08,2020-06-08,1,0,,0.0005477317823,0.0006400218462,0.05001493631,0,temporal_sigmoid
logistic_history14,S1,2020,2020-06-06,2020-05-24,2020-06-06,2020-06-07,2020-06-09,2020-06-09,1,0,,0.0005091167807,0.0006098489274,0.05001493631,0,temporal_sigmoid
logistic_history14,S1,2020,2020-06-07,2020-05-25,2020-06-07,2020-06-08,2020-06-10,2020-06-10,1,0,,0.002313784793,0.001658198253,0.05001493631,0,temporal_sigmoid
logistic_history14,S1,2020,2020-06-08,2020-05-26,2020-06-08,2020-06-09,2020-06-11,2020-06-11,1,0,,0.001896687236,0.001454042578,0.05001493631,0,temporal_sigmoid
logistic_history14,S1,2020,2020-06-09,2020-05-27,2020-06-09,2020-06-10,2020-06-12,2020-06-12,1,0,,0.02116195159,0.007205822236,0.05001493631,0,temporal_sigmoid
logistic_history14,S1,2020,2020-06-10,2020-05-28,2020-06-10,2020-06-11,2020-06-13,2020-06-13,1,0,,0.0009227899838,0.00090331282,0.05001493631,0,temporal_sigmoid
logistic_history14,S1,2020,2020-06-11,2020-05-29,2020-06-11,2020-06-12,2020-06-14,2020-06-14,1,0,,7.588622929e-05,0.0001734584271,0.05001493631,0,temporal_sigmoid
logistic_history14,S1,2020,2020-06-12,2020-05-30,2020-06-12,2020-06-13,2020-06-15,2020-06-15,1,0,,7.373129261e-06,3.718475588e-05,0.05001493631,0,temporal_sigmoid
logistic_history14,S1,2020,2020-06-13,2020-05-31,2020-06-13,2020-06-14,2020-06-16,2020-06-16,1,0,,9.298918944e-06,4.334499911e-05,0.05001493631,0,temporal_sigmoid
logistic_history14,S1,2020,2020-06-14,2020-06-01,2020-06-14,2020-06-15,2020-06-17,2020-06-17,1,0,,0.0005495331875,0.0006414114725,0.05001493631,0,temporal_sigmoid
logistic_history14,S1,2020,2020-06-15,2020-06-02,2020-06-15,2020-06-16,2020-06-18,2020-06-18,1,0,,0.0003393222534,0.0004664808957,0.05001493631,0,temporal_sigmoid
logistic_history14,S1,2020,2020-06-16,2020-06-03,2020-06-16,2020-06-17,2020-06-19,2020-06-19,1,0,,0.000667556477,0.000729372865,0.05001493631,0,temporal_sigmoid
logistic_history14,S1,2020,2020-06-17,2020-06-04,2020-06-17,2020-06-18,2020-06-20,2020-06-20,1,0,,9.333333006e-07,9.935728498e-06,0.05001493631,0,temporal_sigmoid
logistic_history14,S1,2020,2020-06-18,2020-06-05,2020-06-18,2020-06-19,2020-06-21,2020-06-21,1,0,,1.191279428e-06,1.115357881e-05,0.05001493631,0,temporal_sigmoid
logistic_history14,S1,2020,2020-06-19,2020-06-06,2020-06-19,2020-06-20,2020-06-22,2020-06-22,1,0,,3.972745458e-06,2.471476815e-05,0.05001493631,0,temporal_sigmoid
logistic_history14,S1,2020,2020-06-20,2020-06-07,2020-06-20,2020-06-21,2020-06-23,2020-06-23,1,0,,7.073928539e-05,0.0001655950553,0.05001493631,0,temporal_sigmoid
logistic_history14,S1,2020,2020-06-21,2020-06-08,2020-06-21,2020-06-22,2020-06-24,2020-06-24,1,0,,6.368410566e-06,3.375498475e-05,0.05001493631,0,temporal_sigmoid
logistic_history14,S1,2020,2020-06-22,2020-06-09,2020-06-22,2020-06-23,2020-06-25,2020-06-25,1,0,,0.0001151151171,0.0002284189247,0.05001493631,0,temporal_sigmoid
logistic_history14,S1,2020,2020-06-23,2020-06-10,2020-06-23,2020-06-24,2020-06-26,2020-06-26,1,0,,2.541157704e-05,8.4206477e-05,0.05001493631,0,temporal_sigmoid
logistic_history14,S1,2020,2020-06-24,2020-06-11,2020-06-24,2020-06-25,2020-06-27,2020-06-27,1,0,,0.0002205078573,0.0003509073404,0.05001493631,0,temporal_sigmoid
logistic_history14,S1,2020,2020-06-25,2020-06-12,2020-06-25,2020-06-26,2020-06-28,2020-06-28,1,0,,0.000566740354,0.0006546083938,0.05001493631,0,temporal_sigmoid
logistic_history14,S1,2020,2020-06-26,2020-06-13,2020-06-26,2020-06-27,2020-06-29,2020-06-29,1,0,,1.747371008e-05,6.575157125e-05,0.05001493631,0,temporal_sigmoid
logistic_history14,S1,2020,2020-06-27,2020-06-14,2020-06-27,2020-06-28,2020-06-30,2020-06-30,1,0,,4.674868087e-06,2.751985748e-05,0.05001493631,0,temporal_sigmoid
logistic_history14,S1,2021,2021-02-28,2021-02-15,2021-02-28,2021-03-01,2021-03-03,2021-03-03,1,0,,0.01519327192,0.004174929473,0.04251099281,0,temporal_sigmoid
logistic_history14,S1,2021,2021-03-01,2021-02-16,2021-03-01,2021-03-02,2021-03-04,2021-03-04,1,0,,0.01046011604,0.003228607773,0.04251099281,0,temporal_sigmoid
logistic_history14,S1,2021,2021-03-02,2021-02-17,2021-03-02,2021-03-03,2021-03-05,2021-03-05,1,0,,0.007530642651,0.00257657755,0.04251099281,0,temporal_sigmoid
logistic_history14,S1,2021,2021-03-03,2021-02-18,2021-03-03,2021-03-04,2021-03-06,2021-03-06,1,0,,0.001224336657,0.0007440548742,0.04251099281,0,temporal_sigmoid
logistic_history14,S1,2021,2021-03-04,2021-02-19,2021-03-04,2021-03-05,2021-03-07,2021-03-07,1,0,,0.0001623205033,0.0001873770668,0.04251099281,0,temporal_sigmoid
logistic_history14,S1,2021,2021-03-05,2021-02-20,2021-03-05,2021-03-06,2021-03-08,2021-03-08,1,0,,0.0002543536836,0.0002545801718,0.04251099281,0,temporal_sigmoid
logistic_history14,S1,2021,2021-03-06,2021-02-21,2021-03-06,2021-03-07,2021-03-09,2021-03-09,1,0,,0.003074917221,0.001395664529,0.04251099281,0,temporal_sigmoid
logistic_history14,S1,2021,2021-03-07,2021-02-22,2021-03-07,2021-03-08,2021-03-10,2021-03-10,1,0,,0.003731692742,0.0015931644,0.04251099281,0,temporal_sigmoid
logistic_history14,S1,2021,2021-03-08,2021-02-23,2021-03-08,2021-03-09,2021-03-11,2021-03-11,1,0,,0.0008135114474,0.0005628754846,0.04251099281,0,temporal_sigmoid
logistic_history14,S1,2021,2021-03-09,2021-02-24,2021-03-09,2021-03-10,2021-03-12,2021-03-12,1,0,,0.0006797672006,0.000497934422,0.04251099281,0,temporal_sigmoid
logistic_history14,S1,2021,2021-03-10,2021-02-25,2021-03-10,2021-03-11,2021-03-13,2021-03-13,1,0,,0.001106500964,0.0006943864217,0.04251099281,0,temporal_sigmoid
logistic_history14,S1,2021,2021-03-11,2021-02-26,2021-03-11,2021-03-12,2021-03-14,2021-03-14,1,0,,0.009387218732,0.002997249702,0.04251099281,0,temporal_sigmoid
logistic_history14,S1,2021,2021-03-12,2021-02-27,2021-03-12,2021-03-13,2021-03-15,2021-03-15,1,0,,0.02086055499,0.005198291685,0.04251099281,0,temporal_sigmoid
logistic_history14,S1,2021,2021-03-13,2021-02-28,2021-03-13,2021-03-14,2021-03-16,2021-03-16,1,0,,0.001077659161,0.000681978676,0.04251099281,0,temporal_sigmoid
logistic_history14,S1,2021,2021-03-14,2021-03-01,2021-03-14,2021-03-15,2021-03-17,2021-03-17,1,0,,0.0001430557278,0.0001719000562,0.04251099281,0,temporal_sigmoid
logistic_history14,S1,2021,2021-03-15,2021-03-02,2021-03-15,2021-03-16,2021-03-18,2021-03-18,1,0,,0.0004668907013,0.0003853270928,0.04251099281,0,temporal_sigmoid
logistic_history14,S1,2021,2021-03-16,2021-03-03,2021-03-16,2021-03-17,2021-03-19,2021-03-19,1,0,,0.002518809535,0.001217789434,0.04251099281,0,temporal_sigmoid
logistic_history14,S1,2021,2021-03-17,2021-03-04,2021-03-17,2021-03-18,2021-03-20,2021-03-20,1,0,,0.003550194058,0.001539761738,0.04251099281,0,temporal_sigmoid
logistic_history14,S1,2021,2021-03-18,2021-03-05,2021-03-18,2021-03-19,2021-03-21,2021-03-21,1,0,,0.003889727877,0.001639003124,0.04251099281,0,temporal_sigmoid
logistic_history14,S1,2021,2021-03-19,2021-03-06,2021-03-19,2021-03-20,2021-03-22,2021-03-22,1,0,,0.003807177037,0.001615133278,0.04251099281,0,temporal_sigmoid
logistic_history14,S1,2021,2021-03-20,2021-03-07,2021-03-20,2021-03-21,2021-03-23,2021-03-23,1,0,,0.01577430879,0.004284484233,0.04251099281,0,temporal_sigmoid
logistic_history14,S1,2021,2021-03-21,2021-03-08,2021-03-21,2021-03-22,2021-03-24,2021-03-24,1,0,,0.139708695,0.02046803278,0.04251099281,0,temporal_sigmoid
logistic_history14,S1,2021,2021-03-22,2021-03-09,2021-03-22,2021-03-23,2021-03-25,2021-03-25,1,0,,0.3406112983,0.04399907363,0.04251099281,1,temporal_sigmoid
logistic_history14,S1,2021,2021-03-23,2021-03-10,2021-03-23,2021-03-24,2021-03-26,2021-03-26,1,0,,0.5418752801,0.07493422507,0.04251099281,1,temporal_sigmoid
logistic_history14,S1,2021,2021-03-24,2021-03-11,2021-03-24,2021-03-25,2021-03-27,2021-03-27,1,0,,0.5513430325,0.07676152793,0.04251099281,1,temporal_sigmoid
logistic_history14,S1,2021,2021-03-25,2021-03-12,2021-03-25,2021-03-26,2021-03-28,2021-03-28,1,0,,0.7763694403,0.1444885707,0.04251099281,1,temporal_sigmoid
logistic_history14,S1,2021,2021-03-26,2021-03-13,2021-03-26,2021-03-27,2021-03-29,2021-03-29,1,0,,0.7817285328,0.1471347262,0.04251099281,1,temporal_sigmoid
logistic_history14,S1,2021,2021-03-27,2021-03-14,2021-03-27,2021-03-28,2021-03-30,2021-03-30,1,0,,0.6125857892,0.08987547255,0.04251099281,1,temporal_sigmoid
logistic_history14,S1,2021,2021-03-28,2021-03-15,2021-03-28,2021-03-29,2021-03-31,2021-03-31,1,0,,0.315353932,0.04082354265,0.04251099281,0,temporal_sigmoid
logistic_history14,S1,2021,2021-03-29,2021-03-16,2021-03-29,2021-03-30,2021-04-01,2021-04-01,1,0,,0.3568707031,0.04610061553,0.04251099281,1,temporal_sigmoid
logistic_history14,S1,2021,2021-03-30,2021-03-17,2021-03-30,2021-03-31,2021-04-02,2021-04-02,1,0,,0.6248562907,0.09282159059,0.04251099281,1,temporal_sigmoid
logistic_history14,S1,2021,2021-03-31,2021-03-18,2021-03-31,2021-04-01,2021-04-03,2021-04-03,1,0,,0.9672146436,0.4210855921,0.04251099281,1,temporal_sigmoid
logistic_history14,S1,2021,2021-04-01,2021-03-19,2021-04-01,2021-04-02,2021-04-04,2021-04-04,1,0,,0.989759188,0.6204440946,0.04251099281,1,temporal_sigmoid
logistic_history14,S1,2021,2021-04-02,2021-03-20,2021-04-02,2021-04-03,2021-04-05,2021-04-05,1,0,,0.8578441483,0.1976210669,0.04251099281,1,temporal_sigmoid
logistic_history14,S1,2021,2021-04-03,2021-03-21,2021-04-03,2021-04-04,2021-04-06,2021-04-06,1,0,,0.6051689242,0.08815211013,0.04251099281,1,temporal_sigmoid
logistic_history14,S1,2021,2021-04-04,2021-03-22,2021-04-04,2021-04-05,2021-04-07,2021-04-07,1,0,,0.7358145008,0.1268797066,0.04251099281,1,temporal_sigmoid
logistic_history14,S1,2021,2021-04-05,2021-03-23,2021-04-05,2021-04-06,2021-04-08,2021-04-08,1,0,,0.0323868069,0.007061889121,0.04251099281,0,temporal_sigmoid
logistic_history14,S1,2021,2021-04-06,2021-03-24,2021-04-06,2021-04-07,2021-04-09,2021-04-09,1,0,,0.01047525944,0.003231819963,0.04251099281,0,temporal_sigmoid
logistic_history14,S1,2021,2021-04-07,2021-03-25,2021-04-07,2021-04-08,2021-04-10,2021-04-10,1,0,,0.06442657564,0.01150220825,0.04251099281,0,temporal_sigmoid
logistic_history14,S1,2021,2021-04-08,2021-03-26,2021-04-08,2021-04-09,2021-04-11,2021-04-11,1,0,,0.034609309,0.007398181833,0.04251099281,0,temporal_sigmoid
logistic_history14,S1,2021,2021-04-09,2021-03-27,2021-04-09,2021-04-10,2021-04-12,2021-04-12,1,0,,0.2575931601,0.03389046386,0.04251099281,0,temporal_sigmoid
logistic_history14,S1,2021,2021-04-10,2021-03-28,2021-04-10,2021-04-11,2021-04-13,2021-04-13,1,0,,0.4811803803,0.06421090971,0.04251099281,1,temporal_sigmoid
logistic_history14,S1,2021,2021-04-11,2021-03-29,2021-04-11,2021-04-12,2021-04-14,2021-04-14,1,1,fixed36_0040,0.6949102898,0.1124360175,0.04251099281,1,temporal_sigmoid
logistic_history14,S1,2021,2021-04-12,2021-03-30,2021-04-12,2021-04-13,2021-04-15,2021-04-15,1,0,,0.8839096258,0.2239867598,0.04251099281,1,temporal_sigmoid
logistic_history14,S1,2021,2021-04-13,2021-03-31,2021-04-13,2021-04-14,2021-04-16,2021-04-16,1,0,,0.8066319326,0.1606788462,0.04251099281,1,temporal_sigmoid
logistic_history14,S1,2021,2021-04-14,2021-04-01,2021-04-14,2021-04-15,2021-04-17,2021-04-17,1,0,,0.8110058597,0.163299142,0.04251099281,1,temporal_sigmoid
logistic_history14,S1,2021,2021-04-15,2021-04-02,2021-04-15,2021-04-16,2021-04-18,2021-04-18,1,0,,0.7817378253,0.1471393898,0.04251099281,1,temporal_sigmoid
logistic_history14,S1,2021,2021-04-16,2021-04-03,2021-04-16,2021-04-17,2021-04-19,2021-04-19,1,0,,0.8256504249,0.1726968456,0.04251099281,1,temporal_sigmoid
logistic_history14,S1,2021,2021-04-17,2021-04-04,2021-04-17,2021-04-18,2021-04-20,2021-04-20,1,0,,0.03400190178,0.007306866368,0.04251099281,0,temporal_sigmoid
logistic_history14,S1,2021,2021-04-18,2021-04-05,2021-04-18,2021-04-19,2021-04-21,2021-04-21,1,1,fixed36_0041,0.1205125877,0.01826866383,0.04251099281,0,temporal_sigmoid
logistic_history14,S1,2021,2021-04-19,2021-04-06,2021-04-19,2021-04-20,2021-04-22,2021-04-22,1,0,,0.8376267965,0.181199167,0.04251099281,1,temporal_sigmoid
logistic_history14,S1,2021,2021-04-20,2021-04-07,2021-04-20,2021-04-21,2021-04-23,2021-04-23,1,0,,0.9269985408,0.2903778733,0.04251099281,1,temporal_sigmoid
logistic_history14,S1,2021,2021-04-21,2021-04-08,2021-04-21,2021-04-22,2021-04-24,2021-04-24,1,0,,0.8318423473,0.1769922656,0.04251099281,1,temporal_sigmoid
logistic_history14,S1,2021,2021-04-22,2021-04-09,2021-04-22,2021-04-23,2021-04-25,2021-04-25,1,0,,0.04762466237,0.009266911959,0.04251099281,0,temporal_sigmoid
logistic_history14,S1,2021,2021-04-23,2021-04-10,2021-04-23,2021-04-24,2021-04-26,2021-04-26,1,1,fixed36_0042,0.3886419473,0.05035633123,0.04251099281,1,temporal_sigmoid
logistic_history14,S1,2021,2021-04-24,2021-04-11,2021-04-24,2021-04-25,2021-04-27,2021-04-27,1,1,fixed36_0042,0.8766336642,0.2159027484,0.04251099281,1,temporal_sigmoid
logistic_history14,S1,2021,2021-04-25,2021-04-12,2021-04-25,2021-04-26,2021-04-28,2021-04-28,1,1,fixed36_0042,0.9720219464,0.4484996576,0.04251099281,1,temporal_sigmoid
logistic_history14,S1,2021,2021-04-26,2021-04-13,2021-04-26,2021-04-27,2021-04-29,2021-04-29,1,1,fixed36_0042,0.9693505101,0.4327000347,0.04251099281,1,temporal_sigmoid
logistic_history14,S1,2021,2021-04-27,2021-04-14,2021-04-27,2021-04-28,2021-04-30,2021-04-30,1,0,,0.9383995465,0.3166237471,0.04251099281,1,temporal_sigmoid
logistic_history14,S1,2021,2021-04-28,2021-04-15,2021-04-28,2021-04-29,2021-05-01,2021-05-01,1,0,,0.8893182619,0.2304338728,0.04251099281,1,temporal_sigmoid
logistic_history14,S1,2021,2021-04-29,2021-04-16,2021-04-29,2021-04-30,2021-05-02,2021-05-02,1,0,,0.7818478534,0.1471946293,0.04251099281,1,temporal_sigmoid
logistic_history14,S1,2021,2021-04-30,2021-04-17,2021-04-30,2021-05-01,2021-05-03,2021-05-03,1,0,,0.9152210764,0.2680893555,0.04251099281,1,temporal_sigmoid
logistic_history14,S1,2021,2021-05-01,2021-04-18,2021-05-01,2021-05-02,2021-05-04,2021-05-04,1,0,,0.7319892309,0.1254063106,0.04251099281,1,temporal_sigmoid
logistic_history14,S1,2021,2021-05-02,2021-04-19,2021-05-02,2021-05-03,2021-05-05,2021-05-05,1,0,,0.7610914082,0.1373877966,0.04251099281,1,temporal_sigmoid
logistic_history14,S1,2021,2021-05-03,2021-04-20,2021-05-03,2021-05-04,2021-05-06,2021-05-06,1,0,,0.2449532739,0.03242078626,0.04251099281,0,temporal_sigmoid
logistic_history14,S1,2021,2021-05-04,2021-04-21,2021-05-04,2021-05-05,2021-05-07,2021-05-07,1,0,,2.984857142e-05,5.900241126e-05,0.04251099281,0,temporal_sigmoid
logistic_history14,S1,2021,2021-05-05,2021-04-22,2021-05-05,2021-05-06,2021-05-08,2021-05-08,1,0,,0.01548041986,0.004229223982,0.04251099281,0,temporal_sigmoid
logistic_history14,S1,2021,2021-05-06,2021-04-23,2021-05-06,2021-05-07,2021-05-09,2021-05-09,1,0,,0.008730734161,0.002851702116,0.04251099281,0,temporal_sigmoid
logistic_history14,S1,2021,2021-05-07,2021-04-24,2021-05-07,2021-05-08,2021-05-10,2021-05-10,1,0,,0.04253678228,0.008554315943,0.04251099281,0,temporal_sigmoid
logistic_history14,S1,2021,2021-05-08,2021-04-25,2021-05-08,2021-05-09,2021-05-11,2021-05-11,1,0,,0.004937726891,0.001929595195,0.04251099281,0,temporal_sigmoid
logistic_history14,S1,2021,2021-05-09,2021-04-26,2021-05-09,2021-05-10,2021-05-12,2021-05-12,1,0,,0.0023027502,0.001145411246,0.04251099281,0,temporal_sigmoid
logistic_history14,S1,2021,2021-05-10,2021-04-27,2021-05-10,2021-05-11,2021-05-13,2021-05-13,1,0,,0.01345425668,0.00383926612,0.04251099281,0,temporal_sigmoid
logistic_history14,S1,2021,2021-05-11,2021-04-28,2021-05-11,2021-05-12,2021-05-14,2021-05-14,1,0,,5.991641547e-05,9.492252966e-05,0.04251099281,0,temporal_sigmoid
logistic_history14,S1,2021,2021-05-12,2021-04-29,2021-05-12,2021-05-13,2021-05-15,2021-05-15,1,0,,0.002403074811,0.001179273906,0.04251099281,0,temporal_sigmoid
logistic_history14,S1,2021,2021-05-13,2021-04-30,2021-05-13,2021-05-14,2021-05-16,2021-05-16,1,0,,0.0006619972617,0.0004890131527,0.04251099281,0,temporal_sigmoid
logistic_history14,S1,2021,2021-05-14,2021-05-01,2021-05-14,2021-05-15,2021-05-17,2021-05-17,1,0,,0.05966575895,0.01088422794,0.04251099281,0,temporal_sigmoid
logistic_history14,S1,2021,2021-05-15,2021-05-02,2021-05-15,2021-05-16,2021-05-18,2021-05-18,1,0,,0.06639843865,0.01175519244,0.04251099281,0,temporal_sigmoid
logistic_history14,S1,2021,2021-05-16,2021-05-03,2021-05-16,2021-05-17,2021-05-19,2021-05-19,1,0,,0.08203168219,0.01370989076,0.04251099281,0,temporal_sigmoid
logistic_history14,S1,2021,2021-05-17,2021-05-04,2021-05-17,2021-05-18,2021-05-20,2021-05-20,1,0,,0.4555316172,0.06011353614,0.04251099281,1,temporal_sigmoid
logistic_history14,S1,2021,2021-05-18,2021-05-05,2021-05-18,2021-05-19,2021-05-21,2021-05-21,1,0,,0.3876888886,0.05022553919,0.04251099281,1,temporal_sigmoid
logistic_history14,S1,2021,2021-05-19,2021-05-06,2021-05-19,2021-05-20,2021-05-22,2021-05-22,1,0,,0.05585169248,0.01038106533,0.04251099281,0,temporal_sigmoid
logistic_history14,S1,2021,2021-05-20,2021-05-07,2021-05-20,2021-05-21,2021-05-23,2021-05-23,1,0,,0.06724329906,0.01186308752,0.04251099281,0,temporal_sigmoid
logistic_history14,S1,2021,2021-05-21,2021-05-08,2021-05-21,2021-05-22,2021-05-24,2021-05-24,1,0,,0.2815674263,0.0367201765,0.04251099281,0,temporal_sigmoid
logistic_history14,S1,2021,2021-05-22,2021-05-09,2021-05-22,2021-05-23,2021-05-25,2021-05-25,1,0,,0.4785285626,0.06377664208,0.04251099281,1,temporal_sigmoid
logistic_history14,S1,2021,2021-05-23,2021-05-10,2021-05-23,2021-05-24,2021-05-26,2021-05-26,1,0,,0.5492613412,0.07635571142,0.04251099281,1,temporal_sigmoid
logistic_history14,S1,2021,2021-05-24,2021-05-11,2021-05-24,2021-05-25,2021-05-27,2021-05-27,1,0,,0.4097042632,0.05330110895,0.04251099281,1,temporal_sigmoid
logistic_history14,S1,2021,2021-05-25,2021-05-12,2021-05-25,2021-05-26,2021-05-28,2021-05-28,1,0,,0.005098217461,0.001972307814,0.04251099281,0,temporal_sigmoid
logistic_history14,S1,2021,2021-05-26,2021-05-13,2021-05-26,2021-05-27,2021-05-29,2021-05-29,1,0,,0.0001415809097,0.0001706887815,0.04251099281,0,temporal_sigmoid
logistic_history14,S1,2021,2021-05-27,2021-05-14,2021-05-27,2021-05-28,2021-05-30,2021-05-30,1,0,,0.002113292296,0.001080162534,0.04251099281,0,temporal_sigmoid
logistic_history14,S1,2021,2021-05-28,2021-05-15,2021-05-28,2021-05-29,2021-05-31,2021-05-31,1,0,,0.003919654151,0.001647617101,0.04251099281,0,temporal_sigmoid
logistic_history14,S1,2021,2021-05-29,2021-05-16,2021-05-29,2021-05-30,2021-06-01,2021-06-01,1,0,,0.02479917546,0.005861660632,0.04251099281,0,temporal_sigmoid
logistic_history14,S1,2021,2021-05-30,2021-05-17,2021-05-30,2021-05-31,2021-06-02,2021-06-02,1,0,,0.01594612021,0.004316648564,0.04251099281,0,temporal_sigmoid
logistic_history14,S1,2021,2021-05-31,2021-05-18,2021-05-31,2021-06-01,2021-06-03,2021-06-03,1,0,,0.000117420548,0.0001502295389,0.04251099281,0,temporal_sigmoid
logistic_history14,S1,2021,2021-06-01,2021-05-19,2021-06-01,2021-06-02,2021-06-04,2021-06-04,1,0,,1.655250229e-07,5.813157738e-06,0.04251099281,0,temporal_sigmoid
logistic_history14,S1,2021,2021-06-02,2021-05-20,2021-06-02,2021-06-03,2021-06-05,2021-06-05,1,0,,0.0006954562057,0.0005057496607,0.04251099281,0,temporal_sigmoid
logistic_history14,S1,2021,2021-06-03,2021-05-21,2021-06-03,2021-06-04,2021-06-06,2021-06-06,1,0,,0.001237567775,0.0007495351414,0.04251099281,0,temporal_sigmoid
logistic_history14,S1,2021,2021-06-04,2021-05-22,2021-06-04,2021-06-05,2021-06-07,2021-06-07,1,0,,0.00396040727,0.001659314427,0.04251099281,0,temporal_sigmoid
logistic_history14,S1,2021,2021-06-05,2021-05-23,2021-06-05,2021-06-06,2021-06-08,2021-06-08,1,0,,8.446740157e-05,0.0001199884679,0.04251099281,0,temporal_sigmoid
logistic_history14,S1,2021,2021-06-06,2021-05-24,2021-06-06,2021-06-07,2021-06-09,2021-06-09,1,0,,2.656021053e-07,5.813157738e-06,0.04251099281,0,temporal_sigmoid
logistic_history14,S1,2021,2021-06-07,2021-05-25,2021-06-07,2021-06-08,2021-06-10,2021-06-10,1,0,,9.67100577e-06,2.734517667e-05,0.04251099281,0,temporal_sigmoid
logistic_history14,S1,2021,2021-06-08,2021-05-26,2021-06-08,2021-06-09,2021-06-11,2021-06-11,1,0,,6.96736059e-07,5.813157738e-06,0.04251099281,0,temporal_sigmoid
logistic_history14,S1,2021,2021-06-09,2021-05-27,2021-06-09,2021-06-10,2021-06-12,2021-06-12,1,0,,4.088199676e-05,7.312857684e-05,0.04251099281,0,temporal_sigmoid
logistic_history14,S1,2021,2021-06-10,2021-05-28,2021-06-10,2021-06-11,2021-06-13,2021-06-13,1,0,,3.208355897e-05,6.198236874e-05,0.04251099281,0,temporal_sigmoid
logistic_history14,S1,2021,2021-06-11,2021-05-29,2021-06-11,2021-06-12,2021-06-14,2021-06-14,1,0,,2.832358224e-05,5.692834233e-05,0.04251099281,0,temporal_sigmoid
logistic_history14,S1,2021,2021-06-12,2021-05-30,2021-06-12,2021-06-13,2021-06-15,2021-06-15,1,0,,1.745080865e-05,4.090755471e-05,0.04251099281,0,temporal_sigmoid
logistic_history14,S1,2021,2021-06-13,2021-05-31,2021-06-13,2021-06-14,2021-06-16,2021-06-16,1,0,,6.255182794e-05,9.7751981e-05,0.04251099281,0,temporal_sigmoid
logistic_history14,S1,2021,2021-06-14,2021-06-01,2021-06-14,2021-06-15,2021-06-17,2021-06-17,1,0,,6.282848034e-05,9.804678435e-05,0.04251099281,0,temporal_sigmoid
logistic_history14,S1,2021,2021-06-15,2021-06-02,2021-06-15,2021-06-16,2021-06-18,2021-06-18,1,0,,8.051728074e-06,2.413100254e-05,0.04251099281,0,temporal_sigmoid
logistic_history14,S1,2021,2021-06-16,2021-06-03,2021-06-16,2021-06-17,2021-06-19,2021-06-19,1,0,,1.069725585e-06,6.086773952e-06,0.04251099281,0,temporal_sigmoid
logistic_history14,S1,2021,2021-06-17,2021-06-04,2021-06-17,2021-06-18,2021-06-20,2021-06-20,1,0,,3.37978445e-07,5.813157738e-06,0.04251099281,0,temporal_sigmoid
logistic_history14,S1,2021,2021-06-18,2021-06-05,2021-06-18,2021-06-19,2021-06-21,2021-06-21,1,0,,3.093712299e-08,5.813157738e-06,0.04251099281,0,temporal_sigmoid
logistic_history14,S1,2021,2021-06-19,2021-06-06,2021-06-19,2021-06-20,2021-06-22,2021-06-22,1,0,,2.489733613e-09,5.813157738e-06,0.04251099281,0,temporal_sigmoid
logistic_history14,S1,2021,2021-06-20,2021-06-07,2021-06-20,2021-06-21,2021-06-23,2021-06-23,1,0,,5.597609812e-08,5.813157738e-06,0.04251099281,0,temporal_sigmoid
logistic_history14,S1,2021,2021-06-21,2021-06-08,2021-06-21,2021-06-22,2021-06-24,2021-06-24,1,0,,7.058219059e-07,5.813157738e-06,0.04251099281,0,temporal_sigmoid
logistic_history14,S1,2021,2021-06-22,2021-06-09,2021-06-22,2021-06-23,2021-06-25,2021-06-25,1,0,,5.553438129e-07,5.813157738e-06,0.04251099281,0,temporal_sigmoid
logistic_history14,S1,2021,2021-06-23,2021-06-10,2021-06-23,2021-06-24,2021-06-26,2021-06-26,1,0,,6.215296137e-06,2.022354744e-05,0.04251099281,0,temporal_sigmoid
logistic_history14,S1,2021,2021-06-24,2021-06-11,2021-06-24,2021-06-25,2021-06-27,2021-06-27,1,0,,9.634810992e-06,2.727529905e-05,0.04251099281,0,temporal_sigmoid
logistic_history14,S1,2021,2021-06-25,2021-06-12,2021-06-25,2021-06-26,2021-06-28,2021-06-28,1,0,,3.297174853e-06,1.312152194e-05,0.04251099281,0,temporal_sigmoid
logistic_history14,S1,2021,2021-06-26,2021-06-13,2021-06-26,2021-06-27,2021-06-29,2021-06-29,1,0,,2.64368058e-06,1.128550905e-05,0.04251099281,0,temporal_sigmoid
logistic_history14,S1,2021,2021-06-27,2021-06-14,2021-06-27,2021-06-28,2021-06-30,2021-06-30,1,0,,1.029300801e-05,2.853337466e-05,0.04251099281,0,temporal_sigmoid
logistic_history14,S1,2022,2022-02-28,2022-02-15,2022-02-28,2022-03-01,2022-03-03,2022-03-03,1,0,,0.00127301332,1.192933259e-05,0.01604037473,0,temporal_sigmoid
logistic_history14,S1,2022,2022-03-01,2022-02-16,2022-03-01,2022-03-02,2022-03-04,2022-03-04,1,0,,0.001522819929,1.462523151e-05,0.01604037473,0,temporal_sigmoid
logistic_history14,S1,2022,2022-03-02,2022-02-17,2022-03-02,2022-03-03,2022-03-05,2022-03-05,1,0,,0.00211712575,2.127600993e-05,0.01604037473,0,temporal_sigmoid
logistic_history14,S1,2022,2022-03-03,2022-02-18,2022-03-03,2022-03-04,2022-03-06,2022-03-06,1,0,,0.003469507766,3.73382583e-05,0.01604037473,0,temporal_sigmoid
logistic_history14,S1,2022,2022-03-04,2022-02-19,2022-03-04,2022-03-05,2022-03-07,2022-03-07,1,0,,0.003493906333,3.763760337e-05,0.01604037473,0,temporal_sigmoid
logistic_history14,S1,2022,2022-03-05,2022-02-20,2022-03-05,2022-03-06,2022-03-08,2022-03-08,1,0,,0.01106801933,0.0001405989941,0.01604037473,0,temporal_sigmoid
logistic_history14,S1,2022,2022-03-06,2022-02-21,2022-03-06,2022-03-07,2022-03-09,2022-03-09,1,0,,0.00901984656,0.0001111876197,0.01604037473,0,temporal_sigmoid
logistic_history14,S1,2022,2022-03-07,2022-02-22,2022-03-07,2022-03-08,2022-03-10,2022-03-10,1,0,,0.03844292467,0.0005965942422,0.01604037473,0,temporal_sigmoid
logistic_history14,S1,2022,2022-03-08,2022-02-23,2022-03-08,2022-03-09,2022-03-11,2022-03-11,1,0,,0.05320416862,0.0008779044702,0.01604037473,0,temporal_sigmoid
logistic_history14,S1,2022,2022-03-09,2022-02-24,2022-03-09,2022-03-10,2022-03-12,2022-03-12,1,0,,0.05531766019,0.0009199044118,0.01604037473,0,temporal_sigmoid
logistic_history14,S1,2022,2022-03-10,2022-02-25,2022-03-10,2022-03-11,2022-03-13,2022-03-13,1,0,,0.098585576,0.001868187541,0.01604037473,0,temporal_sigmoid
logistic_history14,S1,2022,2022-03-11,2022-02-26,2022-03-11,2022-03-12,2022-03-14,2022-03-14,1,0,,0.07473508746,0.001324897734,0.01604037473,0,temporal_sigmoid
logistic_history14,S1,2022,2022-03-12,2022-02-27,2022-03-12,2022-03-13,2022-03-15,2022-03-15,1,0,,0.1130267113,0.002221504452,0.01604037473,0,temporal_sigmoid
logistic_history14,S1,2022,2022-03-13,2022-02-28,2022-03-13,2022-03-14,2022-03-16,2022-03-16,1,0,,0.1677929025,0.003734850037,0.01604037473,0,temporal_sigmoid
logistic_history14,S1,2022,2022-03-14,2022-03-01,2022-03-14,2022-03-15,2022-03-17,2022-03-17,1,0,,0.318037353,0.009621503975,0.01604037473,0,temporal_sigmoid
logistic_history14,S1,2022,2022-03-15,2022-03-02,2022-03-15,2022-03-16,2022-03-18,2022-03-18,1,0,,0.4265555481,0.01623996147,0.01604037473,1,temporal_sigmoid
logistic_history14,S1,2022,2022-03-16,2022-03-03,2022-03-16,2022-03-17,2022-03-19,2022-03-19,1,0,,0.5098633986,0.02358986334,0.01604037473,1,temporal_sigmoid
logistic_history14,S1,2022,2022-03-17,2022-03-04,2022-03-17,2022-03-18,2022-03-20,2022-03-20,1,0,,0.6779951404,0.05105901778,0.01604037473,1,temporal_sigmoid
logistic_history14,S1,2022,2022-03-18,2022-03-05,2022-03-18,2022-03-19,2022-03-21,2022-03-21,1,0,,0.6861470736,0.05316753988,0.01604037473,1,temporal_sigmoid
logistic_history14,S1,2022,2022-03-19,2022-03-06,2022-03-19,2022-03-20,2022-03-22,2022-03-22,1,0,,0.6824584509,0.05219988753,0.01604037473,1,temporal_sigmoid
logistic_history14,S1,2022,2022-03-20,2022-03-07,2022-03-20,2022-03-21,2022-03-23,2022-03-23,1,0,,0.6292156569,0.04041391782,0.01604037473,1,temporal_sigmoid
logistic_history14,S1,2022,2022-03-21,2022-03-08,2022-03-21,2022-03-22,2022-03-24,2022-03-24,1,0,,0.2713546741,0.007468711358,0.01604037473,0,temporal_sigmoid
logistic_history14,S1,2022,2022-03-22,2022-03-09,2022-03-22,2022-03-23,2022-03-25,2022-03-25,1,0,,0.4826018377,0.02089902918,0.01604037473,1,temporal_sigmoid
logistic_history14,S1,2022,2022-03-23,2022-03-10,2022-03-23,2022-03-24,2022-03-26,2022-03-26,1,0,,0.8236678833,0.1173755666,0.01604037473,1,temporal_sigmoid
logistic_history14,S1,2022,2022-03-24,2022-03-11,2022-03-24,2022-03-25,2022-03-27,2022-03-27,1,0,,0.4492391514,0.01799966078,0.01604037473,1,temporal_sigmoid
logistic_history14,S1,2022,2022-03-25,2022-03-12,2022-03-25,2022-03-26,2022-03-28,2022-03-28,1,0,,0.410136878,0.01506003762,0.01604037473,0,temporal_sigmoid
logistic_history14,S1,2022,2022-03-26,2022-03-13,2022-03-26,2022-03-27,2022-03-29,2022-03-29,1,0,,0.3456429446,0.01106718483,0.01604037473,0,temporal_sigmoid
logistic_history14,S1,2022,2022-03-27,2022-03-14,2022-03-27,2022-03-28,2022-03-30,2022-03-30,1,0,,0.4308292783,0.01655959175,0.01604037473,1,temporal_sigmoid
logistic_history14,S1,2022,2022-03-28,2022-03-15,2022-03-28,2022-03-29,2022-03-31,2022-03-31,1,0,,0.2525323106,0.006691985994,0.01604037473,0,temporal_sigmoid
logistic_history14,S1,2022,2022-03-29,2022-03-16,2022-03-29,2022-03-30,2022-04-01,2022-04-01,1,0,,0.3023459538,0.008859422457,0.01604037473,0,temporal_sigmoid
logistic_history14,S1,2022,2022-03-30,2022-03-17,2022-03-30,2022-03-31,2022-04-02,2022-04-02,1,0,,0.2029113373,0.00486145097,0.01604037473,0,temporal_sigmoid
logistic_history14,S1,2022,2022-03-31,2022-03-18,2022-03-31,2022-04-01,2022-04-03,2022-04-03,1,0,,0.5088140975,0.02348029276,0.01604037473,1,temporal_sigmoid
logistic_history14,S1,2022,2022-04-01,2022-03-19,2022-04-01,2022-04-02,2022-04-04,2022-04-04,1,0,,0.5717921936,0.03108334418,0.01604037473,1,temporal_sigmoid
logistic_history14,S1,2022,2022-04-02,2022-03-20,2022-04-02,2022-04-03,2022-04-05,2022-04-05,1,0,,0.2729817977,0.007538173831,0.01604037473,0,temporal_sigmoid
logistic_history14,S1,2022,2022-04-03,2022-03-21,2022-04-03,2022-04-04,2022-04-06,2022-04-06,1,0,,0.3029458525,0.008887810137,0.01604037473,0,temporal_sigmoid
logistic_history14,S1,2022,2022-04-04,2022-03-22,2022-04-04,2022-04-05,2022-04-07,2022-04-07,1,0,,0.4119042358,0.01518350574,0.01604037473,0,temporal_sigmoid
logistic_history14,S1,2022,2022-04-05,2022-03-23,2022-04-05,2022-04-06,2022-04-08,2022-04-08,1,0,,0.5267139177,0.02542133211,0.01604037473,1,temporal_sigmoid
logistic_history14,S1,2022,2022-04-06,2022-03-24,2022-04-06,2022-04-07,2022-04-09,2022-04-09,1,0,,0.4127113865,0.01524017114,0.01604037473,0,temporal_sigmoid
logistic_history14,S1,2022,2022-04-07,2022-03-25,2022-04-07,2022-04-08,2022-04-10,2022-04-10,1,0,,0.5973757719,0.03489659601,0.01604037473,1,temporal_sigmoid
logistic_history14,S1,2022,2022-04-08,2022-03-26,2022-04-08,2022-04-09,2022-04-11,2022-04-11,1,0,,0.5217170781,0.02486373262,0.01604037473,1,temporal_sigmoid
logistic_history14,S1,2022,2022-04-09,2022-03-27,2022-04-09,2022-04-10,2022-04-12,2022-04-12,1,0,,0.5057323422,0.02316139486,0.01604037473,1,temporal_sigmoid
logistic_history14,S1,2022,2022-04-10,2022-03-28,2022-04-10,2022-04-11,2022-04-13,2022-04-13,1,0,,0.6536220217,0.04535611308,0.01604037473,1,temporal_sigmoid
logistic_history14,S1,2022,2022-04-11,2022-03-29,2022-04-11,2022-04-12,2022-04-14,2022-04-14,1,0,,0.6819347855,0.05206435315,0.01604037473,1,temporal_sigmoid
logistic_history14,S1,2022,2022-04-12,2022-03-30,2022-04-12,2022-04-13,2022-04-15,2022-04-15,1,0,,0.4146250908,0.01537522224,0.01604037473,0,temporal_sigmoid
logistic_history14,S1,2022,2022-04-13,2022-03-31,2022-04-13,2022-04-14,2022-04-16,2022-04-16,1,0,,0.4156708974,0.01544944469,0.01604037473,0,temporal_sigmoid
logistic_history14,S1,2022,2022-04-14,2022-04-01,2022-04-14,2022-04-15,2022-04-17,2022-04-17,1,0,,0.4102727706,0.01506950162,0.01604037473,0,temporal_sigmoid
logistic_history14,S1,2022,2022-04-15,2022-04-02,2022-04-15,2022-04-16,2022-04-18,2022-04-18,1,0,,0.803203507,0.1024056253,0.01604037473,1,temporal_sigmoid
logistic_history14,S1,2022,2022-04-16,2022-04-03,2022-04-16,2022-04-17,2022-04-19,2022-04-19,1,0,,0.7332333004,0.06788006013,0.01604037473,1,temporal_sigmoid
logistic_history14,S1,2022,2022-04-17,2022-04-04,2022-04-17,2022-04-18,2022-04-20,2022-04-20,1,0,,0.7268943406,0.06560503076,0.01604037473,1,temporal_sigmoid
logistic_history14,S1,2022,2022-04-18,2022-04-05,2022-04-18,2022-04-19,2022-04-21,2022-04-21,1,0,,0.7982700536,0.09922288148,0.01604037473,1,temporal_sigmoid
logistic_history14,S1,2022,2022-04-19,2022-04-06,2022-04-19,2022-04-20,2022-04-22,2022-04-22,1,0,,0.7185190542,0.06275493673,0.01604037473,1,temporal_sigmoid
logistic_history14,S1,2022,2022-04-20,2022-04-07,2022-04-20,2022-04-21,2022-04-23,2022-04-23,1,0,,9.109553579e-05,5.962638556e-07,0.01604037473,0,temporal_sigmoid
logistic_history14,S1,2022,2022-04-21,2022-04-08,2022-04-21,2022-04-22,2022-04-24,2022-04-24,1,0,,0.02306150118,0.0003280616097,0.01604037473,0,temporal_sigmoid
logistic_history14,S1,2022,2022-04-22,2022-04-09,2022-04-22,2022-04-23,2022-04-25,2022-04-25,1,0,,0.06065403218,0.001027796909,0.01604037473,0,temporal_sigmoid
logistic_history14,S1,2022,2022-04-23,2022-04-10,2022-04-23,2022-04-24,2022-04-26,2022-04-26,1,0,,0.2845618722,0.008043635192,0.01604037473,0,temporal_sigmoid
logistic_history14,S1,2022,2022-04-24,2022-04-11,2022-04-24,2022-04-25,2022-04-27,2022-04-27,1,0,,0.5374968527,0.02666872119,0.01604037473,1,temporal_sigmoid
logistic_history14,S1,2022,2022-04-25,2022-04-12,2022-04-25,2022-04-26,2022-04-28,2022-04-28,1,0,,0.399389336,0.01432678404,0.01604037473,0,temporal_sigmoid
logistic_history14,S1,2022,2022-04-26,2022-04-13,2022-04-26,2022-04-27,2022-04-29,2022-04-29,1,0,,0.4268770422,0.01626382103,0.01604037473,1,temporal_sigmoid
logistic_history14,S1,2022,2022-04-27,2022-04-14,2022-04-27,2022-04-28,2022-04-30,2022-04-30,1,0,,0.3561647279,0.01165631842,0.01604037473,0,temporal_sigmoid
logistic_history14,S1,2022,2022-04-28,2022-04-15,2022-04-28,2022-04-29,2022-05-01,2022-05-01,1,0,,0.3311138309,0.01028892083,0.01604037473,0,temporal_sigmoid
logistic_history14,S1,2022,2022-04-29,2022-04-16,2022-04-29,2022-04-30,2022-05-02,2022-05-02,1,0,,0.6385026131,0.04221347407,0.01604037473,1,temporal_sigmoid
logistic_history14,S1,2022,2022-04-30,2022-04-17,2022-04-30,2022-05-01,2022-05-03,2022-05-03,1,0,,0.3076631491,0.009113077135,0.01604037473,0,temporal_sigmoid
logistic_history14,S1,2022,2022-05-01,2022-04-18,2022-05-01,2022-05-02,2022-05-04,2022-05-04,1,0,,0.1703472681,0.003812470286,0.01604037473,0,temporal_sigmoid
logistic_history14,S1,2022,2022-05-02,2022-04-19,2022-05-02,2022-05-03,2022-05-05,2022-05-05,1,0,,0.02155261658,0.0003032729487,0.01604037473,0,temporal_sigmoid
logistic_history14,S1,2022,2022-05-03,2022-04-20,2022-05-03,2022-05-04,2022-05-06,2022-05-06,1,0,,0.001946076219,1.933124966e-05,0.01604037473,0,temporal_sigmoid
logistic_history14,S1,2022,2022-05-04,2022-04-21,2022-05-04,2022-05-05,2022-05-07,2022-05-07,1,0,,0.01270550177,0.0001647532563,0.01604037473,0,temporal_sigmoid
logistic_history14,S1,2022,2022-05-05,2022-04-22,2022-05-05,2022-05-06,2022-05-08,2022-05-08,1,0,,0.03756501677,0.0005805545962,0.01604037473,0,temporal_sigmoid
logistic_history14,S1,2022,2022-05-06,2022-04-23,2022-05-06,2022-05-07,2022-05-09,2022-05-09,1,0,,0.05758078754,0.0009653399171,0.01604037473,0,temporal_sigmoid
logistic_history14,S1,2022,2022-05-07,2022-04-24,2022-05-07,2022-05-08,2022-05-10,2022-05-10,1,0,,0.1282093549,0.002613067441,0.01604037473,0,temporal_sigmoid
logistic_history14,S1,2022,2022-05-08,2022-04-25,2022-05-08,2022-05-09,2022-05-11,2022-05-11,1,0,,0.3549449849,0.01158688403,0.01604037473,0,temporal_sigmoid
logistic_history14,S1,2022,2022-05-09,2022-04-26,2022-05-09,2022-05-10,2022-05-12,2022-05-12,1,0,,0.001846591896,1.821096837e-05,0.01604037473,0,temporal_sigmoid
logistic_history14,S1,2022,2022-05-10,2022-04-27,2022-05-10,2022-05-11,2022-05-13,2022-05-13,1,0,,0.002056896498,2.058862507e-05,0.01604037473,0,temporal_sigmoid
logistic_history14,S1,2022,2022-05-11,2022-04-28,2022-05-11,2022-05-12,2022-05-14,2022-05-14,1,0,,0.002905837426,3.05101139e-05,0.01604037473,0,temporal_sigmoid
logistic_history14,S1,2022,2022-05-12,2022-04-29,2022-05-12,2022-05-13,2022-05-15,2022-05-15,1,0,,0.03200575857,0.0004809073324,0.01604037473,0,temporal_sigmoid
logistic_history14,S1,2022,2022-05-13,2022-04-30,2022-05-13,2022-05-14,2022-05-16,2022-05-16,1,0,,0.006901124227,8.184150484e-05,0.01604037473,0,temporal_sigmoid
logistic_history14,S1,2022,2022-05-14,2022-05-01,2022-05-14,2022-05-15,2022-05-17,2022-05-17,1,0,,0.04853546912,0.0007866247024,0.01604037473,0,temporal_sigmoid
logistic_history14,S1,2022,2022-05-15,2022-05-02,2022-05-15,2022-05-16,2022-05-18,2022-05-18,1,0,,0.2227002613,0.005555894313,0.01604037473,0,temporal_sigmoid
logistic_history14,S1,2022,2022-05-16,2022-05-03,2022-05-16,2022-05-17,2022-05-19,2022-05-19,1,0,,0.2933580641,0.008440982329,0.01604037473,0,temporal_sigmoid
logistic_history14,S1,2022,2022-05-17,2022-05-04,2022-05-17,2022-05-18,2022-05-20,2022-05-20,1,0,,0.08078147382,0.001457891833,0.01604037473,0,temporal_sigmoid
logistic_history14,S1,2022,2022-05-18,2022-05-05,2022-05-18,2022-05-19,2022-05-21,2022-05-21,1,0,,0.1490730699,0.003185687862,0.01604037473,0,temporal_sigmoid
logistic_history14,S1,2022,2022-05-19,2022-05-06,2022-05-19,2022-05-20,2022-05-22,2022-05-22,1,0,,0.09857564995,0.00186795103,0.01604037473,0,temporal_sigmoid
logistic_history14,S1,2022,2022-05-20,2022-05-07,2022-05-20,2022-05-21,2022-05-23,2022-05-23,1,0,,0.01559190996,0.0002085541457,0.01604037473,0,temporal_sigmoid
logistic_history14,S1,2022,2022-05-21,2022-05-08,2022-05-21,2022-05-22,2022-05-24,2022-05-24,1,0,,0.006546473182,7.705150069e-05,0.01604037473,0,temporal_sigmoid
logistic_history14,S1,2022,2022-05-22,2022-05-09,2022-05-22,2022-05-23,2022-05-25,2022-05-25,1,0,,0.05098332531,0.0008342246959,0.01604037473,0,temporal_sigmoid
logistic_history14,S1,2022,2022-05-23,2022-05-10,2022-05-23,2022-05-24,2022-05-26,2022-05-26,1,0,,0.06514334914,0.001120582373,0.01604037473,0,temporal_sigmoid
logistic_history14,S1,2022,2022-05-24,2022-05-11,2022-05-24,2022-05-25,2022-05-27,2022-05-27,1,0,,0.1888294464,0.004394021918,0.01604037473,0,temporal_sigmoid
logistic_history14,S1,2022,2022-05-25,2022-05-12,2022-05-25,2022-05-26,2022-05-28,2022-05-28,1,0,,0.01337791962,0.0001748229844,0.01604037473,0,temporal_sigmoid
logistic_history14,S1,2022,2022-05-26,2022-05-13,2022-05-26,2022-05-27,2022-05-29,2022-05-29,1,0,,0.04150413743,0.0006531498203,0.01604037473,0,temporal_sigmoid
logistic_history14,S1,2022,2022-05-27,2022-05-14,2022-05-27,2022-05-28,2022-05-30,2022-05-30,1,0,,0.01698848909,0.0002302583529,0.01604037473,0,temporal_sigmoid
logistic_history14,S1,2022,2022-05-28,2022-05-15,2022-05-28,2022-05-29,2022-05-31,2022-05-31,1,0,,0.02014682872,0.0002804601604,0.01604037473,0,temporal_sigmoid
logistic_history14,S1,2022,2022-05-29,2022-05-16,2022-05-29,2022-05-30,2022-06-01,2022-06-01,1,0,,0.0005730186261,4.81520934e-06,0.01604037473,0,temporal_sigmoid
logistic_history14,S1,2022,2022-05-30,2022-05-17,2022-05-30,2022-05-31,2022-06-02,2022-06-02,1,0,,0.006015241137,6.994935551e-05,0.01604037473,0,temporal_sigmoid
logistic_history14,S1,2022,2022-05-31,2022-05-18,2022-05-31,2022-06-01,2022-06-03,2022-06-03,1,0,,0.05929003318,0.0009999694911,0.01604037473,0,temporal_sigmoid
logistic_history14,S1,2022,2022-06-01,2022-05-19,2022-06-01,2022-06-02,2022-06-04,2022-06-04,1,0,,0.01585141945,0.0002125630488,0.01604037473,0,temporal_sigmoid
logistic_history14,S1,2022,2022-06-02,2022-05-20,2022-06-02,2022-06-03,2022-06-05,2022-06-05,1,0,,0.006412176022,7.524765078e-05,0.01604037473,0,temporal_sigmoid
logistic_history14,S1,2022,2022-06-03,2022-05-21,2022-06-03,2022-06-04,2022-06-06,2022-06-06,1,0,,0.003858983685,4.215154106e-05,0.01604037473,0,temporal_sigmoid
logistic_history14,S1,2022,2022-06-04,2022-05-22,2022-06-04,2022-06-05,2022-06-07,2022-06-07,1,0,,0.002561773833,2.643172903e-05,0.01604037473,0,temporal_sigmoid
logistic_history14,S1,2022,2022-06-05,2022-05-23,2022-06-05,2022-06-06,2022-06-08,2022-06-08,1,0,,0.02324859829,0.0003311566161,0.01604037473,0,temporal_sigmoid
logistic_history14,S1,2022,2022-06-06,2022-05-24,2022-06-06,2022-06-07,2022-06-09,2022-06-09,1,0,,0.02622559685,0.0003810127679,0.01604037473,0,temporal_sigmoid
logistic_history14,S1,2022,2022-06-07,2022-05-25,2022-06-07,2022-06-08,2022-06-10,2022-06-10,1,0,,0.0508430924,0.0008314822957,0.01604037473,0,temporal_sigmoid
logistic_history14,S1,2022,2022-06-08,2022-05-26,2022-06-08,2022-06-09,2022-06-11,2022-06-11,1,0,,0.04455009745,0.000710369691,0.01604037473,0,temporal_sigmoid
logistic_history14,S1,2022,2022-06-09,2022-05-27,2022-06-09,2022-06-10,2022-06-12,2022-06-12,1,0,,0.002186873034,2.207544726e-05,0.01604037473,0,temporal_sigmoid
logistic_history14,S1,2022,2022-06-10,2022-05-28,2022-06-10,2022-06-11,2022-06-13,2022-06-13,1,0,,0.01529701091,0.0002040122125,0.01604037473,0,temporal_sigmoid
logistic_history14,S1,2022,2022-06-11,2022-05-29,2022-06-11,2022-06-12,2022-06-14,2022-06-14,1,0,,0.0229223573,0.0003257628696,0.01604037473,0,temporal_sigmoid
logistic_history14,S1,2022,2022-06-12,2022-05-30,2022-06-12,2022-06-13,2022-06-15,2022-06-15,1,0,,0.01926573665,0.0002663055642,0.01604037473,0,temporal_sigmoid
logistic_history14,S1,2022,2022-06-13,2022-05-31,2022-06-13,2022-06-14,2022-06-16,2022-06-16,1,0,,0.01874261942,0.0002579555462,0.01604037473,0,temporal_sigmoid
logistic_history14,S1,2022,2022-06-14,2022-06-01,2022-06-14,2022-06-15,2022-06-17,2022-06-17,1,0,,0.004910556418,5.548478131e-05,0.01604037473,0,temporal_sigmoid
logistic_history14,S1,2022,2022-06-15,2022-06-02,2022-06-15,2022-06-16,2022-06-18,2022-06-18,1,0,,0.005803806527,6.714803137e-05,0.01604037473,0,temporal_sigmoid
logistic_history14,S1,2022,2022-06-16,2022-06-03,2022-06-16,2022-06-17,2022-06-19,2022-06-19,1,0,,0.00337087527,3.613122259e-05,0.01604037473,0,temporal_sigmoid
logistic_history14,S1,2022,2022-06-17,2022-06-04,2022-06-17,2022-06-18,2022-06-20,2022-06-20,1,0,,0.0001268209991,8.682193229e-07,0.01604037473,0,temporal_sigmoid
logistic_history14,S1,2022,2022-06-18,2022-06-05,2022-06-18,2022-06-19,2022-06-21,2022-06-21,1,0,,0.0001970733113,1.432359183e-06,0.01604037473,0,temporal_sigmoid
logistic_history14,S1,2022,2022-06-19,2022-06-06,2022-06-19,2022-06-20,2022-06-22,2022-06-22,1,0,,0.0006840750602,5.888896959e-06,0.01604037473,0,temporal_sigmoid
logistic_history14,S1,2022,2022-06-20,2022-06-07,2022-06-20,2022-06-21,2022-06-23,2022-06-23,1,0,,0.001387725283,1.315898458e-05,0.01604037473,0,temporal_sigmoid
logistic_history14,S1,2022,2022-06-21,2022-06-08,2022-06-21,2022-06-22,2022-06-24,2022-06-24,1,0,,0.003358814768,3.598397243e-05,0.01604037473,0,temporal_sigmoid
logistic_history14,S1,2022,2022-06-22,2022-06-09,2022-06-22,2022-06-23,2022-06-25,2022-06-25,1,0,,0.001536282404,1.47723648e-05,0.01604037473,0,temporal_sigmoid
logistic_history14,S1,2022,2022-06-23,2022-06-10,2022-06-23,2022-06-24,2022-06-26,2022-06-26,1,0,,0.002173570905,2.19227e-05,0.01604037473,0,temporal_sigmoid
logistic_history14,S1,2022,2022-06-24,2022-06-11,2022-06-24,2022-06-25,2022-06-27,2022-06-27,1,0,,0.003974674377,4.359511104e-05,0.01604037473,0,temporal_sigmoid
logistic_history14,S1,2022,2022-06-25,2022-06-12,2022-06-25,2022-06-26,2022-06-28,2022-06-28,1,0,,0.001771235555,1.736795319e-05,0.01604037473,0,temporal_sigmoid
logistic_history14,S1,2022,2022-06-26,2022-06-13,2022-06-26,2022-06-27,2022-06-29,2022-06-29,1,0,,0.005300100761,6.053583401e-05,0.01604037473,0,temporal_sigmoid
logistic_history14,S1,2022,2022-06-27,2022-06-14,2022-06-27,2022-06-28,2022-06-30,2022-06-30,1,0,,0.01133654898,0.000144522919,0.01604037473,0,temporal_sigmoid
logistic_history14,S1,2023,2023-02-28,2023-02-15,2023-02-28,2023-03-01,2023-03-03,2023-03-03,1,0,,0.001052348737,4.111112743e-05,0.01118146038,0,temporal_sigmoid
logistic_history14,S1,2023,2023-03-01,2023-02-16,2023-03-01,2023-03-02,2023-03-04,2023-03-04,1,0,,0.001297999905,4.988893721e-05,0.01118146038,0,temporal_sigmoid
logistic_history14,S1,2023,2023-03-02,2023-02-17,2023-03-02,2023-03-03,2023-03-05,2023-03-05,1,0,,0.002413898126,8.844875489e-05,0.01118146038,0,temporal_sigmoid
logistic_history14,S1,2023,2023-03-03,2023-02-18,2023-03-03,2023-03-04,2023-03-06,2023-03-06,1,0,,0.006134841433,0.0002095875689,0.01118146038,0,temporal_sigmoid
logistic_history14,S1,2023,2023-03-04,2023-02-19,2023-03-04,2023-03-05,2023-03-07,2023-03-07,1,0,,0.005193675571,0.0001796216685,0.01118146038,0,temporal_sigmoid
logistic_history14,S1,2023,2023-03-05,2023-02-20,2023-03-05,2023-03-06,2023-03-08,2023-03-08,1,0,,0.008157821273,0.0002730181739,0.01118146038,0,temporal_sigmoid
logistic_history14,S1,2023,2023-03-06,2023-02-21,2023-03-06,2023-03-07,2023-03-09,2023-03-09,1,0,,0.006869279975,0.0002327542402,0.01118146038,0,temporal_sigmoid
logistic_history14,S1,2023,2023-03-07,2023-02-22,2023-03-07,2023-03-08,2023-03-10,2023-03-10,1,0,,0.02169876884,0.0006807183404,0.01118146038,0,temporal_sigmoid
logistic_history14,S1,2023,2023-03-08,2023-02-23,2023-03-08,2023-03-09,2023-03-11,2023-03-11,1,0,,0.00493141942,0.0001712077877,0.01118146038,0,temporal_sigmoid
logistic_history14,S1,2023,2023-03-09,2023-02-24,2023-03-09,2023-03-10,2023-03-12,2023-03-12,1,0,,0.01166240203,0.0003806886578,0.01118146038,0,temporal_sigmoid
logistic_history14,S1,2023,2023-03-10,2023-02-25,2023-03-10,2023-03-11,2023-03-13,2023-03-13,1,0,,0.006810930784,0.0002309199512,0.01118146038,0,temporal_sigmoid
logistic_history14,S1,2023,2023-03-11,2023-02-26,2023-03-11,2023-03-12,2023-03-14,2023-03-14,1,0,,0.02833819173,0.0008758465676,0.01118146038,0,temporal_sigmoid
logistic_history14,S1,2023,2023-03-12,2023-02-27,2023-03-12,2023-03-13,2023-03-15,2023-03-15,1,0,,0.1414473832,0.004303050728,0.01118146038,0,temporal_sigmoid
logistic_history14,S1,2023,2023-03-13,2023-02-28,2023-03-13,2023-03-14,2023-03-16,2023-03-16,1,0,,0.1743811812,0.005403860585,0.01118146038,0,temporal_sigmoid
logistic_history14,S1,2023,2023-03-14,2023-03-01,2023-03-14,2023-03-15,2023-03-17,2023-03-17,1,0,,0.05496473225,0.001653089635,0.01118146038,0,temporal_sigmoid
logistic_history14,S1,2023,2023-03-15,2023-03-02,2023-03-15,2023-03-16,2023-03-18,2023-03-18,1,0,,0.001812904708,6.790368171e-05,0.01118146038,0,temporal_sigmoid
logistic_history14,S1,2023,2023-03-16,2023-03-03,2023-03-16,2023-03-17,2023-03-19,2023-03-19,1,0,,0.001921753732,7.165835956e-05,0.01118146038,0,temporal_sigmoid
logistic_history14,S1,2023,2023-03-17,2023-03-04,2023-03-17,2023-03-18,2023-03-20,2023-03-20,1,0,,8.882511104e-05,4.211034244e-06,0.01118146038,0,temporal_sigmoid
logistic_history14,S1,2023,2023-03-18,2023-03-05,2023-03-18,2023-03-19,2023-03-21,2023-03-21,1,0,,0.001221981224,4.718737746e-05,0.01118146038,0,temporal_sigmoid
logistic_history14,S1,2023,2023-03-19,2023-03-06,2023-03-19,2023-03-20,2023-03-22,2023-03-22,1,0,,3.609653562e-06,2.201259337e-07,0.01118146038,0,temporal_sigmoid
logistic_history14,S1,2023,2023-03-20,2023-03-07,2023-03-20,2023-03-21,2023-03-23,2023-03-23,1,0,,3.858231254e-05,1.952986103e-06,0.01118146038,0,temporal_sigmoid
logistic_history14,S1,2023,2023-03-21,2023-03-08,2023-03-21,2023-03-22,2023-03-24,2023-03-24,1,0,,2.392955194e-05,1.25762963e-06,0.01118146038,0,temporal_sigmoid
logistic_history14,S1,2023,2023-03-22,2023-03-09,2023-03-22,2023-03-23,2023-03-25,2023-03-25,1,0,,6.00892091e-05,2.937553518e-06,0.01118146038,0,temporal_sigmoid
logistic_history14,S1,2023,2023-03-23,2023-03-10,2023-03-23,2023-03-24,2023-03-26,2023-03-26,1,0,,0.0004280892372,1.793950382e-05,0.01118146038,0,temporal_sigmoid
logistic_history14,S1,2023,2023-03-24,2023-03-11,2023-03-24,2023-03-25,2023-03-27,2023-03-27,1,0,,0.001730895766,6.506365826e-05,0.01118146038,0,temporal_sigmoid
logistic_history14,S1,2023,2023-03-25,2023-03-12,2023-03-25,2023-03-26,2023-03-28,2023-03-28,1,0,,0.002379735766,8.729212825e-05,0.01118146038,0,temporal_sigmoid
logistic_history14,S1,2023,2023-03-26,2023-03-13,2023-03-26,2023-03-27,2023-03-29,2023-03-29,1,0,,0.01920201544,0.0006068283935,0.01118146038,0,temporal_sigmoid
logistic_history14,S1,2023,2023-03-27,2023-03-14,2023-03-27,2023-03-28,2023-03-30,2023-03-30,1,0,,0.001583720945,5.994101767e-05,0.01118146038,0,temporal_sigmoid
logistic_history14,S1,2023,2023-03-28,2023-03-15,2023-03-28,2023-03-29,2023-03-31,2023-03-31,1,0,,0.011937692,0.0003890571392,0.01118146038,0,temporal_sigmoid
logistic_history14,S1,2023,2023-03-29,2023-03-16,2023-03-29,2023-03-30,2023-04-01,2023-04-01,1,0,,0.0003512496423,1.494922347e-05,0.01118146038,0,temporal_sigmoid
logistic_history14,S1,2023,2023-03-30,2023-03-17,2023-03-30,2023-03-31,2023-04-02,2023-04-02,1,0,,0.01532756993,0.0004913162882,0.01118146038,0,temporal_sigmoid
logistic_history14,S1,2023,2023-03-31,2023-03-18,2023-03-31,2023-04-01,2023-04-03,2023-04-03,1,0,,0.0002991107589,1.289146182e-05,0.01118146038,0,temporal_sigmoid
logistic_history14,S1,2023,2023-04-01,2023-03-19,2023-04-01,2023-04-02,2023-04-04,2023-04-04,1,0,,1.014614577e-05,5.704474382e-07,0.01118146038,0,temporal_sigmoid
logistic_history14,S1,2023,2023-04-02,2023-03-20,2023-04-02,2023-04-03,2023-04-05,2023-04-05,1,0,,0.001000820468,3.925098325e-05,0.01118146038,0,temporal_sigmoid
logistic_history14,S1,2023,2023-04-03,2023-03-21,2023-04-03,2023-04-04,2023-04-06,2023-04-06,1,0,,0.02875977635,0.0008881889843,0.01118146038,0,temporal_sigmoid
logistic_history14,S1,2023,2023-04-04,2023-03-22,2023-04-04,2023-04-05,2023-04-07,2023-04-07,1,0,,0.07354374203,0.00220049658,0.01118146038,0,temporal_sigmoid
logistic_history14,S1,2023,2023-04-05,2023-03-23,2023-04-05,2023-04-06,2023-04-08,2023-04-08,1,0,,0.1421019597,0.004324340181,0.01118146038,0,temporal_sigmoid
logistic_history14,S1,2023,2023-04-06,2023-03-24,2023-04-06,2023-04-07,2023-04-09,2023-04-09,1,0,,0.1504429194,0.004597628614,0.01118146038,0,temporal_sigmoid
logistic_history14,S1,2023,2023-04-07,2023-03-25,2023-04-07,2023-04-08,2023-04-10,2023-04-10,1,1,fixed36_0043,0.4393521553,0.01785909675,0.01118146038,1,temporal_sigmoid
logistic_history14,S1,2023,2023-04-08,2023-03-26,2023-04-08,2023-04-09,2023-04-11,2023-04-11,1,1,fixed36_0043,0.5230884587,0.02418717972,0.01118146038,1,temporal_sigmoid
logistic_history14,S1,2023,2023-04-09,2023-03-27,2023-04-09,2023-04-10,2023-04-12,2023-04-12,1,1,fixed36_0043,0.6799436273,0.04359082684,0.01118146038,1,temporal_sigmoid
logistic_history14,S1,2023,2023-04-10,2023-03-28,2023-04-10,2023-04-11,2023-04-13,2023-04-13,1,1,fixed36_0043,0.7569846344,0.060897808,0.01118146038,1,temporal_sigmoid
logistic_history14,S1,2023,2023-04-11,2023-03-29,2023-04-11,2023-04-12,2023-04-14,2023-04-14,1,1,fixed36_0043,0.8428261398,0.09662935669,0.01118146038,1,temporal_sigmoid
logistic_history14,S1,2023,2023-04-12,2023-03-30,2023-04-12,2023-04-13,2023-04-15,2023-04-15,1,1,fixed36_0043,0.905038554,0.1537646902,0.01118146038,1,temporal_sigmoid
logistic_history14,S1,2023,2023-04-13,2023-03-31,2023-04-13,2023-04-14,2023-04-16,2023-04-16,1,1,fixed36_0043,0.934474889,0.2084948272,0.01118146038,1,temporal_sigmoid
logistic_history14,S1,2023,2023-04-14,2023-04-01,2023-04-14,2023-04-15,2023-04-17,2023-04-17,1,1,fixed36_0043,0.9807119884,0.4594042951,0.01118146038,1,temporal_sigmoid
logistic_history14,S1,2023,2023-04-15,2023-04-02,2023-04-15,2023-04-16,2023-04-18,2023-04-18,1,1,fixed36_0043,0.9789356877,0.4389115795,0.01118146038,1,temporal_sigmoid
logistic_history14,S1,2023,2023-04-16,2023-04-03,2023-04-16,2023-04-17,2023-04-19,2023-04-19,1,1,fixed36_0043,0.9899625905,0.6100953278,0.01118146038,1,temporal_sigmoid
logistic_history14,S1,2023,2023-04-17,2023-04-04,2023-04-17,2023-04-18,2023-04-20,2023-04-20,1,1,fixed36_0043,0.9835189016,0.4961988533,0.01118146038,1,temporal_sigmoid
logistic_history14,S1,2023,2023-04-18,2023-04-05,2023-04-18,2023-04-19,2023-04-21,2023-04-21,1,0,,0.9365180286,0.2136902386,0.01118146038,1,temporal_sigmoid
logistic_history14,S1,2023,2023-04-19,2023-04-06,2023-04-19,2023-04-20,2023-04-22,2023-04-22,1,0,,0.9407550238,0.2253038515,0.01118146038,1,temporal_sigmoid
logistic_history14,S1,2023,2023-04-20,2023-04-07,2023-04-20,2023-04-21,2023-04-23,2023-04-23,1,0,,0.9311620721,0.200569716,0.01118146038,1,temporal_sigmoid
logistic_history14,S1,2023,2023-04-21,2023-04-08,2023-04-21,2023-04-22,2023-04-24,2023-04-24,1,0,,0.9363867826,0.213348999,0.01118146038,1,temporal_sigmoid
logistic_history14,S1,2023,2023-04-22,2023-04-09,2023-04-22,2023-04-23,2023-04-25,2023-04-25,1,0,,0.9662438726,0.3335652929,0.01118146038,1,temporal_sigmoid
logistic_history14,S1,2023,2023-04-23,2023-04-10,2023-04-23,2023-04-24,2023-04-26,2023-04-26,1,0,,0.0008785927179,3.480832572e-05,0.01118146038,0,temporal_sigmoid
logistic_history14,S1,2023,2023-04-24,2023-04-11,2023-04-24,2023-04-25,2023-04-27,2023-04-27,1,0,,0.2204656948,0.007059867527,0.01118146038,0,temporal_sigmoid
logistic_history14,S1,2023,2023-04-25,2023-04-12,2023-04-25,2023-04-26,2023-04-28,2023-04-28,1,0,,0.7292170297,0.05366450391,0.01118146038,1,temporal_sigmoid
logistic_history14,S1,2023,2023-04-26,2023-04-13,2023-04-26,2023-04-27,2023-04-29,2023-04-29,1,0,,0.8681789751,0.1144705192,0.01118146038,1,temporal_sigmoid
logistic_history14,S1,2023,2023-04-27,2023-04-14,2023-04-27,2023-04-28,2023-04-30,2023-04-30,1,0,,0.7437309034,0.05727396826,0.01118146038,1,temporal_sigmoid
logistic_history14,S1,2023,2023-04-28,2023-04-15,2023-04-28,2023-04-29,2023-05-01,2023-05-01,1,0,,0.3891130442,0.01480061615,0.01118146038,1,temporal_sigmoid
logistic_history14,S1,2023,2023-04-29,2023-04-16,2023-04-29,2023-04-30,2023-05-02,2023-05-02,1,0,,0.8659665065,0.1126898523,0.01118146038,1,temporal_sigmoid
logistic_history14,S1,2023,2023-04-30,2023-04-17,2023-04-30,2023-05-01,2023-05-03,2023-05-03,1,0,,0.1214126773,0.00366193569,0.01118146038,0,temporal_sigmoid
logistic_history14,S1,2023,2023-05-01,2023-04-18,2023-05-01,2023-05-02,2023-05-04,2023-05-04,1,0,,0.1880241323,0.00587902883,0.01118146038,0,temporal_sigmoid
logistic_history14,S1,2023,2023-05-02,2023-04-19,2023-05-02,2023-05-03,2023-05-05,2023-05-05,1,0,,0.5481365273,0.02647703478,0.01118146038,1,temporal_sigmoid
logistic_history14,S1,2023,2023-05-03,2023-04-20,2023-05-03,2023-05-04,2023-05-06,2023-05-06,1,0,,0.3955855807,0.01516982471,0.01118146038,1,temporal_sigmoid
logistic_history14,S1,2023,2023-05-04,2023-04-21,2023-05-04,2023-05-05,2023-05-07,2023-05-07,1,0,,0.02553914387,0.0007937768505,0.01118146038,0,temporal_sigmoid
logistic_history14,S1,2023,2023-05-05,2023-04-22,2023-05-05,2023-05-06,2023-05-08,2023-05-08,1,1,fixed36_0044,0.1538385607,0.004709975562,0.01118146038,0,temporal_sigmoid
logistic_history14,S1,2023,2023-05-06,2023-04-23,2023-05-06,2023-05-07,2023-05-09,2023-05-09,1,1,fixed36_0044,0.7822738579,0.06886838493,0.01118146038,1,temporal_sigmoid
logistic_history14,S1,2023,2023-05-07,2023-04-24,2023-05-07,2023-05-08,2023-05-10,2023-05-10,1,1,fixed36_0044,0.9684713956,0.3481721955,0.01118146038,1,temporal_sigmoid
logistic_history14,S1,2023,2023-05-08,2023-04-25,2023-05-08,2023-05-09,2023-05-11,2023-05-11,1,1,fixed36_0044,0.9973266848,0.8420430631,0.01118146038,1,temporal_sigmoid
logistic_history14,S1,2023,2023-05-09,2023-04-26,2023-05-09,2023-05-10,2023-05-12,2023-05-12,1,1,fixed36_0044,0.9975902777,0.8543826936,0.01118146038,1,temporal_sigmoid
logistic_history14,S1,2023,2023-05-10,2023-04-27,2023-05-10,2023-05-11,2023-05-13,2023-05-13,1,0,,0.9923290341,0.6676657728,0.01118146038,1,temporal_sigmoid
logistic_history14,S1,2023,2023-05-11,2023-04-28,2023-05-11,2023-05-12,2023-05-14,2023-05-14,1,0,,0.958445056,0.2908869029,0.01118146038,1,temporal_sigmoid
logistic_history14,S1,2023,2023-05-12,2023-04-29,2023-05-12,2023-05-13,2023-05-15,2023-05-15,1,0,,0.6525049297,0.03908764685,0.01118146038,1,temporal_sigmoid
logistic_history14,S1,2023,2023-05-13,2023-04-30,2023-05-13,2023-05-14,2023-05-16,2023-05-16,1,0,,0.7376786624,0.05572625807,0.01118146038,1,temporal_sigmoid
logistic_history14,S1,2023,2023-05-14,2023-05-01,2023-05-14,2023-05-15,2023-05-17,2023-05-17,1,0,,0.0008991052041,3.555705614e-05,0.01118146038,0,temporal_sigmoid
logistic_history14,S1,2023,2023-05-15,2023-05-02,2023-05-15,2023-05-16,2023-05-18,2023-05-18,1,0,,0.1384818192,0.004206879568,0.01118146038,0,temporal_sigmoid
logistic_history14,S1,2023,2023-05-16,2023-05-03,2023-05-16,2023-05-17,2023-05-19,2023-05-19,1,0,,0.07379153129,0.002207854568,0.01118146038,0,temporal_sigmoid
logistic_history14,S1,2023,2023-05-17,2023-05-04,2023-05-17,2023-05-18,2023-05-20,2023-05-20,1,0,,0.005075935855,0.0001758479891,0.01118146038,0,temporal_sigmoid
logistic_history14,S1,2023,2023-05-18,2023-05-05,2023-05-18,2023-05-19,2023-05-21,2023-05-21,1,0,,0.0003389902715,1.446766662e-05,0.01118146038,0,temporal_sigmoid
logistic_history14,S1,2023,2023-05-19,2023-05-06,2023-05-19,2023-05-20,2023-05-22,2023-05-22,1,0,,0.004101928824,0.0001443801045,0.01118146038,0,temporal_sigmoid
logistic_history14,S1,2023,2023-05-20,2023-05-07,2023-05-20,2023-05-21,2023-05-23,2023-05-23,1,0,,0.0407280538,0.001237487893,0.01118146038,0,temporal_sigmoid
logistic_history14,S1,2023,2023-05-21,2023-05-08,2023-05-21,2023-05-22,2023-05-24,2023-05-24,1,0,,0.0597385024,0.001793031654,0.01118146038,0,temporal_sigmoid
logistic_history14,S1,2023,2023-05-22,2023-05-09,2023-05-22,2023-05-23,2023-05-25,2023-05-25,1,0,,0.09701845266,0.002906238867,0.01118146038,0,temporal_sigmoid
logistic_history14,S1,2023,2023-05-23,2023-05-10,2023-05-23,2023-05-24,2023-05-26,2023-05-26,1,0,,0.01292285746,0.0004189187188,0.01118146038,0,temporal_sigmoid
logistic_history14,S1,2023,2023-05-24,2023-05-11,2023-05-24,2023-05-25,2023-05-27,2023-05-27,1,0,,0.0001080511707,5.044273039e-06,0.01118146038,0,temporal_sigmoid
logistic_history14,S1,2023,2023-05-25,2023-05-12,2023-05-25,2023-05-26,2023-05-28,2023-05-28,1,0,,0.02288946509,0.0007158395796,0.01118146038,0,temporal_sigmoid
logistic_history14,S1,2023,2023-05-26,2023-05-13,2023-05-26,2023-05-27,2023-05-29,2023-05-29,1,0,,0.003361539555,0.0001201070516,0.01118146038,0,temporal_sigmoid
logistic_history14,S1,2023,2023-05-27,2023-05-14,2023-05-27,2023-05-28,2023-05-30,2023-05-30,1,0,,0.001304688065,5.01260341e-05,0.01118146038,0,temporal_sigmoid
logistic_history14,S1,2023,2023-05-28,2023-05-15,2023-05-28,2023-05-29,2023-05-31,2023-05-31,1,0,,0.04569374422,0.001382257779,0.01118146038,0,temporal_sigmoid
logistic_history14,S1,2023,2023-05-29,2023-05-16,2023-05-29,2023-05-30,2023-06-01,2023-06-01,1,1,fixed36_0045,0.2940373745,0.01005495425,0.01118146038,0,temporal_sigmoid
logistic_history14,S1,2023,2023-05-30,2023-05-17,2023-05-30,2023-05-31,2023-06-02,2023-06-02,1,1,fixed36_0045,0.4496451376,0.01854542377,0.01118146038,1,temporal_sigmoid
logistic_history14,S1,2023,2023-05-31,2023-05-18,2023-05-31,2023-06-01,2023-06-03,2023-06-03,1,1,fixed36_0045,0.5678820585,0.02844655926,0.01118146038,1,temporal_sigmoid
logistic_history14,S1,2023,2023-06-01,2023-05-19,2023-06-01,2023-06-02,2023-06-04,2023-06-04,1,1,fixed36_0045,0.3250387693,0.01147716203,0.01118146038,1,temporal_sigmoid
logistic_history14,S1,2023,2023-06-02,2023-05-20,2023-06-02,2023-06-03,2023-06-05,2023-06-05,1,1,fixed36_0045,0.3276381635,0.01160142181,0.01118146038,1,temporal_sigmoid
logistic_history14,S1,2023,2023-06-03,2023-05-21,2023-06-03,2023-06-04,2023-06-06,2023-06-06,1,1,fixed36_0045,0.21622037,0.006901005397,0.01118146038,0,temporal_sigmoid
logistic_history14,S1,2023,2023-06-04,2023-05-22,2023-06-04,2023-06-05,2023-06-07,2023-06-07,1,0,,0.1849466942,0.005770795907,0.01118146038,0,temporal_sigmoid
logistic_history14,S1,2023,2023-06-05,2023-05-23,2023-06-05,2023-06-06,2023-06-08,2023-06-08,1,0,,0.2736282325,0.009174391587,0.01118146038,0,temporal_sigmoid
logistic_history14,S1,2023,2023-06-06,2023-05-24,2023-06-06,2023-06-07,2023-06-09,2023-06-09,1,0,,0.4293370255,0.01721209232,0.01118146038,1,temporal_sigmoid
logistic_history14,S1,2023,2023-06-07,2023-05-25,2023-06-07,2023-06-08,2023-06-10,2023-06-10,1,0,,0.2377476451,0.007721044896,0.01118146038,0,temporal_sigmoid
logistic_history14,S1,2023,2023-06-08,2023-05-26,2023-06-08,2023-06-09,2023-06-11,2023-06-11,1,0,,0.001111106326,4.322375629e-05,0.01118146038,0,temporal_sigmoid
logistic_history14,S1,2023,2023-06-09,2023-05-27,2023-06-09,2023-06-10,2023-06-12,2023-06-12,1,0,,0.0006275922584,2.552500338e-05,0.01118146038,0,temporal_sigmoid
logistic_history14,S1,2023,2023-06-10,2023-05-28,2023-06-10,2023-06-11,2023-06-13,2023-06-13,1,0,,0.0001517616158,6.8983736e-06,0.01118146038,0,temporal_sigmoid
logistic_history14,S1,2023,2023-06-11,2023-05-29,2023-06-11,2023-06-12,2023-06-14,2023-06-14,1,0,,0.0003018391157,1.299979806e-05,0.01118146038,0,temporal_sigmoid
logistic_history14,S1,2023,2023-06-12,2023-05-30,2023-06-12,2023-06-13,2023-06-15,2023-06-15,1,0,,0.0006544752283,2.653135358e-05,0.01118146038,0,temporal_sigmoid
logistic_history14,S1,2023,2023-06-13,2023-05-31,2023-06-13,2023-06-14,2023-06-16,2023-06-16,1,0,,0.001745781238,6.557989176e-05,0.01118146038,0,temporal_sigmoid
logistic_history14,S1,2023,2023-06-14,2023-06-01,2023-06-14,2023-06-15,2023-06-17,2023-06-17,1,0,,0.01542861135,0.0004943448996,0.01118146038,0,temporal_sigmoid
logistic_history14,S1,2023,2023-06-15,2023-06-02,2023-06-15,2023-06-16,2023-06-18,2023-06-18,1,0,,0.003413786125,0.0001218316488,0.01118146038,0,temporal_sigmoid
logistic_history14,S1,2023,2023-06-16,2023-06-03,2023-06-16,2023-06-17,2023-06-19,2023-06-19,1,0,,0.004986925238,0.0001729910944,0.01118146038,0,temporal_sigmoid
logistic_history14,S1,2023,2023-06-17,2023-06-04,2023-06-17,2023-06-18,2023-06-20,2023-06-20,1,0,,0.001268372599,4.883751448e-05,0.01118146038,0,temporal_sigmoid
logistic_history14,S1,2023,2023-06-18,2023-06-05,2023-06-18,2023-06-19,2023-06-21,2023-06-21,1,0,,0.0001482847651,6.752606697e-06,0.01118146038,0,temporal_sigmoid
logistic_history14,S1,2023,2023-06-19,2023-06-06,2023-06-19,2023-06-20,2023-06-22,2023-06-22,1,0,,3.892860516e-05,1.969131536e-06,0.01118146038,0,temporal_sigmoid
logistic_history14,S1,2023,2023-06-20,2023-06-07,2023-06-20,2023-06-21,2023-06-23,2023-06-23,1,0,,0.001050339611,4.103873212e-05,0.01118146038,0,temporal_sigmoid
logistic_history14,S1,2023,2023-06-21,2023-06-08,2023-06-21,2023-06-22,2023-06-24,2023-06-24,1,0,,0.001390251502,5.315128329e-05,0.01118146038,0,temporal_sigmoid
logistic_history14,S1,2023,2023-06-22,2023-06-09,2023-06-22,2023-06-23,2023-06-25,2023-06-25,1,0,,0.0008254762,3.286315871e-05,0.01118146038,0,temporal_sigmoid
logistic_history14,S1,2023,2023-06-23,2023-06-10,2023-06-23,2023-06-24,2023-06-26,2023-06-26,1,0,,0.002571558955,9.377121483e-05,0.01118146038,0,temporal_sigmoid
logistic_history14,S1,2023,2023-06-24,2023-06-11,2023-06-24,2023-06-25,2023-06-27,2023-06-27,1,0,,0.0008323978176,3.311716768e-05,0.01118146038,0,temporal_sigmoid
logistic_history14,S1,2023,2023-06-25,2023-06-12,2023-06-25,2023-06-26,2023-06-28,2023-06-28,1,0,,0.0004547080577,1.896526456e-05,0.01118146038,0,temporal_sigmoid
logistic_history14,S1,2023,2023-06-26,2023-06-13,2023-06-26,2023-06-27,2023-06-29,2023-06-29,1,0,,0.0002166921864,9.578327338e-06,0.01118146038,0,temporal_sigmoid
logistic_history14,S1,2023,2023-06-27,2023-06-14,2023-06-27,2023-06-28,2023-06-30,2023-06-30,1,0,,8.50827668e-06,4.850291249e-07,0.01118146038,0,temporal_sigmoid
logistic_history14,S1,2024,2024-02-29,2024-02-16,2024-02-29,2024-03-01,2024-03-03,2024-03-03,1,0,,1.422378281e-05,4.407646416e-05,0.02042593561,0,temporal_sigmoid
logistic_history14,S1,2024,2024-03-01,2024-02-17,2024-03-01,2024-03-02,2024-03-04,2024-03-04,1,0,,1.570157605e-05,4.702257697e-05,0.02042593561,0,temporal_sigmoid
logistic_history14,S1,2024,2024-03-02,2024-02-18,2024-03-02,2024-03-03,2024-03-05,2024-03-05,1,0,,1.836102204e-05,5.209392275e-05,0.02042593561,0,temporal_sigmoid
logistic_history14,S1,2024,2024-03-03,2024-02-19,2024-03-03,2024-03-04,2024-03-06,2024-03-06,1,0,,2.711181152e-05,6.723273945e-05,0.02042593561,0,temporal_sigmoid
logistic_history14,S1,2024,2024-03-04,2024-02-20,2024-03-04,2024-03-05,2024-03-07,2024-03-07,1,0,,1.805178088e-06,1.141238262e-05,0.02042593561,0,temporal_sigmoid
logistic_history14,S1,2024,2024-03-05,2024-02-21,2024-03-05,2024-03-06,2024-03-08,2024-03-08,1,0,,7.105809853e-05,0.000126324087,0.02042593561,0,temporal_sigmoid
logistic_history14,S1,2024,2024-03-06,2024-02-22,2024-03-06,2024-03-07,2024-03-09,2024-03-09,1,0,,2.510572715e-05,6.393336167e-05,0.02042593561,0,temporal_sigmoid
logistic_history14,S1,2024,2024-03-07,2024-02-23,2024-03-07,2024-03-08,2024-03-10,2024-03-10,1,0,,2.299103234e-05,6.035504626e-05,0.02042593561,0,temporal_sigmoid
logistic_history14,S1,2024,2024-03-08,2024-02-24,2024-03-08,2024-03-09,2024-03-11,2024-03-11,1,0,,0.0002094722509,0.0002563361178,0.02042593561,0,temporal_sigmoid
logistic_history14,S1,2024,2024-03-09,2024-02-25,2024-03-09,2024-03-10,2024-03-12,2024-03-12,1,0,,0.0001203517767,0.0001783505175,0.02042593561,0,temporal_sigmoid
logistic_history14,S1,2024,2024-03-10,2024-02-26,2024-03-10,2024-03-11,2024-03-13,2024-03-13,1,0,,0.0002093333559,0.0002562248494,0.02042593561,0,temporal_sigmoid
logistic_history14,S1,2024,2024-03-11,2024-02-27,2024-03-11,2024-03-12,2024-03-14,2024-03-14,1,0,,0.001804612474,0.001049865425,0.02042593561,0,temporal_sigmoid
logistic_history14,S1,2024,2024-03-12,2024-02-28,2024-03-12,2024-03-13,2024-03-15,2024-03-15,1,0,,0.01482856527,0.004190516954,0.02042593561,0,temporal_sigmoid
logistic_history14,S1,2024,2024-03-13,2024-02-29,2024-03-13,2024-03-14,2024-03-16,2024-03-16,1,0,,0.05352797565,0.009910217177,0.02042593561,0,temporal_sigmoid
logistic_history14,S1,2024,2024-03-14,2024-03-01,2024-03-14,2024-03-15,2024-03-17,2024-03-17,1,0,,0.001104408887,0.0007611403955,0.02042593561,0,temporal_sigmoid
logistic_history14,S1,2024,2024-03-15,2024-03-02,2024-03-15,2024-03-16,2024-03-18,2024-03-18,1,0,,0.02083347861,0.00525052102,0.02042593561,0,temporal_sigmoid
logistic_history14,S1,2024,2024-03-16,2024-03-03,2024-03-16,2024-03-17,2024-03-19,2024-03-19,1,0,,0.01136679825,0.003515479228,0.02042593561,0,temporal_sigmoid
logistic_history14,S1,2024,2024-03-17,2024-03-04,2024-03-17,2024-03-18,2024-03-20,2024-03-20,1,0,,0.0111136336,0.003463626449,0.02042593561,0,temporal_sigmoid
logistic_history14,S1,2024,2024-03-18,2024-03-05,2024-03-18,2024-03-19,2024-03-21,2024-03-21,1,0,,0.008131474487,0.002819264865,0.02042593561,0,temporal_sigmoid
logistic_history14,S1,2024,2024-03-19,2024-03-06,2024-03-19,2024-03-20,2024-03-22,2024-03-22,1,0,,0.007398523368,0.002649388165,0.02042593561,0,temporal_sigmoid
logistic_history14,S1,2024,2024-03-20,2024-03-07,2024-03-20,2024-03-21,2024-03-23,2024-03-23,1,0,,3.290945965e-07,7.752842646e-06,0.02042593561,0,temporal_sigmoid
logistic_history14,S1,2024,2024-03-21,2024-03-08,2024-03-21,2024-03-22,2024-03-24,2024-03-24,1,0,,3.363265784e-06,1.715034023e-05,0.02042593561,0,temporal_sigmoid
logistic_history14,S1,2024,2024-03-22,2024-03-09,2024-03-22,2024-03-23,2024-03-25,2024-03-25,1,0,,1.40446655e-05,4.371234983e-05,0.02042593561,0,temporal_sigmoid
logistic_history14,S1,2024,2024-03-23,2024-03-10,2024-03-23,2024-03-24,2024-03-26,2024-03-26,1,0,,0.0001791034481,0.0002313581501,0.02042593561,0,temporal_sigmoid
logistic_history14,S1,2024,2024-03-24,2024-03-11,2024-03-24,2024-03-25,2024-03-27,2024-03-27,1,0,,0.0002156051713,0.0002612241035,0.02042593561,0,temporal_sigmoid
logistic_history14,S1,2024,2024-03-25,2024-03-12,2024-03-25,2024-03-26,2024-03-28,2024-03-28,1,0,,0.0009545106581,0.0006918058708,0.02042593561,0,temporal_sigmoid
logistic_history14,S1,2024,2024-03-26,2024-03-13,2024-03-26,2024-03-27,2024-03-29,2024-03-29,1,0,,0.0005711229541,0.0004942570359,0.02042593561,0,temporal_sigmoid
logistic_history14,S1,2024,2024-03-27,2024-03-14,2024-03-27,2024-03-28,2024-03-30,2024-03-30,1,0,,0.002437305267,0.001278368798,0.02042593561,0,temporal_sigmoid
logistic_history14,S1,2024,2024-03-28,2024-03-15,2024-03-28,2024-03-29,2024-03-31,2024-03-31,1,0,,0.0004201045527,0.0004042446102,0.02042593561,0,temporal_sigmoid
logistic_history14,S1,2024,2024-03-29,2024-03-16,2024-03-29,2024-03-30,2024-04-01,2024-04-01,1,0,,0.002567785237,0.001322817067,0.02042593561,0,temporal_sigmoid
logistic_history14,S1,2024,2024-03-30,2024-03-17,2024-03-30,2024-03-31,2024-04-02,2024-04-02,1,0,,0.01127869268,0.003497477403,0.02042593561,0,temporal_sigmoid
logistic_history14,S1,2024,2024-03-31,2024-03-18,2024-03-31,2024-04-01,2024-04-03,2024-04-03,1,0,,0.01513918768,0.004248402065,0.02042593561,0,temporal_sigmoid
logistic_history14,S1,2024,2024-04-01,2024-03-19,2024-04-01,2024-04-02,2024-04-04,2024-04-04,1,0,,0.2558767966,0.03159448639,0.02042593561,1,temporal_sigmoid
logistic_history14,S1,2024,2024-04-02,2024-03-20,2024-04-02,2024-04-03,2024-04-05,2024-04-05,1,0,,0.3990666081,0.04779571828,0.02042593561,1,temporal_sigmoid
logistic_history14,S1,2024,2024-04-03,2024-03-21,2024-04-03,2024-04-04,2024-04-06,2024-04-06,1,0,,0.4205248361,0.05050983619,0.02042593561,1,temporal_sigmoid
logistic_history14,S1,2024,2024-04-04,2024-03-22,2024-04-04,2024-04-05,2024-04-07,2024-04-07,1,0,,0.2875364782,0.03496398174,0.02042593561,1,temporal_sigmoid
logistic_history14,S1,2024,2024-04-05,2024-03-23,2024-04-05,2024-04-06,2024-04-08,2024-04-08,1,0,,0.2750156616,0.03362134606,0.02042593561,1,temporal_sigmoid
logistic_history14,S1,2024,2024-04-06,2024-03-24,2024-04-06,2024-04-07,2024-04-09,2024-04-09,1,0,,0.7920872208,0.1360695527,0.02042593561,1,temporal_sigmoid
logistic_history14,S1,2024,2024-04-07,2024-03-25,2024-04-07,2024-04-08,2024-04-10,2024-04-10,1,0,,0.002565126088,0.001321919069,0.02042593561,0,temporal_sigmoid
logistic_history14,S1,2024,2024-04-08,2024-03-26,2024-04-08,2024-04-09,2024-04-11,2024-04-11,1,0,,0.006018375984,0.002313141745,0.02042593561,0,temporal_sigmoid
logistic_history14,S1,2024,2024-04-09,2024-03-27,2024-04-09,2024-04-10,2024-04-12,2024-04-12,1,0,,0.1230175235,0.01781724536,0.02042593561,0,temporal_sigmoid
logistic_history14,S1,2024,2024-04-10,2024-03-28,2024-04-10,2024-04-11,2024-04-13,2024-04-13,1,0,,0.01661774482,0.004518828944,0.02042593561,0,temporal_sigmoid
logistic_history14,S1,2024,2024-04-11,2024-03-29,2024-04-11,2024-04-12,2024-04-14,2024-04-14,1,0,,0.05578975486,0.01019538635,0.02042593561,0,temporal_sigmoid
logistic_history14,S1,2024,2024-04-12,2024-03-30,2024-04-12,2024-04-13,2024-04-15,2024-04-15,1,0,,0.2716982799,0.03326794303,0.02042593561,1,temporal_sigmoid
logistic_history14,S1,2024,2024-04-13,2024-03-31,2024-04-13,2024-04-14,2024-04-16,2024-04-16,1,0,,0.5929751347,0.07744552998,0.02042593561,1,temporal_sigmoid
logistic_history14,S1,2024,2024-04-14,2024-04-01,2024-04-14,2024-04-15,2024-04-17,2024-04-17,1,1,fixed36_0046,0.4976903451,0.06123024707,0.02042593561,1,temporal_sigmoid
logistic_history14,S1,2024,2024-04-15,2024-04-02,2024-04-15,2024-04-16,2024-04-18,2024-04-18,1,0,,0.6910535715,0.1000292076,0.02042593561,1,temporal_sigmoid
logistic_history14,S1,2024,2024-04-16,2024-04-03,2024-04-16,2024-04-17,2024-04-19,2024-04-19,1,0,,0.6239411325,0.08374999139,0.02042593561,1,temporal_sigmoid
logistic_history14,S1,2024,2024-04-17,2024-04-04,2024-04-17,2024-04-18,2024-04-20,2024-04-20,1,0,,0.8461278513,0.1668535894,0.02042593561,1,temporal_sigmoid
logistic_history14,S1,2024,2024-04-18,2024-04-05,2024-04-18,2024-04-19,2024-04-21,2024-04-21,1,1,fixed36_0047,0.8040559741,0.1418878063,0.02042593561,1,temporal_sigmoid
logistic_history14,S1,2024,2024-04-19,2024-04-06,2024-04-19,2024-04-20,2024-04-22,2024-04-22,1,1,fixed36_0047,0.9771662774,0.4341474944,0.02042593561,1,temporal_sigmoid
logistic_history14,S1,2024,2024-04-20,2024-04-07,2024-04-20,2024-04-21,2024-04-23,2024-04-23,1,1,fixed36_0047,0.9942231422,0.6561174712,0.02042593561,1,temporal_sigmoid
logistic_history14,S1,2024,2024-04-21,2024-04-08,2024-04-21,2024-04-22,2024-04-24,2024-04-24,1,1,fixed36_0047,0.9840963019,0.4941090739,0.02042593561,1,temporal_sigmoid
logistic_history14,S1,2024,2024-04-22,2024-04-09,2024-04-22,2024-04-23,2024-04-25,2024-04-25,1,1,fixed36_0047,0.9758119015,0.4246834744,0.02042593561,1,temporal_sigmoid
logistic_history14,S1,2024,2024-04-23,2024-04-10,2024-04-23,2024-04-24,2024-04-26,2024-04-26,1,1,fixed36_0047,0.9519345673,0.3166294993,0.02042593561,1,temporal_sigmoid
logistic_history14,S1,2024,2024-04-24,2024-04-11,2024-04-24,2024-04-25,2024-04-27,2024-04-27,1,1,fixed36_0047,0.9901437848,0.5728860679,0.02042593561,1,temporal_sigmoid
logistic_history14,S1,2024,2024-04-25,2024-04-12,2024-04-25,2024-04-26,2024-04-28,2024-04-28,1,1,fixed36_0047,0.9876847707,0.5364869159,0.02042593561,1,temporal_sigmoid
logistic_history14,S1,2024,2024-04-26,2024-04-13,2024-04-26,2024-04-27,2024-04-29,2024-04-29,1,1,fixed36_0047,0.9881674339,0.5430677081,0.02042593561,1,temporal_sigmoid
logistic_history14,S1,2024,2024-04-27,2024-04-14,2024-04-27,2024-04-28,2024-04-30,2024-04-30,1,1,fixed36_0047,0.9621561251,0.3530170212,0.02042593561,1,temporal_sigmoid
logistic_history14,S1,2024,2024-04-28,2024-04-15,2024-04-28,2024-04-29,2024-05-01,2024-05-01,1,1,fixed36_0047,0.9948507553,0.6729895546,0.02042593561,1,temporal_sigmoid
logistic_history14,S1,2024,2024-04-29,2024-04-16,2024-04-29,2024-04-30,2024-05-02,2024-05-02,1,1,fixed36_0047,0.9954655762,0.6911231069,0.02042593561,1,temporal_sigmoid
logistic_history14,S1,2024,2024-04-30,2024-04-17,2024-04-30,2024-05-01,2024-05-03,2024-05-03,1,1,fixed36_0047,0.9937122782,0.6434187515,0.02042593561,1,temporal_sigmoid
logistic_history14,S1,2024,2024-05-01,2024-04-18,2024-05-01,2024-05-02,2024-05-04,2024-05-04,1,0,,0.9941016389,0.6530186328,0.02042593561,1,temporal_sigmoid
logistic_history14,S1,2024,2024-05-02,2024-04-19,2024-05-02,2024-05-03,2024-05-05,2024-05-05,1,0,,0.8194988383,0.1501393871,0.02042593561,1,temporal_sigmoid
logistic_history14,S1,2024,2024-05-03,2024-04-20,2024-05-03,2024-05-04,2024-05-06,2024-05-06,1,0,,0.916788479,0.2399074762,0.02042593561,1,temporal_sigmoid
logistic_history14,S1,2024,2024-05-04,2024-04-21,2024-05-04,2024-05-05,2024-05-07,2024-05-07,1,0,,0.9550966986,0.3268234362,0.02042593561,1,temporal_sigmoid
logistic_history14,S1,2024,2024-05-05,2024-04-22,2024-05-05,2024-05-06,2024-05-08,2024-05-08,1,0,,0.953054693,0.3201462678,0.02042593561,1,temporal_sigmoid
logistic_history14,S1,2024,2024-05-06,2024-04-23,2024-05-06,2024-05-07,2024-05-09,2024-05-09,1,0,,0.001037371472,0.0007305616788,0.02042593561,0,temporal_sigmoid
logistic_history14,S1,2024,2024-05-07,2024-04-24,2024-05-07,2024-05-08,2024-05-10,2024-05-10,1,0,,0.006302055259,0.002384219532,0.02042593561,0,temporal_sigmoid
logistic_history14,S1,2024,2024-05-08,2024-04-25,2024-05-08,2024-05-09,2024-05-11,2024-05-11,1,0,,0.0009294659879,0.0006798663012,0.02042593561,0,temporal_sigmoid
logistic_history14,S1,2024,2024-05-09,2024-04-26,2024-05-09,2024-05-10,2024-05-12,2024-05-12,1,0,,0.006367371701,0.002400430545,0.02042593561,0,temporal_sigmoid
logistic_history14,S1,2024,2024-05-10,2024-04-27,2024-05-10,2024-05-11,2024-05-13,2024-05-13,1,0,,0.02076769105,0.005239489586,0.02042593561,0,temporal_sigmoid
logistic_history14,S1,2024,2024-05-11,2024-04-28,2024-05-11,2024-05-12,2024-05-14,2024-05-14,1,0,,5.347499485e-05,0.0001048750903,0.02042593561,0,temporal_sigmoid
logistic_history14,S1,2024,2024-05-12,2024-04-29,2024-05-12,2024-05-13,2024-05-15,2024-05-15,1,0,,0.008068487596,0.002804874388,0.02042593561,0,temporal_sigmoid
logistic_history14,S1,2024,2024-05-13,2024-04-30,2024-05-13,2024-05-14,2024-05-16,2024-05-16,1,0,,0.07176186549,0.01213320727,0.02042593561,0,temporal_sigmoid
logistic_history14,S1,2024,2024-05-14,2024-05-01,2024-05-14,2024-05-15,2024-05-17,2024-05-17,1,1,fixed36_0048,0.3831331787,0.04584125621,0.02042593561,1,temporal_sigmoid
logistic_history14,S1,2024,2024-05-15,2024-05-02,2024-05-15,2024-05-16,2024-05-18,2024-05-18,1,0,,0.7364020067,0.1139127469,0.02042593561,1,temporal_sigmoid
logistic_history14,S1,2024,2024-05-16,2024-05-03,2024-05-16,2024-05-17,2024-05-19,2024-05-19,1,0,,0.8653798269,0.1815517711,0.02042593561,1,temporal_sigmoid
logistic_history14,S1,2024,2024-05-17,2024-05-04,2024-05-17,2024-05-18,2024-05-20,2024-05-20,1,0,,0.8627685696,0.1793992034,0.02042593561,1,temporal_sigmoid
logistic_history14,S1,2024,2024-05-18,2024-05-05,2024-05-18,2024-05-19,2024-05-21,2024-05-21,1,0,,0.03801784595,0.007854070356,0.02042593561,0,temporal_sigmoid
logistic_history14,S1,2024,2024-05-19,2024-05-06,2024-05-19,2024-05-20,2024-05-22,2024-05-22,1,0,,0.02220816933,0.005478578236,0.02042593561,0,temporal_sigmoid
logistic_history14,S1,2024,2024-05-20,2024-05-07,2024-05-20,2024-05-21,2024-05-23,2024-05-23,1,0,,0.008255119886,0.002847405581,0.02042593561,0,temporal_sigmoid
logistic_history14,S1,2024,2024-05-21,2024-05-08,2024-05-21,2024-05-22,2024-05-24,2024-05-24,1,0,,0.3111650913,0.03754043215,0.02042593561,1,temporal_sigmoid
logistic_history14,S1,2024,2024-05-22,2024-05-09,2024-05-22,2024-05-23,2024-05-25,2024-05-25,1,1,fixed36_0049,0.099029682,0.01522819434,0.02042593561,0,temporal_sigmoid
logistic_history14,S1,2024,2024-05-23,2024-05-10,2024-05-23,2024-05-24,2024-05-26,2024-05-26,1,0,,0.817072497,0.1487815303,0.02042593561,1,temporal_sigmoid
logistic_history14,S1,2024,2024-05-24,2024-05-11,2024-05-24,2024-05-25,2024-05-27,2024-05-27,1,0,,0.9164108518,0.2393183155,0.02042593561,1,temporal_sigmoid
logistic_history14,S1,2024,2024-05-25,2024-05-12,2024-05-25,2024-05-26,2024-05-28,2024-05-28,1,0,,0.8662696658,0.1822979926,0.02042593561,1,temporal_sigmoid
logistic_history14,S1,2024,2024-05-26,2024-05-13,2024-05-26,2024-05-27,2024-05-29,2024-05-29,1,0,,0.4146528046,0.04975722406,0.02042593561,1,temporal_sigmoid
logistic_history14,S1,2024,2024-05-27,2024-05-14,2024-05-27,2024-05-28,2024-05-30,2024-05-30,1,0,,9.823551095e-06,3.459279962e-05,0.02042593561,0,temporal_sigmoid
logistic_history14,S1,2024,2024-05-28,2024-05-15,2024-05-28,2024-05-29,2024-05-31,2024-05-31,1,0,,0.002944398051,0.001446974412,0.02042593561,0,temporal_sigmoid
logistic_history14,S1,2024,2024-05-29,2024-05-16,2024-05-29,2024-05-30,2024-06-01,2024-06-01,1,0,,0.04803532986,0.009203834528,0.02042593561,0,temporal_sigmoid
logistic_history14,S1,2024,2024-05-30,2024-05-17,2024-05-30,2024-05-31,2024-06-02,2024-06-02,1,0,,0.02305412683,0.00561670427,0.02042593561,0,temporal_sigmoid
logistic_history14,S1,2024,2024-05-31,2024-05-18,2024-05-31,2024-06-01,2024-06-03,2024-06-03,1,0,,0.01075789769,0.003390098283,0.02042593561,0,temporal_sigmoid
logistic_history14,S1,2024,2024-06-01,2024-05-19,2024-06-01,2024-06-02,2024-06-04,2024-06-04,1,0,,0.219454421,0.02780168628,0.02042593561,1,temporal_sigmoid
logistic_history14,S1,2024,2024-06-02,2024-05-20,2024-06-02,2024-06-03,2024-06-05,2024-06-05,1,0,,0.5094540185,0.06302505548,0.02042593561,1,temporal_sigmoid
logistic_history14,S1,2024,2024-06-03,2024-05-21,2024-06-03,2024-06-04,2024-06-06,2024-06-06,1,0,,0.1408011622,0.01968888965,0.02042593561,0,temporal_sigmoid
logistic_history14,S1,2024,2024-06-04,2024-05-22,2024-06-04,2024-06-05,2024-06-07,2024-06-07,1,0,,0.005740524446,0.002242416181,0.02042593561,0,temporal_sigmoid
logistic_history14,S1,2024,2024-06-05,2024-05-23,2024-06-05,2024-06-06,2024-06-08,2024-06-08,1,0,,0.09310823975,0.01457292494,0.02042593561,0,temporal_sigmoid
logistic_history14,S1,2024,2024-06-06,2024-05-24,2024-06-06,2024-06-07,2024-06-09,2024-06-09,1,0,,0.01069269175,0.003376533741,0.02042593561,0,temporal_sigmoid
logistic_history14,S1,2024,2024-06-07,2024-05-25,2024-06-07,2024-06-08,2024-06-10,2024-06-10,1,0,,0.05146064014,0.009646753551,0.02042593561,0,temporal_sigmoid
logistic_history14,S1,2024,2024-06-08,2024-05-26,2024-06-08,2024-06-09,2024-06-11,2024-06-11,1,0,,0.03374905365,0.007248390565,0.02042593561,0,temporal_sigmoid
logistic_history14,S1,2024,2024-06-09,2024-05-27,2024-06-09,2024-06-10,2024-06-12,2024-06-12,1,0,,0.001350685953,0.000868392129,0.02042593561,0,temporal_sigmoid
logistic_history14,S1,2024,2024-06-10,2024-05-28,2024-06-10,2024-06-11,2024-06-13,2024-06-13,1,0,,0.003102133886,0.001497337406,0.02042593561,0,temporal_sigmoid
logistic_history14,S1,2024,2024-06-11,2024-05-29,2024-06-11,2024-06-12,2024-06-14,2024-06-14,1,0,,0.1612388826,0.02181003297,0.02042593561,1,temporal_sigmoid
logistic_history14,S1,2024,2024-06-12,2024-05-30,2024-06-12,2024-06-13,2024-06-15,2024-06-15,1,0,,0.01797136647,0.004759644823,0.02042593561,0,temporal_sigmoid
logistic_history14,S1,2024,2024-06-13,2024-05-31,2024-06-13,2024-06-14,2024-06-16,2024-06-16,1,0,,0.003683177036,0.001675775136,0.02042593561,0,temporal_sigmoid
logistic_history14,S1,2024,2024-06-14,2024-06-01,2024-06-14,2024-06-15,2024-06-17,2024-06-17,1,0,,0.001447022176,0.0009084727115,0.02042593561,0,temporal_sigmoid
logistic_history14,S1,2024,2024-06-15,2024-06-02,2024-06-15,2024-06-16,2024-06-18,2024-06-18,1,0,,0.001444208024,0.0009073151706,0.02042593561,0,temporal_sigmoid
logistic_history14,S1,2024,2024-06-16,2024-06-03,2024-06-16,2024-06-17,2024-06-19,2024-06-19,1,0,,0.02302429595,0.005611860951,0.02042593561,0,temporal_sigmoid
logistic_history14,S1,2024,2024-06-17,2024-06-04,2024-06-17,2024-06-18,2024-06-20,2024-06-20,1,0,,0.010954287,0.003430788611,0.02042593561,0,temporal_sigmoid
logistic_history14,S1,2024,2024-06-18,2024-06-05,2024-06-18,2024-06-19,2024-06-21,2024-06-21,1,0,,0.001309830478,0.0008510987115,0.02042593561,0,temporal_sigmoid
logistic_history14,S1,2024,2024-06-19,2024-06-06,2024-06-19,2024-06-20,2024-06-22,2024-06-22,1,0,,5.643084757e-06,2.40654568e-05,0.02042593561,0,temporal_sigmoid
logistic_history14,S1,2024,2024-06-20,2024-06-07,2024-06-20,2024-06-21,2024-06-23,2024-06-23,1,0,,1.813493172e-05,5.167313998e-05,0.02042593561,0,temporal_sigmoid
logistic_history14,S1,2024,2024-06-21,2024-06-08,2024-06-21,2024-06-22,2024-06-24,2024-06-24,1,0,,0.0002119176453,0.0002582909639,0.02042593561,0,temporal_sigmoid
logistic_history14,S1,2024,2024-06-22,2024-06-09,2024-06-22,2024-06-23,2024-06-25,2024-06-25,1,0,,0.0002332197643,0.0002750033602,0.02042593561,0,temporal_sigmoid
logistic_history14,S1,2024,2024-06-23,2024-06-10,2024-06-23,2024-06-24,2024-06-26,2024-06-26,1,0,,0.001596187389,0.0009687675344,0.02042593561,0,temporal_sigmoid
logistic_history14,S1,2024,2024-06-24,2024-06-11,2024-06-24,2024-06-25,2024-06-27,2024-06-27,1,0,,0.00375960437,0.001698503149,0.02042593561,0,temporal_sigmoid
logistic_history14,S1,2024,2024-06-25,2024-06-12,2024-06-25,2024-06-26,2024-06-28,2024-06-28,1,0,,0.004905521423,0.002022490322,0.02042593561,0,temporal_sigmoid
logistic_history14,S1,2024,2024-06-26,2024-06-13,2024-06-26,2024-06-27,2024-06-29,2024-06-29,1,0,,0.00233686786,0.001243596339,0.02042593561,0,temporal_sigmoid
logistic_history14,S1,2024,2024-06-27,2024-06-14,2024-06-27,2024-06-28,2024-06-30,2024-06-30,1,0,,0.001032161619,0.000728157147,0.02042593561,0,temporal_sigmoid
