checkpoint,status,selected_parameters,calibration,selected_threshold,selected_inner_average_precision,retained_features,dropped_redundant_features,final_warnings
h1_2014_balanced_rf_S1_metadata.json,fit,"{'model__min_samples_leaf': 1, 'model__max_features': 0.7, 'model__max_depth': 8}",temporal_sigmoid,0.01256437457,0.4804846365,"['target_sin1', 'target_cos1', 'target_sin2', 'time_decades', 'tmax_latest', 'tmin_latest', 'tmax_mean3', 'tmin_mean3', 'tmax_mean7', 'tmin_mean7', 'tmax_sd7', 'tmin_sd7', 'tmax_trend7', 'tmin_trend7', 'observed_hot_run_length']",['target_cos2'],[]
h1_2014_balanced_rf_S2_metadata.json,fit,"{'model__min_samples_leaf': 3, 'model__max_features': 'sqrt', 'model__max_depth': 5}",temporal_sigmoid,0.01099327405,0.323380288,"['target_sin1', 'target_cos1', 'target_sin2', 'time_decades', 'tmax_latest', 'tmin_latest', 'tmax_mean3', 'tmin_mean3', 'tmax_mean7', 'tmin_mean7', 'tmax_sd7', 'tmin_sd7', 'tmax_trend7', 'tmin_trend7', 'observed_hot_run_length', 'rh_mean_latest', 'rh_mean_mean7', 'precipitation_latest', 'precipitation_sum7', 'wind_speed_mean_latest', 'wind_speed_mean_mean7', 'pressure_mean_latest', 'pressure_mean_mean7', 'cloud_cover_latest', 'cloud_cover_mean7', 'shortwave_radiation_latest', 'shortwave_radiation_mean7', 'soil_moisture_mean_latest']","['target_cos2', 'soil_moisture_mean_mean7']",[]
h1_2014_logistic_S1_metadata.json,fit,"{'model__penalty': 'l2', 'model__C': 10.0}",temporal_sigmoid,0.03949343439,0.4327344938,"['target_sin1', 'target_cos1', 'target_sin2', 'time_decades', 'tmax_latest', 'tmin_latest', 'tmax_mean3', 'tmin_mean3', 'tmax_mean7', 'tmin_mean7', 'tmax_sd7', 'tmin_sd7', 'tmax_trend7', 'tmin_trend7', 'observed_hot_run_length']",['target_cos2'],[]
h1_2014_logistic_S2_metadata.json,fit,"{'model__penalty': 'l1', 'model__C': 10.0}",temporal_sigmoid,0.03527192792,0.4556598368,"['target_sin1', 'target_cos1', 'target_sin2', 'time_decades', 'tmax_latest', 'tmin_latest', 'tmax_mean3', 'tmin_mean3', 'tmax_mean7', 'tmin_mean7', 'tmax_sd7', 'tmin_sd7', 'tmax_trend7', 'tmin_trend7', 'observed_hot_run_length', 'rh_mean_latest', 'rh_mean_mean7', 'precipitation_latest', 'precipitation_sum7', 'wind_speed_mean_latest', 'wind_speed_mean_mean7', 'pressure_mean_latest', 'pressure_mean_mean7', 'cloud_cover_latest', 'cloud_cover_mean7', 'shortwave_radiation_latest', 'shortwave_radiation_mean7', 'soil_moisture_mean_latest']","['target_cos2', 'soil_moisture_mean_mean7']",[]
h1_2014_s0_logistic_S0_metadata.json,fit,"{'model__penalty': 'l1', 'model__C': 0.1}",temporal_sigmoid,0.02119103736,0.2936100601,"['target_sin1', 'target_cos1', 'target_sin2', 'time_decades']",['target_cos2'],[]
h1_2014_weighted_rf_S1_metadata.json,fit,"{'model__min_samples_leaf': 7, 'model__max_features': 1.0, 'model__max_depth': None}",temporal_sigmoid,0.03990762447,0.4967265676,"['target_sin1', 'target_cos1', 'target_sin2', 'time_decades', 'tmax_latest', 'tmin_latest', 'tmax_mean3', 'tmin_mean3', 'tmax_mean7', 'tmin_mean7', 'tmax_sd7', 'tmin_sd7', 'tmax_trend7', 'tmin_trend7', 'observed_hot_run_length']",['target_cos2'],[]
h1_2014_weighted_rf_S2_metadata.json,fit,"{'model__min_samples_leaf': 7, 'model__max_features': 1.0, 'model__max_depth': None}",temporal_sigmoid,0.04378074642,0.3274461534,"['target_sin1', 'target_cos1', 'target_sin2', 'time_decades', 'tmax_latest', 'tmin_latest', 'tmax_mean3', 'tmin_mean3', 'tmax_mean7', 'tmin_mean7', 'tmax_sd7', 'tmin_sd7', 'tmax_trend7', 'tmin_trend7', 'observed_hot_run_length', 'rh_mean_latest', 'rh_mean_mean7', 'precipitation_latest', 'precipitation_sum7', 'wind_speed_mean_latest', 'wind_speed_mean_mean7', 'pressure_mean_latest', 'pressure_mean_mean7', 'cloud_cover_latest', 'cloud_cover_mean7', 'shortwave_radiation_latest', 'shortwave_radiation_mean7', 'soil_moisture_mean_latest']","['target_cos2', 'soil_moisture_mean_mean7']",[]
h1_2014_weighted_svc_S1_metadata.json,fit,"{'model__gamma': 0.3, 'model__C': 3.0}",temporal_sigmoid,0.01638105719,0.4577117074,"['target_sin1', 'target_cos1', 'target_sin2', 'time_decades', 'tmax_latest', 'tmin_latest', 'tmax_mean3', 'tmin_mean3', 'tmax_mean7', 'tmin_mean7', 'tmax_sd7', 'tmin_sd7', 'tmax_trend7', 'tmin_trend7', 'observed_hot_run_length']",['target_cos2'],[]
h1_2014_weighted_svc_S2_metadata.json,fit,"{'model__gamma': 0.03, 'model__C': 0.1}",temporal_sigmoid,0.03634450595,0.4692411913,"['target_sin1', 'target_cos1', 'target_sin2', 'time_decades', 'tmax_latest', 'tmin_latest', 'tmax_mean3', 'tmin_mean3', 'tmax_mean7', 'tmin_mean7', 'tmax_sd7', 'tmin_sd7', 'tmax_trend7', 'tmin_trend7', 'observed_hot_run_length', 'rh_mean_latest', 'rh_mean_mean7', 'precipitation_latest', 'precipitation_sum7', 'wind_speed_mean_latest', 'wind_speed_mean_mean7', 'pressure_mean_latest', 'pressure_mean_mean7', 'cloud_cover_latest', 'cloud_cover_mean7', 'shortwave_radiation_latest', 'shortwave_radiation_mean7', 'soil_moisture_mean_latest']","['target_cos2', 'soil_moisture_mean_mean7']",[]
h1_2014_xgboost_S1_metadata.json,fit,"{'model__subsample': 0.9, 'model__reg_lambda': 10.0, 'model__max_depth': 3, 'model__learning_rate': 0.03, 'model__colsample_bytree': 1.0}",temporal_sigmoid,0.0237137746,0.4378385148,"['target_sin1', 'target_cos1', 'target_sin2', 'time_decades', 'tmax_latest', 'tmin_latest', 'tmax_mean3', 'tmin_mean3', 'tmax_mean7', 'tmin_mean7', 'tmax_sd7', 'tmin_sd7', 'tmax_trend7', 'tmin_trend7', 'observed_hot_run_length']",['target_cos2'],[]
h1_2014_xgboost_S2_metadata.json,fit,"{'model__subsample': 1.0, 'model__reg_lambda': 5.0, 'model__max_depth': 2, 'model__learning_rate': 0.15, 'model__colsample_bytree': 0.7}",temporal_sigmoid,0.02354311311,0.3435620423,"['target_sin1', 'target_cos1', 'target_sin2', 'time_decades', 'tmax_latest', 'tmin_latest', 'tmax_mean3', 'tmin_mean3', 'tmax_mean7', 'tmin_mean7', 'tmax_sd7', 'tmin_sd7', 'tmax_trend7', 'tmin_trend7', 'observed_hot_run_length', 'rh_mean_latest', 'rh_mean_mean7', 'precipitation_latest', 'precipitation_sum7', 'wind_speed_mean_latest', 'wind_speed_mean_mean7', 'pressure_mean_latest', 'pressure_mean_mean7', 'cloud_cover_latest', 'cloud_cover_mean7', 'shortwave_radiation_latest', 'shortwave_radiation_mean7', 'soil_moisture_mean_latest']","['target_cos2', 'soil_moisture_mean_mean7']",[]
h1_2015_balanced_rf_S1_metadata.json,fit,"{'model__min_samples_leaf': 7, 'model__max_features': 1.0, 'model__max_depth': 8}",temporal_sigmoid,0.01731908445,0.4625707857,"['target_sin1', 'target_cos1', 'target_sin2', 'time_decades', 'tmax_latest', 'tmin_latest', 'tmax_mean3', 'tmin_mean3', 'tmax_mean7', 'tmin_mean7', 'tmax_sd7', 'tmin_sd7', 'tmax_trend7', 'tmin_trend7', 'observed_hot_run_length']",['target_cos2'],[]
h1_2015_balanced_rf_S2_metadata.json,fit,"{'model__min_samples_leaf': 3, 'model__max_features': 1.0, 'model__max_depth': None}",temporal_sigmoid,0.03138711926,0.3455589208,"['target_sin1', 'target_cos1', 'target_sin2', 'time_decades', 'tmax_latest', 'tmin_latest', 'tmax_mean3', 'tmin_mean3', 'tmax_mean7', 'tmin_mean7', 'tmax_sd7', 'tmin_sd7', 'tmax_trend7', 'tmin_trend7', 'observed_hot_run_length', 'rh_mean_latest', 'rh_mean_mean7', 'precipitation_latest', 'precipitation_sum7', 'wind_speed_mean_latest', 'wind_speed_mean_mean7', 'pressure_mean_latest', 'pressure_mean_mean7', 'cloud_cover_latest', 'cloud_cover_mean7', 'shortwave_radiation_latest', 'shortwave_radiation_mean7', 'soil_moisture_mean_latest']","['target_cos2', 'soil_moisture_mean_mean7']",[]
h1_2015_logistic_S1_metadata.json,fit,"{'model__penalty': 'l1', 'model__C': 0.3}",temporal_sigmoid,0.05195048961,0.4331460525,"['target_sin1', 'target_cos1', 'target_sin2', 'time_decades', 'tmax_latest', 'tmin_latest', 'tmax_mean3', 'tmin_mean3', 'tmax_mean7', 'tmin_mean7', 'tmax_sd7', 'tmin_sd7', 'tmax_trend7', 'tmin_trend7', 'observed_hot_run_length']",['target_cos2'],[]
h1_2015_logistic_S2_metadata.json,fit,"{'model__penalty': 'l1', 'model__C': 0.3}",temporal_sigmoid,0.01598689885,0.4714834931,"['target_sin1', 'target_cos1', 'target_sin2', 'time_decades', 'tmax_latest', 'tmin_latest', 'tmax_mean3', 'tmin_mean3', 'tmax_mean7', 'tmin_mean7', 'tmax_sd7', 'tmin_sd7', 'tmax_trend7', 'tmin_trend7', 'observed_hot_run_length', 'rh_mean_latest', 'rh_mean_mean7', 'precipitation_latest', 'precipitation_sum7', 'wind_speed_mean_latest', 'wind_speed_mean_mean7', 'pressure_mean_latest', 'pressure_mean_mean7', 'cloud_cover_latest', 'cloud_cover_mean7', 'shortwave_radiation_latest', 'shortwave_radiation_mean7', 'soil_moisture_mean_latest']","['target_cos2', 'soil_moisture_mean_mean7']",[]
h1_2015_s0_logistic_S0_metadata.json,fit,"{'model__penalty': 'l2', 'model__C': 0.1}",temporal_sigmoid,0.0241775317,0.1110457612,"['target_sin1', 'target_cos1', 'target_sin2', 'time_decades']",['target_cos2'],[]
h1_2015_weighted_rf_S1_metadata.json,fit,"{'model__min_samples_leaf': 3, 'model__max_features': 'sqrt', 'model__max_depth': 8}",temporal_sigmoid,0.07431437083,0.4380203647,"['target_sin1', 'target_cos1', 'target_sin2', 'time_decades', 'tmax_latest', 'tmin_latest', 'tmax_mean3', 'tmin_mean3', 'tmax_mean7', 'tmin_mean7', 'tmax_sd7', 'tmin_sd7', 'tmax_trend7', 'tmin_trend7', 'observed_hot_run_length']",['target_cos2'],[]
h1_2015_weighted_rf_S2_metadata.json,fit,"{'model__min_samples_leaf': 12, 'model__max_features': 'sqrt', 'model__max_depth': 5}",temporal_sigmoid,0.03803514558,0.3231003573,"['target_sin1', 'target_cos1', 'target_sin2', 'time_decades', 'tmax_latest', 'tmin_latest', 'tmax_mean3', 'tmin_mean3', 'tmax_mean7', 'tmin_mean7', 'tmax_sd7', 'tmin_sd7', 'tmax_trend7', 'tmin_trend7', 'observed_hot_run_length', 'rh_mean_latest', 'rh_mean_mean7', 'precipitation_latest', 'precipitation_sum7', 'wind_speed_mean_latest', 'wind_speed_mean_mean7', 'pressure_mean_latest', 'pressure_mean_mean7', 'cloud_cover_latest', 'cloud_cover_mean7', 'shortwave_radiation_latest', 'shortwave_radiation_mean7', 'soil_moisture_mean_latest']","['target_cos2', 'soil_moisture_mean_mean7']",[]
h1_2015_weighted_svc_S1_metadata.json,fit,"{'model__gamma': 'scale', 'model__C': 0.3}",temporal_sigmoid,0.01661875941,0.4167932991,"['target_sin1', 'target_cos1', 'target_sin2', 'time_decades', 'tmax_latest', 'tmin_latest', 'tmax_mean3', 'tmin_mean3', 'tmax_mean7', 'tmin_mean7', 'tmax_sd7', 'tmin_sd7', 'tmax_trend7', 'tmin_trend7', 'observed_hot_run_length']",['target_cos2'],[]
h1_2015_weighted_svc_S2_metadata.json,fit,"{'model__gamma': 0.01, 'model__C': 0.3}",temporal_sigmoid,0.0441941368,0.4578934327,"['target_sin1', 'target_cos1', 'target_sin2', 'time_decades', 'tmax_latest', 'tmin_latest', 'tmax_mean3', 'tmin_mean3', 'tmax_mean7', 'tmin_mean7', 'tmax_sd7', 'tmin_sd7', 'tmax_trend7', 'tmin_trend7', 'observed_hot_run_length', 'rh_mean_latest', 'rh_mean_mean7', 'precipitation_latest', 'precipitation_sum7', 'wind_speed_mean_latest', 'wind_speed_mean_mean7', 'pressure_mean_latest', 'pressure_mean_mean7', 'cloud_cover_latest', 'cloud_cover_mean7', 'shortwave_radiation_latest', 'shortwave_radiation_mean7', 'soil_moisture_mean_latest']","['target_cos2', 'soil_moisture_mean_mean7']",[]
h1_2015_xgboost_S1_metadata.json,fit,"{'model__subsample': 0.7, 'model__reg_lambda': 10.0, 'model__max_depth': 4, 'model__learning_rate': 0.03, 'model__colsample_bytree': 0.7}",temporal_sigmoid,0.01525632944,0.4682559406,"['target_sin1', 'target_cos1', 'target_sin2', 'time_decades', 'tmax_latest', 'tmin_latest', 'tmax_mean3', 'tmin_mean3', 'tmax_mean7', 'tmin_mean7', 'tmax_sd7', 'tmin_sd7', 'tmax_trend7', 'tmin_trend7', 'observed_hot_run_length']",['target_cos2'],[]
h1_2015_xgboost_S2_metadata.json,fit,"{'model__subsample': 0.7, 'model__reg_lambda': 5.0, 'model__max_depth': 3, 'model__learning_rate': 0.15, 'model__colsample_bytree': 0.7}",temporal_sigmoid,0.01744897897,0.456342819,"['target_sin1', 'target_cos1', 'target_sin2', 'time_decades', 'tmax_latest', 'tmin_latest', 'tmax_mean3', 'tmin_mean3', 'tmax_mean7', 'tmin_mean7', 'tmax_sd7', 'tmin_sd7', 'tmax_trend7', 'tmin_trend7', 'observed_hot_run_length', 'rh_mean_latest', 'rh_mean_mean7', 'precipitation_latest', 'precipitation_sum7', 'wind_speed_mean_latest', 'wind_speed_mean_mean7', 'pressure_mean_latest', 'pressure_mean_mean7', 'cloud_cover_latest', 'cloud_cover_mean7', 'shortwave_radiation_latest', 'shortwave_radiation_mean7', 'soil_moisture_mean_latest']","['target_cos2', 'soil_moisture_mean_mean7']",[]
h1_2016_balanced_rf_S1_metadata.json,fit,"{'model__min_samples_leaf': 1, 'model__max_features': 'sqrt', 'model__max_depth': 8}",temporal_sigmoid,0.01934243028,0.4277501708,"['target_sin1', 'target_cos1', 'target_sin2', 'time_decades', 'tmax_latest', 'tmin_latest', 'tmax_mean3', 'tmin_mean3', 'tmax_mean7', 'tmin_mean7', 'tmax_sd7', 'tmin_sd7', 'tmax_trend7', 'tmin_trend7', 'observed_hot_run_length']",['target_cos2'],[]
h1_2016_balanced_rf_S2_metadata.json,fit,"{'model__min_samples_leaf': 12, 'model__max_features': 0.7, 'model__max_depth': 8}",temporal_sigmoid,0.045520928,0.3461432614,"['target_sin1', 'target_cos1', 'target_sin2', 'time_decades', 'tmax_latest', 'tmin_latest', 'tmax_mean3', 'tmin_mean3', 'tmax_mean7', 'tmin_mean7', 'tmax_sd7', 'tmin_sd7', 'tmax_trend7', 'tmin_trend7', 'observed_hot_run_length', 'rh_mean_latest', 'rh_mean_mean7', 'precipitation_latest', 'precipitation_sum7', 'wind_speed_mean_latest', 'wind_speed_mean_mean7', 'pressure_mean_latest', 'pressure_mean_mean7', 'cloud_cover_latest', 'cloud_cover_mean7', 'shortwave_radiation_latest', 'shortwave_radiation_mean7', 'soil_moisture_mean_latest']","['target_cos2', 'soil_moisture_mean_mean7']",[]
h1_2016_logistic_S1_metadata.json,fit,"{'model__penalty': 'l2', 'model__C': 3.0}",temporal_sigmoid,0.05185490638,0.4772650582,"['target_sin1', 'target_cos1', 'target_sin2', 'time_decades', 'tmax_latest', 'tmin_latest', 'tmax_mean3', 'tmin_mean3', 'tmax_mean7', 'tmin_mean7', 'tmax_sd7', 'tmin_sd7', 'tmax_trend7', 'tmin_trend7', 'observed_hot_run_length']",['target_cos2'],[]
h1_2016_logistic_S2_metadata.json,fit,"{'model__penalty': 'l1', 'model__C': 0.3}",temporal_sigmoid,0.01537607957,0.4913689373,"['target_sin1', 'target_cos1', 'target_sin2', 'time_decades', 'tmax_latest', 'tmin_latest', 'tmax_mean3', 'tmin_mean3', 'tmax_mean7', 'tmin_mean7', 'tmax_sd7', 'tmin_sd7', 'tmax_trend7', 'tmin_trend7', 'observed_hot_run_length', 'rh_mean_latest', 'rh_mean_mean7', 'precipitation_latest', 'precipitation_sum7', 'wind_speed_mean_latest', 'wind_speed_mean_mean7', 'pressure_mean_latest', 'pressure_mean_mean7', 'cloud_cover_latest', 'cloud_cover_mean7', 'shortwave_radiation_latest', 'shortwave_radiation_mean7', 'soil_moisture_mean_latest']","['target_cos2', 'soil_moisture_mean_mean7']",[]
h1_2016_s0_logistic_S0_metadata.json,fit,"{'model__penalty': 'l2', 'model__C': 0.1}",temporal_sigmoid,0.02465357527,0.2300655556,"['target_sin1', 'target_cos1', 'target_sin2', 'time_decades']",['target_cos2'],[]
h1_2016_weighted_rf_S1_metadata.json,fit,"{'model__min_samples_leaf': 3, 'model__max_features': 'sqrt', 'model__max_depth': 3}",temporal_sigmoid,0.0178631879,0.4214530746,"['target_sin1', 'target_cos1', 'target_sin2', 'time_decades', 'tmax_latest', 'tmin_latest', 'tmax_mean3', 'tmin_mean3', 'tmax_mean7', 'tmin_mean7', 'tmax_sd7', 'tmin_sd7', 'tmax_trend7', 'tmin_trend7', 'observed_hot_run_length']",['target_cos2'],[]
h1_2016_weighted_rf_S2_metadata.json,fit,"{'model__min_samples_leaf': 7, 'model__max_features': 'sqrt', 'model__max_depth': None}",temporal_sigmoid,0.0274105336,0.3265589178,"['target_sin1', 'target_cos1', 'target_sin2', 'time_decades', 'tmax_latest', 'tmin_latest', 'tmax_mean3', 'tmin_mean3', 'tmax_mean7', 'tmin_mean7', 'tmax_sd7', 'tmin_sd7', 'tmax_trend7', 'tmin_trend7', 'observed_hot_run_length', 'rh_mean_latest', 'rh_mean_mean7', 'precipitation_latest', 'precipitation_sum7', 'wind_speed_mean_latest', 'wind_speed_mean_mean7', 'pressure_mean_latest', 'pressure_mean_mean7', 'cloud_cover_latest', 'cloud_cover_mean7', 'shortwave_radiation_latest', 'shortwave_radiation_mean7', 'soil_moisture_mean_latest']","['target_cos2', 'soil_moisture_mean_mean7']",[]
h1_2016_weighted_svc_S1_metadata.json,fit,"{'model__gamma': 'scale', 'model__C': 0.3}",temporal_sigmoid,0.0303645409,0.4682582503,"['target_sin1', 'target_cos1', 'target_sin2', 'time_decades', 'tmax_latest', 'tmin_latest', 'tmax_mean3', 'tmin_mean3', 'tmax_mean7', 'tmin_mean7', 'tmax_sd7', 'tmin_sd7', 'tmax_trend7', 'tmin_trend7', 'observed_hot_run_length']",['target_cos2'],[]
h1_2016_weighted_svc_S2_metadata.json,fit,"{'model__gamma': 0.01, 'model__C': 0.3}",temporal_sigmoid,0.04126658142,0.4499017422,"['target_sin1', 'target_cos1', 'target_sin2', 'time_decades', 'tmax_latest', 'tmin_latest', 'tmax_mean3', 'tmin_mean3', 'tmax_mean7', 'tmin_mean7', 'tmax_sd7', 'tmin_sd7', 'tmax_trend7', 'tmin_trend7', 'observed_hot_run_length', 'rh_mean_latest', 'rh_mean_mean7', 'precipitation_latest', 'precipitation_sum7', 'wind_speed_mean_latest', 'wind_speed_mean_mean7', 'pressure_mean_latest', 'pressure_mean_mean7', 'cloud_cover_latest', 'cloud_cover_mean7', 'shortwave_radiation_latest', 'shortwave_radiation_mean7', 'soil_moisture_mean_latest']","['target_cos2', 'soil_moisture_mean_mean7']",[]
h1_2016_xgboost_S1_metadata.json,fit,"{'model__subsample': 1.0, 'model__reg_lambda': 1.0, 'model__max_depth': 4, 'model__learning_rate': 0.15, 'model__colsample_bytree': 0.7}",temporal_sigmoid,0.01718953736,0.4233763904,"['target_sin1', 'target_cos1', 'target_sin2', 'time_decades', 'tmax_latest', 'tmin_latest', 'tmax_mean3', 'tmin_mean3', 'tmax_mean7', 'tmin_mean7', 'tmax_sd7', 'tmin_sd7', 'tmax_trend7', 'tmin_trend7', 'observed_hot_run_length']",['target_cos2'],[]
h1_2016_xgboost_S2_metadata.json,fit,"{'model__subsample': 0.9, 'model__reg_lambda': 1.0, 'model__max_depth': 3, 'model__learning_rate': 0.15, 'model__colsample_bytree': 1.0}",temporal_sigmoid,0.01735781577,0.3676006042,"['target_sin1', 'target_cos1', 'target_sin2', 'time_decades', 'tmax_latest', 'tmin_latest', 'tmax_mean3', 'tmin_mean3', 'tmax_mean7', 'tmin_mean7', 'tmax_sd7', 'tmin_sd7', 'tmax_trend7', 'tmin_trend7', 'observed_hot_run_length', 'rh_mean_latest', 'rh_mean_mean7', 'precipitation_latest', 'precipitation_sum7', 'wind_speed_mean_latest', 'wind_speed_mean_mean7', 'pressure_mean_latest', 'pressure_mean_mean7', 'cloud_cover_latest', 'cloud_cover_mean7', 'shortwave_radiation_latest', 'shortwave_radiation_mean7', 'soil_moisture_mean_latest']","['target_cos2', 'soil_moisture_mean_mean7']",[]
h1_2017_balanced_rf_S1_metadata.json,fit,"{'model__min_samples_leaf': 3, 'model__max_features': 0.7, 'model__max_depth': None}",temporal_sigmoid,0.01537769011,0.4595687578,"['target_sin1', 'target_cos1', 'target_sin2', 'time_decades', 'tmax_latest', 'tmin_latest', 'tmax_mean3', 'tmin_mean3', 'tmax_mean7', 'tmin_mean7', 'tmax_sd7', 'tmin_sd7', 'tmax_trend7', 'tmin_trend7', 'observed_hot_run_length']",['target_cos2'],[]
h1_2017_balanced_rf_S2_metadata.json,fit,"{'model__min_samples_leaf': 1, 'model__max_features': 'sqrt', 'model__max_depth': 5}",temporal_sigmoid,0.03908843862,0.3683553197,"['target_sin1', 'target_cos1', 'target_sin2', 'time_decades', 'tmax_latest', 'tmin_latest', 'tmax_mean3', 'tmin_mean3', 'tmax_mean7', 'tmin_mean7', 'tmax_sd7', 'tmin_sd7', 'tmax_trend7', 'tmin_trend7', 'observed_hot_run_length', 'rh_mean_latest', 'rh_mean_mean7', 'precipitation_latest', 'precipitation_sum7', 'wind_speed_mean_latest', 'wind_speed_mean_mean7', 'pressure_mean_latest', 'pressure_mean_mean7', 'cloud_cover_latest', 'cloud_cover_mean7', 'shortwave_radiation_latest', 'shortwave_radiation_mean7', 'soil_moisture_mean_latest']","['target_cos2', 'soil_moisture_mean_mean7']",[]
h1_2017_logistic_S1_metadata.json,fit,"{'model__penalty': 'l2', 'model__C': 10.0}",temporal_sigmoid,0.03566062593,0.4602615842,"['target_sin1', 'target_cos1', 'target_sin2', 'time_decades', 'tmax_latest', 'tmin_latest', 'tmax_mean3', 'tmin_mean3', 'tmax_mean7', 'tmin_mean7', 'tmax_sd7', 'tmin_sd7', 'tmax_trend7', 'tmin_trend7', 'observed_hot_run_length']",['target_cos2'],[]
h1_2017_logistic_S2_metadata.json,fit,"{'model__penalty': 'l1', 'model__C': 30.0}",temporal_sigmoid,0.02557126751,0.4855362247,"['target_sin1', 'target_cos1', 'target_sin2', 'time_decades', 'tmax_latest', 'tmin_latest', 'tmax_mean3', 'tmin_mean3', 'tmax_mean7', 'tmin_mean7', 'tmax_sd7', 'tmin_sd7', 'tmax_trend7', 'tmin_trend7', 'observed_hot_run_length', 'rh_mean_latest', 'rh_mean_mean7', 'precipitation_latest', 'precipitation_sum7', 'wind_speed_mean_latest', 'wind_speed_mean_mean7', 'pressure_mean_latest', 'pressure_mean_mean7', 'cloud_cover_latest', 'cloud_cover_mean7', 'shortwave_radiation_latest', 'shortwave_radiation_mean7', 'soil_moisture_mean_latest']","['target_cos2', 'soil_moisture_mean_mean7']",[]
h1_2017_s0_logistic_S0_metadata.json,fit,"{'model__penalty': 'l1', 'model__C': 0.03}",temporal_sigmoid,0.02687343911,0.1944348963,"['target_sin1', 'target_cos1', 'target_sin2', 'time_decades']",['target_cos2'],[]
h1_2017_weighted_rf_S1_metadata.json,fit,"{'model__min_samples_leaf': 3, 'model__max_features': 0.7, 'model__max_depth': 8}",temporal_sigmoid,0.04416959427,0.4974558187,"['target_sin1', 'target_cos1', 'target_sin2', 'time_decades', 'tmax_latest', 'tmin_latest', 'tmax_mean3', 'tmin_mean3', 'tmax_mean7', 'tmin_mean7', 'tmax_sd7', 'tmin_sd7', 'tmax_trend7', 'tmin_trend7', 'observed_hot_run_length']",['target_cos2'],[]
h1_2017_weighted_rf_S2_metadata.json,fit,"{'model__min_samples_leaf': 7, 'model__max_features': 0.7, 'model__max_depth': None}",temporal_sigmoid,0.01977493298,0.3253994662,"['target_sin1', 'target_cos1', 'target_sin2', 'time_decades', 'tmax_latest', 'tmin_latest', 'tmax_mean3', 'tmin_mean3', 'tmax_mean7', 'tmin_mean7', 'tmax_sd7', 'tmin_sd7', 'tmax_trend7', 'tmin_trend7', 'observed_hot_run_length', 'rh_mean_latest', 'rh_mean_mean7', 'precipitation_latest', 'precipitation_sum7', 'wind_speed_mean_latest', 'wind_speed_mean_mean7', 'pressure_mean_latest', 'pressure_mean_mean7', 'cloud_cover_latest', 'cloud_cover_mean7', 'shortwave_radiation_latest', 'shortwave_radiation_mean7', 'soil_moisture_mean_latest']","['target_cos2', 'soil_moisture_mean_mean7']",[]
h1_2017_weighted_svc_S1_metadata.json,fit,"{'model__gamma': 0.1, 'model__C': 0.3}",temporal_sigmoid,0.02216510994,0.4537839379,"['target_sin1', 'target_cos1', 'target_sin2', 'time_decades', 'tmax_latest', 'tmin_latest', 'tmax_mean3', 'tmin_mean3', 'tmax_mean7', 'tmin_mean7', 'tmax_sd7', 'tmin_sd7', 'tmax_trend7', 'tmin_trend7', 'observed_hot_run_length']",['target_cos2'],[]
h1_2017_weighted_svc_S2_metadata.json,fit,"{'model__gamma': 0.01, 'model__C': 1.0}",temporal_sigmoid,0.01775865095,0.4844198619,"['target_sin1', 'target_cos1', 'target_sin2', 'time_decades', 'tmax_latest', 'tmin_latest', 'tmax_mean3', 'tmin_mean3', 'tmax_mean7', 'tmin_mean7', 'tmax_sd7', 'tmin_sd7', 'tmax_trend7', 'tmin_trend7', 'observed_hot_run_length', 'rh_mean_latest', 'rh_mean_mean7', 'precipitation_latest', 'precipitation_sum7', 'wind_speed_mean_latest', 'wind_speed_mean_mean7', 'pressure_mean_latest', 'pressure_mean_mean7', 'cloud_cover_latest', 'cloud_cover_mean7', 'shortwave_radiation_latest', 'shortwave_radiation_mean7', 'soil_moisture_mean_latest']","['target_cos2', 'soil_moisture_mean_mean7']",[]
h1_2017_xgboost_S1_metadata.json,fit,"{'model__subsample': 0.9, 'model__reg_lambda': 5.0, 'model__max_depth': 4, 'model__learning_rate': 0.03, 'model__colsample_bytree': 0.7}",temporal_sigmoid,0.04114238162,0.3824588905,"['target_sin1', 'target_cos1', 'target_sin2', 'time_decades', 'tmax_latest', 'tmin_latest', 'tmax_mean3', 'tmin_mean3', 'tmax_mean7', 'tmin_mean7', 'tmax_sd7', 'tmin_sd7', 'tmax_trend7', 'tmin_trend7', 'observed_hot_run_length']",['target_cos2'],[]
h1_2017_xgboost_S2_metadata.json,fit,"{'model__subsample': 1.0, 'model__reg_lambda': 5.0, 'model__max_depth': 3, 'model__learning_rate': 0.07, 'model__colsample_bytree': 0.7}",temporal_sigmoid,0.01816110413,0.4518317163,"['target_sin1', 'target_cos1', 'target_sin2', 'time_decades', 'tmax_latest', 'tmin_latest', 'tmax_mean3', 'tmin_mean3', 'tmax_mean7', 'tmin_mean7', 'tmax_sd7', 'tmin_sd7', 'tmax_trend7', 'tmin_trend7', 'observed_hot_run_length', 'rh_mean_latest', 'rh_mean_mean7', 'precipitation_latest', 'precipitation_sum7', 'wind_speed_mean_latest', 'wind_speed_mean_mean7', 'pressure_mean_latest', 'pressure_mean_mean7', 'cloud_cover_latest', 'cloud_cover_mean7', 'shortwave_radiation_latest', 'shortwave_radiation_mean7', 'soil_moisture_mean_latest']","['target_cos2', 'soil_moisture_mean_mean7']",[]
h1_2018_balanced_rf_S1_metadata.json,fit,"{'model__min_samples_leaf': 12, 'model__max_features': 1.0, 'model__max_depth': None}",temporal_sigmoid,0.01747094309,0.4309596123,"['target_sin1', 'target_cos1', 'target_sin2', 'time_decades', 'tmax_latest', 'tmin_latest', 'tmax_mean3', 'tmin_mean3', 'tmax_mean7', 'tmin_mean7', 'tmax_sd7', 'tmin_sd7', 'tmax_trend7', 'tmin_trend7', 'observed_hot_run_length']",['target_cos2'],[]
h1_2018_balanced_rf_S2_metadata.json,fit,"{'model__min_samples_leaf': 3, 'model__max_features': 'sqrt', 'model__max_depth': 8}",temporal_sigmoid,0.03351918025,0.3478133638,"['target_sin1', 'target_cos1', 'target_sin2', 'time_decades', 'tmax_latest', 'tmin_latest', 'tmax_mean3', 'tmin_mean3', 'tmax_mean7', 'tmin_mean7', 'tmax_sd7', 'tmin_sd7', 'tmax_trend7', 'tmin_trend7', 'observed_hot_run_length', 'rh_mean_latest', 'rh_mean_mean7', 'precipitation_latest', 'precipitation_sum7', 'wind_speed_mean_latest', 'wind_speed_mean_mean7', 'pressure_mean_latest', 'pressure_mean_mean7', 'cloud_cover_latest', 'cloud_cover_mean7', 'shortwave_radiation_latest', 'shortwave_radiation_mean7', 'soil_moisture_mean_latest']","['target_cos2', 'soil_moisture_mean_mean7']",[]
h1_2018_logistic_S1_metadata.json,fit,"{'model__penalty': 'l1', 'model__C': 10.0}",temporal_sigmoid,0.03306867534,0.4466644387,"['target_sin1', 'target_cos1', 'target_sin2', 'time_decades', 'tmax_latest', 'tmin_latest', 'tmax_mean3', 'tmin_mean3', 'tmax_mean7', 'tmin_mean7', 'tmax_sd7', 'tmin_sd7', 'tmax_trend7', 'tmin_trend7', 'observed_hot_run_length']",['target_cos2'],[]
h1_2018_logistic_S2_metadata.json,fit,"{'model__penalty': 'l1', 'model__C': 30.0}",temporal_sigmoid,0.04389469521,0.4717492259,"['target_sin1', 'target_cos1', 'target_sin2', 'time_decades', 'tmax_latest', 'tmin_latest', 'tmax_mean3', 'tmin_mean3', 'tmax_mean7', 'tmin_mean7', 'tmax_sd7', 'tmin_sd7', 'tmax_trend7', 'tmin_trend7', 'observed_hot_run_length', 'rh_mean_latest', 'rh_mean_mean7', 'precipitation_latest', 'precipitation_sum7', 'wind_speed_mean_latest', 'wind_speed_mean_mean7', 'pressure_mean_latest', 'pressure_mean_mean7', 'cloud_cover_latest', 'cloud_cover_mean7', 'shortwave_radiation_latest', 'shortwave_radiation_mean7', 'soil_moisture_mean_latest']","['target_cos2', 'soil_moisture_mean_mean7']",[]
h1_2018_s0_logistic_S0_metadata.json,fit,"{'model__penalty': 'l1', 'model__C': 0.1}",temporal_sigmoid,0.02811286939,0.3484281734,"['target_sin1', 'target_cos1', 'target_sin2', 'time_decades']",['target_cos2'],[]
h1_2018_weighted_rf_S1_metadata.json,fit,"{'model__min_samples_leaf': 7, 'model__max_features': 0.7, 'model__max_depth': 5}",temporal_sigmoid,0.03540968429,0.4640989739,"['target_sin1', 'target_cos1', 'target_sin2', 'time_decades', 'tmax_latest', 'tmin_latest', 'tmax_mean3', 'tmin_mean3', 'tmax_mean7', 'tmin_mean7', 'tmax_sd7', 'tmin_sd7', 'tmax_trend7', 'tmin_trend7', 'observed_hot_run_length']",['target_cos2'],[]
h1_2018_weighted_rf_S2_metadata.json,fit,"{'model__min_samples_leaf': 12, 'model__max_features': 1.0, 'model__max_depth': None}",temporal_sigmoid,0.08779766022,0.3529454073,"['target_sin1', 'target_cos1', 'target_sin2', 'time_decades', 'tmax_latest', 'tmin_latest', 'tmax_mean3', 'tmin_mean3', 'tmax_mean7', 'tmin_mean7', 'tmax_sd7', 'tmin_sd7', 'tmax_trend7', 'tmin_trend7', 'observed_hot_run_length', 'rh_mean_latest', 'rh_mean_mean7', 'precipitation_latest', 'precipitation_sum7', 'wind_speed_mean_latest', 'wind_speed_mean_mean7', 'pressure_mean_latest', 'pressure_mean_mean7', 'cloud_cover_latest', 'cloud_cover_mean7', 'shortwave_radiation_latest', 'shortwave_radiation_mean7', 'soil_moisture_mean_latest']","['target_cos2', 'soil_moisture_mean_mean7']",[]
h1_2018_weighted_svc_S1_metadata.json,fit,"{'model__gamma': 0.03, 'model__C': 0.1}",temporal_sigmoid,0.01873443315,0.4237714538,"['target_sin1', 'target_cos1', 'target_sin2', 'time_decades', 'tmax_latest', 'tmin_latest', 'tmax_mean3', 'tmin_mean3', 'tmax_mean7', 'tmin_mean7', 'tmax_sd7', 'tmin_sd7', 'tmax_trend7', 'tmin_trend7', 'observed_hot_run_length']",['target_cos2'],[]
h1_2018_weighted_svc_S2_metadata.json,fit,"{'model__gamma': 0.01, 'model__C': 3.0}",temporal_sigmoid,0.03964853264,0.4627120664,"['target_sin1', 'target_cos1', 'target_sin2', 'time_decades', 'tmax_latest', 'tmin_latest', 'tmax_mean3', 'tmin_mean3', 'tmax_mean7', 'tmin_mean7', 'tmax_sd7', 'tmin_sd7', 'tmax_trend7', 'tmin_trend7', 'observed_hot_run_length', 'rh_mean_latest', 'rh_mean_mean7', 'precipitation_latest', 'precipitation_sum7', 'wind_speed_mean_latest', 'wind_speed_mean_mean7', 'pressure_mean_latest', 'pressure_mean_mean7', 'cloud_cover_latest', 'cloud_cover_mean7', 'shortwave_radiation_latest', 'shortwave_radiation_mean7', 'soil_moisture_mean_latest']","['target_cos2', 'soil_moisture_mean_mean7']",[]
h1_2018_xgboost_S1_metadata.json,fit,"{'model__subsample': 0.7, 'model__reg_lambda': 10.0, 'model__max_depth': 3, 'model__learning_rate': 0.15, 'model__colsample_bytree': 0.7}",temporal_sigmoid,0.03530356853,0.4053260768,"['target_sin1', 'target_cos1', 'target_sin2', 'time_decades', 'tmax_latest', 'tmin_latest', 'tmax_mean3', 'tmin_mean3', 'tmax_mean7', 'tmin_mean7', 'tmax_sd7', 'tmin_sd7', 'tmax_trend7', 'tmin_trend7', 'observed_hot_run_length']",['target_cos2'],[]
h1_2018_xgboost_S2_metadata.json,fit,"{'model__subsample': 0.7, 'model__reg_lambda': 10.0, 'model__max_depth': 4, 'model__learning_rate': 0.15, 'model__colsample_bytree': 0.7}",temporal_sigmoid,0.02788403879,0.4137395573,"['target_sin1', 'target_cos1', 'target_sin2', 'time_decades', 'tmax_latest', 'tmin_latest', 'tmax_mean3', 'tmin_mean3', 'tmax_mean7', 'tmin_mean7', 'tmax_sd7', 'tmin_sd7', 'tmax_trend7', 'tmin_trend7', 'observed_hot_run_length', 'rh_mean_latest', 'rh_mean_mean7', 'precipitation_latest', 'precipitation_sum7', 'wind_speed_mean_latest', 'wind_speed_mean_mean7', 'pressure_mean_latest', 'pressure_mean_mean7', 'cloud_cover_latest', 'cloud_cover_mean7', 'shortwave_radiation_latest', 'shortwave_radiation_mean7', 'soil_moisture_mean_latest']","['target_cos2', 'soil_moisture_mean_mean7']",[]
h1_2019_balanced_rf_S1_metadata.json,fit,"{'model__min_samples_leaf': 1, 'model__max_features': 'sqrt', 'model__max_depth': 3}",temporal_sigmoid,0.01941964962,0.4112020338,"['target_sin1', 'target_cos1', 'target_sin2', 'time_decades', 'tmax_latest', 'tmin_latest', 'tmax_mean3', 'tmin_mean3', 'tmax_mean7', 'tmin_mean7', 'tmax_sd7', 'tmin_sd7', 'tmax_trend7', 'tmin_trend7', 'observed_hot_run_length']",['target_cos2'],[]
h1_2019_balanced_rf_S2_metadata.json,fit,"{'model__min_samples_leaf': 7, 'model__max_features': 0.7, 'model__max_depth': 5}",temporal_sigmoid,0.053167186,0.3918950221,"['target_sin1', 'target_cos1', 'target_sin2', 'time_decades', 'tmax_latest', 'tmin_latest', 'tmax_mean3', 'tmin_mean3', 'tmax_mean7', 'tmin_mean7', 'tmax_sd7', 'tmin_sd7', 'tmax_trend7', 'tmin_trend7', 'observed_hot_run_length', 'rh_mean_latest', 'rh_mean_mean7', 'precipitation_latest', 'precipitation_sum7', 'wind_speed_mean_latest', 'wind_speed_mean_mean7', 'pressure_mean_latest', 'pressure_mean_mean7', 'cloud_cover_latest', 'cloud_cover_mean7', 'shortwave_radiation_latest', 'shortwave_radiation_mean7', 'soil_moisture_mean_latest']","['target_cos2', 'soil_moisture_mean_mean7']",[]
h1_2019_logistic_S1_metadata.json,fit,"{'model__penalty': 'l1', 'model__C': 30.0}",temporal_sigmoid,0.04782911737,0.4487898966,"['target_sin1', 'target_cos1', 'target_sin2', 'time_decades', 'tmax_latest', 'tmin_latest', 'tmax_mean3', 'tmin_mean3', 'tmax_mean7', 'tmin_mean7', 'tmax_sd7', 'tmin_sd7', 'tmax_trend7', 'tmin_trend7', 'observed_hot_run_length']",['target_cos2'],[]
h1_2019_logistic_S2_metadata.json,fit,"{'model__penalty': 'l1', 'model__C': 30.0}",temporal_sigmoid,0.02790466803,0.4953951401,"['target_sin1', 'target_cos1', 'target_sin2', 'time_decades', 'tmax_latest', 'tmin_latest', 'tmax_mean3', 'tmin_mean3', 'tmax_mean7', 'tmin_mean7', 'tmax_sd7', 'tmin_sd7', 'tmax_trend7', 'tmin_trend7', 'observed_hot_run_length', 'rh_mean_latest', 'rh_mean_mean7', 'precipitation_latest', 'precipitation_sum7', 'wind_speed_mean_latest', 'wind_speed_mean_mean7', 'pressure_mean_latest', 'pressure_mean_mean7', 'cloud_cover_latest', 'cloud_cover_mean7', 'shortwave_radiation_latest', 'shortwave_radiation_mean7', 'soil_moisture_mean_latest']","['target_cos2', 'soil_moisture_mean_mean7']",[]
h1_2019_s0_logistic_S0_metadata.json,fit,"{'model__penalty': 'l2', 'model__C': 0.03}",temporal_sigmoid,0.02387711339,0.1149330634,"['target_sin1', 'target_cos1', 'target_sin2', 'time_decades']",['target_cos2'],[]
h1_2019_weighted_rf_S1_metadata.json,fit,"{'model__min_samples_leaf': 7, 'model__max_features': 'sqrt', 'model__max_depth': None}",temporal_sigmoid,0.07627451807,0.3745472881,"['target_sin1', 'target_cos1', 'target_sin2', 'time_decades', 'tmax_latest', 'tmin_latest', 'tmax_mean3', 'tmin_mean3', 'tmax_mean7', 'tmin_mean7', 'tmax_sd7', 'tmin_sd7', 'tmax_trend7', 'tmin_trend7', 'observed_hot_run_length']",['target_cos2'],[]
h1_2019_weighted_rf_S2_metadata.json,fit,"{'model__min_samples_leaf': 3, 'model__max_features': 'sqrt', 'model__max_depth': None}",temporal_sigmoid,0.02866754442,0.3877520649,"['target_sin1', 'target_cos1', 'target_sin2', 'time_decades', 'tmax_latest', 'tmin_latest', 'tmax_mean3', 'tmin_mean3', 'tmax_mean7', 'tmin_mean7', 'tmax_sd7', 'tmin_sd7', 'tmax_trend7', 'tmin_trend7', 'observed_hot_run_length', 'rh_mean_latest', 'rh_mean_mean7', 'precipitation_latest', 'precipitation_sum7', 'wind_speed_mean_latest', 'wind_speed_mean_mean7', 'pressure_mean_latest', 'pressure_mean_mean7', 'cloud_cover_latest', 'cloud_cover_mean7', 'shortwave_radiation_latest', 'shortwave_radiation_mean7', 'soil_moisture_mean_latest']","['target_cos2', 'soil_moisture_mean_mean7']",[]
h1_2019_weighted_svc_S1_metadata.json,fit,"{'model__gamma': 0.1, 'model__C': 0.1}",temporal_sigmoid,0.02464030773,0.468822571,"['target_sin1', 'target_cos1', 'target_sin2', 'time_decades', 'tmax_latest', 'tmin_latest', 'tmax_mean3', 'tmin_mean3', 'tmax_mean7', 'tmin_mean7', 'tmax_sd7', 'tmin_sd7', 'tmax_trend7', 'tmin_trend7', 'observed_hot_run_length']",['target_cos2'],[]
h1_2019_weighted_svc_S2_metadata.json,fit,"{'model__gamma': 0.01, 'model__C': 0.1}",temporal_sigmoid,0.02230893646,0.3702229024,"['target_sin1', 'target_cos1', 'target_sin2', 'time_decades', 'tmax_latest', 'tmin_latest', 'tmax_mean3', 'tmin_mean3', 'tmax_mean7', 'tmin_mean7', 'tmax_sd7', 'tmin_sd7', 'tmax_trend7', 'tmin_trend7', 'observed_hot_run_length', 'rh_mean_latest', 'rh_mean_mean7', 'precipitation_latest', 'precipitation_sum7', 'wind_speed_mean_latest', 'wind_speed_mean_mean7', 'pressure_mean_latest', 'pressure_mean_mean7', 'cloud_cover_latest', 'cloud_cover_mean7', 'shortwave_radiation_latest', 'shortwave_radiation_mean7', 'soil_moisture_mean_latest']","['target_cos2', 'soil_moisture_mean_mean7']",[]
h1_2019_xgboost_S1_metadata.json,fit,"{'model__subsample': 0.7, 'model__reg_lambda': 1.0, 'model__max_depth': 3, 'model__learning_rate': 0.15, 'model__colsample_bytree': 1.0}",temporal_sigmoid,0.02182030204,0.4390960632,"['target_sin1', 'target_cos1', 'target_sin2', 'time_decades', 'tmax_latest', 'tmin_latest', 'tmax_mean3', 'tmin_mean3', 'tmax_mean7', 'tmin_mean7', 'tmax_sd7', 'tmin_sd7', 'tmax_trend7', 'tmin_trend7', 'observed_hot_run_length']",['target_cos2'],[]
h1_2019_xgboost_S2_metadata.json,fit,"{'model__subsample': 0.9, 'model__reg_lambda': 1.0, 'model__max_depth': 3, 'model__learning_rate': 0.15, 'model__colsample_bytree': 0.7}",temporal_sigmoid,0.02604767798,0.4845555746,"['target_sin1', 'target_cos1', 'target_sin2', 'time_decades', 'tmax_latest', 'tmin_latest', 'tmax_mean3', 'tmin_mean3', 'tmax_mean7', 'tmin_mean7', 'tmax_sd7', 'tmin_sd7', 'tmax_trend7', 'tmin_trend7', 'observed_hot_run_length', 'rh_mean_latest', 'rh_mean_mean7', 'precipitation_latest', 'precipitation_sum7', 'wind_speed_mean_latest', 'wind_speed_mean_mean7', 'pressure_mean_latest', 'pressure_mean_mean7', 'cloud_cover_latest', 'cloud_cover_mean7', 'shortwave_radiation_latest', 'shortwave_radiation_mean7', 'soil_moisture_mean_latest']","['target_cos2', 'soil_moisture_mean_mean7']",[]
h1_2020_balanced_rf_S1_metadata.json,fit,"{'model__min_samples_leaf': 3, 'model__max_features': 0.7, 'model__max_depth': 3}",temporal_sigmoid,0.01821342738,0.3708127825,"['target_sin1', 'target_cos1', 'target_sin2', 'time_decades', 'tmax_latest', 'tmin_latest', 'tmax_mean3', 'tmin_mean3', 'tmax_mean7', 'tmin_mean7', 'tmax_sd7', 'tmin_sd7', 'tmax_trend7', 'tmin_trend7', 'observed_hot_run_length']",['target_cos2'],[]
h1_2020_balanced_rf_S2_metadata.json,fit,"{'model__min_samples_leaf': 7, 'model__max_features': 0.7, 'model__max_depth': 5}",temporal_sigmoid,0.05361012179,0.372831734,"['target_sin1', 'target_cos1', 'target_sin2', 'time_decades', 'tmax_latest', 'tmin_latest', 'tmax_mean3', 'tmin_mean3', 'tmax_mean7', 'tmin_mean7', 'tmax_sd7', 'tmin_sd7', 'tmax_trend7', 'tmin_trend7', 'observed_hot_run_length', 'rh_mean_latest', 'rh_mean_mean7', 'precipitation_latest', 'precipitation_sum7', 'wind_speed_mean_latest', 'wind_speed_mean_mean7', 'pressure_mean_latest', 'pressure_mean_mean7', 'cloud_cover_latest', 'cloud_cover_mean7', 'shortwave_radiation_latest', 'shortwave_radiation_mean7', 'soil_moisture_mean_latest']","['target_cos2', 'soil_moisture_mean_mean7']",[]
h1_2020_logistic_S1_metadata.json,fit,"{'model__penalty': 'l1', 'model__C': 3.0}",temporal_sigmoid,0.04629348004,0.4720896744,"['target_sin1', 'target_cos1', 'target_sin2', 'time_decades', 'tmax_latest', 'tmin_latest', 'tmax_mean3', 'tmin_mean3', 'tmax_mean7', 'tmin_mean7', 'tmax_sd7', 'tmin_sd7', 'tmax_trend7', 'tmin_trend7', 'observed_hot_run_length']",['target_cos2'],[]
h1_2020_logistic_S2_metadata.json,fit,"{'model__penalty': 'l1', 'model__C': 3.0}",temporal_sigmoid,0.03060803574,0.4886849787,"['target_sin1', 'target_cos1', 'target_sin2', 'time_decades', 'tmax_latest', 'tmin_latest', 'tmax_mean3', 'tmin_mean3', 'tmax_mean7', 'tmin_mean7', 'tmax_sd7', 'tmin_sd7', 'tmax_trend7', 'tmin_trend7', 'observed_hot_run_length', 'rh_mean_latest', 'rh_mean_mean7', 'precipitation_latest', 'precipitation_sum7', 'wind_speed_mean_latest', 'wind_speed_mean_mean7', 'pressure_mean_latest', 'pressure_mean_mean7', 'cloud_cover_latest', 'cloud_cover_mean7', 'shortwave_radiation_latest', 'shortwave_radiation_mean7', 'soil_moisture_mean_latest']","['target_cos2', 'soil_moisture_mean_mean7']",[]
h1_2020_s0_logistic_S0_metadata.json,fit,"{'model__penalty': 'l2', 'model__C': 0.01}",temporal_sigmoid,0.02328452446,0.3461326907,"['target_sin1', 'target_cos1', 'target_sin2', 'time_decades']",['target_cos2'],[]
h1_2020_weighted_rf_S1_metadata.json,fit,"{'model__min_samples_leaf': 3, 'model__max_features': 'sqrt', 'model__max_depth': None}",temporal_sigmoid,0.05641460978,0.3887798681,"['target_sin1', 'target_cos1', 'target_sin2', 'time_decades', 'tmax_latest', 'tmin_latest', 'tmax_mean3', 'tmin_mean3', 'tmax_mean7', 'tmin_mean7', 'tmax_sd7', 'tmin_sd7', 'tmax_trend7', 'tmin_trend7', 'observed_hot_run_length']",['target_cos2'],[]
h1_2020_weighted_rf_S2_metadata.json,fit,"{'model__min_samples_leaf': 3, 'model__max_features': 'sqrt', 'model__max_depth': None}",temporal_sigmoid,0.03162363416,0.2806696988,"['target_sin1', 'target_cos1', 'target_sin2', 'time_decades', 'tmax_latest', 'tmin_latest', 'tmax_mean3', 'tmin_mean3', 'tmax_mean7', 'tmin_mean7', 'tmax_sd7', 'tmin_sd7', 'tmax_trend7', 'tmin_trend7', 'observed_hot_run_length', 'rh_mean_latest', 'rh_mean_mean7', 'precipitation_latest', 'precipitation_sum7', 'wind_speed_mean_latest', 'wind_speed_mean_mean7', 'pressure_mean_latest', 'pressure_mean_mean7', 'cloud_cover_latest', 'cloud_cover_mean7', 'shortwave_radiation_latest', 'shortwave_radiation_mean7', 'soil_moisture_mean_latest']","['target_cos2', 'soil_moisture_mean_mean7']",[]
h1_2020_weighted_svc_S1_metadata.json,fit,"{'model__gamma': 'scale', 'model__C': 0.3}",temporal_sigmoid,0.0316349382,0.5158758706,"['target_sin1', 'target_cos1', 'target_sin2', 'time_decades', 'tmax_latest', 'tmin_latest', 'tmax_mean3', 'tmin_mean3', 'tmax_mean7', 'tmin_mean7', 'tmax_sd7', 'tmin_sd7', 'tmax_trend7', 'tmin_trend7', 'observed_hot_run_length']",['target_cos2'],[]
h1_2020_weighted_svc_S2_metadata.json,fit,"{'model__gamma': 0.01, 'model__C': 30.0}",temporal_sigmoid,0.02799659094,0.3680292189,"['target_sin1', 'target_cos1', 'target_sin2', 'time_decades', 'tmax_latest', 'tmin_latest', 'tmax_mean3', 'tmin_mean3', 'tmax_mean7', 'tmin_mean7', 'tmax_sd7', 'tmin_sd7', 'tmax_trend7', 'tmin_trend7', 'observed_hot_run_length', 'rh_mean_latest', 'rh_mean_mean7', 'precipitation_latest', 'precipitation_sum7', 'wind_speed_mean_latest', 'wind_speed_mean_mean7', 'pressure_mean_latest', 'pressure_mean_mean7', 'cloud_cover_latest', 'cloud_cover_mean7', 'shortwave_radiation_latest', 'shortwave_radiation_mean7', 'soil_moisture_mean_latest']","['target_cos2', 'soil_moisture_mean_mean7']",[]
h1_2020_xgboost_S1_metadata.json,fit,"{'model__subsample': 0.9, 'model__reg_lambda': 1.0, 'model__max_depth': 4, 'model__learning_rate': 0.07, 'model__colsample_bytree': 0.7}",temporal_sigmoid,0.02434303376,0.3347972778,"['target_sin1', 'target_cos1', 'target_sin2', 'time_decades', 'tmax_latest', 'tmin_latest', 'tmax_mean3', 'tmin_mean3', 'tmax_mean7', 'tmin_mean7', 'tmax_sd7', 'tmin_sd7', 'tmax_trend7', 'tmin_trend7', 'observed_hot_run_length']",['target_cos2'],[]
h1_2020_xgboost_S2_metadata.json,fit,"{'model__subsample': 0.9, 'model__reg_lambda': 10.0, 'model__max_depth': 2, 'model__learning_rate': 0.15, 'model__colsample_bytree': 1.0}",temporal_sigmoid,0.02079113909,0.4034038457,"['target_sin1', 'target_cos1', 'target_sin2', 'time_decades', 'tmax_latest', 'tmin_latest', 'tmax_mean3', 'tmin_mean3', 'tmax_mean7', 'tmin_mean7', 'tmax_sd7', 'tmin_sd7', 'tmax_trend7', 'tmin_trend7', 'observed_hot_run_length', 'rh_mean_latest', 'rh_mean_mean7', 'precipitation_latest', 'precipitation_sum7', 'wind_speed_mean_latest', 'wind_speed_mean_mean7', 'pressure_mean_latest', 'pressure_mean_mean7', 'cloud_cover_latest', 'cloud_cover_mean7', 'shortwave_radiation_latest', 'shortwave_radiation_mean7', 'soil_moisture_mean_latest']","['target_cos2', 'soil_moisture_mean_mean7']",[]
h1_2021_balanced_rf_S1_metadata.json,fit,"{'model__min_samples_leaf': 3, 'model__max_features': 'sqrt', 'model__max_depth': 8}",temporal_sigmoid,0.02175992431,0.4619908898,"['target_sin1', 'target_cos1', 'target_sin2', 'time_decades', 'tmax_latest', 'tmin_latest', 'tmax_mean3', 'tmin_mean3', 'tmax_mean7', 'tmin_mean7', 'tmax_sd7', 'tmin_sd7', 'tmax_trend7', 'tmin_trend7', 'observed_hot_run_length']",['target_cos2'],[]
h1_2021_balanced_rf_S2_metadata.json,fit,"{'model__min_samples_leaf': 7, 'model__max_features': 'sqrt', 'model__max_depth': None}",temporal_sigmoid,0.03640755691,0.3331380905,"['target_sin1', 'target_cos1', 'target_sin2', 'time_decades', 'tmax_latest', 'tmin_latest', 'tmax_mean3', 'tmin_mean3', 'tmax_mean7', 'tmin_mean7', 'tmax_sd7', 'tmin_sd7', 'tmax_trend7', 'tmin_trend7', 'observed_hot_run_length', 'rh_mean_latest', 'rh_mean_mean7', 'precipitation_latest', 'precipitation_sum7', 'wind_speed_mean_latest', 'wind_speed_mean_mean7', 'pressure_mean_latest', 'pressure_mean_mean7', 'cloud_cover_latest', 'cloud_cover_mean7', 'shortwave_radiation_latest', 'shortwave_radiation_mean7', 'soil_moisture_mean_latest']","['target_cos2', 'soil_moisture_mean_mean7']",[]
h1_2021_logistic_S1_metadata.json,fit,"{'model__penalty': 'l2', 'model__C': 1.0}",temporal_sigmoid,0.03810757827,0.5356589254,"['target_sin1', 'target_cos1', 'target_sin2', 'time_decades', 'tmax_latest', 'tmin_latest', 'tmax_mean3', 'tmin_mean3', 'tmax_mean7', 'tmin_mean7', 'tmax_sd7', 'tmin_sd7', 'tmax_trend7', 'tmin_trend7', 'observed_hot_run_length']",['target_cos2'],[]
h1_2021_logistic_S2_metadata.json,fit,"{'model__penalty': 'l1', 'model__C': 30.0}",temporal_sigmoid,0.02454991691,0.5358109508,"['target_sin1', 'target_cos1', 'target_sin2', 'time_decades', 'tmax_latest', 'tmin_latest', 'tmax_mean3', 'tmin_mean3', 'tmax_mean7', 'tmin_mean7', 'tmax_sd7', 'tmin_sd7', 'tmax_trend7', 'tmin_trend7', 'observed_hot_run_length', 'rh_mean_latest', 'rh_mean_mean7', 'precipitation_latest', 'precipitation_sum7', 'wind_speed_mean_latest', 'wind_speed_mean_mean7', 'pressure_mean_latest', 'pressure_mean_mean7', 'cloud_cover_latest', 'cloud_cover_mean7', 'shortwave_radiation_latest', 'shortwave_radiation_mean7', 'soil_moisture_mean_latest']","['target_cos2', 'soil_moisture_mean_mean7']",[]
h1_2021_s0_logistic_S0_metadata.json,fit,"{'model__penalty': 'l2', 'model__C': 0.03}",temporal_sigmoid,0.02369233338,0.2656616912,"['target_sin1', 'target_cos1', 'target_sin2', 'time_decades']",['target_cos2'],[]
h1_2021_weighted_rf_S1_metadata.json,fit,"{'model__min_samples_leaf': 7, 'model__max_features': 'sqrt', 'model__max_depth': None}",temporal_sigmoid,0.03345334821,0.4854564439,"['target_sin1', 'target_cos1', 'target_sin2', 'time_decades', 'tmax_latest', 'tmin_latest', 'tmax_mean3', 'tmin_mean3', 'tmax_mean7', 'tmin_mean7', 'tmax_sd7', 'tmin_sd7', 'tmax_trend7', 'tmin_trend7', 'observed_hot_run_length']",['target_cos2'],[]
h1_2021_weighted_rf_S2_metadata.json,fit,"{'model__min_samples_leaf': 7, 'model__max_features': 'sqrt', 'model__max_depth': None}",temporal_sigmoid,0.03605194226,0.326706462,"['target_sin1', 'target_cos1', 'target_sin2', 'time_decades', 'tmax_latest', 'tmin_latest', 'tmax_mean3', 'tmin_mean3', 'tmax_mean7', 'tmin_mean7', 'tmax_sd7', 'tmin_sd7', 'tmax_trend7', 'tmin_trend7', 'observed_hot_run_length', 'rh_mean_latest', 'rh_mean_mean7', 'precipitation_latest', 'precipitation_sum7', 'wind_speed_mean_latest', 'wind_speed_mean_mean7', 'pressure_mean_latest', 'pressure_mean_mean7', 'cloud_cover_latest', 'cloud_cover_mean7', 'shortwave_radiation_latest', 'shortwave_radiation_mean7', 'soil_moisture_mean_latest']","['target_cos2', 'soil_moisture_mean_mean7']",[]
h1_2021_weighted_svc_S1_metadata.json,fit,"{'model__gamma': 0.01, 'model__C': 0.3}",temporal_sigmoid,0.02509406282,0.5051411764,"['target_sin1', 'target_cos1', 'target_sin2', 'time_decades', 'tmax_latest', 'tmin_latest', 'tmax_mean3', 'tmin_mean3', 'tmax_mean7', 'tmin_mean7', 'tmax_sd7', 'tmin_sd7', 'tmax_trend7', 'tmin_trend7', 'observed_hot_run_length']",['target_cos2'],[]
h1_2021_weighted_svc_S2_metadata.json,fit,"{'model__gamma': 0.01, 'model__C': 0.3}",temporal_sigmoid,0.01136199031,0.5410609494,"['target_sin1', 'target_cos1', 'target_sin2', 'time_decades', 'tmax_latest', 'tmin_latest', 'tmax_mean3', 'tmin_mean3', 'tmax_mean7', 'tmin_mean7', 'tmax_sd7', 'tmin_sd7', 'tmax_trend7', 'tmin_trend7', 'observed_hot_run_length', 'rh_mean_latest', 'rh_mean_mean7', 'precipitation_latest', 'precipitation_sum7', 'wind_speed_mean_latest', 'wind_speed_mean_mean7', 'pressure_mean_latest', 'pressure_mean_mean7', 'cloud_cover_latest', 'cloud_cover_mean7', 'shortwave_radiation_latest', 'shortwave_radiation_mean7', 'soil_moisture_mean_latest']","['target_cos2', 'soil_moisture_mean_mean7']",[]
h1_2021_xgboost_S1_metadata.json,fit,"{'model__subsample': 0.9, 'model__reg_lambda': 10.0, 'model__max_depth': 4, 'model__learning_rate': 0.07, 'model__colsample_bytree': 0.7}",temporal_sigmoid,0.01538539072,0.4441769372,"['target_sin1', 'target_cos1', 'target_sin2', 'time_decades', 'tmax_latest', 'tmin_latest', 'tmax_mean3', 'tmin_mean3', 'tmax_mean7', 'tmin_mean7', 'tmax_sd7', 'tmin_sd7', 'tmax_trend7', 'tmin_trend7', 'observed_hot_run_length']",['target_cos2'],[]
h1_2021_xgboost_S2_metadata.json,fit,"{'model__subsample': 0.7, 'model__reg_lambda': 1.0, 'model__max_depth': 4, 'model__learning_rate': 0.07, 'model__colsample_bytree': 1.0}",temporal_sigmoid,0.009779965221,0.3805691692,"['target_sin1', 'target_cos1', 'target_sin2', 'time_decades', 'tmax_latest', 'tmin_latest', 'tmax_mean3', 'tmin_mean3', 'tmax_mean7', 'tmin_mean7', 'tmax_sd7', 'tmin_sd7', 'tmax_trend7', 'tmin_trend7', 'observed_hot_run_length', 'rh_mean_latest', 'rh_mean_mean7', 'precipitation_latest', 'precipitation_sum7', 'wind_speed_mean_latest', 'wind_speed_mean_mean7', 'pressure_mean_latest', 'pressure_mean_mean7', 'cloud_cover_latest', 'cloud_cover_mean7', 'shortwave_radiation_latest', 'shortwave_radiation_mean7', 'soil_moisture_mean_latest']","['target_cos2', 'soil_moisture_mean_mean7']",[]
h1_2022_balanced_rf_S1_metadata.json,fit,"{'model__min_samples_leaf': 7, 'model__max_features': 0.7, 'model__max_depth': 3}",temporal_sigmoid,0.01722188296,0.3427835998,"['target_sin1', 'target_cos1', 'target_sin2', 'time_decades', 'tmax_latest', 'tmin_latest', 'tmax_mean3', 'tmin_mean3', 'tmax_mean7', 'tmin_mean7', 'tmax_sd7', 'tmin_sd7', 'tmax_trend7', 'tmin_trend7', 'observed_hot_run_length']",['target_cos2'],[]
h1_2022_balanced_rf_S2_metadata.json,fit,"{'model__min_samples_leaf': 12, 'model__max_features': 0.7, 'model__max_depth': 5}",temporal_sigmoid,0.02641274783,0.3379460294,"['target_sin1', 'target_cos1', 'target_sin2', 'time_decades', 'tmax_latest', 'tmin_latest', 'tmax_mean3', 'tmin_mean3', 'tmax_mean7', 'tmin_mean7', 'tmax_sd7', 'tmin_sd7', 'tmax_trend7', 'tmin_trend7', 'observed_hot_run_length', 'rh_mean_latest', 'rh_mean_mean7', 'precipitation_latest', 'precipitation_sum7', 'wind_speed_mean_latest', 'wind_speed_mean_mean7', 'pressure_mean_latest', 'pressure_mean_mean7', 'cloud_cover_latest', 'cloud_cover_mean7', 'shortwave_radiation_latest', 'shortwave_radiation_mean7', 'soil_moisture_mean_latest', 'soil_moisture_mean_mean7']",['target_cos2'],[]
h1_2022_logistic_S1_metadata.json,fit,"{'model__penalty': 'l1', 'model__C': 3.0}",temporal_sigmoid,0.01870555014,0.5136645134,"['target_sin1', 'target_cos1', 'target_sin2', 'time_decades', 'tmax_latest', 'tmin_latest', 'tmax_mean3', 'tmin_mean3', 'tmax_mean7', 'tmin_mean7', 'tmax_sd7', 'tmin_sd7', 'tmax_trend7', 'tmin_trend7', 'observed_hot_run_length']",['target_cos2'],[]
h1_2022_logistic_S2_metadata.json,fit,"{'model__penalty': 'l1', 'model__C': 1.0}",temporal_sigmoid,0.03730108062,0.5295930375,"['target_sin1', 'target_cos1', 'target_sin2', 'time_decades', 'tmax_latest', 'tmin_latest', 'tmax_mean3', 'tmin_mean3', 'tmax_mean7', 'tmin_mean7', 'tmax_sd7', 'tmin_sd7', 'tmax_trend7', 'tmin_trend7', 'observed_hot_run_length', 'rh_mean_latest', 'rh_mean_mean7', 'precipitation_latest', 'precipitation_sum7', 'wind_speed_mean_latest', 'wind_speed_mean_mean7', 'pressure_mean_latest', 'pressure_mean_mean7', 'cloud_cover_latest', 'cloud_cover_mean7', 'shortwave_radiation_latest', 'shortwave_radiation_mean7', 'soil_moisture_mean_latest', 'soil_moisture_mean_mean7']",['target_cos2'],[]
h1_2022_s0_logistic_S0_metadata.json,fit,"{'model__penalty': 'l1', 'model__C': 0.1}",temporal_sigmoid,0.03285726672,0.3408514788,"['target_sin1', 'target_cos1', 'target_sin2', 'time_decades']",['target_cos2'],[]
h1_2022_weighted_rf_S1_metadata.json,fit,"{'model__min_samples_leaf': 7, 'model__max_features': 'sqrt', 'model__max_depth': 8}",temporal_sigmoid,0.03639907739,0.3203779662,"['target_sin1', 'target_cos1', 'target_sin2', 'time_decades', 'tmax_latest', 'tmin_latest', 'tmax_mean3', 'tmin_mean3', 'tmax_mean7', 'tmin_mean7', 'tmax_sd7', 'tmin_sd7', 'tmax_trend7', 'tmin_trend7', 'observed_hot_run_length']",['target_cos2'],[]
h1_2022_weighted_rf_S2_metadata.json,fit,"{'model__min_samples_leaf': 12, 'model__max_features': 'sqrt', 'model__max_depth': None}",temporal_sigmoid,0.0491158438,0.3360225108,"['target_sin1', 'target_cos1', 'target_sin2', 'time_decades', 'tmax_latest', 'tmin_latest', 'tmax_mean3', 'tmin_mean3', 'tmax_mean7', 'tmin_mean7', 'tmax_sd7', 'tmin_sd7', 'tmax_trend7', 'tmin_trend7', 'observed_hot_run_length', 'rh_mean_latest', 'rh_mean_mean7', 'precipitation_latest', 'precipitation_sum7', 'wind_speed_mean_latest', 'wind_speed_mean_mean7', 'pressure_mean_latest', 'pressure_mean_mean7', 'cloud_cover_latest', 'cloud_cover_mean7', 'shortwave_radiation_latest', 'shortwave_radiation_mean7', 'soil_moisture_mean_latest', 'soil_moisture_mean_mean7']",['target_cos2'],[]
h1_2022_weighted_svc_S1_metadata.json,fit,"{'model__gamma': 0.01, 'model__C': 0.1}",temporal_sigmoid,0.01708427987,0.4718531365,"['target_sin1', 'target_cos1', 'target_sin2', 'time_decades', 'tmax_latest', 'tmin_latest', 'tmax_mean3', 'tmin_mean3', 'tmax_mean7', 'tmin_mean7', 'tmax_sd7', 'tmin_sd7', 'tmax_trend7', 'tmin_trend7', 'observed_hot_run_length']",['target_cos2'],[]
h1_2022_weighted_svc_S2_metadata.json,fit,"{'model__gamma': 0.01, 'model__C': 0.1}",temporal_sigmoid,0.01643316094,0.4685151677,"['target_sin1', 'target_cos1', 'target_sin2', 'time_decades', 'tmax_latest', 'tmin_latest', 'tmax_mean3', 'tmin_mean3', 'tmax_mean7', 'tmin_mean7', 'tmax_sd7', 'tmin_sd7', 'tmax_trend7', 'tmin_trend7', 'observed_hot_run_length', 'rh_mean_latest', 'rh_mean_mean7', 'precipitation_latest', 'precipitation_sum7', 'wind_speed_mean_latest', 'wind_speed_mean_mean7', 'pressure_mean_latest', 'pressure_mean_mean7', 'cloud_cover_latest', 'cloud_cover_mean7', 'shortwave_radiation_latest', 'shortwave_radiation_mean7', 'soil_moisture_mean_latest', 'soil_moisture_mean_mean7']",['target_cos2'],[]
h1_2022_xgboost_S1_metadata.json,fit,"{'model__subsample': 1.0, 'model__reg_lambda': 1.0, 'model__max_depth': 3, 'model__learning_rate': 0.07, 'model__colsample_bytree': 0.7}",temporal_sigmoid,0.0150736805,0.3201759954,"['target_sin1', 'target_cos1', 'target_sin2', 'time_decades', 'tmax_latest', 'tmin_latest', 'tmax_mean3', 'tmin_mean3', 'tmax_mean7', 'tmin_mean7', 'tmax_sd7', 'tmin_sd7', 'tmax_trend7', 'tmin_trend7', 'observed_hot_run_length']",['target_cos2'],[]
h1_2022_xgboost_S2_metadata.json,fit,"{'model__subsample': 0.9, 'model__reg_lambda': 10.0, 'model__max_depth': 4, 'model__learning_rate': 0.07, 'model__colsample_bytree': 1.0}",temporal_sigmoid,0.03012381009,0.3713910706,"['target_sin1', 'target_cos1', 'target_sin2', 'time_decades', 'tmax_latest', 'tmin_latest', 'tmax_mean3', 'tmin_mean3', 'tmax_mean7', 'tmin_mean7', 'tmax_sd7', 'tmin_sd7', 'tmax_trend7', 'tmin_trend7', 'observed_hot_run_length', 'rh_mean_latest', 'rh_mean_mean7', 'precipitation_latest', 'precipitation_sum7', 'wind_speed_mean_latest', 'wind_speed_mean_mean7', 'pressure_mean_latest', 'pressure_mean_mean7', 'cloud_cover_latest', 'cloud_cover_mean7', 'shortwave_radiation_latest', 'shortwave_radiation_mean7', 'soil_moisture_mean_latest', 'soil_moisture_mean_mean7']",['target_cos2'],[]
h1_2023_balanced_rf_S1_metadata.json,fit,"{'model__min_samples_leaf': 3, 'model__max_features': 1.0, 'model__max_depth': 5}",temporal_sigmoid,0.01414263902,0.3458054898,"['target_sin1', 'target_cos1', 'target_sin2', 'time_decades', 'tmax_latest', 'tmin_latest', 'tmax_mean3', 'tmin_mean3', 'tmax_mean7', 'tmin_mean7', 'tmax_sd7', 'tmin_sd7', 'tmax_trend7', 'tmin_trend7', 'observed_hot_run_length']",['target_cos2'],[]
h1_2023_balanced_rf_S2_metadata.json,fit,"{'model__min_samples_leaf': 12, 'model__max_features': 0.7, 'model__max_depth': 8}",temporal_sigmoid,0.00766344713,0.3208480279,"['target_sin1', 'target_cos1', 'target_sin2', 'time_decades', 'tmax_latest', 'tmin_latest', 'tmax_mean3', 'tmin_mean3', 'tmax_mean7', 'tmin_mean7', 'tmax_sd7', 'tmin_sd7', 'tmax_trend7', 'tmin_trend7', 'observed_hot_run_length', 'rh_mean_latest', 'rh_mean_mean7', 'precipitation_latest', 'precipitation_sum7', 'wind_speed_mean_latest', 'wind_speed_mean_mean7', 'pressure_mean_latest', 'pressure_mean_mean7', 'cloud_cover_latest', 'cloud_cover_mean7', 'shortwave_radiation_latest', 'shortwave_radiation_mean7', 'soil_moisture_mean_latest', 'soil_moisture_mean_mean7']",['target_cos2'],[]
h1_2023_logistic_S1_metadata.json,fit,"{'model__penalty': 'l2', 'model__C': 30.0}",temporal_sigmoid,0.01322512028,0.4332004004,"['target_sin1', 'target_cos1', 'target_sin2', 'time_decades', 'tmax_latest', 'tmin_latest', 'tmax_mean3', 'tmin_mean3', 'tmax_mean7', 'tmin_mean7', 'tmax_sd7', 'tmin_sd7', 'tmax_trend7', 'tmin_trend7', 'observed_hot_run_length']",['target_cos2'],[]
h1_2023_logistic_S2_metadata.json,fit,"{'model__penalty': 'l1', 'model__C': 0.3}",temporal_sigmoid,0.003915347361,0.4730333825,"['target_sin1', 'target_cos1', 'target_sin2', 'time_decades', 'tmax_latest', 'tmin_latest', 'tmax_mean3', 'tmin_mean3', 'tmax_mean7', 'tmin_mean7', 'tmax_sd7', 'tmin_sd7', 'tmax_trend7', 'tmin_trend7', 'observed_hot_run_length', 'rh_mean_latest', 'rh_mean_mean7', 'precipitation_latest', 'precipitation_sum7', 'wind_speed_mean_latest', 'wind_speed_mean_mean7', 'pressure_mean_latest', 'pressure_mean_mean7', 'cloud_cover_latest', 'cloud_cover_mean7', 'shortwave_radiation_latest', 'shortwave_radiation_mean7', 'soil_moisture_mean_latest', 'soil_moisture_mean_mean7']",['target_cos2'],[]
h1_2023_s0_logistic_S0_metadata.json,fit,"{'model__penalty': 'l2', 'model__C': 0.03}",temporal_sigmoid,0.03084920667,0.09165565473,"['target_sin1', 'target_cos1', 'target_sin2', 'time_decades']",['target_cos2'],[]
h1_2023_weighted_rf_S1_metadata.json,fit,"{'model__min_samples_leaf': 12, 'model__max_features': 0.7, 'model__max_depth': 8}",temporal_sigmoid,0.01665211553,0.3548393499,"['target_sin1', 'target_cos1', 'target_sin2', 'time_decades', 'tmax_latest', 'tmin_latest', 'tmax_mean3', 'tmin_mean3', 'tmax_mean7', 'tmin_mean7', 'tmax_sd7', 'tmin_sd7', 'tmax_trend7', 'tmin_trend7', 'observed_hot_run_length']",['target_cos2'],[]
h1_2023_weighted_rf_S2_metadata.json,fit,"{'model__min_samples_leaf': 7, 'model__max_features': 'sqrt', 'model__max_depth': None}",temporal_sigmoid,0.02415856797,0.3423424695,"['target_sin1', 'target_cos1', 'target_sin2', 'time_decades', 'tmax_latest', 'tmin_latest', 'tmax_mean3', 'tmin_mean3', 'tmax_mean7', 'tmin_mean7', 'tmax_sd7', 'tmin_sd7', 'tmax_trend7', 'tmin_trend7', 'observed_hot_run_length', 'rh_mean_latest', 'rh_mean_mean7', 'precipitation_latest', 'precipitation_sum7', 'wind_speed_mean_latest', 'wind_speed_mean_mean7', 'pressure_mean_latest', 'pressure_mean_mean7', 'cloud_cover_latest', 'cloud_cover_mean7', 'shortwave_radiation_latest', 'shortwave_radiation_mean7', 'soil_moisture_mean_latest', 'soil_moisture_mean_mean7']",['target_cos2'],[]
h1_2023_weighted_svc_S1_metadata.json,fit,"{'model__gamma': 0.01, 'model__C': 3.0}",temporal_sigmoid,0.03162371547,0.3969933163,"['target_sin1', 'target_cos1', 'target_sin2', 'time_decades', 'tmax_latest', 'tmin_latest', 'tmax_mean3', 'tmin_mean3', 'tmax_mean7', 'tmin_mean7', 'tmax_sd7', 'tmin_sd7', 'tmax_trend7', 'tmin_trend7', 'observed_hot_run_length']",['target_cos2'],[]
h1_2023_weighted_svc_S2_metadata.json,fit,"{'model__gamma': 0.01, 'model__C': 3.0}",temporal_sigmoid,0.01920808347,0.382806557,"['target_sin1', 'target_cos1', 'target_sin2', 'time_decades', 'tmax_latest', 'tmin_latest', 'tmax_mean3', 'tmin_mean3', 'tmax_mean7', 'tmin_mean7', 'tmax_sd7', 'tmin_sd7', 'tmax_trend7', 'tmin_trend7', 'observed_hot_run_length', 'rh_mean_latest', 'rh_mean_mean7', 'precipitation_latest', 'precipitation_sum7', 'wind_speed_mean_latest', 'wind_speed_mean_mean7', 'pressure_mean_latest', 'pressure_mean_mean7', 'cloud_cover_latest', 'cloud_cover_mean7', 'shortwave_radiation_latest', 'shortwave_radiation_mean7', 'soil_moisture_mean_latest', 'soil_moisture_mean_mean7']",['target_cos2'],[]
h1_2023_xgboost_S1_metadata.json,fit,"{'model__subsample': 0.7, 'model__reg_lambda': 5.0, 'model__max_depth': 4, 'model__learning_rate': 0.07, 'model__colsample_bytree': 1.0}",temporal_sigmoid,0.01663754178,0.319169138,"['target_sin1', 'target_cos1', 'target_sin2', 'time_decades', 'tmax_latest', 'tmin_latest', 'tmax_mean3', 'tmin_mean3', 'tmax_mean7', 'tmin_mean7', 'tmax_sd7', 'tmin_sd7', 'tmax_trend7', 'tmin_trend7', 'observed_hot_run_length']",['target_cos2'],[]
h1_2023_xgboost_S2_metadata.json,fit,"{'model__subsample': 1.0, 'model__reg_lambda': 10.0, 'model__max_depth': 3, 'model__learning_rate': 0.07, 'model__colsample_bytree': 1.0}",temporal_sigmoid,0.005539413763,0.3876392194,"['target_sin1', 'target_cos1', 'target_sin2', 'time_decades', 'tmax_latest', 'tmin_latest', 'tmax_mean3', 'tmin_mean3', 'tmax_mean7', 'tmin_mean7', 'tmax_sd7', 'tmin_sd7', 'tmax_trend7', 'tmin_trend7', 'observed_hot_run_length', 'rh_mean_latest', 'rh_mean_mean7', 'precipitation_latest', 'precipitation_sum7', 'wind_speed_mean_latest', 'wind_speed_mean_mean7', 'pressure_mean_latest', 'pressure_mean_mean7', 'cloud_cover_latest', 'cloud_cover_mean7', 'shortwave_radiation_latest', 'shortwave_radiation_mean7', 'soil_moisture_mean_latest', 'soil_moisture_mean_mean7']",['target_cos2'],[]
h1_2024_balanced_rf_S1_metadata.json,fit,"{'model__min_samples_leaf': 12, 'model__max_features': 1.0, 'model__max_depth': 3}",temporal_sigmoid,0.05743499352,0.38435033,"['target_sin1', 'target_cos1', 'target_sin2', 'time_decades', 'tmax_latest', 'tmin_latest', 'tmax_mean3', 'tmin_mean3', 'tmax_mean7', 'tmin_mean7', 'tmax_sd7', 'tmin_sd7', 'tmax_trend7', 'tmin_trend7', 'observed_hot_run_length']",['target_cos2'],[]
h1_2024_balanced_rf_S2_metadata.json,fit,"{'model__min_samples_leaf': 12, 'model__max_features': 0.7, 'model__max_depth': None}",temporal_sigmoid,0.06050508573,0.3600058589,"['target_sin1', 'target_cos1', 'target_sin2', 'time_decades', 'tmax_latest', 'tmin_latest', 'tmax_mean3', 'tmin_mean3', 'tmax_mean7', 'tmin_mean7', 'tmax_sd7', 'tmin_sd7', 'tmax_trend7', 'tmin_trend7', 'observed_hot_run_length', 'rh_mean_latest', 'rh_mean_mean7', 'precipitation_latest', 'precipitation_sum7', 'wind_speed_mean_latest', 'wind_speed_mean_mean7', 'pressure_mean_latest', 'pressure_mean_mean7', 'cloud_cover_latest', 'cloud_cover_mean7', 'shortwave_radiation_latest', 'shortwave_radiation_mean7', 'soil_moisture_mean_latest', 'soil_moisture_mean_mean7']",['target_cos2'],[]
h1_2024_logistic_S1_metadata.json,fit,"{'model__penalty': 'l2', 'model__C': 0.3}",temporal_sigmoid,0.02544712131,0.4584288743,"['target_sin1', 'target_cos1', 'target_sin2', 'time_decades', 'tmax_latest', 'tmin_latest', 'tmax_mean3', 'tmin_mean3', 'tmax_mean7', 'tmin_mean7', 'tmax_sd7', 'tmin_sd7', 'tmax_trend7', 'tmin_trend7', 'observed_hot_run_length']",['target_cos2'],[]
h1_2024_logistic_S2_metadata.json,fit,"{'model__penalty': 'l2', 'model__C': 3.0}",temporal_sigmoid,0.01249623611,0.478681066,"['target_sin1', 'target_cos1', 'target_sin2', 'time_decades', 'tmax_latest', 'tmin_latest', 'tmax_mean3', 'tmin_mean3', 'tmax_mean7', 'tmin_mean7', 'tmax_sd7', 'tmin_sd7', 'tmax_trend7', 'tmin_trend7', 'observed_hot_run_length', 'rh_mean_latest', 'rh_mean_mean7', 'precipitation_latest', 'precipitation_sum7', 'wind_speed_mean_latest', 'wind_speed_mean_mean7', 'pressure_mean_latest', 'pressure_mean_mean7', 'cloud_cover_latest', 'cloud_cover_mean7', 'shortwave_radiation_latest', 'shortwave_radiation_mean7', 'soil_moisture_mean_latest', 'soil_moisture_mean_mean7']",['target_cos2'],[]
h1_2024_s0_logistic_S0_metadata.json,fit,"{'model__penalty': 'l2', 'model__C': 0.01}",temporal_sigmoid,0.03770487186,0.2717161309,"['target_sin1', 'target_cos1', 'target_sin2', 'time_decades']",['target_cos2'],[]
h1_2024_weighted_rf_S1_metadata.json,fit,"{'model__min_samples_leaf': 12, 'model__max_features': 0.7, 'model__max_depth': None}",temporal_sigmoid,0.04911321353,0.3411649038,"['target_sin1', 'target_cos1', 'target_sin2', 'time_decades', 'tmax_latest', 'tmin_latest', 'tmax_mean3', 'tmin_mean3', 'tmax_mean7', 'tmin_mean7', 'tmax_sd7', 'tmin_sd7', 'tmax_trend7', 'tmin_trend7', 'observed_hot_run_length']",['target_cos2'],[]
h1_2024_weighted_rf_S2_metadata.json,fit,"{'model__min_samples_leaf': 3, 'model__max_features': 'sqrt', 'model__max_depth': 3}",temporal_sigmoid,0.02411300902,0.3775313474,"['target_sin1', 'target_cos1', 'target_sin2', 'time_decades', 'tmax_latest', 'tmin_latest', 'tmax_mean3', 'tmin_mean3', 'tmax_mean7', 'tmin_mean7', 'tmax_sd7', 'tmin_sd7', 'tmax_trend7', 'tmin_trend7', 'observed_hot_run_length', 'rh_mean_latest', 'rh_mean_mean7', 'precipitation_latest', 'precipitation_sum7', 'wind_speed_mean_latest', 'wind_speed_mean_mean7', 'pressure_mean_latest', 'pressure_mean_mean7', 'cloud_cover_latest', 'cloud_cover_mean7', 'shortwave_radiation_latest', 'shortwave_radiation_mean7', 'soil_moisture_mean_latest', 'soil_moisture_mean_mean7']",['target_cos2'],[]
h1_2024_weighted_svc_S1_metadata.json,fit,"{'model__gamma': 0.01, 'model__C': 0.1}",temporal_sigmoid,0.01287195075,0.4386289833,"['target_sin1', 'target_cos1', 'target_sin2', 'time_decades', 'tmax_latest', 'tmin_latest', 'tmax_mean3', 'tmin_mean3', 'tmax_mean7', 'tmin_mean7', 'tmax_sd7', 'tmin_sd7', 'tmax_trend7', 'tmin_trend7', 'observed_hot_run_length']",['target_cos2'],[]
h1_2024_weighted_svc_S2_metadata.json,fit,"{'model__gamma': 0.01, 'model__C': 1.0}",temporal_sigmoid,0.01353678266,0.5038002088,"['target_sin1', 'target_cos1', 'target_sin2', 'time_decades', 'tmax_latest', 'tmin_latest', 'tmax_mean3', 'tmin_mean3', 'tmax_mean7', 'tmin_mean7', 'tmax_sd7', 'tmin_sd7', 'tmax_trend7', 'tmin_trend7', 'observed_hot_run_length', 'rh_mean_latest', 'rh_mean_mean7', 'precipitation_latest', 'precipitation_sum7', 'wind_speed_mean_latest', 'wind_speed_mean_mean7', 'pressure_mean_latest', 'pressure_mean_mean7', 'cloud_cover_latest', 'cloud_cover_mean7', 'shortwave_radiation_latest', 'shortwave_radiation_mean7', 'soil_moisture_mean_latest', 'soil_moisture_mean_mean7']",['target_cos2'],[]
h1_2024_xgboost_S1_metadata.json,fit,"{'model__subsample': 1.0, 'model__reg_lambda': 10.0, 'model__max_depth': 3, 'model__learning_rate': 0.15, 'model__colsample_bytree': 0.7}",temporal_sigmoid,0.03806720665,0.3761883366,"['target_sin1', 'target_cos1', 'target_sin2', 'time_decades', 'tmax_latest', 'tmin_latest', 'tmax_mean3', 'tmin_mean3', 'tmax_mean7', 'tmin_mean7', 'tmax_sd7', 'tmin_sd7', 'tmax_trend7', 'tmin_trend7', 'observed_hot_run_length']",['target_cos2'],[]
h1_2024_xgboost_S2_metadata.json,fit,"{'model__subsample': 0.7, 'model__reg_lambda': 10.0, 'model__max_depth': 2, 'model__learning_rate': 0.15, 'model__colsample_bytree': 0.7}",temporal_sigmoid,0.02563865386,0.4784963674,"['target_sin1', 'target_cos1', 'target_sin2', 'time_decades', 'tmax_latest', 'tmin_latest', 'tmax_mean3', 'tmin_mean3', 'tmax_mean7', 'tmin_mean7', 'tmax_sd7', 'tmin_sd7', 'tmax_trend7', 'tmin_trend7', 'observed_hot_run_length', 'rh_mean_latest', 'rh_mean_mean7', 'precipitation_latest', 'precipitation_sum7', 'wind_speed_mean_latest', 'wind_speed_mean_mean7', 'pressure_mean_latest', 'pressure_mean_mean7', 'cloud_cover_latest', 'cloud_cover_mean7', 'shortwave_radiation_latest', 'shortwave_radiation_mean7', 'soil_moisture_mean_latest', 'soil_moisture_mean_mean7']",['target_cos2'],[]
h3_2014_balanced_rf_S1_metadata.json,fit,"{'model__min_samples_leaf': 1, 'model__max_features': 'sqrt', 'model__max_depth': None}",temporal_sigmoid,0.02246853383,0.3759310457,"['target_sin1', 'target_cos1', 'target_sin2', 'time_decades', 'tmax_latest', 'tmin_latest', 'tmax_mean3', 'tmin_mean3', 'tmax_mean7', 'tmin_mean7', 'tmax_sd7', 'tmin_sd7', 'tmax_trend7', 'tmin_trend7', 'observed_hot_run_length']",['target_cos2'],[]
h3_2014_balanced_rf_S2_metadata.json,fit,"{'model__min_samples_leaf': 1, 'model__max_features': 0.7, 'model__max_depth': 3}",temporal_sigmoid,0.009049979908,0.2133392918,"['target_sin1', 'target_cos1', 'target_sin2', 'time_decades', 'tmax_latest', 'tmin_latest', 'tmax_mean3', 'tmin_mean3', 'tmax_mean7', 'tmin_mean7', 'tmax_sd7', 'tmin_sd7', 'tmax_trend7', 'tmin_trend7', 'observed_hot_run_length', 'rh_mean_latest', 'rh_mean_mean7', 'precipitation_latest', 'precipitation_sum7', 'wind_speed_mean_latest', 'wind_speed_mean_mean7', 'pressure_mean_latest', 'pressure_mean_mean7', 'cloud_cover_latest', 'cloud_cover_mean7', 'shortwave_radiation_latest', 'shortwave_radiation_mean7', 'soil_moisture_mean_latest']","['target_cos2', 'soil_moisture_mean_mean7']",[]
h3_2014_logistic_S1_metadata.json,fit,"{'model__penalty': 'l2', 'model__C': 10.0}",temporal_sigmoid,0.03172427359,0.2689440378,"['target_sin1', 'target_cos1', 'target_sin2', 'time_decades', 'tmax_latest', 'tmin_latest', 'tmax_mean3', 'tmin_mean3', 'tmax_mean7', 'tmin_mean7', 'tmax_sd7', 'tmin_sd7', 'tmax_trend7', 'tmin_trend7', 'observed_hot_run_length']",['target_cos2'],[]
h3_2014_logistic_S2_metadata.json,fit,"{'model__penalty': 'l1', 'model__C': 0.1}",temporal_sigmoid,0.009584043925,0.2817395314,"['target_sin1', 'target_cos1', 'target_sin2', 'time_decades', 'tmax_latest', 'tmin_latest', 'tmax_mean3', 'tmin_mean3', 'tmax_mean7', 'tmin_mean7', 'tmax_sd7', 'tmin_sd7', 'tmax_trend7', 'tmin_trend7', 'observed_hot_run_length', 'rh_mean_latest', 'rh_mean_mean7', 'precipitation_latest', 'precipitation_sum7', 'wind_speed_mean_latest', 'wind_speed_mean_mean7', 'pressure_mean_latest', 'pressure_mean_mean7', 'cloud_cover_latest', 'cloud_cover_mean7', 'shortwave_radiation_latest', 'shortwave_radiation_mean7', 'soil_moisture_mean_latest']","['target_cos2', 'soil_moisture_mean_mean7']",[]
h3_2014_s0_logistic_S0_metadata.json,fit,"{'model__penalty': 'l1', 'model__C': 0.1}",temporal_sigmoid,0.0211909801,0.2936100601,"['target_sin1', 'target_cos1', 'target_sin2', 'time_decades']",['target_cos2'],[]
h3_2014_weighted_rf_S1_metadata.json,fit,"{'model__min_samples_leaf': 3, 'model__max_features': 'sqrt', 'model__max_depth': 5}",temporal_sigmoid,0.01508053158,0.264450546,"['target_sin1', 'target_cos1', 'target_sin2', 'time_decades', 'tmax_latest', 'tmin_latest', 'tmax_mean3', 'tmin_mean3', 'tmax_mean7', 'tmin_mean7', 'tmax_sd7', 'tmin_sd7', 'tmax_trend7', 'tmin_trend7', 'observed_hot_run_length']",['target_cos2'],[]
h3_2014_weighted_rf_S2_metadata.json,fit,"{'model__min_samples_leaf': 1, 'model__max_features': 'sqrt', 'model__max_depth': None}",temporal_sigmoid,0.03590564227,0.187357217,"['target_sin1', 'target_cos1', 'target_sin2', 'time_decades', 'tmax_latest', 'tmin_latest', 'tmax_mean3', 'tmin_mean3', 'tmax_mean7', 'tmin_mean7', 'tmax_sd7', 'tmin_sd7', 'tmax_trend7', 'tmin_trend7', 'observed_hot_run_length', 'rh_mean_latest', 'rh_mean_mean7', 'precipitation_latest', 'precipitation_sum7', 'wind_speed_mean_latest', 'wind_speed_mean_mean7', 'pressure_mean_latest', 'pressure_mean_mean7', 'cloud_cover_latest', 'cloud_cover_mean7', 'shortwave_radiation_latest', 'shortwave_radiation_mean7', 'soil_moisture_mean_latest']","['target_cos2', 'soil_moisture_mean_mean7']",[]
h3_2014_weighted_svc_S1_metadata.json,fit,"{'model__gamma': 0.03, 'model__C': 1.0}",temporal_sigmoid,0.0306798139,0.3311150228,"['target_sin1', 'target_cos1', 'target_sin2', 'time_decades', 'tmax_latest', 'tmin_latest', 'tmax_mean3', 'tmin_mean3', 'tmax_mean7', 'tmin_mean7', 'tmax_sd7', 'tmin_sd7', 'tmax_trend7', 'tmin_trend7', 'observed_hot_run_length']",['target_cos2'],[]
h3_2014_weighted_svc_S2_metadata.json,fit,"{'model__gamma': 0.01, 'model__C': 0.3}",temporal_sigmoid,0.0213579253,0.3014041679,"['target_sin1', 'target_cos1', 'target_sin2', 'time_decades', 'tmax_latest', 'tmin_latest', 'tmax_mean3', 'tmin_mean3', 'tmax_mean7', 'tmin_mean7', 'tmax_sd7', 'tmin_sd7', 'tmax_trend7', 'tmin_trend7', 'observed_hot_run_length', 'rh_mean_latest', 'rh_mean_mean7', 'precipitation_latest', 'precipitation_sum7', 'wind_speed_mean_latest', 'wind_speed_mean_mean7', 'pressure_mean_latest', 'pressure_mean_mean7', 'cloud_cover_latest', 'cloud_cover_mean7', 'shortwave_radiation_latest', 'shortwave_radiation_mean7', 'soil_moisture_mean_latest']","['target_cos2', 'soil_moisture_mean_mean7']",[]
h3_2014_xgboost_S1_metadata.json,fit,"{'model__subsample': 0.7, 'model__reg_lambda': 1.0, 'model__max_depth': 3, 'model__learning_rate': 0.15, 'model__colsample_bytree': 0.7}",temporal_sigmoid,0.01409998716,0.4267690047,"['target_sin1', 'target_cos1', 'target_sin2', 'time_decades', 'tmax_latest', 'tmin_latest', 'tmax_mean3', 'tmin_mean3', 'tmax_mean7', 'tmin_mean7', 'tmax_sd7', 'tmin_sd7', 'tmax_trend7', 'tmin_trend7', 'observed_hot_run_length']",['target_cos2'],[]
h3_2014_xgboost_S2_metadata.json,fit,"{'model__subsample': 0.7, 'model__reg_lambda': 1.0, 'model__max_depth': 3, 'model__learning_rate': 0.15, 'model__colsample_bytree': 0.7}",temporal_sigmoid,0.01568634688,0.202908105,"['target_sin1', 'target_cos1', 'target_sin2', 'time_decades', 'tmax_latest', 'tmin_latest', 'tmax_mean3', 'tmin_mean3', 'tmax_mean7', 'tmin_mean7', 'tmax_sd7', 'tmin_sd7', 'tmax_trend7', 'tmin_trend7', 'observed_hot_run_length', 'rh_mean_latest', 'rh_mean_mean7', 'precipitation_latest', 'precipitation_sum7', 'wind_speed_mean_latest', 'wind_speed_mean_mean7', 'pressure_mean_latest', 'pressure_mean_mean7', 'cloud_cover_latest', 'cloud_cover_mean7', 'shortwave_radiation_latest', 'shortwave_radiation_mean7', 'soil_moisture_mean_latest']","['target_cos2', 'soil_moisture_mean_mean7']",[]
h3_2015_balanced_rf_S1_metadata.json,fit,"{'model__min_samples_leaf': 3, 'model__max_features': 1.0, 'model__max_depth': 3}",temporal_sigmoid,0.0272396045,0.3451454124,"['target_sin1', 'target_cos1', 'target_sin2', 'time_decades', 'tmax_latest', 'tmin_latest', 'tmax_mean3', 'tmin_mean3', 'tmax_mean7', 'tmin_mean7', 'tmax_sd7', 'tmin_sd7', 'tmax_trend7', 'tmin_trend7', 'observed_hot_run_length']",['target_cos2'],[]
h3_2015_balanced_rf_S2_metadata.json,fit,"{'model__min_samples_leaf': 12, 'model__max_features': 1.0, 'model__max_depth': 3}",temporal_sigmoid,0.01671743699,0.2074152937,"['target_sin1', 'target_cos1', 'target_sin2', 'time_decades', 'tmax_latest', 'tmin_latest', 'tmax_mean3', 'tmin_mean3', 'tmax_mean7', 'tmin_mean7', 'tmax_sd7', 'tmin_sd7', 'tmax_trend7', 'tmin_trend7', 'observed_hot_run_length', 'rh_mean_latest', 'rh_mean_mean7', 'precipitation_latest', 'precipitation_sum7', 'wind_speed_mean_latest', 'wind_speed_mean_mean7', 'pressure_mean_latest', 'pressure_mean_mean7', 'cloud_cover_latest', 'cloud_cover_mean7', 'shortwave_radiation_latest', 'shortwave_radiation_mean7', 'soil_moisture_mean_latest']","['target_cos2', 'soil_moisture_mean_mean7']",[]
h3_2015_logistic_S1_metadata.json,fit,"{'model__penalty': 'l2', 'model__C': 0.3}",temporal_sigmoid,0.02316858603,0.199048977,"['target_sin1', 'target_cos1', 'target_sin2', 'time_decades', 'tmax_latest', 'tmin_latest', 'tmax_mean3', 'tmin_mean3', 'tmax_mean7', 'tmin_mean7', 'tmax_sd7', 'tmin_sd7', 'tmax_trend7', 'tmin_trend7', 'observed_hot_run_length']",['target_cos2'],[]
h3_2015_logistic_S2_metadata.json,fit,"{'model__penalty': 'l2', 'model__C': 1.0}",temporal_sigmoid,0.02234574534,0.227716659,"['target_sin1', 'target_cos1', 'target_sin2', 'time_decades', 'tmax_latest', 'tmin_latest', 'tmax_mean3', 'tmin_mean3', 'tmax_mean7', 'tmin_mean7', 'tmax_sd7', 'tmin_sd7', 'tmax_trend7', 'tmin_trend7', 'observed_hot_run_length', 'rh_mean_latest', 'rh_mean_mean7', 'precipitation_latest', 'precipitation_sum7', 'wind_speed_mean_latest', 'wind_speed_mean_mean7', 'pressure_mean_latest', 'pressure_mean_mean7', 'cloud_cover_latest', 'cloud_cover_mean7', 'shortwave_radiation_latest', 'shortwave_radiation_mean7', 'soil_moisture_mean_latest']","['target_cos2', 'soil_moisture_mean_mean7']",[]
h3_2015_s0_logistic_S0_metadata.json,fit,"{'model__penalty': 'l2', 'model__C': 0.1}",temporal_sigmoid,0.0241775317,0.1110457612,"['target_sin1', 'target_cos1', 'target_sin2', 'time_decades']",['target_cos2'],[]
h3_2015_weighted_rf_S1_metadata.json,fit,"{'model__min_samples_leaf': 3, 'model__max_features': 'sqrt', 'model__max_depth': 8}",temporal_sigmoid,0.02625312151,0.3145918432,"['target_sin1', 'target_cos1', 'target_sin2', 'time_decades', 'tmax_latest', 'tmin_latest', 'tmax_mean3', 'tmin_mean3', 'tmax_mean7', 'tmin_mean7', 'tmax_sd7', 'tmin_sd7', 'tmax_trend7', 'tmin_trend7', 'observed_hot_run_length']",['target_cos2'],[]
h3_2015_weighted_rf_S2_metadata.json,fit,"{'model__min_samples_leaf': 12, 'model__max_features': 1.0, 'model__max_depth': 3}",temporal_sigmoid,0.02212492104,0.1355779872,"['target_sin1', 'target_cos1', 'target_sin2', 'time_decades', 'tmax_latest', 'tmin_latest', 'tmax_mean3', 'tmin_mean3', 'tmax_mean7', 'tmin_mean7', 'tmax_sd7', 'tmin_sd7', 'tmax_trend7', 'tmin_trend7', 'observed_hot_run_length', 'rh_mean_latest', 'rh_mean_mean7', 'precipitation_latest', 'precipitation_sum7', 'wind_speed_mean_latest', 'wind_speed_mean_mean7', 'pressure_mean_latest', 'pressure_mean_mean7', 'cloud_cover_latest', 'cloud_cover_mean7', 'shortwave_radiation_latest', 'shortwave_radiation_mean7', 'soil_moisture_mean_latest']","['target_cos2', 'soil_moisture_mean_mean7']",[]
h3_2015_weighted_svc_S1_metadata.json,fit,"{'model__gamma': 0.1, 'model__C': 0.3}",temporal_sigmoid,0.02030792944,0.2437664098,"['target_sin1', 'target_cos1', 'target_sin2', 'time_decades', 'tmax_latest', 'tmin_latest', 'tmax_mean3', 'tmin_mean3', 'tmax_mean7', 'tmin_mean7', 'tmax_sd7', 'tmin_sd7', 'tmax_trend7', 'tmin_trend7', 'observed_hot_run_length']",['target_cos2'],[]
h3_2015_weighted_svc_S2_metadata.json,fit,"{'model__gamma': 0.01, 'model__C': 0.3}",temporal_sigmoid,0.01592302521,0.2583593645,"['target_sin1', 'target_cos1', 'target_sin2', 'time_decades', 'tmax_latest', 'tmin_latest', 'tmax_mean3', 'tmin_mean3', 'tmax_mean7', 'tmin_mean7', 'tmax_sd7', 'tmin_sd7', 'tmax_trend7', 'tmin_trend7', 'observed_hot_run_length', 'rh_mean_latest', 'rh_mean_mean7', 'precipitation_latest', 'precipitation_sum7', 'wind_speed_mean_latest', 'wind_speed_mean_mean7', 'pressure_mean_latest', 'pressure_mean_mean7', 'cloud_cover_latest', 'cloud_cover_mean7', 'shortwave_radiation_latest', 'shortwave_radiation_mean7', 'soil_moisture_mean_latest']","['target_cos2', 'soil_moisture_mean_mean7']",[]
h3_2015_xgboost_S1_metadata.json,fit,"{'model__subsample': 1.0, 'model__reg_lambda': 5.0, 'model__max_depth': 2, 'model__learning_rate': 0.15, 'model__colsample_bytree': 1.0}",temporal_sigmoid,0.02426191952,0.3426014848,"['target_sin1', 'target_cos1', 'target_sin2', 'time_decades', 'tmax_latest', 'tmin_latest', 'tmax_mean3', 'tmin_mean3', 'tmax_mean7', 'tmin_mean7', 'tmax_sd7', 'tmin_sd7', 'tmax_trend7', 'tmin_trend7', 'observed_hot_run_length']",['target_cos2'],[]
h3_2015_xgboost_S2_metadata.json,fit,"{'model__subsample': 0.9, 'model__reg_lambda': 10.0, 'model__max_depth': 2, 'model__learning_rate': 0.15, 'model__colsample_bytree': 1.0}",temporal_sigmoid,0.02748014748,0.2833676958,"['target_sin1', 'target_cos1', 'target_sin2', 'time_decades', 'tmax_latest', 'tmin_latest', 'tmax_mean3', 'tmin_mean3', 'tmax_mean7', 'tmin_mean7', 'tmax_sd7', 'tmin_sd7', 'tmax_trend7', 'tmin_trend7', 'observed_hot_run_length', 'rh_mean_latest', 'rh_mean_mean7', 'precipitation_latest', 'precipitation_sum7', 'wind_speed_mean_latest', 'wind_speed_mean_mean7', 'pressure_mean_latest', 'pressure_mean_mean7', 'cloud_cover_latest', 'cloud_cover_mean7', 'shortwave_radiation_latest', 'shortwave_radiation_mean7', 'soil_moisture_mean_latest']","['target_cos2', 'soil_moisture_mean_mean7']",[]
h3_2016_balanced_rf_S1_metadata.json,fit,"{'model__min_samples_leaf': 1, 'model__max_features': 1.0, 'model__max_depth': 3}",temporal_sigmoid,0.02642808246,0.3614414498,"['target_sin1', 'target_cos1', 'target_sin2', 'time_decades', 'tmax_latest', 'tmin_latest', 'tmax_mean3', 'tmin_mean3', 'tmax_mean7', 'tmin_mean7', 'tmax_sd7', 'tmin_sd7', 'tmax_trend7', 'tmin_trend7', 'observed_hot_run_length']",['target_cos2'],[]
h3_2016_balanced_rf_S2_metadata.json,fit,"{'model__min_samples_leaf': 12, 'model__max_features': 0.7, 'model__max_depth': 3}",temporal_sigmoid,0.02331878953,0.1908105219,"['target_sin1', 'target_cos1', 'target_sin2', 'time_decades', 'tmax_latest', 'tmin_latest', 'tmax_mean3', 'tmin_mean3', 'tmax_mean7', 'tmin_mean7', 'tmax_sd7', 'tmin_sd7', 'tmax_trend7', 'tmin_trend7', 'observed_hot_run_length', 'rh_mean_latest', 'rh_mean_mean7', 'precipitation_latest', 'precipitation_sum7', 'wind_speed_mean_latest', 'wind_speed_mean_mean7', 'pressure_mean_latest', 'pressure_mean_mean7', 'cloud_cover_latest', 'cloud_cover_mean7', 'shortwave_radiation_latest', 'shortwave_radiation_mean7', 'soil_moisture_mean_latest']","['target_cos2', 'soil_moisture_mean_mean7']",[]
h3_2016_logistic_S1_metadata.json,fit,"{'model__penalty': 'l2', 'model__C': 3.0}",temporal_sigmoid,0.03688211457,0.2576786773,"['target_sin1', 'target_cos1', 'target_sin2', 'time_decades', 'tmax_latest', 'tmin_latest', 'tmax_mean3', 'tmin_mean3', 'tmax_mean7', 'tmin_mean7', 'tmax_sd7', 'tmin_sd7', 'tmax_trend7', 'tmin_trend7', 'observed_hot_run_length']",['target_cos2'],[]
h3_2016_logistic_S2_metadata.json,fit,"{'model__penalty': 'l2', 'model__C': 0.3}",temporal_sigmoid,0.03075816352,0.2602400417,"['target_sin1', 'target_cos1', 'target_sin2', 'time_decades', 'tmax_latest', 'tmin_latest', 'tmax_mean3', 'tmin_mean3', 'tmax_mean7', 'tmin_mean7', 'tmax_sd7', 'tmin_sd7', 'tmax_trend7', 'tmin_trend7', 'observed_hot_run_length', 'rh_mean_latest', 'rh_mean_mean7', 'precipitation_latest', 'precipitation_sum7', 'wind_speed_mean_latest', 'wind_speed_mean_mean7', 'pressure_mean_latest', 'pressure_mean_mean7', 'cloud_cover_latest', 'cloud_cover_mean7', 'shortwave_radiation_latest', 'shortwave_radiation_mean7', 'soil_moisture_mean_latest']","['target_cos2', 'soil_moisture_mean_mean7']",[]
h3_2016_s0_logistic_S0_metadata.json,fit,"{'model__penalty': 'l2', 'model__C': 0.1}",temporal_sigmoid,0.02465357527,0.2300655556,"['target_sin1', 'target_cos1', 'target_sin2', 'time_decades']",['target_cos2'],[]
h3_2016_weighted_rf_S1_metadata.json,fit,"{'model__min_samples_leaf': 7, 'model__max_features': 'sqrt', 'model__max_depth': None}",temporal_sigmoid,0.02693257063,0.2738820197,"['target_sin1', 'target_cos1', 'target_sin2', 'time_decades', 'tmax_latest', 'tmin_latest', 'tmax_mean3', 'tmin_mean3', 'tmax_mean7', 'tmin_mean7', 'tmax_sd7', 'tmin_sd7', 'tmax_trend7', 'tmin_trend7', 'observed_hot_run_length']",['target_cos2'],[]
h3_2016_weighted_rf_S2_metadata.json,fit,"{'model__min_samples_leaf': 3, 'model__max_features': 'sqrt', 'model__max_depth': 5}",temporal_sigmoid,0.01681787958,0.1363371914,"['target_sin1', 'target_cos1', 'target_sin2', 'time_decades', 'tmax_latest', 'tmin_latest', 'tmax_mean3', 'tmin_mean3', 'tmax_mean7', 'tmin_mean7', 'tmax_sd7', 'tmin_sd7', 'tmax_trend7', 'tmin_trend7', 'observed_hot_run_length', 'rh_mean_latest', 'rh_mean_mean7', 'precipitation_latest', 'precipitation_sum7', 'wind_speed_mean_latest', 'wind_speed_mean_mean7', 'pressure_mean_latest', 'pressure_mean_mean7', 'cloud_cover_latest', 'cloud_cover_mean7', 'shortwave_radiation_latest', 'shortwave_radiation_mean7', 'soil_moisture_mean_latest']","['target_cos2', 'soil_moisture_mean_mean7']",[]
h3_2016_weighted_svc_S1_metadata.json,fit,"{'model__gamma': 'scale', 'model__C': 0.1}",temporal_sigmoid,0.0237294865,0.2845873565,"['target_sin1', 'target_cos1', 'target_sin2', 'time_decades', 'tmax_latest', 'tmin_latest', 'tmax_mean3', 'tmin_mean3', 'tmax_mean7', 'tmin_mean7', 'tmax_sd7', 'tmin_sd7', 'tmax_trend7', 'tmin_trend7', 'observed_hot_run_length']",['target_cos2'],[]
h3_2016_weighted_svc_S2_metadata.json,fit,"{'model__gamma': 0.03, 'model__C': 0.3}",temporal_sigmoid,0.02764223559,0.2003066361,"['target_sin1', 'target_cos1', 'target_sin2', 'time_decades', 'tmax_latest', 'tmin_latest', 'tmax_mean3', 'tmin_mean3', 'tmax_mean7', 'tmin_mean7', 'tmax_sd7', 'tmin_sd7', 'tmax_trend7', 'tmin_trend7', 'observed_hot_run_length', 'rh_mean_latest', 'rh_mean_mean7', 'precipitation_latest', 'precipitation_sum7', 'wind_speed_mean_latest', 'wind_speed_mean_mean7', 'pressure_mean_latest', 'pressure_mean_mean7', 'cloud_cover_latest', 'cloud_cover_mean7', 'shortwave_radiation_latest', 'shortwave_radiation_mean7', 'soil_moisture_mean_latest']","['target_cos2', 'soil_moisture_mean_mean7']",[]
h3_2016_xgboost_S1_metadata.json,fit,"{'model__subsample': 0.7, 'model__reg_lambda': 5.0, 'model__max_depth': 3, 'model__learning_rate': 0.15, 'model__colsample_bytree': 0.7}",temporal_sigmoid,0.02028473202,0.4113385847,"['target_sin1', 'target_cos1', 'target_sin2', 'time_decades', 'tmax_latest', 'tmin_latest', 'tmax_mean3', 'tmin_mean3', 'tmax_mean7', 'tmin_mean7', 'tmax_sd7', 'tmin_sd7', 'tmax_trend7', 'tmin_trend7', 'observed_hot_run_length']",['target_cos2'],[]
h3_2016_xgboost_S2_metadata.json,fit,"{'model__subsample': 1.0, 'model__reg_lambda': 5.0, 'model__max_depth': 4, 'model__learning_rate': 0.15, 'model__colsample_bytree': 1.0}",temporal_sigmoid,0.01365197131,0.2127145948,"['target_sin1', 'target_cos1', 'target_sin2', 'time_decades', 'tmax_latest', 'tmin_latest', 'tmax_mean3', 'tmin_mean3', 'tmax_mean7', 'tmin_mean7', 'tmax_sd7', 'tmin_sd7', 'tmax_trend7', 'tmin_trend7', 'observed_hot_run_length', 'rh_mean_latest', 'rh_mean_mean7', 'precipitation_latest', 'precipitation_sum7', 'wind_speed_mean_latest', 'wind_speed_mean_mean7', 'pressure_mean_latest', 'pressure_mean_mean7', 'cloud_cover_latest', 'cloud_cover_mean7', 'shortwave_radiation_latest', 'shortwave_radiation_mean7', 'soil_moisture_mean_latest']","['target_cos2', 'soil_moisture_mean_mean7']",[]
h3_2017_balanced_rf_S1_metadata.json,fit,"{'model__min_samples_leaf': 3, 'model__max_features': 'sqrt', 'model__max_depth': None}",temporal_sigmoid,0.0214145561,0.3502076603,"['target_sin1', 'target_cos1', 'target_sin2', 'time_decades', 'tmax_latest', 'tmin_latest', 'tmax_mean3', 'tmin_mean3', 'tmax_mean7', 'tmin_mean7', 'tmax_sd7', 'tmin_sd7', 'tmax_trend7', 'tmin_trend7', 'observed_hot_run_length']",['target_cos2'],[]
h3_2017_balanced_rf_S2_metadata.json,fit,"{'model__min_samples_leaf': 7, 'model__max_features': 1.0, 'model__max_depth': 3}",temporal_sigmoid,0.01740859215,0.2418157644,"['target_sin1', 'target_cos1', 'target_sin2', 'time_decades', 'tmax_latest', 'tmin_latest', 'tmax_mean3', 'tmin_mean3', 'tmax_mean7', 'tmin_mean7', 'tmax_sd7', 'tmin_sd7', 'tmax_trend7', 'tmin_trend7', 'observed_hot_run_length', 'rh_mean_latest', 'rh_mean_mean7', 'precipitation_latest', 'precipitation_sum7', 'wind_speed_mean_latest', 'wind_speed_mean_mean7', 'pressure_mean_latest', 'pressure_mean_mean7', 'cloud_cover_latest', 'cloud_cover_mean7', 'shortwave_radiation_latest', 'shortwave_radiation_mean7', 'soil_moisture_mean_latest', 'soil_moisture_mean_mean7']",['target_cos2'],[]
h3_2017_logistic_S1_metadata.json,fit,"{'model__penalty': 'l1', 'model__C': 1.0}",temporal_sigmoid,0.03089889094,0.2171177946,"['target_sin1', 'target_cos1', 'target_sin2', 'time_decades', 'tmax_latest', 'tmin_latest', 'tmax_mean3', 'tmin_mean3', 'tmax_mean7', 'tmin_mean7', 'tmax_sd7', 'tmin_sd7', 'tmax_trend7', 'tmin_trend7', 'observed_hot_run_length']",['target_cos2'],[]
h3_2017_logistic_S2_metadata.json,fit,"{'model__penalty': 'l2', 'model__C': 0.1}",temporal_sigmoid,0.02367089865,0.2063072409,"['target_sin1', 'target_cos1', 'target_sin2', 'time_decades', 'tmax_latest', 'tmin_latest', 'tmax_mean3', 'tmin_mean3', 'tmax_mean7', 'tmin_mean7', 'tmax_sd7', 'tmin_sd7', 'tmax_trend7', 'tmin_trend7', 'observed_hot_run_length', 'rh_mean_latest', 'rh_mean_mean7', 'precipitation_latest', 'precipitation_sum7', 'wind_speed_mean_latest', 'wind_speed_mean_mean7', 'pressure_mean_latest', 'pressure_mean_mean7', 'cloud_cover_latest', 'cloud_cover_mean7', 'shortwave_radiation_latest', 'shortwave_radiation_mean7', 'soil_moisture_mean_latest', 'soil_moisture_mean_mean7']",['target_cos2'],[]
h3_2017_s0_logistic_S0_metadata.json,fit,"{'model__penalty': 'l1', 'model__C': 0.03}",temporal_sigmoid,0.02687343358,0.1944348963,"['target_sin1', 'target_cos1', 'target_sin2', 'time_decades']",['target_cos2'],[]
h3_2017_weighted_rf_S1_metadata.json,fit,"{'model__min_samples_leaf': 12, 'model__max_features': 1.0, 'model__max_depth': None}",temporal_sigmoid,0.02532974424,0.3505225241,"['target_sin1', 'target_cos1', 'target_sin2', 'time_decades', 'tmax_latest', 'tmin_latest', 'tmax_mean3', 'tmin_mean3', 'tmax_mean7', 'tmin_mean7', 'tmax_sd7', 'tmin_sd7', 'tmax_trend7', 'tmin_trend7', 'observed_hot_run_length']",['target_cos2'],[]
h3_2017_weighted_rf_S2_metadata.json,fit,"{'model__min_samples_leaf': 12, 'model__max_features': 0.7, 'model__max_depth': None}",temporal_sigmoid,0.03599850806,0.1665979751,"['target_sin1', 'target_cos1', 'target_sin2', 'time_decades', 'tmax_latest', 'tmin_latest', 'tmax_mean3', 'tmin_mean3', 'tmax_mean7', 'tmin_mean7', 'tmax_sd7', 'tmin_sd7', 'tmax_trend7', 'tmin_trend7', 'observed_hot_run_length', 'rh_mean_latest', 'rh_mean_mean7', 'precipitation_latest', 'precipitation_sum7', 'wind_speed_mean_latest', 'wind_speed_mean_mean7', 'pressure_mean_latest', 'pressure_mean_mean7', 'cloud_cover_latest', 'cloud_cover_mean7', 'shortwave_radiation_latest', 'shortwave_radiation_mean7', 'soil_moisture_mean_latest', 'soil_moisture_mean_mean7']",['target_cos2'],[]
h3_2017_weighted_svc_S1_metadata.json,fit,"{'model__gamma': 0.1, 'model__C': 0.3}",temporal_sigmoid,0.02864415562,0.2718481863,"['target_sin1', 'target_cos1', 'target_sin2', 'time_decades', 'tmax_latest', 'tmin_latest', 'tmax_mean3', 'tmin_mean3', 'tmax_mean7', 'tmin_mean7', 'tmax_sd7', 'tmin_sd7', 'tmax_trend7', 'tmin_trend7', 'observed_hot_run_length']",['target_cos2'],[]
h3_2017_weighted_svc_S2_metadata.json,fit,"{'model__gamma': 0.03, 'model__C': 30.0}",temporal_sigmoid,0.01663492665,0.2453189851,"['target_sin1', 'target_cos1', 'target_sin2', 'time_decades', 'tmax_latest', 'tmin_latest', 'tmax_mean3', 'tmin_mean3', 'tmax_mean7', 'tmin_mean7', 'tmax_sd7', 'tmin_sd7', 'tmax_trend7', 'tmin_trend7', 'observed_hot_run_length', 'rh_mean_latest', 'rh_mean_mean7', 'precipitation_latest', 'precipitation_sum7', 'wind_speed_mean_latest', 'wind_speed_mean_mean7', 'pressure_mean_latest', 'pressure_mean_mean7', 'cloud_cover_latest', 'cloud_cover_mean7', 'shortwave_radiation_latest', 'shortwave_radiation_mean7', 'soil_moisture_mean_latest', 'soil_moisture_mean_mean7']",['target_cos2'],[]
h3_2017_xgboost_S1_metadata.json,fit,"{'model__subsample': 0.7, 'model__reg_lambda': 5.0, 'model__max_depth': 3, 'model__learning_rate': 0.07, 'model__colsample_bytree': 1.0}",temporal_sigmoid,0.02537128095,0.3384876166,"['target_sin1', 'target_cos1', 'target_sin2', 'time_decades', 'tmax_latest', 'tmin_latest', 'tmax_mean3', 'tmin_mean3', 'tmax_mean7', 'tmin_mean7', 'tmax_sd7', 'tmin_sd7', 'tmax_trend7', 'tmin_trend7', 'observed_hot_run_length']",['target_cos2'],[]
h3_2017_xgboost_S2_metadata.json,fit,"{'model__subsample': 0.7, 'model__reg_lambda': 10.0, 'model__max_depth': 2, 'model__learning_rate': 0.15, 'model__colsample_bytree': 0.7}",temporal_sigmoid,0.01410716824,0.2064286926,"['target_sin1', 'target_cos1', 'target_sin2', 'time_decades', 'tmax_latest', 'tmin_latest', 'tmax_mean3', 'tmin_mean3', 'tmax_mean7', 'tmin_mean7', 'tmax_sd7', 'tmin_sd7', 'tmax_trend7', 'tmin_trend7', 'observed_hot_run_length', 'rh_mean_latest', 'rh_mean_mean7', 'precipitation_latest', 'precipitation_sum7', 'wind_speed_mean_latest', 'wind_speed_mean_mean7', 'pressure_mean_latest', 'pressure_mean_mean7', 'cloud_cover_latest', 'cloud_cover_mean7', 'shortwave_radiation_latest', 'shortwave_radiation_mean7', 'soil_moisture_mean_latest', 'soil_moisture_mean_mean7']",['target_cos2'],[]
h3_2018_balanced_rf_S1_metadata.json,fit,"{'model__min_samples_leaf': 1, 'model__max_features': 0.7, 'model__max_depth': 8}",temporal_sigmoid,0.02728715098,0.3557361349,"['target_sin1', 'target_cos1', 'target_sin2', 'time_decades', 'tmax_latest', 'tmin_latest', 'tmax_mean3', 'tmin_mean3', 'tmax_mean7', 'tmin_mean7', 'tmax_sd7', 'tmin_sd7', 'tmax_trend7', 'tmin_trend7', 'observed_hot_run_length']",['target_cos2'],[]
h3_2018_balanced_rf_S2_metadata.json,fit,"{'model__min_samples_leaf': 3, 'model__max_features': 0.7, 'model__max_depth': None}",temporal_sigmoid,0.05582631861,0.2157399637,"['target_sin1', 'target_cos1', 'target_sin2', 'time_decades', 'tmax_latest', 'tmin_latest', 'tmax_mean3', 'tmin_mean3', 'tmax_mean7', 'tmin_mean7', 'tmax_sd7', 'tmin_sd7', 'tmax_trend7', 'tmin_trend7', 'observed_hot_run_length', 'rh_mean_latest', 'rh_mean_mean7', 'precipitation_latest', 'precipitation_sum7', 'wind_speed_mean_latest', 'wind_speed_mean_mean7', 'pressure_mean_latest', 'pressure_mean_mean7', 'cloud_cover_latest', 'cloud_cover_mean7', 'shortwave_radiation_latest', 'shortwave_radiation_mean7', 'soil_moisture_mean_latest', 'soil_moisture_mean_mean7']",['target_cos2'],[]
h3_2018_logistic_S1_metadata.json,fit,"{'model__penalty': 'l1', 'model__C': 3.0}",temporal_sigmoid,0.03664504581,0.2593682626,"['target_sin1', 'target_cos1', 'target_sin2', 'time_decades', 'tmax_latest', 'tmin_latest', 'tmax_mean3', 'tmin_mean3', 'tmax_mean7', 'tmin_mean7', 'tmax_sd7', 'tmin_sd7', 'tmax_trend7', 'tmin_trend7', 'observed_hot_run_length']",['target_cos2'],[]
h3_2018_logistic_S2_metadata.json,fit,"{'model__penalty': 'l1', 'model__C': 0.1}",temporal_sigmoid,0.03659821122,0.2742324377,"['target_sin1', 'target_cos1', 'target_sin2', 'time_decades', 'tmax_latest', 'tmin_latest', 'tmax_mean3', 'tmin_mean3', 'tmax_mean7', 'tmin_mean7', 'tmax_sd7', 'tmin_sd7', 'tmax_trend7', 'tmin_trend7', 'observed_hot_run_length', 'rh_mean_latest', 'rh_mean_mean7', 'precipitation_latest', 'precipitation_sum7', 'wind_speed_mean_latest', 'wind_speed_mean_mean7', 'pressure_mean_latest', 'pressure_mean_mean7', 'cloud_cover_latest', 'cloud_cover_mean7', 'shortwave_radiation_latest', 'shortwave_radiation_mean7', 'soil_moisture_mean_latest', 'soil_moisture_mean_mean7']",['target_cos2'],[]
h3_2018_s0_logistic_S0_metadata.json,fit,"{'model__penalty': 'l1', 'model__C': 0.1}",temporal_sigmoid,0.02811283972,0.3484281734,"['target_sin1', 'target_cos1', 'target_sin2', 'time_decades']",['target_cos2'],[]
h3_2018_weighted_rf_S1_metadata.json,fit,"{'model__min_samples_leaf': 7, 'model__max_features': 'sqrt', 'model__max_depth': 8}",temporal_sigmoid,0.03215725562,0.3266595424,"['target_sin1', 'target_cos1', 'target_sin2', 'time_decades', 'tmax_latest', 'tmin_latest', 'tmax_mean3', 'tmin_mean3', 'tmax_mean7', 'tmin_mean7', 'tmax_sd7', 'tmin_sd7', 'tmax_trend7', 'tmin_trend7', 'observed_hot_run_length']",['target_cos2'],[]
h3_2018_weighted_rf_S2_metadata.json,fit,"{'model__min_samples_leaf': 3, 'model__max_features': 1.0, 'model__max_depth': 3}",temporal_sigmoid,0.07329450922,0.1930549964,"['target_sin1', 'target_cos1', 'target_sin2', 'time_decades', 'tmax_latest', 'tmin_latest', 'tmax_mean3', 'tmin_mean3', 'tmax_mean7', 'tmin_mean7', 'tmax_sd7', 'tmin_sd7', 'tmax_trend7', 'tmin_trend7', 'observed_hot_run_length', 'rh_mean_latest', 'rh_mean_mean7', 'precipitation_latest', 'precipitation_sum7', 'wind_speed_mean_latest', 'wind_speed_mean_mean7', 'pressure_mean_latest', 'pressure_mean_mean7', 'cloud_cover_latest', 'cloud_cover_mean7', 'shortwave_radiation_latest', 'shortwave_radiation_mean7', 'soil_moisture_mean_latest', 'soil_moisture_mean_mean7']",['target_cos2'],[]
h3_2018_weighted_svc_S1_metadata.json,fit,"{'model__gamma': 'scale', 'model__C': 0.3}",temporal_sigmoid,0.02980069026,0.2919530542,"['target_sin1', 'target_cos1', 'target_sin2', 'time_decades', 'tmax_latest', 'tmin_latest', 'tmax_mean3', 'tmin_mean3', 'tmax_mean7', 'tmin_mean7', 'tmax_sd7', 'tmin_sd7', 'tmax_trend7', 'tmin_trend7', 'observed_hot_run_length']",['target_cos2'],[]
h3_2018_weighted_svc_S2_metadata.json,fit,"{'model__gamma': 0.01, 'model__C': 0.3}",temporal_sigmoid,0.0254224707,0.3023323439,"['target_sin1', 'target_cos1', 'target_sin2', 'time_decades', 'tmax_latest', 'tmin_latest', 'tmax_mean3', 'tmin_mean3', 'tmax_mean7', 'tmin_mean7', 'tmax_sd7', 'tmin_sd7', 'tmax_trend7', 'tmin_trend7', 'observed_hot_run_length', 'rh_mean_latest', 'rh_mean_mean7', 'precipitation_latest', 'precipitation_sum7', 'wind_speed_mean_latest', 'wind_speed_mean_mean7', 'pressure_mean_latest', 'pressure_mean_mean7', 'cloud_cover_latest', 'cloud_cover_mean7', 'shortwave_radiation_latest', 'shortwave_radiation_mean7', 'soil_moisture_mean_latest', 'soil_moisture_mean_mean7']",['target_cos2'],[]
h3_2018_xgboost_S1_metadata.json,fit,"{'model__subsample': 1.0, 'model__reg_lambda': 10.0, 'model__max_depth': 3, 'model__learning_rate': 0.15, 'model__colsample_bytree': 0.7}",temporal_sigmoid,0.0234611792,0.3084572081,"['target_sin1', 'target_cos1', 'target_sin2', 'time_decades', 'tmax_latest', 'tmin_latest', 'tmax_mean3', 'tmin_mean3', 'tmax_mean7', 'tmin_mean7', 'tmax_sd7', 'tmin_sd7', 'tmax_trend7', 'tmin_trend7', 'observed_hot_run_length']",['target_cos2'],[]
h3_2018_xgboost_S2_metadata.json,fit,"{'model__subsample': 1.0, 'model__reg_lambda': 10.0, 'model__max_depth': 3, 'model__learning_rate': 0.15, 'model__colsample_bytree': 0.7}",temporal_sigmoid,0.04388581151,0.2538289596,"['target_sin1', 'target_cos1', 'target_sin2', 'time_decades', 'tmax_latest', 'tmin_latest', 'tmax_mean3', 'tmin_mean3', 'tmax_mean7', 'tmin_mean7', 'tmax_sd7', 'tmin_sd7', 'tmax_trend7', 'tmin_trend7', 'observed_hot_run_length', 'rh_mean_latest', 'rh_mean_mean7', 'precipitation_latest', 'precipitation_sum7', 'wind_speed_mean_latest', 'wind_speed_mean_mean7', 'pressure_mean_latest', 'pressure_mean_mean7', 'cloud_cover_latest', 'cloud_cover_mean7', 'shortwave_radiation_latest', 'shortwave_radiation_mean7', 'soil_moisture_mean_latest', 'soil_moisture_mean_mean7']",['target_cos2'],[]
h3_2019_balanced_rf_S1_metadata.json,fit,"{'model__min_samples_leaf': 1, 'model__max_features': 'sqrt', 'model__max_depth': None}",temporal_sigmoid,0.02933874704,0.3685274981,"['target_sin1', 'target_cos1', 'target_sin2', 'time_decades', 'tmax_latest', 'tmin_latest', 'tmax_mean3', 'tmin_mean3', 'tmax_mean7', 'tmin_mean7', 'tmax_sd7', 'tmin_sd7', 'tmax_trend7', 'tmin_trend7', 'observed_hot_run_length']",['target_cos2'],[]
h3_2019_balanced_rf_S2_metadata.json,fit,"{'model__min_samples_leaf': 12, 'model__max_features': 0.7, 'model__max_depth': 5}",temporal_sigmoid,0.02048759204,0.2076111029,"['target_sin1', 'target_cos1', 'target_sin2', 'time_decades', 'tmax_latest', 'tmin_latest', 'tmax_mean3', 'tmin_mean3', 'tmax_mean7', 'tmin_mean7', 'tmax_sd7', 'tmin_sd7', 'tmax_trend7', 'tmin_trend7', 'observed_hot_run_length', 'rh_mean_latest', 'rh_mean_mean7', 'precipitation_latest', 'precipitation_sum7', 'wind_speed_mean_latest', 'wind_speed_mean_mean7', 'pressure_mean_latest', 'pressure_mean_mean7', 'cloud_cover_latest', 'cloud_cover_mean7', 'shortwave_radiation_latest', 'shortwave_radiation_mean7', 'soil_moisture_mean_latest', 'soil_moisture_mean_mean7']",['target_cos2'],[]
h3_2019_logistic_S1_metadata.json,fit,"{'model__penalty': 'l1', 'model__C': 1.0}",temporal_sigmoid,0.03764299362,0.2082406305,"['target_sin1', 'target_cos1', 'target_sin2', 'time_decades', 'tmax_latest', 'tmin_latest', 'tmax_mean3', 'tmin_mean3', 'tmax_mean7', 'tmin_mean7', 'tmax_sd7', 'tmin_sd7', 'tmax_trend7', 'tmin_trend7', 'observed_hot_run_length']",['target_cos2'],[]
h3_2019_logistic_S2_metadata.json,fit,"{'model__penalty': 'l2', 'model__C': 0.01}",temporal_sigmoid,0.0227895989,0.2772069802,"['target_sin1', 'target_cos1', 'target_sin2', 'time_decades', 'tmax_latest', 'tmin_latest', 'tmax_mean3', 'tmin_mean3', 'tmax_mean7', 'tmin_mean7', 'tmax_sd7', 'tmin_sd7', 'tmax_trend7', 'tmin_trend7', 'observed_hot_run_length', 'rh_mean_latest', 'rh_mean_mean7', 'precipitation_latest', 'precipitation_sum7', 'wind_speed_mean_latest', 'wind_speed_mean_mean7', 'pressure_mean_latest', 'pressure_mean_mean7', 'cloud_cover_latest', 'cloud_cover_mean7', 'shortwave_radiation_latest', 'shortwave_radiation_mean7', 'soil_moisture_mean_latest', 'soil_moisture_mean_mean7']",['target_cos2'],[]
h3_2019_s0_logistic_S0_metadata.json,fit,"{'model__penalty': 'l2', 'model__C': 0.03}",temporal_sigmoid,0.02387711339,0.1149330634,"['target_sin1', 'target_cos1', 'target_sin2', 'time_decades']",['target_cos2'],[]
h3_2019_weighted_rf_S1_metadata.json,fit,"{'model__min_samples_leaf': 3, 'model__max_features': 'sqrt', 'model__max_depth': 8}",temporal_sigmoid,0.04043664055,0.3048457406,"['target_sin1', 'target_cos1', 'target_sin2', 'time_decades', 'tmax_latest', 'tmin_latest', 'tmax_mean3', 'tmin_mean3', 'tmax_mean7', 'tmin_mean7', 'tmax_sd7', 'tmin_sd7', 'tmax_trend7', 'tmin_trend7', 'observed_hot_run_length']",['target_cos2'],[]
h3_2019_weighted_rf_S2_metadata.json,fit,"{'model__min_samples_leaf': 1, 'model__max_features': 'sqrt', 'model__max_depth': 3}",temporal_sigmoid,0.01626375174,0.223605283,"['target_sin1', 'target_cos1', 'target_sin2', 'time_decades', 'tmax_latest', 'tmin_latest', 'tmax_mean3', 'tmin_mean3', 'tmax_mean7', 'tmin_mean7', 'tmax_sd7', 'tmin_sd7', 'tmax_trend7', 'tmin_trend7', 'observed_hot_run_length', 'rh_mean_latest', 'rh_mean_mean7', 'precipitation_latest', 'precipitation_sum7', 'wind_speed_mean_latest', 'wind_speed_mean_mean7', 'pressure_mean_latest', 'pressure_mean_mean7', 'cloud_cover_latest', 'cloud_cover_mean7', 'shortwave_radiation_latest', 'shortwave_radiation_mean7', 'soil_moisture_mean_latest', 'soil_moisture_mean_mean7']",['target_cos2'],[]
h3_2019_weighted_svc_S1_metadata.json,fit,"{'model__gamma': 0.1, 'model__C': 1.0}",temporal_sigmoid,0.03840727541,0.3401958012,"['target_sin1', 'target_cos1', 'target_sin2', 'time_decades', 'tmax_latest', 'tmin_latest', 'tmax_mean3', 'tmin_mean3', 'tmax_mean7', 'tmin_mean7', 'tmax_sd7', 'tmin_sd7', 'tmax_trend7', 'tmin_trend7', 'observed_hot_run_length']",['target_cos2'],[]
h3_2019_weighted_svc_S2_metadata.json,fit,"{'model__gamma': 0.01, 'model__C': 0.3}",temporal_sigmoid,0.01541864744,0.2555729096,"['target_sin1', 'target_cos1', 'target_sin2', 'time_decades', 'tmax_latest', 'tmin_latest', 'tmax_mean3', 'tmin_mean3', 'tmax_mean7', 'tmin_mean7', 'tmax_sd7', 'tmin_sd7', 'tmax_trend7', 'tmin_trend7', 'observed_hot_run_length', 'rh_mean_latest', 'rh_mean_mean7', 'precipitation_latest', 'precipitation_sum7', 'wind_speed_mean_latest', 'wind_speed_mean_mean7', 'pressure_mean_latest', 'pressure_mean_mean7', 'cloud_cover_latest', 'cloud_cover_mean7', 'shortwave_radiation_latest', 'shortwave_radiation_mean7', 'soil_moisture_mean_latest', 'soil_moisture_mean_mean7']",['target_cos2'],[]
h3_2019_xgboost_S1_metadata.json,fit,"{'model__subsample': 1.0, 'model__reg_lambda': 5.0, 'model__max_depth': 4, 'model__learning_rate': 0.15, 'model__colsample_bytree': 0.7}",temporal_sigmoid,0.01467706283,0.4324127977,"['target_sin1', 'target_cos1', 'target_sin2', 'time_decades', 'tmax_latest', 'tmin_latest', 'tmax_mean3', 'tmin_mean3', 'tmax_mean7', 'tmin_mean7', 'tmax_sd7', 'tmin_sd7', 'tmax_trend7', 'tmin_trend7', 'observed_hot_run_length']",['target_cos2'],[]
h3_2019_xgboost_S2_metadata.json,fit,"{'model__subsample': 0.7, 'model__reg_lambda': 10.0, 'model__max_depth': 3, 'model__learning_rate': 0.15, 'model__colsample_bytree': 1.0}",temporal_sigmoid,0.02665912027,0.2884119188,"['target_sin1', 'target_cos1', 'target_sin2', 'time_decades', 'tmax_latest', 'tmin_latest', 'tmax_mean3', 'tmin_mean3', 'tmax_mean7', 'tmin_mean7', 'tmax_sd7', 'tmin_sd7', 'tmax_trend7', 'tmin_trend7', 'observed_hot_run_length', 'rh_mean_latest', 'rh_mean_mean7', 'precipitation_latest', 'precipitation_sum7', 'wind_speed_mean_latest', 'wind_speed_mean_mean7', 'pressure_mean_latest', 'pressure_mean_mean7', 'cloud_cover_latest', 'cloud_cover_mean7', 'shortwave_radiation_latest', 'shortwave_radiation_mean7', 'soil_moisture_mean_latest', 'soil_moisture_mean_mean7']",['target_cos2'],[]
h3_2020_balanced_rf_S1_metadata.json,fit,"{'model__min_samples_leaf': 7, 'model__max_features': 0.7, 'model__max_depth': 3}",temporal_sigmoid,0.04649741485,0.2999219597,"['target_sin1', 'target_cos1', 'target_sin2', 'time_decades', 'tmax_latest', 'tmin_latest', 'tmax_mean3', 'tmin_mean3', 'tmax_mean7', 'tmin_mean7', 'tmax_sd7', 'tmin_sd7', 'tmax_trend7', 'tmin_trend7', 'observed_hot_run_length']",['target_cos2'],[]
h3_2020_balanced_rf_S2_metadata.json,fit,"{'model__min_samples_leaf': 1, 'model__max_features': 'sqrt', 'model__max_depth': 3}",temporal_sigmoid,0.02373526219,0.2208912921,"['target_sin1', 'target_cos1', 'target_sin2', 'time_decades', 'tmax_latest', 'tmin_latest', 'tmax_mean3', 'tmin_mean3', 'tmax_mean7', 'tmin_mean7', 'tmax_sd7', 'tmin_sd7', 'tmax_trend7', 'tmin_trend7', 'observed_hot_run_length', 'rh_mean_latest', 'rh_mean_mean7', 'precipitation_latest', 'precipitation_sum7', 'wind_speed_mean_latest', 'wind_speed_mean_mean7', 'pressure_mean_latest', 'pressure_mean_mean7', 'cloud_cover_latest', 'cloud_cover_mean7', 'shortwave_radiation_latest', 'shortwave_radiation_mean7', 'soil_moisture_mean_latest', 'soil_moisture_mean_mean7']",['target_cos2'],[]
h3_2020_logistic_S1_metadata.json,fit,"{'model__penalty': 'l2', 'model__C': 1.0}",temporal_sigmoid,0.03821465895,0.2488419035,"['target_sin1', 'target_cos1', 'target_sin2', 'time_decades', 'tmax_latest', 'tmin_latest', 'tmax_mean3', 'tmin_mean3', 'tmax_mean7', 'tmin_mean7', 'tmax_sd7', 'tmin_sd7', 'tmax_trend7', 'tmin_trend7', 'observed_hot_run_length']",['target_cos2'],[]
h3_2020_logistic_S2_metadata.json,fit,"{'model__penalty': 'l2', 'model__C': 0.3}",temporal_sigmoid,0.02598767772,0.2131157757,"['target_sin1', 'target_cos1', 'target_sin2', 'time_decades', 'tmax_latest', 'tmin_latest', 'tmax_mean3', 'tmin_mean3', 'tmax_mean7', 'tmin_mean7', 'tmax_sd7', 'tmin_sd7', 'tmax_trend7', 'tmin_trend7', 'observed_hot_run_length', 'rh_mean_latest', 'rh_mean_mean7', 'precipitation_latest', 'precipitation_sum7', 'wind_speed_mean_latest', 'wind_speed_mean_mean7', 'pressure_mean_latest', 'pressure_mean_mean7', 'cloud_cover_latest', 'cloud_cover_mean7', 'shortwave_radiation_latest', 'shortwave_radiation_mean7', 'soil_moisture_mean_latest', 'soil_moisture_mean_mean7']",['target_cos2'],[]
h3_2020_s0_logistic_S0_metadata.json,fit,"{'model__penalty': 'l2', 'model__C': 0.01}",temporal_sigmoid,0.02328452446,0.3461326907,"['target_sin1', 'target_cos1', 'target_sin2', 'time_decades']",['target_cos2'],[]
h3_2020_weighted_rf_S1_metadata.json,fit,"{'model__min_samples_leaf': 1, 'model__max_features': 'sqrt', 'model__max_depth': 3}",temporal_sigmoid,0.02464386065,0.2431344918,"['target_sin1', 'target_cos1', 'target_sin2', 'time_decades', 'tmax_latest', 'tmin_latest', 'tmax_mean3', 'tmin_mean3', 'tmax_mean7', 'tmin_mean7', 'tmax_sd7', 'tmin_sd7', 'tmax_trend7', 'tmin_trend7', 'observed_hot_run_length']",['target_cos2'],[]
h3_2020_weighted_rf_S2_metadata.json,fit,"{'model__min_samples_leaf': 12, 'model__max_features': 'sqrt', 'model__max_depth': 3}",temporal_sigmoid,0.0152430062,0.2186109047,"['target_sin1', 'target_cos1', 'target_sin2', 'time_decades', 'tmax_latest', 'tmin_latest', 'tmax_mean3', 'tmin_mean3', 'tmax_mean7', 'tmin_mean7', 'tmax_sd7', 'tmin_sd7', 'tmax_trend7', 'tmin_trend7', 'observed_hot_run_length', 'rh_mean_latest', 'rh_mean_mean7', 'precipitation_latest', 'precipitation_sum7', 'wind_speed_mean_latest', 'wind_speed_mean_mean7', 'pressure_mean_latest', 'pressure_mean_mean7', 'cloud_cover_latest', 'cloud_cover_mean7', 'shortwave_radiation_latest', 'shortwave_radiation_mean7', 'soil_moisture_mean_latest', 'soil_moisture_mean_mean7']",['target_cos2'],[]
h3_2020_weighted_svc_S1_metadata.json,fit,"{'model__gamma': 0.3, 'model__C': 0.1}",temporal_sigmoid,0.01881661212,0.301859931,"['target_sin1', 'target_cos1', 'target_sin2', 'time_decades', 'tmax_latest', 'tmin_latest', 'tmax_mean3', 'tmin_mean3', 'tmax_mean7', 'tmin_mean7', 'tmax_sd7', 'tmin_sd7', 'tmax_trend7', 'tmin_trend7', 'observed_hot_run_length']",['target_cos2'],[]
h3_2020_weighted_svc_S2_metadata.json,fit,"{'model__gamma': 0.01, 'model__C': 0.3}",temporal_sigmoid,0.01558024094,0.2079940979,"['target_sin1', 'target_cos1', 'target_sin2', 'time_decades', 'tmax_latest', 'tmin_latest', 'tmax_mean3', 'tmin_mean3', 'tmax_mean7', 'tmin_mean7', 'tmax_sd7', 'tmin_sd7', 'tmax_trend7', 'tmin_trend7', 'observed_hot_run_length', 'rh_mean_latest', 'rh_mean_mean7', 'precipitation_latest', 'precipitation_sum7', 'wind_speed_mean_latest', 'wind_speed_mean_mean7', 'pressure_mean_latest', 'pressure_mean_mean7', 'cloud_cover_latest', 'cloud_cover_mean7', 'shortwave_radiation_latest', 'shortwave_radiation_mean7', 'soil_moisture_mean_latest', 'soil_moisture_mean_mean7']",['target_cos2'],[]
h3_2020_xgboost_S1_metadata.json,fit,"{'model__subsample': 0.7, 'model__reg_lambda': 1.0, 'model__max_depth': 4, 'model__learning_rate': 0.07, 'model__colsample_bytree': 1.0}",temporal_sigmoid,0.01802877737,0.3401997707,"['target_sin1', 'target_cos1', 'target_sin2', 'time_decades', 'tmax_latest', 'tmin_latest', 'tmax_mean3', 'tmin_mean3', 'tmax_mean7', 'tmin_mean7', 'tmax_sd7', 'tmin_sd7', 'tmax_trend7', 'tmin_trend7', 'observed_hot_run_length']",['target_cos2'],[]
h3_2020_xgboost_S2_metadata.json,fit,"{'model__subsample': 0.7, 'model__reg_lambda': 10.0, 'model__max_depth': 3, 'model__learning_rate': 0.15, 'model__colsample_bytree': 0.7}",temporal_sigmoid,0.01885720561,0.2223721285,"['target_sin1', 'target_cos1', 'target_sin2', 'time_decades', 'tmax_latest', 'tmin_latest', 'tmax_mean3', 'tmin_mean3', 'tmax_mean7', 'tmin_mean7', 'tmax_sd7', 'tmin_sd7', 'tmax_trend7', 'tmin_trend7', 'observed_hot_run_length', 'rh_mean_latest', 'rh_mean_mean7', 'precipitation_latest', 'precipitation_sum7', 'wind_speed_mean_latest', 'wind_speed_mean_mean7', 'pressure_mean_latest', 'pressure_mean_mean7', 'cloud_cover_latest', 'cloud_cover_mean7', 'shortwave_radiation_latest', 'shortwave_radiation_mean7', 'soil_moisture_mean_latest', 'soil_moisture_mean_mean7']",['target_cos2'],[]
h3_2021_balanced_rf_S1_metadata.json,fit,"{'model__min_samples_leaf': 3, 'model__max_features': 1.0, 'model__max_depth': None}",temporal_sigmoid,0.04572133991,0.3548805976,"['target_sin1', 'target_cos1', 'target_sin2', 'time_decades', 'tmax_latest', 'tmin_latest', 'tmax_mean3', 'tmin_mean3', 'tmax_mean7', 'tmin_mean7', 'tmax_sd7', 'tmin_sd7', 'tmax_trend7', 'tmin_trend7', 'observed_hot_run_length']",['target_cos2'],[]
h3_2021_balanced_rf_S2_metadata.json,fit,"{'model__min_samples_leaf': 7, 'model__max_features': 0.7, 'model__max_depth': 3}",temporal_sigmoid,0.02030883143,0.1877926229,"['target_sin1', 'target_cos1', 'target_sin2', 'time_decades', 'tmax_latest', 'tmin_latest', 'tmax_mean3', 'tmin_mean3', 'tmax_mean7', 'tmin_mean7', 'tmax_sd7', 'tmin_sd7', 'tmax_trend7', 'tmin_trend7', 'observed_hot_run_length', 'rh_mean_latest', 'rh_mean_mean7', 'precipitation_latest', 'precipitation_sum7', 'wind_speed_mean_latest', 'wind_speed_mean_mean7', 'pressure_mean_latest', 'pressure_mean_mean7', 'cloud_cover_latest', 'cloud_cover_mean7', 'shortwave_radiation_latest', 'shortwave_radiation_mean7', 'soil_moisture_mean_latest', 'soil_moisture_mean_mean7']",['target_cos2'],[]
h3_2021_logistic_S1_metadata.json,fit,"{'model__penalty': 'l2', 'model__C': 3.0}",temporal_sigmoid,0.01995856436,0.2404749199,"['target_sin1', 'target_cos1', 'target_sin2', 'time_decades', 'tmax_latest', 'tmin_latest', 'tmax_mean3', 'tmin_mean3', 'tmax_mean7', 'tmin_mean7', 'tmax_sd7', 'tmin_sd7', 'tmax_trend7', 'tmin_trend7', 'observed_hot_run_length']",['target_cos2'],[]
h3_2021_logistic_S2_metadata.json,fit,"{'model__penalty': 'l2', 'model__C': 0.1}",temporal_sigmoid,0.01887092401,0.2559900364,"['target_sin1', 'target_cos1', 'target_sin2', 'time_decades', 'tmax_latest', 'tmin_latest', 'tmax_mean3', 'tmin_mean3', 'tmax_mean7', 'tmin_mean7', 'tmax_sd7', 'tmin_sd7', 'tmax_trend7', 'tmin_trend7', 'observed_hot_run_length', 'rh_mean_latest', 'rh_mean_mean7', 'precipitation_latest', 'precipitation_sum7', 'wind_speed_mean_latest', 'wind_speed_mean_mean7', 'pressure_mean_latest', 'pressure_mean_mean7', 'cloud_cover_latest', 'cloud_cover_mean7', 'shortwave_radiation_latest', 'shortwave_radiation_mean7', 'soil_moisture_mean_latest', 'soil_moisture_mean_mean7']",['target_cos2'],[]
h3_2021_s0_logistic_S0_metadata.json,fit,"{'model__penalty': 'l1', 'model__C': 0.03}",temporal_sigmoid,0.02427176907,0.2682094521,"['target_sin1', 'target_cos1', 'target_sin2', 'time_decades']",['target_cos2'],[]
h3_2021_weighted_rf_S1_metadata.json,fit,"{'model__min_samples_leaf': 7, 'model__max_features': 'sqrt', 'model__max_depth': 5}",temporal_sigmoid,0.02974233608,0.2913515336,"['target_sin1', 'target_cos1', 'target_sin2', 'time_decades', 'tmax_latest', 'tmin_latest', 'tmax_mean3', 'tmin_mean3', 'tmax_mean7', 'tmin_mean7', 'tmax_sd7', 'tmin_sd7', 'tmax_trend7', 'tmin_trend7', 'observed_hot_run_length']",['target_cos2'],[]
h3_2021_weighted_rf_S2_metadata.json,fit,"{'model__min_samples_leaf': 12, 'model__max_features': 'sqrt', 'model__max_depth': 3}",temporal_sigmoid,0.01952419683,0.1335239284,"['target_sin1', 'target_cos1', 'target_sin2', 'time_decades', 'tmax_latest', 'tmin_latest', 'tmax_mean3', 'tmin_mean3', 'tmax_mean7', 'tmin_mean7', 'tmax_sd7', 'tmin_sd7', 'tmax_trend7', 'tmin_trend7', 'observed_hot_run_length', 'rh_mean_latest', 'rh_mean_mean7', 'precipitation_latest', 'precipitation_sum7', 'wind_speed_mean_latest', 'wind_speed_mean_mean7', 'pressure_mean_latest', 'pressure_mean_mean7', 'cloud_cover_latest', 'cloud_cover_mean7', 'shortwave_radiation_latest', 'shortwave_radiation_mean7', 'soil_moisture_mean_latest', 'soil_moisture_mean_mean7']",['target_cos2'],[]
h3_2021_weighted_svc_S1_metadata.json,fit,"{'model__gamma': 0.1, 'model__C': 0.1}",temporal_sigmoid,0.01472926866,0.3138054346,"['target_sin1', 'target_cos1', 'target_sin2', 'time_decades', 'tmax_latest', 'tmin_latest', 'tmax_mean3', 'tmin_mean3', 'tmax_mean7', 'tmin_mean7', 'tmax_sd7', 'tmin_sd7', 'tmax_trend7', 'tmin_trend7', 'observed_hot_run_length']",['target_cos2'],[]
h3_2021_weighted_svc_S2_metadata.json,fit,"{'model__gamma': 0.01, 'model__C': 0.1}",temporal_sigmoid,0.02212343087,0.2046266194,"['target_sin1', 'target_cos1', 'target_sin2', 'time_decades', 'tmax_latest', 'tmin_latest', 'tmax_mean3', 'tmin_mean3', 'tmax_mean7', 'tmin_mean7', 'tmax_sd7', 'tmin_sd7', 'tmax_trend7', 'tmin_trend7', 'observed_hot_run_length', 'rh_mean_latest', 'rh_mean_mean7', 'precipitation_latest', 'precipitation_sum7', 'wind_speed_mean_latest', 'wind_speed_mean_mean7', 'pressure_mean_latest', 'pressure_mean_mean7', 'cloud_cover_latest', 'cloud_cover_mean7', 'shortwave_radiation_latest', 'shortwave_radiation_mean7', 'soil_moisture_mean_latest', 'soil_moisture_mean_mean7']",['target_cos2'],[]
h3_2021_xgboost_S1_metadata.json,fit,"{'model__subsample': 0.7, 'model__reg_lambda': 1.0, 'model__max_depth': 3, 'model__learning_rate': 0.15, 'model__colsample_bytree': 0.7}",temporal_sigmoid,0.01733113685,0.3585192023,"['target_sin1', 'target_cos1', 'target_sin2', 'time_decades', 'tmax_latest', 'tmin_latest', 'tmax_mean3', 'tmin_mean3', 'tmax_mean7', 'tmin_mean7', 'tmax_sd7', 'tmin_sd7', 'tmax_trend7', 'tmin_trend7', 'observed_hot_run_length']",['target_cos2'],[]
h3_2021_xgboost_S2_metadata.json,fit,"{'model__subsample': 0.9, 'model__reg_lambda': 10.0, 'model__max_depth': 2, 'model__learning_rate': 0.07, 'model__colsample_bytree': 1.0}",temporal_sigmoid,0.01019041107,0.1485458194,"['target_sin1', 'target_cos1', 'target_sin2', 'time_decades', 'tmax_latest', 'tmin_latest', 'tmax_mean3', 'tmin_mean3', 'tmax_mean7', 'tmin_mean7', 'tmax_sd7', 'tmin_sd7', 'tmax_trend7', 'tmin_trend7', 'observed_hot_run_length', 'rh_mean_latest', 'rh_mean_mean7', 'precipitation_latest', 'precipitation_sum7', 'wind_speed_mean_latest', 'wind_speed_mean_mean7', 'pressure_mean_latest', 'pressure_mean_mean7', 'cloud_cover_latest', 'cloud_cover_mean7', 'shortwave_radiation_latest', 'shortwave_radiation_mean7', 'soil_moisture_mean_latest', 'soil_moisture_mean_mean7']",['target_cos2'],[]
h3_2022_balanced_rf_S1_metadata.json,fit,"{'model__min_samples_leaf': 1, 'model__max_features': 1.0, 'model__max_depth': 8}",temporal_sigmoid,0.03766183411,0.3082930715,"['target_sin1', 'target_cos1', 'target_sin2', 'time_decades', 'tmax_latest', 'tmin_latest', 'tmax_mean3', 'tmin_mean3', 'tmax_mean7', 'tmin_mean7', 'tmax_sd7', 'tmin_sd7', 'tmax_trend7', 'tmin_trend7', 'observed_hot_run_length']",['target_cos2'],[]
h3_2022_balanced_rf_S2_metadata.json,fit,"{'model__min_samples_leaf': 7, 'model__max_features': 'sqrt', 'model__max_depth': 5}",temporal_sigmoid,0.03231675907,0.2252913669,"['target_sin1', 'target_cos1', 'target_sin2', 'time_decades', 'tmax_latest', 'tmin_latest', 'tmax_mean3', 'tmin_mean3', 'tmax_mean7', 'tmin_mean7', 'tmax_sd7', 'tmin_sd7', 'tmax_trend7', 'tmin_trend7', 'observed_hot_run_length', 'rh_mean_latest', 'rh_mean_mean7', 'precipitation_latest', 'precipitation_sum7', 'wind_speed_mean_latest', 'wind_speed_mean_mean7', 'pressure_mean_latest', 'pressure_mean_mean7', 'cloud_cover_latest', 'cloud_cover_mean7', 'shortwave_radiation_latest', 'shortwave_radiation_mean7', 'soil_moisture_mean_latest', 'soil_moisture_mean_mean7']",['target_cos2'],[]
h3_2022_logistic_S1_metadata.json,fit,"{'model__penalty': 'l1', 'model__C': 10.0}",temporal_sigmoid,0.02420844223,0.2394909651,"['target_sin1', 'target_cos1', 'target_sin2', 'time_decades', 'tmax_latest', 'tmin_latest', 'tmax_mean3', 'tmin_mean3', 'tmax_mean7', 'tmin_mean7', 'tmax_sd7', 'tmin_sd7', 'tmax_trend7', 'tmin_trend7', 'observed_hot_run_length']",['target_cos2'],[]
h3_2022_logistic_S2_metadata.json,fit,"{'model__penalty': 'l1', 'model__C': 0.1}",temporal_sigmoid,0.0339296351,0.2826700099,"['target_sin1', 'target_cos1', 'target_sin2', 'time_decades', 'tmax_latest', 'tmin_latest', 'tmax_mean3', 'tmin_mean3', 'tmax_mean7', 'tmin_mean7', 'tmax_sd7', 'tmin_sd7', 'tmax_trend7', 'tmin_trend7', 'observed_hot_run_length', 'rh_mean_latest', 'rh_mean_mean7', 'precipitation_latest', 'precipitation_sum7', 'wind_speed_mean_latest', 'wind_speed_mean_mean7', 'pressure_mean_latest', 'pressure_mean_mean7', 'cloud_cover_latest', 'cloud_cover_mean7', 'shortwave_radiation_latest', 'shortwave_radiation_mean7', 'soil_moisture_mean_latest', 'soil_moisture_mean_mean7']",['target_cos2'],[]
h3_2022_s0_logistic_S0_metadata.json,fit,"{'model__penalty': 'l1', 'model__C': 0.1}",temporal_sigmoid,0.03285722139,0.3408514788,"['target_sin1', 'target_cos1', 'target_sin2', 'time_decades']",['target_cos2'],[]
h3_2022_weighted_rf_S1_metadata.json,fit,"{'model__min_samples_leaf': 3, 'model__max_features': 'sqrt', 'model__max_depth': 8}",temporal_sigmoid,0.02829563894,0.3507823614,"['target_sin1', 'target_cos1', 'target_sin2', 'time_decades', 'tmax_latest', 'tmin_latest', 'tmax_mean3', 'tmin_mean3', 'tmax_mean7', 'tmin_mean7', 'tmax_sd7', 'tmin_sd7', 'tmax_trend7', 'tmin_trend7', 'observed_hot_run_length']",['target_cos2'],[]
h3_2022_weighted_rf_S2_metadata.json,fit,"{'model__min_samples_leaf': 12, 'model__max_features': 0.7, 'model__max_depth': 8}",temporal_sigmoid,0.02043809856,0.1637490739,"['target_sin1', 'target_cos1', 'target_sin2', 'time_decades', 'tmax_latest', 'tmin_latest', 'tmax_mean3', 'tmin_mean3', 'tmax_mean7', 'tmin_mean7', 'tmax_sd7', 'tmin_sd7', 'tmax_trend7', 'tmin_trend7', 'observed_hot_run_length', 'rh_mean_latest', 'rh_mean_mean7', 'precipitation_latest', 'precipitation_sum7', 'wind_speed_mean_latest', 'wind_speed_mean_mean7', 'pressure_mean_latest', 'pressure_mean_mean7', 'cloud_cover_latest', 'cloud_cover_mean7', 'shortwave_radiation_latest', 'shortwave_radiation_mean7', 'soil_moisture_mean_latest', 'soil_moisture_mean_mean7']",['target_cos2'],[]
h3_2022_weighted_svc_S1_metadata.json,fit,"{'model__gamma': 'scale', 'model__C': 0.3}",temporal_sigmoid,0.01535151522,0.2901948094,"['target_sin1', 'target_cos1', 'target_sin2', 'time_decades', 'tmax_latest', 'tmin_latest', 'tmax_mean3', 'tmin_mean3', 'tmax_mean7', 'tmin_mean7', 'tmax_sd7', 'tmin_sd7', 'tmax_trend7', 'tmin_trend7', 'observed_hot_run_length']",['target_cos2'],[]
h3_2022_weighted_svc_S2_metadata.json,fit,"{'model__gamma': 0.01, 'model__C': 0.3}",temporal_sigmoid,0.04168071509,0.3143273141,"['target_sin1', 'target_cos1', 'target_sin2', 'time_decades', 'tmax_latest', 'tmin_latest', 'tmax_mean3', 'tmin_mean3', 'tmax_mean7', 'tmin_mean7', 'tmax_sd7', 'tmin_sd7', 'tmax_trend7', 'tmin_trend7', 'observed_hot_run_length', 'rh_mean_latest', 'rh_mean_mean7', 'precipitation_latest', 'precipitation_sum7', 'wind_speed_mean_latest', 'wind_speed_mean_mean7', 'pressure_mean_latest', 'pressure_mean_mean7', 'cloud_cover_latest', 'cloud_cover_mean7', 'shortwave_radiation_latest', 'shortwave_radiation_mean7', 'soil_moisture_mean_latest', 'soil_moisture_mean_mean7']",['target_cos2'],[]
h3_2022_xgboost_S1_metadata.json,fit,"{'model__subsample': 1.0, 'model__reg_lambda': 10.0, 'model__max_depth': 4, 'model__learning_rate': 0.15, 'model__colsample_bytree': 0.7}",temporal_sigmoid,0.02150659841,0.3234836547,"['target_sin1', 'target_cos1', 'target_sin2', 'time_decades', 'tmax_latest', 'tmin_latest', 'tmax_mean3', 'tmin_mean3', 'tmax_mean7', 'tmin_mean7', 'tmax_sd7', 'tmin_sd7', 'tmax_trend7', 'tmin_trend7', 'observed_hot_run_length']",['target_cos2'],[]
h3_2022_xgboost_S2_metadata.json,fit,"{'model__subsample': 1.0, 'model__reg_lambda': 10.0, 'model__max_depth': 4, 'model__learning_rate': 0.15, 'model__colsample_bytree': 0.7}",temporal_sigmoid,0.01141937558,0.246039191,"['target_sin1', 'target_cos1', 'target_sin2', 'time_decades', 'tmax_latest', 'tmin_latest', 'tmax_mean3', 'tmin_mean3', 'tmax_mean7', 'tmin_mean7', 'tmax_sd7', 'tmin_sd7', 'tmax_trend7', 'tmin_trend7', 'observed_hot_run_length', 'rh_mean_latest', 'rh_mean_mean7', 'precipitation_latest', 'precipitation_sum7', 'wind_speed_mean_latest', 'wind_speed_mean_mean7', 'pressure_mean_latest', 'pressure_mean_mean7', 'cloud_cover_latest', 'cloud_cover_mean7', 'shortwave_radiation_latest', 'shortwave_radiation_mean7', 'soil_moisture_mean_latest', 'soil_moisture_mean_mean7']",['target_cos2'],[]
h3_2023_balanced_rf_S1_metadata.json,fit,"{'model__min_samples_leaf': 1, 'model__max_features': 0.7, 'model__max_depth': 8}",temporal_sigmoid,0.03461582814,0.3223768875,"['target_sin1', 'target_cos1', 'target_sin2', 'time_decades', 'tmax_latest', 'tmin_latest', 'tmax_mean3', 'tmin_mean3', 'tmax_mean7', 'tmin_mean7', 'tmax_sd7', 'tmin_sd7', 'tmax_trend7', 'tmin_trend7', 'observed_hot_run_length']",['target_cos2'],[]
h3_2023_balanced_rf_S2_metadata.json,fit,"{'model__min_samples_leaf': 12, 'model__max_features': 0.7, 'model__max_depth': 8}",temporal_sigmoid,0.02281565729,0.1851434979,"['target_sin1', 'target_cos1', 'target_sin2', 'time_decades', 'tmax_latest', 'tmin_latest', 'tmax_mean3', 'tmin_mean3', 'tmax_mean7', 'tmin_mean7', 'tmax_sd7', 'tmin_sd7', 'tmax_trend7', 'tmin_trend7', 'observed_hot_run_length', 'rh_mean_latest', 'rh_mean_mean7', 'precipitation_latest', 'precipitation_sum7', 'wind_speed_mean_latest', 'wind_speed_mean_mean7', 'pressure_mean_latest', 'pressure_mean_mean7', 'cloud_cover_latest', 'cloud_cover_mean7', 'shortwave_radiation_latest', 'shortwave_radiation_mean7', 'soil_moisture_mean_latest', 'soil_moisture_mean_mean7']",['target_cos2'],[]
h3_2023_logistic_S1_metadata.json,fit,"{'model__penalty': 'l2', 'model__C': 1.0}",temporal_sigmoid,0.01449633889,0.1549476542,"['target_sin1', 'target_cos1', 'target_sin2', 'time_decades', 'tmax_latest', 'tmin_latest', 'tmax_mean3', 'tmin_mean3', 'tmax_mean7', 'tmin_mean7', 'tmax_sd7', 'tmin_sd7', 'tmax_trend7', 'tmin_trend7', 'observed_hot_run_length']",['target_cos2'],[]
h3_2023_logistic_S2_metadata.json,fit,"{'model__penalty': 'l2', 'model__C': 0.03}",temporal_sigmoid,0.01847294157,0.2006086797,"['target_sin1', 'target_cos1', 'target_sin2', 'time_decades', 'tmax_latest', 'tmin_latest', 'tmax_mean3', 'tmin_mean3', 'tmax_mean7', 'tmin_mean7', 'tmax_sd7', 'tmin_sd7', 'tmax_trend7', 'tmin_trend7', 'observed_hot_run_length', 'rh_mean_latest', 'rh_mean_mean7', 'precipitation_latest', 'precipitation_sum7', 'wind_speed_mean_latest', 'wind_speed_mean_mean7', 'pressure_mean_latest', 'pressure_mean_mean7', 'cloud_cover_latest', 'cloud_cover_mean7', 'shortwave_radiation_latest', 'shortwave_radiation_mean7', 'soil_moisture_mean_latest', 'soil_moisture_mean_mean7']",['target_cos2'],[]
h3_2023_s0_logistic_S0_metadata.json,fit,"{'model__penalty': 'l2', 'model__C': 0.03}",temporal_sigmoid,0.03084920667,0.09165565473,"['target_sin1', 'target_cos1', 'target_sin2', 'time_decades']",['target_cos2'],[]
h3_2023_weighted_rf_S1_metadata.json,fit,"{'model__min_samples_leaf': 7, 'model__max_features': 'sqrt', 'model__max_depth': None}",temporal_sigmoid,0.02412611318,0.2400097566,"['target_sin1', 'target_cos1', 'target_sin2', 'time_decades', 'tmax_latest', 'tmin_latest', 'tmax_mean3', 'tmin_mean3', 'tmax_mean7', 'tmin_mean7', 'tmax_sd7', 'tmin_sd7', 'tmax_trend7', 'tmin_trend7', 'observed_hot_run_length']",['target_cos2'],[]
h3_2023_weighted_rf_S2_metadata.json,fit,"{'model__min_samples_leaf': 12, 'model__max_features': 'sqrt', 'model__max_depth': 5}",temporal_sigmoid,0.01068102759,0.1634000965,"['target_sin1', 'target_cos1', 'target_sin2', 'time_decades', 'tmax_latest', 'tmin_latest', 'tmax_mean3', 'tmin_mean3', 'tmax_mean7', 'tmin_mean7', 'tmax_sd7', 'tmin_sd7', 'tmax_trend7', 'tmin_trend7', 'observed_hot_run_length', 'rh_mean_latest', 'rh_mean_mean7', 'precipitation_latest', 'precipitation_sum7', 'wind_speed_mean_latest', 'wind_speed_mean_mean7', 'pressure_mean_latest', 'pressure_mean_mean7', 'cloud_cover_latest', 'cloud_cover_mean7', 'shortwave_radiation_latest', 'shortwave_radiation_mean7', 'soil_moisture_mean_latest', 'soil_moisture_mean_mean7']",['target_cos2'],[]
h3_2023_weighted_svc_S1_metadata.json,fit,"{'model__gamma': 0.3, 'model__C': 0.1}",temporal_sigmoid,0.01108669405,0.2735088571,"['target_sin1', 'target_cos1', 'target_sin2', 'time_decades', 'tmax_latest', 'tmin_latest', 'tmax_mean3', 'tmin_mean3', 'tmax_mean7', 'tmin_mean7', 'tmax_sd7', 'tmin_sd7', 'tmax_trend7', 'tmin_trend7', 'observed_hot_run_length']",['target_cos2'],[]
h3_2023_weighted_svc_S2_metadata.json,fit,"{'model__gamma': 'scale', 'model__C': 0.1}",temporal_sigmoid,0.01628879504,0.1439629406,"['target_sin1', 'target_cos1', 'target_sin2', 'time_decades', 'tmax_latest', 'tmin_latest', 'tmax_mean3', 'tmin_mean3', 'tmax_mean7', 'tmin_mean7', 'tmax_sd7', 'tmin_sd7', 'tmax_trend7', 'tmin_trend7', 'observed_hot_run_length', 'rh_mean_latest', 'rh_mean_mean7', 'precipitation_latest', 'precipitation_sum7', 'wind_speed_mean_latest', 'wind_speed_mean_mean7', 'pressure_mean_latest', 'pressure_mean_mean7', 'cloud_cover_latest', 'cloud_cover_mean7', 'shortwave_radiation_latest', 'shortwave_radiation_mean7', 'soil_moisture_mean_latest', 'soil_moisture_mean_mean7']",['target_cos2'],[]
h3_2023_xgboost_S1_metadata.json,fit,"{'model__subsample': 1.0, 'model__reg_lambda': 10.0, 'model__max_depth': 4, 'model__learning_rate': 0.15, 'model__colsample_bytree': 1.0}",temporal_sigmoid,0.009834664922,0.458952463,"['target_sin1', 'target_cos1', 'target_sin2', 'time_decades', 'tmax_latest', 'tmin_latest', 'tmax_mean3', 'tmin_mean3', 'tmax_mean7', 'tmin_mean7', 'tmax_sd7', 'tmin_sd7', 'tmax_trend7', 'tmin_trend7', 'observed_hot_run_length']",['target_cos2'],[]
h3_2023_xgboost_S2_metadata.json,fit,"{'model__subsample': 0.9, 'model__reg_lambda': 10.0, 'model__max_depth': 4, 'model__learning_rate': 0.15, 'model__colsample_bytree': 0.7}",temporal_sigmoid,0.03359171091,0.2277793346,"['target_sin1', 'target_cos1', 'target_sin2', 'time_decades', 'tmax_latest', 'tmin_latest', 'tmax_mean3', 'tmin_mean3', 'tmax_mean7', 'tmin_mean7', 'tmax_sd7', 'tmin_sd7', 'tmax_trend7', 'tmin_trend7', 'observed_hot_run_length', 'rh_mean_latest', 'rh_mean_mean7', 'precipitation_latest', 'precipitation_sum7', 'wind_speed_mean_latest', 'wind_speed_mean_mean7', 'pressure_mean_latest', 'pressure_mean_mean7', 'cloud_cover_latest', 'cloud_cover_mean7', 'shortwave_radiation_latest', 'shortwave_radiation_mean7', 'soil_moisture_mean_latest', 'soil_moisture_mean_mean7']",['target_cos2'],[]
h3_2024_balanced_rf_S1_metadata.json,fit,"{'model__min_samples_leaf': 3, 'model__max_features': 0.7, 'model__max_depth': 5}",temporal_sigmoid,0.04011830948,0.2887415757,"['target_sin1', 'target_cos1', 'target_sin2', 'time_decades', 'tmax_latest', 'tmin_latest', 'tmax_mean3', 'tmin_mean3', 'tmax_mean7', 'tmin_mean7', 'tmax_sd7', 'tmin_sd7', 'tmax_trend7', 'tmin_trend7', 'observed_hot_run_length']",['target_cos2'],[]
h3_2024_balanced_rf_S2_metadata.json,fit,"{'model__min_samples_leaf': 12, 'model__max_features': 1.0, 'model__max_depth': 3}",temporal_sigmoid,0.02902427505,0.1852963488,"['target_sin1', 'target_cos1', 'target_sin2', 'time_decades', 'tmax_latest', 'tmin_latest', 'tmax_mean3', 'tmin_mean3', 'tmax_mean7', 'tmin_mean7', 'tmax_sd7', 'tmin_sd7', 'tmax_trend7', 'tmin_trend7', 'observed_hot_run_length', 'rh_mean_latest', 'rh_mean_mean7', 'precipitation_latest', 'precipitation_sum7', 'wind_speed_mean_latest', 'wind_speed_mean_mean7', 'pressure_mean_latest', 'pressure_mean_mean7', 'cloud_cover_latest', 'cloud_cover_mean7', 'shortwave_radiation_latest', 'shortwave_radiation_mean7', 'soil_moisture_mean_latest', 'soil_moisture_mean_mean7']",['target_cos2'],[]
h3_2024_logistic_S1_metadata.json,fit,"{'model__penalty': 'l2', 'model__C': 1.0}",temporal_sigmoid,0.03533860695,0.2014121592,"['target_sin1', 'target_cos1', 'target_sin2', 'time_decades', 'tmax_latest', 'tmin_latest', 'tmax_mean3', 'tmin_mean3', 'tmax_mean7', 'tmin_mean7', 'tmax_sd7', 'tmin_sd7', 'tmax_trend7', 'tmin_trend7', 'observed_hot_run_length']",['target_cos2'],[]
h3_2024_logistic_S2_metadata.json,fit,"{'model__penalty': 'l1', 'model__C': 0.03}",temporal_sigmoid,0.03453366814,0.1935327448,"['target_sin1', 'target_cos1', 'target_sin2', 'time_decades', 'tmax_latest', 'tmin_latest', 'tmax_mean3', 'tmin_mean3', 'tmax_mean7', 'tmin_mean7', 'tmax_sd7', 'tmin_sd7', 'tmax_trend7', 'tmin_trend7', 'observed_hot_run_length', 'rh_mean_latest', 'rh_mean_mean7', 'precipitation_latest', 'precipitation_sum7', 'wind_speed_mean_latest', 'wind_speed_mean_mean7', 'pressure_mean_latest', 'pressure_mean_mean7', 'cloud_cover_latest', 'cloud_cover_mean7', 'shortwave_radiation_latest', 'shortwave_radiation_mean7', 'soil_moisture_mean_latest', 'soil_moisture_mean_mean7']",['target_cos2'],[]
h3_2024_s0_logistic_S0_metadata.json,fit,"{'model__penalty': 'l2', 'model__C': 0.03}",temporal_sigmoid,0.03789003251,0.2695243631,"['target_sin1', 'target_cos1', 'target_sin2', 'time_decades']",['target_cos2'],[]
h3_2024_weighted_rf_S1_metadata.json,fit,"{'model__min_samples_leaf': 7, 'model__max_features': 1.0, 'model__max_depth': None}",temporal_sigmoid,0.04807077195,0.2424239682,"['target_sin1', 'target_cos1', 'target_sin2', 'time_decades', 'tmax_latest', 'tmin_latest', 'tmax_mean3', 'tmin_mean3', 'tmax_mean7', 'tmin_mean7', 'tmax_sd7', 'tmin_sd7', 'tmax_trend7', 'tmin_trend7', 'observed_hot_run_length']",['target_cos2'],[]
h3_2024_weighted_rf_S2_metadata.json,fit,"{'model__min_samples_leaf': 12, 'model__max_features': 1.0, 'model__max_depth': 3}",temporal_sigmoid,0.01314844589,0.1436448081,"['target_sin1', 'target_cos1', 'target_sin2', 'time_decades', 'tmax_latest', 'tmin_latest', 'tmax_mean3', 'tmin_mean3', 'tmax_mean7', 'tmin_mean7', 'tmax_sd7', 'tmin_sd7', 'tmax_trend7', 'tmin_trend7', 'observed_hot_run_length', 'rh_mean_latest', 'rh_mean_mean7', 'precipitation_latest', 'precipitation_sum7', 'wind_speed_mean_latest', 'wind_speed_mean_mean7', 'pressure_mean_latest', 'pressure_mean_mean7', 'cloud_cover_latest', 'cloud_cover_mean7', 'shortwave_radiation_latest', 'shortwave_radiation_mean7', 'soil_moisture_mean_latest', 'soil_moisture_mean_mean7']",['target_cos2'],[]
h3_2024_weighted_svc_S1_metadata.json,fit,"{'model__gamma': 0.3, 'model__C': 0.1}",temporal_sigmoid,0.02146200598,0.2351247517,"['target_sin1', 'target_cos1', 'target_sin2', 'time_decades', 'tmax_latest', 'tmin_latest', 'tmax_mean3', 'tmin_mean3', 'tmax_mean7', 'tmin_mean7', 'tmax_sd7', 'tmin_sd7', 'tmax_trend7', 'tmin_trend7', 'observed_hot_run_length']",['target_cos2'],[]
h3_2024_weighted_svc_S2_metadata.json,fit,"{'model__gamma': 0.03, 'model__C': 30.0}",temporal_sigmoid,0.02528790248,0.1281311428,"['target_sin1', 'target_cos1', 'target_sin2', 'time_decades', 'tmax_latest', 'tmin_latest', 'tmax_mean3', 'tmin_mean3', 'tmax_mean7', 'tmin_mean7', 'tmax_sd7', 'tmin_sd7', 'tmax_trend7', 'tmin_trend7', 'observed_hot_run_length', 'rh_mean_latest', 'rh_mean_mean7', 'precipitation_latest', 'precipitation_sum7', 'wind_speed_mean_latest', 'wind_speed_mean_mean7', 'pressure_mean_latest', 'pressure_mean_mean7', 'cloud_cover_latest', 'cloud_cover_mean7', 'shortwave_radiation_latest', 'shortwave_radiation_mean7', 'soil_moisture_mean_latest', 'soil_moisture_mean_mean7']",['target_cos2'],[]
h3_2024_xgboost_S1_metadata.json,fit,"{'model__subsample': 0.7, 'model__reg_lambda': 10.0, 'model__max_depth': 3, 'model__learning_rate': 0.15, 'model__colsample_bytree': 1.0}",temporal_sigmoid,0.01611016313,0.3262521411,"['target_sin1', 'target_cos1', 'target_sin2', 'time_decades', 'tmax_latest', 'tmin_latest', 'tmax_mean3', 'tmin_mean3', 'tmax_mean7', 'tmin_mean7', 'tmax_sd7', 'tmin_sd7', 'tmax_trend7', 'tmin_trend7', 'observed_hot_run_length']",['target_cos2'],[]
h3_2024_xgboost_S2_metadata.json,fit,"{'model__subsample': 1.0, 'model__reg_lambda': 1.0, 'model__max_depth': 2, 'model__learning_rate': 0.15, 'model__colsample_bytree': 0.7}",temporal_sigmoid,0.03760041015,0.2359406151,"['target_sin1', 'target_cos1', 'target_sin2', 'time_decades', 'tmax_latest', 'tmin_latest', 'tmax_mean3', 'tmin_mean3', 'tmax_mean7', 'tmin_mean7', 'tmax_sd7', 'tmin_sd7', 'tmax_trend7', 'tmin_trend7', 'observed_hot_run_length', 'rh_mean_latest', 'rh_mean_mean7', 'precipitation_latest', 'precipitation_sum7', 'wind_speed_mean_latest', 'wind_speed_mean_mean7', 'pressure_mean_latest', 'pressure_mean_mean7', 'cloud_cover_latest', 'cloud_cover_mean7', 'shortwave_radiation_latest', 'shortwave_radiation_mean7', 'soil_moisture_mean_latest', 'soil_moisture_mean_mean7']",['target_cos2'],[]
h7_2014_balanced_rf_S1_metadata.json,fit,"{'model__min_samples_leaf': 7, 'model__max_features': 'sqrt', 'model__max_depth': 3}",temporal_sigmoid,0.01218237467,0.2480235747,"['target_sin1', 'target_cos1', 'target_sin2', 'time_decades', 'tmax_latest', 'tmin_latest', 'tmax_mean3', 'tmax_mean7', 'tmin_mean7', 'tmax_sd7', 'tmin_sd7', 'tmax_trend7', 'tmin_trend7', 'observed_hot_run_length']","['target_cos2', 'tmin_mean3']",[]
h7_2014_balanced_rf_S2_metadata.json,fit,"{'model__min_samples_leaf': 3, 'model__max_features': 'sqrt', 'model__max_depth': 3}",temporal_sigmoid,0.02854514884,0.1804278664,"['target_sin1', 'target_cos1', 'target_sin2', 'time_decades', 'tmax_latest', 'tmin_latest', 'tmax_mean3', 'tmax_mean7', 'tmin_mean7', 'tmax_sd7', 'tmin_sd7', 'tmax_trend7', 'tmin_trend7', 'observed_hot_run_length', 'rh_mean_latest', 'rh_mean_mean7', 'precipitation_latest', 'precipitation_sum7', 'wind_speed_mean_latest', 'wind_speed_mean_mean7', 'pressure_mean_latest', 'pressure_mean_mean7', 'cloud_cover_latest', 'cloud_cover_mean7', 'shortwave_radiation_latest', 'shortwave_radiation_mean7', 'soil_moisture_mean_latest', 'soil_moisture_mean_mean7']","['target_cos2', 'tmin_mean3']",[]
h7_2014_logistic_S1_metadata.json,fit,"{'model__penalty': 'l1', 'model__C': 0.01}",temporal_sigmoid,0.01486060978,0.2276778125,"['target_sin1', 'target_cos1', 'target_sin2', 'time_decades', 'tmax_latest', 'tmin_latest', 'tmax_mean3', 'tmax_mean7', 'tmin_mean7', 'tmax_sd7', 'tmin_sd7', 'tmax_trend7', 'tmin_trend7', 'observed_hot_run_length']","['target_cos2', 'tmin_mean3']",[]
h7_2014_logistic_S2_metadata.json,fit,"{'model__penalty': 'l2', 'model__C': 0.01}",temporal_sigmoid,0.008085532685,0.2563389225,"['target_sin1', 'target_cos1', 'target_sin2', 'time_decades', 'tmax_latest', 'tmin_latest', 'tmax_mean3', 'tmax_mean7', 'tmin_mean7', 'tmax_sd7', 'tmin_sd7', 'tmax_trend7', 'tmin_trend7', 'observed_hot_run_length', 'rh_mean_latest', 'rh_mean_mean7', 'precipitation_latest', 'precipitation_sum7', 'wind_speed_mean_latest', 'wind_speed_mean_mean7', 'pressure_mean_latest', 'pressure_mean_mean7', 'cloud_cover_latest', 'cloud_cover_mean7', 'shortwave_radiation_latest', 'shortwave_radiation_mean7', 'soil_moisture_mean_latest', 'soil_moisture_mean_mean7']","['target_cos2', 'tmin_mean3']",[]
h7_2014_s0_logistic_S0_metadata.json,fit,"{'model__penalty': 'l1', 'model__C': 0.1}",temporal_sigmoid,0.02119099816,0.2936100601,"['target_sin1', 'target_cos1', 'target_sin2', 'time_decades']",['target_cos2'],[]
h7_2014_weighted_rf_S1_metadata.json,fit,"{'model__min_samples_leaf': 7, 'model__max_features': 'sqrt', 'model__max_depth': 3}",temporal_sigmoid,0.01483009458,0.3202103036,"['target_sin1', 'target_cos1', 'target_sin2', 'time_decades', 'tmax_latest', 'tmin_latest', 'tmax_mean3', 'tmax_mean7', 'tmin_mean7', 'tmax_sd7', 'tmin_sd7', 'tmax_trend7', 'tmin_trend7', 'observed_hot_run_length']","['target_cos2', 'tmin_mean3']",[]
h7_2014_weighted_rf_S2_metadata.json,fit,"{'model__min_samples_leaf': 1, 'model__max_features': 'sqrt', 'model__max_depth': 5}",temporal_sigmoid,0.03224780383,0.1341099049,"['target_sin1', 'target_cos1', 'target_sin2', 'time_decades', 'tmax_latest', 'tmin_latest', 'tmax_mean3', 'tmax_mean7', 'tmin_mean7', 'tmax_sd7', 'tmin_sd7', 'tmax_trend7', 'tmin_trend7', 'observed_hot_run_length', 'rh_mean_latest', 'rh_mean_mean7', 'precipitation_latest', 'precipitation_sum7', 'wind_speed_mean_latest', 'wind_speed_mean_mean7', 'pressure_mean_latest', 'pressure_mean_mean7', 'cloud_cover_latest', 'cloud_cover_mean7', 'shortwave_radiation_latest', 'shortwave_radiation_mean7', 'soil_moisture_mean_latest', 'soil_moisture_mean_mean7']","['target_cos2', 'tmin_mean3']",[]
h7_2014_weighted_svc_S1_metadata.json,fit,"{'model__gamma': 0.03, 'model__C': 1.0}",temporal_sigmoid,0.01351974674,0.238690562,"['target_sin1', 'target_cos1', 'target_sin2', 'time_decades', 'tmax_latest', 'tmin_latest', 'tmax_mean3', 'tmax_mean7', 'tmin_mean7', 'tmax_sd7', 'tmin_sd7', 'tmax_trend7', 'tmin_trend7', 'observed_hot_run_length']","['target_cos2', 'tmin_mean3']",[]
h7_2014_weighted_svc_S2_metadata.json,fit,"{'model__gamma': 0.03, 'model__C': 0.1}",temporal_sigmoid,0.02542234812,0.125925109,"['target_sin1', 'target_cos1', 'target_sin2', 'time_decades', 'tmax_latest', 'tmin_latest', 'tmax_mean3', 'tmax_mean7', 'tmin_mean7', 'tmax_sd7', 'tmin_sd7', 'tmax_trend7', 'tmin_trend7', 'observed_hot_run_length', 'rh_mean_latest', 'rh_mean_mean7', 'precipitation_latest', 'precipitation_sum7', 'wind_speed_mean_latest', 'wind_speed_mean_mean7', 'pressure_mean_latest', 'pressure_mean_mean7', 'cloud_cover_latest', 'cloud_cover_mean7', 'shortwave_radiation_latest', 'shortwave_radiation_mean7', 'soil_moisture_mean_latest', 'soil_moisture_mean_mean7']","['target_cos2', 'tmin_mean3']",[]
h7_2014_xgboost_S1_metadata.json,fit,"{'model__subsample': 1.0, 'model__reg_lambda': 10.0, 'model__max_depth': 3, 'model__learning_rate': 0.07, 'model__colsample_bytree': 0.7}",temporal_sigmoid,0.009983205785,0.2376187525,"['target_sin1', 'target_cos1', 'target_sin2', 'time_decades', 'tmax_latest', 'tmin_latest', 'tmax_mean3', 'tmax_mean7', 'tmin_mean7', 'tmax_sd7', 'tmin_sd7', 'tmax_trend7', 'tmin_trend7', 'observed_hot_run_length']","['target_cos2', 'tmin_mean3']",[]
h7_2014_xgboost_S2_metadata.json,fit,"{'model__subsample': 0.9, 'model__reg_lambda': 5.0, 'model__max_depth': 4, 'model__learning_rate': 0.03, 'model__colsample_bytree': 0.7}",temporal_sigmoid,0.01561786103,0.1583837435,"['target_sin1', 'target_cos1', 'target_sin2', 'time_decades', 'tmax_latest', 'tmin_latest', 'tmax_mean3', 'tmax_mean7', 'tmin_mean7', 'tmax_sd7', 'tmin_sd7', 'tmax_trend7', 'tmin_trend7', 'observed_hot_run_length', 'rh_mean_latest', 'rh_mean_mean7', 'precipitation_latest', 'precipitation_sum7', 'wind_speed_mean_latest', 'wind_speed_mean_mean7', 'pressure_mean_latest', 'pressure_mean_mean7', 'cloud_cover_latest', 'cloud_cover_mean7', 'shortwave_radiation_latest', 'shortwave_radiation_mean7', 'soil_moisture_mean_latest', 'soil_moisture_mean_mean7']","['target_cos2', 'tmin_mean3']",[]
h7_2015_balanced_rf_S1_metadata.json,fit,"{'model__min_samples_leaf': 3, 'model__max_features': 0.7, 'model__max_depth': 8}",temporal_sigmoid,0.02646835948,0.2387935152,"['target_sin1', 'target_cos1', 'target_sin2', 'time_decades', 'tmax_latest', 'tmin_latest', 'tmax_mean3', 'tmax_mean7', 'tmin_mean7', 'tmax_sd7', 'tmin_sd7', 'tmax_trend7', 'tmin_trend7', 'observed_hot_run_length']","['target_cos2', 'tmin_mean3']",[]
h7_2015_balanced_rf_S2_metadata.json,fit,"{'model__min_samples_leaf': 1, 'model__max_features': 'sqrt', 'model__max_depth': None}",temporal_sigmoid,0.01916137208,0.1490000839,"['target_sin1', 'target_cos1', 'target_sin2', 'time_decades', 'tmax_latest', 'tmin_latest', 'tmax_mean3', 'tmax_mean7', 'tmin_mean7', 'tmax_sd7', 'tmin_sd7', 'tmax_trend7', 'tmin_trend7', 'observed_hot_run_length', 'rh_mean_latest', 'rh_mean_mean7', 'precipitation_latest', 'precipitation_sum7', 'wind_speed_mean_latest', 'wind_speed_mean_mean7', 'pressure_mean_latest', 'pressure_mean_mean7', 'cloud_cover_latest', 'cloud_cover_mean7', 'shortwave_radiation_latest', 'shortwave_radiation_mean7', 'soil_moisture_mean_latest', 'soil_moisture_mean_mean7']","['target_cos2', 'tmin_mean3']",[]
h7_2015_logistic_S1_metadata.json,fit,"{'model__penalty': 'l2', 'model__C': 10.0}",temporal_sigmoid,0.03095593313,0.145297723,"['target_sin1', 'target_cos1', 'target_sin2', 'time_decades', 'tmax_latest', 'tmin_latest', 'tmax_mean3', 'tmax_mean7', 'tmin_mean7', 'tmax_sd7', 'tmin_sd7', 'tmax_trend7', 'tmin_trend7', 'observed_hot_run_length']","['target_cos2', 'tmin_mean3']",[]
h7_2015_logistic_S2_metadata.json,fit,"{'model__penalty': 'l2', 'model__C': 3.0}",temporal_sigmoid,0.02719666967,0.1513200981,"['target_sin1', 'target_cos1', 'target_sin2', 'time_decades', 'tmax_latest', 'tmin_latest', 'tmax_mean3', 'tmax_mean7', 'tmin_mean7', 'tmax_sd7', 'tmin_sd7', 'tmax_trend7', 'tmin_trend7', 'observed_hot_run_length', 'rh_mean_latest', 'rh_mean_mean7', 'precipitation_latest', 'precipitation_sum7', 'wind_speed_mean_latest', 'wind_speed_mean_mean7', 'pressure_mean_latest', 'pressure_mean_mean7', 'cloud_cover_latest', 'cloud_cover_mean7', 'shortwave_radiation_latest', 'shortwave_radiation_mean7', 'soil_moisture_mean_latest', 'soil_moisture_mean_mean7']","['target_cos2', 'tmin_mean3']",[]
h7_2015_s0_logistic_S0_metadata.json,fit,"{'model__penalty': 'l2', 'model__C': 0.1}",temporal_sigmoid,0.0241775317,0.1110457612,"['target_sin1', 'target_cos1', 'target_sin2', 'time_decades']",['target_cos2'],[]
h7_2015_weighted_rf_S1_metadata.json,fit,"{'model__min_samples_leaf': 1, 'model__max_features': 'sqrt', 'model__max_depth': 5}",temporal_sigmoid,0.02598530003,0.3041917937,"['target_sin1', 'target_cos1', 'target_sin2', 'time_decades', 'tmax_latest', 'tmin_latest', 'tmax_mean3', 'tmax_mean7', 'tmin_mean7', 'tmax_sd7', 'tmin_sd7', 'tmax_trend7', 'tmin_trend7', 'observed_hot_run_length']","['target_cos2', 'tmin_mean3']",[]
h7_2015_weighted_rf_S2_metadata.json,fit,"{'model__min_samples_leaf': 7, 'model__max_features': 1.0, 'model__max_depth': 3}",temporal_sigmoid,0.02965335593,0.1391772383,"['target_sin1', 'target_cos1', 'target_sin2', 'time_decades', 'tmax_latest', 'tmin_latest', 'tmax_mean3', 'tmax_mean7', 'tmin_mean7', 'tmax_sd7', 'tmin_sd7', 'tmax_trend7', 'tmin_trend7', 'observed_hot_run_length', 'rh_mean_latest', 'rh_mean_mean7', 'precipitation_latest', 'precipitation_sum7', 'wind_speed_mean_latest', 'wind_speed_mean_mean7', 'pressure_mean_latest', 'pressure_mean_mean7', 'cloud_cover_latest', 'cloud_cover_mean7', 'shortwave_radiation_latest', 'shortwave_radiation_mean7', 'soil_moisture_mean_latest', 'soil_moisture_mean_mean7']","['target_cos2', 'tmin_mean3']",[]
h7_2015_weighted_svc_S1_metadata.json,fit,"{'model__gamma': 'scale', 'model__C': 1.0}",temporal_sigmoid,0.03140643981,0.2433936992,"['target_sin1', 'target_cos1', 'target_sin2', 'time_decades', 'tmax_latest', 'tmin_latest', 'tmax_mean3', 'tmax_mean7', 'tmin_mean7', 'tmax_sd7', 'tmin_sd7', 'tmax_trend7', 'tmin_trend7', 'observed_hot_run_length']","['target_cos2', 'tmin_mean3']",[]
h7_2015_weighted_svc_S2_metadata.json,fit,"{'model__gamma': 0.01, 'model__C': 0.1}",temporal_sigmoid,0.01741849761,0.1128359398,"['target_sin1', 'target_cos1', 'target_sin2', 'time_decades', 'tmax_latest', 'tmin_latest', 'tmax_mean3', 'tmax_mean7', 'tmin_mean7', 'tmax_sd7', 'tmin_sd7', 'tmax_trend7', 'tmin_trend7', 'observed_hot_run_length', 'rh_mean_latest', 'rh_mean_mean7', 'precipitation_latest', 'precipitation_sum7', 'wind_speed_mean_latest', 'wind_speed_mean_mean7', 'pressure_mean_latest', 'pressure_mean_mean7', 'cloud_cover_latest', 'cloud_cover_mean7', 'shortwave_radiation_latest', 'shortwave_radiation_mean7', 'soil_moisture_mean_latest', 'soil_moisture_mean_mean7']","['target_cos2', 'tmin_mean3']",[]
h7_2015_xgboost_S1_metadata.json,fit,"{'model__subsample': 1.0, 'model__reg_lambda': 5.0, 'model__max_depth': 4, 'model__learning_rate': 0.07, 'model__colsample_bytree': 0.7}",temporal_sigmoid,0.02028794052,0.3080206054,"['target_sin1', 'target_cos1', 'target_sin2', 'time_decades', 'tmax_latest', 'tmin_latest', 'tmax_mean3', 'tmax_mean7', 'tmin_mean7', 'tmax_sd7', 'tmin_sd7', 'tmax_trend7', 'tmin_trend7', 'observed_hot_run_length']","['target_cos2', 'tmin_mean3']",[]
h7_2015_xgboost_S2_metadata.json,fit,"{'model__subsample': 1.0, 'model__reg_lambda': 5.0, 'model__max_depth': 4, 'model__learning_rate': 0.07, 'model__colsample_bytree': 0.7}",temporal_sigmoid,0.0209304956,0.159468967,"['target_sin1', 'target_cos1', 'target_sin2', 'time_decades', 'tmax_latest', 'tmin_latest', 'tmax_mean3', 'tmax_mean7', 'tmin_mean7', 'tmax_sd7', 'tmin_sd7', 'tmax_trend7', 'tmin_trend7', 'observed_hot_run_length', 'rh_mean_latest', 'rh_mean_mean7', 'precipitation_latest', 'precipitation_sum7', 'wind_speed_mean_latest', 'wind_speed_mean_mean7', 'pressure_mean_latest', 'pressure_mean_mean7', 'cloud_cover_latest', 'cloud_cover_mean7', 'shortwave_radiation_latest', 'shortwave_radiation_mean7', 'soil_moisture_mean_latest', 'soil_moisture_mean_mean7']","['target_cos2', 'tmin_mean3']",[]
h7_2016_balanced_rf_S1_metadata.json,fit,"{'model__min_samples_leaf': 1, 'model__max_features': 'sqrt', 'model__max_depth': 5}",temporal_sigmoid,0.01774176071,0.2983563225,"['target_sin1', 'target_cos1', 'target_sin2', 'time_decades', 'tmax_latest', 'tmin_latest', 'tmax_mean3', 'tmax_mean7', 'tmin_mean7', 'tmax_sd7', 'tmin_sd7', 'tmax_trend7', 'tmin_trend7', 'observed_hot_run_length']","['target_cos2', 'tmin_mean3']",[]
h7_2016_balanced_rf_S2_metadata.json,fit,"{'model__min_samples_leaf': 1, 'model__max_features': 'sqrt', 'model__max_depth': 5}",temporal_sigmoid,0.03356105742,0.1693709462,"['target_sin1', 'target_cos1', 'target_sin2', 'time_decades', 'tmax_latest', 'tmin_latest', 'tmax_mean3', 'tmax_mean7', 'tmin_mean7', 'tmax_sd7', 'tmin_sd7', 'tmax_trend7', 'tmin_trend7', 'observed_hot_run_length', 'rh_mean_latest', 'rh_mean_mean7', 'precipitation_latest', 'precipitation_sum7', 'wind_speed_mean_latest', 'wind_speed_mean_mean7', 'pressure_mean_latest', 'pressure_mean_mean7', 'cloud_cover_latest', 'cloud_cover_mean7', 'shortwave_radiation_latest', 'shortwave_radiation_mean7', 'soil_moisture_mean_latest', 'soil_moisture_mean_mean7']","['target_cos2', 'tmin_mean3']",[]
h7_2016_logistic_S1_metadata.json,fit,"{'model__penalty': 'l1', 'model__C': 10.0}",temporal_sigmoid,0.03060703198,0.1620948213,"['target_sin1', 'target_cos1', 'target_sin2', 'time_decades', 'tmax_latest', 'tmin_latest', 'tmax_mean3', 'tmax_mean7', 'tmin_mean7', 'tmax_sd7', 'tmin_sd7', 'tmax_trend7', 'tmin_trend7', 'observed_hot_run_length']","['target_cos2', 'tmin_mean3']",[]
h7_2016_logistic_S2_metadata.json,fit,"{'model__penalty': 'l2', 'model__C': 0.01}",temporal_sigmoid,0.03048089526,0.1498617048,"['target_sin1', 'target_cos1', 'target_sin2', 'time_decades', 'tmax_latest', 'tmin_latest', 'tmax_mean3', 'tmax_mean7', 'tmin_mean7', 'tmax_sd7', 'tmin_sd7', 'tmax_trend7', 'tmin_trend7', 'observed_hot_run_length', 'rh_mean_latest', 'rh_mean_mean7', 'precipitation_latest', 'precipitation_sum7', 'wind_speed_mean_latest', 'wind_speed_mean_mean7', 'pressure_mean_latest', 'pressure_mean_mean7', 'cloud_cover_latest', 'cloud_cover_mean7', 'shortwave_radiation_latest', 'shortwave_radiation_mean7', 'soil_moisture_mean_latest', 'soil_moisture_mean_mean7']","['target_cos2', 'tmin_mean3']",[]
h7_2016_s0_logistic_S0_metadata.json,fit,"{'model__penalty': 'l2', 'model__C': 0.1}",temporal_sigmoid,0.02465357527,0.2300655556,"['target_sin1', 'target_cos1', 'target_sin2', 'time_decades']",['target_cos2'],[]
h7_2016_weighted_rf_S1_metadata.json,fit,"{'model__min_samples_leaf': 1, 'model__max_features': 'sqrt', 'model__max_depth': 5}",temporal_sigmoid,0.02488335862,0.2713247865,"['target_sin1', 'target_cos1', 'target_sin2', 'time_decades', 'tmax_latest', 'tmin_latest', 'tmax_mean3', 'tmax_mean7', 'tmin_mean7', 'tmax_sd7', 'tmin_sd7', 'tmax_trend7', 'tmin_trend7', 'observed_hot_run_length']","['target_cos2', 'tmin_mean3']",[]
h7_2016_weighted_rf_S2_metadata.json,fit,"{'model__min_samples_leaf': 12, 'model__max_features': 'sqrt', 'model__max_depth': 3}",temporal_sigmoid,0.03670289055,0.1842498986,"['target_sin1', 'target_cos1', 'target_sin2', 'time_decades', 'tmax_latest', 'tmin_latest', 'tmax_mean3', 'tmax_mean7', 'tmin_mean7', 'tmax_sd7', 'tmin_sd7', 'tmax_trend7', 'tmin_trend7', 'observed_hot_run_length', 'rh_mean_latest', 'rh_mean_mean7', 'precipitation_latest', 'precipitation_sum7', 'wind_speed_mean_latest', 'wind_speed_mean_mean7', 'pressure_mean_latest', 'pressure_mean_mean7', 'cloud_cover_latest', 'cloud_cover_mean7', 'shortwave_radiation_latest', 'shortwave_radiation_mean7', 'soil_moisture_mean_latest', 'soil_moisture_mean_mean7']","['target_cos2', 'tmin_mean3']",[]
h7_2016_weighted_svc_S1_metadata.json,fit,"{'model__gamma': 0.03, 'model__C': 0.3}",temporal_sigmoid,0.02061151875,0.215271103,"['target_sin1', 'target_cos1', 'target_sin2', 'time_decades', 'tmax_latest', 'tmin_latest', 'tmax_mean3', 'tmax_mean7', 'tmin_mean7', 'tmax_sd7', 'tmin_sd7', 'tmax_trend7', 'tmin_trend7', 'observed_hot_run_length']","['target_cos2', 'tmin_mean3']",[]
h7_2016_weighted_svc_S2_metadata.json,fit,"{'model__gamma': 0.01, 'model__C': 0.1}",temporal_sigmoid,0.01783208624,0.1248630646,"['target_sin1', 'target_cos1', 'target_sin2', 'time_decades', 'tmax_latest', 'tmin_latest', 'tmax_mean3', 'tmax_mean7', 'tmin_mean7', 'tmax_sd7', 'tmin_sd7', 'tmax_trend7', 'tmin_trend7', 'observed_hot_run_length', 'rh_mean_latest', 'rh_mean_mean7', 'precipitation_latest', 'precipitation_sum7', 'wind_speed_mean_latest', 'wind_speed_mean_mean7', 'pressure_mean_latest', 'pressure_mean_mean7', 'cloud_cover_latest', 'cloud_cover_mean7', 'shortwave_radiation_latest', 'shortwave_radiation_mean7', 'soil_moisture_mean_latest', 'soil_moisture_mean_mean7']","['target_cos2', 'tmin_mean3']",[]
h7_2016_xgboost_S1_metadata.json,fit,"{'model__subsample': 0.7, 'model__reg_lambda': 1.0, 'model__max_depth': 3, 'model__learning_rate': 0.07, 'model__colsample_bytree': 1.0}",temporal_sigmoid,0.02273378602,0.3110127813,"['target_sin1', 'target_cos1', 'target_sin2', 'time_decades', 'tmax_latest', 'tmin_latest', 'tmax_mean3', 'tmax_mean7', 'tmin_mean7', 'tmax_sd7', 'tmin_sd7', 'tmax_trend7', 'tmin_trend7', 'observed_hot_run_length']","['target_cos2', 'tmin_mean3']",[]
h7_2016_xgboost_S2_metadata.json,fit,"{'model__subsample': 0.7, 'model__reg_lambda': 5.0, 'model__max_depth': 2, 'model__learning_rate': 0.03, 'model__colsample_bytree': 1.0}",temporal_sigmoid,0.02698077504,0.1504351537,"['target_sin1', 'target_cos1', 'target_sin2', 'time_decades', 'tmax_latest', 'tmin_latest', 'tmax_mean3', 'tmax_mean7', 'tmin_mean7', 'tmax_sd7', 'tmin_sd7', 'tmax_trend7', 'tmin_trend7', 'observed_hot_run_length', 'rh_mean_latest', 'rh_mean_mean7', 'precipitation_latest', 'precipitation_sum7', 'wind_speed_mean_latest', 'wind_speed_mean_mean7', 'pressure_mean_latest', 'pressure_mean_mean7', 'cloud_cover_latest', 'cloud_cover_mean7', 'shortwave_radiation_latest', 'shortwave_radiation_mean7', 'soil_moisture_mean_latest', 'soil_moisture_mean_mean7']","['target_cos2', 'tmin_mean3']",[]
h7_2017_balanced_rf_S1_metadata.json,fit,"{'model__min_samples_leaf': 1, 'model__max_features': 0.7, 'model__max_depth': 5}",temporal_sigmoid,0.03644808728,0.285362459,"['target_sin1', 'target_cos1', 'target_sin2', 'time_decades', 'tmax_latest', 'tmin_latest', 'tmax_mean3', 'tmax_mean7', 'tmin_mean7', 'tmax_sd7', 'tmin_sd7', 'tmax_trend7', 'tmin_trend7', 'observed_hot_run_length']","['target_cos2', 'tmin_mean3']",[]
h7_2017_balanced_rf_S2_metadata.json,fit,"{'model__min_samples_leaf': 12, 'model__max_features': 1.0, 'model__max_depth': 3}",temporal_sigmoid,0.02643872077,0.1727090059,"['target_sin1', 'target_cos1', 'target_sin2', 'time_decades', 'tmax_latest', 'tmin_latest', 'tmax_mean3', 'tmax_mean7', 'tmin_mean7', 'tmax_sd7', 'tmin_sd7', 'tmax_trend7', 'tmin_trend7', 'observed_hot_run_length', 'rh_mean_latest', 'rh_mean_mean7', 'precipitation_latest', 'precipitation_sum7', 'wind_speed_mean_latest', 'wind_speed_mean_mean7', 'pressure_mean_latest', 'pressure_mean_mean7', 'cloud_cover_latest', 'cloud_cover_mean7', 'shortwave_radiation_latest', 'shortwave_radiation_mean7', 'soil_moisture_mean_latest', 'soil_moisture_mean_mean7']","['target_cos2', 'tmin_mean3']",[]
h7_2017_logistic_S1_metadata.json,fit,"{'model__penalty': 'l2', 'model__C': 0.01}",temporal_sigmoid,0.03416223019,0.146567355,"['target_sin1', 'target_cos1', 'target_sin2', 'time_decades', 'tmax_latest', 'tmin_latest', 'tmax_mean3', 'tmax_mean7', 'tmin_mean7', 'tmax_sd7', 'tmin_sd7', 'tmax_trend7', 'tmin_trend7', 'observed_hot_run_length']","['target_cos2', 'tmin_mean3']",[]
h7_2017_logistic_S2_metadata.json,fit,"{'model__penalty': 'l2', 'model__C': 0.01}",temporal_sigmoid,0.04012906803,0.1619516255,"['target_sin1', 'target_cos1', 'target_sin2', 'time_decades', 'tmax_latest', 'tmin_latest', 'tmax_mean3', 'tmax_mean7', 'tmin_mean7', 'tmax_sd7', 'tmin_sd7', 'tmax_trend7', 'tmin_trend7', 'observed_hot_run_length', 'rh_mean_latest', 'rh_mean_mean7', 'precipitation_latest', 'precipitation_sum7', 'wind_speed_mean_latest', 'wind_speed_mean_mean7', 'pressure_mean_latest', 'pressure_mean_mean7', 'cloud_cover_latest', 'cloud_cover_mean7', 'shortwave_radiation_latest', 'shortwave_radiation_mean7', 'soil_moisture_mean_latest', 'soil_moisture_mean_mean7']","['target_cos2', 'tmin_mean3']",[]
h7_2017_s0_logistic_S0_metadata.json,fit,"{'model__penalty': 'l2', 'model__C': 0.03}",temporal_sigmoid,0.02815286727,0.1925226798,"['target_sin1', 'target_cos1', 'target_sin2', 'time_decades']",['target_cos2'],[]
h7_2017_weighted_rf_S1_metadata.json,fit,"{'model__min_samples_leaf': 7, 'model__max_features': 'sqrt', 'model__max_depth': 5}",temporal_sigmoid,0.03783341214,0.31317727,"['target_sin1', 'target_cos1', 'target_sin2', 'time_decades', 'tmax_latest', 'tmin_latest', 'tmax_mean3', 'tmax_mean7', 'tmin_mean7', 'tmax_sd7', 'tmin_sd7', 'tmax_trend7', 'tmin_trend7', 'observed_hot_run_length']","['target_cos2', 'tmin_mean3']",[]
h7_2017_weighted_rf_S2_metadata.json,fit,"{'model__min_samples_leaf': 1, 'model__max_features': 0.7, 'model__max_depth': 5}",temporal_sigmoid,0.03377163215,0.2003227374,"['target_sin1', 'target_cos1', 'target_sin2', 'time_decades', 'tmax_latest', 'tmin_latest', 'tmax_mean3', 'tmax_mean7', 'tmin_mean7', 'tmax_sd7', 'tmin_sd7', 'tmax_trend7', 'tmin_trend7', 'observed_hot_run_length', 'rh_mean_latest', 'rh_mean_mean7', 'precipitation_latest', 'precipitation_sum7', 'wind_speed_mean_latest', 'wind_speed_mean_mean7', 'pressure_mean_latest', 'pressure_mean_mean7', 'cloud_cover_latest', 'cloud_cover_mean7', 'shortwave_radiation_latest', 'shortwave_radiation_mean7', 'soil_moisture_mean_latest', 'soil_moisture_mean_mean7']","['target_cos2', 'tmin_mean3']",[]
h7_2017_weighted_svc_S1_metadata.json,fit,"{'model__gamma': 0.03, 'model__C': 3.0}",temporal_sigmoid,0.01837617544,0.2837416972,"['target_sin1', 'target_cos1', 'target_sin2', 'time_decades', 'tmax_latest', 'tmin_latest', 'tmax_mean3', 'tmax_mean7', 'tmin_mean7', 'tmax_sd7', 'tmin_sd7', 'tmax_trend7', 'tmin_trend7', 'observed_hot_run_length']","['target_cos2', 'tmin_mean3']",[]
h7_2017_weighted_svc_S2_metadata.json,fit,"{'model__gamma': 0.01, 'model__C': 10.0}",temporal_sigmoid,0.03088589788,0.1324861325,"['target_sin1', 'target_cos1', 'target_sin2', 'time_decades', 'tmax_latest', 'tmin_latest', 'tmax_mean3', 'tmax_mean7', 'tmin_mean7', 'tmax_sd7', 'tmin_sd7', 'tmax_trend7', 'tmin_trend7', 'observed_hot_run_length', 'rh_mean_latest', 'rh_mean_mean7', 'precipitation_latest', 'precipitation_sum7', 'wind_speed_mean_latest', 'wind_speed_mean_mean7', 'pressure_mean_latest', 'pressure_mean_mean7', 'cloud_cover_latest', 'cloud_cover_mean7', 'shortwave_radiation_latest', 'shortwave_radiation_mean7', 'soil_moisture_mean_latest', 'soil_moisture_mean_mean7']","['target_cos2', 'tmin_mean3']",[]
h7_2017_xgboost_S1_metadata.json,fit,"{'model__subsample': 0.7, 'model__reg_lambda': 1.0, 'model__max_depth': 3, 'model__learning_rate': 0.15, 'model__colsample_bytree': 1.0}",temporal_sigmoid,0.01893896899,0.2672104603,"['target_sin1', 'target_cos1', 'target_sin2', 'time_decades', 'tmax_latest', 'tmin_latest', 'tmax_mean3', 'tmax_mean7', 'tmin_mean7', 'tmax_sd7', 'tmin_sd7', 'tmax_trend7', 'tmin_trend7', 'observed_hot_run_length']","['target_cos2', 'tmin_mean3']",[]
h7_2017_xgboost_S2_metadata.json,fit,"{'model__subsample': 0.9, 'model__reg_lambda': 5.0, 'model__max_depth': 2, 'model__learning_rate': 0.07, 'model__colsample_bytree': 0.7}",temporal_sigmoid,0.02110827458,0.2156409339,"['target_sin1', 'target_cos1', 'target_sin2', 'time_decades', 'tmax_latest', 'tmin_latest', 'tmax_mean3', 'tmax_mean7', 'tmin_mean7', 'tmax_sd7', 'tmin_sd7', 'tmax_trend7', 'tmin_trend7', 'observed_hot_run_length', 'rh_mean_latest', 'rh_mean_mean7', 'precipitation_latest', 'precipitation_sum7', 'wind_speed_mean_latest', 'wind_speed_mean_mean7', 'pressure_mean_latest', 'pressure_mean_mean7', 'cloud_cover_latest', 'cloud_cover_mean7', 'shortwave_radiation_latest', 'shortwave_radiation_mean7', 'soil_moisture_mean_latest', 'soil_moisture_mean_mean7']","['target_cos2', 'tmin_mean3']",[]
h7_2018_balanced_rf_S1_metadata.json,fit,"{'model__min_samples_leaf': 1, 'model__max_features': 1.0, 'model__max_depth': 8}",temporal_sigmoid,0.03804593965,0.22723765,"['target_sin1', 'target_cos1', 'target_sin2', 'time_decades', 'tmax_latest', 'tmin_latest', 'tmax_mean3', 'tmax_mean7', 'tmin_mean7', 'tmax_sd7', 'tmin_sd7', 'tmax_trend7', 'tmin_trend7', 'observed_hot_run_length']","['target_cos2', 'tmin_mean3']",[]
h7_2018_balanced_rf_S2_metadata.json,fit,"{'model__min_samples_leaf': 7, 'model__max_features': 1.0, 'model__max_depth': 3}",temporal_sigmoid,0.02647777907,0.1483836143,"['target_sin1', 'target_cos1', 'target_sin2', 'time_decades', 'tmax_latest', 'tmin_latest', 'tmax_mean3', 'tmax_mean7', 'tmin_mean7', 'tmax_sd7', 'tmin_sd7', 'tmax_trend7', 'tmin_trend7', 'observed_hot_run_length', 'rh_mean_latest', 'rh_mean_mean7', 'precipitation_latest', 'precipitation_sum7', 'wind_speed_mean_latest', 'wind_speed_mean_mean7', 'pressure_mean_latest', 'pressure_mean_mean7', 'cloud_cover_latest', 'cloud_cover_mean7', 'shortwave_radiation_latest', 'shortwave_radiation_mean7', 'soil_moisture_mean_latest', 'soil_moisture_mean_mean7']","['target_cos2', 'tmin_mean3']",[]
h7_2018_logistic_S1_metadata.json,fit,"{'model__penalty': 'l1', 'model__C': 0.01}",temporal_sigmoid,0.03012047202,0.1900193581,"['target_sin1', 'target_cos1', 'target_sin2', 'time_decades', 'tmax_latest', 'tmin_latest', 'tmax_mean3', 'tmax_mean7', 'tmin_mean7', 'tmax_sd7', 'tmin_sd7', 'tmax_trend7', 'tmin_trend7', 'observed_hot_run_length']","['target_cos2', 'tmin_mean3']",[]
h7_2018_logistic_S2_metadata.json,fit,"{'model__penalty': 'l2', 'model__C': 0.01}",temporal_sigmoid,0.01505485518,0.2079765795,"['target_sin1', 'target_cos1', 'target_sin2', 'time_decades', 'tmax_latest', 'tmin_latest', 'tmax_mean3', 'tmax_mean7', 'tmin_mean7', 'tmax_sd7', 'tmin_sd7', 'tmax_trend7', 'tmin_trend7', 'observed_hot_run_length', 'rh_mean_latest', 'rh_mean_mean7', 'precipitation_latest', 'precipitation_sum7', 'wind_speed_mean_latest', 'wind_speed_mean_mean7', 'pressure_mean_latest', 'pressure_mean_mean7', 'cloud_cover_latest', 'cloud_cover_mean7', 'shortwave_radiation_latest', 'shortwave_radiation_mean7', 'soil_moisture_mean_latest', 'soil_moisture_mean_mean7']","['target_cos2', 'tmin_mean3']",[]
h7_2018_s0_logistic_S0_metadata.json,fit,"{'model__penalty': 'l1', 'model__C': 0.1}",temporal_sigmoid,0.02811286631,0.3484281734,"['target_sin1', 'target_cos1', 'target_sin2', 'time_decades']",['target_cos2'],[]
h7_2018_weighted_rf_S1_metadata.json,fit,"{'model__min_samples_leaf': 1, 'model__max_features': 'sqrt', 'model__max_depth': 5}",temporal_sigmoid,0.0245152832,0.2801257444,"['target_sin1', 'target_cos1', 'target_sin2', 'time_decades', 'tmax_latest', 'tmin_latest', 'tmax_mean3', 'tmax_mean7', 'tmin_mean7', 'tmax_sd7', 'tmin_sd7', 'tmax_trend7', 'tmin_trend7', 'observed_hot_run_length']","['target_cos2', 'tmin_mean3']",[]
h7_2018_weighted_rf_S2_metadata.json,fit,"{'model__min_samples_leaf': 1, 'model__max_features': 0.7, 'model__max_depth': 8}",temporal_sigmoid,0.04390157112,0.1710252302,"['target_sin1', 'target_cos1', 'target_sin2', 'time_decades', 'tmax_latest', 'tmin_latest', 'tmax_mean3', 'tmax_mean7', 'tmin_mean7', 'tmax_sd7', 'tmin_sd7', 'tmax_trend7', 'tmin_trend7', 'observed_hot_run_length', 'rh_mean_latest', 'rh_mean_mean7', 'precipitation_latest', 'precipitation_sum7', 'wind_speed_mean_latest', 'wind_speed_mean_mean7', 'pressure_mean_latest', 'pressure_mean_mean7', 'cloud_cover_latest', 'cloud_cover_mean7', 'shortwave_radiation_latest', 'shortwave_radiation_mean7', 'soil_moisture_mean_latest', 'soil_moisture_mean_mean7']","['target_cos2', 'tmin_mean3']",[]
h7_2018_weighted_svc_S1_metadata.json,fit,"{'model__gamma': 'scale', 'model__C': 0.3}",temporal_sigmoid,0.0131123082,0.2343683928,"['target_sin1', 'target_cos1', 'target_sin2', 'time_decades', 'tmax_latest', 'tmin_latest', 'tmax_mean3', 'tmax_mean7', 'tmin_mean7', 'tmax_sd7', 'tmin_sd7', 'tmax_trend7', 'tmin_trend7', 'observed_hot_run_length']","['target_cos2', 'tmin_mean3']",[]
h7_2018_weighted_svc_S2_metadata.json,fit,"{'model__gamma': 0.03, 'model__C': 30.0}",temporal_sigmoid,0.01231152072,0.1332392813,"['target_sin1', 'target_cos1', 'target_sin2', 'time_decades', 'tmax_latest', 'tmin_latest', 'tmax_mean3', 'tmax_mean7', 'tmin_mean7', 'tmax_sd7', 'tmin_sd7', 'tmax_trend7', 'tmin_trend7', 'observed_hot_run_length', 'rh_mean_latest', 'rh_mean_mean7', 'precipitation_latest', 'precipitation_sum7', 'wind_speed_mean_latest', 'wind_speed_mean_mean7', 'pressure_mean_latest', 'pressure_mean_mean7', 'cloud_cover_latest', 'cloud_cover_mean7', 'shortwave_radiation_latest', 'shortwave_radiation_mean7', 'soil_moisture_mean_latest', 'soil_moisture_mean_mean7']","['target_cos2', 'tmin_mean3']",[]
h7_2018_xgboost_S1_metadata.json,fit,"{'model__subsample': 0.9, 'model__reg_lambda': 1.0, 'model__max_depth': 3, 'model__learning_rate': 0.15, 'model__colsample_bytree': 0.7}",temporal_sigmoid,0.0216151878,0.2586466537,"['target_sin1', 'target_cos1', 'target_sin2', 'time_decades', 'tmax_latest', 'tmin_latest', 'tmax_mean3', 'tmax_mean7', 'tmin_mean7', 'tmax_sd7', 'tmin_sd7', 'tmax_trend7', 'tmin_trend7', 'observed_hot_run_length']","['target_cos2', 'tmin_mean3']",[]
h7_2018_xgboost_S2_metadata.json,fit,"{'model__subsample': 0.9, 'model__reg_lambda': 10.0, 'model__max_depth': 4, 'model__learning_rate': 0.07, 'model__colsample_bytree': 1.0}",temporal_sigmoid,0.0224943873,0.1567124295,"['target_sin1', 'target_cos1', 'target_sin2', 'time_decades', 'tmax_latest', 'tmin_latest', 'tmax_mean3', 'tmax_mean7', 'tmin_mean7', 'tmax_sd7', 'tmin_sd7', 'tmax_trend7', 'tmin_trend7', 'observed_hot_run_length', 'rh_mean_latest', 'rh_mean_mean7', 'precipitation_latest', 'precipitation_sum7', 'wind_speed_mean_latest', 'wind_speed_mean_mean7', 'pressure_mean_latest', 'pressure_mean_mean7', 'cloud_cover_latest', 'cloud_cover_mean7', 'shortwave_radiation_latest', 'shortwave_radiation_mean7', 'soil_moisture_mean_latest', 'soil_moisture_mean_mean7']","['target_cos2', 'tmin_mean3']",[]
h7_2019_balanced_rf_S1_metadata.json,fit,"{'model__min_samples_leaf': 3, 'model__max_features': 'sqrt', 'model__max_depth': None}",temporal_sigmoid,0.02981697841,0.240588278,"['target_sin1', 'target_cos1', 'target_sin2', 'time_decades', 'tmax_latest', 'tmin_latest', 'tmax_mean3', 'tmax_mean7', 'tmin_mean7', 'tmax_sd7', 'tmin_sd7', 'tmax_trend7', 'tmin_trend7', 'observed_hot_run_length']","['target_cos2', 'tmin_mean3']",[]
h7_2019_balanced_rf_S2_metadata.json,fit,"{'model__min_samples_leaf': 3, 'model__max_features': 0.7, 'model__max_depth': 3}",temporal_sigmoid,0.01985400642,0.118610228,"['target_sin1', 'target_cos1', 'target_sin2', 'time_decades', 'tmax_latest', 'tmin_latest', 'tmax_mean3', 'tmax_mean7', 'tmin_mean7', 'tmax_sd7', 'tmin_sd7', 'tmax_trend7', 'tmin_trend7', 'observed_hot_run_length', 'rh_mean_latest', 'rh_mean_mean7', 'precipitation_latest', 'precipitation_sum7', 'wind_speed_mean_latest', 'wind_speed_mean_mean7', 'pressure_mean_latest', 'pressure_mean_mean7', 'cloud_cover_latest', 'cloud_cover_mean7', 'shortwave_radiation_latest', 'shortwave_radiation_mean7', 'soil_moisture_mean_latest', 'soil_moisture_mean_mean7']","['target_cos2', 'tmin_mean3']",[]
h7_2019_logistic_S1_metadata.json,fit,"{'model__penalty': 'l1', 'model__C': 0.01}",temporal_sigmoid,0.0245469748,0.1336328995,"['target_sin1', 'target_cos1', 'target_sin2', 'time_decades', 'tmax_latest', 'tmin_latest', 'tmax_mean3', 'tmax_mean7', 'tmin_mean7', 'tmax_sd7', 'tmin_sd7', 'tmax_trend7', 'tmin_trend7', 'observed_hot_run_length']","['target_cos2', 'tmin_mean3']",[]
h7_2019_logistic_S2_metadata.json,fit,"{'model__penalty': 'l2', 'model__C': 1.0}",temporal_sigmoid,0.02798377178,0.1268455558,"['target_sin1', 'target_cos1', 'target_sin2', 'time_decades', 'tmax_latest', 'tmin_latest', 'tmax_mean3', 'tmax_mean7', 'tmin_mean7', 'tmax_sd7', 'tmin_sd7', 'tmax_trend7', 'tmin_trend7', 'observed_hot_run_length', 'rh_mean_latest', 'rh_mean_mean7', 'precipitation_latest', 'precipitation_sum7', 'wind_speed_mean_latest', 'wind_speed_mean_mean7', 'pressure_mean_latest', 'pressure_mean_mean7', 'cloud_cover_latest', 'cloud_cover_mean7', 'shortwave_radiation_latest', 'shortwave_radiation_mean7', 'soil_moisture_mean_latest', 'soil_moisture_mean_mean7']","['target_cos2', 'tmin_mean3']",[]
h7_2019_s0_logistic_S0_metadata.json,fit,"{'model__penalty': 'l1', 'model__C': 0.03}",temporal_sigmoid,0.02384673512,0.112227665,"['target_sin1', 'target_cos1', 'target_sin2', 'time_decades']",['target_cos2'],[]
h7_2019_weighted_rf_S1_metadata.json,fit,"{'model__min_samples_leaf': 3, 'model__max_features': 'sqrt', 'model__max_depth': None}",temporal_sigmoid,0.04473440239,0.2089578409,"['target_sin1', 'target_cos1', 'target_sin2', 'time_decades', 'tmax_latest', 'tmin_latest', 'tmax_mean3', 'tmax_mean7', 'tmin_mean7', 'tmax_sd7', 'tmin_sd7', 'tmax_trend7', 'tmin_trend7', 'observed_hot_run_length']","['target_cos2', 'tmin_mean3']",[]
h7_2019_weighted_rf_S2_metadata.json,fit,"{'model__min_samples_leaf': 7, 'model__max_features': 'sqrt', 'model__max_depth': 5}",temporal_sigmoid,0.02632520337,0.09812343998,"['target_sin1', 'target_cos1', 'target_sin2', 'time_decades', 'tmax_latest', 'tmin_latest', 'tmax_mean3', 'tmax_mean7', 'tmin_mean7', 'tmax_sd7', 'tmin_sd7', 'tmax_trend7', 'tmin_trend7', 'observed_hot_run_length', 'rh_mean_latest', 'rh_mean_mean7', 'precipitation_latest', 'precipitation_sum7', 'wind_speed_mean_latest', 'wind_speed_mean_mean7', 'pressure_mean_latest', 'pressure_mean_mean7', 'cloud_cover_latest', 'cloud_cover_mean7', 'shortwave_radiation_latest', 'shortwave_radiation_mean7', 'soil_moisture_mean_latest', 'soil_moisture_mean_mean7']","['target_cos2', 'tmin_mean3']",[]
h7_2019_weighted_svc_S1_metadata.json,fit,"{'model__gamma': 'scale', 'model__C': 3.0}",temporal_sigmoid,0.02366260557,0.384879038,"['target_sin1', 'target_cos1', 'target_sin2', 'time_decades', 'tmax_latest', 'tmin_latest', 'tmax_mean3', 'tmax_mean7', 'tmin_mean7', 'tmax_sd7', 'tmin_sd7', 'tmax_trend7', 'tmin_trend7', 'observed_hot_run_length']","['target_cos2', 'tmin_mean3']",[]
h7_2019_weighted_svc_S2_metadata.json,fit,"{'model__gamma': 'scale', 'model__C': 10.0}",temporal_sigmoid,0.02880608028,0.1387534999,"['target_sin1', 'target_cos1', 'target_sin2', 'time_decades', 'tmax_latest', 'tmin_latest', 'tmax_mean3', 'tmax_mean7', 'tmin_mean7', 'tmax_sd7', 'tmin_sd7', 'tmax_trend7', 'tmin_trend7', 'observed_hot_run_length', 'rh_mean_latest', 'rh_mean_mean7', 'precipitation_latest', 'precipitation_sum7', 'wind_speed_mean_latest', 'wind_speed_mean_mean7', 'pressure_mean_latest', 'pressure_mean_mean7', 'cloud_cover_latest', 'cloud_cover_mean7', 'shortwave_radiation_latest', 'shortwave_radiation_mean7', 'soil_moisture_mean_latest', 'soil_moisture_mean_mean7']","['target_cos2', 'tmin_mean3']",[]
h7_2019_xgboost_S1_metadata.json,fit,"{'model__subsample': 0.7, 'model__reg_lambda': 10.0, 'model__max_depth': 2, 'model__learning_rate': 0.15, 'model__colsample_bytree': 0.7}",temporal_sigmoid,0.03195367275,0.2843476335,"['target_sin1', 'target_cos1', 'target_sin2', 'time_decades', 'tmax_latest', 'tmin_latest', 'tmax_mean3', 'tmax_mean7', 'tmin_mean7', 'tmax_sd7', 'tmin_sd7', 'tmax_trend7', 'tmin_trend7', 'observed_hot_run_length']","['target_cos2', 'tmin_mean3']",[]
h7_2019_xgboost_S2_metadata.json,fit,"{'model__subsample': 1.0, 'model__reg_lambda': 10.0, 'model__max_depth': 4, 'model__learning_rate': 0.15, 'model__colsample_bytree': 0.7}",temporal_sigmoid,0.0277199104,0.1472446797,"['target_sin1', 'target_cos1', 'target_sin2', 'time_decades', 'tmax_latest', 'tmin_latest', 'tmax_mean3', 'tmax_mean7', 'tmin_mean7', 'tmax_sd7', 'tmin_sd7', 'tmax_trend7', 'tmin_trend7', 'observed_hot_run_length', 'rh_mean_latest', 'rh_mean_mean7', 'precipitation_latest', 'precipitation_sum7', 'wind_speed_mean_latest', 'wind_speed_mean_mean7', 'pressure_mean_latest', 'pressure_mean_mean7', 'cloud_cover_latest', 'cloud_cover_mean7', 'shortwave_radiation_latest', 'shortwave_radiation_mean7', 'soil_moisture_mean_latest', 'soil_moisture_mean_mean7']","['target_cos2', 'tmin_mean3']",[]
h7_2020_balanced_rf_S1_metadata.json,fit,"{'model__min_samples_leaf': 7, 'model__max_features': 0.7, 'model__max_depth': 8}",temporal_sigmoid,0.02121213578,0.2197711768,"['target_sin1', 'target_cos1', 'target_sin2', 'time_decades', 'tmax_latest', 'tmin_latest', 'tmax_mean3', 'tmax_mean7', 'tmin_mean7', 'tmax_sd7', 'tmin_sd7', 'tmax_trend7', 'tmin_trend7', 'observed_hot_run_length']","['target_cos2', 'tmin_mean3']",[]
h7_2020_balanced_rf_S2_metadata.json,fit,"{'model__min_samples_leaf': 12, 'model__max_features': 0.7, 'model__max_depth': 8}",temporal_sigmoid,0.02832755388,0.1167720303,"['target_sin1', 'target_cos1', 'target_sin2', 'time_decades', 'tmax_latest', 'tmin_latest', 'tmax_mean3', 'tmax_mean7', 'tmin_mean7', 'tmax_sd7', 'tmin_sd7', 'tmax_trend7', 'tmin_trend7', 'observed_hot_run_length', 'rh_mean_latest', 'rh_mean_mean7', 'precipitation_latest', 'precipitation_sum7', 'wind_speed_mean_latest', 'wind_speed_mean_mean7', 'pressure_mean_latest', 'pressure_mean_mean7', 'cloud_cover_latest', 'cloud_cover_mean7', 'shortwave_radiation_latest', 'shortwave_radiation_mean7', 'soil_moisture_mean_latest', 'soil_moisture_mean_mean7']","['target_cos2', 'tmin_mean3']",[]
h7_2020_logistic_S1_metadata.json,fit,"{'model__penalty': 'l2', 'model__C': 30.0}",temporal_sigmoid,0.03214576432,0.1371603291,"['target_sin1', 'target_cos1', 'target_sin2', 'time_decades', 'tmax_latest', 'tmin_latest', 'tmax_mean3', 'tmax_mean7', 'tmin_mean7', 'tmax_sd7', 'tmin_sd7', 'tmax_trend7', 'tmin_trend7', 'observed_hot_run_length']","['target_cos2', 'tmin_mean3']",[]
h7_2020_logistic_S2_metadata.json,fit,"{'model__penalty': 'l2', 'model__C': 0.1}",temporal_sigmoid,0.03279080154,0.1151538691,"['target_sin1', 'target_cos1', 'target_sin2', 'time_decades', 'tmax_latest', 'tmin_latest', 'tmax_mean3', 'tmax_mean7', 'tmin_mean7', 'tmax_sd7', 'tmin_sd7', 'tmax_trend7', 'tmin_trend7', 'observed_hot_run_length', 'rh_mean_latest', 'rh_mean_mean7', 'precipitation_latest', 'precipitation_sum7', 'wind_speed_mean_latest', 'wind_speed_mean_mean7', 'pressure_mean_latest', 'pressure_mean_mean7', 'cloud_cover_latest', 'cloud_cover_mean7', 'shortwave_radiation_latest', 'shortwave_radiation_mean7', 'soil_moisture_mean_latest', 'soil_moisture_mean_mean7']","['target_cos2', 'tmin_mean3']",[]
h7_2020_s0_logistic_S0_metadata.json,fit,"{'model__penalty': 'l2', 'model__C': 0.03}",temporal_sigmoid,0.02425414962,0.3446888661,"['target_sin1', 'target_cos1', 'target_sin2', 'time_decades']",['target_cos2'],[]
h7_2020_weighted_rf_S1_metadata.json,fit,"{'model__min_samples_leaf': 3, 'model__max_features': 'sqrt', 'model__max_depth': 5}",temporal_sigmoid,0.03315683584,0.2108547146,"['target_sin1', 'target_cos1', 'target_sin2', 'time_decades', 'tmax_latest', 'tmin_latest', 'tmax_mean3', 'tmax_mean7', 'tmin_mean7', 'tmax_sd7', 'tmin_sd7', 'tmax_trend7', 'tmin_trend7', 'observed_hot_run_length']","['target_cos2', 'tmin_mean3']",[]
h7_2020_weighted_rf_S2_metadata.json,fit,"{'model__min_samples_leaf': 3, 'model__max_features': 'sqrt', 'model__max_depth': 5}",temporal_sigmoid,0.03380385614,0.1044986612,"['target_sin1', 'target_cos1', 'target_sin2', 'time_decades', 'tmax_latest', 'tmin_latest', 'tmax_mean3', 'tmax_mean7', 'tmin_mean7', 'tmax_sd7', 'tmin_sd7', 'tmax_trend7', 'tmin_trend7', 'observed_hot_run_length', 'rh_mean_latest', 'rh_mean_mean7', 'precipitation_latest', 'precipitation_sum7', 'wind_speed_mean_latest', 'wind_speed_mean_mean7', 'pressure_mean_latest', 'pressure_mean_mean7', 'cloud_cover_latest', 'cloud_cover_mean7', 'shortwave_radiation_latest', 'shortwave_radiation_mean7', 'soil_moisture_mean_latest', 'soil_moisture_mean_mean7']","['target_cos2', 'tmin_mean3']",[]
h7_2020_weighted_svc_S1_metadata.json,fit,"{'model__gamma': 'scale', 'model__C': 10.0}",temporal_sigmoid,0.0240475169,0.2874805783,"['target_sin1', 'target_cos1', 'target_sin2', 'time_decades', 'tmax_latest', 'tmin_latest', 'tmax_mean3', 'tmax_mean7', 'tmin_mean7', 'tmax_sd7', 'tmin_sd7', 'tmax_trend7', 'tmin_trend7', 'observed_hot_run_length']","['target_cos2', 'tmin_mean3']",[]
h7_2020_weighted_svc_S2_metadata.json,fit,"{'model__gamma': 0.03, 'model__C': 30.0}",temporal_sigmoid,0.02724468897,0.1424875675,"['target_sin1', 'target_cos1', 'target_sin2', 'time_decades', 'tmax_latest', 'tmin_latest', 'tmax_mean3', 'tmax_mean7', 'tmin_mean7', 'tmax_sd7', 'tmin_sd7', 'tmax_trend7', 'tmin_trend7', 'observed_hot_run_length', 'rh_mean_latest', 'rh_mean_mean7', 'precipitation_latest', 'precipitation_sum7', 'wind_speed_mean_latest', 'wind_speed_mean_mean7', 'pressure_mean_latest', 'pressure_mean_mean7', 'cloud_cover_latest', 'cloud_cover_mean7', 'shortwave_radiation_latest', 'shortwave_radiation_mean7', 'soil_moisture_mean_latest', 'soil_moisture_mean_mean7']","['target_cos2', 'tmin_mean3']",[]
h7_2020_xgboost_S1_metadata.json,fit,"{'model__subsample': 0.7, 'model__reg_lambda': 1.0, 'model__max_depth': 4, 'model__learning_rate': 0.15, 'model__colsample_bytree': 1.0}",temporal_sigmoid,0.01316336786,0.259329258,"['target_sin1', 'target_cos1', 'target_sin2', 'time_decades', 'tmax_latest', 'tmin_latest', 'tmax_mean3', 'tmax_mean7', 'tmin_mean7', 'tmax_sd7', 'tmin_sd7', 'tmax_trend7', 'tmin_trend7', 'observed_hot_run_length']","['target_cos2', 'tmin_mean3']",[]
h7_2020_xgboost_S2_metadata.json,fit,"{'model__subsample': 0.7, 'model__reg_lambda': 1.0, 'model__max_depth': 2, 'model__learning_rate': 0.03, 'model__colsample_bytree': 0.7}",temporal_sigmoid,0.02838050831,0.1230599476,"['target_sin1', 'target_cos1', 'target_sin2', 'time_decades', 'tmax_latest', 'tmin_latest', 'tmax_mean3', 'tmax_mean7', 'tmin_mean7', 'tmax_sd7', 'tmin_sd7', 'tmax_trend7', 'tmin_trend7', 'observed_hot_run_length', 'rh_mean_latest', 'rh_mean_mean7', 'precipitation_latest', 'precipitation_sum7', 'wind_speed_mean_latest', 'wind_speed_mean_mean7', 'pressure_mean_latest', 'pressure_mean_mean7', 'cloud_cover_latest', 'cloud_cover_mean7', 'shortwave_radiation_latest', 'shortwave_radiation_mean7', 'soil_moisture_mean_latest', 'soil_moisture_mean_mean7']","['target_cos2', 'tmin_mean3']",[]
h7_2021_balanced_rf_S1_metadata.json,fit,"{'model__min_samples_leaf': 3, 'model__max_features': 1.0, 'model__max_depth': None}",temporal_sigmoid,0.02579347928,0.2174884002,"['target_sin1', 'target_cos1', 'target_sin2', 'time_decades', 'tmax_latest', 'tmin_latest', 'tmax_mean3', 'tmax_mean7', 'tmin_mean7', 'tmax_sd7', 'tmin_sd7', 'tmax_trend7', 'tmin_trend7', 'observed_hot_run_length']","['target_cos2', 'tmin_mean3']",[]
h7_2021_balanced_rf_S2_metadata.json,fit,"{'model__min_samples_leaf': 1, 'model__max_features': 'sqrt', 'model__max_depth': 3}",temporal_sigmoid,0.01616277824,0.0997059439,"['target_sin1', 'target_cos1', 'target_sin2', 'time_decades', 'tmax_latest', 'tmin_latest', 'tmax_mean3', 'tmax_mean7', 'tmin_mean7', 'tmax_sd7', 'tmin_sd7', 'tmax_trend7', 'tmin_trend7', 'observed_hot_run_length', 'rh_mean_latest', 'rh_mean_mean7', 'precipitation_latest', 'precipitation_sum7', 'wind_speed_mean_latest', 'wind_speed_mean_mean7', 'pressure_mean_latest', 'pressure_mean_mean7', 'cloud_cover_latest', 'cloud_cover_mean7', 'shortwave_radiation_latest', 'shortwave_radiation_mean7', 'soil_moisture_mean_latest', 'soil_moisture_mean_mean7']","['target_cos2', 'tmin_mean3']",[]
h7_2021_logistic_S1_metadata.json,fit,"{'model__penalty': 'l1', 'model__C': 0.01}",temporal_sigmoid,0.03185016983,0.1515301997,"['target_sin1', 'target_cos1', 'target_sin2', 'time_decades', 'tmax_latest', 'tmin_latest', 'tmax_mean3', 'tmax_mean7', 'tmin_mean7', 'tmax_sd7', 'tmin_sd7', 'tmax_trend7', 'tmin_trend7', 'observed_hot_run_length']","['target_cos2', 'tmin_mean3']",[]
h7_2021_logistic_S2_metadata.json,fit,"{'model__penalty': 'l1', 'model__C': 0.01}",temporal_sigmoid,0.02500620873,0.1360705297,"['target_sin1', 'target_cos1', 'target_sin2', 'time_decades', 'tmax_latest', 'tmin_latest', 'tmax_mean3', 'tmax_mean7', 'tmin_mean7', 'tmax_sd7', 'tmin_sd7', 'tmax_trend7', 'tmin_trend7', 'observed_hot_run_length', 'rh_mean_latest', 'rh_mean_mean7', 'precipitation_latest', 'precipitation_sum7', 'wind_speed_mean_latest', 'wind_speed_mean_mean7', 'pressure_mean_latest', 'pressure_mean_mean7', 'cloud_cover_latest', 'cloud_cover_mean7', 'shortwave_radiation_latest', 'shortwave_radiation_mean7', 'soil_moisture_mean_latest', 'soil_moisture_mean_mean7']","['target_cos2', 'tmin_mean3']",[]
h7_2021_s0_logistic_S0_metadata.json,fit,"{'model__penalty': 'l1', 'model__C': 0.03}",temporal_sigmoid,0.02427169802,0.2682094521,"['target_sin1', 'target_cos1', 'target_sin2', 'time_decades']",['target_cos2'],[]
h7_2021_weighted_rf_S1_metadata.json,fit,"{'model__min_samples_leaf': 7, 'model__max_features': 'sqrt', 'model__max_depth': 8}",temporal_sigmoid,0.02154270941,0.3019855983,"['target_sin1', 'target_cos1', 'target_sin2', 'time_decades', 'tmax_latest', 'tmin_latest', 'tmax_mean3', 'tmax_mean7', 'tmin_mean7', 'tmax_sd7', 'tmin_sd7', 'tmax_trend7', 'tmin_trend7', 'observed_hot_run_length']","['target_cos2', 'tmin_mean3']",[]
h7_2021_weighted_rf_S2_metadata.json,fit,"{'model__min_samples_leaf': 12, 'model__max_features': 0.7, 'model__max_depth': 3}",temporal_sigmoid,0.02911831002,0.1024926611,"['target_sin1', 'target_cos1', 'target_sin2', 'time_decades', 'tmax_latest', 'tmin_latest', 'tmax_mean3', 'tmax_mean7', 'tmin_mean7', 'tmax_sd7', 'tmin_sd7', 'tmax_trend7', 'tmin_trend7', 'observed_hot_run_length', 'rh_mean_latest', 'rh_mean_mean7', 'precipitation_latest', 'precipitation_sum7', 'wind_speed_mean_latest', 'wind_speed_mean_mean7', 'pressure_mean_latest', 'pressure_mean_mean7', 'cloud_cover_latest', 'cloud_cover_mean7', 'shortwave_radiation_latest', 'shortwave_radiation_mean7', 'soil_moisture_mean_latest', 'soil_moisture_mean_mean7']","['target_cos2', 'tmin_mean3']",[]
h7_2021_weighted_svc_S1_metadata.json,fit,"{'model__gamma': 0.1, 'model__C': 0.3}",temporal_sigmoid,0.03156701761,0.324023977,"['target_sin1', 'target_cos1', 'target_sin2', 'time_decades', 'tmax_latest', 'tmin_latest', 'tmax_mean3', 'tmax_mean7', 'tmin_mean7', 'tmax_sd7', 'tmin_sd7', 'tmax_trend7', 'tmin_trend7', 'observed_hot_run_length']","['target_cos2', 'tmin_mean3']",[]
h7_2021_weighted_svc_S2_metadata.json,fit,"{'model__gamma': 'scale', 'model__C': 30.0}",temporal_sigmoid,0.02386015232,0.1428128298,"['target_sin1', 'target_cos1', 'target_sin2', 'time_decades', 'tmax_latest', 'tmin_latest', 'tmax_mean3', 'tmax_mean7', 'tmin_mean7', 'tmax_sd7', 'tmin_sd7', 'tmax_trend7', 'tmin_trend7', 'observed_hot_run_length', 'rh_mean_latest', 'rh_mean_mean7', 'precipitation_latest', 'precipitation_sum7', 'wind_speed_mean_latest', 'wind_speed_mean_mean7', 'pressure_mean_latest', 'pressure_mean_mean7', 'cloud_cover_latest', 'cloud_cover_mean7', 'shortwave_radiation_latest', 'shortwave_radiation_mean7', 'soil_moisture_mean_latest', 'soil_moisture_mean_mean7']","['target_cos2', 'tmin_mean3']",[]
h7_2021_xgboost_S1_metadata.json,fit,"{'model__subsample': 0.7, 'model__reg_lambda': 10.0, 'model__max_depth': 3, 'model__learning_rate': 0.07, 'model__colsample_bytree': 0.7}",temporal_sigmoid,0.02969709358,0.2479549298,"['target_sin1', 'target_cos1', 'target_sin2', 'time_decades', 'tmax_latest', 'tmin_latest', 'tmax_mean3', 'tmax_mean7', 'tmin_mean7', 'tmax_sd7', 'tmin_sd7', 'tmax_trend7', 'tmin_trend7', 'observed_hot_run_length']","['target_cos2', 'tmin_mean3']",[]
h7_2021_xgboost_S2_metadata.json,fit,"{'model__subsample': 0.7, 'model__reg_lambda': 5.0, 'model__max_depth': 2, 'model__learning_rate': 0.03, 'model__colsample_bytree': 0.7}",temporal_sigmoid,0.01873709486,0.1081813175,"['target_sin1', 'target_cos1', 'target_sin2', 'time_decades', 'tmax_latest', 'tmin_latest', 'tmax_mean3', 'tmax_mean7', 'tmin_mean7', 'tmax_sd7', 'tmin_sd7', 'tmax_trend7', 'tmin_trend7', 'observed_hot_run_length', 'rh_mean_latest', 'rh_mean_mean7', 'precipitation_latest', 'precipitation_sum7', 'wind_speed_mean_latest', 'wind_speed_mean_mean7', 'pressure_mean_latest', 'pressure_mean_mean7', 'cloud_cover_latest', 'cloud_cover_mean7', 'shortwave_radiation_latest', 'shortwave_radiation_mean7', 'soil_moisture_mean_latest', 'soil_moisture_mean_mean7']","['target_cos2', 'tmin_mean3']",[]
h7_2022_balanced_rf_S1_metadata.json,fit,"{'model__min_samples_leaf': 1, 'model__max_features': 0.7, 'model__max_depth': 8}",temporal_sigmoid,0.02332970462,0.2854811271,"['target_sin1', 'target_cos1', 'target_sin2', 'time_decades', 'tmax_latest', 'tmin_latest', 'tmax_mean3', 'tmax_mean7', 'tmin_mean7', 'tmax_sd7', 'tmin_sd7', 'tmax_trend7', 'tmin_trend7', 'observed_hot_run_length']","['target_cos2', 'tmin_mean3']",[]
h7_2022_balanced_rf_S2_metadata.json,fit,"{'model__min_samples_leaf': 3, 'model__max_features': 0.7, 'model__max_depth': None}",temporal_sigmoid,0.02129770819,0.1971113526,"['target_sin1', 'target_cos1', 'target_sin2', 'time_decades', 'tmax_latest', 'tmin_latest', 'tmax_mean3', 'tmax_mean7', 'tmin_mean7', 'tmax_sd7', 'tmin_sd7', 'tmax_trend7', 'tmin_trend7', 'observed_hot_run_length', 'rh_mean_latest', 'rh_mean_mean7', 'precipitation_latest', 'precipitation_sum7', 'wind_speed_mean_latest', 'wind_speed_mean_mean7', 'pressure_mean_latest', 'pressure_mean_mean7', 'cloud_cover_latest', 'cloud_cover_mean7', 'shortwave_radiation_latest', 'shortwave_radiation_mean7', 'soil_moisture_mean_latest', 'soil_moisture_mean_mean7']","['target_cos2', 'tmin_mean3']",[]
h7_2022_logistic_S1_metadata.json,fit,"{'model__penalty': 'l1', 'model__C': 0.01}",temporal_sigmoid,0.02604614654,0.1501826115,"['target_sin1', 'target_cos1', 'target_sin2', 'time_decades', 'tmax_latest', 'tmin_latest', 'tmax_mean3', 'tmax_mean7', 'tmin_mean7', 'tmax_sd7', 'tmin_sd7', 'tmax_trend7', 'tmin_trend7', 'observed_hot_run_length']","['target_cos2', 'tmin_mean3']",[]
h7_2022_logistic_S2_metadata.json,fit,"{'model__penalty': 'l1', 'model__C': 0.01}",temporal_sigmoid,0.02401820916,0.1967229481,"['target_sin1', 'target_cos1', 'target_sin2', 'time_decades', 'tmax_latest', 'tmin_latest', 'tmax_mean3', 'tmax_mean7', 'tmin_mean7', 'tmax_sd7', 'tmin_sd7', 'tmax_trend7', 'tmin_trend7', 'observed_hot_run_length', 'rh_mean_latest', 'rh_mean_mean7', 'precipitation_latest', 'precipitation_sum7', 'wind_speed_mean_latest', 'wind_speed_mean_mean7', 'pressure_mean_latest', 'pressure_mean_mean7', 'cloud_cover_latest', 'cloud_cover_mean7', 'shortwave_radiation_latest', 'shortwave_radiation_mean7', 'soil_moisture_mean_latest', 'soil_moisture_mean_mean7']","['target_cos2', 'tmin_mean3']",[]
h7_2022_s0_logistic_S0_metadata.json,fit,"{'model__penalty': 'l1', 'model__C': 0.01}",temporal_sigmoid,0.02531926479,0.2963877827,"['target_sin1', 'target_cos1', 'target_sin2', 'time_decades']",['target_cos2'],[]
h7_2022_weighted_rf_S1_metadata.json,fit,"{'model__min_samples_leaf': 1, 'model__max_features': 1.0, 'model__max_depth': 8}",temporal_sigmoid,0.03524437805,0.2152907769,"['target_sin1', 'target_cos1', 'target_sin2', 'time_decades', 'tmax_latest', 'tmin_latest', 'tmax_mean3', 'tmax_mean7', 'tmin_mean7', 'tmax_sd7', 'tmin_sd7', 'tmax_trend7', 'tmin_trend7', 'observed_hot_run_length']","['target_cos2', 'tmin_mean3']",[]
h7_2022_weighted_rf_S2_metadata.json,fit,"{'model__min_samples_leaf': 7, 'model__max_features': 'sqrt', 'model__max_depth': 8}",temporal_sigmoid,0.02604028519,0.1305034231,"['target_sin1', 'target_cos1', 'target_sin2', 'time_decades', 'tmax_latest', 'tmin_latest', 'tmax_mean3', 'tmax_mean7', 'tmin_mean7', 'tmax_sd7', 'tmin_sd7', 'tmax_trend7', 'tmin_trend7', 'observed_hot_run_length', 'rh_mean_latest', 'rh_mean_mean7', 'precipitation_latest', 'precipitation_sum7', 'wind_speed_mean_latest', 'wind_speed_mean_mean7', 'pressure_mean_latest', 'pressure_mean_mean7', 'cloud_cover_latest', 'cloud_cover_mean7', 'shortwave_radiation_latest', 'shortwave_radiation_mean7', 'soil_moisture_mean_latest', 'soil_moisture_mean_mean7']","['target_cos2', 'tmin_mean3']",[]
h7_2022_weighted_svc_S1_metadata.json,fit,"{'model__gamma': 0.1, 'model__C': 0.3}",temporal_sigmoid,0.03544678702,0.2498916572,"['target_sin1', 'target_cos1', 'target_sin2', 'time_decades', 'tmax_latest', 'tmin_latest', 'tmax_mean3', 'tmax_mean7', 'tmin_mean7', 'tmax_sd7', 'tmin_sd7', 'tmax_trend7', 'tmin_trend7', 'observed_hot_run_length']","['target_cos2', 'tmin_mean3']",[]
h7_2022_weighted_svc_S2_metadata.json,fit,"{'model__gamma': 'scale', 'model__C': 0.1}",temporal_sigmoid,0.02362930943,0.1326526002,"['target_sin1', 'target_cos1', 'target_sin2', 'time_decades', 'tmax_latest', 'tmin_latest', 'tmax_mean3', 'tmax_mean7', 'tmin_mean7', 'tmax_sd7', 'tmin_sd7', 'tmax_trend7', 'tmin_trend7', 'observed_hot_run_length', 'rh_mean_latest', 'rh_mean_mean7', 'precipitation_latest', 'precipitation_sum7', 'wind_speed_mean_latest', 'wind_speed_mean_mean7', 'pressure_mean_latest', 'pressure_mean_mean7', 'cloud_cover_latest', 'cloud_cover_mean7', 'shortwave_radiation_latest', 'shortwave_radiation_mean7', 'soil_moisture_mean_latest', 'soil_moisture_mean_mean7']","['target_cos2', 'tmin_mean3']",[]
h7_2022_xgboost_S1_metadata.json,fit,"{'model__subsample': 0.7, 'model__reg_lambda': 10.0, 'model__max_depth': 4, 'model__learning_rate': 0.03, 'model__colsample_bytree': 1.0}",temporal_sigmoid,0.02638817153,0.246880528,"['target_sin1', 'target_cos1', 'target_sin2', 'time_decades', 'tmax_latest', 'tmin_latest', 'tmax_mean3', 'tmax_mean7', 'tmin_mean7', 'tmax_sd7', 'tmin_sd7', 'tmax_trend7', 'tmin_trend7', 'observed_hot_run_length']","['target_cos2', 'tmin_mean3']",[]
h7_2022_xgboost_S2_metadata.json,fit,"{'model__subsample': 1.0, 'model__reg_lambda': 10.0, 'model__max_depth': 3, 'model__learning_rate': 0.15, 'model__colsample_bytree': 1.0}",temporal_sigmoid,0.02947343792,0.202265827,"['target_sin1', 'target_cos1', 'target_sin2', 'time_decades', 'tmax_latest', 'tmin_latest', 'tmax_mean3', 'tmax_mean7', 'tmin_mean7', 'tmax_sd7', 'tmin_sd7', 'tmax_trend7', 'tmin_trend7', 'observed_hot_run_length', 'rh_mean_latest', 'rh_mean_mean7', 'precipitation_latest', 'precipitation_sum7', 'wind_speed_mean_latest', 'wind_speed_mean_mean7', 'pressure_mean_latest', 'pressure_mean_mean7', 'cloud_cover_latest', 'cloud_cover_mean7', 'shortwave_radiation_latest', 'shortwave_radiation_mean7', 'soil_moisture_mean_latest', 'soil_moisture_mean_mean7']","['target_cos2', 'tmin_mean3']",[]
h7_2023_balanced_rf_S1_metadata.json,fit,"{'model__min_samples_leaf': 1, 'model__max_features': 0.7, 'model__max_depth': None}",temporal_sigmoid,0.01626526948,0.1644217914,"['target_sin1', 'target_cos1', 'target_sin2', 'time_decades', 'tmax_latest', 'tmin_latest', 'tmax_mean3', 'tmax_mean7', 'tmin_mean7', 'tmax_sd7', 'tmin_sd7', 'tmax_trend7', 'tmin_trend7', 'observed_hot_run_length']","['target_cos2', 'tmin_mean3']",[]
h7_2023_balanced_rf_S2_metadata.json,fit,"{'model__min_samples_leaf': 3, 'model__max_features': 'sqrt', 'model__max_depth': 8}",temporal_sigmoid,0.02010070243,0.1397969574,"['target_sin1', 'target_cos1', 'target_sin2', 'time_decades', 'tmax_latest', 'tmin_latest', 'tmax_mean3', 'tmax_mean7', 'tmin_mean7', 'tmax_sd7', 'tmin_sd7', 'tmax_trend7', 'tmin_trend7', 'observed_hot_run_length', 'rh_mean_latest', 'rh_mean_mean7', 'precipitation_latest', 'precipitation_sum7', 'wind_speed_mean_latest', 'wind_speed_mean_mean7', 'pressure_mean_latest', 'pressure_mean_mean7', 'cloud_cover_latest', 'cloud_cover_mean7', 'shortwave_radiation_latest', 'shortwave_radiation_mean7', 'soil_moisture_mean_latest', 'soil_moisture_mean_mean7']","['target_cos2', 'tmin_mean3']",[]
h7_2023_logistic_S1_metadata.json,fit,"{'model__penalty': 'l2', 'model__C': 30.0}",temporal_sigmoid,0.009396676756,0.09134172564,"['target_sin1', 'target_cos1', 'target_sin2', 'time_decades', 'tmax_latest', 'tmin_latest', 'tmax_mean3', 'tmax_mean7', 'tmin_mean7', 'tmax_sd7', 'tmin_sd7', 'tmax_trend7', 'tmin_trend7', 'observed_hot_run_length']","['target_cos2', 'tmin_mean3']",[]
h7_2023_logistic_S2_metadata.json,fit,"{'model__penalty': 'l1', 'model__C': 0.3}",temporal_sigmoid,0.008253398386,0.08351247202,"['target_sin1', 'target_cos1', 'target_sin2', 'time_decades', 'tmax_latest', 'tmin_latest', 'tmax_mean3', 'tmax_mean7', 'tmin_mean7', 'tmax_sd7', 'tmin_sd7', 'tmax_trend7', 'tmin_trend7', 'observed_hot_run_length', 'rh_mean_latest', 'rh_mean_mean7', 'precipitation_latest', 'precipitation_sum7', 'wind_speed_mean_latest', 'wind_speed_mean_mean7', 'pressure_mean_latest', 'pressure_mean_mean7', 'cloud_cover_latest', 'cloud_cover_mean7', 'shortwave_radiation_latest', 'shortwave_radiation_mean7', 'soil_moisture_mean_latest', 'soil_moisture_mean_mean7']","['target_cos2', 'tmin_mean3']",[]
h7_2023_s0_logistic_S0_metadata.json,fit,"{'model__penalty': 'l1', 'model__C': 0.03}",temporal_sigmoid,0.03095301014,0.08880758586,"['target_sin1', 'target_cos1', 'target_sin2', 'time_decades']",['target_cos2'],[]
h7_2023_weighted_rf_S1_metadata.json,fit,"{'model__min_samples_leaf': 12, 'model__max_features': 'sqrt', 'model__max_depth': 8}",temporal_sigmoid,0.01237926983,0.187130676,"['target_sin1', 'target_cos1', 'target_sin2', 'time_decades', 'tmax_latest', 'tmin_latest', 'tmax_mean3', 'tmax_mean7', 'tmin_mean7', 'tmax_sd7', 'tmin_sd7', 'tmax_trend7', 'tmin_trend7', 'observed_hot_run_length']","['target_cos2', 'tmin_mean3']",[]
h7_2023_weighted_rf_S2_metadata.json,fit,"{'model__min_samples_leaf': 1, 'model__max_features': 'sqrt', 'model__max_depth': 8}",temporal_sigmoid,0.02060971915,0.1209296642,"['target_sin1', 'target_cos1', 'target_sin2', 'time_decades', 'tmax_latest', 'tmin_latest', 'tmax_mean3', 'tmax_mean7', 'tmin_mean7', 'tmax_sd7', 'tmin_sd7', 'tmax_trend7', 'tmin_trend7', 'observed_hot_run_length', 'rh_mean_latest', 'rh_mean_mean7', 'precipitation_latest', 'precipitation_sum7', 'wind_speed_mean_latest', 'wind_speed_mean_mean7', 'pressure_mean_latest', 'pressure_mean_mean7', 'cloud_cover_latest', 'cloud_cover_mean7', 'shortwave_radiation_latest', 'shortwave_radiation_mean7', 'soil_moisture_mean_latest', 'soil_moisture_mean_mean7']","['target_cos2', 'tmin_mean3']",[]
h7_2023_weighted_svc_S1_metadata.json,fit,"{'model__gamma': 'scale', 'model__C': 10.0}",temporal_sigmoid,0.00911285801,0.3060979285,"['target_sin1', 'target_cos1', 'target_sin2', 'time_decades', 'tmax_latest', 'tmin_latest', 'tmax_mean3', 'tmax_mean7', 'tmin_mean7', 'tmax_sd7', 'tmin_sd7', 'tmax_trend7', 'tmin_trend7', 'observed_hot_run_length']","['target_cos2', 'tmin_mean3']",[]
h7_2023_weighted_svc_S2_metadata.json,fit,"{'model__gamma': 'scale', 'model__C': 10.0}",temporal_sigmoid,0.01092651513,0.1078796825,"['target_sin1', 'target_cos1', 'target_sin2', 'time_decades', 'tmax_latest', 'tmin_latest', 'tmax_mean3', 'tmax_mean7', 'tmin_mean7', 'tmax_sd7', 'tmin_sd7', 'tmax_trend7', 'tmin_trend7', 'observed_hot_run_length', 'rh_mean_latest', 'rh_mean_mean7', 'precipitation_latest', 'precipitation_sum7', 'wind_speed_mean_latest', 'wind_speed_mean_mean7', 'pressure_mean_latest', 'pressure_mean_mean7', 'cloud_cover_latest', 'cloud_cover_mean7', 'shortwave_radiation_latest', 'shortwave_radiation_mean7', 'soil_moisture_mean_latest', 'soil_moisture_mean_mean7']","['target_cos2', 'tmin_mean3']",[]
h7_2023_xgboost_S1_metadata.json,fit,"{'model__subsample': 0.9, 'model__reg_lambda': 5.0, 'model__max_depth': 3, 'model__learning_rate': 0.15, 'model__colsample_bytree': 0.7}",temporal_sigmoid,0.009275986171,0.20113552,"['target_sin1', 'target_cos1', 'target_sin2', 'time_decades', 'tmax_latest', 'tmin_latest', 'tmax_mean3', 'tmax_mean7', 'tmin_mean7', 'tmax_sd7', 'tmin_sd7', 'tmax_trend7', 'tmin_trend7', 'observed_hot_run_length']","['target_cos2', 'tmin_mean3']",[]
h7_2023_xgboost_S2_metadata.json,fit,"{'model__subsample': 0.7, 'model__reg_lambda': 1.0, 'model__max_depth': 2, 'model__learning_rate': 0.07, 'model__colsample_bytree': 1.0}",temporal_sigmoid,0.01159661364,0.1108113464,"['target_sin1', 'target_cos1', 'target_sin2', 'time_decades', 'tmax_latest', 'tmin_latest', 'tmax_mean3', 'tmax_mean7', 'tmin_mean7', 'tmax_sd7', 'tmin_sd7', 'tmax_trend7', 'tmin_trend7', 'observed_hot_run_length', 'rh_mean_latest', 'rh_mean_mean7', 'precipitation_latest', 'precipitation_sum7', 'wind_speed_mean_latest', 'wind_speed_mean_mean7', 'pressure_mean_latest', 'pressure_mean_mean7', 'cloud_cover_latest', 'cloud_cover_mean7', 'shortwave_radiation_latest', 'shortwave_radiation_mean7', 'soil_moisture_mean_latest', 'soil_moisture_mean_mean7']","['target_cos2', 'tmin_mean3']",[]
h7_2024_balanced_rf_S1_metadata.json,fit,"{'model__min_samples_leaf': 3, 'model__max_features': 0.7, 'model__max_depth': None}",temporal_sigmoid,0.03966031424,0.1633612734,"['target_sin1', 'target_cos1', 'target_sin2', 'time_decades', 'tmax_latest', 'tmin_latest', 'tmax_mean3', 'tmax_mean7', 'tmin_mean7', 'tmax_sd7', 'tmin_sd7', 'tmax_trend7', 'tmin_trend7', 'observed_hot_run_length']","['target_cos2', 'tmin_mean3']",[]
h7_2024_balanced_rf_S2_metadata.json,fit,"{'model__min_samples_leaf': 7, 'model__max_features': 1.0, 'model__max_depth': 3}",temporal_sigmoid,0.04582897003,0.09460835697,"['target_sin1', 'target_cos1', 'target_sin2', 'time_decades', 'tmax_latest', 'tmin_latest', 'tmax_mean3', 'tmax_mean7', 'tmin_mean7', 'tmax_sd7', 'tmin_sd7', 'tmax_trend7', 'tmin_trend7', 'observed_hot_run_length', 'rh_mean_latest', 'rh_mean_mean7', 'precipitation_latest', 'precipitation_sum7', 'wind_speed_mean_latest', 'wind_speed_mean_mean7', 'pressure_mean_latest', 'pressure_mean_mean7', 'cloud_cover_latest', 'cloud_cover_mean7', 'shortwave_radiation_latest', 'shortwave_radiation_mean7', 'soil_moisture_mean_latest', 'soil_moisture_mean_mean7']","['target_cos2', 'tmin_mean3']",[]
h7_2024_logistic_S1_metadata.json,fit,"{'model__penalty': 'l1', 'model__C': 30.0}",temporal_sigmoid,0.02762898057,0.1164418685,"['target_sin1', 'target_cos1', 'target_sin2', 'time_decades', 'tmax_latest', 'tmin_latest', 'tmax_mean3', 'tmax_mean7', 'tmin_mean7', 'tmax_sd7', 'tmin_sd7', 'tmax_trend7', 'tmin_trend7', 'observed_hot_run_length']","['target_cos2', 'tmin_mean3']",[]
h7_2024_logistic_S2_metadata.json,fit,"{'model__penalty': 'l2', 'model__C': 3.0}",temporal_sigmoid,0.02924592811,0.1021692403,"['target_sin1', 'target_cos1', 'target_sin2', 'time_decades', 'tmax_latest', 'tmin_latest', 'tmax_mean3', 'tmax_mean7', 'tmin_mean7', 'tmax_sd7', 'tmin_sd7', 'tmax_trend7', 'tmin_trend7', 'observed_hot_run_length', 'rh_mean_latest', 'rh_mean_mean7', 'precipitation_latest', 'precipitation_sum7', 'wind_speed_mean_latest', 'wind_speed_mean_mean7', 'pressure_mean_latest', 'pressure_mean_mean7', 'cloud_cover_latest', 'cloud_cover_mean7', 'shortwave_radiation_latest', 'shortwave_radiation_mean7', 'soil_moisture_mean_latest', 'soil_moisture_mean_mean7']","['target_cos2', 'tmin_mean3']",[]
h7_2024_s0_logistic_S0_metadata.json,fit,"{'model__penalty': 'l2', 'model__C': 0.01}",temporal_sigmoid,0.03770487186,0.2717161309,"['target_sin1', 'target_cos1', 'target_sin2', 'time_decades']",['target_cos2'],[]
h7_2024_weighted_rf_S1_metadata.json,fit,"{'model__min_samples_leaf': 12, 'model__max_features': 'sqrt', 'model__max_depth': 5}",temporal_sigmoid,0.04293936664,0.1579494133,"['target_sin1', 'target_cos1', 'target_sin2', 'time_decades', 'tmax_latest', 'tmin_latest', 'tmax_mean3', 'tmax_mean7', 'tmin_mean7', 'tmax_sd7', 'tmin_sd7', 'tmax_trend7', 'tmin_trend7', 'observed_hot_run_length']","['target_cos2', 'tmin_mean3']",[]
h7_2024_weighted_rf_S2_metadata.json,fit,"{'model__min_samples_leaf': 3, 'model__max_features': 'sqrt', 'model__max_depth': 5}",temporal_sigmoid,0.06208255641,0.0905260708,"['target_sin1', 'target_cos1', 'target_sin2', 'time_decades', 'tmax_latest', 'tmin_latest', 'tmax_mean3', 'tmax_mean7', 'tmin_mean7', 'tmax_sd7', 'tmin_sd7', 'tmax_trend7', 'tmin_trend7', 'observed_hot_run_length', 'rh_mean_latest', 'rh_mean_mean7', 'precipitation_latest', 'precipitation_sum7', 'wind_speed_mean_latest', 'wind_speed_mean_mean7', 'pressure_mean_latest', 'pressure_mean_mean7', 'cloud_cover_latest', 'cloud_cover_mean7', 'shortwave_radiation_latest', 'shortwave_radiation_mean7', 'soil_moisture_mean_latest', 'soil_moisture_mean_mean7']","['target_cos2', 'tmin_mean3']",[]
h7_2024_weighted_svc_S1_metadata.json,fit,"{'model__gamma': 0.1, 'model__C': 3.0}",temporal_sigmoid,0.02846549822,0.2569589405,"['target_sin1', 'target_cos1', 'target_sin2', 'time_decades', 'tmax_latest', 'tmin_latest', 'tmax_mean3', 'tmax_mean7', 'tmin_mean7', 'tmax_sd7', 'tmin_sd7', 'tmax_trend7', 'tmin_trend7', 'observed_hot_run_length']","['target_cos2', 'tmin_mean3']",[]
h7_2024_weighted_svc_S2_metadata.json,fit,"{'model__gamma': 0.01, 'model__C': 1.0}",temporal_sigmoid,0.04124598781,0.1269712332,"['target_sin1', 'target_cos1', 'target_sin2', 'time_decades', 'tmax_latest', 'tmin_latest', 'tmax_mean3', 'tmax_mean7', 'tmin_mean7', 'tmax_sd7', 'tmin_sd7', 'tmax_trend7', 'tmin_trend7', 'observed_hot_run_length', 'rh_mean_latest', 'rh_mean_mean7', 'precipitation_latest', 'precipitation_sum7', 'wind_speed_mean_latest', 'wind_speed_mean_mean7', 'pressure_mean_latest', 'pressure_mean_mean7', 'cloud_cover_latest', 'cloud_cover_mean7', 'shortwave_radiation_latest', 'shortwave_radiation_mean7', 'soil_moisture_mean_latest', 'soil_moisture_mean_mean7']","['target_cos2', 'tmin_mean3']",[]
h7_2024_xgboost_S1_metadata.json,fit,"{'model__subsample': 0.7, 'model__reg_lambda': 1.0, 'model__max_depth': 4, 'model__learning_rate': 0.15, 'model__colsample_bytree': 0.7}",temporal_sigmoid,0.03018175132,0.2139777899,"['target_sin1', 'target_cos1', 'target_sin2', 'time_decades', 'tmax_latest', 'tmin_latest', 'tmax_mean3', 'tmax_mean7', 'tmin_mean7', 'tmax_sd7', 'tmin_sd7', 'tmax_trend7', 'tmin_trend7', 'observed_hot_run_length']","['target_cos2', 'tmin_mean3']",[]
h7_2024_xgboost_S2_metadata.json,fit,"{'model__subsample': 0.7, 'model__reg_lambda': 10.0, 'model__max_depth': 2, 'model__learning_rate': 0.15, 'model__colsample_bytree': 1.0}",temporal_sigmoid,0.02678877475,0.1093183451,"['target_sin1', 'target_cos1', 'target_sin2', 'time_decades', 'tmax_latest', 'tmin_latest', 'tmax_mean3', 'tmax_mean7', 'tmin_mean7', 'tmax_sd7', 'tmin_sd7', 'tmax_trend7', 'tmin_trend7', 'observed_hot_run_length', 'rh_mean_latest', 'rh_mean_mean7', 'precipitation_latest', 'precipitation_sum7', 'wind_speed_mean_latest', 'wind_speed_mean_mean7', 'pressure_mean_latest', 'pressure_mean_mean7', 'cloud_cover_latest', 'cloud_cover_mean7', 'shortwave_radiation_latest', 'shortwave_radiation_mean7', 'soil_moisture_mean_latest', 'soil_moisture_mean_mean7']","['target_cos2', 'tmin_mean3']",[]
