model,feature_set,lead,outer_fold,scope,n,positive_n,prevalence,tp,fp,tn,fn,recall,precision,specificity,f1,balanced_accuracy,average_precision,roc_auc,brier_score,log_loss,calibration_intercept,calibration_slope,accuracy,threshold,undefined_reason
always_negative,S0,1,2014,held_out_season,120,9,0.075,0,0,111,9,0,,1,0,0.5,0.075,0.5,0.07499985,1.036164217,,,0.925,0.5,
always_negative,S0,1,2014,held_out_season_threshold_0.5,120,9,0.075,0,0,111,9,0,,1,0,0.5,0.075,0.5,0.07499985,1.036164217,,,0.925,0.5,
always_negative,S0,1,2015,held_out_season,120,0,0,0,0,120,0,,,1,,,,,1e-12,1.0000005e-06,,,1,0.5,roc_auc/calibration undefined: one observed class; average_precision/recall/precision/f1 undefined: no positives
always_negative,S0,1,2015,held_out_season_threshold_0.5,120,0,0,0,0,120,0,,,1,,,,,1e-12,1.0000005e-06,,,1,0.5,roc_auc/calibration undefined: one observed class; average_precision/recall/precision/f1 undefined: no positives
always_negative,S0,1,2016,held_out_season,120,3,0.025,0,0,117,3,0,,1,0,0.5,0.025,0.5,0.02499995,0.3453887389,,,0.975,0.5,
always_negative,S0,1,2016,held_out_season_threshold_0.5,120,3,0.025,0,0,117,3,0,,1,0,0.5,0.025,0.5,0.02499995,0.3453887389,,,0.975,0.5,
always_negative,S0,1,2017,held_out_season,120,0,0,0,0,120,0,,,1,,,,,1e-12,1.0000005e-06,,,1,0.5,roc_auc/calibration undefined: one observed class; average_precision/recall/precision/f1 undefined: no positives
always_negative,S0,1,2017,held_out_season_threshold_0.5,120,0,0,0,0,120,0,,,1,,,,,1e-12,1.0000005e-06,,,1,0.5,roc_auc/calibration undefined: one observed class; average_precision/recall/precision/f1 undefined: no positives
always_negative,S0,1,2018,held_out_season,120,0,0,0,0,120,0,,,1,,,,,1e-12,1.0000005e-06,,,1,0.5,roc_auc/calibration undefined: one observed class; average_precision/recall/precision/f1 undefined: no positives
always_negative,S0,1,2018,held_out_season_threshold_0.5,120,0,0,0,0,120,0,,,1,,,,,1e-12,1.0000005e-06,,,1,0.5,roc_auc/calibration undefined: one observed class; average_precision/recall/precision/f1 undefined: no positives
always_negative,S0,1,2019,held_out_season,120,0,0,0,0,120,0,,,1,,,,,1e-12,1.0000005e-06,,,1,0.5,roc_auc/calibration undefined: one observed class; average_precision/recall/precision/f1 undefined: no positives
always_negative,S0,1,2019,held_out_season_threshold_0.5,120,0,0,0,0,120,0,,,1,,,,,1e-12,1.0000005e-06,,,1,0.5,roc_auc/calibration undefined: one observed class; average_precision/recall/precision/f1 undefined: no positives
always_negative,S0,1,2020,held_out_season,120,0,0,0,0,120,0,,,1,,,,,1e-12,1.0000005e-06,,,1,0.5,roc_auc/calibration undefined: one observed class; average_precision/recall/precision/f1 undefined: no positives
always_negative,S0,1,2020,held_out_season_threshold_0.5,120,0,0,0,0,120,0,,,1,,,,,1e-12,1.0000005e-06,,,1,0.5,roc_auc/calibration undefined: one observed class; average_precision/recall/precision/f1 undefined: no positives
always_negative,S0,1,2021,held_out_season,120,6,0.05,0,0,114,6,0,,1,0,0.5,0.05,0.5,0.0499999,0.6907764779,,,0.95,0.5,
always_negative,S0,1,2021,held_out_season_threshold_0.5,120,6,0.05,0,0,114,6,0,,1,0,0.5,0.05,0.5,0.0499999,0.6907764779,,,0.95,0.5,
always_negative,S0,1,2022,held_out_season,120,0,0,0,0,120,0,,,1,,,,,1e-12,1.0000005e-06,,,1,0.5,roc_auc/calibration undefined: one observed class; average_precision/recall/precision/f1 undefined: no positives
always_negative,S0,1,2022,held_out_season_threshold_0.5,120,0,0,0,0,120,0,,,1,,,,,1e-12,1.0000005e-06,,,1,0.5,roc_auc/calibration undefined: one observed class; average_precision/recall/precision/f1 undefined: no positives
always_negative,S0,1,2023,held_out_season,120,22,0.1833333333,0,0,98,22,0,,1,0,0.5,0.1833333333,0.5,0.1833329667,2.532844419,,,0.8166666667,0.5,
always_negative,S0,1,2023,held_out_season_threshold_0.5,120,22,0.1833333333,0,0,98,22,0,,1,0,0.5,0.1833333333,0.5,0.1833329667,2.532844419,,,0.8166666667,0.5,
always_negative,S0,1,2024,held_out_season,120,16,0.1333333333,0,0,104,16,0,,1,0,0.5,0.1333333333,0.5,0.1333330667,1.842068941,,,0.8666666667,0.5,
always_negative,S0,1,2024,held_out_season_threshold_0.5,120,16,0.1333333333,0,0,104,16,0,,1,0,0.5,0.1333333333,0.5,0.1333330667,1.842068941,,,0.8666666667,0.5,
always_negative,S0,3,2014,held_out_season,120,9,0.075,0,0,111,9,0,,1,0,0.5,0.075,0.5,0.07499985,1.036164217,,,0.925,0.5,
always_negative,S0,3,2014,held_out_season_threshold_0.5,120,9,0.075,0,0,111,9,0,,1,0,0.5,0.075,0.5,0.07499985,1.036164217,,,0.925,0.5,
always_negative,S0,3,2015,held_out_season,120,0,0,0,0,120,0,,,1,,,,,1e-12,1.0000005e-06,,,1,0.5,roc_auc/calibration undefined: one observed class; average_precision/recall/precision/f1 undefined: no positives
always_negative,S0,3,2015,held_out_season_threshold_0.5,120,0,0,0,0,120,0,,,1,,,,,1e-12,1.0000005e-06,,,1,0.5,roc_auc/calibration undefined: one observed class; average_precision/recall/precision/f1 undefined: no positives
always_negative,S0,3,2016,held_out_season,120,3,0.025,0,0,117,3,0,,1,0,0.5,0.025,0.5,0.02499995,0.3453887389,,,0.975,0.5,
always_negative,S0,3,2016,held_out_season_threshold_0.5,120,3,0.025,0,0,117,3,0,,1,0,0.5,0.025,0.5,0.02499995,0.3453887389,,,0.975,0.5,
always_negative,S0,3,2017,held_out_season,120,0,0,0,0,120,0,,,1,,,,,1e-12,1.0000005e-06,,,1,0.5,roc_auc/calibration undefined: one observed class; average_precision/recall/precision/f1 undefined: no positives
always_negative,S0,3,2017,held_out_season_threshold_0.5,120,0,0,0,0,120,0,,,1,,,,,1e-12,1.0000005e-06,,,1,0.5,roc_auc/calibration undefined: one observed class; average_precision/recall/precision/f1 undefined: no positives
always_negative,S0,3,2018,held_out_season,120,0,0,0,0,120,0,,,1,,,,,1e-12,1.0000005e-06,,,1,0.5,roc_auc/calibration undefined: one observed class; average_precision/recall/precision/f1 undefined: no positives
always_negative,S0,3,2018,held_out_season_threshold_0.5,120,0,0,0,0,120,0,,,1,,,,,1e-12,1.0000005e-06,,,1,0.5,roc_auc/calibration undefined: one observed class; average_precision/recall/precision/f1 undefined: no positives
always_negative,S0,3,2019,held_out_season,120,0,0,0,0,120,0,,,1,,,,,1e-12,1.0000005e-06,,,1,0.5,roc_auc/calibration undefined: one observed class; average_precision/recall/precision/f1 undefined: no positives
always_negative,S0,3,2019,held_out_season_threshold_0.5,120,0,0,0,0,120,0,,,1,,,,,1e-12,1.0000005e-06,,,1,0.5,roc_auc/calibration undefined: one observed class; average_precision/recall/precision/f1 undefined: no positives
always_negative,S0,3,2020,held_out_season,120,0,0,0,0,120,0,,,1,,,,,1e-12,1.0000005e-06,,,1,0.5,roc_auc/calibration undefined: one observed class; average_precision/recall/precision/f1 undefined: no positives
always_negative,S0,3,2020,held_out_season_threshold_0.5,120,0,0,0,0,120,0,,,1,,,,,1e-12,1.0000005e-06,,,1,0.5,roc_auc/calibration undefined: one observed class; average_precision/recall/precision/f1 undefined: no positives
always_negative,S0,3,2021,held_out_season,120,6,0.05,0,0,114,6,0,,1,0,0.5,0.05,0.5,0.0499999,0.6907764779,,,0.95,0.5,
always_negative,S0,3,2021,held_out_season_threshold_0.5,120,6,0.05,0,0,114,6,0,,1,0,0.5,0.05,0.5,0.0499999,0.6907764779,,,0.95,0.5,
always_negative,S0,3,2022,held_out_season,120,0,0,0,0,120,0,,,1,,,,,1e-12,1.0000005e-06,,,1,0.5,roc_auc/calibration undefined: one observed class; average_precision/recall/precision/f1 undefined: no positives
always_negative,S0,3,2022,held_out_season_threshold_0.5,120,0,0,0,0,120,0,,,1,,,,,1e-12,1.0000005e-06,,,1,0.5,roc_auc/calibration undefined: one observed class; average_precision/recall/precision/f1 undefined: no positives
always_negative,S0,3,2023,held_out_season,120,22,0.1833333333,0,0,98,22,0,,1,0,0.5,0.1833333333,0.5,0.1833329667,2.532844419,,,0.8166666667,0.5,
always_negative,S0,3,2023,held_out_season_threshold_0.5,120,22,0.1833333333,0,0,98,22,0,,1,0,0.5,0.1833333333,0.5,0.1833329667,2.532844419,,,0.8166666667,0.5,
always_negative,S0,3,2024,held_out_season,120,16,0.1333333333,0,0,104,16,0,,1,0,0.5,0.1333333333,0.5,0.1333330667,1.842068941,,,0.8666666667,0.5,
always_negative,S0,3,2024,held_out_season_threshold_0.5,120,16,0.1333333333,0,0,104,16,0,,1,0,0.5,0.1333333333,0.5,0.1333330667,1.842068941,,,0.8666666667,0.5,
always_negative,S0,7,2014,held_out_season,120,9,0.075,0,0,111,9,0,,1,0,0.5,0.075,0.5,0.07499985,1.036164217,,,0.925,0.5,
always_negative,S0,7,2014,held_out_season_threshold_0.5,120,9,0.075,0,0,111,9,0,,1,0,0.5,0.075,0.5,0.07499985,1.036164217,,,0.925,0.5,
always_negative,S0,7,2015,held_out_season,120,0,0,0,0,120,0,,,1,,,,,1e-12,1.0000005e-06,,,1,0.5,roc_auc/calibration undefined: one observed class; average_precision/recall/precision/f1 undefined: no positives
always_negative,S0,7,2015,held_out_season_threshold_0.5,120,0,0,0,0,120,0,,,1,,,,,1e-12,1.0000005e-06,,,1,0.5,roc_auc/calibration undefined: one observed class; average_precision/recall/precision/f1 undefined: no positives
always_negative,S0,7,2016,held_out_season,120,3,0.025,0,0,117,3,0,,1,0,0.5,0.025,0.5,0.02499995,0.3453887389,,,0.975,0.5,
always_negative,S0,7,2016,held_out_season_threshold_0.5,120,3,0.025,0,0,117,3,0,,1,0,0.5,0.025,0.5,0.02499995,0.3453887389,,,0.975,0.5,
always_negative,S0,7,2017,held_out_season,120,0,0,0,0,120,0,,,1,,,,,1e-12,1.0000005e-06,,,1,0.5,roc_auc/calibration undefined: one observed class; average_precision/recall/precision/f1 undefined: no positives
always_negative,S0,7,2017,held_out_season_threshold_0.5,120,0,0,0,0,120,0,,,1,,,,,1e-12,1.0000005e-06,,,1,0.5,roc_auc/calibration undefined: one observed class; average_precision/recall/precision/f1 undefined: no positives
always_negative,S0,7,2018,held_out_season,120,0,0,0,0,120,0,,,1,,,,,1e-12,1.0000005e-06,,,1,0.5,roc_auc/calibration undefined: one observed class; average_precision/recall/precision/f1 undefined: no positives
always_negative,S0,7,2018,held_out_season_threshold_0.5,120,0,0,0,0,120,0,,,1,,,,,1e-12,1.0000005e-06,,,1,0.5,roc_auc/calibration undefined: one observed class; average_precision/recall/precision/f1 undefined: no positives
always_negative,S0,7,2019,held_out_season,120,0,0,0,0,120,0,,,1,,,,,1e-12,1.0000005e-06,,,1,0.5,roc_auc/calibration undefined: one observed class; average_precision/recall/precision/f1 undefined: no positives
always_negative,S0,7,2019,held_out_season_threshold_0.5,120,0,0,0,0,120,0,,,1,,,,,1e-12,1.0000005e-06,,,1,0.5,roc_auc/calibration undefined: one observed class; average_precision/recall/precision/f1 undefined: no positives
always_negative,S0,7,2020,held_out_season,120,0,0,0,0,120,0,,,1,,,,,1e-12,1.0000005e-06,,,1,0.5,roc_auc/calibration undefined: one observed class; average_precision/recall/precision/f1 undefined: no positives
always_negative,S0,7,2020,held_out_season_threshold_0.5,120,0,0,0,0,120,0,,,1,,,,,1e-12,1.0000005e-06,,,1,0.5,roc_auc/calibration undefined: one observed class; average_precision/recall/precision/f1 undefined: no positives
always_negative,S0,7,2021,held_out_season,120,6,0.05,0,0,114,6,0,,1,0,0.5,0.05,0.5,0.0499999,0.6907764779,,,0.95,0.5,
always_negative,S0,7,2021,held_out_season_threshold_0.5,120,6,0.05,0,0,114,6,0,,1,0,0.5,0.05,0.5,0.0499999,0.6907764779,,,0.95,0.5,
always_negative,S0,7,2022,held_out_season,120,0,0,0,0,120,0,,,1,,,,,1e-12,1.0000005e-06,,,1,0.5,roc_auc/calibration undefined: one observed class; average_precision/recall/precision/f1 undefined: no positives
always_negative,S0,7,2022,held_out_season_threshold_0.5,120,0,0,0,0,120,0,,,1,,,,,1e-12,1.0000005e-06,,,1,0.5,roc_auc/calibration undefined: one observed class; average_precision/recall/precision/f1 undefined: no positives
always_negative,S0,7,2023,held_out_season,120,22,0.1833333333,0,0,98,22,0,,1,0,0.5,0.1833333333,0.5,0.1833329667,2.532844419,,,0.8166666667,0.5,
always_negative,S0,7,2023,held_out_season_threshold_0.5,120,22,0.1833333333,0,0,98,22,0,,1,0,0.5,0.1833333333,0.5,0.1833329667,2.532844419,,,0.8166666667,0.5,
always_negative,S0,7,2024,held_out_season,120,16,0.1333333333,0,0,104,16,0,,1,0,0.5,0.1333333333,0.5,0.1333330667,1.842068941,,,0.8666666667,0.5,
always_negative,S0,7,2024,held_out_season_threshold_0.5,120,16,0.1333333333,0,0,104,16,0,,1,0,0.5,0.1333333333,0.5,0.1333330667,1.842068941,,,0.8666666667,0.5,
balanced_rf,S1,1,2014,held_out_season,120,9,0.075,8,33,78,1,0.8888888889,0.1951219512,0.7027027027,0.32,0.7957957958,0.6311447811,0.9114114114,0.06341258792,0.2206936515,1.90357199,1.176075105,0.7166666667,0.01256437457,
balanced_rf,S1,1,2014,held_out_season_threshold_0.5,120,9,0.075,0,0,111,9,0,,1,0,0.5,0.6311447811,0.9114114114,0.06341258792,0.2206936515,1.90357199,1.176075105,0.925,0.5,
balanced_rf,S1,1,2015,held_out_season,120,0,0,0,7,113,0,,0,0.9416666667,0,,,,0.0001015874415,0.00386063475,,,0.9416666667,0.01731908445,roc_auc/calibration undefined: one observed class; average_precision/recall/precision/f1 undefined: no positives
balanced_rf,S1,1,2015,held_out_season_threshold_0.5,120,0,0,0,0,120,0,,,1,,,,,0.0001015874415,0.00386063475,,,1,0.5,roc_auc/calibration undefined: one observed class; average_precision/recall/precision/f1 undefined: no positives
balanced_rf,S1,1,2016,held_out_season,120,3,0.025,3,24,93,0,1,0.1111111111,0.7948717949,0.2,0.8974358974,0.2851851852,0.9544159544,0.02861546042,0.08921330614,-1.232086014,1.025754186,0.8,0.01934243028,
balanced_rf,S1,1,2016,held_out_season_threshold_0.5,120,3,0.025,1,5,112,2,0.3333333333,0.1666666667,0.9572649573,0.2222222222,0.6452991453,0.2851851852,0.9544159544,0.02861546042,0.08921330614,-1.232086014,1.025754186,0.9416666667,0.5,
balanced_rf,S1,1,2017,held_out_season,120,0,0,0,9,111,0,,0,0.925,0,,,,7.500103712e-05,0.002921540312,,,0.925,0.01537769011,roc_auc/calibration undefined: one observed class; average_precision/recall/precision/f1 undefined: no positives
balanced_rf,S1,1,2017,held_out_season_threshold_0.5,120,0,0,0,0,120,0,,,1,,,,,7.500103712e-05,0.002921540312,,,1,0.5,roc_auc/calibration undefined: one observed class; average_precision/recall/precision/f1 undefined: no positives
balanced_rf,S1,1,2018,held_out_season,120,0,0,0,3,117,0,,0,0.975,0,,,,2.850014829e-05,0.001449200778,,,0.975,0.01747094309,roc_auc/calibration undefined: one observed class; average_precision/recall/precision/f1 undefined: no positives
balanced_rf,S1,1,2018,held_out_season_threshold_0.5,120,0,0,0,0,120,0,,,1,,,,,2.850014829e-05,0.001449200778,,,1,0.5,roc_auc/calibration undefined: one observed class; average_precision/recall/precision/f1 undefined: no positives
balanced_rf,S1,1,2019,held_out_season,120,0,0,0,33,87,0,,0,0.725,0,,,,0.005522351833,0.03345855939,,,0.725,0.01941964962,roc_auc/calibration undefined: one observed class; average_precision/recall/precision/f1 undefined: no positives
balanced_rf,S1,1,2019,held_out_season_threshold_0.5,120,0,0,0,0,120,0,,,1,,,,,0.005522351833,0.03345855939,,,1,0.5,roc_auc/calibration undefined: one observed class; average_precision/recall/precision/f1 undefined: no positives
balanced_rf,S1,1,2020,held_out_season,120,0,0,0,13,107,0,,0,0.8916666667,0,,,,0.0004662129193,0.007519205142,,,0.8916666667,0.01821342738,roc_auc/calibration undefined: one observed class; average_precision/recall/precision/f1 undefined: no positives
balanced_rf,S1,1,2020,held_out_season_threshold_0.5,120,0,0,0,0,120,0,,,1,,,,,0.0004662129193,0.007519205142,,,1,0.5,roc_auc/calibration undefined: one observed class; average_precision/recall/precision/f1 undefined: no positives
balanced_rf,S1,1,2021,held_out_season,120,6,0.05,4,32,82,2,0.6666666667,0.1111111111,0.7192982456,0.1904761905,0.6929824561,0.1590301274,0.8157894737,0.05133152417,0.1897813874,-1.108362107,0.433514068,0.7166666667,0.02175992431,
balanced_rf,S1,1,2021,held_out_season_threshold_0.5,120,6,0.05,0,2,112,6,0,0,0.9824561404,0,0.4912280702,0.1590301274,0.8157894737,0.05133152417,0.1897813874,-1.108362107,0.433514068,0.9333333333,0.5,
balanced_rf,S1,1,2022,held_out_season,120,0,0,0,23,97,0,,0,0.8083333333,0,,,,0.0003312070599,0.00936761833,,,0.8083333333,0.01722188296,roc_auc/calibration undefined: one observed class; average_precision/recall/precision/f1 undefined: no positives
balanced_rf,S1,1,2022,held_out_season_threshold_0.5,120,0,0,0,0,120,0,,,1,,,,,0.0003312070599,0.00936761833,,,1,0.5,roc_auc/calibration undefined: one observed class; average_precision/recall/precision/f1 undefined: no positives
balanced_rf,S1,1,2023,held_out_season,120,22,0.1833333333,21,23,75,1,0.9545454545,0.4772727273,0.7653061224,0.6363636364,0.8599257885,0.5991942213,0.9021335807,0.1572846743,0.5276207229,2.765875987,1.069292279,0.8,0.01414263902,
balanced_rf,S1,1,2023,held_out_season_threshold_0.5,120,22,0.1833333333,0,0,98,22,0,,1,0,0.5,0.5991942213,0.9021335807,0.1572846743,0.5276207229,2.765875987,1.069292279,0.8166666667,0.5,
balanced_rf,S1,1,2024,held_out_season,120,16,0.1333333333,14,19,85,2,0.875,0.4242424242,0.8173076923,0.5714285714,0.8461538462,0.7386866648,0.9326923077,0.07903998699,0.2520967196,1.011522858,1.063142324,0.825,0.05743499352,
balanced_rf,S1,1,2024,held_out_season_threshold_0.5,120,16,0.1333333333,0,0,104,16,0,,1,0,0.5,0.7386866648,0.9326923077,0.07903998699,0.2520967196,1.011522858,1.063142324,0.8666666667,0.5,
balanced_rf,S1,3,2014,held_out_season,120,9,0.075,7,32,79,2,0.7777777778,0.1794871795,0.7117117117,0.2916666667,0.7447447447,0.5615811966,0.8643643644,0.06354403186,0.2352389036,1.403499858,1.036518119,0.7166666667,0.02246853383,
balanced_rf,S1,3,2014,held_out_season_threshold_0.5,120,9,0.075,0,0,111,9,0,,1,0,0.5,0.5615811966,0.8643643644,0.06354403186,0.2352389036,1.403499858,1.036518119,0.925,0.5,
balanced_rf,S1,3,2015,held_out_season,120,0,0,0,8,112,0,,0,0.9333333333,0,,,,0.0002366817972,0.008121160142,,,0.9333333333,0.0272396045,roc_auc/calibration undefined: one observed class; average_precision/recall/precision/f1 undefined: no positives
balanced_rf,S1,3,2015,held_out_season_threshold_0.5,120,0,0,0,0,120,0,,,1,,,,,0.0002366817972,0.008121160142,,,1,0.5,roc_auc/calibration undefined: one observed class; average_precision/recall/precision/f1 undefined: no positives
balanced_rf,S1,3,2016,held_out_season,120,3,0.025,3,30,87,0,1,0.09090909091,0.7435897436,0.1666666667,0.8717948718,0.1856060606,0.9287749288,0.02161820001,0.08000766756,1.320374953,2.037879358,0.75,0.02642808246,
balanced_rf,S1,3,2016,held_out_season_threshold_0.5,120,3,0.025,0,0,117,3,0,,1,0,0.5,0.1856060606,0.9287749288,0.02161820001,0.08000766756,1.320374953,2.037879358,0.975,0.5,
balanced_rf,S1,3,2017,held_out_season,120,0,0,0,3,117,0,,0,0.975,0,,,,9.84160991e-05,0.005378791406,,,0.975,0.0214145561,roc_auc/calibration undefined: one observed class; average_precision/recall/precision/f1 undefined: no positives
balanced_rf,S1,3,2017,held_out_season_threshold_0.5,120,0,0,0,0,120,0,,,1,,,,,9.84160991e-05,0.005378791406,,,1,0.5,roc_auc/calibration undefined: one observed class; average_precision/recall/precision/f1 undefined: no positives
balanced_rf,S1,3,2018,held_out_season,120,0,0,0,4,116,0,,0,0.9666666667,0,,,,0.0001512645298,0.004495412969,,,0.9666666667,0.02728715098,roc_auc/calibration undefined: one observed class; average_precision/recall/precision/f1 undefined: no positives
balanced_rf,S1,3,2018,held_out_season_threshold_0.5,120,0,0,0,0,120,0,,,1,,,,,0.0001512645298,0.004495412969,,,1,0.5,roc_auc/calibration undefined: one observed class; average_precision/recall/precision/f1 undefined: no positives
balanced_rf,S1,3,2019,held_out_season,120,0,0,0,32,88,0,,0,0.7333333333,0,,,,0.006831714317,0.04024396803,,,0.7333333333,0.02933874704,roc_auc/calibration undefined: one observed class; average_precision/recall/precision/f1 undefined: no positives
balanced_rf,S1,3,2019,held_out_season_threshold_0.5,120,0,0,0,0,120,0,,,1,,,,,0.006831714317,0.04024396803,,,1,0.5,roc_auc/calibration undefined: one observed class; average_precision/recall/precision/f1 undefined: no positives
balanced_rf,S1,3,2020,held_out_season,120,0,0,0,8,112,0,,0,0.9333333333,0,,,,0.0007494984144,0.01046988704,,,0.9333333333,0.04649741485,roc_auc/calibration undefined: one observed class; average_precision/recall/precision/f1 undefined: no positives
balanced_rf,S1,3,2020,held_out_season_threshold_0.5,120,0,0,0,0,120,0,,,1,,,,,0.0007494984144,0.01046988704,,,1,0.5,roc_auc/calibration undefined: one observed class; average_precision/recall/precision/f1 undefined: no positives
balanced_rf,S1,3,2021,held_out_season,120,6,0.05,6,33,81,0,1,0.1538461538,0.7105263158,0.2666666667,0.8552631579,0.1548257534,0.7880116959,0.04760264655,0.170149205,-0.8920767946,0.5371068372,0.725,0.04572133991,
balanced_rf,S1,3,2021,held_out_season_threshold_0.5,120,6,0.05,0,0,114,6,0,,1,0,0.5,0.1548257534,0.7880116959,0.04760264655,0.170149205,-0.8920767946,0.5371068372,0.95,0.5,
balanced_rf,S1,3,2022,held_out_season,120,0,0,0,19,101,0,,0,0.8416666667,0,,,,0.001869284299,0.02158112911,,,0.8416666667,0.03766183411,roc_auc/calibration undefined: one observed class; average_precision/recall/precision/f1 undefined: no positives
balanced_rf,S1,3,2022,held_out_season_threshold_0.5,120,0,0,0,0,120,0,,,1,,,,,0.001869284299,0.02158112911,,,1,0.5,roc_auc/calibration undefined: one observed class; average_precision/recall/precision/f1 undefined: no positives
balanced_rf,S1,3,2023,held_out_season,120,22,0.1833333333,9,13,85,13,0.4090909091,0.4090909091,0.8673469388,0.4090909091,0.6382189239,0.4284756706,0.7764378479,0.1711211787,0.8615043991,0.440208047,0.3155200715,0.7833333333,0.03461582814,
balanced_rf,S1,3,2023,held_out_season_threshold_0.5,120,22,0.1833333333,0,0,98,22,0,,1,0,0.5,0.4284756706,0.7764378479,0.1711211787,0.8615043991,0.440208047,0.3155200715,0.8166666667,0.5,
balanced_rf,S1,3,2024,held_out_season,120,16,0.1333333333,14,38,66,2,0.875,0.2692307692,0.6346153846,0.4117647059,0.7548076923,0.6864485137,0.8894230769,0.09669609631,0.307126912,3.267752091,2.119061735,0.6666666667,0.04011830948,
balanced_rf,S1,3,2024,held_out_season_threshold_0.5,120,16,0.1333333333,0,0,104,16,0,,1,0,0.5,0.6864485137,0.8894230769,0.09669609631,0.307126912,3.267752091,2.119061735,0.8666666667,0.5,
balanced_rf,S1,7,2014,held_out_season,120,9,0.075,7,41,70,2,0.7777777778,0.1458333333,0.6306306306,0.2456140351,0.7042042042,0.1910221994,0.7577577578,0.06618424831,0.2649905686,-0.5071100008,0.526296355,0.6416666667,0.01218237467,
balanced_rf,S1,7,2014,held_out_season_threshold_0.5,120,9,0.075,0,0,111,9,0,,1,0,0.5,0.1910221994,0.7577577578,0.06618424831,0.2649905686,-0.5071100008,0.526296355,0.925,0.5,
balanced_rf,S1,7,2015,held_out_season,120,0,0,0,13,107,0,,0,0.8916666667,0,,,,0.0003436363837,0.01151334605,,,0.8916666667,0.02646835948,roc_auc/calibration undefined: one observed class; average_precision/recall/precision/f1 undefined: no positives
balanced_rf,S1,7,2015,held_out_season_threshold_0.5,120,0,0,0,0,120,0,,,1,,,,,0.0003436363837,0.01151334605,,,1,0.5,roc_auc/calibration undefined: one observed class; average_precision/recall/precision/f1 undefined: no positives
balanced_rf,S1,7,2016,held_out_season,120,3,0.025,3,38,79,0,1,0.07317073171,0.6752136752,0.1363636364,0.8376068376,0.1382495027,0.886039886,0.02386315642,0.09080087405,-0.1864528865,1.066669697,0.6833333333,0.01774176071,
balanced_rf,S1,7,2016,held_out_season_threshold_0.5,120,3,0.025,0,0,117,3,0,,1,0,0.5,0.1382495027,0.886039886,0.02386315642,0.09080087405,-0.1864528865,1.066669697,0.975,0.5,
balanced_rf,S1,7,2017,held_out_season,120,0,0,0,5,115,0,,0,0.9583333333,0,,,,0.0002130304012,0.008259865895,,,0.9583333333,0.03644808728,roc_auc/calibration undefined: one observed class; average_precision/recall/precision/f1 undefined: no positives
balanced_rf,S1,7,2017,held_out_season_threshold_0.5,120,0,0,0,0,120,0,,,1,,,,,0.0002130304012,0.008259865895,,,1,0.5,roc_auc/calibration undefined: one observed class; average_precision/recall/precision/f1 undefined: no positives
balanced_rf,S1,7,2018,held_out_season,120,0,0,0,4,116,0,,0,0.9666666667,0,,,,0.000336802214,0.00911394968,,,0.9666666667,0.03804593965,roc_auc/calibration undefined: one observed class; average_precision/recall/precision/f1 undefined: no positives
balanced_rf,S1,7,2018,held_out_season_threshold_0.5,120,0,0,0,0,120,0,,,1,,,,,0.000336802214,0.00911394968,,,1,0.5,roc_auc/calibration undefined: one observed class; average_precision/recall/precision/f1 undefined: no positives
balanced_rf,S1,7,2019,held_out_season,120,0,0,0,37,83,0,,0,0.6916666667,0,,,,0.001419698039,0.02535181213,,,0.6916666667,0.02981697841,roc_auc/calibration undefined: one observed class; average_precision/recall/precision/f1 undefined: no positives
balanced_rf,S1,7,2019,held_out_season_threshold_0.5,120,0,0,0,0,120,0,,,1,,,,,0.001419698039,0.02535181213,,,1,0.5,roc_auc/calibration undefined: one observed class; average_precision/recall/precision/f1 undefined: no positives
balanced_rf,S1,7,2020,held_out_season,120,0,0,0,24,96,0,,0,0.8,0,,,,0.004611808107,0.02730413918,,,0.8,0.02121213578,roc_auc/calibration undefined: one observed class; average_precision/recall/precision/f1 undefined: no positives
balanced_rf,S1,7,2020,held_out_season_threshold_0.5,120,0,0,0,0,120,0,,,1,,,,,0.004611808107,0.02730413918,,,1,0.5,roc_auc/calibration undefined: one observed class; average_precision/recall/precision/f1 undefined: no positives
balanced_rf,S1,7,2021,held_out_season,120,6,0.05,5,41,73,1,0.8333333333,0.1086956522,0.6403508772,0.1923076923,0.7368421053,0.2781272451,0.798245614,0.04572727851,0.1722573656,0.156582437,0.8636821473,0.65,0.02579347928,
balanced_rf,S1,7,2021,held_out_season_threshold_0.5,120,6,0.05,0,0,114,6,0,,1,0,0.5,0.2781272451,0.798245614,0.04572727851,0.1722573656,0.156582437,0.8636821473,0.95,0.5,
balanced_rf,S1,7,2022,held_out_season,120,0,0,0,44,76,0,,0,0.6333333333,0,,,,0.004192697071,0.0342065045,,,0.6333333333,0.02332970462,roc_auc/calibration undefined: one observed class; average_precision/recall/precision/f1 undefined: no positives
balanced_rf,S1,7,2022,held_out_season_threshold_0.5,120,0,0,0,0,120,0,,,1,,,,,0.004192697071,0.0342065045,,,1,0.5,roc_auc/calibration undefined: one observed class; average_precision/recall/precision/f1 undefined: no positives
balanced_rf,S1,7,2023,held_out_season,120,22,0.1833333333,9,17,81,13,0.4090909091,0.3461538462,0.8265306122,0.375,0.6178107607,0.3742507903,0.5582096475,0.1775883206,1.140189828,-1.340610427,0.02444756522,0.75,0.01626526948,
balanced_rf,S1,7,2023,held_out_season_threshold_0.5,120,22,0.1833333333,0,0,98,22,0,,1,0,0.5,0.3742507903,0.5582096475,0.1775883206,1.140189828,-1.340610427,0.02444756522,0.8166666667,0.5,
balanced_rf,S1,7,2024,held_out_season,120,16,0.1333333333,16,93,11,0,1,0.1467889908,0.1057692308,0.256,0.5528846154,0.4653027885,0.7385817308,0.1177494151,0.4080510629,10.05960183,4.27247032,0.225,0.03966031424,
balanced_rf,S1,7,2024,held_out_season_threshold_0.5,120,16,0.1333333333,0,0,104,16,0,,1,0,0.5,0.4653027885,0.7385817308,0.1177494151,0.4080510629,10.05960183,4.27247032,0.8666666667,0.5,
balanced_rf,S2,1,2014,held_out_season,120,9,0.075,8,36,75,1,0.8888888889,0.1818181818,0.6756756757,0.3018867925,0.7822822823,0.4229275445,0.8978978979,0.05578828829,0.1924349153,0.2293572436,0.8232443773,0.6916666667,0.01099327405,
balanced_rf,S2,1,2014,held_out_season_threshold_0.5,120,9,0.075,0,0,111,9,0,,1,0,0.5,0.4229275445,0.8978978979,0.05578828829,0.1924349153,0.2293572436,0.8232443773,0.925,0.5,
balanced_rf,S2,1,2015,held_out_season,120,0,0,0,10,110,0,,0,0.9166666667,0,,,,0.0002279761812,0.009289185753,,,0.9166666667,0.03138711926,roc_auc/calibration undefined: one observed class; average_precision/recall/precision/f1 undefined: no positives
balanced_rf,S2,1,2015,held_out_season_threshold_0.5,120,0,0,0,0,120,0,,,1,,,,,0.0002279761812,0.009289185753,,,1,0.5,roc_auc/calibration undefined: one observed class; average_precision/recall/precision/f1 undefined: no positives
balanced_rf,S2,1,2016,held_out_season,120,3,0.025,3,15,102,0,1,0.1666666667,0.8717948718,0.2857142857,0.9358974359,0.4772727273,0.9487179487,0.02037891347,0.07054412949,0.1507396151,1.170024063,0.875,0.045520928,
balanced_rf,S2,1,2016,held_out_season_threshold_0.5,120,3,0.025,0,0,117,3,0,,1,0,0.5,0.4772727273,0.9487179487,0.02037891347,0.07054412949,0.1507396151,1.170024063,0.975,0.5,
balanced_rf,S2,1,2017,held_out_season,120,0,0,0,0,120,0,,,1,,,,,3.525262717e-05,0.002680329589,,,1,0.03908843862,roc_auc/calibration undefined: one observed class; average_precision/recall/precision/f1 undefined: no positives
balanced_rf,S2,1,2017,held_out_season_threshold_0.5,120,0,0,0,0,120,0,,,1,,,,,3.525262717e-05,0.002680329589,,,1,0.5,roc_auc/calibration undefined: one observed class; average_precision/recall/precision/f1 undefined: no positives
balanced_rf,S2,1,2018,held_out_season,120,0,0,0,0,120,0,,,1,,,,,1.577582525e-05,0.002087965754,,,1,0.03351918025,roc_auc/calibration undefined: one observed class; average_precision/recall/precision/f1 undefined: no positives
balanced_rf,S2,1,2018,held_out_season_threshold_0.5,120,0,0,0,0,120,0,,,1,,,,,1.577582525e-05,0.002087965754,,,1,0.5,roc_auc/calibration undefined: one observed class; average_precision/recall/precision/f1 undefined: no positives
balanced_rf,S2,1,2019,held_out_season,120,0,0,0,22,98,0,,0,0.8166666667,0,,,,0.004865305218,0.03416409288,,,0.8166666667,0.053167186,roc_auc/calibration undefined: one observed class; average_precision/recall/precision/f1 undefined: no positives
balanced_rf,S2,1,2019,held_out_season_threshold_0.5,120,0,0,0,0,120,0,,,1,,,,,0.004865305218,0.03416409288,,,1,0.5,roc_auc/calibration undefined: one observed class; average_precision/recall/precision/f1 undefined: no positives
balanced_rf,S2,1,2020,held_out_season,120,0,0,0,3,117,0,,0,0.975,0,,,,0.0007023166358,0.006921966753,,,0.975,0.05361012179,roc_auc/calibration undefined: one observed class; average_precision/recall/precision/f1 undefined: no positives
balanced_rf,S2,1,2020,held_out_season_threshold_0.5,120,0,0,0,0,120,0,,,1,,,,,0.0007023166358,0.006921966753,,,1,0.5,roc_auc/calibration undefined: one observed class; average_precision/recall/precision/f1 undefined: no positives
balanced_rf,S2,1,2021,held_out_season,120,6,0.05,4,30,84,2,0.6666666667,0.1176470588,0.7368421053,0.2,0.701754386,0.2012180457,0.8362573099,0.04800003348,0.1717845819,-0.9606908648,0.5591622867,0.7333333333,0.03640755691,
balanced_rf,S2,1,2021,held_out_season_threshold_0.5,120,6,0.05,0,0,114,6,0,,1,0,0.5,0.2012180457,0.8362573099,0.04800003348,0.1717845819,-0.9606908648,0.5591622867,0.95,0.5,
balanced_rf,S2,1,2022,held_out_season,120,0,0,0,19,101,0,,0,0.8416666667,0,,,,0.0004244248396,0.01014868084,,,0.8416666667,0.02641274783,roc_auc/calibration undefined: one observed class; average_precision/recall/precision/f1 undefined: no positives
balanced_rf,S2,1,2022,held_out_season_threshold_0.5,120,0,0,0,0,120,0,,,1,,,,,0.0004244248396,0.01014868084,,,1,0.5,roc_auc/calibration undefined: one observed class; average_precision/recall/precision/f1 undefined: no positives
balanced_rf,S2,1,2023,held_out_season,120,22,0.1833333333,21,28,70,1,0.9545454545,0.4285714286,0.7142857143,0.5915492958,0.8344155844,0.4744619941,0.8719851577,0.151955317,0.4945181194,1.50257256,0.7296348904,0.7583333333,0.00766344713,
balanced_rf,S2,1,2023,held_out_season_threshold_0.5,120,22,0.1833333333,0,0,98,22,0,,1,0,0.5,0.4744619941,0.8719851577,0.151955317,0.4945181194,1.50257256,0.7296348904,0.8166666667,0.5,
balanced_rf,S2,1,2024,held_out_season,120,16,0.1333333333,14,17,87,2,0.875,0.4516129032,0.8365384615,0.5957446809,0.8557692308,0.7239065712,0.9326923077,0.07299093246,0.2384752553,1.002918792,1.022768988,0.8416666667,0.06050508573,
balanced_rf,S2,1,2024,held_out_season_threshold_0.5,120,16,0.1333333333,3,1,103,13,0.1875,0.75,0.9903846154,0.3,0.5889423077,0.7239065712,0.9326923077,0.07299093246,0.2384752553,1.002918792,1.022768988,0.8833333333,0.5,
balanced_rf,S2,3,2014,held_out_season,120,9,0.075,8,60,51,1,0.8888888889,0.1176470588,0.4594594595,0.2077922078,0.6741741742,0.2737458635,0.8308308308,0.06230959819,0.2197035449,0.3982838349,0.9099733772,0.4916666667,0.009049979908,
balanced_rf,S2,3,2014,held_out_season_threshold_0.5,120,9,0.075,0,0,111,9,0,,1,0,0.5,0.2737458635,0.8308308308,0.06230959819,0.2197035449,0.3982838349,0.9099733772,0.925,0.5,
balanced_rf,S2,3,2015,held_out_season,120,0,0,0,22,98,0,,0,0.8166666667,0,,,,0.0001586281726,0.008591227667,,,0.8166666667,0.01671743699,roc_auc/calibration undefined: one observed class; average_precision/recall/precision/f1 undefined: no positives
balanced_rf,S2,3,2015,held_out_season_threshold_0.5,120,0,0,0,0,120,0,,,1,,,,,0.0001586281726,0.008591227667,,,1,0.5,roc_auc/calibration undefined: one observed class; average_precision/recall/precision/f1 undefined: no positives
balanced_rf,S2,3,2016,held_out_season,120,3,0.025,3,30,87,0,1,0.09090909091,0.7435897436,0.1666666667,0.8717948718,0.2338217338,0.9316239316,0.0222462023,0.08268591643,0.5632023929,1.329083102,0.75,0.02331878953,
balanced_rf,S2,3,2016,held_out_season_threshold_0.5,120,3,0.025,0,0,117,3,0,,1,0,0.5,0.2338217338,0.9316239316,0.0222462023,0.08268591643,0.5632023929,1.329083102,0.975,0.5,
balanced_rf,S2,3,2017,held_out_season,120,0,0,0,10,110,0,,0,0.9166666667,0,,,,0.0001483083022,0.008002949267,,,0.9166666667,0.01740859215,roc_auc/calibration undefined: one observed class; average_precision/recall/precision/f1 undefined: no positives
balanced_rf,S2,3,2017,held_out_season_threshold_0.5,120,0,0,0,0,120,0,,,1,,,,,0.0001483083022,0.008002949267,,,1,0.5,roc_auc/calibration undefined: one observed class; average_precision/recall/precision/f1 undefined: no positives
balanced_rf,S2,3,2018,held_out_season,120,0,0,0,1,119,0,,0,0.9916666667,0,,,,0.0001661492858,0.006899953579,,,0.9916666667,0.05582631861,roc_auc/calibration undefined: one observed class; average_precision/recall/precision/f1 undefined: no positives
balanced_rf,S2,3,2018,held_out_season_threshold_0.5,120,0,0,0,0,120,0,,,1,,,,,0.0001661492858,0.006899953579,,,1,0.5,roc_auc/calibration undefined: one observed class; average_precision/recall/precision/f1 undefined: no positives
balanced_rf,S2,3,2019,held_out_season,120,0,0,0,51,69,0,,0,0.575,0,,,,0.003638273763,0.03442929479,,,0.575,0.02048759204,roc_auc/calibration undefined: one observed class; average_precision/recall/precision/f1 undefined: no positives
balanced_rf,S2,3,2019,held_out_season_threshold_0.5,120,0,0,0,0,120,0,,,1,,,,,0.003638273763,0.03442929479,,,1,0.5,roc_auc/calibration undefined: one observed class; average_precision/recall/precision/f1 undefined: no positives
balanced_rf,S2,3,2020,held_out_season,120,0,0,0,26,94,0,,0,0.7833333333,0,,,,0.001143061559,0.01767976041,,,0.7833333333,0.02373526219,roc_auc/calibration undefined: one observed class; average_precision/recall/precision/f1 undefined: no positives
balanced_rf,S2,3,2020,held_out_season_threshold_0.5,120,0,0,0,0,120,0,,,1,,,,,0.001143061559,0.01767976041,,,1,0.5,roc_auc/calibration undefined: one observed class; average_precision/recall/precision/f1 undefined: no positives
balanced_rf,S2,3,2021,held_out_season,120,6,0.05,6,48,66,0,1,0.1111111111,0.5789473684,0.2,0.7894736842,0.1634281411,0.8026315789,0.04685574546,0.1675870117,-0.6348101281,0.7623705293,0.6,0.02030883143,
balanced_rf,S2,3,2021,held_out_season_threshold_0.5,120,6,0.05,0,0,114,6,0,,1,0,0.5,0.1634281411,0.8026315789,0.04685574546,0.1675870117,-0.6348101281,0.7623705293,0.95,0.5,
balanced_rf,S2,3,2022,held_out_season,120,0,0,0,30,90,0,,0,0.75,0,,,,0.001214756183,0.0195775408,,,0.75,0.03231675907,roc_auc/calibration undefined: one observed class; average_precision/recall/precision/f1 undefined: no positives
balanced_rf,S2,3,2022,held_out_season_threshold_0.5,120,0,0,0,0,120,0,,,1,,,,,0.001214756183,0.0195775408,,,1,0.5,roc_auc/calibration undefined: one observed class; average_precision/recall/precision/f1 undefined: no positives
balanced_rf,S2,3,2023,held_out_season,120,22,0.1833333333,13,28,70,9,0.5909090909,0.3170731707,0.7142857143,0.4126984127,0.6525974026,0.2750619572,0.7003710575,0.1692391237,0.7513510841,-0.1523374806,0.2809316353,0.6916666667,0.02281565729,
balanced_rf,S2,3,2023,held_out_season_threshold_0.5,120,22,0.1833333333,0,0,98,22,0,,1,0,0.5,0.2750619572,0.7003710575,0.1692391237,0.7513510841,-0.1523374806,0.2809316353,0.8166666667,0.5,
balanced_rf,S2,3,2024,held_out_season,120,16,0.1333333333,14,28,76,2,0.875,0.3333333333,0.7307692308,0.4827586207,0.8028846154,0.5113954806,0.8816105769,0.1030918424,0.3305012072,2.204090131,1.355173906,0.75,0.02902427505,
balanced_rf,S2,3,2024,held_out_season_threshold_0.5,120,16,0.1333333333,0,0,104,16,0,,1,0,0.5,0.5113954806,0.8816105769,0.1030918424,0.3305012072,2.204090131,1.355173906,0.8666666667,0.5,
balanced_rf,S2,7,2014,held_out_season,120,9,0.075,6,32,79,3,0.6666666667,0.1578947368,0.7117117117,0.2553191489,0.6891891892,0.1389755296,0.6526526527,0.06905148827,0.289780395,-0.8351346193,0.4393115023,0.7083333333,0.02854514884,
balanced_rf,S2,7,2014,held_out_season_threshold_0.5,120,9,0.075,0,0,111,9,0,,1,0,0.5,0.1389755296,0.6526526527,0.06905148827,0.289780395,-0.8351346193,0.4393115023,0.925,0.5,
balanced_rf,S2,7,2015,held_out_season,120,0,0,0,74,46,0,,0,0.3833333333,0,,,,0.0006985551698,0.02369531168,,,0.3833333333,0.01916137208,roc_auc/calibration undefined: one observed class; average_precision/recall/precision/f1 undefined: no positives
balanced_rf,S2,7,2015,held_out_season_threshold_0.5,120,0,0,0,0,120,0,,,1,,,,,0.0006985551698,0.02369531168,,,1,0.5,roc_auc/calibration undefined: one observed class; average_precision/recall/precision/f1 undefined: no positives
balanced_rf,S2,7,2016,held_out_season,120,3,0.025,1,28,89,2,0.3333333333,0.03448275862,0.7606837607,0.0625,0.547008547,0.06065462315,0.735042735,0.02464474027,0.1128342603,-1.049606872,0.6712277215,0.75,0.03356105742,
balanced_rf,S2,7,2016,held_out_season_threshold_0.5,120,3,0.025,0,0,117,3,0,,1,0,0.5,0.06065462315,0.735042735,0.02464474027,0.1128342603,-1.049606872,0.6712277215,0.975,0.5,
balanced_rf,S2,7,2017,held_out_season,120,0,0,0,14,106,0,,0,0.8833333333,0,,,,0.0002862023752,0.0122440291,,,0.8833333333,0.02643872077,roc_auc/calibration undefined: one observed class; average_precision/recall/precision/f1 undefined: no positives
balanced_rf,S2,7,2017,held_out_season_threshold_0.5,120,0,0,0,0,120,0,,,1,,,,,0.0002862023752,0.0122440291,,,1,0.5,roc_auc/calibration undefined: one observed class; average_precision/recall/precision/f1 undefined: no positives
balanced_rf,S2,7,2018,held_out_season,120,0,0,0,7,113,0,,0,0.9416666667,0,,,,0.0002143277573,0.01235305854,,,0.9416666667,0.02647777907,roc_auc/calibration undefined: one observed class; average_precision/recall/precision/f1 undefined: no positives
balanced_rf,S2,7,2018,held_out_season_threshold_0.5,120,0,0,0,0,120,0,,,1,,,,,0.0002143277573,0.01235305854,,,1,0.5,roc_auc/calibration undefined: one observed class; average_precision/recall/precision/f1 undefined: no positives
balanced_rf,S2,7,2019,held_out_season,120,0,0,0,56,64,0,,0,0.5333333333,0,,,,0.002828857621,0.03479401676,,,0.5333333333,0.01985400642,roc_auc/calibration undefined: one observed class; average_precision/recall/precision/f1 undefined: no positives
balanced_rf,S2,7,2019,held_out_season_threshold_0.5,120,0,0,0,0,120,0,,,1,,,,,0.002828857621,0.03479401676,,,1,0.5,roc_auc/calibration undefined: one observed class; average_precision/recall/precision/f1 undefined: no positives
balanced_rf,S2,7,2020,held_out_season,120,0,0,0,27,93,0,,0,0.775,0,,,,0.00163718197,0.0222352322,,,0.775,0.02832755388,roc_auc/calibration undefined: one observed class; average_precision/recall/precision/f1 undefined: no positives
balanced_rf,S2,7,2020,held_out_season_threshold_0.5,120,0,0,0,0,120,0,,,1,,,,,0.00163718197,0.0222352322,,,1,0.5,roc_auc/calibration undefined: one observed class; average_precision/recall/precision/f1 undefined: no positives
balanced_rf,S2,7,2021,held_out_season,120,6,0.05,6,57,57,0,1,0.09523809524,0.5,0.1739130435,0.75,0.2956070732,0.8245614035,0.0445962603,0.1623960894,1.582702308,1.526638855,0.525,0.01616277824,
balanced_rf,S2,7,2021,held_out_season_threshold_0.5,120,6,0.05,0,0,114,6,0,,1,0,0.5,0.2956070732,0.8245614035,0.0445962603,0.1623960894,1.582702308,1.526638855,0.95,0.5,
balanced_rf,S2,7,2022,held_out_season,120,0,0,0,44,76,0,,0,0.6333333333,0,,,,0.001563924008,0.02729289705,,,0.6333333333,0.02129770819,roc_auc/calibration undefined: one observed class; average_precision/recall/precision/f1 undefined: no positives
balanced_rf,S2,7,2022,held_out_season_threshold_0.5,120,0,0,0,0,120,0,,,1,,,,,0.001563924008,0.02729289705,,,1,0.5,roc_auc/calibration undefined: one observed class; average_precision/recall/precision/f1 undefined: no positives
balanced_rf,S2,7,2023,held_out_season,120,22,0.1833333333,9,34,64,13,0.4090909091,0.2093023256,0.6530612245,0.2769230769,0.5310760668,0.1919661702,0.5057977737,0.175403457,0.8917776965,-1.247089417,0.05123614098,0.6083333333,0.02010070243,
balanced_rf,S2,7,2023,held_out_season_threshold_0.5,120,22,0.1833333333,0,0,98,22,0,,1,0,0.5,0.1919661702,0.5057977737,0.175403457,0.8917776965,-1.247089417,0.05123614098,0.8166666667,0.5,
balanced_rf,S2,7,2024,held_out_season,120,16,0.1333333333,16,89,15,0,1,0.1523809524,0.1442307692,0.2644628099,0.5721153846,0.4187844769,0.7265625,0.1180929972,0.4075157896,10.27006667,4.531844697,0.2583333333,0.04582897003,
balanced_rf,S2,7,2024,held_out_season_threshold_0.5,120,16,0.1333333333,0,0,104,16,0,,1,0,0.5,0.4187844769,0.7265625,0.1180929972,0.4075157896,10.27006667,4.531844697,0.8666666667,0.5,
logistic,S1,1,2014,held_out_season,120,9,0.075,7,23,88,2,0.7777777778,0.2333333333,0.7927927928,0.358974359,0.7852852853,0.4778360926,0.9149149149,0.05132312798,0.1795808117,-0.059472816,0.7137586925,0.7916666667,0.03949343439,
logistic,S1,1,2014,held_out_season_threshold_0.5,120,9,0.075,3,1,110,6,0.3333333333,0.75,0.990990991,0.4615384615,0.6621621622,0.4778360926,0.9149149149,0.05132312798,0.1795808117,-0.059472816,0.7137586925,0.9416666667,0.5,
logistic,S1,1,2015,held_out_season,120,0,0,0,1,119,0,,0,0.9916666667,0,,,,0.0001717683018,0.007466355201,,,0.9916666667,0.05195048961,roc_auc/calibration undefined: one observed class; average_precision/recall/precision/f1 undefined: no positives
logistic,S1,1,2015,held_out_season_threshold_0.5,120,0,0,0,0,120,0,,,1,,,,,0.0001717683018,0.007466355201,,,1,0.5,roc_auc/calibration undefined: one observed class; average_precision/recall/precision/f1 undefined: no positives
logistic,S1,1,2016,held_out_season,120,3,0.025,3,20,97,0,1,0.1304347826,0.8290598291,0.2307692308,0.9145299145,0.4833333333,0.9487179487,0.02329058407,0.0807048081,-0.980085144,1.312525277,0.8333333333,0.05185490638,
logistic,S1,1,2016,held_out_season_threshold_0.5,120,3,0.025,1,1,116,2,0.3333333333,0.5,0.9914529915,0.4,0.6623931624,0.4833333333,0.9487179487,0.02329058407,0.0807048081,-0.980085144,1.312525277,0.975,0.5,
logistic,S1,1,2017,held_out_season,120,0,0,0,3,117,0,,0,0.975,0,,,,8.092845984e-05,0.004029519769,,,0.975,0.03566062593,roc_auc/calibration undefined: one observed class; average_precision/recall/precision/f1 undefined: no positives
logistic,S1,1,2017,held_out_season_threshold_0.5,120,0,0,0,0,120,0,,,1,,,,,8.092845984e-05,0.004029519769,,,1,0.5,roc_auc/calibration undefined: one observed class; average_precision/recall/precision/f1 undefined: no positives
logistic,S1,1,2018,held_out_season,120,0,0,0,1,119,0,,0,0.9916666667,0,,,,2.772655276e-05,0.002662858891,,,0.9916666667,0.03306867534,roc_auc/calibration undefined: one observed class; average_precision/recall/precision/f1 undefined: no positives
logistic,S1,1,2018,held_out_season_threshold_0.5,120,0,0,0,0,120,0,,,1,,,,,2.772655276e-05,0.002662858891,,,1,0.5,roc_auc/calibration undefined: one observed class; average_precision/recall/precision/f1 undefined: no positives
logistic,S1,1,2019,held_out_season,120,0,0,0,22,98,0,,0,0.8166666667,0,,,,0.004242668802,0.03222917239,,,0.8166666667,0.04782911737,roc_auc/calibration undefined: one observed class; average_precision/recall/precision/f1 undefined: no positives
logistic,S1,1,2019,held_out_season_threshold_0.5,120,0,0,0,0,120,0,,,1,,,,,0.004242668802,0.03222917239,,,1,0.5,roc_auc/calibration undefined: one observed class; average_precision/recall/precision/f1 undefined: no positives
logistic,S1,1,2020,held_out_season,120,0,0,0,7,113,0,,0,0.9416666667,0,,,,0.001124986483,0.0122646235,,,0.9416666667,0.04629348004,roc_auc/calibration undefined: one observed class; average_precision/recall/precision/f1 undefined: no positives
logistic,S1,1,2020,held_out_season_threshold_0.5,120,0,0,0,0,120,0,,,1,,,,,0.001124986483,0.0122646235,,,1,0.5,roc_auc/calibration undefined: one observed class; average_precision/recall/precision/f1 undefined: no positives
logistic,S1,1,2021,held_out_season,120,6,0.05,5,28,86,1,0.8333333333,0.1515151515,0.7543859649,0.2564102564,0.7938596491,0.4823389033,0.8728070175,0.03856322793,0.1470172643,-0.4231854321,0.7572665912,0.7583333333,0.03810757827,
logistic,S1,1,2021,held_out_season_threshold_0.5,120,6,0.05,0,0,114,6,0,,1,0,0.5,0.4823389033,0.8728070175,0.03856322793,0.1470172643,-0.4231854321,0.7572665912,0.95,0.5,
logistic,S1,1,2022,held_out_season,120,0,0,0,26,94,0,,0,0.7833333333,0,,,,0.001235564798,0.01635508717,,,0.7833333333,0.01870555014,roc_auc/calibration undefined: one observed class; average_precision/recall/precision/f1 undefined: no positives
logistic,S1,1,2022,held_out_season_threshold_0.5,120,0,0,0,0,120,0,,,1,,,,,0.001235564798,0.01635508717,,,1,0.5,roc_auc/calibration undefined: one observed class; average_precision/recall/precision/f1 undefined: no positives
logistic,S1,1,2023,held_out_season,120,22,0.1833333333,17,21,77,5,0.7727272727,0.4473684211,0.7857142857,0.5666666667,0.7792207792,0.6410042051,0.8821892393,0.1240669615,0.4859550629,0.5179446836,0.4658241397,0.7833333333,0.01322512028,
logistic,S1,1,2023,held_out_season_threshold_0.5,120,22,0.1833333333,7,4,94,15,0.3181818182,0.6363636364,0.9591836735,0.4242424242,0.6386827458,0.6410042051,0.8821892393,0.1240669615,0.4859550629,0.5179446836,0.4658241397,0.8416666667,0.5,
logistic,S1,1,2024,held_out_season,120,16,0.1333333333,15,26,78,1,0.9375,0.3658536585,0.75,0.5263157895,0.84375,0.7328331182,0.9495192308,0.05952647426,0.2018157029,0.5911675714,0.9874482833,0.775,0.02544712131,
logistic,S1,1,2024,held_out_season_threshold_0.5,120,16,0.1333333333,9,1,103,7,0.5625,0.9,0.9903846154,0.6923076923,0.7764423077,0.7328331182,0.9495192308,0.05952647426,0.2018157029,0.5911675714,0.9874482833,0.9333333333,0.5,
logistic,S1,3,2014,held_out_season,120,9,0.075,8,31,80,1,0.8888888889,0.2051282051,0.7207207207,0.3333333333,0.8048048048,0.298333334,0.8508508509,0.06205779932,0.2188079867,0.1048068296,0.7608366316,0.7333333333,0.03172427359,
logistic,S1,3,2014,held_out_season_threshold_0.5,120,9,0.075,0,0,111,9,0,,1,0,0.5,0.298333334,0.8508508509,0.06205779932,0.2188079867,0.1048068296,0.7608366316,0.925,0.5,
logistic,S1,3,2015,held_out_season,120,0,0,0,29,91,0,,0,0.7583333333,0,,,,0.000576489092,0.0153803505,,,0.7583333333,0.02316858603,roc_auc/calibration undefined: one observed class; average_precision/recall/precision/f1 undefined: no positives
logistic,S1,3,2015,held_out_season_threshold_0.5,120,0,0,0,0,120,0,,,1,,,,,0.000576489092,0.0153803505,,,1,0.5,roc_auc/calibration undefined: one observed class; average_precision/recall/precision/f1 undefined: no positives
logistic,S1,3,2016,held_out_season,120,3,0.025,3,25,92,0,1,0.1071428571,0.7863247863,0.1935483871,0.8931623932,0.2222222222,0.943019943,0.02166876975,0.08013308906,1.266500932,1.955107706,0.7916666667,0.03688211457,
logistic,S1,3,2016,held_out_season_threshold_0.5,120,3,0.025,0,0,117,3,0,,1,0,0.5,0.2222222222,0.943019943,0.02166876975,0.08013308906,1.266500932,1.955107706,0.975,0.5,
logistic,S1,3,2017,held_out_season,120,0,0,0,8,112,0,,0,0.9333333333,0,,,,0.0002217879299,0.008955444761,,,0.9333333333,0.03089889094,roc_auc/calibration undefined: one observed class; average_precision/recall/precision/f1 undefined: no positives
logistic,S1,3,2017,held_out_season_threshold_0.5,120,0,0,0,0,120,0,,,1,,,,,0.0002217879299,0.008955444761,,,1,0.5,roc_auc/calibration undefined: one observed class; average_precision/recall/precision/f1 undefined: no positives
logistic,S1,3,2018,held_out_season,120,0,0,0,5,115,0,,0,0.9583333333,0,,,,0.0001627968867,0.00774184858,,,0.9583333333,0.03664504581,roc_auc/calibration undefined: one observed class; average_precision/recall/precision/f1 undefined: no positives
logistic,S1,3,2018,held_out_season_threshold_0.5,120,0,0,0,0,120,0,,,1,,,,,0.0001627968867,0.00774184858,,,1,0.5,roc_auc/calibration undefined: one observed class; average_precision/recall/precision/f1 undefined: no positives
logistic,S1,3,2019,held_out_season,120,0,0,0,25,95,0,,0,0.7916666667,0,,,,0.002381611291,0.02805623017,,,0.7916666667,0.03764299362,roc_auc/calibration undefined: one observed class; average_precision/recall/precision/f1 undefined: no positives
logistic,S1,3,2019,held_out_season_threshold_0.5,120,0,0,0,0,120,0,,,1,,,,,0.002381611291,0.02805623017,,,1,0.5,roc_auc/calibration undefined: one observed class; average_precision/recall/precision/f1 undefined: no positives
logistic,S1,3,2020,held_out_season,120,0,0,0,18,102,0,,0,0.85,0,,,,0.001390150754,0.0183973008,,,0.85,0.03821465895,roc_auc/calibration undefined: one observed class; average_precision/recall/precision/f1 undefined: no positives
logistic,S1,3,2020,held_out_season_threshold_0.5,120,0,0,0,0,120,0,,,1,,,,,0.001390150754,0.0183973008,,,1,0.5,roc_auc/calibration undefined: one observed class; average_precision/recall/precision/f1 undefined: no positives
logistic,S1,3,2021,held_out_season,120,6,0.05,6,44,70,0,1,0.12,0.6140350877,0.2142857143,0.8070175439,0.1092811328,0.7675438596,0.04961050026,0.1823022317,-0.9694259307,0.5447982864,0.6333333333,0.01995856436,
logistic,S1,3,2021,held_out_season_threshold_0.5,120,6,0.05,0,0,114,6,0,,1,0,0.5,0.1092811328,0.7675438596,0.04961050026,0.1823022317,-0.9694259307,0.5447982864,0.95,0.5,
logistic,S1,3,2022,held_out_season,120,0,0,0,34,86,0,,0,0.7166666667,0,,,,0.001662800371,0.0240522352,,,0.7166666667,0.02420844223,roc_auc/calibration undefined: one observed class; average_precision/recall/precision/f1 undefined: no positives
logistic,S1,3,2022,held_out_season_threshold_0.5,120,0,0,0,0,120,0,,,1,,,,,0.001662800371,0.0240522352,,,1,0.5,roc_auc/calibration undefined: one observed class; average_precision/recall/precision/f1 undefined: no positives
logistic,S1,3,2023,held_out_season,120,22,0.1833333333,13,20,78,9,0.5909090909,0.3939393939,0.7959183673,0.4727272727,0.6934137291,0.365457133,0.7884972171,0.1656693944,0.6822006182,0.1788444185,0.3563552031,0.7583333333,0.01449633889,
logistic,S1,3,2023,held_out_season_threshold_0.5,120,22,0.1833333333,1,3,95,21,0.04545454545,0.25,0.9693877551,0.07692307692,0.5074211503,0.365457133,0.7884972171,0.1656693944,0.6822006182,0.1788444185,0.3563552031,0.8,0.5,
logistic,S1,3,2024,held_out_season,120,16,0.1333333333,13,30,74,3,0.8125,0.3023255814,0.7115384615,0.4406779661,0.7620192308,0.6106283335,0.9068509615,0.08953042628,0.2809203694,1.769263399,1.356354903,0.725,0.03533860695,
logistic,S1,3,2024,held_out_season_threshold_0.5,120,16,0.1333333333,0,0,104,16,0,,1,0,0.5,0.6106283335,0.9068509615,0.08953042628,0.2809203694,1.769263399,1.356354903,0.8666666667,0.5,
logistic,S1,7,2014,held_out_season,120,9,0.075,7,35,76,2,0.7777777778,0.1666666667,0.6846846847,0.2745098039,0.7312312312,0.1636746462,0.7707707708,0.07836041273,0.2996307385,-0.9104769049,0.3696075202,0.6916666667,0.01486060978,
logistic,S1,7,2014,held_out_season_threshold_0.5,120,9,0.075,0,2,109,9,0,0,0.981981982,0,0.490990991,0.1636746462,0.7707707708,0.07836041273,0.2996307385,-0.9104769049,0.3696075202,0.9083333333,0.5,
logistic,S1,7,2015,held_out_season,120,0,0,0,20,100,0,,0,0.8333333333,0,,,,0.0008171391983,0.02027281797,,,0.8333333333,0.03095593313,roc_auc/calibration undefined: one observed class; average_precision/recall/precision/f1 undefined: no positives
logistic,S1,7,2015,held_out_season_threshold_0.5,120,0,0,0,0,120,0,,,1,,,,,0.0008171391983,0.02027281797,,,1,0.5,roc_auc/calibration undefined: one observed class; average_precision/recall/precision/f1 undefined: no positives
logistic,S1,7,2016,held_out_season,120,3,0.025,3,29,88,0,1,0.09375,0.7521367521,0.1714285714,0.8760683761,0.117989418,0.8774928775,0.02351615149,0.09131389168,0.143064858,1.234634103,0.7583333333,0.03060703198,
logistic,S1,7,2016,held_out_season_threshold_0.5,120,3,0.025,0,0,117,3,0,,1,0,0.5,0.117989418,0.8774928775,0.02351615149,0.09131389168,0.143064858,1.234634103,0.975,0.5,
logistic,S1,7,2017,held_out_season,120,0,0,0,4,116,0,,0,0.9666666667,0,,,,0.0002350185822,0.009050748283,,,0.9666666667,0.03416223019,roc_auc/calibration undefined: one observed class; average_precision/recall/precision/f1 undefined: no positives
logistic,S1,7,2017,held_out_season_threshold_0.5,120,0,0,0,0,120,0,,,1,,,,,0.0002350185822,0.009050748283,,,1,0.5,roc_auc/calibration undefined: one observed class; average_precision/recall/precision/f1 undefined: no positives
logistic,S1,7,2018,held_out_season,120,0,0,0,8,112,0,,0,0.9333333333,0,,,,0.0001690572626,0.008951995906,,,0.9333333333,0.03012047202,roc_auc/calibration undefined: one observed class; average_precision/recall/precision/f1 undefined: no positives
logistic,S1,7,2018,held_out_season_threshold_0.5,120,0,0,0,0,120,0,,,1,,,,,0.0001690572626,0.008951995906,,,1,0.5,roc_auc/calibration undefined: one observed class; average_precision/recall/precision/f1 undefined: no positives
logistic,S1,7,2019,held_out_season,120,0,0,0,39,81,0,,0,0.675,0,,,,0.00182049399,0.02647888946,,,0.675,0.0245469748,roc_auc/calibration undefined: one observed class; average_precision/recall/precision/f1 undefined: no positives
logistic,S1,7,2019,held_out_season_threshold_0.5,120,0,0,0,0,120,0,,,1,,,,,0.00182049399,0.02647888946,,,1,0.5,roc_auc/calibration undefined: one observed class; average_precision/recall/precision/f1 undefined: no positives
logistic,S1,7,2020,held_out_season,120,0,0,0,32,88,0,,0,0.7333333333,0,,,,0.002203672772,0.02719087986,,,0.7333333333,0.03214576432,roc_auc/calibration undefined: one observed class; average_precision/recall/precision/f1 undefined: no positives
logistic,S1,7,2020,held_out_season_threshold_0.5,120,0,0,0,0,120,0,,,1,,,,,0.002203672772,0.02719087986,,,1,0.5,roc_auc/calibration undefined: one observed class; average_precision/recall/precision/f1 undefined: no positives
logistic,S1,7,2021,held_out_season,120,6,0.05,5,39,75,1,0.8333333333,0.1136363636,0.6578947368,0.2,0.7456140351,0.1142695067,0.7733918129,0.04740690012,0.1779583059,-0.6380141129,0.6581607519,0.6666666667,0.03185016983,
logistic,S1,7,2021,held_out_season_threshold_0.5,120,6,0.05,0,0,114,6,0,,1,0,0.5,0.1142695067,0.7733918129,0.04740690012,0.1779583059,-0.6380141129,0.6581607519,0.95,0.5,
logistic,S1,7,2022,held_out_season,120,0,0,0,44,76,0,,0,0.6333333333,0,,,,0.001822164875,0.02736449841,,,0.6333333333,0.02604614654,roc_auc/calibration undefined: one observed class; average_precision/recall/precision/f1 undefined: no positives
logistic,S1,7,2022,held_out_season_threshold_0.5,120,0,0,0,0,120,0,,,1,,,,,0.001822164875,0.02736449841,,,1,0.5,roc_auc/calibration undefined: one observed class; average_precision/recall/precision/f1 undefined: no positives
logistic,S1,7,2023,held_out_season,120,22,0.1833333333,11,33,65,11,0.5,0.25,0.6632653061,0.3333333333,0.5816326531,0.2913961474,0.6451762523,0.1718475418,0.8153217155,-0.306170199,0.2460592902,0.6333333333,0.009396676756,
logistic,S1,7,2023,held_out_season_threshold_0.5,120,22,0.1833333333,0,0,98,22,0,,1,0,0.5,0.2913961474,0.6451762523,0.1718475418,0.8153217155,-0.306170199,0.2460592902,0.8166666667,0.5,
logistic,S1,7,2024,held_out_season,120,16,0.1333333333,16,50,54,0,1,0.2424242424,0.5192307692,0.3902439024,0.7596153846,0.6475547434,0.9164663462,0.1083455131,0.3386992975,5.590530344,2.686380604,0.5833333333,0.02762898057,
logistic,S1,7,2024,held_out_season_threshold_0.5,120,16,0.1333333333,0,0,104,16,0,,1,0,0.5,0.6475547434,0.9164663462,0.1083455131,0.3386992975,5.590530344,2.686380604,0.8666666667,0.5,
logistic,S2,1,2014,held_out_season,120,9,0.075,7,19,92,2,0.7777777778,0.2692307692,0.8288288288,0.4,0.8033033033,0.5517067963,0.9309309309,0.04927899897,0.171716389,0.5972788159,0.8749810412,0.825,0.03527192792,
logistic,S2,1,2014,held_out_season_threshold_0.5,120,9,0.075,1,1,110,8,0.1111111111,0.5,0.990990991,0.1818181818,0.5510510511,0.5517067963,0.9309309309,0.04927899897,0.171716389,0.5972788159,0.8749810412,0.925,0.5,
logistic,S2,1,2015,held_out_season,120,0,0,0,27,93,0,,0,0.775,0,,,,0.0004463532462,0.01104940298,,,0.775,0.01598689885,roc_auc/calibration undefined: one observed class; average_precision/recall/precision/f1 undefined: no positives
logistic,S2,1,2015,held_out_season_threshold_0.5,120,0,0,0,0,120,0,,,1,,,,,0.0004463532462,0.01104940298,,,1,0.5,roc_auc/calibration undefined: one observed class; average_precision/recall/precision/f1 undefined: no positives
logistic,S2,1,2016,held_out_season,120,3,0.025,3,29,88,0,1,0.09375,0.7521367521,0.1714285714,0.8760683761,0.5444444444,0.9686609687,0.02320021956,0.0755054787,-1.15924655,1.198377033,0.7583333333,0.01537607957,
logistic,S2,1,2016,held_out_season_threshold_0.5,120,3,0.025,1,3,114,2,0.3333333333,0.25,0.9743589744,0.2857142857,0.6538461538,0.5444444444,0.9686609687,0.02320021956,0.0755054787,-1.15924655,1.198377033,0.9583333333,0.5,
logistic,S2,1,2017,held_out_season,120,0,0,0,5,115,0,,0,0.9583333333,0,,,,0.000225734187,0.005605061109,,,0.9583333333,0.02557126751,roc_auc/calibration undefined: one observed class; average_precision/recall/precision/f1 undefined: no positives
logistic,S2,1,2017,held_out_season_threshold_0.5,120,0,0,0,0,120,0,,,1,,,,,0.000225734187,0.005605061109,,,1,0.5,roc_auc/calibration undefined: one observed class; average_precision/recall/precision/f1 undefined: no positives
logistic,S2,1,2018,held_out_season,120,0,0,0,0,120,0,,,1,,,,,5.175773797e-05,0.003225110827,,,1,0.04389469521,roc_auc/calibration undefined: one observed class; average_precision/recall/precision/f1 undefined: no positives
logistic,S2,1,2018,held_out_season_threshold_0.5,120,0,0,0,0,120,0,,,1,,,,,5.175773797e-05,0.003225110827,,,1,0.5,roc_auc/calibration undefined: one observed class; average_precision/recall/precision/f1 undefined: no positives
logistic,S2,1,2019,held_out_season,120,0,0,0,32,88,0,,0,0.7333333333,0,,,,0.01013633264,0.0484107411,,,0.7333333333,0.02790466803,roc_auc/calibration undefined: one observed class; average_precision/recall/precision/f1 undefined: no positives
logistic,S2,1,2019,held_out_season_threshold_0.5,120,0,0,0,0,120,0,,,1,,,,,0.01013633264,0.0484107411,,,1,0.5,roc_auc/calibration undefined: one observed class; average_precision/recall/precision/f1 undefined: no positives
logistic,S2,1,2020,held_out_season,120,0,0,0,11,109,0,,0,0.9083333333,0,,,,0.0008660192455,0.01081359609,,,0.9083333333,0.03060803574,roc_auc/calibration undefined: one observed class; average_precision/recall/precision/f1 undefined: no positives
logistic,S2,1,2020,held_out_season_threshold_0.5,120,0,0,0,0,120,0,,,1,,,,,0.0008660192455,0.01081359609,,,1,0.5,roc_auc/calibration undefined: one observed class; average_precision/recall/precision/f1 undefined: no positives
logistic,S2,1,2021,held_out_season,120,6,0.05,5,31,83,1,0.8333333333,0.1388888889,0.7280701754,0.2380952381,0.7807017544,0.3877224935,0.884502924,0.0435742147,0.1519569414,-0.8041387689,0.6865406766,0.7333333333,0.02454991691,
logistic,S2,1,2021,held_out_season_threshold_0.5,120,6,0.05,1,0,114,5,0.1666666667,1,1,0.2857142857,0.5833333333,0.3877224935,0.884502924,0.0435742147,0.1519569414,-0.8041387689,0.6865406766,0.9583333333,0.5,
logistic,S2,1,2022,held_out_season,120,0,0,0,21,99,0,,0,0.825,0,,,,0.002477021788,0.02443582975,,,0.825,0.03730108062,roc_auc/calibration undefined: one observed class; average_precision/recall/precision/f1 undefined: no positives
logistic,S2,1,2022,held_out_season_threshold_0.5,120,0,0,0,0,120,0,,,1,,,,,0.002477021788,0.02443582975,,,1,0.5,roc_auc/calibration undefined: one observed class; average_precision/recall/precision/f1 undefined: no positives
logistic,S2,1,2023,held_out_season,120,22,0.1833333333,22,27,71,0,1,0.4489795918,0.7244897959,0.6197183099,0.862244898,0.6042263015,0.8636363636,0.1283937178,0.5100193933,0.2497020638,0.392439692,0.775,0.003915347361,
logistic,S2,1,2023,held_out_season_threshold_0.5,120,22,0.1833333333,8,4,94,14,0.3636363636,0.6666666667,0.9591836735,0.4705882353,0.6614100186,0.6042263015,0.8636363636,0.1283937178,0.5100193933,0.2497020638,0.392439692,0.85,0.5,
logistic,S2,1,2024,held_out_season,120,16,0.1333333333,15,36,68,1,0.9375,0.2941176471,0.6538461538,0.447761194,0.7956730769,0.6923416891,0.9344951923,0.0769948871,0.2426139833,1.107323789,1.116584083,0.6916666667,0.01249623611,
logistic,S2,1,2024,held_out_season_threshold_0.5,120,16,0.1333333333,4,1,103,12,0.25,0.8,0.9903846154,0.380952381,0.6201923077,0.6923416891,0.9344951923,0.0769948871,0.2426139833,1.107323789,1.116584083,0.8916666667,0.5,
logistic,S2,3,2014,held_out_season,120,9,0.075,8,45,66,1,0.8888888889,0.1509433962,0.5945945946,0.2580645161,0.7417417417,0.3200654695,0.8808808809,0.06303092288,0.2132799458,0.2668835086,0.780995739,0.6166666667,0.009584043925,
logistic,S2,3,2014,held_out_season_threshold_0.5,120,9,0.075,0,1,110,9,0,0,0.990990991,0,0.4954954955,0.3200654695,0.8808808809,0.06303092288,0.2132799458,0.2668835086,0.780995739,0.9166666667,0.5,
logistic,S2,3,2015,held_out_season,120,0,0,0,44,76,0,,0,0.6333333333,0,,,,0.001501137986,0.02569944724,,,0.6333333333,0.02234574534,roc_auc/calibration undefined: one observed class; average_precision/recall/precision/f1 undefined: no positives
logistic,S2,3,2015,held_out_season_threshold_0.5,120,0,0,0,0,120,0,,,1,,,,,0.001501137986,0.02569944724,,,1,0.5,roc_auc/calibration undefined: one observed class; average_precision/recall/precision/f1 undefined: no positives
logistic,S2,3,2016,held_out_season,120,3,0.025,3,31,86,0,1,0.08823529412,0.735042735,0.1621621622,0.8675213675,0.3106060606,0.9458689459,0.021119443,0.07844608009,0.9104243797,1.679653371,0.7416666667,0.03075816352,
logistic,S2,3,2016,held_out_season_threshold_0.5,120,3,0.025,0,0,117,3,0,,1,0,0.5,0.3106060606,0.9458689459,0.021119443,0.07844608009,0.9104243797,1.679653371,0.975,0.5,
logistic,S2,3,2017,held_out_season,120,0,0,0,17,103,0,,0,0.8583333333,0,,,,0.0003568503873,0.01052130854,,,0.8583333333,0.02367089865,roc_auc/calibration undefined: one observed class; average_precision/recall/precision/f1 undefined: no positives
logistic,S2,3,2017,held_out_season_threshold_0.5,120,0,0,0,0,120,0,,,1,,,,,0.0003568503873,0.01052130854,,,1,0.5,roc_auc/calibration undefined: one observed class; average_precision/recall/precision/f1 undefined: no positives
logistic,S2,3,2018,held_out_season,120,0,0,0,4,116,0,,0,0.9666666667,0,,,,0.0002580262326,0.007757655215,,,0.9666666667,0.03659821122,roc_auc/calibration undefined: one observed class; average_precision/recall/precision/f1 undefined: no positives
logistic,S2,3,2018,held_out_season_threshold_0.5,120,0,0,0,0,120,0,,,1,,,,,0.0002580262326,0.007757655215,,,1,0.5,roc_auc/calibration undefined: one observed class; average_precision/recall/precision/f1 undefined: no positives
logistic,S2,3,2019,held_out_season,120,0,0,0,41,79,0,,0,0.6583333333,0,,,,0.005267209767,0.03774998903,,,0.6583333333,0.0227895989,roc_auc/calibration undefined: one observed class; average_precision/recall/precision/f1 undefined: no positives
logistic,S2,3,2019,held_out_season_threshold_0.5,120,0,0,0,0,120,0,,,1,,,,,0.005267209767,0.03774998903,,,1,0.5,roc_auc/calibration undefined: one observed class; average_precision/recall/precision/f1 undefined: no positives
logistic,S2,3,2020,held_out_season,120,0,0,0,27,93,0,,0,0.775,0,,,,0.0008819192885,0.01761993661,,,0.775,0.02598767772,roc_auc/calibration undefined: one observed class; average_precision/recall/precision/f1 undefined: no positives
logistic,S2,3,2020,held_out_season_threshold_0.5,120,0,0,0,0,120,0,,,1,,,,,0.0008819192885,0.01761993661,,,1,0.5,roc_auc/calibration undefined: one observed class; average_precision/recall/precision/f1 undefined: no positives
logistic,S2,3,2021,held_out_season,120,6,0.05,6,48,66,0,1,0.1111111111,0.5789473684,0.2,0.7894736842,0.1632395382,0.8552631579,0.05229670569,0.1705807838,-0.9176038472,0.6510416923,0.6,0.01887092401,
logistic,S2,3,2021,held_out_season_threshold_0.5,120,6,0.05,0,0,114,6,0,,1,0,0.5,0.1632395382,0.8552631579,0.05229670569,0.1705807838,-0.9176038472,0.6510416923,0.95,0.5,
logistic,S2,3,2022,held_out_season,120,0,0,0,33,87,0,,0,0.725,0,,,,0.003656506238,0.0342268902,,,0.725,0.0339296351,roc_auc/calibration undefined: one observed class; average_precision/recall/precision/f1 undefined: no positives
logistic,S2,3,2022,held_out_season_threshold_0.5,120,0,0,0,0,120,0,,,1,,,,,0.003656506238,0.0342268902,,,1,0.5,roc_auc/calibration undefined: one observed class; average_precision/recall/precision/f1 undefined: no positives
logistic,S2,3,2023,held_out_season,120,22,0.1833333333,12,26,72,10,0.5454545455,0.3157894737,0.7346938776,0.4,0.6400742115,0.3102905807,0.7476808905,0.1725437893,0.7201239515,-0.1149034826,0.2996618379,0.7,0.01847294157,
logistic,S2,3,2023,held_out_season_threshold_0.5,120,22,0.1833333333,0,3,95,22,0,0,0.9693877551,0,0.4846938776,0.3102905807,0.7476808905,0.1725437893,0.7201239515,-0.1149034826,0.2996618379,0.7916666667,0.5,
logistic,S2,3,2024,held_out_season,120,16,0.1333333333,14,36,68,2,0.875,0.28,0.6538461538,0.4242424242,0.7644230769,0.528021215,0.9020432692,0.09805617372,0.3003495658,1.97165082,1.394592331,0.6833333333,0.03453366814,
logistic,S2,3,2024,held_out_season_threshold_0.5,120,16,0.1333333333,0,0,104,16,0,,1,0,0.5,0.528021215,0.9020432692,0.09805617372,0.3003495658,1.97165082,1.394592331,0.8666666667,0.5,
logistic,S2,7,2014,held_out_season,120,9,0.075,8,58,53,1,0.8888888889,0.1212121212,0.4774774775,0.2133333333,0.6831831832,0.1516946617,0.7347347347,0.07878965713,0.298560072,-1.118884837,0.3559549684,0.5083333333,0.008085532685,
logistic,S2,7,2014,held_out_season_threshold_0.5,120,9,0.075,0,3,108,9,0,0,0.972972973,0,0.4864864865,0.1516946617,0.7347347347,0.07878965713,0.298560072,-1.118884837,0.3559549684,0.9,0.5,
logistic,S2,7,2015,held_out_season,120,0,0,0,51,69,0,,0,0.575,0,,,,0.001104235342,0.02783997908,,,0.575,0.02719666967,roc_auc/calibration undefined: one observed class; average_precision/recall/precision/f1 undefined: no positives
logistic,S2,7,2015,held_out_season_threshold_0.5,120,0,0,0,0,120,0,,,1,,,,,0.001104235342,0.02783997908,,,1,0.5,roc_auc/calibration undefined: one observed class; average_precision/recall/precision/f1 undefined: no positives
logistic,S2,7,2016,held_out_season,120,3,0.025,3,27,90,0,1,0.1,0.7692307692,0.1818181818,0.8846153846,0.1065656566,0.8632478632,0.02469237547,0.1005875915,-0.4627046036,0.9043951794,0.775,0.03048089526,
logistic,S2,7,2016,held_out_season_threshold_0.5,120,3,0.025,0,0,117,3,0,,1,0,0.5,0.1065656566,0.8632478632,0.02469237547,0.1005875915,-0.4627046036,0.9043951794,0.975,0.5,
logistic,S2,7,2017,held_out_season,120,0,0,0,4,116,0,,0,0.9666666667,0,,,,0.0002630104252,0.01108137563,,,0.9666666667,0.04012906803,roc_auc/calibration undefined: one observed class; average_precision/recall/precision/f1 undefined: no positives
logistic,S2,7,2017,held_out_season_threshold_0.5,120,0,0,0,0,120,0,,,1,,,,,0.0002630104252,0.01108137563,,,1,0.5,roc_auc/calibration undefined: one observed class; average_precision/recall/precision/f1 undefined: no positives
logistic,S2,7,2018,held_out_season,120,0,0,0,35,85,0,,0,0.7083333333,0,,,,0.000319526447,0.01295476004,,,0.7083333333,0.01505485518,roc_auc/calibration undefined: one observed class; average_precision/recall/precision/f1 undefined: no positives
logistic,S2,7,2018,held_out_season_threshold_0.5,120,0,0,0,0,120,0,,,1,,,,,0.000319526447,0.01295476004,,,1,0.5,roc_auc/calibration undefined: one observed class; average_precision/recall/precision/f1 undefined: no positives
logistic,S2,7,2019,held_out_season,120,0,0,0,48,72,0,,0,0.6,0,,,,0.002384214889,0.03542484252,,,0.6,0.02798377178,roc_auc/calibration undefined: one observed class; average_precision/recall/precision/f1 undefined: no positives
logistic,S2,7,2019,held_out_season_threshold_0.5,120,0,0,0,0,120,0,,,1,,,,,0.002384214889,0.03542484252,,,1,0.5,roc_auc/calibration undefined: one observed class; average_precision/recall/precision/f1 undefined: no positives
logistic,S2,7,2020,held_out_season,120,0,0,0,33,87,0,,0,0.725,0,,,,0.001529992088,0.02656704622,,,0.725,0.03279080154,roc_auc/calibration undefined: one observed class; average_precision/recall/precision/f1 undefined: no positives
logistic,S2,7,2020,held_out_season_threshold_0.5,120,0,0,0,0,120,0,,,1,,,,,0.001529992088,0.02656704622,,,1,0.5,roc_auc/calibration undefined: one observed class; average_precision/recall/precision/f1 undefined: no positives
logistic,S2,7,2021,held_out_season,120,6,0.05,6,46,68,0,1,0.1153846154,0.5964912281,0.2068965517,0.798245614,0.1298604737,0.8026315789,0.04657257367,0.1693885381,-0.2623966761,0.8656255041,0.6166666667,0.02500620873,
logistic,S2,7,2021,held_out_season_threshold_0.5,120,6,0.05,0,0,114,6,0,,1,0,0.5,0.1298604737,0.8026315789,0.04657257367,0.1693885381,-0.2623966761,0.8656255041,0.95,0.5,
logistic,S2,7,2022,held_out_season,120,0,0,0,50,70,0,,0,0.5833333333,0,,,,0.00169743198,0.02935244673,,,0.5833333333,0.02401820916,roc_auc/calibration undefined: one observed class; average_precision/recall/precision/f1 undefined: no positives
logistic,S2,7,2022,held_out_season_threshold_0.5,120,0,0,0,0,120,0,,,1,,,,,0.00169743198,0.02935244673,,,1,0.5,roc_auc/calibration undefined: one observed class; average_precision/recall/precision/f1 undefined: no positives
logistic,S2,7,2023,held_out_season,120,22,0.1833333333,14,43,55,8,0.6363636364,0.2456140351,0.5612244898,0.3544303797,0.5987940631,0.2628536581,0.6247680891,0.1709738585,0.7792680936,-0.3372195366,0.2582802863,0.575,0.008253398386,
logistic,S2,7,2023,held_out_season_threshold_0.5,120,22,0.1833333333,0,0,98,22,0,,1,0,0.5,0.2628536581,0.6247680891,0.1709738585,0.7792680936,-0.3372195366,0.2582802863,0.8166666667,0.5,
logistic,S2,7,2024,held_out_season,120,16,0.1333333333,16,51,53,0,1,0.2388059701,0.5096153846,0.3855421687,0.7548076923,0.5717542613,0.9008413462,0.1118296103,0.3563926278,7.086269099,3.268866296,0.575,0.02924592811,
logistic,S2,7,2024,held_out_season_threshold_0.5,120,16,0.1333333333,0,0,104,16,0,,1,0,0.5,0.5717542613,0.9008413462,0.1118296103,0.3563926278,7.086269099,3.268866296,0.8666666667,0.5,
s0_logistic,S0,1,2014,held_out_season,120,9,0.075,7,47,64,2,0.7777777778,0.1296296296,0.5765765766,0.2222222222,0.6771771772,0.6010891019,0.8208208208,0.06717913882,0.2481053896,0.369598783,0.8017936835,0.5916666667,0.02119103736,
s0_logistic,S0,1,2014,held_out_season_threshold_0.5,120,9,0.075,0,0,111,9,0,,1,0,0.5,0.6010891019,0.8208208208,0.06717913882,0.2481053896,0.369598783,0.8017936835,0.925,0.5,
s0_logistic,S0,1,2015,held_out_season,120,0,0,0,68,52,0,,0,0.4333333333,0,,,,0.001769002388,0.03522857988,,,0.4333333333,0.0241775317,roc_auc/calibration undefined: one observed class; average_precision/recall/precision/f1 undefined: no positives
s0_logistic,S0,1,2015,held_out_season_threshold_0.5,120,0,0,0,0,120,0,,,1,,,,,0.001769002388,0.03522857988,,,1,0.5,roc_auc/calibration undefined: one observed class; average_precision/recall/precision/f1 undefined: no positives
s0_logistic,S0,1,2016,held_out_season,120,3,0.025,3,65,52,0,1,0.04411764706,0.4444444444,0.08450704225,0.7222222222,0.3213675214,0.9572649573,0.02313599756,0.09892071693,74.55355755,30.75372115,0.4583333333,0.02465357527,
s0_logistic,S0,1,2016,held_out_season_threshold_0.5,120,3,0.025,0,0,117,3,0,,1,0,0.5,0.3213675214,0.9572649573,0.02313599756,0.09892071693,74.55355755,30.75372115,0.975,0.5,
s0_logistic,S0,1,2017,held_out_season,120,0,0,0,59,61,0,,0,0.5083333333,0,,,,0.00637982772,0.05788199808,,,0.5083333333,0.02687343911,roc_auc/calibration undefined: one observed class; average_precision/recall/precision/f1 undefined: no positives
s0_logistic,S0,1,2017,held_out_season_threshold_0.5,120,0,0,0,0,120,0,,,1,,,,,0.00637982772,0.05788199808,,,1,0.5,roc_auc/calibration undefined: one observed class; average_precision/recall/precision/f1 undefined: no positives
s0_logistic,S0,1,2018,held_out_season,120,0,0,0,56,64,0,,0,0.5333333333,0,,,,0.004862257089,0.05013670651,,,0.5333333333,0.02811286939,roc_auc/calibration undefined: one observed class; average_precision/recall/precision/f1 undefined: no positives
s0_logistic,S0,1,2018,held_out_season_threshold_0.5,120,0,0,0,0,120,0,,,1,,,,,0.004862257089,0.05013670651,,,1,0.5,roc_auc/calibration undefined: one observed class; average_precision/recall/precision/f1 undefined: no positives
s0_logistic,S0,1,2019,held_out_season,120,0,0,0,65,55,0,,0,0.4583333333,0,,,,0.001011221441,0.02797518361,,,0.4583333333,0.02387711339,roc_auc/calibration undefined: one observed class; average_precision/recall/precision/f1 undefined: no positives
s0_logistic,S0,1,2019,held_out_season_threshold_0.5,120,0,0,0,0,120,0,,,1,,,,,0.001011221441,0.02797518361,,,1,0.5,roc_auc/calibration undefined: one observed class; average_precision/recall/precision/f1 undefined: no positives
s0_logistic,S0,1,2020,held_out_season,120,0,0,0,68,52,0,,0,0.4333333333,0,,,,0.00100167827,0.02812101311,,,0.4333333333,0.02328452446,roc_auc/calibration undefined: one observed class; average_precision/recall/precision/f1 undefined: no positives
s0_logistic,S0,1,2020,held_out_season_threshold_0.5,120,0,0,0,0,120,0,,,1,,,,,0.00100167827,0.02812101311,,,1,0.5,roc_auc/calibration undefined: one observed class; average_precision/recall/precision/f1 undefined: no positives
s0_logistic,S0,1,2021,held_out_season,120,6,0.05,6,41,73,0,1,0.1276595745,0.6403508772,0.2264150943,0.8201754386,0.7427777778,0.9605263158,0.04579449785,0.1687784411,34.86356301,12.1245393,0.6583333333,0.02369233338,
s0_logistic,S0,1,2021,held_out_season_threshold_0.5,120,6,0.05,0,0,114,6,0,,1,0,0.5,0.7427777778,0.9605263158,0.04579449785,0.1687784411,34.86356301,12.1245393,0.95,0.5,
s0_logistic,S0,1,2022,held_out_season,120,0,0,0,40,80,0,,0,0.6666666667,0,,,,0.001594270265,0.02679740842,,,0.6666666667,0.03285726672,roc_auc/calibration undefined: one observed class; average_precision/recall/precision/f1 undefined: no positives
s0_logistic,S0,1,2022,held_out_season_threshold_0.5,120,0,0,0,0,120,0,,,1,,,,,0.001594270265,0.02679740842,,,1,0.5,roc_auc/calibration undefined: one observed class; average_precision/recall/precision/f1 undefined: no positives
s0_logistic,S0,1,2023,held_out_season,120,22,0.1833333333,0,13,85,22,0,0,0.8673469388,0,0.4336734694,0.2928638581,0.7036178108,0.1777126338,0.9299085149,0.4365546113,0.3217499888,0.7083333333,0.03084920667,
s0_logistic,S0,1,2023,held_out_season_threshold_0.5,120,22,0.1833333333,0,0,98,22,0,,1,0,0.5,0.2928638581,0.7036178108,0.1777126338,0.9299085149,0.4365546113,0.3217499888,0.8166666667,0.5,
s0_logistic,S0,1,2024,held_out_season,120,16,0.1333333333,16,43,61,0,1,0.2711864407,0.5865384615,0.4266666667,0.7932692308,0.8884873209,0.9543269231,0.1129838847,0.3605651978,14.7561824,6.33472884,0.6416666667,0.03770487186,
s0_logistic,S0,1,2024,held_out_season_threshold_0.5,120,16,0.1333333333,0,0,104,16,0,,1,0,0.5,0.8884873209,0.9543269231,0.1129838847,0.3605651978,14.7561824,6.33472884,0.8666666667,0.5,
s0_logistic,S0,3,2014,held_out_season,120,9,0.075,7,47,64,2,0.7777777778,0.1296296296,0.5765765766,0.2222222222,0.6771771772,0.6010891019,0.8208208208,0.06717913666,0.2481053971,0.3695946843,0.8017928834,0.5916666667,0.0211909801,
s0_logistic,S0,3,2014,held_out_season_threshold_0.5,120,9,0.075,0,0,111,9,0,,1,0,0.5,0.6010891019,0.8208208208,0.06717913666,0.2481053971,0.3695946843,0.8017928834,0.925,0.5,
s0_logistic,S0,3,2015,held_out_season,120,0,0,0,68,52,0,,0,0.4333333333,0,,,,0.001769002388,0.03522857988,,,0.4333333333,0.0241775317,roc_auc/calibration undefined: one observed class; average_precision/recall/precision/f1 undefined: no positives
s0_logistic,S0,3,2015,held_out_season_threshold_0.5,120,0,0,0,0,120,0,,,1,,,,,0.001769002388,0.03522857988,,,1,0.5,roc_auc/calibration undefined: one observed class; average_precision/recall/precision/f1 undefined: no positives
s0_logistic,S0,3,2016,held_out_season,120,3,0.025,3,65,52,0,1,0.04411764706,0.4444444444,0.08450704225,0.7222222222,0.3213675214,0.9572649573,0.02313599756,0.09892071693,74.55355755,30.75372115,0.4583333333,0.02465357527,
s0_logistic,S0,3,2016,held_out_season_threshold_0.5,120,3,0.025,0,0,117,3,0,,1,0,0.5,0.3213675214,0.9572649573,0.02313599756,0.09892071693,74.55355755,30.75372115,0.975,0.5,
s0_logistic,S0,3,2017,held_out_season,120,0,0,0,59,61,0,,0,0.5083333333,0,,,,0.006379824606,0.05788198012,,,0.5083333333,0.02687343358,roc_auc/calibration undefined: one observed class; average_precision/recall/precision/f1 undefined: no positives
s0_logistic,S0,3,2017,held_out_season_threshold_0.5,120,0,0,0,0,120,0,,,1,,,,,0.006379824606,0.05788198012,,,1,0.5,roc_auc/calibration undefined: one observed class; average_precision/recall/precision/f1 undefined: no positives
s0_logistic,S0,3,2018,held_out_season,120,0,0,0,56,64,0,,0,0.5333333333,0,,,,0.004862294309,0.05013683826,,,0.5333333333,0.02811283972,roc_auc/calibration undefined: one observed class; average_precision/recall/precision/f1 undefined: no positives
s0_logistic,S0,3,2018,held_out_season_threshold_0.5,120,0,0,0,0,120,0,,,1,,,,,0.004862294309,0.05013683826,,,1,0.5,roc_auc/calibration undefined: one observed class; average_precision/recall/precision/f1 undefined: no positives
s0_logistic,S0,3,2019,held_out_season,120,0,0,0,65,55,0,,0,0.4583333333,0,,,,0.001011221441,0.02797518361,,,0.4583333333,0.02387711339,roc_auc/calibration undefined: one observed class; average_precision/recall/precision/f1 undefined: no positives
s0_logistic,S0,3,2019,held_out_season_threshold_0.5,120,0,0,0,0,120,0,,,1,,,,,0.001011221441,0.02797518361,,,1,0.5,roc_auc/calibration undefined: one observed class; average_precision/recall/precision/f1 undefined: no positives
s0_logistic,S0,3,2020,held_out_season,120,0,0,0,68,52,0,,0,0.4333333333,0,,,,0.00100167827,0.02812101311,,,0.4333333333,0.02328452446,roc_auc/calibration undefined: one observed class; average_precision/recall/precision/f1 undefined: no positives
s0_logistic,S0,3,2020,held_out_season_threshold_0.5,120,0,0,0,0,120,0,,,1,,,,,0.00100167827,0.02812101311,,,1,0.5,roc_auc/calibration undefined: one observed class; average_precision/recall/precision/f1 undefined: no positives
s0_logistic,S0,3,2021,held_out_season,120,6,0.05,6,40,74,0,1,0.1304347826,0.649122807,0.2307692308,0.8245614035,0.7427777778,0.9605263158,0.04581158826,0.1688268761,34.37091638,11.92661169,0.6666666667,0.02427176907,
s0_logistic,S0,3,2021,held_out_season_threshold_0.5,120,6,0.05,0,0,114,6,0,,1,0,0.5,0.7427777778,0.9605263158,0.04581158826,0.1688268761,34.37091638,11.92661169,0.95,0.5,
s0_logistic,S0,3,2022,held_out_season,120,0,0,0,40,80,0,,0,0.6666666667,0,,,,0.001594286012,0.02679753813,,,0.6666666667,0.03285722139,roc_auc/calibration undefined: one observed class; average_precision/recall/precision/f1 undefined: no positives
s0_logistic,S0,3,2022,held_out_season_threshold_0.5,120,0,0,0,0,120,0,,,1,,,,,0.001594286012,0.02679753813,,,1,0.5,roc_auc/calibration undefined: one observed class; average_precision/recall/precision/f1 undefined: no positives
s0_logistic,S0,3,2023,held_out_season,120,22,0.1833333333,0,13,85,22,0,0,0.8673469388,0,0.4336734694,0.2928638581,0.7036178108,0.1777126338,0.9299085149,0.4365546113,0.3217499888,0.7083333333,0.03084920667,
s0_logistic,S0,3,2023,held_out_season_threshold_0.5,120,22,0.1833333333,0,0,98,22,0,,1,0,0.5,0.2928638581,0.7036178108,0.1777126338,0.9299085149,0.4365546113,0.3217499888,0.8166666667,0.5,
s0_logistic,S0,3,2024,held_out_season,120,16,0.1333333333,16,43,61,0,1,0.2711864407,0.5865384615,0.4266666667,0.7932692308,0.8939816729,0.9543269231,0.1138273104,0.3657793218,15.39987574,6.472848345,0.6416666667,0.03789003251,
s0_logistic,S0,3,2024,held_out_season_threshold_0.5,120,16,0.1333333333,0,0,104,16,0,,1,0,0.5,0.8939816729,0.9543269231,0.1138273104,0.3657793218,15.39987574,6.472848345,0.8666666667,0.5,
s0_logistic,S0,7,2014,held_out_season,120,9,0.075,7,47,64,2,0.7777777778,0.1296296296,0.5765765766,0.2222222222,0.6771771772,0.6010891019,0.8208208208,0.06717913562,0.2481053528,0.3695990237,0.8017940085,0.5916666667,0.02119099816,
s0_logistic,S0,7,2014,held_out_season_threshold_0.5,120,9,0.075,0,0,111,9,0,,1,0,0.5,0.6010891019,0.8208208208,0.06717913562,0.2481053528,0.3695990237,0.8017940085,0.925,0.5,
s0_logistic,S0,7,2015,held_out_season,120,0,0,0,68,52,0,,0,0.4333333333,0,,,,0.001769002388,0.03522857988,,,0.4333333333,0.0241775317,roc_auc/calibration undefined: one observed class; average_precision/recall/precision/f1 undefined: no positives
s0_logistic,S0,7,2015,held_out_season_threshold_0.5,120,0,0,0,0,120,0,,,1,,,,,0.001769002388,0.03522857988,,,1,0.5,roc_auc/calibration undefined: one observed class; average_precision/recall/precision/f1 undefined: no positives
s0_logistic,S0,7,2016,held_out_season,120,3,0.025,3,65,52,0,1,0.04411764706,0.4444444444,0.08450704225,0.7222222222,0.3213675214,0.9572649573,0.02313599756,0.09892071693,74.55355755,30.75372115,0.4583333333,0.02465357527,
s0_logistic,S0,7,2016,held_out_season_threshold_0.5,120,3,0.025,0,0,117,3,0,,1,0,0.5,0.3213675214,0.9572649573,0.02313599756,0.09892071693,74.55355755,30.75372115,0.975,0.5,
s0_logistic,S0,7,2017,held_out_season,120,0,0,0,59,61,0,,0,0.5083333333,0,,,,0.006423600974,0.05833772353,,,0.5083333333,0.02815286727,roc_auc/calibration undefined: one observed class; average_precision/recall/precision/f1 undefined: no positives
s0_logistic,S0,7,2017,held_out_season_threshold_0.5,120,0,0,0,0,120,0,,,1,,,,,0.006423600974,0.05833772353,,,1,0.5,roc_auc/calibration undefined: one observed class; average_precision/recall/precision/f1 undefined: no positives
s0_logistic,S0,7,2018,held_out_season,120,0,0,0,56,64,0,,0,0.5333333333,0,,,,0.004862217178,0.05013652216,,,0.5333333333,0.02811286631,roc_auc/calibration undefined: one observed class; average_precision/recall/precision/f1 undefined: no positives
s0_logistic,S0,7,2018,held_out_season_threshold_0.5,120,0,0,0,0,120,0,,,1,,,,,0.004862217178,0.05013652216,,,1,0.5,roc_auc/calibration undefined: one observed class; average_precision/recall/precision/f1 undefined: no positives
s0_logistic,S0,7,2019,held_out_season,120,0,0,0,64,56,0,,0,0.4666666667,0,,,,0.001002493083,0.02777449785,,,0.4666666667,0.02384673512,roc_auc/calibration undefined: one observed class; average_precision/recall/precision/f1 undefined: no positives
s0_logistic,S0,7,2019,held_out_season_threshold_0.5,120,0,0,0,0,120,0,,,1,,,,,0.001002493083,0.02777449785,,,1,0.5,roc_auc/calibration undefined: one observed class; average_precision/recall/precision/f1 undefined: no positives
s0_logistic,S0,7,2020,held_out_season,120,0,0,0,64,56,0,,0,0.4666666667,0,,,,0.001059871035,0.0282596107,,,0.4666666667,0.02425414962,roc_auc/calibration undefined: one observed class; average_precision/recall/precision/f1 undefined: no positives
s0_logistic,S0,7,2020,held_out_season_threshold_0.5,120,0,0,0,0,120,0,,,1,,,,,0.001059871035,0.0282596107,,,1,0.5,roc_auc/calibration undefined: one observed class; average_precision/recall/precision/f1 undefined: no positives
s0_logistic,S0,7,2021,held_out_season,120,6,0.05,6,40,74,0,1,0.1304347826,0.649122807,0.2307692308,0.8245614035,0.7427777778,0.9605263158,0.04581159067,0.1688269247,34.37093885,11.92661886,0.6666666667,0.02427169802,
s0_logistic,S0,7,2021,held_out_season_threshold_0.5,120,6,0.05,0,0,114,6,0,,1,0,0.5,0.7427777778,0.9605263158,0.04581159067,0.1688269247,34.37093885,11.92661886,0.95,0.5,
s0_logistic,S0,7,2022,held_out_season,120,0,0,0,45,75,0,,0,0.625,0,,,,0.001645149234,0.02735697846,,,0.625,0.02531926479,roc_auc/calibration undefined: one observed class; average_precision/recall/precision/f1 undefined: no positives
s0_logistic,S0,7,2022,held_out_season_threshold_0.5,120,0,0,0,0,120,0,,,1,,,,,0.001645149234,0.02735697846,,,1,0.5,roc_auc/calibration undefined: one observed class; average_precision/recall/precision/f1 undefined: no positives
s0_logistic,S0,7,2023,held_out_season,120,22,0.1833333333,0,12,86,22,0,0,0.8775510204,0,0.4387755102,0.2919648996,0.7003710575,0.177813723,0.9401866973,0.3955030354,0.3118085006,0.7166666667,0.03095301014,
s0_logistic,S0,7,2023,held_out_season_threshold_0.5,120,22,0.1833333333,0,0,98,22,0,,1,0,0.5,0.2919648996,0.7003710575,0.177813723,0.9401866973,0.3955030354,0.3118085006,0.8166666667,0.5,
s0_logistic,S0,7,2024,held_out_season,120,16,0.1333333333,16,43,61,0,1,0.2711864407,0.5865384615,0.4266666667,0.7932692308,0.8884873209,0.9543269231,0.1129838847,0.3605651978,14.7561824,6.33472884,0.6416666667,0.03770487186,
s0_logistic,S0,7,2024,held_out_season_threshold_0.5,120,16,0.1333333333,0,0,104,16,0,,1,0,0.5,0.8884873209,0.9543269231,0.1129838847,0.3605651978,14.7561824,6.33472884,0.8666666667,0.5,
seasonal_probability,S0,1,2014,held_out_season,120,9,0.075,5,25,86,4,0.5555555556,0.1666666667,0.7747747748,0.2564102564,0.6651651652,0.1581663631,0.7832832833,0.06974083942,0.2692050391,1.793219614,1.161867444,0.7583333333,0.05283757339,
seasonal_probability,S0,1,2014,held_out_season_threshold_0.5,120,9,0.075,0,0,111,9,0,,1,0,0.5,0.1581663631,0.7832832833,0.06974083942,0.2692050391,1.793219614,1.161867444,0.925,0.5,
seasonal_probability,S0,1,2015,held_out_season,120,0,0,0,30,90,0,,0,0.75,0,,,,0.00112414176,0.02554559057,,,0.75,0.05133079848,roc_auc/calibration undefined: one observed class; average_precision/recall/precision/f1 undefined: no positives
seasonal_probability,S0,1,2015,held_out_season_threshold_0.5,120,0,0,0,0,120,0,,,1,,,,,0.00112414176,0.02554559057,,,1,0.5,roc_auc/calibration undefined: one observed class; average_precision/recall/precision/f1 undefined: no positives
seasonal_probability,S0,1,2016,held_out_season,120,3,0.025,3,27,90,0,1,0.1,0.7692307692,0.1818181818,0.8846153846,0.1,0.8846153846,0.02304798166,0.09351372355,17.59341177,7.216409077,0.775,0.04990757856,
seasonal_probability,S0,1,2016,held_out_season_threshold_0.5,120,3,0.025,0,0,117,3,0,,1,0,0.5,0.1,0.8846153846,0.02304798166,0.09351372355,17.59341177,7.216409077,0.975,0.5,
seasonal_probability,S0,1,2017,held_out_season,120,0,0,0,30,90,0,,0,0.75,0,,,,0.001093459069,0.02497652359,,,0.75,0.05395683453,roc_auc/calibration undefined: one observed class; average_precision/recall/precision/f1 undefined: no positives
seasonal_probability,S0,1,2017,held_out_season_threshold_0.5,120,0,0,0,0,120,0,,,1,,,,,0.001093459069,0.02497652359,,,1,0.5,roc_auc/calibration undefined: one observed class; average_precision/recall/precision/f1 undefined: no positives
seasonal_probability,S0,1,2018,held_out_season,120,0,0,0,30,90,0,,0,0.75,0,,,,0.00104650115,0.02442181343,,,0.75,0.05283757339,roc_auc/calibration undefined: one observed class; average_precision/recall/precision/f1 undefined: no positives
seasonal_probability,S0,1,2018,held_out_season_threshold_0.5,120,0,0,0,0,120,0,,,1,,,,,0.00104650115,0.02442181343,,,1,0.5,roc_auc/calibration undefined: one observed class; average_precision/recall/precision/f1 undefined: no positives
seasonal_probability,S0,1,2019,held_out_season,120,0,0,0,30,90,0,,0,0.75,0,,,,0.001002504404,0.02389121515,,,0.75,0.05133079848,roc_auc/calibration undefined: one observed class; average_precision/recall/precision/f1 undefined: no positives
seasonal_probability,S0,1,2019,held_out_season_threshold_0.5,120,0,0,0,0,120,0,,,1,,,,,0.001002504404,0.02389121515,,,1,0.5,roc_auc/calibration undefined: one observed class; average_precision/recall/precision/f1 undefined: no positives
seasonal_probability,S0,1,2020,held_out_season,120,0,0,0,30,90,0,,0,0.75,0,,,,0.0009612249905,0.0233831896,,,0.75,0.04990757856,roc_auc/calibration undefined: one observed class; average_precision/recall/precision/f1 undefined: no positives
seasonal_probability,S0,1,2020,held_out_season_threshold_0.5,120,0,0,0,0,120,0,,,1,,,,,0.0009612249905,0.0233831896,,,1,0.5,roc_auc/calibration undefined: one observed class; average_precision/recall/precision/f1 undefined: no positives
seasonal_probability,S0,1,2021,held_out_season,120,6,0.05,6,24,90,0,1,0.2,0.7894736842,0.3333333333,0.8947368421,0.2,0.8947368421,0.0452838567,0.1637712627,20.5412911,7.782641535,0.8,0.05395683453,
seasonal_probability,S0,1,2021,held_out_season_threshold_0.5,120,6,0.05,0,0,114,6,0,,1,0,0.5,0.2,0.8947368421,0.0452838567,0.1637712627,20.5412911,7.782641535,0.95,0.5,
seasonal_probability,S0,1,2022,held_out_season,120,0,0,0,30,90,0,,0,0.75,0,,,,0.001000324335,0.02348865207,,,0.75,0.05604203152,roc_auc/calibration undefined: one observed class; average_precision/recall/precision/f1 undefined: no positives
seasonal_probability,S0,1,2022,held_out_season_threshold_0.5,120,0,0,0,0,120,0,,,1,,,,,0.001000324335,0.02348865207,,,1,0.5,roc_auc/calibration undefined: one observed class; average_precision/recall/precision/f1 undefined: no positives
seasonal_probability,S0,1,2023,held_out_season,120,22,0.1833333333,11,19,79,11,0.5,0.3666666667,0.806122449,0.4230769231,0.6530612245,0.3105563835,0.6913265306,0.1712468262,0.7044919939,1.051560053,0.6277144161,0.75,0.02146985962,
seasonal_probability,S0,1,2023,held_out_season_threshold_0.5,120,22,0.1833333333,0,0,98,22,0,,1,0,0.5,0.3105563835,0.6913265306,0.1712468262,0.7044919939,1.051560053,0.6277144161,0.8166666667,0.5,
seasonal_probability,S0,1,2024,held_out_season,120,16,0.1333333333,16,45,59,0,1,0.262295082,0.5673076923,0.4155844156,0.7836538462,0.4012636612,0.8777043269,0.1195057624,0.410628751,5.681120109,2.198319035,0.625,0.02013422819,
seasonal_probability,S0,1,2024,held_out_season_threshold_0.5,120,16,0.1333333333,0,0,104,16,0,,1,0,0.5,0.4012636612,0.8777043269,0.1195057624,0.410628751,5.681120109,2.198319035,0.8666666667,0.5,
seasonal_probability,S0,3,2014,held_out_season,120,9,0.075,5,25,86,4,0.5555555556,0.1666666667,0.7747747748,0.2564102564,0.6651651652,0.1581663631,0.7832832833,0.06974083942,0.2692050391,1.793219614,1.161867444,0.7583333333,0.05283757339,
seasonal_probability,S0,3,2014,held_out_season_threshold_0.5,120,9,0.075,0,0,111,9,0,,1,0,0.5,0.1581663631,0.7832832833,0.06974083942,0.2692050391,1.793219614,1.161867444,0.925,0.5,
seasonal_probability,S0,3,2015,held_out_season,120,0,0,0,30,90,0,,0,0.75,0,,,,0.00112414176,0.02554559057,,,0.75,0.05133079848,roc_auc/calibration undefined: one observed class; average_precision/recall/precision/f1 undefined: no positives
seasonal_probability,S0,3,2015,held_out_season_threshold_0.5,120,0,0,0,0,120,0,,,1,,,,,0.00112414176,0.02554559057,,,1,0.5,roc_auc/calibration undefined: one observed class; average_precision/recall/precision/f1 undefined: no positives
seasonal_probability,S0,3,2016,held_out_season,120,3,0.025,3,27,90,0,1,0.1,0.7692307692,0.1818181818,0.8846153846,0.1,0.8846153846,0.02304798166,0.09351372355,17.59341177,7.216409077,0.775,0.04990757856,
seasonal_probability,S0,3,2016,held_out_season_threshold_0.5,120,3,0.025,0,0,117,3,0,,1,0,0.5,0.1,0.8846153846,0.02304798166,0.09351372355,17.59341177,7.216409077,0.975,0.5,
seasonal_probability,S0,3,2017,held_out_season,120,0,0,0,30,90,0,,0,0.75,0,,,,0.001093459069,0.02497652359,,,0.75,0.05395683453,roc_auc/calibration undefined: one observed class; average_precision/recall/precision/f1 undefined: no positives
seasonal_probability,S0,3,2017,held_out_season_threshold_0.5,120,0,0,0,0,120,0,,,1,,,,,0.001093459069,0.02497652359,,,1,0.5,roc_auc/calibration undefined: one observed class; average_precision/recall/precision/f1 undefined: no positives
seasonal_probability,S0,3,2018,held_out_season,120,0,0,0,30,90,0,,0,0.75,0,,,,0.00104650115,0.02442181343,,,0.75,0.05283757339,roc_auc/calibration undefined: one observed class; average_precision/recall/precision/f1 undefined: no positives
seasonal_probability,S0,3,2018,held_out_season_threshold_0.5,120,0,0,0,0,120,0,,,1,,,,,0.00104650115,0.02442181343,,,1,0.5,roc_auc/calibration undefined: one observed class; average_precision/recall/precision/f1 undefined: no positives
seasonal_probability,S0,3,2019,held_out_season,120,0,0,0,30,90,0,,0,0.75,0,,,,0.001002504404,0.02389121515,,,0.75,0.05133079848,roc_auc/calibration undefined: one observed class; average_precision/recall/precision/f1 undefined: no positives
seasonal_probability,S0,3,2019,held_out_season_threshold_0.5,120,0,0,0,0,120,0,,,1,,,,,0.001002504404,0.02389121515,,,1,0.5,roc_auc/calibration undefined: one observed class; average_precision/recall/precision/f1 undefined: no positives
seasonal_probability,S0,3,2020,held_out_season,120,0,0,0,30,90,0,,0,0.75,0,,,,0.0009612249905,0.0233831896,,,0.75,0.04990757856,roc_auc/calibration undefined: one observed class; average_precision/recall/precision/f1 undefined: no positives
seasonal_probability,S0,3,2020,held_out_season_threshold_0.5,120,0,0,0,0,120,0,,,1,,,,,0.0009612249905,0.0233831896,,,1,0.5,roc_auc/calibration undefined: one observed class; average_precision/recall/precision/f1 undefined: no positives
seasonal_probability,S0,3,2021,held_out_season,120,6,0.05,6,24,90,0,1,0.2,0.7894736842,0.3333333333,0.8947368421,0.2,0.8947368421,0.0452838567,0.1637712627,20.5412911,7.782641535,0.8,0.05395683453,
seasonal_probability,S0,3,2021,held_out_season_threshold_0.5,120,6,0.05,0,0,114,6,0,,1,0,0.5,0.2,0.8947368421,0.0452838567,0.1637712627,20.5412911,7.782641535,0.95,0.5,
seasonal_probability,S0,3,2022,held_out_season,120,0,0,0,30,90,0,,0,0.75,0,,,,0.001000324335,0.02348865207,,,0.75,0.05604203152,roc_auc/calibration undefined: one observed class; average_precision/recall/precision/f1 undefined: no positives
seasonal_probability,S0,3,2022,held_out_season_threshold_0.5,120,0,0,0,0,120,0,,,1,,,,,0.001000324335,0.02348865207,,,1,0.5,roc_auc/calibration undefined: one observed class; average_precision/recall/precision/f1 undefined: no positives
seasonal_probability,S0,3,2023,held_out_season,120,22,0.1833333333,11,19,79,11,0.5,0.3666666667,0.806122449,0.4230769231,0.6530612245,0.3105563835,0.6913265306,0.1712468262,0.7044919939,1.051560053,0.6277144161,0.75,0.02146985962,
seasonal_probability,S0,3,2023,held_out_season_threshold_0.5,120,22,0.1833333333,0,0,98,22,0,,1,0,0.5,0.3105563835,0.6913265306,0.1712468262,0.7044919939,1.051560053,0.6277144161,0.8166666667,0.5,
seasonal_probability,S0,3,2024,held_out_season,120,16,0.1333333333,16,45,59,0,1,0.262295082,0.5673076923,0.4155844156,0.7836538462,0.4012636612,0.8777043269,0.1195057624,0.410628751,5.681120109,2.198319035,0.625,0.02013422819,
seasonal_probability,S0,3,2024,held_out_season_threshold_0.5,120,16,0.1333333333,0,0,104,16,0,,1,0,0.5,0.4012636612,0.8777043269,0.1195057624,0.410628751,5.681120109,2.198319035,0.8666666667,0.5,
seasonal_probability,S0,7,2014,held_out_season,120,9,0.075,5,25,86,4,0.5555555556,0.1666666667,0.7747747748,0.2564102564,0.6651651652,0.1581663631,0.7832832833,0.06974083942,0.2692050391,1.793219614,1.161867444,0.7583333333,0.05283757339,
seasonal_probability,S0,7,2014,held_out_season_threshold_0.5,120,9,0.075,0,0,111,9,0,,1,0,0.5,0.1581663631,0.7832832833,0.06974083942,0.2692050391,1.793219614,1.161867444,0.925,0.5,
seasonal_probability,S0,7,2015,held_out_season,120,0,0,0,30,90,0,,0,0.75,0,,,,0.00112414176,0.02554559057,,,0.75,0.05133079848,roc_auc/calibration undefined: one observed class; average_precision/recall/precision/f1 undefined: no positives
seasonal_probability,S0,7,2015,held_out_season_threshold_0.5,120,0,0,0,0,120,0,,,1,,,,,0.00112414176,0.02554559057,,,1,0.5,roc_auc/calibration undefined: one observed class; average_precision/recall/precision/f1 undefined: no positives
seasonal_probability,S0,7,2016,held_out_season,120,3,0.025,3,27,90,0,1,0.1,0.7692307692,0.1818181818,0.8846153846,0.1,0.8846153846,0.02304798166,0.09351372355,17.59341177,7.216409077,0.775,0.04990757856,
seasonal_probability,S0,7,2016,held_out_season_threshold_0.5,120,3,0.025,0,0,117,3,0,,1,0,0.5,0.1,0.8846153846,0.02304798166,0.09351372355,17.59341177,7.216409077,0.975,0.5,
seasonal_probability,S0,7,2017,held_out_season,120,0,0,0,30,90,0,,0,0.75,0,,,,0.001093459069,0.02497652359,,,0.75,0.05395683453,roc_auc/calibration undefined: one observed class; average_precision/recall/precision/f1 undefined: no positives
seasonal_probability,S0,7,2017,held_out_season_threshold_0.5,120,0,0,0,0,120,0,,,1,,,,,0.001093459069,0.02497652359,,,1,0.5,roc_auc/calibration undefined: one observed class; average_precision/recall/precision/f1 undefined: no positives
seasonal_probability,S0,7,2018,held_out_season,120,0,0,0,30,90,0,,0,0.75,0,,,,0.00104650115,0.02442181343,,,0.75,0.05283757339,roc_auc/calibration undefined: one observed class; average_precision/recall/precision/f1 undefined: no positives
seasonal_probability,S0,7,2018,held_out_season_threshold_0.5,120,0,0,0,0,120,0,,,1,,,,,0.00104650115,0.02442181343,,,1,0.5,roc_auc/calibration undefined: one observed class; average_precision/recall/precision/f1 undefined: no positives
seasonal_probability,S0,7,2019,held_out_season,120,0,0,0,30,90,0,,0,0.75,0,,,,0.001002504404,0.02389121515,,,0.75,0.05133079848,roc_auc/calibration undefined: one observed class; average_precision/recall/precision/f1 undefined: no positives
seasonal_probability,S0,7,2019,held_out_season_threshold_0.5,120,0,0,0,0,120,0,,,1,,,,,0.001002504404,0.02389121515,,,1,0.5,roc_auc/calibration undefined: one observed class; average_precision/recall/precision/f1 undefined: no positives
seasonal_probability,S0,7,2020,held_out_season,120,0,0,0,30,90,0,,0,0.75,0,,,,0.0009612249905,0.0233831896,,,0.75,0.04990757856,roc_auc/calibration undefined: one observed class; average_precision/recall/precision/f1 undefined: no positives
seasonal_probability,S0,7,2020,held_out_season_threshold_0.5,120,0,0,0,0,120,0,,,1,,,,,0.0009612249905,0.0233831896,,,1,0.5,roc_auc/calibration undefined: one observed class; average_precision/recall/precision/f1 undefined: no positives
seasonal_probability,S0,7,2021,held_out_season,120,6,0.05,6,24,90,0,1,0.2,0.7894736842,0.3333333333,0.8947368421,0.2,0.8947368421,0.0452838567,0.1637712627,20.5412911,7.782641535,0.8,0.05395683453,
seasonal_probability,S0,7,2021,held_out_season_threshold_0.5,120,6,0.05,0,0,114,6,0,,1,0,0.5,0.2,0.8947368421,0.0452838567,0.1637712627,20.5412911,7.782641535,0.95,0.5,
seasonal_probability,S0,7,2022,held_out_season,120,0,0,0,30,90,0,,0,0.75,0,,,,0.001000324335,0.02348865207,,,0.75,0.05604203152,roc_auc/calibration undefined: one observed class; average_precision/recall/precision/f1 undefined: no positives
seasonal_probability,S0,7,2022,held_out_season_threshold_0.5,120,0,0,0,0,120,0,,,1,,,,,0.001000324335,0.02348865207,,,1,0.5,roc_auc/calibration undefined: one observed class; average_precision/recall/precision/f1 undefined: no positives
seasonal_probability,S0,7,2023,held_out_season,120,22,0.1833333333,11,19,79,11,0.5,0.3666666667,0.806122449,0.4230769231,0.6530612245,0.3105563835,0.6913265306,0.1712468262,0.7044919939,1.051560053,0.6277144161,0.75,0.02146985962,
seasonal_probability,S0,7,2023,held_out_season_threshold_0.5,120,22,0.1833333333,0,0,98,22,0,,1,0,0.5,0.3105563835,0.6913265306,0.1712468262,0.7044919939,1.051560053,0.6277144161,0.8166666667,0.5,
seasonal_probability,S0,7,2024,held_out_season,120,16,0.1333333333,16,45,59,0,1,0.262295082,0.5673076923,0.4155844156,0.7836538462,0.4012636612,0.8777043269,0.1195057624,0.410628751,5.681120109,2.198319035,0.625,0.02013422819,
seasonal_probability,S0,7,2024,held_out_season_threshold_0.5,120,16,0.1333333333,0,0,104,16,0,,1,0,0.5,0.4012636612,0.8777043269,0.1195057624,0.410628751,5.681120109,2.198319035,0.8666666667,0.5,
temperature_transition,S0,1,2014,held_out_season,120,9,0.075,7,32,79,2,0.7777777778,0.1794871795,0.7117117117,0.2916666667,0.7447447447,0.2888410163,0.8568568569,0.0572483465,0.2151534796,-0.1262214853,0.6726611471,0.7166666667,0.01783723523,
temperature_transition,S0,1,2014,held_out_season_threshold_0.5,120,9,0.075,0,0,111,9,0,,1,0,0.5,0.2888410163,0.8568568569,0.0572483465,0.2151534796,-0.1262214853,0.6726611471,0.925,0.5,
temperature_transition,S0,1,2015,held_out_season,120,0,0,0,0,120,0,,,1,,,,,0.0001223778147,0.008789058462,,,1,0.2340425532,roc_auc/calibration undefined: one observed class; average_precision/recall/precision/f1 undefined: no positives
temperature_transition,S0,1,2015,held_out_season_threshold_0.5,120,0,0,0,0,120,0,,,1,,,,,0.0001223778147,0.008789058462,,,1,0.5,roc_auc/calibration undefined: one observed class; average_precision/recall/precision/f1 undefined: no positives
temperature_transition,S0,1,2016,held_out_season,120,3,0.025,1,8,109,2,0.3333333333,0.1111111111,0.9316239316,0.1666666667,0.6324786325,0.09953703704,0.8760683761,0.02788749659,0.1104673101,-1.319333202,0.5736099687,0.9166666667,0.2244897959,
temperature_transition,S0,1,2016,held_out_season_threshold_0.5,120,3,0.025,0,0,117,3,0,,1,0,0.5,0.09953703704,0.8760683761,0.02788749659,0.1104673101,-1.319333202,0.5736099687,0.975,0.5,
temperature_transition,S0,1,2017,held_out_season,120,0,0,0,30,90,0,,0,0.75,0,,,,0.0001282825701,0.00882382199,,,0.75,0.01960784314,roc_auc/calibration undefined: one observed class; average_precision/recall/precision/f1 undefined: no positives
temperature_transition,S0,1,2017,held_out_season_threshold_0.5,120,0,0,0,0,120,0,,,1,,,,,0.0001282825701,0.00882382199,,,1,0.5,roc_auc/calibration undefined: one observed class; average_precision/recall/precision/f1 undefined: no positives
temperature_transition,S0,1,2018,held_out_season,120,0,0,0,30,90,0,,0,0.75,0,,,,0.0001220741319,0.00861112103,,,0.75,0.01914311759,roc_auc/calibration undefined: one observed class; average_precision/recall/precision/f1 undefined: no positives
temperature_transition,S0,1,2018,held_out_season_threshold_0.5,120,0,0,0,0,120,0,,,1,,,,,0.0001220741319,0.00861112103,,,1,0.5,roc_auc/calibration undefined: one observed class; average_precision/recall/precision/f1 undefined: no positives
temperature_transition,S0,1,2019,held_out_season,120,0,0,0,34,86,0,,0,0.7166666667,0,,,,0.004071822959,0.02222832972,,,0.7166666667,0.01725997843,roc_auc/calibration undefined: one observed class; average_precision/recall/precision/f1 undefined: no positives
temperature_transition,S0,1,2019,held_out_season_threshold_0.5,120,0,0,0,0,120,0,,,1,,,,,0.004071822959,0.02222832972,,,1,0.5,roc_auc/calibration undefined: one observed class; average_precision/recall/precision/f1 undefined: no positives
temperature_transition,S0,1,2020,held_out_season,120,0,0,0,30,90,0,,0,0.75,0,,,,0.0007278177832,0.01071302729,,,0.75,0.01677148847,roc_auc/calibration undefined: one observed class; average_precision/recall/precision/f1 undefined: no positives
temperature_transition,S0,1,2020,held_out_season_threshold_0.5,120,0,0,0,0,120,0,,,1,,,,,0.0007278177832,0.01071302729,,,1,0.5,roc_auc/calibration undefined: one observed class; average_precision/recall/precision/f1 undefined: no positives
temperature_transition,S0,1,2021,held_out_season,120,6,0.05,3,12,102,3,0.5,0.2,0.8947368421,0.2857142857,0.6973684211,0.2196759259,0.8932748538,0.04656589193,0.1734816087,-0.736302994,0.5888773125,0.875,0.02996365594,
temperature_transition,S0,1,2021,held_out_season_threshold_0.5,120,6,0.05,0,0,114,6,0,,1,0,0.5,0.2196759259,0.8932748538,0.04656589193,0.1734816087,-0.736302994,0.5888773125,0.95,0.5,
temperature_transition,S0,1,2022,held_out_season,120,0,0,0,30,90,0,,0,0.75,0,,,,0.0001254324292,0.008493831823,,,0.75,0.01914311759,roc_auc/calibration undefined: one observed class; average_precision/recall/precision/f1 undefined: no positives
temperature_transition,S0,1,2022,held_out_season_threshold_0.5,120,0,0,0,0,120,0,,,1,,,,,0.0001254324292,0.008493831823,,,1,0.5,roc_auc/calibration undefined: one observed class; average_precision/recall/precision/f1 undefined: no positives
temperature_transition,S0,1,2023,held_out_season,120,22,0.1833333333,20,25,73,2,0.9090909091,0.4444444444,0.7448979592,0.5970149254,0.8269944341,0.6381923465,0.9197588126,0.1069483791,0.3388951559,1.067955342,0.8833553965,0.775,0.01946472019,
temperature_transition,S0,1,2023,held_out_season_threshold_0.5,120,22,0.1833333333,0,0,98,22,0,,1,0,0.5,0.6381923465,0.9197588126,0.1069483791,0.3388951559,1.067955342,0.8833553965,0.8166666667,0.5,
temperature_transition,S0,1,2024,held_out_season,120,16,0.1333333333,11,12,92,5,0.6875,0.4782608696,0.8846153846,0.5641025641,0.7860576923,0.5368517498,0.8900240385,0.08712906822,0.3040230009,0.2596142038,0.6880716085,0.8583333333,0.2727272727,
temperature_transition,S0,1,2024,held_out_season_threshold_0.5,120,16,0.1333333333,0,0,104,16,0,,1,0,0.5,0.5368517498,0.8900240385,0.08712906822,0.3040230009,0.2596142038,0.6880716085,0.8666666667,0.5,
temperature_transition,S0,3,2014,held_out_season,120,9,0.075,5,34,77,4,0.5555555556,0.1282051282,0.6936936937,0.2083333333,0.6246246246,0.1655478705,0.7447447447,0.07141818881,0.2978666073,-1.001759814,0.3808037609,0.6833333333,0.03232998885,
temperature_transition,S0,3,2014,held_out_season_threshold_0.5,120,9,0.075,0,0,111,9,0,,1,0,0.5,0.1655478705,0.7447447447,0.07141818881,0.2978666073,-1.001759814,0.3808037609,0.925,0.5,
temperature_transition,S0,3,2015,held_out_season,120,0,0,0,30,90,0,,0,0.75,0,,,,0.0004376498108,0.01586498314,,,0.75,0.0312837109,roc_auc/calibration undefined: one observed class; average_precision/recall/precision/f1 undefined: no positives
temperature_transition,S0,3,2015,held_out_season_threshold_0.5,120,0,0,0,0,120,0,,,1,,,,,0.0004376498108,0.01586498314,,,1,0.5,roc_auc/calibration undefined: one observed class; average_precision/recall/precision/f1 undefined: no positives
temperature_transition,S0,3,2016,held_out_season,120,3,0.025,3,30,87,0,1,0.09090909091,0.7435897436,0.1666666667,0.8717948718,0.09764309764,0.8703703704,0.02550294726,0.100663764,-0.8031586361,0.7789227021,0.75,0.03046218487,
temperature_transition,S0,3,2016,held_out_season_threshold_0.5,120,3,0.025,0,0,117,3,0,,1,0,0.5,0.09764309764,0.8703703704,0.02550294726,0.100663764,-0.8031586361,0.7789227021,0.975,0.5,
temperature_transition,S0,3,2017,held_out_season,120,0,0,0,30,90,0,,0,0.75,0,,,,0.0004304274563,0.01557484978,,,0.75,0.03344867359,roc_auc/calibration undefined: one observed class; average_precision/recall/precision/f1 undefined: no positives
temperature_transition,S0,3,2017,held_out_season_threshold_0.5,120,0,0,0,0,120,0,,,1,,,,,0.0004304274563,0.01557484978,,,1,0.5,roc_auc/calibration undefined: one observed class; average_precision/recall/precision/f1 undefined: no positives
temperature_transition,S0,3,2018,held_out_season,120,0,0,0,30,90,0,,0,0.75,0,,,,0.0004095094764,0.015194921,,,0.75,0.03232998885,roc_auc/calibration undefined: one observed class; average_precision/recall/precision/f1 undefined: no positives
temperature_transition,S0,3,2018,held_out_season_threshold_0.5,120,0,0,0,0,120,0,,,1,,,,,0.0004095094764,0.015194921,,,1,0.5,roc_auc/calibration undefined: one observed class; average_precision/recall/precision/f1 undefined: no positives
temperature_transition,S0,3,2019,held_out_season,120,0,0,0,34,86,0,,0,0.7166666667,0,,,,0.001899389737,0.02248981225,,,0.7166666667,0.0312837109,roc_auc/calibration undefined: one observed class; average_precision/recall/precision/f1 undefined: no positives
temperature_transition,S0,3,2019,held_out_season_threshold_0.5,120,0,0,0,0,120,0,,,1,,,,,0.001899389737,0.02248981225,,,1,0.5,roc_auc/calibration undefined: one observed class; average_precision/recall/precision/f1 undefined: no positives
temperature_transition,S0,3,2020,held_out_season,120,0,0,0,30,90,0,,0,0.75,0,,,,0.0009814193703,0.01684646462,,,0.75,0.03046218487,roc_auc/calibration undefined: one observed class; average_precision/recall/precision/f1 undefined: no positives
temperature_transition,S0,3,2020,held_out_season_threshold_0.5,120,0,0,0,0,120,0,,,1,,,,,0.0009814193703,0.01684646462,,,1,0.5,roc_auc/calibration undefined: one observed class; average_precision/recall/precision/f1 undefined: no positives
temperature_transition,S0,3,2021,held_out_season,120,6,0.05,2,13,101,4,0.3333333333,0.1333333333,0.8859649123,0.1904761905,0.6096491228,0.1815359477,0.8611111111,0.04660922823,0.1733286958,-0.4234597352,0.6905268629,0.8583333333,0.03483606557,
temperature_transition,S0,3,2021,held_out_season_threshold_0.5,120,6,0.05,0,0,114,6,0,,1,0,0.5,0.1815359477,0.8611111111,0.04660922823,0.1733286958,-0.4234597352,0.6905268629,0.95,0.5,
temperature_transition,S0,3,2022,held_out_season,120,0,0,0,30,90,0,,0,0.75,0,,,,0.0003997677822,0.01473064505,,,0.75,0.03603603604,roc_auc/calibration undefined: one observed class; average_precision/recall/precision/f1 undefined: no positives
temperature_transition,S0,3,2022,held_out_season_threshold_0.5,120,0,0,0,0,120,0,,,1,,,,,0.0003997677822,0.01473064505,,,1,0.5,roc_auc/calibration undefined: one observed class; average_precision/recall/precision/f1 undefined: no positives
temperature_transition,S0,3,2023,held_out_season,120,22,0.1833333333,16,30,68,6,0.7272727273,0.347826087,0.693877551,0.4705882353,0.7105751391,0.3789932774,0.7717996289,0.1486180535,0.5488958704,0.4126533017,0.5486572221,0.7,0.03649635036,
temperature_transition,S0,3,2023,held_out_season_threshold_0.5,120,22,0.1833333333,0,0,98,22,0,,1,0,0.5,0.3789932774,0.7717996289,0.1486180535,0.5488958704,0.4126533017,0.5486572221,0.8166666667,0.5,
temperature_transition,S0,3,2024,held_out_season,120,16,0.1333333333,14,30,74,2,0.875,0.3181818182,0.7115384615,0.4666666667,0.7932692308,0.4848459178,0.8834134615,0.09831936933,0.3158266445,1.082083645,0.9777463731,0.7333333333,0.03562945368,
temperature_transition,S0,3,2024,held_out_season_threshold_0.5,120,16,0.1333333333,0,0,104,16,0,,1,0,0.5,0.4848459178,0.8834134615,0.09831936933,0.3158266445,1.082083645,0.9777463731,0.8666666667,0.5,
temperature_transition,S0,7,2014,held_out_season,120,9,0.075,7,35,76,2,0.7777777778,0.1666666667,0.6846846847,0.2745098039,0.7312312312,0.1513687601,0.7127127127,0.06986523755,0.2694228076,-0.5064530051,0.5408919724,0.6916666667,0.03977900552,
temperature_transition,S0,7,2014,held_out_season_threshold_0.5,120,9,0.075,0,0,111,9,0,,1,0,0.5,0.1513687601,0.7127127127,0.06986523755,0.2694228076,-0.5064530051,0.5408919724,0.925,0.5,
temperature_transition,S0,7,2015,held_out_season,120,0,0,0,30,90,0,,0,0.75,0,,,,0.0006401294538,0.01865690233,,,0.75,0.03854389722,roc_auc/calibration undefined: one observed class; average_precision/recall/precision/f1 undefined: no positives
temperature_transition,S0,7,2015,held_out_season_threshold_0.5,120,0,0,0,0,120,0,,,1,,,,,0.0006401294538,0.01865690233,,,1,0.5,roc_auc/calibration undefined: one observed class; average_precision/recall/precision/f1 undefined: no positives
temperature_transition,S0,7,2016,held_out_season,120,3,0.025,3,34,83,0,1,0.08108108108,0.7094017094,0.15,0.8547008547,0.08108108108,0.8162393162,0.02556558308,0.1065988333,-0.9920454013,0.7175152479,0.7166666667,0.03753910323,
temperature_transition,S0,7,2016,held_out_season_threshold_0.5,120,3,0.025,0,0,117,3,0,,1,0,0.5,0.08108108108,0.8162393162,0.02556558308,0.1065988333,-0.9920454013,0.7175152479,0.975,0.5,
temperature_transition,S0,7,2017,held_out_season,120,0,0,0,30,90,0,,0,0.75,0,,,,0.0006385370233,0.01842634005,,,0.75,0.0406504065,roc_auc/calibration undefined: one observed class; average_precision/recall/precision/f1 undefined: no positives
temperature_transition,S0,7,2017,held_out_season_threshold_0.5,120,0,0,0,0,120,0,,,1,,,,,0.0006385370233,0.01842634005,,,1,0.5,roc_auc/calibration undefined: one observed class; average_precision/recall/precision/f1 undefined: no positives
temperature_transition,S0,7,2018,held_out_season,120,0,0,0,30,90,0,,0,0.75,0,,,,0.0006078884509,0.01797851664,,,0.75,0.03977900552,roc_auc/calibration undefined: one observed class; average_precision/recall/precision/f1 undefined: no positives
temperature_transition,S0,7,2018,held_out_season_threshold_0.5,120,0,0,0,0,120,0,,,1,,,,,0.0006078884509,0.01797851664,,,1,0.5,roc_auc/calibration undefined: one observed class; average_precision/recall/precision/f1 undefined: no positives
temperature_transition,S0,7,2019,held_out_season,120,0,0,0,34,86,0,,0,0.7166666667,0,,,,0.001660756381,0.02381026175,,,0.7166666667,0.03854389722,roc_auc/calibration undefined: one observed class; average_precision/recall/precision/f1 undefined: no positives
temperature_transition,S0,7,2019,held_out_season_threshold_0.5,120,0,0,0,0,120,0,,,1,,,,,0.001660756381,0.02381026175,,,1,0.5,roc_auc/calibration undefined: one observed class; average_precision/recall/precision/f1 undefined: no positives
temperature_transition,S0,7,2020,held_out_season,120,0,0,0,30,90,0,,0,0.75,0,,,,0.0006915705843,0.01799548006,,,0.75,0.03753910323,roc_auc/calibration undefined: one observed class; average_precision/recall/precision/f1 undefined: no positives
temperature_transition,S0,7,2020,held_out_season_threshold_0.5,120,0,0,0,0,120,0,,,1,,,,,0.0006915705843,0.01799548006,,,1,0.5,roc_auc/calibration undefined: one observed class; average_precision/recall/precision/f1 undefined: no positives
temperature_transition,S0,7,2021,held_out_season,120,6,0.05,6,32,82,0,1,0.1578947368,0.7192982456,0.2727272727,0.8596491228,0.1733918129,0.8647660819,0.04419277572,0.156821477,0.5113200997,1.024431487,0.7333333333,0.0406504065,
temperature_transition,S0,7,2021,held_out_season_threshold_0.5,120,6,0.05,0,0,114,6,0,,1,0,0.5,0.1733918129,0.8647660819,0.04419277572,0.156821477,0.5113200997,1.024431487,0.95,0.5,
temperature_transition,S0,7,2022,held_out_season,120,0,0,0,30,90,0,,0,0.75,0,,,,0.0005599406074,0.01706081659,,,0.75,0.04253214639,roc_auc/calibration undefined: one observed class; average_precision/recall/precision/f1 undefined: no positives
temperature_transition,S0,7,2022,held_out_season_threshold_0.5,120,0,0,0,0,120,0,,,1,,,,,0.0005599406074,0.01706081659,,,1,0.5,roc_auc/calibration undefined: one observed class; average_precision/recall/precision/f1 undefined: no positives
temperature_transition,S0,7,2023,held_out_season,120,22,0.1833333333,5,27,71,17,0.2272727273,0.15625,0.7244897959,0.1851851852,0.4758812616,0.2196952451,0.5760667904,0.1711736414,0.7736245536,-1.306794337,0.04743607776,0.6333333333,0.04541832669,
temperature_transition,S0,7,2023,held_out_season_threshold_0.5,120,22,0.1833333333,0,0,98,22,0,,1,0,0.5,0.2196952451,0.5760667904,0.1711736414,0.7736245536,-1.306794337,0.04743607776,0.8166666667,0.5,
temperature_transition,S0,7,2024,held_out_season,120,16,0.1333333333,15,33,71,1,0.9375,0.3125,0.6826923077,0.46875,0.8100961538,0.6624217796,0.8990384615,0.1023675382,0.3248820869,2.05468807,1.338861571,0.7166666667,0.04435797665,
temperature_transition,S0,7,2024,held_out_season_threshold_0.5,120,16,0.1333333333,0,0,104,16,0,,1,0,0.5,0.6624217796,0.8990384615,0.1023675382,0.3248820869,2.05468807,1.338861571,0.8666666667,0.5,
weighted_rf,S1,1,2014,held_out_season,120,9,0.075,7,21,90,2,0.7777777778,0.25,0.8108108108,0.3783783784,0.7942942943,0.3970872493,0.8548548549,0.06410017848,0.2758019819,-0.4401925437,0.3827456497,0.8083333333,0.03990762447,
weighted_rf,S1,1,2014,held_out_season_threshold_0.5,120,9,0.075,0,0,111,9,0,,1,0,0.5,0.3970872493,0.8548548549,0.06410017848,0.2758019819,-0.4401925437,0.3827456497,0.925,0.5,
weighted_rf,S1,1,2015,held_out_season,120,0,0,0,0,120,0,,,1,,,,,0.0002549684289,0.009627753529,,,1,0.07431437083,roc_auc/calibration undefined: one observed class; average_precision/recall/precision/f1 undefined: no positives
weighted_rf,S1,1,2015,held_out_season_threshold_0.5,120,0,0,0,0,120,0,,,1,,,,,0.0002549684289,0.009627753529,,,1,0.5,roc_auc/calibration undefined: one observed class; average_precision/recall/precision/f1 undefined: no positives
weighted_rf,S1,1,2016,held_out_season,120,3,0.025,3,22,95,0,1,0.12,0.811965812,0.2142857143,0.905982906,0.2685185185,0.9515669516,0.03022707156,0.09191142712,-1.278417792,0.8903383386,0.8166666667,0.0178631879,
weighted_rf,S1,1,2016,held_out_season_threshold_0.5,120,3,0.025,1,6,111,2,0.3333333333,0.1428571429,0.9487179487,0.2,0.641025641,0.2685185185,0.9515669516,0.03022707156,0.09191142712,-1.278417792,0.8903383386,0.9333333333,0.5,
weighted_rf,S1,1,2017,held_out_season,120,0,0,0,2,118,0,,0,0.9833333333,0,,,,0.0001502487446,0.004620233227,,,0.9833333333,0.04416959427,roc_auc/calibration undefined: one observed class; average_precision/recall/precision/f1 undefined: no positives
weighted_rf,S1,1,2017,held_out_season_threshold_0.5,120,0,0,0,0,120,0,,,1,,,,,0.0001502487446,0.004620233227,,,1,0.5,roc_auc/calibration undefined: one observed class; average_precision/recall/precision/f1 undefined: no positives
weighted_rf,S1,1,2018,held_out_season,120,0,0,0,1,119,0,,0,0.9916666667,0,,,,2.310821552e-05,0.001555793232,,,0.9916666667,0.03540968429,roc_auc/calibration undefined: one observed class; average_precision/recall/precision/f1 undefined: no positives
weighted_rf,S1,1,2018,held_out_season_threshold_0.5,120,0,0,0,0,120,0,,,1,,,,,2.310821552e-05,0.001555793232,,,1,0.5,roc_auc/calibration undefined: one observed class; average_precision/recall/precision/f1 undefined: no positives
weighted_rf,S1,1,2019,held_out_season,120,0,0,0,15,105,0,,0,0.875,0,,,,0.005969552574,0.032974566,,,0.875,0.07627451807,roc_auc/calibration undefined: one observed class; average_precision/recall/precision/f1 undefined: no positives
weighted_rf,S1,1,2019,held_out_season_threshold_0.5,120,0,0,0,0,120,0,,,1,,,,,0.005969552574,0.032974566,,,1,0.5,roc_auc/calibration undefined: one observed class; average_precision/recall/precision/f1 undefined: no positives
weighted_rf,S1,1,2020,held_out_season,120,0,0,0,5,115,0,,0,0.9583333333,0,,,,0.0008345966565,0.01148388077,,,0.9583333333,0.05641460978,roc_auc/calibration undefined: one observed class; average_precision/recall/precision/f1 undefined: no positives
weighted_rf,S1,1,2020,held_out_season_threshold_0.5,120,0,0,0,0,120,0,,,1,,,,,0.0008345966565,0.01148388077,,,1,0.5,roc_auc/calibration undefined: one observed class; average_precision/recall/precision/f1 undefined: no positives
weighted_rf,S1,1,2021,held_out_season,120,6,0.05,3,24,90,3,0.5,0.1111111111,0.7894736842,0.1818181818,0.6447368421,0.1387316865,0.7894736842,0.04762556839,0.1947552328,-1.056704416,0.3646810373,0.775,0.03345334821,
weighted_rf,S1,1,2021,held_out_season_threshold_0.5,120,6,0.05,0,0,114,6,0,,1,0,0.5,0.1387316865,0.7894736842,0.04762556839,0.1947552328,-1.056704416,0.3646810373,0.95,0.5,
weighted_rf,S1,1,2022,held_out_season,120,0,0,0,24,96,0,,0,0.8,0,,,,0.001635933381,0.02370166562,,,0.8,0.03639907739,roc_auc/calibration undefined: one observed class; average_precision/recall/precision/f1 undefined: no positives
weighted_rf,S1,1,2022,held_out_season_threshold_0.5,120,0,0,0,0,120,0,,,1,,,,,0.001635933381,0.02370166562,,,1,0.5,roc_auc/calibration undefined: one observed class; average_precision/recall/precision/f1 undefined: no positives
weighted_rf,S1,1,2023,held_out_season,120,22,0.1833333333,21,23,75,1,0.9545454545,0.4772727273,0.7653061224,0.6363636364,0.8599257885,0.6050429736,0.9021335807,0.1569684986,0.5119457502,3.008309632,1.197563213,0.8,0.01665211553,
weighted_rf,S1,1,2023,held_out_season_threshold_0.5,120,22,0.1833333333,0,0,98,22,0,,1,0,0.5,0.6050429736,0.9021335807,0.1569684986,0.5119457502,3.008309632,1.197563213,0.8166666667,0.5,
weighted_rf,S1,1,2024,held_out_season,120,16,0.1333333333,16,38,66,0,1,0.2962962963,0.6346153846,0.4571428571,0.8173076923,0.5992739236,0.9104567308,0.08740811379,0.2724778058,1.903097983,1.731101362,0.6833333333,0.04911321353,
weighted_rf,S1,1,2024,held_out_season_threshold_0.5,120,16,0.1333333333,0,0,104,16,0,,1,0,0.5,0.5992739236,0.9104567308,0.08740811379,0.2724778058,1.903097983,1.731101362,0.8666666667,0.5,
weighted_rf,S1,3,2014,held_out_season,120,9,0.075,7,36,75,2,0.7777777778,0.1627906977,0.6756756757,0.2692307692,0.7267267267,0.4903941067,0.8788788789,0.0640202313,0.232090362,0.7605660639,0.8591027214,0.6833333333,0.01508053158,
weighted_rf,S1,3,2014,held_out_season_threshold_0.5,120,9,0.075,0,0,111,9,0,,1,0,0.5,0.4903941067,0.8788788789,0.0640202313,0.232090362,0.7605660639,0.8591027214,0.925,0.5,
weighted_rf,S1,3,2015,held_out_season,120,0,0,0,17,103,0,,0,0.8583333333,0,,,,0.0004215040936,0.01249693011,,,0.8583333333,0.02625312151,roc_auc/calibration undefined: one observed class; average_precision/recall/precision/f1 undefined: no positives
weighted_rf,S1,3,2015,held_out_season_threshold_0.5,120,0,0,0,0,120,0,,,1,,,,,0.0004215040936,0.01249693011,,,1,0.5,roc_auc/calibration undefined: one observed class; average_precision/recall/precision/f1 undefined: no positives
weighted_rf,S1,3,2016,held_out_season,120,3,0.025,3,36,81,0,1,0.07692307692,0.6923076923,0.1428571429,0.8461538462,0.3055555556,0.9601139601,0.02557351747,0.09152242378,-0.7143653245,1.3500038,0.7,0.02693257063,
weighted_rf,S1,3,2016,held_out_season_threshold_0.5,120,3,0.025,0,1,116,3,0,0,0.9914529915,0,0.4957264957,0.3055555556,0.9601139601,0.02557351747,0.09152242378,-0.7143653245,1.3500038,0.9666666667,0.5,
weighted_rf,S1,3,2017,held_out_season,120,0,0,0,5,115,0,,0,0.9583333333,0,,,,0.0001361104167,0.004842800126,,,0.9583333333,0.02532974424,roc_auc/calibration undefined: one observed class; average_precision/recall/precision/f1 undefined: no positives
weighted_rf,S1,3,2017,held_out_season_threshold_0.5,120,0,0,0,0,120,0,,,1,,,,,0.0001361104167,0.004842800126,,,1,0.5,roc_auc/calibration undefined: one observed class; average_precision/recall/precision/f1 undefined: no positives
weighted_rf,S1,3,2018,held_out_season,120,0,0,0,4,116,0,,0,0.9666666667,0,,,,0.0001656683073,0.005889890172,,,0.9666666667,0.03215725562,roc_auc/calibration undefined: one observed class; average_precision/recall/precision/f1 undefined: no positives
weighted_rf,S1,3,2018,held_out_season_threshold_0.5,120,0,0,0,0,120,0,,,1,,,,,0.0001656683073,0.005889890172,,,1,0.5,roc_auc/calibration undefined: one observed class; average_precision/recall/precision/f1 undefined: no positives
weighted_rf,S1,3,2019,held_out_season,120,0,0,0,30,90,0,,0,0.75,0,,,,0.00430338244,0.03701681338,,,0.75,0.04043664055,roc_auc/calibration undefined: one observed class; average_precision/recall/precision/f1 undefined: no positives
weighted_rf,S1,3,2019,held_out_season_threshold_0.5,120,0,0,0,0,120,0,,,1,,,,,0.00430338244,0.03701681338,,,1,0.5,roc_auc/calibration undefined: one observed class; average_precision/recall/precision/f1 undefined: no positives
weighted_rf,S1,3,2020,held_out_season,120,0,0,0,19,101,0,,0,0.8416666667,0,,,,0.0008480930237,0.01359309087,,,0.8416666667,0.02464386065,roc_auc/calibration undefined: one observed class; average_precision/recall/precision/f1 undefined: no positives
weighted_rf,S1,3,2020,held_out_season_threshold_0.5,120,0,0,0,0,120,0,,,1,,,,,0.0008480930237,0.01359309087,,,1,0.5,roc_auc/calibration undefined: one observed class; average_precision/recall/precision/f1 undefined: no positives
weighted_rf,S1,3,2021,held_out_season,120,6,0.05,6,34,80,0,1,0.15,0.701754386,0.2608695652,0.850877193,0.1474935558,0.8157894737,0.0457994246,0.1664003221,0.4955656607,0.9171059537,0.7166666667,0.02974233608,
weighted_rf,S1,3,2021,held_out_season_threshold_0.5,120,6,0.05,0,0,114,6,0,,1,0,0.5,0.1474935558,0.8157894737,0.0457994246,0.1664003221,0.4955656607,0.9171059537,0.95,0.5,
weighted_rf,S1,3,2022,held_out_season,120,0,0,0,29,91,0,,0,0.7583333333,0,,,,0.002146312841,0.02382682319,,,0.7583333333,0.02829563894,roc_auc/calibration undefined: one observed class; average_precision/recall/precision/f1 undefined: no positives
weighted_rf,S1,3,2022,held_out_season_threshold_0.5,120,0,0,0,0,120,0,,,1,,,,,0.002146312841,0.02382682319,,,1,0.5,roc_auc/calibration undefined: one observed class; average_precision/recall/precision/f1 undefined: no positives
weighted_rf,S1,3,2023,held_out_season,120,22,0.1833333333,9,16,82,13,0.4090909091,0.36,0.8367346939,0.3829787234,0.6229128015,0.3336838182,0.7574211503,0.1743686054,0.9029348705,0.09745564698,0.2487296956,0.7583333333,0.02412611318,
weighted_rf,S1,3,2023,held_out_season_threshold_0.5,120,22,0.1833333333,0,0,98,22,0,,1,0,0.5,0.3336838182,0.7574211503,0.1743686054,0.9029348705,0.09745564698,0.2487296956,0.8166666667,0.5,
weighted_rf,S1,3,2024,held_out_season,120,16,0.1333333333,16,74,30,0,1,0.1777777778,0.2884615385,0.3018867925,0.6442307692,0.4384310124,0.8287259615,0.1106381253,0.3587964193,7.638758233,4.114649603,0.3833333333,0.04807077195,
weighted_rf,S1,3,2024,held_out_season_threshold_0.5,120,16,0.1333333333,0,0,104,16,0,,1,0,0.5,0.4384310124,0.8287259615,0.1106381253,0.3587964193,7.638758233,4.114649603,0.8666666667,0.5,
weighted_rf,S1,7,2014,held_out_season,120,9,0.075,7,35,76,2,0.7777777778,0.1666666667,0.6846846847,0.2745098039,0.7312312312,0.1940228822,0.7767767768,0.06743198579,0.2628107609,-0.5382093239,0.5133095507,0.6916666667,0.01483009458,
weighted_rf,S1,7,2014,held_out_season_threshold_0.5,120,9,0.075,0,0,111,9,0,,1,0,0.5,0.1940228822,0.7767767768,0.06743198579,0.2628107609,-0.5382093239,0.5133095507,0.925,0.5,
weighted_rf,S1,7,2015,held_out_season,120,0,0,0,28,92,0,,0,0.7666666667,0,,,,0.0006950250363,0.01775476672,,,0.7666666667,0.02598530003,roc_auc/calibration undefined: one observed class; average_precision/recall/precision/f1 undefined: no positives
weighted_rf,S1,7,2015,held_out_season_threshold_0.5,120,0,0,0,0,120,0,,,1,,,,,0.0006950250363,0.01775476672,,,1,0.5,roc_auc/calibration undefined: one observed class; average_precision/recall/precision/f1 undefined: no positives
weighted_rf,S1,7,2016,held_out_season,120,3,0.025,3,40,77,0,1,0.06976744186,0.6581196581,0.1304347826,0.8290598291,0.1415584416,0.8974358974,0.02366127303,0.09405553641,0.3187793847,1.253323908,0.6666666667,0.02488335862,
weighted_rf,S1,7,2016,held_out_season_threshold_0.5,120,3,0.025,0,0,117,3,0,,1,0,0.5,0.1415584416,0.8974358974,0.02366127303,0.09405553641,0.3187793847,1.253323908,0.975,0.5,
weighted_rf,S1,7,2017,held_out_season,120,0,0,0,4,116,0,,0,0.9666666667,0,,,,0.0003020009279,0.008444122769,,,0.9666666667,0.03783341214,roc_auc/calibration undefined: one observed class; average_precision/recall/precision/f1 undefined: no positives
weighted_rf,S1,7,2017,held_out_season_threshold_0.5,120,0,0,0,0,120,0,,,1,,,,,0.0003020009279,0.008444122769,,,1,0.5,roc_auc/calibration undefined: one observed class; average_precision/recall/precision/f1 undefined: no positives
weighted_rf,S1,7,2018,held_out_season,120,0,0,0,8,112,0,,0,0.9333333333,0,,,,0.0002029037223,0.007689148545,,,0.9333333333,0.0245152832,roc_auc/calibration undefined: one observed class; average_precision/recall/precision/f1 undefined: no positives
weighted_rf,S1,7,2018,held_out_season_threshold_0.5,120,0,0,0,0,120,0,,,1,,,,,0.0002029037223,0.007689148545,,,1,0.5,roc_auc/calibration undefined: one observed class; average_precision/recall/precision/f1 undefined: no positives
weighted_rf,S1,7,2019,held_out_season,120,0,0,0,26,94,0,,0,0.7833333333,0,,,,0.001043621098,0.02489337286,,,0.7833333333,0.04473440239,roc_auc/calibration undefined: one observed class; average_precision/recall/precision/f1 undefined: no positives
weighted_rf,S1,7,2019,held_out_season_threshold_0.5,120,0,0,0,0,120,0,,,1,,,,,0.001043621098,0.02489337286,,,1,0.5,roc_auc/calibration undefined: one observed class; average_precision/recall/precision/f1 undefined: no positives
weighted_rf,S1,7,2020,held_out_season,120,0,0,0,24,96,0,,0,0.8,0,,,,0.001514046421,0.02387971098,,,0.8,0.03315683584,roc_auc/calibration undefined: one observed class; average_precision/recall/precision/f1 undefined: no positives
weighted_rf,S1,7,2020,held_out_season_threshold_0.5,120,0,0,0,0,120,0,,,1,,,,,0.001514046421,0.02387971098,,,1,0.5,roc_auc/calibration undefined: one observed class; average_precision/recall/precision/f1 undefined: no positives
weighted_rf,S1,7,2021,held_out_season,120,6,0.05,6,40,74,0,1,0.1304347826,0.649122807,0.2307692308,0.8245614035,0.2194170772,0.850877193,0.04425612236,0.157252114,1.285210032,1.312385597,0.6666666667,0.02154270941,
weighted_rf,S1,7,2021,held_out_season_threshold_0.5,120,6,0.05,0,0,114,6,0,,1,0,0.5,0.2194170772,0.850877193,0.04425612236,0.157252114,1.285210032,1.312385597,0.95,0.5,
weighted_rf,S1,7,2022,held_out_season,120,0,0,0,42,78,0,,0,0.65,0,,,,0.002140846608,0.0316315143,,,0.65,0.03524437805,roc_auc/calibration undefined: one observed class; average_precision/recall/precision/f1 undefined: no positives
weighted_rf,S1,7,2022,held_out_season_threshold_0.5,120,0,0,0,0,120,0,,,1,,,,,0.002140846608,0.0316315143,,,1,0.5,roc_auc/calibration undefined: one observed class; average_precision/recall/precision/f1 undefined: no positives
weighted_rf,S1,7,2023,held_out_season,120,22,0.1833333333,9,24,74,13,0.4090909091,0.2727272727,0.7551020408,0.3272727273,0.582096475,0.2834663066,0.5621521336,0.1756859631,0.9449094679,-0.6170090637,0.1598806182,0.6916666667,0.01237926983,
weighted_rf,S1,7,2023,held_out_season_threshold_0.5,120,22,0.1833333333,0,0,98,22,0,,1,0,0.5,0.2834663066,0.5621521336,0.1756859631,0.9449094679,-0.6170090637,0.1598806182,0.8166666667,0.5,
weighted_rf,S1,7,2024,held_out_season,120,16,0.1333333333,15,30,74,1,0.9375,0.3333333333,0.7115384615,0.4918032787,0.8245192308,0.7565140296,0.9381009615,0.1100224796,0.3514312247,9.508745432,4.083245889,0.7416666667,0.04293936664,
weighted_rf,S1,7,2024,held_out_season_threshold_0.5,120,16,0.1333333333,0,0,104,16,0,,1,0,0.5,0.7565140296,0.9381009615,0.1100224796,0.3514312247,9.508745432,4.083245889,0.8666666667,0.5,
weighted_rf,S2,1,2014,held_out_season,120,9,0.075,8,30,81,1,0.8888888889,0.2105263158,0.7297297297,0.3404255319,0.8093093093,0.4471903804,0.8753753754,0.06217816193,0.2314725894,0.1940039256,0.6867353033,0.7416666667,0.04378074642,
weighted_rf,S2,1,2014,held_out_season_threshold_0.5,120,9,0.075,0,0,111,9,0,,1,0,0.5,0.4471903804,0.8753753754,0.06217816193,0.2314725894,0.1940039256,0.6867353033,0.925,0.5,
weighted_rf,S2,1,2015,held_out_season,120,0,0,0,5,115,0,,0,0.9583333333,0,,,,0.0002292630841,0.01085125283,,,0.9583333333,0.03803514558,roc_auc/calibration undefined: one observed class; average_precision/recall/precision/f1 undefined: no positives
weighted_rf,S2,1,2015,held_out_season_threshold_0.5,120,0,0,0,0,120,0,,,1,,,,,0.0002292630841,0.01085125283,,,1,0.5,roc_auc/calibration undefined: one observed class; average_precision/recall/precision/f1 undefined: no positives
weighted_rf,S2,1,2016,held_out_season,120,3,0.025,3,25,92,0,1,0.1071428571,0.7863247863,0.1935483871,0.8931623932,0.3452380952,0.9572649573,0.02164968427,0.07524156168,-0.3159680216,1.223241776,0.7916666667,0.0274105336,
weighted_rf,S2,1,2016,held_out_season_threshold_0.5,120,3,0.025,0,1,116,3,0,0,0.9914529915,0,0.4957264957,0.3452380952,0.9572649573,0.02164968427,0.07524156168,-0.3159680216,1.223241776,0.9666666667,0.5,
weighted_rf,S2,1,2017,held_out_season,120,0,0,0,12,108,0,,0,0.9,0,,,,0.000189690295,0.00514863935,,,0.9,0.01977493298,roc_auc/calibration undefined: one observed class; average_precision/recall/precision/f1 undefined: no positives
weighted_rf,S2,1,2017,held_out_season_threshold_0.5,120,0,0,0,0,120,0,,,1,,,,,0.000189690295,0.00514863935,,,1,0.5,roc_auc/calibration undefined: one observed class; average_precision/recall/precision/f1 undefined: no positives
weighted_rf,S2,1,2018,held_out_season,120,0,0,0,0,120,0,,,1,,,,,3.553426197e-05,0.0009807113995,,,1,0.08779766022,roc_auc/calibration undefined: one observed class; average_precision/recall/precision/f1 undefined: no positives
weighted_rf,S2,1,2018,held_out_season_threshold_0.5,120,0,0,0,0,120,0,,,1,,,,,3.553426197e-05,0.0009807113995,,,1,0.5,roc_auc/calibration undefined: one observed class; average_precision/recall/precision/f1 undefined: no positives
weighted_rf,S2,1,2019,held_out_season,120,0,0,0,26,94,0,,0,0.7833333333,0,,,,0.005947537421,0.03462647653,,,0.7833333333,0.02866754442,roc_auc/calibration undefined: one observed class; average_precision/recall/precision/f1 undefined: no positives
weighted_rf,S2,1,2019,held_out_season_threshold_0.5,120,0,0,0,0,120,0,,,1,,,,,0.005947537421,0.03462647653,,,1,0.5,roc_auc/calibration undefined: one observed class; average_precision/recall/precision/f1 undefined: no positives
weighted_rf,S2,1,2020,held_out_season,120,0,0,0,21,99,0,,0,0.825,0,,,,0.001069606943,0.01298937258,,,0.825,0.03162363416,roc_auc/calibration undefined: one observed class; average_precision/recall/precision/f1 undefined: no positives
weighted_rf,S2,1,2020,held_out_season_threshold_0.5,120,0,0,0,0,120,0,,,1,,,,,0.001069606943,0.01298937258,,,1,0.5,roc_auc/calibration undefined: one observed class; average_precision/recall/precision/f1 undefined: no positives
weighted_rf,S2,1,2021,held_out_season,120,6,0.05,5,30,84,1,0.8333333333,0.1428571429,0.7368421053,0.243902439,0.7850877193,0.1989324437,0.817251462,0.04733204037,0.1754612118,-1.12494046,0.4090542124,0.7416666667,0.03605194226,
weighted_rf,S2,1,2021,held_out_season_threshold_0.5,120,6,0.05,0,0,114,6,0,,1,0,0.5,0.1989324437,0.817251462,0.04733204037,0.1754612118,-1.12494046,0.4090542124,0.95,0.5,
weighted_rf,S2,1,2022,held_out_season,120,0,0,0,8,112,0,,0,0.9333333333,0,,,,0.0006453851907,0.01334166451,,,0.9333333333,0.0491158438,roc_auc/calibration undefined: one observed class; average_precision/recall/precision/f1 undefined: no positives
weighted_rf,S2,1,2022,held_out_season_threshold_0.5,120,0,0,0,0,120,0,,,1,,,,,0.0006453851907,0.01334166451,,,1,0.5,roc_auc/calibration undefined: one observed class; average_precision/recall/precision/f1 undefined: no positives
weighted_rf,S2,1,2023,held_out_season,120,22,0.1833333333,20,22,76,2,0.9090909091,0.4761904762,0.7755102041,0.625,0.8423005566,0.647046645,0.892393321,0.1454855978,0.4678128431,1.67521245,0.8357004222,0.8,0.02415856797,
weighted_rf,S2,1,2023,held_out_season_threshold_0.5,120,22,0.1833333333,0,0,98,22,0,,1,0,0.5,0.647046645,0.892393321,0.1454855978,0.4678128431,1.67521245,0.8357004222,0.8166666667,0.5,
weighted_rf,S2,1,2024,held_out_season,120,16,0.1333333333,14,24,80,2,0.875,0.3684210526,0.7692307692,0.5185185185,0.8221153846,0.7074248489,0.9323918269,0.07344339272,0.2434183795,1.128597994,1.0889534,0.7833333333,0.02411300902,
weighted_rf,S2,1,2024,held_out_season_threshold_0.5,120,16,0.1333333333,0,0,104,16,0,,1,0,0.5,0.7074248489,0.9323918269,0.07344339272,0.2434183795,1.128597994,1.0889534,0.8666666667,0.5,
weighted_rf,S2,3,2014,held_out_season,120,9,0.075,8,42,69,1,0.8888888889,0.16,0.6216216216,0.2711864407,0.7552552553,0.1775925926,0.7297297297,0.07007301435,0.2752992416,1.287599197,0.9694958454,0.6416666667,0.03590564227,
weighted_rf,S2,3,2014,held_out_season_threshold_0.5,120,9,0.075,0,0,111,9,0,,1,0,0.5,0.1775925926,0.7297297297,0.07007301435,0.2752992416,1.287599197,0.9694958454,0.925,0.5,
weighted_rf,S2,3,2015,held_out_season,120,0,0,0,22,98,0,,0,0.8166666667,0,,,,0.0003944431964,0.01807258985,,,0.8166666667,0.02212492104,roc_auc/calibration undefined: one observed class; average_precision/recall/precision/f1 undefined: no positives
weighted_rf,S2,3,2015,held_out_season_threshold_0.5,120,0,0,0,0,120,0,,,1,,,,,0.0003944431964,0.01807258985,,,1,0.5,roc_auc/calibration undefined: one observed class; average_precision/recall/precision/f1 undefined: no positives
weighted_rf,S2,3,2016,held_out_season,120,3,0.025,3,53,64,0,1,0.05357142857,0.547008547,0.1016949153,0.7735042735,0.214379085,0.9173789174,0.02275550786,0.09175444854,1.150371456,1.443342454,0.5583333333,0.01681787958,
weighted_rf,S2,3,2016,held_out_season_threshold_0.5,120,3,0.025,0,0,117,3,0,,1,0,0.5,0.214379085,0.9173789174,0.02275550786,0.09175444854,1.150371456,1.443342454,0.975,0.5,
weighted_rf,S2,3,2017,held_out_season,120,0,0,0,5,115,0,,0,0.9583333333,0,,,,0.0002881561379,0.01068883416,,,0.9583333333,0.03599850806,roc_auc/calibration undefined: one observed class; average_precision/recall/precision/f1 undefined: no positives
weighted_rf,S2,3,2017,held_out_season_threshold_0.5,120,0,0,0,0,120,0,,,1,,,,,0.0002881561379,0.01068883416,,,1,0.5,roc_auc/calibration undefined: one observed class; average_precision/recall/precision/f1 undefined: no positives
weighted_rf,S2,3,2018,held_out_season,120,0,0,0,0,120,0,,,1,,,,,0.0001422477517,0.008569515029,,,1,0.07329450922,roc_auc/calibration undefined: one observed class; average_precision/recall/precision/f1 undefined: no positives
weighted_rf,S2,3,2018,held_out_season_threshold_0.5,120,0,0,0,0,120,0,,,1,,,,,0.0001422477517,0.008569515029,,,1,0.5,roc_auc/calibration undefined: one observed class; average_precision/recall/precision/f1 undefined: no positives
weighted_rf,S2,3,2019,held_out_season,120,0,0,0,54,66,0,,0,0.55,0,,,,0.003864199761,0.03583907431,,,0.55,0.01626375174,roc_auc/calibration undefined: one observed class; average_precision/recall/precision/f1 undefined: no positives
weighted_rf,S2,3,2019,held_out_season_threshold_0.5,120,0,0,0,0,120,0,,,1,,,,,0.003864199761,0.03583907431,,,1,0.5,roc_auc/calibration undefined: one observed class; average_precision/recall/precision/f1 undefined: no positives
weighted_rf,S2,3,2020,held_out_season,120,0,0,0,35,85,0,,0,0.7083333333,0,,,,0.001300760642,0.02009066659,,,0.7083333333,0.0152430062,roc_auc/calibration undefined: one observed class; average_precision/recall/precision/f1 undefined: no positives
weighted_rf,S2,3,2020,held_out_season_threshold_0.5,120,0,0,0,0,120,0,,,1,,,,,0.001300760642,0.02009066659,,,1,0.5,roc_auc/calibration undefined: one observed class; average_precision/recall/precision/f1 undefined: no positives
weighted_rf,S2,3,2021,held_out_season,120,6,0.05,6,46,68,0,1,0.1153846154,0.5964912281,0.2068965517,0.798245614,0.1629572021,0.8274853801,0.04462014554,0.1573144364,0.09820206955,1.066733599,0.6166666667,0.01952419683,
weighted_rf,S2,3,2021,held_out_season_threshold_0.5,120,6,0.05,0,0,114,6,0,,1,0,0.5,0.1629572021,0.8274853801,0.04462014554,0.1573144364,0.09820206955,1.066733599,0.95,0.5,
weighted_rf,S2,3,2022,held_out_season,120,0,0,0,38,82,0,,0,0.6833333333,0,,,,0.002111246525,0.02577572441,,,0.6833333333,0.02043809856,roc_auc/calibration undefined: one observed class; average_precision/recall/precision/f1 undefined: no positives
weighted_rf,S2,3,2022,held_out_season_threshold_0.5,120,0,0,0,0,120,0,,,1,,,,,0.002111246525,0.02577572441,,,1,0.5,roc_auc/calibration undefined: one observed class; average_precision/recall/precision/f1 undefined: no positives
weighted_rf,S2,3,2023,held_out_season,120,22,0.1833333333,17,31,67,5,0.7727272727,0.3541666667,0.6836734694,0.4857142857,0.7282003711,0.3126793696,0.71567718,0.1664068187,0.7205118901,0.1241674831,0.3561998101,0.7,0.01068102759,
weighted_rf,S2,3,2023,held_out_season_threshold_0.5,120,22,0.1833333333,0,0,98,22,0,,1,0,0.5,0.3126793696,0.71567718,0.1664068187,0.7205118901,0.1241674831,0.3561998101,0.8166666667,0.5,
weighted_rf,S2,3,2024,held_out_season,120,16,0.1333333333,16,102,2,0,1,0.1355932203,0.01923076923,0.2388059701,0.5096153846,0.5742556259,0.8996394231,0.101249792,0.3176563388,2.98051004,1.878927166,0.15,0.01314844589,
weighted_rf,S2,3,2024,held_out_season_threshold_0.5,120,16,0.1333333333,0,0,104,16,0,,1,0,0.5,0.5742556259,0.8996394231,0.101249792,0.3176563388,2.98051004,1.878927166,0.8666666667,0.5,
weighted_rf,S2,7,2014,held_out_season,120,9,0.075,6,35,76,3,0.6666666667,0.1463414634,0.6846846847,0.24,0.6756756757,0.1766340427,0.7067067067,0.06875537006,0.2789711788,-0.5223495575,0.5178351375,0.6833333333,0.03224780383,
weighted_rf,S2,7,2014,held_out_season_threshold_0.5,120,9,0.075,0,0,111,9,0,,1,0,0.5,0.1766340427,0.7067067067,0.06875537006,0.2789711788,-0.5223495575,0.5178351375,0.925,0.5,
weighted_rf,S2,7,2015,held_out_season,120,0,0,0,40,80,0,,0,0.6666666667,0,,,,0.0009246379649,0.03004491094,,,0.6666666667,0.02965335593,roc_auc/calibration undefined: one observed class; average_precision/recall/precision/f1 undefined: no positives
weighted_rf,S2,7,2015,held_out_season_threshold_0.5,120,0,0,0,0,120,0,,,1,,,,,0.0009246379649,0.03004491094,,,1,0.5,roc_auc/calibration undefined: one observed class; average_precision/recall/precision/f1 undefined: no positives
weighted_rf,S2,7,2016,held_out_season,120,3,0.025,1,23,94,2,0.3333333333,0.04166666667,0.8034188034,0.07407407407,0.5683760684,0.05161782662,0.6894586895,0.02497068612,0.1166284647,-1.681178595,0.4989086135,0.7916666667,0.03670289055,
weighted_rf,S2,7,2016,held_out_season_threshold_0.5,120,3,0.025,0,0,117,3,0,,1,0,0.5,0.05161782662,0.6894586895,0.02497068612,0.1166284647,-1.681178595,0.4989086135,0.975,0.5,
weighted_rf,S2,7,2017,held_out_season,120,0,0,0,17,103,0,,0,0.8583333333,0,,,,0.0005232585749,0.01873902563,,,0.8583333333,0.03377163215,roc_auc/calibration undefined: one observed class; average_precision/recall/precision/f1 undefined: no positives
weighted_rf,S2,7,2017,held_out_season_threshold_0.5,120,0,0,0,0,120,0,,,1,,,,,0.0005232585749,0.01873902563,,,1,0.5,roc_auc/calibration undefined: one observed class; average_precision/recall/precision/f1 undefined: no positives
weighted_rf,S2,7,2018,held_out_season,120,0,0,0,20,100,0,,0,0.8333333333,0,,,,0.0007662453541,0.02060837191,,,0.8333333333,0.04390157112,roc_auc/calibration undefined: one observed class; average_precision/recall/precision/f1 undefined: no positives
weighted_rf,S2,7,2018,held_out_season_threshold_0.5,120,0,0,0,0,120,0,,,1,,,,,0.0007662453541,0.02060837191,,,1,0.5,roc_auc/calibration undefined: one observed class; average_precision/recall/precision/f1 undefined: no positives
weighted_rf,S2,7,2019,held_out_season,120,0,0,0,45,75,0,,0,0.625,0,,,,0.001988281382,0.03105720564,,,0.625,0.02632520337,roc_auc/calibration undefined: one observed class; average_precision/recall/precision/f1 undefined: no positives
weighted_rf,S2,7,2019,held_out_season_threshold_0.5,120,0,0,0,0,120,0,,,1,,,,,0.001988281382,0.03105720564,,,1,0.5,roc_auc/calibration undefined: one observed class; average_precision/recall/precision/f1 undefined: no positives
weighted_rf,S2,7,2020,held_out_season,120,0,0,0,31,89,0,,0,0.7416666667,0,,,,0.00172165759,0.02822678094,,,0.7416666667,0.03380385614,roc_auc/calibration undefined: one observed class; average_precision/recall/precision/f1 undefined: no positives
weighted_rf,S2,7,2020,held_out_season_threshold_0.5,120,0,0,0,0,120,0,,,1,,,,,0.00172165759,0.02822678094,,,1,0.5,roc_auc/calibration undefined: one observed class; average_precision/recall/precision/f1 undefined: no positives
weighted_rf,S2,7,2021,held_out_season,120,6,0.05,6,44,70,0,1,0.12,0.6140350877,0.2142857143,0.8070175439,0.1436413632,0.8106725146,0.04486521057,0.1640777608,1.611085407,1.55302109,0.6333333333,0.02911831002,
weighted_rf,S2,7,2021,held_out_season_threshold_0.5,120,6,0.05,0,0,114,6,0,,1,0,0.5,0.1436413632,0.8106725146,0.04486521057,0.1640777608,1.611085407,1.55302109,0.95,0.5,
weighted_rf,S2,7,2022,held_out_season,120,0,0,0,49,71,0,,0,0.5916666667,0,,,,0.001577188901,0.02769755353,,,0.5916666667,0.02604028519,roc_auc/calibration undefined: one observed class; average_precision/recall/precision/f1 undefined: no positives
weighted_rf,S2,7,2022,held_out_season_threshold_0.5,120,0,0,0,0,120,0,,,1,,,,,0.001577188901,0.02769755353,,,1,0.5,roc_auc/calibration undefined: one observed class; average_precision/recall/precision/f1 undefined: no positives
weighted_rf,S2,7,2023,held_out_season,120,22,0.1833333333,10,32,66,12,0.4545454545,0.2380952381,0.6734693878,0.3125,0.5640074212,0.2731314247,0.5725881262,0.1751009113,0.885120033,-0.9000669323,0.1195394507,0.6333333333,0.02060971915,
weighted_rf,S2,7,2023,held_out_season_threshold_0.5,120,22,0.1833333333,0,0,98,22,0,,1,0,0.5,0.2731314247,0.5725881262,0.1751009113,0.885120033,-0.9000669323,0.1195394507,0.8166666667,0.5,
weighted_rf,S2,7,2024,held_out_season,120,16,0.1333333333,13,16,88,3,0.8125,0.4482758621,0.8461538462,0.5777777778,0.8293269231,0.7581742189,0.9260817308,0.1134597183,0.3689948134,11.81898991,4.907924859,0.8416666667,0.06208255641,
weighted_rf,S2,7,2024,held_out_season_threshold_0.5,120,16,0.1333333333,0,0,104,16,0,,1,0,0.5,0.7581742189,0.9260817308,0.1134597183,0.3689948134,11.81898991,4.907924859,0.8666666667,0.5,
weighted_svc,S1,1,2014,held_out_season,120,9,0.075,6,9,102,3,0.6666666667,0.4,0.9189189189,0.5,0.7927927928,0.3174990453,0.7567567568,0.07081016414,0.3144522685,0.6492752774,0.6784912828,0.9,0.01638105719,
weighted_svc,S1,1,2014,held_out_season_threshold_0.5,120,9,0.075,0,0,111,9,0,,1,0,0.5,0.3174990453,0.7567567568,0.07081016414,0.3144522685,0.6492752774,0.6784912828,0.925,0.5,
weighted_svc,S1,1,2015,held_out_season,120,0,0,0,15,105,0,,0,0.875,0,,,,0.0001434422012,0.007243263952,,,0.875,0.01661875941,roc_auc/calibration undefined: one observed class; average_precision/recall/precision/f1 undefined: no positives
weighted_svc,S1,1,2015,held_out_season_threshold_0.5,120,0,0,0,0,120,0,,,1,,,,,0.0001434422012,0.007243263952,,,1,0.5,roc_auc/calibration undefined: one observed class; average_precision/recall/precision/f1 undefined: no positives
weighted_svc,S1,1,2016,held_out_season,120,3,0.025,3,23,94,0,1,0.1153846154,0.8034188034,0.2068965517,0.9017094017,0.625,0.9800569801,0.03522491495,0.1097082616,-2.439140247,3.464708308,0.8083333333,0.0303645409,
weighted_svc,S1,1,2016,held_out_season_threshold_0.5,120,3,0.025,3,7,110,0,1,0.3,0.9401709402,0.4615384615,0.9700854701,0.625,0.9800569801,0.03522491495,0.1097082616,-2.439140247,3.464708308,0.9416666667,0.5,
weighted_svc,S1,1,2017,held_out_season,120,0,0,0,7,113,0,,0,0.9416666667,0,,,,0.0001312995632,0.006381440104,,,0.9416666667,0.02216510994,roc_auc/calibration undefined: one observed class; average_precision/recall/precision/f1 undefined: no positives
weighted_svc,S1,1,2017,held_out_season_threshold_0.5,120,0,0,0,0,120,0,,,1,,,,,0.0001312995632,0.006381440104,,,1,0.5,roc_auc/calibration undefined: one observed class; average_precision/recall/precision/f1 undefined: no positives
weighted_svc,S1,1,2018,held_out_season,120,0,0,0,0,120,0,,,1,,,,,6.045264544e-06,0.001442767618,,,1,0.01873443315,roc_auc/calibration undefined: one observed class; average_precision/recall/precision/f1 undefined: no positives
weighted_svc,S1,1,2018,held_out_season_threshold_0.5,120,0,0,0,0,120,0,,,1,,,,,6.045264544e-06,0.001442767618,,,1,0.5,roc_auc/calibration undefined: one observed class; average_precision/recall/precision/f1 undefined: no positives
weighted_svc,S1,1,2019,held_out_season,120,0,0,0,29,91,0,,0,0.7583333333,0,,,,0.009376454417,0.04578002655,,,0.7583333333,0.02464030773,roc_auc/calibration undefined: one observed class; average_precision/recall/precision/f1 undefined: no positives
weighted_svc,S1,1,2019,held_out_season_threshold_0.5,120,0,0,0,1,119,0,,0,0.9916666667,0,,,,0.009376454417,0.04578002655,,,0.9916666667,0.5,roc_auc/calibration undefined: one observed class; average_precision/recall/precision/f1 undefined: no positives
weighted_svc,S1,1,2020,held_out_season,120,0,0,0,7,113,0,,0,0.9416666667,0,,,,0.0008805459827,0.01148593775,,,0.9416666667,0.0316349382,roc_auc/calibration undefined: one observed class; average_precision/recall/precision/f1 undefined: no positives
weighted_svc,S1,1,2020,held_out_season_threshold_0.5,120,0,0,0,0,120,0,,,1,,,,,0.0008805459827,0.01148593775,,,1,0.5,roc_auc/calibration undefined: one observed class; average_precision/recall/precision/f1 undefined: no positives
weighted_svc,S1,1,2021,held_out_season,120,6,0.05,4,28,86,2,0.6666666667,0.125,0.7543859649,0.2105263158,0.7105263158,0.4384626314,0.8523391813,0.04256267562,0.1681252534,-0.7723893755,0.5452247479,0.75,0.02509406282,
weighted_svc,S1,1,2021,held_out_season_threshold_0.5,120,6,0.05,1,0,114,5,0.1666666667,1,1,0.2857142857,0.5833333333,0.4384626314,0.8523391813,0.04256267562,0.1681252534,-0.7723893755,0.5452247479,0.9583333333,0.5,
weighted_svc,S1,1,2022,held_out_season,120,0,0,0,34,86,0,,0,0.7166666667,0,,,,0.0008091091787,0.01524172037,,,0.7166666667,0.01708427987,roc_auc/calibration undefined: one observed class; average_precision/recall/precision/f1 undefined: no positives
weighted_svc,S1,1,2022,held_out_season_threshold_0.5,120,0,0,0,0,120,0,,,1,,,,,0.0008091091787,0.01524172037,,,1,0.5,roc_auc/calibration undefined: one observed class; average_precision/recall/precision/f1 undefined: no positives
weighted_svc,S1,1,2023,held_out_season,120,22,0.1833333333,11,17,81,11,0.5,0.3928571429,0.8265306122,0.44,0.6632653061,0.3725185364,0.8237476809,0.1718511646,0.6597607137,0.8418093094,0.4700112735,0.7666666667,0.03162371547,
weighted_svc,S1,1,2023,held_out_season_threshold_0.5,120,22,0.1833333333,0,1,97,22,0,0,0.9897959184,0,0.4948979592,0.3725185364,0.8237476809,0.1718511646,0.6597607137,0.8418093094,0.4700112735,0.8083333333,0.5,
weighted_svc,S1,1,2024,held_out_season,120,16,0.1333333333,16,35,69,0,1,0.3137254902,0.6634615385,0.4776119403,0.8317307692,0.7045444128,0.9302884615,0.06879445711,0.2252441404,0.2798569123,0.8762667388,0.7083333333,0.01287195075,
weighted_svc,S1,1,2024,held_out_season_threshold_0.5,120,16,0.1333333333,6,2,102,10,0.375,0.75,0.9807692308,0.5,0.6778846154,0.7045444128,0.9302884615,0.06879445711,0.2252441404,0.2798569123,0.8762667388,0.9,0.5,
weighted_svc,S1,3,2014,held_out_season,120,9,0.075,7,32,79,2,0.7777777778,0.1794871795,0.7117117117,0.2916666667,0.7447447447,0.3184026179,0.8738738739,0.06353980265,0.2172934113,1.24217103,1.132983485,0.7166666667,0.0306798139,
weighted_svc,S1,3,2014,held_out_season_threshold_0.5,120,9,0.075,0,0,111,9,0,,1,0,0.5,0.3184026179,0.8738738739,0.06353980265,0.2172934113,1.24217103,1.132983485,0.925,0.5,
weighted_svc,S1,3,2015,held_out_season,120,0,0,0,25,95,0,,0,0.7916666667,0,,,,0.0004803161887,0.01429875069,,,0.7916666667,0.02030792944,roc_auc/calibration undefined: one observed class; average_precision/recall/precision/f1 undefined: no positives
weighted_svc,S1,3,2015,held_out_season_threshold_0.5,120,0,0,0,0,120,0,,,1,,,,,0.0004803161887,0.01429875069,,,1,0.5,roc_auc/calibration undefined: one observed class; average_precision/recall/precision/f1 undefined: no positives
weighted_svc,S1,3,2016,held_out_season,120,3,0.025,3,25,92,0,1,0.1071428571,0.7863247863,0.1935483871,0.8931623932,0.1995642702,0.9287749288,0.0238358805,0.08591469482,-0.2522542426,1.47843201,0.7916666667,0.0237294865,
weighted_svc,S1,3,2016,held_out_season_threshold_0.5,120,3,0.025,0,0,117,3,0,,1,0,0.5,0.1995642702,0.9287749288,0.0238358805,0.08591469482,-0.2522542426,1.47843201,0.975,0.5,
weighted_svc,S1,3,2017,held_out_season,120,0,0,0,4,116,0,,0,0.9666666667,0,,,,0.0001978143991,0.007316395998,,,0.9666666667,0.02864415562,roc_auc/calibration undefined: one observed class; average_precision/recall/precision/f1 undefined: no positives
weighted_svc,S1,3,2017,held_out_season_threshold_0.5,120,0,0,0,0,120,0,,,1,,,,,0.0001978143991,0.007316395998,,,1,0.5,roc_auc/calibration undefined: one observed class; average_precision/recall/precision/f1 undefined: no positives
weighted_svc,S1,3,2018,held_out_season,120,0,0,0,0,120,0,,,1,,,,,4.530205464e-05,0.004843129795,,,1,0.02980069026,roc_auc/calibration undefined: one observed class; average_precision/recall/precision/f1 undefined: no positives
weighted_svc,S1,3,2018,held_out_season_threshold_0.5,120,0,0,0,0,120,0,,,1,,,,,4.530205464e-05,0.004843129795,,,1,0.5,roc_auc/calibration undefined: one observed class; average_precision/recall/precision/f1 undefined: no positives
weighted_svc,S1,3,2019,held_out_season,120,0,0,0,27,93,0,,0,0.775,0,,,,0.004170998762,0.0390458119,,,0.775,0.03840727541,roc_auc/calibration undefined: one observed class; average_precision/recall/precision/f1 undefined: no positives
weighted_svc,S1,3,2019,held_out_season_threshold_0.5,120,0,0,0,0,120,0,,,1,,,,,0.004170998762,0.0390458119,,,1,0.5,roc_auc/calibration undefined: one observed class; average_precision/recall/precision/f1 undefined: no positives
weighted_svc,S1,3,2020,held_out_season,120,0,0,0,18,102,0,,0,0.85,0,,,,0.0005463919414,0.01757368027,,,0.85,0.01881661212,roc_auc/calibration undefined: one observed class; average_precision/recall/precision/f1 undefined: no positives
weighted_svc,S1,3,2020,held_out_season_threshold_0.5,120,0,0,0,0,120,0,,,1,,,,,0.0005463919414,0.01757368027,,,1,0.5,roc_auc/calibration undefined: one observed class; average_precision/recall/precision/f1 undefined: no positives
weighted_svc,S1,3,2021,held_out_season,120,6,0.05,6,40,74,0,1,0.1304347826,0.649122807,0.2307692308,0.8245614035,0.1885447885,0.8713450292,0.04645821293,0.1598925861,-0.1725012012,0.7717633844,0.6666666667,0.01472926866,
weighted_svc,S1,3,2021,held_out_season_threshold_0.5,120,6,0.05,0,0,114,6,0,,1,0,0.5,0.1885447885,0.8713450292,0.04645821293,0.1598925861,-0.1725012012,0.7717633844,0.95,0.5,
weighted_svc,S1,3,2022,held_out_season,120,0,0,0,44,76,0,,0,0.6333333333,0,,,,0.005820330993,0.04028001665,,,0.6333333333,0.01535151522,roc_auc/calibration undefined: one observed class; average_precision/recall/precision/f1 undefined: no positives
weighted_svc,S1,3,2022,held_out_season_threshold_0.5,120,0,0,0,0,120,0,,,1,,,,,0.005820330993,0.04028001665,,,1,0.5,roc_auc/calibration undefined: one observed class; average_precision/recall/precision/f1 undefined: no positives
weighted_svc,S1,3,2023,held_out_season,120,22,0.1833333333,8,10,88,14,0.3636363636,0.4444444444,0.8979591837,0.4,0.6307977737,0.3951692747,0.7254174397,0.1779218279,0.8634470636,2.662826847,0.8190916604,0.8,0.01108669405,
weighted_svc,S1,3,2023,held_out_season_threshold_0.5,120,22,0.1833333333,0,0,98,22,0,,1,0,0.5,0.3951692747,0.7254174397,0.1779218279,0.8634470636,2.662826847,0.8190916604,0.8166666667,0.5,
weighted_svc,S1,3,2024,held_out_season,120,16,0.1333333333,16,38,66,0,1,0.2962962963,0.6346153846,0.4571428571,0.8173076923,0.3926297859,0.84375,0.1118799983,0.3765157211,1.63912177,1.14067475,0.6833333333,0.02146200598,
weighted_svc,S1,3,2024,held_out_season_threshold_0.5,120,16,0.1333333333,0,0,104,16,0,,1,0,0.5,0.3926297859,0.84375,0.1118799983,0.3765157211,1.63912177,1.14067475,0.8666666667,0.5,
weighted_svc,S1,7,2014,held_out_season,120,9,0.075,8,49,62,1,0.8888888889,0.1403508772,0.5585585586,0.2424242424,0.7237237237,0.4783081462,0.8388388388,0.06305724243,0.2284684525,0.2062450209,0.7878117606,0.5833333333,0.01351974674,
weighted_svc,S1,7,2014,held_out_season_threshold_0.5,120,9,0.075,0,0,111,9,0,,1,0,0.5,0.4783081462,0.8388388388,0.06305724243,0.2284684525,0.2062450209,0.7878117606,0.925,0.5,
weighted_svc,S1,7,2015,held_out_season,120,0,0,0,20,100,0,,0,0.8333333333,0,,,,0.000997894667,0.02310803956,,,0.8333333333,0.03140643981,roc_auc/calibration undefined: one observed class; average_precision/recall/precision/f1 undefined: no positives
weighted_svc,S1,7,2015,held_out_season_threshold_0.5,120,0,0,0,0,120,0,,,1,,,,,0.000997894667,0.02310803956,,,1,0.5,roc_auc/calibration undefined: one observed class; average_precision/recall/precision/f1 undefined: no positives
weighted_svc,S1,7,2016,held_out_season,120,3,0.025,3,35,82,0,1,0.07894736842,0.7008547009,0.1463414634,0.8504273504,0.2055555556,0.9088319088,0.02286532605,0.08548226316,0.2610578489,1.386587659,0.7083333333,0.02061151875,
weighted_svc,S1,7,2016,held_out_season_threshold_0.5,120,3,0.025,0,0,117,3,0,,1,0,0.5,0.2055555556,0.9088319088,0.02286532605,0.08548226316,0.2610578489,1.386587659,0.975,0.5,
weighted_svc,S1,7,2017,held_out_season,120,0,0,0,22,98,0,,0,0.8166666667,0,,,,0.0007510855022,0.01359623112,,,0.8166666667,0.01837617544,roc_auc/calibration undefined: one observed class; average_precision/recall/precision/f1 undefined: no positives
weighted_svc,S1,7,2017,held_out_season_threshold_0.5,120,0,0,0,0,120,0,,,1,,,,,0.0007510855022,0.01359623112,,,1,0.5,roc_auc/calibration undefined: one observed class; average_precision/recall/precision/f1 undefined: no positives
weighted_svc,S1,7,2018,held_out_season,120,0,0,0,22,98,0,,0,0.8166666667,0,,,,0.0003823078087,0.01055653459,,,0.8166666667,0.0131123082,roc_auc/calibration undefined: one observed class; average_precision/recall/precision/f1 undefined: no positives
weighted_svc,S1,7,2018,held_out_season_threshold_0.5,120,0,0,0,0,120,0,,,1,,,,,0.0003823078087,0.01055653459,,,1,0.5,roc_auc/calibration undefined: one observed class; average_precision/recall/precision/f1 undefined: no positives
weighted_svc,S1,7,2019,held_out_season,120,0,0,0,34,86,0,,0,0.7166666667,0,,,,0.0009670226254,0.02244834212,,,0.7166666667,0.02366260557,roc_auc/calibration undefined: one observed class; average_precision/recall/precision/f1 undefined: no positives
weighted_svc,S1,7,2019,held_out_season_threshold_0.5,120,0,0,0,0,120,0,,,1,,,,,0.0009670226254,0.02244834212,,,1,0.5,roc_auc/calibration undefined: one observed class; average_precision/recall/precision/f1 undefined: no positives
weighted_svc,S1,7,2020,held_out_season,120,0,0,0,34,86,0,,0,0.7166666667,0,,,,0.001733470049,0.02634319894,,,0.7166666667,0.0240475169,roc_auc/calibration undefined: one observed class; average_precision/recall/precision/f1 undefined: no positives
weighted_svc,S1,7,2020,held_out_season_threshold_0.5,120,0,0,0,0,120,0,,,1,,,,,0.001733470049,0.02634319894,,,1,0.5,roc_auc/calibration undefined: one observed class; average_precision/recall/precision/f1 undefined: no positives
weighted_svc,S1,7,2021,held_out_season,120,6,0.05,4,34,80,2,0.6666666667,0.1052631579,0.701754386,0.1818181818,0.6842105263,0.2811507937,0.8084795322,0.04546285217,0.174019318,-0.2531453319,0.7636949773,0.7,0.03156701761,
weighted_svc,S1,7,2021,held_out_season_threshold_0.5,120,6,0.05,0,0,114,6,0,,1,0,0.5,0.2811507937,0.8084795322,0.04546285217,0.174019318,-0.2531453319,0.7636949773,0.95,0.5,
weighted_svc,S1,7,2022,held_out_season,120,0,0,0,16,104,0,,0,0.8666666667,0,,,,0.001335950903,0.01953746318,,,0.8666666667,0.03544678702,roc_auc/calibration undefined: one observed class; average_precision/recall/precision/f1 undefined: no positives
weighted_svc,S1,7,2022,held_out_season_threshold_0.5,120,0,0,0,0,120,0,,,1,,,,,0.001335950903,0.01953746318,,,1,0.5,roc_auc/calibration undefined: one observed class; average_precision/recall/precision/f1 undefined: no positives
weighted_svc,S1,7,2023,held_out_season,120,22,0.1833333333,4,22,76,18,0.1818181818,0.1538461538,0.7755102041,0.1666666667,0.4786641929,0.2018147745,0.5153061224,0.1811968999,1.136357267,-1.267610795,0.03647106604,0.6666666667,0.00911285801,
weighted_svc,S1,7,2023,held_out_season_threshold_0.5,120,22,0.1833333333,0,0,98,22,0,,1,0,0.5,0.2018147745,0.5153061224,0.1811968999,1.136357267,-1.267610795,0.03647106604,0.8166666667,0.5,
weighted_svc,S1,7,2024,held_out_season,120,16,0.1333333333,13,44,60,3,0.8125,0.2280701754,0.5769230769,0.3561643836,0.6947115385,0.4358375136,0.7878605769,0.116245915,0.4044712269,2.717630418,1.454537561,0.6083333333,0.02846549822,
weighted_svc,S1,7,2024,held_out_season_threshold_0.5,120,16,0.1333333333,0,0,104,16,0,,1,0,0.5,0.4358375136,0.7878605769,0.116245915,0.4044712269,2.717630418,1.454537561,0.8666666667,0.5,
weighted_svc,S2,1,2014,held_out_season,120,9,0.075,8,20,91,1,0.8888888889,0.2857142857,0.8198198198,0.4324324324,0.8543543544,0.6413669664,0.9279279279,0.05069632164,0.1729736244,0.6704320263,0.961771444,0.825,0.03634450595,
weighted_svc,S2,1,2014,held_out_season_threshold_0.5,120,9,0.075,0,0,111,9,0,,1,0,0.5,0.6413669664,0.9279279279,0.05069632164,0.1729736244,0.6704320263,0.961771444,0.925,0.5,
weighted_svc,S2,1,2015,held_out_season,120,0,0,0,4,116,0,,0,0.9666666667,0,,,,0.0002489439246,0.009043603375,,,0.9666666667,0.0441941368,roc_auc/calibration undefined: one observed class; average_precision/recall/precision/f1 undefined: no positives
weighted_svc,S2,1,2015,held_out_season_threshold_0.5,120,0,0,0,0,120,0,,,1,,,,,0.0002489439246,0.009043603375,,,1,0.5,roc_auc/calibration undefined: one observed class; average_precision/recall/precision/f1 undefined: no positives
weighted_svc,S2,1,2016,held_out_season,120,3,0.025,3,19,98,0,1,0.1363636364,0.8376068376,0.24,0.9188034188,0.5916666667,0.9772079772,0.01989246186,0.06866403672,-0.2739501925,1.821986865,0.8416666667,0.04126658142,
weighted_svc,S2,1,2016,held_out_season_threshold_0.5,120,3,0.025,1,1,116,2,0.3333333333,0.5,0.9914529915,0.4,0.6623931624,0.5916666667,0.9772079772,0.01989246186,0.06866403672,-0.2739501925,1.821986865,0.975,0.5,
weighted_svc,S2,1,2017,held_out_season,120,0,0,0,4,116,0,,0,0.9666666667,0,,,,7.367124767e-05,0.003444481765,,,0.9666666667,0.01775865095,roc_auc/calibration undefined: one observed class; average_precision/recall/precision/f1 undefined: no positives
weighted_svc,S2,1,2017,held_out_season_threshold_0.5,120,0,0,0,0,120,0,,,1,,,,,7.367124767e-05,0.003444481765,,,1,0.5,roc_auc/calibration undefined: one observed class; average_precision/recall/precision/f1 undefined: no positives
weighted_svc,S2,1,2018,held_out_season,120,0,0,0,1,119,0,,0,0.9916666667,0,,,,5.325600203e-05,0.002775621329,,,0.9916666667,0.03964853264,roc_auc/calibration undefined: one observed class; average_precision/recall/precision/f1 undefined: no positives
weighted_svc,S2,1,2018,held_out_season_threshold_0.5,120,0,0,0,0,120,0,,,1,,,,,5.325600203e-05,0.002775621329,,,1,0.5,roc_auc/calibration undefined: one observed class; average_precision/recall/precision/f1 undefined: no positives
weighted_svc,S2,1,2019,held_out_season,120,0,0,0,31,89,0,,0,0.7416666667,0,,,,0.007431258543,0.03725231006,,,0.7416666667,0.02230893646,roc_auc/calibration undefined: one observed class; average_precision/recall/precision/f1 undefined: no positives
weighted_svc,S2,1,2019,held_out_season_threshold_0.5,120,0,0,0,1,119,0,,0,0.9916666667,0,,,,0.007431258543,0.03725231006,,,0.9916666667,0.5,roc_auc/calibration undefined: one observed class; average_precision/recall/precision/f1 undefined: no positives
weighted_svc,S2,1,2020,held_out_season,120,0,0,0,12,108,0,,0,0.9,0,,,,0.0006627113745,0.01141061497,,,0.9,0.02799659094,roc_auc/calibration undefined: one observed class; average_precision/recall/precision/f1 undefined: no positives
weighted_svc,S2,1,2020,held_out_season_threshold_0.5,120,0,0,0,0,120,0,,,1,,,,,0.0006627113745,0.01141061497,,,1,0.5,roc_auc/calibration undefined: one observed class; average_precision/recall/precision/f1 undefined: no positives
weighted_svc,S2,1,2021,held_out_season,120,6,0.05,6,37,77,0,1,0.1395348837,0.6754385965,0.2448979592,0.8377192982,0.3657657074,0.8801169591,0.0474802575,0.1610628739,-0.9722793374,0.6000518908,0.6916666667,0.01136199031,
weighted_svc,S2,1,2021,held_out_season_threshold_0.5,120,6,0.05,1,3,111,5,0.1666666667,0.25,0.9736842105,0.2,0.5701754386,0.3657657074,0.8801169591,0.0474802575,0.1610628739,-0.9722793374,0.6000518908,0.9333333333,0.5,
weighted_svc,S2,1,2022,held_out_season,120,0,0,0,33,87,0,,0,0.725,0,,,,0.000990965481,0.01684879634,,,0.725,0.01643316094,roc_auc/calibration undefined: one observed class; average_precision/recall/precision/f1 undefined: no positives
weighted_svc,S2,1,2022,held_out_season_threshold_0.5,120,0,0,0,0,120,0,,,1,,,,,0.000990965481,0.01684879634,,,1,0.5,roc_auc/calibration undefined: one observed class; average_precision/recall/precision/f1 undefined: no positives
weighted_svc,S2,1,2023,held_out_season,120,22,0.1833333333,10,18,80,12,0.4545454545,0.3571428571,0.8163265306,0.4,0.6354359926,0.3439403747,0.7833951763,0.1737982319,0.7828873445,0.5845157282,0.3888770898,0.75,0.01920808347,
weighted_svc,S2,1,2023,held_out_season_threshold_0.5,120,22,0.1833333333,0,0,98,22,0,,1,0,0.5,0.3439403747,0.7833951763,0.1737982319,0.7828873445,0.5845157282,0.3888770898,0.8166666667,0.5,
weighted_svc,S2,1,2024,held_out_season,120,16,0.1333333333,16,35,69,0,1,0.3137254902,0.6634615385,0.4776119403,0.8317307692,0.4372992259,0.8954326923,0.0992418093,0.2928052033,0.7301893636,0.8413834931,0.7083333333,0.01353678266,
weighted_svc,S2,1,2024,held_out_season_threshold_0.5,120,16,0.1333333333,1,1,103,15,0.0625,0.5,0.9903846154,0.1111111111,0.5264423077,0.4372992259,0.8954326923,0.0992418093,0.2928052033,0.7301893636,0.8413834931,0.8666666667,0.5,
weighted_svc,S2,3,2014,held_out_season,120,9,0.075,8,31,80,1,0.8888888889,0.2051282051,0.7207207207,0.3333333333,0.8048048048,0.5083432729,0.8968968969,0.06010975795,0.2041373375,1.341519741,1.157352445,0.7333333333,0.0213579253,
weighted_svc,S2,3,2014,held_out_season_threshold_0.5,120,9,0.075,0,0,111,9,0,,1,0,0.5,0.5083432729,0.8968968969,0.06010975795,0.2041373375,1.341519741,1.157352445,0.925,0.5,
weighted_svc,S2,3,2015,held_out_season,120,0,0,0,44,76,0,,0,0.6333333333,0,,,,0.0007121349305,0.01821046997,,,0.6333333333,0.01592302521,roc_auc/calibration undefined: one observed class; average_precision/recall/precision/f1 undefined: no positives
weighted_svc,S2,3,2015,held_out_season_threshold_0.5,120,0,0,0,0,120,0,,,1,,,,,0.0007121349305,0.01821046997,,,1,0.5,roc_auc/calibration undefined: one observed class; average_precision/recall/precision/f1 undefined: no positives
weighted_svc,S2,3,2016,held_out_season,120,3,0.025,3,32,85,0,1,0.08571428571,0.7264957265,0.1578947368,0.8632478632,0.1800976801,0.9259259259,0.02433759768,0.08907132044,-0.2115130204,1.223082356,0.7333333333,0.02764223559,
weighted_svc,S2,3,2016,held_out_season_threshold_0.5,120,3,0.025,0,0,117,3,0,,1,0,0.5,0.1800976801,0.9259259259,0.02433759768,0.08907132044,-0.2115130204,1.223082356,0.975,0.5,
weighted_svc,S2,3,2017,held_out_season,120,0,0,0,29,91,0,,0,0.7583333333,0,,,,0.0003564219957,0.01422537523,,,0.7583333333,0.01663492665,roc_auc/calibration undefined: one observed class; average_precision/recall/precision/f1 undefined: no positives
weighted_svc,S2,3,2017,held_out_season_threshold_0.5,120,0,0,0,0,120,0,,,1,,,,,0.0003564219957,0.01422537523,,,1,0.5,roc_auc/calibration undefined: one observed class; average_precision/recall/precision/f1 undefined: no positives
weighted_svc,S2,3,2018,held_out_season,120,0,0,0,4,116,0,,0,0.9666666667,0,,,,0.0001516925184,0.005515534099,,,0.9666666667,0.0254224707,roc_auc/calibration undefined: one observed class; average_precision/recall/precision/f1 undefined: no positives
weighted_svc,S2,3,2018,held_out_season_threshold_0.5,120,0,0,0,0,120,0,,,1,,,,,0.0001516925184,0.005515534099,,,1,0.5,roc_auc/calibration undefined: one observed class; average_precision/recall/precision/f1 undefined: no positives
weighted_svc,S2,3,2019,held_out_season,120,0,0,0,43,77,0,,0,0.6416666667,0,,,,0.006758885226,0.04387114844,,,0.6416666667,0.01541864744,roc_auc/calibration undefined: one observed class; average_precision/recall/precision/f1 undefined: no positives
weighted_svc,S2,3,2019,held_out_season_threshold_0.5,120,0,0,0,0,120,0,,,1,,,,,0.006758885226,0.04387114844,,,1,0.5,roc_auc/calibration undefined: one observed class; average_precision/recall/precision/f1 undefined: no positives
weighted_svc,S2,3,2020,held_out_season,120,0,0,0,29,91,0,,0,0.7583333333,0,,,,0.0006467464859,0.01310185761,,,0.7583333333,0.01558024094,roc_auc/calibration undefined: one observed class; average_precision/recall/precision/f1 undefined: no positives
weighted_svc,S2,3,2020,held_out_season_threshold_0.5,120,0,0,0,0,120,0,,,1,,,,,0.0006467464859,0.01310185761,,,1,0.5,roc_auc/calibration undefined: one observed class; average_precision/recall/precision/f1 undefined: no positives
weighted_svc,S2,3,2021,held_out_season,120,6,0.05,6,37,77,0,1,0.1395348837,0.6754385965,0.2448979592,0.8377192982,0.1472633685,0.8347953216,0.04804496562,0.1618194344,-0.5343417845,0.749483325,0.6916666667,0.02212343087,
weighted_svc,S2,3,2021,held_out_season_threshold_0.5,120,6,0.05,0,0,114,6,0,,1,0,0.5,0.1472633685,0.8347953216,0.04804496562,0.1618194344,-0.5343417845,0.749483325,0.95,0.5,
weighted_svc,S2,3,2022,held_out_season,120,0,0,0,31,89,0,,0,0.7416666667,0,,,,0.003795582912,0.03469653871,,,0.7416666667,0.04168071509,roc_auc/calibration undefined: one observed class; average_precision/recall/precision/f1 undefined: no positives
weighted_svc,S2,3,2022,held_out_season_threshold_0.5,120,0,0,0,0,120,0,,,1,,,,,0.003795582912,0.03469653871,,,1,0.5,roc_auc/calibration undefined: one observed class; average_precision/recall/precision/f1 undefined: no positives
weighted_svc,S2,3,2023,held_out_season,120,22,0.1833333333,13,23,75,9,0.5909090909,0.3611111111,0.7653061224,0.4482758621,0.6781076067,0.3135211899,0.7217068646,0.1748353431,0.8349896692,0.1855411413,0.3247514246,0.7333333333,0.01628879504,
weighted_svc,S2,3,2023,held_out_season_threshold_0.5,120,22,0.1833333333,0,0,98,22,0,,1,0,0.5,0.3135211899,0.7217068646,0.1748353431,0.8349896692,0.1855411413,0.3247514246,0.8166666667,0.5,
weighted_svc,S2,3,2024,held_out_season,120,16,0.1333333333,16,51,53,0,1,0.2388059701,0.5096153846,0.3855421687,0.7548076923,0.3387202249,0.8347355769,0.1132445571,0.3671544378,2.539180363,1.511178558,0.575,0.02528790248,
weighted_svc,S2,3,2024,held_out_season_threshold_0.5,120,16,0.1333333333,0,0,104,16,0,,1,0,0.5,0.3387202249,0.8347355769,0.1132445571,0.3671544378,2.539180363,1.511178558,0.8666666667,0.5,
weighted_svc,S2,7,2014,held_out_season,120,9,0.075,7,32,79,2,0.7777777778,0.1794871795,0.7117117117,0.2916666667,0.7447447447,0.1557864221,0.7287287287,0.06865637633,0.2694462497,-0.3382338898,0.5888023295,0.7166666667,0.02542234812,
weighted_svc,S2,7,2014,held_out_season_threshold_0.5,120,9,0.075,0,0,111,9,0,,1,0,0.5,0.1557864221,0.7287287287,0.06865637633,0.2694462497,-0.3382338898,0.5888023295,0.925,0.5,
weighted_svc,S2,7,2015,held_out_season,120,0,0,0,49,71,0,,0,0.5916666667,0,,,,0.0004961762203,0.01676164296,,,0.5916666667,0.01741849761,roc_auc/calibration undefined: one observed class; average_precision/recall/precision/f1 undefined: no positives
weighted_svc,S2,7,2015,held_out_season_threshold_0.5,120,0,0,0,0,120,0,,,1,,,,,0.0004961762203,0.01676164296,,,1,0.5,roc_auc/calibration undefined: one observed class; average_precision/recall/precision/f1 undefined: no positives
weighted_svc,S2,7,2016,held_out_season,120,3,0.025,3,39,78,0,1,0.07142857143,0.6666666667,0.1333333333,0.8333333333,0.1028416028,0.8575498575,0.02575931998,0.105436525,-1.005434573,0.7446896714,0.675,0.01783208624,
weighted_svc,S2,7,2016,held_out_season_threshold_0.5,120,3,0.025,0,0,117,3,0,,1,0,0.5,0.1028416028,0.8575498575,0.02575931998,0.105436525,-1.005434573,0.7446896714,0.975,0.5,
weighted_svc,S2,7,2017,held_out_season,120,0,0,0,28,92,0,,0,0.7666666667,0,,,,0.0007836235341,0.02139475979,,,0.7666666667,0.03088589788,roc_auc/calibration undefined: one observed class; average_precision/recall/precision/f1 undefined: no positives
weighted_svc,S2,7,2017,held_out_season_threshold_0.5,120,0,0,0,0,120,0,,,1,,,,,0.0007836235341,0.02139475979,,,1,0.5,roc_auc/calibration undefined: one observed class; average_precision/recall/precision/f1 undefined: no positives
weighted_svc,S2,7,2018,held_out_season,120,0,0,0,93,27,0,,0,0.225,0,,,,0.0009181257156,0.02563503095,,,0.225,0.01231152072,roc_auc/calibration undefined: one observed class; average_precision/recall/precision/f1 undefined: no positives
weighted_svc,S2,7,2018,held_out_season_threshold_0.5,120,0,0,0,0,120,0,,,1,,,,,0.0009181257156,0.02563503095,,,1,0.5,roc_auc/calibration undefined: one observed class; average_precision/recall/precision/f1 undefined: no positives
weighted_svc,S2,7,2019,held_out_season,120,0,0,0,46,74,0,,0,0.6166666667,0,,,,0.001091299204,0.0297721742,,,0.6166666667,0.02880608028,roc_auc/calibration undefined: one observed class; average_precision/recall/precision/f1 undefined: no positives
weighted_svc,S2,7,2019,held_out_season_threshold_0.5,120,0,0,0,0,120,0,,,1,,,,,0.001091299204,0.0297721742,,,1,0.5,roc_auc/calibration undefined: one observed class; average_precision/recall/precision/f1 undefined: no positives
weighted_svc,S2,7,2020,held_out_season,120,0,0,0,41,79,0,,0,0.6583333333,0,,,,0.000845788359,0.02618364479,,,0.6583333333,0.02724468897,roc_auc/calibration undefined: one observed class; average_precision/recall/precision/f1 undefined: no positives
weighted_svc,S2,7,2020,held_out_season_threshold_0.5,120,0,0,0,0,120,0,,,1,,,,,0.000845788359,0.02618364479,,,1,0.5,roc_auc/calibration undefined: one observed class; average_precision/recall/precision/f1 undefined: no positives
weighted_svc,S2,7,2021,held_out_season,120,6,0.05,5,51,63,1,0.8333333333,0.08928571429,0.5526315789,0.1612903226,0.6929824561,0.126462642,0.7616959064,0.04733213237,0.1944938271,3.224019499,1.727336308,0.5666666667,0.02386015232,
weighted_svc,S2,7,2021,held_out_season_threshold_0.5,120,6,0.05,0,0,114,6,0,,1,0,0.5,0.126462642,0.7616959064,0.04733213237,0.1944938271,3.224019499,1.727336308,0.95,0.5,
weighted_svc,S2,7,2022,held_out_season,120,0,0,0,47,73,0,,0,0.6083333333,0,,,,0.002683250141,0.03640638607,,,0.6083333333,0.02362930943,roc_auc/calibration undefined: one observed class; average_precision/recall/precision/f1 undefined: no positives
weighted_svc,S2,7,2022,held_out_season_threshold_0.5,120,0,0,0,0,120,0,,,1,,,,,0.002683250141,0.03640638607,,,1,0.5,roc_auc/calibration undefined: one observed class; average_precision/recall/precision/f1 undefined: no positives
weighted_svc,S2,7,2023,held_out_season,120,22,0.1833333333,8,43,55,14,0.3636363636,0.1568627451,0.5612244898,0.2191780822,0.4624304267,0.1976943991,0.4916512059,0.1793947939,0.9231278072,-1.674251865,-0.03650447186,0.525,0.01092651513,
weighted_svc,S2,7,2023,held_out_season_threshold_0.5,120,22,0.1833333333,0,0,98,22,0,,1,0,0.5,0.1976943991,0.4916512059,0.1793947939,0.9231278072,-1.674251865,-0.03650447186,0.8166666667,0.5,
weighted_svc,S2,7,2024,held_out_season,120,16,0.1333333333,16,45,59,0,1,0.262295082,0.5673076923,0.4155844156,0.7836538462,0.6115498719,0.9050480769,0.1089914317,0.3424677882,6.550415466,3.202352074,0.625,0.04124598781,
weighted_svc,S2,7,2024,held_out_season_threshold_0.5,120,16,0.1333333333,0,0,104,16,0,,1,0,0.5,0.6115498719,0.9050480769,0.1089914317,0.3424677882,6.550415466,3.202352074,0.8666666667,0.5,
xgboost,S1,1,2014,held_out_season,120,9,0.075,8,26,85,1,0.8888888889,0.2352941176,0.7657657658,0.3720930233,0.8273273273,0.434476173,0.9049049049,0.05522049927,0.1894662318,0.03441111995,0.7700539564,0.775,0.0237137746,
xgboost,S1,1,2014,held_out_season_threshold_0.5,120,9,0.075,0,0,111,9,0,,1,0,0.5,0.434476173,0.9049049049,0.05522049927,0.1894662318,0.03441111995,0.7700539564,0.925,0.5,
xgboost,S1,1,2015,held_out_season,120,0,0,0,20,100,0,,0,0.8333333333,0,,,,0.0001639815799,0.01074279569,,,0.8333333333,0.01525632944,roc_auc/calibration undefined: one observed class; average_precision/recall/precision/f1 undefined: no positives
xgboost,S1,1,2015,held_out_season_threshold_0.5,120,0,0,0,0,120,0,,,1,,,,,0.0001639815799,0.01074279569,,,1,0.5,roc_auc/calibration undefined: one observed class; average_precision/recall/precision/f1 undefined: no positives
xgboost,S1,1,2016,held_out_season,120,3,0.025,3,39,78,0,1,0.07142857143,0.6666666667,0.1333333333,0.8333333333,0.4754901961,0.943019943,0.03198227165,0.1046930744,-1.429112503,1.092026614,0.675,0.01718953736,
xgboost,S1,1,2016,held_out_season_threshold_0.5,120,3,0.025,1,5,112,2,0.3333333333,0.1666666667,0.9572649573,0.2222222222,0.6452991453,0.4754901961,0.943019943,0.03198227165,0.1046930744,-1.429112503,1.092026614,0.9416666667,0.5,
xgboost,S1,1,2017,held_out_season,120,0,0,0,0,120,0,,,1,,,,,3.003223498e-05,0.004032087663,,,1,0.04114238162,roc_auc/calibration undefined: one observed class; average_precision/recall/precision/f1 undefined: no positives
xgboost,S1,1,2017,held_out_season_threshold_0.5,120,0,0,0,0,120,0,,,1,,,,,3.003223498e-05,0.004032087663,,,1,0.5,roc_auc/calibration undefined: one observed class; average_precision/recall/precision/f1 undefined: no positives
xgboost,S1,1,2018,held_out_season,120,0,0,0,0,120,0,,,1,,,,,2.636811519e-05,0.00340577009,,,1,0.03530356853,roc_auc/calibration undefined: one observed class; average_precision/recall/precision/f1 undefined: no positives
xgboost,S1,1,2018,held_out_season_threshold_0.5,120,0,0,0,0,120,0,,,1,,,,,2.636811519e-05,0.00340577009,,,1,0.5,roc_auc/calibration undefined: one observed class; average_precision/recall/precision/f1 undefined: no positives
xgboost,S1,1,2019,held_out_season,120,0,0,0,33,87,0,,0,0.725,0,,,,0.005966523411,0.03846312441,,,0.725,0.02182030204,roc_auc/calibration undefined: one observed class; average_precision/recall/precision/f1 undefined: no positives
xgboost,S1,1,2019,held_out_season_threshold_0.5,120,0,0,0,0,120,0,,,1,,,,,0.005966523411,0.03846312441,,,1,0.5,roc_auc/calibration undefined: one observed class; average_precision/recall/precision/f1 undefined: no positives
xgboost,S1,1,2020,held_out_season,120,0,0,0,14,106,0,,0,0.8833333333,0,,,,0.0005856258485,0.01488504195,,,0.8833333333,0.02434303376,roc_auc/calibration undefined: one observed class; average_precision/recall/precision/f1 undefined: no positives
xgboost,S1,1,2020,held_out_season_threshold_0.5,120,0,0,0,0,120,0,,,1,,,,,0.0005856258485,0.01488504195,,,1,0.5,roc_auc/calibration undefined: one observed class; average_precision/recall/precision/f1 undefined: no positives
xgboost,S1,1,2021,held_out_season,120,6,0.05,4,31,83,2,0.6666666667,0.1142857143,0.7280701754,0.1951219512,0.6973684211,0.1613101085,0.8026315789,0.04751041536,0.1938098533,-0.5628487501,0.5520279929,0.725,0.01538539072,
xgboost,S1,1,2021,held_out_season_threshold_0.5,120,6,0.05,0,0,114,6,0,,1,0,0.5,0.1613101085,0.8026315789,0.04751041536,0.1938098533,-0.5628487501,0.5520279929,0.95,0.5,
xgboost,S1,1,2022,held_out_season,120,0,0,0,32,88,0,,0,0.7333333333,0,,,,0.002063596145,0.02368359692,,,0.7333333333,0.0150736805,roc_auc/calibration undefined: one observed class; average_precision/recall/precision/f1 undefined: no positives
xgboost,S1,1,2022,held_out_season_threshold_0.5,120,0,0,0,0,120,0,,,1,,,,,0.002063596145,0.02368359692,,,1,0.5,roc_auc/calibration undefined: one observed class; average_precision/recall/precision/f1 undefined: no positives
xgboost,S1,1,2023,held_out_season,120,22,0.1833333333,20,21,77,2,0.9090909091,0.487804878,0.7857142857,0.6349206349,0.8474025974,0.5603342112,0.8933209647,0.1566787099,0.5395512828,2.378244845,0.9635960006,0.8083333333,0.01663754178,
xgboost,S1,1,2023,held_out_season_threshold_0.5,120,22,0.1833333333,0,0,98,22,0,,1,0,0.5,0.5603342112,0.8933209647,0.1566787099,0.5395512828,2.378244845,0.9635960006,0.8166666667,0.5,
xgboost,S1,1,2024,held_out_season,120,16,0.1333333333,15,31,73,1,0.9375,0.3260869565,0.7019230769,0.4838709677,0.8197115385,0.4866015532,0.8972355769,0.08444217104,0.2570130681,0.5664228106,1.128310046,0.7333333333,0.03806720665,
xgboost,S1,1,2024,held_out_season_threshold_0.5,120,16,0.1333333333,1,1,103,15,0.0625,0.5,0.9903846154,0.1111111111,0.5264423077,0.4866015532,0.8972355769,0.08444217104,0.2570130681,0.5664228106,1.128310046,0.8666666667,0.5,
xgboost,S1,3,2014,held_out_season,120,9,0.075,6,28,83,3,0.6666666667,0.1764705882,0.7477477477,0.2790697674,0.7072072072,0.3789805148,0.8078078078,0.06666710729,0.2691506094,1.344617902,0.9103806506,0.7416666667,0.01409998716,
xgboost,S1,3,2014,held_out_season_threshold_0.5,120,9,0.075,0,0,111,9,0,,1,0,0.5,0.3789805148,0.8078078078,0.06666710729,0.2691506094,1.344617902,0.9103806506,0.925,0.5,
xgboost,S1,3,2015,held_out_season,120,0,0,0,45,75,0,,0,0.625,0,,,,0.001098443735,0.02638412748,,,0.625,0.02426191952,roc_auc/calibration undefined: one observed class; average_precision/recall/precision/f1 undefined: no positives
xgboost,S1,3,2015,held_out_season_threshold_0.5,120,0,0,0,0,120,0,,,1,,,,,0.001098443735,0.02638412748,,,1,0.5,roc_auc/calibration undefined: one observed class; average_precision/recall/precision/f1 undefined: no positives
xgboost,S1,3,2016,held_out_season,120,3,0.025,3,38,79,0,1,0.07317073171,0.6752136752,0.1363636364,0.8376068376,0.4027777778,0.9743589744,0.02270912897,0.08766289562,1.915967993,4.29595783,0.6833333333,0.02028473202,
xgboost,S1,3,2016,held_out_season_threshold_0.5,120,3,0.025,0,0,117,3,0,,1,0,0.5,0.4027777778,0.9743589744,0.02270912897,0.08766289562,1.915967993,4.29595783,0.975,0.5,
xgboost,S1,3,2017,held_out_season,120,0,0,0,7,113,0,,0,0.9416666667,0,,,,0.0002959344618,0.008771180079,,,0.9416666667,0.02537128095,roc_auc/calibration undefined: one observed class; average_precision/recall/precision/f1 undefined: no positives
xgboost,S1,3,2017,held_out_season_threshold_0.5,120,0,0,0,0,120,0,,,1,,,,,0.0002959344618,0.008771180079,,,1,0.5,roc_auc/calibration undefined: one observed class; average_precision/recall/precision/f1 undefined: no positives
xgboost,S1,3,2018,held_out_season,120,0,0,0,10,110,0,,0,0.9166666667,0,,,,0.000262489616,0.01020476545,,,0.9166666667,0.0234611792,roc_auc/calibration undefined: one observed class; average_precision/recall/precision/f1 undefined: no positives
xgboost,S1,3,2018,held_out_season_threshold_0.5,120,0,0,0,0,120,0,,,1,,,,,0.000262489616,0.01020476545,,,1,0.5,roc_auc/calibration undefined: one observed class; average_precision/recall/precision/f1 undefined: no positives
xgboost,S1,3,2019,held_out_season,120,0,0,0,57,63,0,,0,0.525,0,,,,0.002591088465,0.02911142802,,,0.525,0.01467706283,roc_auc/calibration undefined: one observed class; average_precision/recall/precision/f1 undefined: no positives
xgboost,S1,3,2019,held_out_season_threshold_0.5,120,0,0,0,0,120,0,,,1,,,,,0.002591088465,0.02911142802,,,1,0.5,roc_auc/calibration undefined: one observed class; average_precision/recall/precision/f1 undefined: no positives
xgboost,S1,3,2020,held_out_season,120,0,0,0,30,90,0,,0,0.75,0,,,,0.001100573302,0.02034307783,,,0.75,0.01802877737,roc_auc/calibration undefined: one observed class; average_precision/recall/precision/f1 undefined: no positives
xgboost,S1,3,2020,held_out_season_threshold_0.5,120,0,0,0,0,120,0,,,1,,,,,0.001100573302,0.02034307783,,,1,0.5,roc_auc/calibration undefined: one observed class; average_precision/recall/precision/f1 undefined: no positives
xgboost,S1,3,2021,held_out_season,120,6,0.05,5,29,85,1,0.8333333333,0.1470588235,0.7456140351,0.25,0.7894736842,0.2797453704,0.8786549708,0.04393425913,0.163544189,0.6936617933,0.9434305022,0.75,0.01733113685,
xgboost,S1,3,2021,held_out_season_threshold_0.5,120,6,0.05,0,0,114,6,0,,1,0,0.5,0.2797453704,0.8786549708,0.04393425913,0.163544189,0.6936617933,0.9434305022,0.95,0.5,
xgboost,S1,3,2022,held_out_season,120,0,0,0,35,85,0,,0,0.7083333333,0,,,,0.003154950206,0.03000655226,,,0.7083333333,0.02150659841,roc_auc/calibration undefined: one observed class; average_precision/recall/precision/f1 undefined: no positives
xgboost,S1,3,2022,held_out_season_threshold_0.5,120,0,0,0,0,120,0,,,1,,,,,0.003154950206,0.03000655226,,,1,0.5,roc_auc/calibration undefined: one observed class; average_precision/recall/precision/f1 undefined: no positives
xgboost,S1,3,2023,held_out_season,120,22,0.1833333333,12,25,73,10,0.5454545455,0.3243243243,0.7448979592,0.406779661,0.6451762523,0.306522524,0.7527829314,0.1791464505,0.8860620761,0.3085148422,0.3273403226,0.7083333333,0.009834664922,
xgboost,S1,3,2023,held_out_season_threshold_0.5,120,22,0.1833333333,0,0,98,22,0,,1,0,0.5,0.306522524,0.7527829314,0.1791464505,0.8860620761,0.3085148422,0.3273403226,0.8166666667,0.5,
xgboost,S1,3,2024,held_out_season,120,16,0.1333333333,16,80,24,0,1,0.1666666667,0.2307692308,0.2857142857,0.6153846154,0.54998386,0.8912259615,0.1034869772,0.3236295753,3.001453887,1.903813259,0.3333333333,0.01611016313,
xgboost,S1,3,2024,held_out_season_threshold_0.5,120,16,0.1333333333,0,0,104,16,0,,1,0,0.5,0.54998386,0.8912259615,0.1034869772,0.3236295753,3.001453887,1.903813259,0.8666666667,0.5,
xgboost,S1,7,2014,held_out_season,120,9,0.075,7,37,74,2,0.7777777778,0.1590909091,0.6666666667,0.2641509434,0.7222222222,0.1971969282,0.6816816817,0.07103582086,0.3239023813,0.3391717329,0.6134340659,0.675,0.009983205785,
xgboost,S1,7,2014,held_out_season_threshold_0.5,120,9,0.075,0,0,111,9,0,,1,0,0.5,0.1971969282,0.6816816817,0.07103582086,0.3239023813,0.3391717329,0.6134340659,0.925,0.5,
xgboost,S1,7,2015,held_out_season,120,0,0,0,50,70,0,,0,0.5833333333,0,,,,0.001206566423,0.0273201454,,,0.5833333333,0.02028794052,roc_auc/calibration undefined: one observed class; average_precision/recall/precision/f1 undefined: no positives
xgboost,S1,7,2015,held_out_season_threshold_0.5,120,0,0,0,0,120,0,,,1,,,,,0.001206566423,0.0273201454,,,1,0.5,roc_auc/calibration undefined: one observed class; average_precision/recall/precision/f1 undefined: no positives
xgboost,S1,7,2016,held_out_season,120,3,0.025,3,47,70,0,1,0.06,0.5982905983,0.1132075472,0.7991452991,0.2861952862,0.9230769231,0.0221743065,0.09157145424,2.037495877,2.070404704,0.6083333333,0.02273378602,
xgboost,S1,7,2016,held_out_season_threshold_0.5,120,3,0.025,0,0,117,3,0,,1,0,0.5,0.2861952862,0.9230769231,0.0221743065,0.09157145424,2.037495877,2.070404704,0.975,0.5,
xgboost,S1,7,2017,held_out_season,120,0,0,0,14,106,0,,0,0.8833333333,0,,,,0.00054528254,0.01284281163,,,0.8833333333,0.01893896899,roc_auc/calibration undefined: one observed class; average_precision/recall/precision/f1 undefined: no positives
xgboost,S1,7,2017,held_out_season_threshold_0.5,120,0,0,0,0,120,0,,,1,,,,,0.00054528254,0.01284281163,,,1,0.5,roc_auc/calibration undefined: one observed class; average_precision/recall/precision/f1 undefined: no positives
xgboost,S1,7,2018,held_out_season,120,0,0,0,26,94,0,,0,0.7833333333,0,,,,0.0006571622473,0.01820396447,,,0.7833333333,0.0216151878,roc_auc/calibration undefined: one observed class; average_precision/recall/precision/f1 undefined: no positives
xgboost,S1,7,2018,held_out_season_threshold_0.5,120,0,0,0,0,120,0,,,1,,,,,0.0006571622473,0.01820396447,,,1,0.5,roc_auc/calibration undefined: one observed class; average_precision/recall/precision/f1 undefined: no positives
xgboost,S1,7,2019,held_out_season,120,0,0,0,42,78,0,,0,0.65,0,,,,0.001542789469,0.02949679455,,,0.65,0.03195367275,roc_auc/calibration undefined: one observed class; average_precision/recall/precision/f1 undefined: no positives
xgboost,S1,7,2019,held_out_season_threshold_0.5,120,0,0,0,0,120,0,,,1,,,,,0.001542789469,0.02949679455,,,1,0.5,roc_auc/calibration undefined: one observed class; average_precision/recall/precision/f1 undefined: no positives
xgboost,S1,7,2020,held_out_season,120,0,0,0,86,34,0,,0,0.2833333333,0,,,,0.002276575965,0.0317779143,,,0.2833333333,0.01316336786,roc_auc/calibration undefined: one observed class; average_precision/recall/precision/f1 undefined: no positives
xgboost,S1,7,2020,held_out_season_threshold_0.5,120,0,0,0,0,120,0,,,1,,,,,0.002276575965,0.0317779143,,,1,0.5,roc_auc/calibration undefined: one observed class; average_precision/recall/precision/f1 undefined: no positives
xgboost,S1,7,2021,held_out_season,120,6,0.05,6,35,79,0,1,0.1463414634,0.6929824561,0.2553191489,0.8464912281,0.1599478426,0.8055555556,0.04580758483,0.170554391,0.9567991712,1.088138888,0.7083333333,0.02969709358,
xgboost,S1,7,2021,held_out_season_threshold_0.5,120,6,0.05,0,0,114,6,0,,1,0,0.5,0.1599478426,0.8055555556,0.04580758483,0.170554391,0.9567991712,1.088138888,0.95,0.5,
xgboost,S1,7,2022,held_out_season,120,0,0,0,40,80,0,,0,0.6666666667,0,,,,0.004039726704,0.03680572044,,,0.6666666667,0.02638817153,roc_auc/calibration undefined: one observed class; average_precision/recall/precision/f1 undefined: no positives
xgboost,S1,7,2022,held_out_season_threshold_0.5,120,0,0,0,0,120,0,,,1,,,,,0.004039726704,0.03680572044,,,1,0.5,roc_auc/calibration undefined: one observed class; average_precision/recall/precision/f1 undefined: no positives
xgboost,S1,7,2023,held_out_season,120,22,0.1833333333,9,25,73,13,0.4090909091,0.2647058824,0.7448979592,0.3214285714,0.5769944341,0.2888352145,0.5626159555,0.1783564898,1.018882614,-0.8158192001,0.1194781232,0.6833333333,0.009275986171,
xgboost,S1,7,2023,held_out_season_threshold_0.5,120,22,0.1833333333,0,0,98,22,0,,1,0,0.5,0.2888352145,0.5626159555,0.1783564898,1.018882614,-0.8158192001,0.1194781232,0.8166666667,0.5,
xgboost,S1,7,2024,held_out_season,120,16,0.1333333333,16,55,49,0,1,0.2253521127,0.4711538462,0.367816092,0.7355769231,0.5373668948,0.8497596154,0.110956059,0.3727942334,4.538630765,2.205143115,0.5416666667,0.03018175132,
xgboost,S1,7,2024,held_out_season_threshold_0.5,120,16,0.1333333333,0,0,104,16,0,,1,0,0.5,0.5373668948,0.8497596154,0.110956059,0.3727942334,4.538630765,2.205143115,0.8666666667,0.5,
xgboost,S2,1,2014,held_out_season,120,9,0.075,8,26,85,1,0.8888888889,0.2352941176,0.7657657658,0.3720930233,0.8273273273,0.6403914345,0.9149149149,0.05430166435,0.1837836346,1.607595215,1.270115693,0.775,0.02354311311,
xgboost,S2,1,2014,held_out_season_threshold_0.5,120,9,0.075,0,0,111,9,0,,1,0,0.5,0.6403914345,0.9149149149,0.05430166435,0.1837836346,1.607595215,1.270115693,0.925,0.5,
xgboost,S2,1,2015,held_out_season,120,0,0,0,26,94,0,,0,0.7833333333,0,,,,0.0004086210179,0.01474800752,,,0.7833333333,0.01744897897,roc_auc/calibration undefined: one observed class; average_precision/recall/precision/f1 undefined: no positives
xgboost,S2,1,2015,held_out_season_threshold_0.5,120,0,0,0,0,120,0,,,1,,,,,0.0004086210179,0.01474800752,,,1,0.5,roc_auc/calibration undefined: one observed class; average_precision/recall/precision/f1 undefined: no positives
xgboost,S2,1,2016,held_out_season,120,3,0.025,3,30,87,0,1,0.09090909091,0.7435897436,0.1666666667,0.8717948718,0.5916666667,0.9772079772,0.01774590938,0.06423692199,-0.4240471746,1.490114013,0.75,0.01735781577,
xgboost,S2,1,2016,held_out_season_threshold_0.5,120,3,0.025,1,2,115,2,0.3333333333,0.3333333333,0.9829059829,0.3333333333,0.6581196581,0.5916666667,0.9772079772,0.01774590938,0.06423692199,-0.4240471746,1.490114013,0.9666666667,0.5,
xgboost,S2,1,2017,held_out_season,120,0,0,0,3,117,0,,0,0.975,0,,,,4.160890119e-05,0.005220849238,,,0.975,0.01816110413,roc_auc/calibration undefined: one observed class; average_precision/recall/precision/f1 undefined: no positives
xgboost,S2,1,2017,held_out_season_threshold_0.5,120,0,0,0,0,120,0,,,1,,,,,4.160890119e-05,0.005220849238,,,1,0.5,roc_auc/calibration undefined: one observed class; average_precision/recall/precision/f1 undefined: no positives
xgboost,S2,1,2018,held_out_season,120,0,0,0,0,120,0,,,1,,,,,1.536825995e-05,0.002970685697,,,1,0.02788403879,roc_auc/calibration undefined: one observed class; average_precision/recall/precision/f1 undefined: no positives
xgboost,S2,1,2018,held_out_season_threshold_0.5,120,0,0,0,0,120,0,,,1,,,,,1.536825995e-05,0.002970685697,,,1,0.5,roc_auc/calibration undefined: one observed class; average_precision/recall/precision/f1 undefined: no positives
xgboost,S2,1,2019,held_out_season,120,0,0,0,30,90,0,,0,0.75,0,,,,0.007797288137,0.04261295497,,,0.75,0.02604767798,roc_auc/calibration undefined: one observed class; average_precision/recall/precision/f1 undefined: no positives
xgboost,S2,1,2019,held_out_season_threshold_0.5,120,0,0,0,1,119,0,,0,0.9916666667,0,,,,0.007797288137,0.04261295497,,,0.9916666667,0.5,roc_auc/calibration undefined: one observed class; average_precision/recall/precision/f1 undefined: no positives
xgboost,S2,1,2020,held_out_season,120,0,0,0,19,101,0,,0,0.8416666667,0,,,,0.001027354441,0.01588273603,,,0.8416666667,0.02079113909,roc_auc/calibration undefined: one observed class; average_precision/recall/precision/f1 undefined: no positives
xgboost,S2,1,2020,held_out_season_threshold_0.5,120,0,0,0,0,120,0,,,1,,,,,0.001027354441,0.01588273603,,,1,0.5,roc_auc/calibration undefined: one observed class; average_precision/recall/precision/f1 undefined: no positives
xgboost,S2,1,2021,held_out_season,120,6,0.05,6,37,77,0,1,0.1395348837,0.6754385965,0.2448979592,0.8377192982,0.140978924,0.8026315789,0.04877365917,0.189254386,-0.8999334254,0.5621204172,0.6916666667,0.009779965221,
xgboost,S2,1,2021,held_out_season_threshold_0.5,120,6,0.05,0,0,114,6,0,,1,0,0.5,0.140978924,0.8026315789,0.04877365917,0.189254386,-0.8999334254,0.5621204172,0.95,0.5,
xgboost,S2,1,2022,held_out_season,120,0,0,0,17,103,0,,0,0.8583333333,0,,,,0.001577969117,0.01691562806,,,0.8583333333,0.03012381009,roc_auc/calibration undefined: one observed class; average_precision/recall/precision/f1 undefined: no positives
xgboost,S2,1,2022,held_out_season_threshold_0.5,120,0,0,0,0,120,0,,,1,,,,,0.001577969117,0.01691562806,,,1,0.5,roc_auc/calibration undefined: one observed class; average_precision/recall/precision/f1 undefined: no positives
xgboost,S2,1,2023,held_out_season,120,22,0.1833333333,20,28,70,2,0.9090909091,0.4166666667,0.7142857143,0.5714285714,0.8116883117,0.6214482204,0.8852040816,0.1391566592,0.4727460121,1.085245289,0.67199106,0.75,0.005539413763,
xgboost,S2,1,2023,held_out_season_threshold_0.5,120,22,0.1833333333,0,0,98,22,0,,1,0,0.5,0.6214482204,0.8852040816,0.1391566592,0.4727460121,1.085245289,0.67199106,0.8166666667,0.5,
xgboost,S2,1,2024,held_out_season,120,16,0.1333333333,15,27,77,1,0.9375,0.3571428571,0.7403846154,0.5172413793,0.8389423077,0.6279022234,0.9032451923,0.06985590784,0.2336702782,0.4739326965,0.9510064937,0.7666666667,0.02563865386,
xgboost,S2,1,2024,held_out_season_threshold_0.5,120,16,0.1333333333,6,3,101,10,0.375,0.6666666667,0.9711538462,0.48,0.6730769231,0.6279022234,0.9032451923,0.06985590784,0.2336702782,0.4739326965,0.9510064937,0.8916666667,0.5,
xgboost,S2,3,2014,held_out_season,120,9,0.075,8,34,77,1,0.8888888889,0.1904761905,0.6936936937,0.3137254902,0.7912912913,0.2740004888,0.8198198198,0.06896863941,0.2653713908,2.318253017,1.256854472,0.7083333333,0.01568634688,
xgboost,S2,3,2014,held_out_season_threshold_0.5,120,9,0.075,0,0,111,9,0,,1,0,0.5,0.2740004888,0.8198198198,0.06896863941,0.2653713908,2.318253017,1.256854472,0.925,0.5,
xgboost,S2,3,2015,held_out_season,120,0,0,0,26,94,0,,0,0.7833333333,0,,,,0.0006311644116,0.0230987826,,,0.7833333333,0.02748014748,roc_auc/calibration undefined: one observed class; average_precision/recall/precision/f1 undefined: no positives
xgboost,S2,3,2015,held_out_season_threshold_0.5,120,0,0,0,0,120,0,,,1,,,,,0.0006311644116,0.0230987826,,,1,0.5,roc_auc/calibration undefined: one observed class; average_precision/recall/precision/f1 undefined: no positives
xgboost,S2,3,2016,held_out_season,120,3,0.025,3,76,41,0,1,0.03797468354,0.3504273504,0.07317073171,0.6752136752,0.2316498316,0.9458689459,0.02241023013,0.08879577291,1.815136005,1.777302887,0.3666666667,0.01365197131,
xgboost,S2,3,2016,held_out_season_threshold_0.5,120,3,0.025,0,0,117,3,0,,1,0,0.5,0.2316498316,0.9458689459,0.02241023013,0.08879577291,1.815136005,1.777302887,0.975,0.5,
xgboost,S2,3,2017,held_out_season,120,0,0,0,45,75,0,,0,0.625,0,,,,0.0002604772531,0.01349701408,,,0.625,0.01410716824,roc_auc/calibration undefined: one observed class; average_precision/recall/precision/f1 undefined: no positives
xgboost,S2,3,2017,held_out_season_threshold_0.5,120,0,0,0,0,120,0,,,1,,,,,0.0002604772531,0.01349701408,,,1,0.5,roc_auc/calibration undefined: one observed class; average_precision/recall/precision/f1 undefined: no positives
xgboost,S2,3,2018,held_out_season,120,0,0,0,3,117,0,,0,0.975,0,,,,0.0002368819404,0.01068637438,,,0.975,0.04388581151,roc_auc/calibration undefined: one observed class; average_precision/recall/precision/f1 undefined: no positives
xgboost,S2,3,2018,held_out_season_threshold_0.5,120,0,0,0,0,120,0,,,1,,,,,0.0002368819404,0.01068637438,,,1,0.5,roc_auc/calibration undefined: one observed class; average_precision/recall/precision/f1 undefined: no positives
xgboost,S2,3,2019,held_out_season,120,0,0,0,47,73,0,,0,0.6083333333,0,,,,0.003435639669,0.03889976601,,,0.6083333333,0.02665912027,roc_auc/calibration undefined: one observed class; average_precision/recall/precision/f1 undefined: no positives
xgboost,S2,3,2019,held_out_season_threshold_0.5,120,0,0,0,0,120,0,,,1,,,,,0.003435639669,0.03889976601,,,1,0.5,roc_auc/calibration undefined: one observed class; average_precision/recall/precision/f1 undefined: no positives
xgboost,S2,3,2020,held_out_season,120,0,0,0,44,76,0,,0,0.6333333333,0,,,,0.001052916225,0.02401113038,,,0.6333333333,0.01885720561,roc_auc/calibration undefined: one observed class; average_precision/recall/precision/f1 undefined: no positives
xgboost,S2,3,2020,held_out_season_threshold_0.5,120,0,0,0,0,120,0,,,1,,,,,0.001052916225,0.02401113038,,,1,0.5,roc_auc/calibration undefined: one observed class; average_precision/recall/precision/f1 undefined: no positives
xgboost,S2,3,2021,held_out_season,120,6,0.05,6,62,52,0,1,0.08823529412,0.4561403509,0.1621621622,0.7280701754,0.1604106035,0.8011695906,0.04515207097,0.1626401265,0.5329075545,1.157545172,0.4833333333,0.01019041107,
xgboost,S2,3,2021,held_out_season_threshold_0.5,120,6,0.05,0,0,114,6,0,,1,0,0.5,0.1604106035,0.8011695906,0.04515207097,0.1626401265,0.5329075545,1.157545172,0.95,0.5,
xgboost,S2,3,2022,held_out_season,120,0,0,0,46,74,0,,0,0.6166666667,0,,,,0.006239868465,0.03859359808,,,0.6166666667,0.01141937558,roc_auc/calibration undefined: one observed class; average_precision/recall/precision/f1 undefined: no positives
xgboost,S2,3,2022,held_out_season_threshold_0.5,120,0,0,0,0,120,0,,,1,,,,,0.006239868465,0.03859359808,,,1,0.5,roc_auc/calibration undefined: one observed class; average_precision/recall/precision/f1 undefined: no positives
xgboost,S2,3,2023,held_out_season,120,22,0.1833333333,10,23,75,12,0.4545454545,0.303030303,0.7653061224,0.3636363636,0.6099257885,0.3425106051,0.7374768089,0.1699235832,0.7445687822,0.3965930676,0.3992085634,0.7083333333,0.03359171091,
xgboost,S2,3,2023,held_out_season_threshold_0.5,120,22,0.1833333333,0,0,98,22,0,,1,0,0.5,0.3425106051,0.7374768089,0.1699235832,0.7445687822,0.3965930676,0.3992085634,0.8166666667,0.5,
xgboost,S2,3,2024,held_out_season,120,16,0.1333333333,16,36,68,0,1,0.3076923077,0.6538461538,0.4705882353,0.8269230769,0.3751798197,0.8581730769,0.1036862149,0.3188468633,0.8631983171,1.045489016,0.7,0.03760041015,
xgboost,S2,3,2024,held_out_season_threshold_0.5,120,16,0.1333333333,0,0,104,16,0,,1,0,0.5,0.3751798197,0.8581730769,0.1036862149,0.3188468633,0.8631983171,1.045489016,0.8666666667,0.5,
xgboost,S2,7,2014,held_out_season,120,9,0.075,5,43,68,4,0.5555555556,0.1041666667,0.6126126126,0.1754385965,0.5840840841,0.1803017433,0.6576576577,0.07054094269,0.2963946208,0.6604269661,0.8051026986,0.6083333333,0.01561786103,
xgboost,S2,7,2014,held_out_season_threshold_0.5,120,9,0.075,0,0,111,9,0,,1,0,0.5,0.1803017433,0.6576576577,0.07054094269,0.2963946208,0.6604269661,0.8051026986,0.925,0.5,
xgboost,S2,7,2015,held_out_season,120,0,0,0,61,59,0,,0,0.4916666667,0,,,,0.0007360585144,0.02518600217,,,0.4916666667,0.0209304956,roc_auc/calibration undefined: one observed class; average_precision/recall/precision/f1 undefined: no positives
xgboost,S2,7,2015,held_out_season_threshold_0.5,120,0,0,0,0,120,0,,,1,,,,,0.0007360585144,0.02518600217,,,1,0.5,roc_auc/calibration undefined: one observed class; average_precision/recall/precision/f1 undefined: no positives
xgboost,S2,7,2016,held_out_season,120,3,0.025,1,28,89,2,0.3333333333,0.03448275862,0.7606837607,0.0625,0.547008547,0.04452380952,0.6438746439,0.02501151193,0.1220662262,-3.222590452,0.1115408008,0.75,0.02698077504,
xgboost,S2,7,2016,held_out_season_threshold_0.5,120,3,0.025,0,0,117,3,0,,1,0,0.5,0.04452380952,0.6438746439,0.02501151193,0.1220662262,-3.222590452,0.1115408008,0.975,0.5,
xgboost,S2,7,2017,held_out_season,120,0,0,0,26,94,0,,0,0.7833333333,0,,,,0.0005379741684,0.01778918608,,,0.7833333333,0.02110827458,roc_auc/calibration undefined: one observed class; average_precision/recall/precision/f1 undefined: no positives
xgboost,S2,7,2017,held_out_season_threshold_0.5,120,0,0,0,0,120,0,,,1,,,,,0.0005379741684,0.01778918608,,,1,0.5,roc_auc/calibration undefined: one observed class; average_precision/recall/precision/f1 undefined: no positives
xgboost,S2,7,2018,held_out_season,120,0,0,0,28,92,0,,0,0.7666666667,0,,,,0.0005975475141,0.02056901351,,,0.7666666667,0.0224943873,roc_auc/calibration undefined: one observed class; average_precision/recall/precision/f1 undefined: no positives
xgboost,S2,7,2018,held_out_season_threshold_0.5,120,0,0,0,0,120,0,,,1,,,,,0.0005975475141,0.02056901351,,,1,0.5,roc_auc/calibration undefined: one observed class; average_precision/recall/precision/f1 undefined: no positives
xgboost,S2,7,2019,held_out_season,120,0,0,0,43,77,0,,0,0.6416666667,0,,,,0.001336584886,0.02996912464,,,0.6416666667,0.0277199104,roc_auc/calibration undefined: one observed class; average_precision/recall/precision/f1 undefined: no positives
xgboost,S2,7,2019,held_out_season_threshold_0.5,120,0,0,0,0,120,0,,,1,,,,,0.001336584886,0.02996912464,,,1,0.5,roc_auc/calibration undefined: one observed class; average_precision/recall/precision/f1 undefined: no positives
xgboost,S2,7,2020,held_out_season,120,0,0,0,29,91,0,,0,0.7583333333,0,,,,0.001510895449,0.02774899413,,,0.7583333333,0.02838050831,roc_auc/calibration undefined: one observed class; average_precision/recall/precision/f1 undefined: no positives
xgboost,S2,7,2020,held_out_season_threshold_0.5,120,0,0,0,0,120,0,,,1,,,,,0.001510895449,0.02774899413,,,1,0.5,roc_auc/calibration undefined: one observed class; average_precision/recall/precision/f1 undefined: no positives
xgboost,S2,7,2021,held_out_season,120,6,0.05,6,54,60,0,1,0.1,0.5263157895,0.1818181818,0.7631578947,0.1514907765,0.8143274854,0.04453411124,0.1617673319,3.12923895,2.139996215,0.55,0.01873709486,
xgboost,S2,7,2021,held_out_season_threshold_0.5,120,6,0.05,0,0,114,6,0,,1,0,0.5,0.1514907765,0.8143274854,0.04453411124,0.1617673319,3.12923895,2.139996215,0.95,0.5,
xgboost,S2,7,2022,held_out_season,120,0,0,0,46,74,0,,0,0.6166666667,0,,,,0.001608859089,0.0315064523,,,0.6166666667,0.02947343792,roc_auc/calibration undefined: one observed class; average_precision/recall/precision/f1 undefined: no positives
xgboost,S2,7,2022,held_out_season_threshold_0.5,120,0,0,0,0,120,0,,,1,,,,,0.001608859089,0.0315064523,,,1,0.5,roc_auc/calibration undefined: one observed class; average_precision/recall/precision/f1 undefined: no positives
xgboost,S2,7,2023,held_out_season,120,22,0.1833333333,10,39,59,12,0.4545454545,0.2040816327,0.6020408163,0.2816901408,0.5282931354,0.241300826,0.5584415584,0.175718815,0.85768727,-0.8368566815,0.1393643904,0.575,0.01159661364,
xgboost,S2,7,2023,held_out_season_threshold_0.5,120,22,0.1833333333,0,0,98,22,0,,1,0,0.5,0.241300826,0.5584415584,0.175718815,0.85768727,-0.8368566815,0.1393643904,0.8166666667,0.5,
xgboost,S2,7,2024,held_out_season,120,16,0.1333333333,16,89,15,0,1,0.1523809524,0.1442307692,0.2644628099,0.5721153846,0.6730180872,0.8948317308,0.1097921663,0.3543545819,8.97268255,4.393500631,0.2583333333,0.02678877475,
xgboost,S2,7,2024,held_out_season_threshold_0.5,120,16,0.1333333333,0,0,104,16,0,,1,0,0.5,0.6730180872,0.8948317308,0.1097921663,0.3543545819,8.97268255,4.393500631,0.8666666667,0.5,
always_negative,S0,1,,pooled_strictly_out_of_sample,1320,56,0.04242424242,0,0,1264,56,0,,1,0,0.5,0.04242424242,0.5,0.04242415758,0.5861135267,,,0.9575757576,,
always_negative,S0,3,,pooled_strictly_out_of_sample,1320,56,0.04242424242,0,0,1264,56,0,,1,0,0.5,0.04242424242,0.5,0.04242415758,0.5861135267,,,0.9575757576,,
always_negative,S0,7,,pooled_strictly_out_of_sample,1320,56,0.04242424242,0,0,1264,56,0,,1,0,0.5,0.04242424242,0.5,0.04242415758,0.5861135267,,,0.9575757576,,
balanced_rf,S1,1,,pooled_strictly_out_of_sample,1320,56,0.04242424242,50,219,1045,6,0.8928571429,0.1858736059,0.8267405063,0.3076923077,0.8597988246,0.3070914552,0.9293413766,0.03510991766,0.1216347769,0.250964248,0.8207414081,0.8295454545,,
balanced_rf,S1,3,,pooled_strictly_out_of_sample,1320,56,0.04242424242,39,220,1044,17,0.6964285714,0.1505791506,0.8259493671,0.2476190476,0.7611889693,0.2034425741,0.8291068603,0.03731991026,0.1585743124,-0.5299442039,0.6036391559,0.8204545455,,
balanced_rf,S1,7,,pooled_strictly_out_of_sample,1320,56,0.04242424242,40,357,907,16,0.7142857143,0.1007556675,0.7175632911,0.1766004415,0.7159245027,0.1013932112,0.6941611099,0.04020273555,0.1992763015,-1.886208676,0.2664153073,0.7174242424,,
balanced_rf,S2,1,,pooled_strictly_out_of_sample,1320,56,0.04242424242,50,180,1084,6,0.8928571429,0.2173913043,0.8575949367,0.3496503497,0.8752260398,0.3993165101,0.9335584313,0.0323076851,0.1120953839,0.4370421742,0.9512132866,0.8590909091,,
balanced_rf,S2,3,,pooled_strictly_out_of_sample,1320,56,0.04242424242,44,334,930,12,0.7857142857,0.1164021164,0.7357594937,0.202764977,0.7607368897,0.1741957285,0.8312471745,0.03729197176,0.1497281355,-0.1700198703,0.7675322114,0.7378787879,,
balanced_rf,S2,7,,pooled_strictly_out_of_sample,1320,56,0.04242424242,38,462,802,18,0.6785714286,0.076,0.6344936709,0.1366906475,0.6565325497,0.09006136779,0.6686892518,0.03991072654,0.1815380706,-1.518899883,0.4077227723,0.6363636364,,
logistic,S1,1,,pooled_strictly_out_of_sample,1320,56,0.04242424242,47,178,1086,9,0.8392857143,0.2088888889,0.8591772152,0.334519573,0.8492314647,0.5223115539,0.9265088156,0.02760491083,0.1063710243,-0.1475346285,0.8354784194,0.8583333333,,
logistic,S1,3,,pooled_strictly_out_of_sample,1320,56,0.04242424242,43,269,995,13,0.7678571429,0.1378205128,0.7871835443,0.2336956522,0.7775203436,0.2560121929,0.8490195524,0.03590295694,0.1406316096,-0.1672106992,0.7928459824,0.7863636364,,
logistic,S1,7,,pooled_strictly_out_of_sample,1320,56,0.04242424242,42,333,931,14,0.75,0.112,0.7365506329,0.1948955916,0.7432753165,0.1312005931,0.7606379973,0.03968582418,0.1674757981,-0.7892361696,0.582855495,0.7371212121,,
logistic,S2,1,,pooled_strictly_out_of_sample,1320,56,0.04242424242,52,238,1026,4,0.9285714286,0.1793103448,0.8117088608,0.3005780347,0.8701401447,0.4450625651,0.9173683318,0.03051320518,0.1141229025,-0.3329163084,0.762079391,0.8166666667,,
logistic,S2,3,,pooled_strictly_out_of_sample,1320,56,0.04242424242,43,352,912,13,0.7678571429,0.1088607595,0.7215189873,0.1906873614,0.7446880651,0.1840124494,0.8366721293,0.03808806223,0.146941414,-0.4787503586,0.7113877264,0.7234848485,,
logistic,S2,7,,pooled_strictly_out_of_sample,1320,56,0.04242424242,47,446,818,9,0.8392857143,0.0953346856,0.6471518987,0.1712204007,0.7432188065,0.1213120861,0.7381329114,0.04001422603,0.1679470339,-0.8116135348,0.6161304991,0.6553030303,,
s0_logistic,S0,1,,pooled_strictly_out_of_sample,1320,56,0.04242424242,32,565,699,24,0.5714285714,0.05360134003,0.5530063291,0.09800918836,0.5622174503,0.08651057706,0.671380538,0.04031130999,0.1847653773,-1.915625585,0.3027877661,0.5537878788,,
s0_logistic,S0,3,,pooled_strictly_out_of_sample,1320,56,0.04242424242,32,564,700,24,0.5714285714,0.05369127517,0.5537974684,0.0981595092,0.5626130199,0.08426089416,0.6702220841,0.04038954306,0.1852438145,-1.933680121,0.2973423028,0.5545454545,,
s0_logistic,S0,7,,pooled_strictly_out_of_sample,1320,56,0.04242424242,32,563,701,24,0.5714285714,0.05378151261,0.5545886076,0.09831029186,0.5630085895,0.0855835083,0.6688517179,0.0403351514,0.1857908002,-1.957537909,0.2909640249,0.5553030303,,
seasonal_probability,S0,1,,pooled_strictly_out_of_sample,1320,56,0.04242424242,41,320,944,15,0.7321428571,0.1135734072,0.746835443,0.1966426859,0.7394891501,0.1781355225,0.7519072107,0.0395503111,0.1624834322,0.9455132528,1.099065861,0.7462121212,,
seasonal_probability,S0,3,,pooled_strictly_out_of_sample,1320,56,0.04242424242,41,320,944,15,0.7321428571,0.1135734072,0.746835443,0.1966426859,0.7394891501,0.1781355225,0.7519072107,0.0395503111,0.1624834322,0.9455132528,1.099065861,0.7462121212,,
seasonal_probability,S0,7,,pooled_strictly_out_of_sample,1320,56,0.04242424242,41,320,944,15,0.7321428571,0.1135734072,0.746835443,0.1966426859,0.7394891501,0.1781355225,0.7519072107,0.0395503111,0.1624834322,0.9455132528,1.099065861,0.7462121212,,
temperature_transition,S0,1,,pooled_strictly_out_of_sample,1320,56,0.04242424242,42,243,1021,14,0.75,0.1473684211,0.8077531646,0.2463343109,0.7788765823,0.3569114457,0.9102833974,0.03009790819,0.109970886,0.2429176541,0.9641103574,0.8053030303,,
temperature_transition,S0,3,,pooled_strictly_out_of_sample,1320,56,0.04242424242,40,321,943,16,0.7142857143,0.1108033241,0.7460443038,0.1918465228,0.730165009,0.2081537095,0.8316074254,0.03591145007,0.1397530234,0.2735947631,0.9445759869,0.7446969697,,
temperature_transition,S0,7,,pooled_strictly_out_of_sample,1320,56,0.04242424242,36,345,919,20,0.6428571429,0.09448818898,0.727056962,0.1647597254,0.6849570524,0.153248247,0.7502966772,0.03799669077,0.1586616433,-0.3365405914,0.7445109501,0.7234848485,,
weighted_rf,S1,1,,pooled_strictly_out_of_sample,1320,56,0.04242424242,50,175,1089,6,0.8928571429,0.2222222222,0.8615506329,0.3558718861,0.8772038879,0.2694682832,0.9072530515,0.03592707626,0.1300778264,0.05679591185,0.8002203199,0.8628787879,,
weighted_rf,S1,3,,pooled_strictly_out_of_sample,1320,56,0.04242424242,41,300,964,15,0.7321428571,0.1202346041,0.7626582278,0.2065491184,0.7474005425,0.1504903153,0.8059872288,0.03894736138,0.1681282496,-1.04708015,0.4600453066,0.7613636364,,
weighted_rf,S1,7,,pooled_strictly_out_of_sample,1320,56,0.04242424242,40,301,963,16,0.7142857143,0.1173020528,0.7618670886,0.201511335,0.7380764014,0.1555420529,0.7192585895,0.03881420616,0.1749774309,-0.97701263,0.5225986484,0.7598484848,,
weighted_rf,S2,1,,pooled_strictly_out_of_sample,1320,56,0.04242424242,50,203,1061,6,0.8928571429,0.1976284585,0.8393987342,0.3236245955,0.8661279385,0.376522488,0.9253644892,0.03256417221,0.1155767912,0.4469364191,0.965987908,0.8416666667,,
weighted_rf,S2,3,,pooled_strictly_out_of_sample,1320,56,0.04242424242,50,428,836,6,0.8928571429,0.1046025105,0.6613924051,0.1872659176,0.777124774,0.1857712462,0.8082476266,0.03756421205,0.1528702509,0.0006622565219,0.842523708,0.6712121212,,
weighted_rf,S2,7,,pooled_strictly_out_of_sample,1320,56,0.04242424242,36,352,912,20,0.6428571429,0.09278350515,0.7215189873,0.1621621622,0.6821880651,0.114009244,0.695340755,0.0395139242,0.179106009,-1.439488368,0.4354306394,0.7181818182,,
weighted_svc,S1,1,,pooled_strictly_out_of_sample,1320,56,0.04242424242,40,204,1060,16,0.7142857143,0.1639344262,0.8386075949,0.2666666667,0.7764466546,0.3130027774,0.8818094485,0.03641729755,0.1422605267,-0.4637774445,0.6526946642,0.8333333333,,
weighted_svc,S1,3,,pooled_strictly_out_of_sample,1320,56,0.04242424242,40,263,1001,16,0.7142857143,0.1320132013,0.7919303797,0.2228412256,0.753108047,0.1315786373,0.7624745705,0.0395360797,0.1660382966,-0.5943785956,0.6288831162,0.7886363636,,
weighted_svc,S1,7,,pooled_strictly_out_of_sample,1320,56,0.04242424242,32,332,932,24,0.5714285714,0.08791208791,0.7373417722,0.1523809524,0.6543851718,0.1635153481,0.6410629521,0.03954508793,0.1949443943,-1.770342901,0.3093893233,0.7303030303,,
weighted_svc,S2,1,,pooled_strictly_out_of_sample,1320,56,0.04242424242,43,214,1050,13,0.7678571429,0.1673151751,0.8306962025,0.2747603834,0.7992766727,0.2561953504,0.8758900316,0.03641544443,0.1417425919,-0.3568221913,0.6556060257,0.828030303,,
weighted_svc,S2,3,,pooled_strictly_out_of_sample,1320,56,0.04242424242,46,354,910,10,0.8214285714,0.115,0.7199367089,0.201754386,0.7706826401,0.1317234697,0.784909019,0.03936306233,0.1624357385,-0.663988538,0.6198349957,0.7242424242,,
weighted_svc,S2,7,,pooled_strictly_out_of_sample,1320,56,0.04242424242,39,514,750,17,0.6964285714,0.0705244123,0.5933544304,0.1280788177,0.6448915009,0.1128891288,0.6339144439,0.03972293795,0.1810114396,-1.448317135,0.4373107946,0.5977272727,,
xgboost,S1,1,,pooled_strictly_out_of_sample,1320,56,0.04242424242,50,247,1017,6,0.8928571429,0.1683501684,0.8045886076,0.283286119,0.8487228752,0.2884556373,0.9010934675,0.03497001768,0.1254314479,0.03763546972,0.8923258411,0.8083333333,,
xgboost,S1,3,,pooled_strictly_out_of_sample,1320,56,0.04242424242,42,384,880,14,0.75,0.0985915493,0.6962025316,0.1742738589,0.7231012658,0.1574925974,0.7341065778,0.03858612754,0.1686245888,-0.7125249433,0.6049593636,0.6984848485,,
xgboost,S1,7,,pooled_strictly_out_of_sample,1320,56,0.04242424242,41,457,807,15,0.7321428571,0.08232931727,0.6384493671,0.1480144404,0.6852961121,0.1206129016,0.6175689421,0.03987257857,0.1940138568,-2.093779236,0.2471090377,0.6424242424,,
xgboost,S2,1,,pooled_strictly_out_of_sample,1320,56,0.04242424242,52,243,1021,4,0.9285714286,0.1762711864,0.8077531646,0.2962962963,0.8681622966,0.4268483547,0.9099019552,0.03097290999,0.1129129177,0.3970114662,1.033884953,0.8128787879,,
xgboost,S2,3,,pooled_strictly_out_of_sample,1320,56,0.04242424242,43,442,822,13,0.7678571429,0.08865979381,0.6503164557,0.1589648799,0.7090867993,0.1648724636,0.7768422242,0.03836342606,0.157182691,-0.2200655889,0.802768968,0.6553030303,,
xgboost,S2,7,,pooled_strictly_out_of_sample,1320,56,0.04242424242,38,486,778,18,0.6785714286,0.07251908397,0.6155063291,0.1310344828,0.6470388788,0.2158331346,0.6454848553,0.03926595153,0.1768217094,-1.107417912,0.5439632949,0.6181818182,,
