definition,event_id,start_date,end_date,duration,peak_tmax,mean_tmax,cumulative_excess,maximum_excess,onset_day_of_year,cessation_day_of_year,start_year,start_month,decade
operational_36c_1d,operational_36c_1d_0001,1972-04-23,1972-04-25,3,37.170425,36.673758,2.0212739999999982,1.1704250000000016,114,116,1972,4,1970
operational_36c_1d,operational_36c_1d_0002,1972-05-11,1972-05-11,1,36.150425,36.150425,0.15042499999999848,0.15042499999999848,132,132,1972,5,1970
operational_36c_1d,operational_36c_1d_0003,1972-05-13,1972-05-19,7,37.200424,37.09613971428571,7.6729780000000005,1.2004239999999982,134,140,1972,5,1970
operational_36c_1d,operational_36c_1d_0004,1972-06-12,1972-06-12,1,36.120426,36.120426,0.12042600000000192,0.12042600000000192,164,164,1972,6,1970
operational_36c_1d,operational_36c_1d_0005,1973-03-26,1973-03-26,1,36.440426,36.440426,0.4404260000000022,0.4404260000000022,85,85,1973,3,1970
operational_36c_1d,operational_36c_1d_0006,1973-03-31,1973-04-12,13,38.500423,37.05119461538462,13.665530000000011,2.500422999999998,90,102,1973,3,1970
operational_36c_1d,operational_36c_1d_0007,1973-04-16,1973-04-16,1,36.160423,36.160423,0.16042300000000154,0.16042300000000154,106,106,1973,4,1970
operational_36c_1d,operational_36c_1d_0008,1973-04-19,1973-04-19,1,36.110424,36.110424,0.11042400000000185,0.11042400000000185,109,109,1973,4,1970
operational_36c_1d,operational_36c_1d_0009,1973-04-21,1973-04-21,1,36.360424,36.360424,0.36042400000000185,0.36042400000000185,111,111,1973,4,1970
operational_36c_1d,operational_36c_1d_0010,1975-04-03,1975-04-03,1,36.180424,36.180424,0.18042400000000214,0.18042400000000214,93,93,1975,4,1970
operational_36c_1d,operational_36c_1d_0011,1975-04-07,1975-04-11,5,37.890427,37.1784248,5.892124000000003,1.8904270000000025,97,101,1975,4,1970
operational_36c_1d,operational_36c_1d_0012,1975-04-27,1975-05-03,7,38.290424,37.548996428571435,10.842974999999996,2.2904240000000016,117,123,1975,4,1970
operational_36c_1d,operational_36c_1d_0013,1975-05-06,1975-05-11,6,39.250423,38.17542516666666,13.052551000000001,3.250422999999998,126,131,1975,5,1970
operational_36c_1d,operational_36c_1d_0014,1976-03-21,1976-03-21,1,36.080425,36.080425,0.08042499999999819,0.08042499999999819,81,81,1976,3,1970
operational_36c_1d,operational_36c_1d_0015,1976-03-29,1976-03-30,2,36.470425,36.340425499999995,0.680850999999997,0.47042499999999876,89,90,1976,3,1970
operational_36c_1d,operational_36c_1d_0016,1976-04-07,1976-04-10,4,37.650425,36.815425,3.2616999999999976,1.6504249999999985,98,101,1976,4,1970
operational_36c_1d,operational_36c_1d_0017,1976-04-12,1976-04-18,7,38.160423,36.96471071428572,6.752975000000006,2.1604230000000015,103,109,1976,4,1970
operational_36c_1d,operational_36c_1d_0018,1979-03-25,1979-03-27,3,37.820423,37.01042433333333,3.0312729999999988,1.8204229999999981,84,86,1979,3,1970
operational_36c_1d,operational_36c_1d_0019,1979-03-29,1979-04-05,8,39.240425,37.786675,14.293400000000005,3.240425000000002,88,95,1979,3,1970
operational_36c_1d,operational_36c_1d_0020,1979-04-25,1979-04-26,2,36.440426,36.300424500000005,0.6008490000000037,0.4404260000000022,115,116,1979,4,1970
operational_36c_1d,operational_36c_1d_0021,1979-04-28,1979-04-29,2,36.520424,36.315424,0.6308480000000003,0.5204239999999984,118,119,1979,4,1970
operational_36c_1d,operational_36c_1d_0022,1979-05-18,1979-05-20,3,39.250423,38.423758,7.271273999999998,3.250422999999998,138,140,1979,5,1970
operational_36c_1d,operational_36c_1d_0023,1979-05-24,1979-06-05,13,40.180424,38.83657899999999,36.875527,4.180424000000002,144,156,1979,5,1970
operational_36c_1d,operational_36c_1d_0024,1979-08-13,1979-08-13,1,36.380424,36.380424,0.3804239999999979,0.3804239999999979,225,225,1979,8,1970
operational_36c_1d,operational_36c_1d_0025,1980-03-23,1980-03-23,1,36.500423,36.500423,0.5004229999999978,0.5004229999999978,83,83,1980,3,1980
operational_36c_1d,operational_36c_1d_0026,1980-04-07,1980-04-11,5,38.340424,37.8224242,9.112121000000002,2.3404239999999987,98,102,1980,4,1980
operational_36c_1d,operational_36c_1d_0027,1980-04-13,1980-04-13,1,36.540424,36.540424,0.5404240000000016,0.5404240000000016,104,104,1980,4,1980
operational_36c_1d,operational_36c_1d_0028,1980-04-15,1980-04-16,2,37.330425,36.830425,1.6608499999999964,1.3304249999999982,106,107,1980,4,1980
operational_36c_1d,operational_36c_1d_0029,1982-04-01,1982-04-02,2,36.660423,36.3454245,0.690849,0.6604230000000015,91,92,1982,4,1980
operational_36c_1d,operational_36c_1d_0030,1982-05-24,1982-05-25,2,36.260426,36.145426,0.290852000000001,0.2604260000000025,144,145,1982,5,1980
operational_36c_1d,operational_36c_1d_0031,1984-03-19,1984-03-19,1,36.030426,36.030426,0.03042599999999851,0.03042599999999851,79,79,1984,3,1980
operational_36c_1d,operational_36c_1d_0032,1984-03-31,1984-03-31,1,36.560425,36.560425,0.5604250000000022,0.5604250000000022,91,91,1984,3,1980
operational_36c_1d,operational_36c_1d_0033,1984-04-02,1984-04-02,1,37.160423,37.160423,1.1604230000000015,1.1604230000000015,93,93,1984,4,1980
operational_36c_1d,operational_36c_1d_0034,1984-04-05,1984-04-05,1,36.790424,36.790424,0.7904240000000016,0.7904240000000016,96,96,1984,4,1980
operational_36c_1d,operational_36c_1d_0035,1985-03-13,1985-03-13,1,36.340424,36.340424,0.3404239999999987,0.3404239999999987,72,72,1985,3,1980
operational_36c_1d,operational_36c_1d_0036,1986-03-15,1986-03-15,1,36.520424,36.520424,0.5204239999999984,0.5204239999999984,74,74,1986,3,1980
operational_36c_1d,operational_36c_1d_0037,1986-03-28,1986-03-31,4,37.790424,36.935424499999996,3.7416979999999995,1.7904240000000016,87,90,1986,3,1980
operational_36c_1d,operational_36c_1d_0038,1986-04-16,1986-04-16,1,36.510426,36.510426,0.5104260000000025,0.5104260000000025,106,106,1986,4,1980
operational_36c_1d,operational_36c_1d_0039,1987-03-26,1987-03-26,1,37.170425,37.170425,1.1704250000000016,1.1704250000000016,85,85,1987,3,1980
operational_36c_1d,operational_36c_1d_0040,1987-04-03,1987-04-07,5,37.990425,37.2924248,6.462124000000003,1.9904250000000019,93,97,1987,4,1980
operational_36c_1d,operational_36c_1d_0041,1987-05-18,1987-05-18,1,36.550426,36.550426,0.5504260000000016,0.5504260000000016,138,138,1987,5,1980
operational_36c_1d,operational_36c_1d_0042,1987-05-26,1987-05-27,2,36.060425,36.0354255,0.07085100000000466,0.06042500000000217,146,147,1987,5,1980
operational_36c_1d,operational_36c_1d_0043,1988-04-04,1988-04-05,2,36.850426,36.575426,1.1508520000000004,0.8504259999999988,95,96,1988,4,1980
operational_36c_1d,operational_36c_1d_0044,1988-04-08,1988-04-08,1,36.810425,36.810425,0.8104250000000022,0.8104250000000022,99,99,1988,4,1980
operational_36c_1d,operational_36c_1d_0045,1988-04-10,1988-04-10,1,36.020424,36.020424,0.020423999999998443,0.020423999999998443,101,101,1988,4,1980
operational_36c_1d,operational_36c_1d_0046,1988-04-12,1988-04-13,2,37.320423,36.8504235,1.700846999999996,1.3204229999999981,103,104,1988,4,1980
operational_36c_1d,operational_36c_1d_0047,1989-03-27,1989-03-27,1,36.060425,36.060425,0.06042500000000217,0.06042500000000217,86,86,1989,3,1980
operational_36c_1d,operational_36c_1d_0048,1989-04-08,1989-04-08,1,36.020424,36.020424,0.020423999999998443,0.020423999999998443,98,98,1989,4,1980
operational_36c_1d,operational_36c_1d_0049,1989-04-11,1989-04-12,2,36.130424,36.130424,0.26084799999999575,0.13042399999999787,101,102,1989,4,1980
operational_36c_1d,operational_36c_1d_0050,1989-04-14,1989-04-16,3,37.310425,37.187092,3.5612759999999994,1.3104250000000022,104,106,1989,4,1980
operational_36c_1d,operational_36c_1d_0051,1989-04-20,1989-04-20,1,36.290424,36.290424,0.29042400000000157,0.29042400000000157,110,110,1989,4,1980
operational_36c_1d,operational_36c_1d_0052,1989-04-22,1989-04-24,3,37.140427,36.843759,2.531277000000003,1.1404270000000025,112,114,1989,4,1980
operational_36c_1d,operational_36c_1d_0053,1989-05-08,1989-05-08,1,36.250423,36.250423,0.25042299999999784,0.25042299999999784,128,128,1989,5,1980
operational_36c_1d,operational_36c_1d_0054,1991-03-18,1991-03-20,3,36.610424,36.443758333333335,1.331275000000005,0.6104240000000019,77,79,1991,3,1990
operational_36c_1d,operational_36c_1d_0055,1992-04-04,1992-04-04,1,36.240425,36.240425,0.2404250000000019,0.2404250000000019,95,95,1992,4,1990
operational_36c_1d,operational_36c_1d_0056,1992-04-07,1992-04-07,1,36.010426,36.010426,0.010426000000002489,0.010426000000002489,98,98,1992,4,1990
operational_36c_1d,operational_36c_1d_0057,1992-04-09,1992-04-15,7,37.970425,37.021852714285714,7.152968999999999,1.9704249999999988,100,106,1992,4,1990
operational_36c_1d,operational_36c_1d_0058,1992-04-17,1992-04-23,7,37.670425,36.82328242857143,5.762976999999999,1.6704250000000016,108,114,1992,4,1990
operational_36c_1d,operational_36c_1d_0059,1992-04-25,1992-04-26,2,36.970425,36.730425,1.4608500000000006,0.9704249999999988,116,117,1992,4,1990
operational_36c_1d,operational_36c_1d_0060,1992-06-02,1992-06-02,1,36.650425,36.650425,0.6504249999999985,0.6504249999999985,154,154,1992,6,1990
operational_36c_1d,operational_36c_1d_0061,1995-03-20,1995-03-25,6,37.880424,37.080425166666664,6.482551000000001,1.8804239999999979,79,84,1995,3,1990
operational_36c_1d,operational_36c_1d_0062,1995-04-04,1995-04-04,1,36.180424,36.180424,0.18042400000000214,0.18042400000000214,94,94,1995,4,1990
operational_36c_1d,operational_36c_1d_0063,1995-04-06,1995-04-06,1,36.470425,36.470425,0.47042499999999876,0.47042499999999876,96,96,1995,4,1990
operational_36c_1d,operational_36c_1d_0064,1995-04-20,1995-04-20,1,36.200424,36.200424,0.20042399999999816,0.20042399999999816,110,110,1995,4,1990
operational_36c_1d,operational_36c_1d_0065,1995-04-23,1995-04-23,1,37.030426,37.030426,1.0304259999999985,1.0304259999999985,113,113,1995,4,1990
operational_36c_1d,operational_36c_1d_0066,1995-04-25,1995-04-27,3,37.290424,36.62042466666667,1.8612740000000016,1.2904240000000016,115,117,1995,4,1990
operational_36c_1d,operational_36c_1d_0067,1995-05-01,1995-05-04,4,37.260426,36.6479245,2.591698000000001,1.2604260000000025,121,124,1995,5,1990
operational_36c_1d,operational_36c_1d_0068,1996-04-19,1996-04-21,3,37.540424,37.100424333333336,3.301273000000002,1.5404240000000016,110,112,1996,4,1990
operational_36c_1d,operational_36c_1d_0069,1999-04-02,1999-04-04,3,36.840424,36.523758,1.5712739999999954,0.8404239999999987,92,94,1999,4,1990
operational_36c_1d,operational_36c_1d_0070,1999-04-24,1999-04-29,6,37.050426,36.560425333333335,3.362552000000001,1.0504260000000016,114,119,1999,4,1990
operational_36c_1d,operational_36c_1d_0071,1999-05-01,1999-05-04,4,37.390427,36.467925,1.8717000000000041,1.3904270000000025,121,124,1999,5,1990
operational_36c_1d,operational_36c_1d_0072,2001-04-25,2001-04-26,2,37.000423,36.615425,1.2308499999999967,1.0004229999999978,115,116,2001,4,2000
operational_36c_1d,operational_36c_1d_0073,2001-04-28,2001-04-28,1,36.580425,36.580425,0.5804249999999982,0.5804249999999982,118,118,2001,4,2000
operational_36c_1d,operational_36c_1d_0074,2004-03-28,2004-03-29,2,36.430424,36.2904245,0.5808490000000006,0.43042400000000214,88,89,2004,3,2000
operational_36c_1d,operational_36c_1d_0075,2006-03-26,2006-03-26,1,37.820423,37.820423,1.8204229999999981,1.8204229999999981,85,85,2006,3,2000
operational_36c_1d,operational_36c_1d_0076,2006-05-22,2006-05-22,1,36.220425,36.220425,0.22042499999999876,0.22042499999999876,142,142,2006,5,2000
operational_36c_1d,operational_36c_1d_0077,2007-03-29,2007-03-30,2,36.410423,36.275425,0.5508500000000041,0.41042300000000154,88,89,2007,3,2000
operational_36c_1d,operational_36c_1d_0078,2007-04-01,2007-04-01,1,36.270424,36.270424,0.27042399999999844,0.27042399999999844,91,91,2007,4,2000
operational_36c_1d,operational_36c_1d_0079,2007-04-03,2007-04-04,2,36.190426,36.150425,0.30085000000000406,0.1904260000000022,93,94,2007,4,2000
operational_36c_1d,operational_36c_1d_0080,2008-04-19,2008-04-24,6,37.750423,36.883757833333334,5.302546999999997,1.7504229999999978,110,115,2008,4,2000
operational_36c_1d,operational_36c_1d_0081,2008-04-29,2008-05-03,5,37.740425,36.818425,4.092125000000003,1.7404250000000019,120,124,2008,4,2000
operational_36c_1d,operational_36c_1d_0082,2009-04-19,2009-04-19,1,36.160423,36.160423,0.16042300000000154,0.16042300000000154,109,109,2009,4,2000
operational_36c_1d,operational_36c_1d_0083,2009-04-21,2009-04-21,1,36.490425,36.490425,0.4904250000000019,0.4904250000000019,111,111,2009,4,2000
operational_36c_1d,operational_36c_1d_0084,2009-04-23,2009-04-28,6,37.960426,37.053758666666674,6.322552000000002,1.9604259999999982,113,118,2009,4,2000
operational_36c_1d,operational_36c_1d_0085,2009-05-08,2009-05-10,3,37.430424,37.34709166666667,4.041275000000006,1.4304240000000021,128,130,2009,5,2000
operational_36c_1d,operational_36c_1d_0086,2009-06-18,2009-06-18,1,36.380424,36.380424,0.3804239999999979,0.3804239999999979,169,169,2009,6,2000
operational_36c_1d,operational_36c_1d_0087,2010-03-21,2010-03-24,4,36.510426,36.280425,1.1217000000000041,0.5104260000000025,80,83,2010,3,2010
operational_36c_1d,operational_36c_1d_0088,2010-04-01,2010-04-01,1,36.500423,36.500423,0.5004229999999978,0.5004229999999978,91,91,2010,4,2010
operational_36c_1d,operational_36c_1d_0089,2010-04-06,2010-04-06,1,36.140427,36.140427,0.14042700000000252,0.14042700000000252,96,96,2010,4,2010
operational_36c_1d,operational_36c_1d_0090,2010-04-08,2010-04-14,7,38.040424,36.69042528571429,4.832977,2.0404240000000016,98,104,2010,4,2010
operational_36c_1d,operational_36c_1d_0091,2010-04-17,2010-04-17,1,36.180424,36.180424,0.18042400000000214,0.18042400000000214,107,107,2010,4,2010
operational_36c_1d,operational_36c_1d_0092,2010-04-19,2010-04-26,8,38.490425,37.179174625,9.433397,2.490425000000002,109,116,2010,4,2010
operational_36c_1d,operational_36c_1d_0093,2010-05-11,2010-05-11,1,36.210426,36.210426,0.21042599999999823,0.21042599999999823,131,131,2010,5,2010
operational_36c_1d,operational_36c_1d_0094,2012-03-29,2012-03-29,1,36.560425,36.560425,0.5604250000000022,0.5604250000000022,89,89,2012,3,2010
operational_36c_1d,operational_36c_1d_0095,2012-05-23,2012-05-23,1,36.060425,36.060425,0.06042500000000217,0.06042500000000217,144,144,2012,5,2010
operational_36c_1d,operational_36c_1d_0096,2012-05-27,2012-05-27,1,36.120426,36.120426,0.12042600000000192,0.12042600000000192,148,148,2012,5,2010
operational_36c_1d,operational_36c_1d_0097,2013-04-09,2013-04-10,2,36.770424,36.600424000000004,1.2008480000000006,0.7704239999999984,99,100,2013,4,2010
operational_36c_1d,operational_36c_1d_0098,2013-04-12,2013-04-13,2,36.860424,36.850424000000004,1.7008480000000006,0.8604240000000019,102,103,2013,4,2010
operational_36c_1d,operational_36c_1d_0099,2014-04-20,2014-04-26,7,38.460426,37.41328285714286,9.892980000000009,2.4604259999999982,110,116,2014,4,2010
operational_36c_1d,operational_36c_1d_0100,2014-05-09,2014-05-09,1,36.930424,36.930424,0.9304240000000021,0.9304240000000021,129,129,2014,5,2010
operational_36c_1d,operational_36c_1d_0101,2014-05-13,2014-05-16,4,36.440426,36.29042525,1.1617010000000008,0.4404260000000022,133,136,2014,5,2010
operational_36c_1d,operational_36c_1d_0102,2014-05-20,2014-05-23,4,36.680424,36.3979245,1.591698000000008,0.6804240000000021,140,143,2014,5,2010
operational_36c_1d,operational_36c_1d_0103,2016-04-12,2016-04-12,1,36.070423,36.070423,0.07042299999999813,0.07042299999999813,103,103,2016,4,2010
operational_36c_1d,operational_36c_1d_0104,2016-04-19,2016-04-19,1,36.340424,36.340424,0.3404239999999987,0.3404239999999987,110,110,2016,4,2010
operational_36c_1d,operational_36c_1d_0105,2016-04-24,2016-04-27,4,38.160423,36.8454245,3.381698,2.1604230000000015,115,118,2016,4,2010
operational_36c_1d,operational_36c_1d_0106,2016-04-29,2016-05-01,3,36.590424,36.470424666666666,1.4112739999999988,0.5904239999999987,120,122,2016,4,2010
operational_36c_1d,operational_36c_1d_0107,2018-07-19,2018-07-19,1,36.700424,36.700424,0.7004239999999982,0.7004239999999982,200,200,2018,7,2010
operational_36c_1d,operational_36c_1d_0108,2019-04-30,2019-05-01,2,36.090424,36.050425000000004,0.10085000000000122,0.09042399999999873,120,121,2019,4,2010
operational_36c_1d,operational_36c_1d_0109,2019-05-11,2019-05-11,1,36.110424,36.110424,0.11042400000000185,0.11042400000000185,131,131,2019,5,2010
operational_36c_1d,operational_36c_1d_0110,2019-06-19,2019-06-19,1,36.020424,36.020424,0.020423999999998443,0.020423999999998443,170,170,2019,6,2010
operational_36c_1d,operational_36c_1d_0111,2019-08-11,2019-08-11,1,36.000423,36.000423,0.00042299999999784177,0.00042299999999784177,223,223,2019,8,2010
operational_36c_1d,operational_36c_1d_0112,2019-09-01,2019-09-01,1,36.610424,36.610424,0.6104240000000019,0.6104240000000019,244,244,2019,9,2010
operational_36c_1d,operational_36c_1d_0113,2020-04-07,2020-04-07,1,36.550426,36.550426,0.5504260000000016,0.5504260000000016,98,98,2020,4,2020
operational_36c_1d,operational_36c_1d_0114,2021-04-01,2021-04-01,1,36.590424,36.590424,0.5904239999999987,0.5904239999999987,91,91,2021,4,2020
operational_36c_1d,operational_36c_1d_0115,2021-04-12,2021-04-14,3,36.490425,36.23042566666667,0.6912770000000066,0.4904250000000019,102,104,2021,4,2020
operational_36c_1d,operational_36c_1d_0116,2021-04-19,2021-04-21,3,36.720425,36.373759,1.1212769999999992,0.7204249999999988,109,111,2021,4,2020
operational_36c_1d,operational_36c_1d_0117,2021-04-24,2021-04-29,6,38.270424,37.200424166666664,7.202545000000001,2.2704239999999984,114,119,2021,4,2020
operational_36c_1d,operational_36c_1d_0118,2021-05-22,2021-05-23,2,36.590424,36.350424000000004,0.7008480000000006,0.5904239999999987,142,143,2021,5,2020
operational_36c_1d,operational_36c_1d_0119,2021-10-15,2021-10-15,1,36.270424,36.270424,0.27042399999999844,0.27042399999999844,288,288,2021,10,2020
operational_36c_1d,operational_36c_1d_0120,2022-08-18,2022-08-18,1,36.130424,36.130424,0.13042399999999787,0.13042399999999787,230,230,2022,8,2020
operational_36c_1d,operational_36c_1d_0121,2023-04-08,2023-04-20,13,39.550426,37.95504007692308,25.415521,3.5504260000000016,98,110,2023,4,2020
operational_36c_1d,operational_36c_1d_0122,2023-04-22,2023-04-22,1,36.030426,36.030426,0.03042599999999851,0.03042599999999851,112,112,2023,4,2020
operational_36c_1d,operational_36c_1d_0123,2023-04-26,2023-04-27,2,36.910423,36.780424,1.560848,0.9104230000000015,116,117,2023,4,2020
operational_36c_1d,operational_36c_1d_0124,2023-04-29,2023-04-29,1,37.320423,37.320423,1.3204229999999981,1.3204229999999981,119,119,2023,4,2020
operational_36c_1d,operational_36c_1d_0125,2023-05-06,2023-05-12,7,40.200424,38.24042457142857,15.682972,4.200423999999998,126,132,2023,5,2020
operational_36c_1d,operational_36c_1d_0126,2023-05-30,2023-06-06,8,37.900425,36.820424499999994,6.563395999999997,1.9004249999999985,150,157,2023,5,2020
operational_36c_1d,operational_36c_1d_0127,2023-09-17,2023-09-17,1,36.060425,36.060425,0.06042500000000217,0.06042500000000217,260,260,2023,9,2020
operational_36c_1d,operational_36c_1d_0128,2024-04-06,2024-04-06,1,36.310425,36.310425,0.31042500000000217,0.31042500000000217,97,97,2024,4,2020
operational_36c_1d,operational_36c_1d_0129,2024-04-13,2024-04-13,1,36.350426,36.350426,0.3504259999999988,0.3504259999999988,104,104,2024,4,2020
operational_36c_1d,operational_36c_1d_0130,2024-04-15,2024-04-17,3,36.780426,36.39042533333333,1.1712759999999989,0.7804259999999985,106,108,2024,4,2020
operational_36c_1d,operational_36c_1d_0131,2024-04-19,2024-05-03,15,38.750423,37.5790918,23.686377,2.750422999999998,110,124,2024,4,2020
operational_36c_1d,operational_36c_1d_0132,2024-05-05,2024-05-05,1,37.060425,37.060425,1.0604250000000022,1.0604250000000022,126,126,2024,5,2020
operational_36c_1d,operational_36c_1d_0133,2024-05-15,2024-05-17,3,36.750423,36.440422999999996,1.3212689999999938,0.7504229999999978,136,138,2024,5,2020
operational_36c_1d,operational_36c_1d_0134,2024-05-23,2024-05-25,3,37.490425,37.053759,3.1612769999999983,1.4904250000000019,144,146,2024,5,2020
operational_36c_1d,operational_36c_1d_0135,2024-06-02,2024-06-02,1,36.280426,36.280426,0.2804259999999985,0.2804259999999985,154,154,2024,6,2020
operational_36c_1d,operational_36c_1d_0136,2024-09-20,2024-09-20,1,37.650425,37.650425,1.6504249999999985,1.6504249999999985,264,264,2024,9,2020
persistent_36c_2d,persistent_36c_2d_0001,1972-04-23,1972-04-25,3,37.170425,36.673758,2.0212739999999982,1.1704250000000016,114,116,1972,4,1970
persistent_36c_2d,persistent_36c_2d_0002,1972-05-13,1972-05-19,7,37.200424,37.09613971428571,7.6729780000000005,1.2004239999999982,134,140,1972,5,1970
persistent_36c_2d,persistent_36c_2d_0003,1973-03-31,1973-04-12,13,38.500423,37.05119461538462,13.665530000000011,2.500422999999998,90,102,1973,3,1970
persistent_36c_2d,persistent_36c_2d_0004,1975-04-07,1975-04-11,5,37.890427,37.1784248,5.892124000000003,1.8904270000000025,97,101,1975,4,1970
persistent_36c_2d,persistent_36c_2d_0005,1975-04-27,1975-05-03,7,38.290424,37.548996428571435,10.842974999999996,2.2904240000000016,117,123,1975,4,1970
persistent_36c_2d,persistent_36c_2d_0006,1975-05-06,1975-05-11,6,39.250423,38.17542516666666,13.052551000000001,3.250422999999998,126,131,1975,5,1970
persistent_36c_2d,persistent_36c_2d_0007,1976-03-29,1976-03-30,2,36.470425,36.340425499999995,0.680850999999997,0.47042499999999876,89,90,1976,3,1970
persistent_36c_2d,persistent_36c_2d_0008,1976-04-07,1976-04-10,4,37.650425,36.815425,3.2616999999999976,1.6504249999999985,98,101,1976,4,1970
persistent_36c_2d,persistent_36c_2d_0009,1976-04-12,1976-04-18,7,38.160423,36.96471071428572,6.752975000000006,2.1604230000000015,103,109,1976,4,1970
persistent_36c_2d,persistent_36c_2d_0010,1979-03-25,1979-03-27,3,37.820423,37.01042433333333,3.0312729999999988,1.8204229999999981,84,86,1979,3,1970
persistent_36c_2d,persistent_36c_2d_0011,1979-03-29,1979-04-05,8,39.240425,37.786675,14.293400000000005,3.240425000000002,88,95,1979,3,1970
persistent_36c_2d,persistent_36c_2d_0012,1979-04-25,1979-04-26,2,36.440426,36.300424500000005,0.6008490000000037,0.4404260000000022,115,116,1979,4,1970
persistent_36c_2d,persistent_36c_2d_0013,1979-04-28,1979-04-29,2,36.520424,36.315424,0.6308480000000003,0.5204239999999984,118,119,1979,4,1970
persistent_36c_2d,persistent_36c_2d_0014,1979-05-18,1979-05-20,3,39.250423,38.423758,7.271273999999998,3.250422999999998,138,140,1979,5,1970
persistent_36c_2d,persistent_36c_2d_0015,1979-05-24,1979-06-05,13,40.180424,38.83657899999999,36.875527,4.180424000000002,144,156,1979,5,1970
persistent_36c_2d,persistent_36c_2d_0016,1980-04-07,1980-04-11,5,38.340424,37.8224242,9.112121000000002,2.3404239999999987,98,102,1980,4,1980
persistent_36c_2d,persistent_36c_2d_0017,1980-04-15,1980-04-16,2,37.330425,36.830425,1.6608499999999964,1.3304249999999982,106,107,1980,4,1980
persistent_36c_2d,persistent_36c_2d_0018,1982-04-01,1982-04-02,2,36.660423,36.3454245,0.690849,0.6604230000000015,91,92,1982,4,1980
persistent_36c_2d,persistent_36c_2d_0019,1982-05-24,1982-05-25,2,36.260426,36.145426,0.290852000000001,0.2604260000000025,144,145,1982,5,1980
persistent_36c_2d,persistent_36c_2d_0020,1986-03-28,1986-03-31,4,37.790424,36.935424499999996,3.7416979999999995,1.7904240000000016,87,90,1986,3,1980
persistent_36c_2d,persistent_36c_2d_0021,1987-04-03,1987-04-07,5,37.990425,37.2924248,6.462124000000003,1.9904250000000019,93,97,1987,4,1980
persistent_36c_2d,persistent_36c_2d_0022,1987-05-26,1987-05-27,2,36.060425,36.0354255,0.07085100000000466,0.06042500000000217,146,147,1987,5,1980
persistent_36c_2d,persistent_36c_2d_0023,1988-04-04,1988-04-05,2,36.850426,36.575426,1.1508520000000004,0.8504259999999988,95,96,1988,4,1980
persistent_36c_2d,persistent_36c_2d_0024,1988-04-12,1988-04-13,2,37.320423,36.8504235,1.700846999999996,1.3204229999999981,103,104,1988,4,1980
persistent_36c_2d,persistent_36c_2d_0025,1989-04-11,1989-04-12,2,36.130424,36.130424,0.26084799999999575,0.13042399999999787,101,102,1989,4,1980
persistent_36c_2d,persistent_36c_2d_0026,1989-04-14,1989-04-16,3,37.310425,37.187092,3.5612759999999994,1.3104250000000022,104,106,1989,4,1980
persistent_36c_2d,persistent_36c_2d_0027,1989-04-22,1989-04-24,3,37.140427,36.843759,2.531277000000003,1.1404270000000025,112,114,1989,4,1980
persistent_36c_2d,persistent_36c_2d_0028,1991-03-18,1991-03-20,3,36.610424,36.443758333333335,1.331275000000005,0.6104240000000019,77,79,1991,3,1990
persistent_36c_2d,persistent_36c_2d_0029,1992-04-09,1992-04-15,7,37.970425,37.021852714285714,7.152968999999999,1.9704249999999988,100,106,1992,4,1990
persistent_36c_2d,persistent_36c_2d_0030,1992-04-17,1992-04-23,7,37.670425,36.82328242857143,5.762976999999999,1.6704250000000016,108,114,1992,4,1990
persistent_36c_2d,persistent_36c_2d_0031,1992-04-25,1992-04-26,2,36.970425,36.730425,1.4608500000000006,0.9704249999999988,116,117,1992,4,1990
persistent_36c_2d,persistent_36c_2d_0032,1995-03-20,1995-03-25,6,37.880424,37.080425166666664,6.482551000000001,1.8804239999999979,79,84,1995,3,1990
persistent_36c_2d,persistent_36c_2d_0033,1995-04-25,1995-04-27,3,37.290424,36.62042466666667,1.8612740000000016,1.2904240000000016,115,117,1995,4,1990
persistent_36c_2d,persistent_36c_2d_0034,1995-05-01,1995-05-04,4,37.260426,36.6479245,2.591698000000001,1.2604260000000025,121,124,1995,5,1990
persistent_36c_2d,persistent_36c_2d_0035,1996-04-19,1996-04-21,3,37.540424,37.100424333333336,3.301273000000002,1.5404240000000016,110,112,1996,4,1990
persistent_36c_2d,persistent_36c_2d_0036,1999-04-02,1999-04-04,3,36.840424,36.523758,1.5712739999999954,0.8404239999999987,92,94,1999,4,1990
persistent_36c_2d,persistent_36c_2d_0037,1999-04-24,1999-04-29,6,37.050426,36.560425333333335,3.362552000000001,1.0504260000000016,114,119,1999,4,1990
persistent_36c_2d,persistent_36c_2d_0038,1999-05-01,1999-05-04,4,37.390427,36.467925,1.8717000000000041,1.3904270000000025,121,124,1999,5,1990
persistent_36c_2d,persistent_36c_2d_0039,2001-04-25,2001-04-26,2,37.000423,36.615425,1.2308499999999967,1.0004229999999978,115,116,2001,4,2000
persistent_36c_2d,persistent_36c_2d_0040,2004-03-28,2004-03-29,2,36.430424,36.2904245,0.5808490000000006,0.43042400000000214,88,89,2004,3,2000
persistent_36c_2d,persistent_36c_2d_0041,2007-03-29,2007-03-30,2,36.410423,36.275425,0.5508500000000041,0.41042300000000154,88,89,2007,3,2000
persistent_36c_2d,persistent_36c_2d_0042,2007-04-03,2007-04-04,2,36.190426,36.150425,0.30085000000000406,0.1904260000000022,93,94,2007,4,2000
persistent_36c_2d,persistent_36c_2d_0043,2008-04-19,2008-04-24,6,37.750423,36.883757833333334,5.302546999999997,1.7504229999999978,110,115,2008,4,2000
persistent_36c_2d,persistent_36c_2d_0044,2008-04-29,2008-05-03,5,37.740425,36.818425,4.092125000000003,1.7404250000000019,120,124,2008,4,2000
persistent_36c_2d,persistent_36c_2d_0045,2009-04-23,2009-04-28,6,37.960426,37.053758666666674,6.322552000000002,1.9604259999999982,113,118,2009,4,2000
persistent_36c_2d,persistent_36c_2d_0046,2009-05-08,2009-05-10,3,37.430424,37.34709166666667,4.041275000000006,1.4304240000000021,128,130,2009,5,2000
persistent_36c_2d,persistent_36c_2d_0047,2010-03-21,2010-03-24,4,36.510426,36.280425,1.1217000000000041,0.5104260000000025,80,83,2010,3,2010
persistent_36c_2d,persistent_36c_2d_0048,2010-04-08,2010-04-14,7,38.040424,36.69042528571429,4.832977,2.0404240000000016,98,104,2010,4,2010
persistent_36c_2d,persistent_36c_2d_0049,2010-04-19,2010-04-26,8,38.490425,37.179174625,9.433397,2.490425000000002,109,116,2010,4,2010
persistent_36c_2d,persistent_36c_2d_0050,2013-04-09,2013-04-10,2,36.770424,36.600424000000004,1.2008480000000006,0.7704239999999984,99,100,2013,4,2010
persistent_36c_2d,persistent_36c_2d_0051,2013-04-12,2013-04-13,2,36.860424,36.850424000000004,1.7008480000000006,0.8604240000000019,102,103,2013,4,2010
persistent_36c_2d,persistent_36c_2d_0052,2014-04-20,2014-04-26,7,38.460426,37.41328285714286,9.892980000000009,2.4604259999999982,110,116,2014,4,2010
persistent_36c_2d,persistent_36c_2d_0053,2014-05-13,2014-05-16,4,36.440426,36.29042525,1.1617010000000008,0.4404260000000022,133,136,2014,5,2010
persistent_36c_2d,persistent_36c_2d_0054,2014-05-20,2014-05-23,4,36.680424,36.3979245,1.591698000000008,0.6804240000000021,140,143,2014,5,2010
persistent_36c_2d,persistent_36c_2d_0055,2016-04-24,2016-04-27,4,38.160423,36.8454245,3.381698,2.1604230000000015,115,118,2016,4,2010
persistent_36c_2d,persistent_36c_2d_0056,2016-04-29,2016-05-01,3,36.590424,36.470424666666666,1.4112739999999988,0.5904239999999987,120,122,2016,4,2010
persistent_36c_2d,persistent_36c_2d_0057,2019-04-30,2019-05-01,2,36.090424,36.050425000000004,0.10085000000000122,0.09042399999999873,120,121,2019,4,2010
persistent_36c_2d,persistent_36c_2d_0058,2021-04-12,2021-04-14,3,36.490425,36.23042566666667,0.6912770000000066,0.4904250000000019,102,104,2021,4,2020
persistent_36c_2d,persistent_36c_2d_0059,2021-04-19,2021-04-21,3,36.720425,36.373759,1.1212769999999992,0.7204249999999988,109,111,2021,4,2020
persistent_36c_2d,persistent_36c_2d_0060,2021-04-24,2021-04-29,6,38.270424,37.200424166666664,7.202545000000001,2.2704239999999984,114,119,2021,4,2020
persistent_36c_2d,persistent_36c_2d_0061,2021-05-22,2021-05-23,2,36.590424,36.350424000000004,0.7008480000000006,0.5904239999999987,142,143,2021,5,2020
persistent_36c_2d,persistent_36c_2d_0062,2023-04-08,2023-04-20,13,39.550426,37.95504007692308,25.415521,3.5504260000000016,98,110,2023,4,2020
persistent_36c_2d,persistent_36c_2d_0063,2023-04-26,2023-04-27,2,36.910423,36.780424,1.560848,0.9104230000000015,116,117,2023,4,2020
persistent_36c_2d,persistent_36c_2d_0064,2023-05-06,2023-05-12,7,40.200424,38.24042457142857,15.682972,4.200423999999998,126,132,2023,5,2020
persistent_36c_2d,persistent_36c_2d_0065,2023-05-30,2023-06-06,8,37.900425,36.820424499999994,6.563395999999997,1.9004249999999985,150,157,2023,5,2020
persistent_36c_2d,persistent_36c_2d_0066,2024-04-15,2024-04-17,3,36.780426,36.39042533333333,1.1712759999999989,0.7804259999999985,106,108,2024,4,2020
persistent_36c_2d,persistent_36c_2d_0067,2024-04-19,2024-05-03,15,38.750423,37.5790918,23.686377,2.750422999999998,110,124,2024,4,2020
persistent_36c_2d,persistent_36c_2d_0068,2024-05-15,2024-05-17,3,36.750423,36.440422999999996,1.3212689999999938,0.7504229999999978,136,138,2024,5,2020
persistent_36c_2d,persistent_36c_2d_0069,2024-05-23,2024-05-25,3,37.490425,37.053759,3.1612769999999983,1.4904250000000019,144,146,2024,5,2020
persistent_36c_3d,persistent_36c_3d_0001,1972-04-23,1972-04-25,3,37.170425,36.673758,2.0212739999999982,1.1704250000000016,114,116,1972,4,1970
persistent_36c_3d,persistent_36c_3d_0002,1972-05-13,1972-05-19,7,37.200424,37.09613971428571,7.6729780000000005,1.2004239999999982,134,140,1972,5,1970
persistent_36c_3d,persistent_36c_3d_0003,1973-03-31,1973-04-12,13,38.500423,37.05119461538462,13.665530000000011,2.500422999999998,90,102,1973,3,1970
persistent_36c_3d,persistent_36c_3d_0004,1975-04-07,1975-04-11,5,37.890427,37.1784248,5.892124000000003,1.8904270000000025,97,101,1975,4,1970
persistent_36c_3d,persistent_36c_3d_0005,1975-04-27,1975-05-03,7,38.290424,37.548996428571435,10.842974999999996,2.2904240000000016,117,123,1975,4,1970
persistent_36c_3d,persistent_36c_3d_0006,1975-05-06,1975-05-11,6,39.250423,38.17542516666666,13.052551000000001,3.250422999999998,126,131,1975,5,1970
persistent_36c_3d,persistent_36c_3d_0007,1976-04-07,1976-04-10,4,37.650425,36.815425,3.2616999999999976,1.6504249999999985,98,101,1976,4,1970
persistent_36c_3d,persistent_36c_3d_0008,1976-04-12,1976-04-18,7,38.160423,36.96471071428572,6.752975000000006,2.1604230000000015,103,109,1976,4,1970
persistent_36c_3d,persistent_36c_3d_0009,1979-03-25,1979-03-27,3,37.820423,37.01042433333333,3.0312729999999988,1.8204229999999981,84,86,1979,3,1970
persistent_36c_3d,persistent_36c_3d_0010,1979-03-29,1979-04-05,8,39.240425,37.786675,14.293400000000005,3.240425000000002,88,95,1979,3,1970
persistent_36c_3d,persistent_36c_3d_0011,1979-05-18,1979-05-20,3,39.250423,38.423758,7.271273999999998,3.250422999999998,138,140,1979,5,1970
persistent_36c_3d,persistent_36c_3d_0012,1979-05-24,1979-06-05,13,40.180424,38.83657899999999,36.875527,4.180424000000002,144,156,1979,5,1970
persistent_36c_3d,persistent_36c_3d_0013,1980-04-07,1980-04-11,5,38.340424,37.8224242,9.112121000000002,2.3404239999999987,98,102,1980,4,1980
persistent_36c_3d,persistent_36c_3d_0014,1986-03-28,1986-03-31,4,37.790424,36.935424499999996,3.7416979999999995,1.7904240000000016,87,90,1986,3,1980
persistent_36c_3d,persistent_36c_3d_0015,1987-04-03,1987-04-07,5,37.990425,37.2924248,6.462124000000003,1.9904250000000019,93,97,1987,4,1980
persistent_36c_3d,persistent_36c_3d_0016,1989-04-14,1989-04-16,3,37.310425,37.187092,3.5612759999999994,1.3104250000000022,104,106,1989,4,1980
persistent_36c_3d,persistent_36c_3d_0017,1989-04-22,1989-04-24,3,37.140427,36.843759,2.531277000000003,1.1404270000000025,112,114,1989,4,1980
persistent_36c_3d,persistent_36c_3d_0018,1991-03-18,1991-03-20,3,36.610424,36.443758333333335,1.331275000000005,0.6104240000000019,77,79,1991,3,1990
persistent_36c_3d,persistent_36c_3d_0019,1992-04-09,1992-04-15,7,37.970425,37.021852714285714,7.152968999999999,1.9704249999999988,100,106,1992,4,1990
persistent_36c_3d,persistent_36c_3d_0020,1992-04-17,1992-04-23,7,37.670425,36.82328242857143,5.762976999999999,1.6704250000000016,108,114,1992,4,1990
persistent_36c_3d,persistent_36c_3d_0021,1995-03-20,1995-03-25,6,37.880424,37.080425166666664,6.482551000000001,1.8804239999999979,79,84,1995,3,1990
persistent_36c_3d,persistent_36c_3d_0022,1995-04-25,1995-04-27,3,37.290424,36.62042466666667,1.8612740000000016,1.2904240000000016,115,117,1995,4,1990
persistent_36c_3d,persistent_36c_3d_0023,1995-05-01,1995-05-04,4,37.260426,36.6479245,2.591698000000001,1.2604260000000025,121,124,1995,5,1990
persistent_36c_3d,persistent_36c_3d_0024,1996-04-19,1996-04-21,3,37.540424,37.100424333333336,3.301273000000002,1.5404240000000016,110,112,1996,4,1990
persistent_36c_3d,persistent_36c_3d_0025,1999-04-02,1999-04-04,3,36.840424,36.523758,1.5712739999999954,0.8404239999999987,92,94,1999,4,1990
persistent_36c_3d,persistent_36c_3d_0026,1999-04-24,1999-04-29,6,37.050426,36.560425333333335,3.362552000000001,1.0504260000000016,114,119,1999,4,1990
persistent_36c_3d,persistent_36c_3d_0027,1999-05-01,1999-05-04,4,37.390427,36.467925,1.8717000000000041,1.3904270000000025,121,124,1999,5,1990
persistent_36c_3d,persistent_36c_3d_0028,2008-04-19,2008-04-24,6,37.750423,36.883757833333334,5.302546999999997,1.7504229999999978,110,115,2008,4,2000
persistent_36c_3d,persistent_36c_3d_0029,2008-04-29,2008-05-03,5,37.740425,36.818425,4.092125000000003,1.7404250000000019,120,124,2008,4,2000
persistent_36c_3d,persistent_36c_3d_0030,2009-04-23,2009-04-28,6,37.960426,37.053758666666674,6.322552000000002,1.9604259999999982,113,118,2009,4,2000
persistent_36c_3d,persistent_36c_3d_0031,2009-05-08,2009-05-10,3,37.430424,37.34709166666667,4.041275000000006,1.4304240000000021,128,130,2009,5,2000
persistent_36c_3d,persistent_36c_3d_0032,2010-03-21,2010-03-24,4,36.510426,36.280425,1.1217000000000041,0.5104260000000025,80,83,2010,3,2010
persistent_36c_3d,persistent_36c_3d_0033,2010-04-08,2010-04-14,7,38.040424,36.69042528571429,4.832977,2.0404240000000016,98,104,2010,4,2010
persistent_36c_3d,persistent_36c_3d_0034,2010-04-19,2010-04-26,8,38.490425,37.179174625,9.433397,2.490425000000002,109,116,2010,4,2010
persistent_36c_3d,persistent_36c_3d_0035,2014-04-20,2014-04-26,7,38.460426,37.41328285714286,9.892980000000009,2.4604259999999982,110,116,2014,4,2010
persistent_36c_3d,persistent_36c_3d_0036,2014-05-13,2014-05-16,4,36.440426,36.29042525,1.1617010000000008,0.4404260000000022,133,136,2014,5,2010
persistent_36c_3d,persistent_36c_3d_0037,2014-05-20,2014-05-23,4,36.680424,36.3979245,1.591698000000008,0.6804240000000021,140,143,2014,5,2010
persistent_36c_3d,persistent_36c_3d_0038,2016-04-24,2016-04-27,4,38.160423,36.8454245,3.381698,2.1604230000000015,115,118,2016,4,2010
persistent_36c_3d,persistent_36c_3d_0039,2016-04-29,2016-05-01,3,36.590424,36.470424666666666,1.4112739999999988,0.5904239999999987,120,122,2016,4,2010
persistent_36c_3d,persistent_36c_3d_0040,2021-04-12,2021-04-14,3,36.490425,36.23042566666667,0.6912770000000066,0.4904250000000019,102,104,2021,4,2020
persistent_36c_3d,persistent_36c_3d_0041,2021-04-19,2021-04-21,3,36.720425,36.373759,1.1212769999999992,0.7204249999999988,109,111,2021,4,2020
persistent_36c_3d,persistent_36c_3d_0042,2021-04-24,2021-04-29,6,38.270424,37.200424166666664,7.202545000000001,2.2704239999999984,114,119,2021,4,2020
persistent_36c_3d,persistent_36c_3d_0043,2023-04-08,2023-04-20,13,39.550426,37.95504007692308,25.415521,3.5504260000000016,98,110,2023,4,2020
persistent_36c_3d,persistent_36c_3d_0044,2023-05-06,2023-05-12,7,40.200424,38.24042457142857,15.682972,4.200423999999998,126,132,2023,5,2020
persistent_36c_3d,persistent_36c_3d_0045,2023-05-30,2023-06-06,8,37.900425,36.820424499999994,6.563395999999997,1.9004249999999985,150,157,2023,5,2020
persistent_36c_3d,persistent_36c_3d_0046,2024-04-15,2024-04-17,3,36.780426,36.39042533333333,1.1712759999999989,0.7804259999999985,106,108,2024,4,2020
persistent_36c_3d,persistent_36c_3d_0047,2024-04-19,2024-05-03,15,38.750423,37.5790918,23.686377,2.750422999999998,110,124,2024,4,2020
persistent_36c_3d,persistent_36c_3d_0048,2024-05-15,2024-05-17,3,36.750423,36.440422999999996,1.3212689999999938,0.7504229999999978,136,138,2024,5,2020
persistent_36c_3d,persistent_36c_3d_0049,2024-05-23,2024-05-25,3,37.490425,37.053759,3.1612769999999983,1.4904250000000019,144,146,2024,5,2020
relative_90p_3d,relative_90p_3d_0001,1972-05-10,1972-05-19,10,37.200424,36.71242529999999,18.10100339999999,2.297999400000002,131,140,1972,5,1970
relative_90p_3d,relative_90p_3d_0002,1972-06-07,1972-06-12,6,36.120426,35.192091500000004,5.661001999999996,2.0670001000000013,159,164,1972,6,1970
relative_90p_3d,relative_90p_3d_0003,1972-07-11,1972-07-13,3,35.310425,34.52375800000001,5.009998000000003,2.4500010000000003,193,195,1972,7,1970
relative_90p_3d,relative_90p_3d_0004,1972-11-22,1972-11-26,5,30.310425,30.006425200000002,3.3079991999999976,1.1900009999999988,327,331,1972,11,1970
relative_90p_3d,relative_90p_3d_0005,1972-11-28,1972-12-05,8,31.260426,29.92542475,10.280999900000001,2.7690009999999994,333,340,1972,11,1970
relative_90p_3d,relative_90p_3d_0006,1972-12-20,1972-12-22,3,28.450424,28.087091666666666,2.696998999999998,1.2689979999999998,355,357,1972,12,1970
relative_90p_3d,relative_90p_3d_0007,1972-12-30,1973-01-02,4,29.350426,28.127925,7.302999099999994,3.049000999999997,365,2,1972,12,1970
relative_90p_3d,relative_90p_3d_0008,1973-01-08,1973-01-12,5,28.180426,27.6084252,5.688002099999995,1.8360011000000007,8,12,1973,1,1970
relative_90p_3d,relative_90p_3d_0009,1973-02-13,1973-02-16,4,31.950424,30.8654245,2.309999899999994,1.6189989999999987,44,47,1973,2,1970
relative_90p_3d,relative_90p_3d_0010,1973-03-24,1973-03-26,3,36.440426,36.05375933333334,1.1240017000000009,0.7260003000000026,83,85,1973,3,1970
relative_90p_3d,relative_90p_3d_0011,1973-03-31,1973-04-12,13,38.500423,37.05119461538462,14.366000200000002,2.618998699999999,90,102,1973,3,1970
relative_90p_3d,relative_90p_3d_0012,1974-03-08,1974-03-10,3,35.680424,35.00709166666667,3.253000400000005,1.798999700000003,67,69,1974,3,1970
relative_90p_3d,relative_90p_3d_0013,1974-03-15,1974-03-17,3,35.390427,35.207092333333335,1.4040007000000045,0.6770011000000054,74,76,1974,3,1970
relative_90p_3d,relative_90p_3d_0014,1974-10-10,1974-10-12,3,33.010426,32.947091666666665,0.20800170000000406,0.11000100000000401,283,285,1974,10,1970
relative_90p_3d,relative_90p_3d_0015,1975-04-07,1975-04-11,5,37.890427,37.1784248,5.983996299999994,1.8790011999999976,97,101,1975,4,1970
relative_90p_3d,relative_90p_3d_0016,1975-04-27,1975-05-03,7,38.290424,37.548996428571435,11.223997999999995,2.1970011000000014,117,123,1975,4,1970
relative_90p_3d,relative_90p_3d_0017,1975-05-05,1975-05-11,7,39.250423,37.843282428571435,19.188006499999993,4.136998699999992,125,131,1975,5,1970
relative_90p_3d,relative_90p_3d_0018,1976-02-18,1976-02-20,3,32.680424,32.00375833333333,3.6520008999999973,1.7949997999999994,49,51,1976,2,1970
relative_90p_3d,relative_90p_3d_0019,1976-03-18,1976-03-21,4,36.080425,35.745425,2.2350014999999885,0.7600020000000001,78,81,1976,3,1970
relative_90p_3d,relative_90p_3d_0020,1976-03-29,1976-03-31,3,36.470425,36.220425999999996,1.0280038999999945,0.5900010000000009,89,91,1976,3,1970
relative_90p_3d,relative_90p_3d_0021,1976-04-07,1976-04-10,4,37.650425,36.815425,3.283996299999991,1.6669981000000007,98,101,1976,4,1970
relative_90p_3d,relative_90p_3d_0022,1976-04-12,1976-04-18,7,38.160423,36.96471071428572,6.055001999999995,1.9429969999999983,103,109,1976,4,1970
relative_90p_3d,relative_90p_3d_0023,1976-11-16,1976-11-18,3,30.640425,30.403758666666665,0.5860009999999996,0.3180000000000014,321,323,1976,11,1970
relative_90p_3d,relative_90p_3d_0024,1977-09-05,1977-09-07,3,34.470425,33.913758666666666,2.655000099999988,1.4470007999999979,248,250,1977,9,1970
relative_90p_3d,relative_90p_3d_0025,1978-11-23,1978-11-27,5,30.110424,29.7604248,2.6549973000000016,0.8899989999999995,327,331,1978,11,1970
relative_90p_3d,relative_90p_3d_0026,1978-12-12,1978-12-14,3,28.450424,28.260424,1.4399980000000063,0.6700000000000017,346,348,1978,12,1970
relative_90p_3d,relative_90p_3d_0027,1979-01-17,1979-01-21,5,27.780424,27.328424199999994,2.678995099999998,0.9289982000000023,17,21,1979,1,1970
relative_90p_3d,relative_90p_3d_0028,1979-03-06,1979-03-08,3,34.800426,34.13375833333334,1.4679994000000107,0.9660014000000032,65,67,1979,3,1970
relative_90p_3d,relative_90p_3d_0029,1979-03-24,1979-03-27,4,37.820423,36.690425000000005,3.963997699999993,2.1059972999999985,83,86,1979,3,1970
relative_90p_3d,relative_90p_3d_0030,1979-03-29,1979-04-05,8,39.240425,37.786675,15.044998200000002,3.306000900000001,88,95,1979,3,1970
relative_90p_3d,relative_90p_3d_0031,1979-05-18,1979-06-06,20,40.180424,38.0919251,63.64001269999998,5.158999800000004,138,157,1979,5,1970
relative_90p_3d,relative_90p_3d_0032,1979-06-21,1979-06-23,3,34.830425,33.913758333333334,2.193000099999999,1.6570000999999976,172,174,1979,6,1970
relative_90p_3d,relative_90p_3d_0033,1979-08-11,1979-08-13,3,36.380424,34.327090999999996,4.099995,3.4199979999999996,223,225,1979,8,1970
relative_90p_3d,relative_90p_3d_0034,1979-11-23,1979-11-27,5,31.270426,30.632425,7.014998300000002,2.0500010000000017,327,331,1979,11,1970
relative_90p_3d,relative_90p_3d_0035,1980-04-07,1980-04-11,5,38.340424,37.8224242,9.203993299999993,2.356997100000001,98,102,1980,4,1980
relative_90p_3d,relative_90p_3d_0036,1980-12-26,1980-12-28,3,27.760426,27.450425666666664,2.655001899999995,1.2260018999999964,361,363,1980,12,1980
relative_90p_3d,relative_90p_3d_0037,1981-09-23,1981-09-25,3,34.830425,34.170425333333334,2.7160049000000015,1.5600009999999997,266,268,1981,9,1980
relative_90p_3d,relative_90p_3d_0038,1982-01-24,1982-01-27,4,29.340425,28.530425,3.6100009999999934,1.630001,24,27,1982,1,1980
relative_90p_3d,relative_90p_3d_0039,1982-07-17,1982-07-19,3,34.040424,33.463759,1.677000200000002,1.1699979999999996,198,200,1982,7,1980
relative_90p_3d,relative_90p_3d_0040,1982-10-17,1982-10-20,4,33.490425,33.307925,2.7139999000000046,0.7700000000000031,290,293,1982,10,1980
relative_90p_3d,relative_90p_3d_0041,1983-07-12,1983-07-14,3,33.940426,33.600424333333336,2.2299989999999994,1.0800020000000004,193,195,1983,7,1980
relative_90p_3d,relative_90p_3d_0042,1984-03-16,1984-03-19,4,36.030426,35.6579245,2.9119945999999857,0.8879993999999982,76,79,1984,3,1980
relative_90p_3d,relative_90p_3d_0043,1984-03-31,1984-04-02,3,37.160423,36.550424,1.975995900000001,1.2579980000000006,91,93,1984,3,1980
relative_90p_3d,relative_90p_3d_0044,1984-08-13,1984-08-15,3,33.830425,33.420424000000004,1.397993999999997,0.869999,226,228,1984,8,1980
relative_90p_3d,relative_90p_3d_0045,1985-03-07,1985-03-14,8,36.340424,34.810423875,5.39598629999999,1.8689988,66,73,1985,3,1980
relative_90p_3d,relative_90p_3d_0046,1985-11-15,1985-11-17,3,32.080425,31.453759,3.2970019000000015,1.7579999999999991,319,321,1985,11,1980
relative_90p_3d,relative_90p_3d_0047,1985-12-23,1985-12-27,5,28.050425,27.4824252,3.2320017999999884,0.9800000000000004,357,361,1985,12,1980
relative_90p_3d,relative_90p_3d_0048,1986-03-28,1986-03-31,4,37.790424,36.935424499999996,4.2880009,1.9189981999999972,87,90,1986,3,1980
relative_90p_3d,relative_90p_3d_0049,1986-06-04,1986-06-08,5,35.600426,35.1564254,2.709005899999994,0.898001899999997,155,159,1986,6,1980
relative_90p_3d,relative_90p_3d_0050,1986-08-08,1986-08-11,4,34.790424,33.987924500000005,4.18599609999999,1.8689990999999964,220,223,1986,8,1980
relative_90p_3d,relative_90p_3d_0051,1987-04-03,1987-04-07,5,37.990425,37.2924248,6.645995400000004,2.006998100000004,93,97,1987,4,1980
relative_90p_3d,relative_90p_3d_0052,1987-05-16,1987-05-21,6,36.550426,35.518758000000005,3.7640035999999952,1.6390028,136,141,1987,5,1980
relative_90p_3d,relative_90p_3d_0053,1987-05-23,1987-05-31,9,36.060425,35.72264744444445,6.506005999999992,1.0350011000000023,143,151,1987,5,1980
relative_90p_3d,relative_90p_3d_0054,1987-06-15,1987-06-17,3,34.790424,34.400425000000006,1.838000000000001,1.009998000000003,166,168,1987,6,1980
relative_90p_3d,relative_90p_3d_0055,1987-06-27,1987-06-30,4,33.950424,33.2154245,1.6079972999999939,1.1189990999999964,178,181,1987,6,1980
relative_90p_3d,relative_90p_3d_0056,1987-12-20,1987-12-22,3,28.020426,27.757091666666668,1.7069989999999997,0.8389999999999986,354,356,1987,12,1980
relative_90p_3d,relative_90p_3d_0057,1987-12-26,1987-12-28,3,27.240425,26.963758333333335,1.1949998999999956,0.5460008999999992,360,362,1987,12,1980
relative_90p_3d,relative_90p_3d_0058,1988-11-23,1988-11-25,3,29.830425,29.53709166666667,0.6079982000000044,0.397999200000001,328,330,1988,11,1980
relative_90p_3d,relative_90p_3d_0059,1989-04-14,1989-04-16,3,37.310425,37.187092,3.2730021999999934,1.2160010000000057,104,106,1989,4,1980
relative_90p_3d,relative_90p_3d_0060,1989-04-22,1989-04-24,3,37.140427,36.843759,1.518000900000004,0.8100020000000043,112,114,1989,4,1980
relative_90p_3d,relative_90p_3d_0061,1990-01-28,1990-01-31,4,29.770426,28.7504255,2.822000299999999,1.779001000000001,28,31,1990,1,1990
relative_90p_3d,relative_90p_3d_0062,1990-08-30,1990-09-01,3,33.670425,33.36375933333333,0.9460039000000009,0.6460009000000042,242,244,1990,8,1990
relative_90p_3d,relative_90p_3d_0063,1990-11-13,1990-11-15,3,31.820425,31.26709166666667,2.0469997999999983,1.2389999999999972,317,319,1990,11,1990
relative_90p_3d,relative_90p_3d_0064,1991-02-24,1991-02-26,3,32.770424,32.297091,1.5819983999999998,0.9859999999999971,55,57,1991,2,1990
relative_90p_3d,relative_90p_3d_0065,1991-03-17,1991-03-22,6,36.610424,36.017091666666666,4.990000499999994,1.6189991999999975,76,81,1991,3,1990
relative_90p_3d,relative_90p_3d_0066,1992-04-09,1992-04-15,7,37.970425,37.021852714285714,7.319995899999995,1.9589991999999938,100,106,1992,4,1990
relative_90p_3d,relative_90p_3d_0067,1992-04-19,1992-04-23,5,37.050426,36.76242520000001,2.0779969000000023,0.7000000000000028,110,114,1992,4,1990
relative_90p_3d,relative_90p_3d_0068,1992-08-12,1992-08-14,3,33.920425,33.62709133333333,1.99999600000001,0.9599990000000034,225,227,1992,8,1990
relative_90p_3d,relative_90p_3d_0069,1992-08-29,1992-08-31,3,33.990425,33.527092,1.4360019000000008,0.9299999999999997,242,244,1992,8,1990
relative_90p_3d,relative_90p_3d_0070,1992-09-21,1992-09-23,3,34.100426,33.70375833333333,1.2150016999999949,0.7999999999999972,265,267,1992,9,1990
relative_90p_3d,relative_90p_3d_0071,1992-10-29,1992-10-31,3,32.650425,32.53709166666666,2.2800009999999986,0.9299999999999997,303,305,1992,10,1990
relative_90p_3d,relative_90p_3d_0072,1992-11-21,1992-11-23,3,30.240425,29.927092333333334,1.0080002000000015,0.5,326,328,1992,11,1990
relative_90p_3d,relative_90p_3d_0073,1993-02-14,1993-02-18,5,32.430424,31.454425200000003,4.958002799999992,1.8389989000000035,45,49,1993,2,1990
relative_90p_3d,relative_90p_3d_0074,1993-12-31,1994-01-02,3,26.950424,26.660424333333335,1.125997899999998,0.5999980000000029,365,2,1993,12,1990
relative_90p_3d,relative_90p_3d_0075,1994-01-12,1994-01-14,3,28.010426,27.477091666666666,2.749000899999995,1.4190009000000003,12,14,1994,1,1990
relative_90p_3d,relative_90p_3d_0076,1994-05-05,1994-05-07,3,35.480427,35.38709266666667,0.49000379999999666,0.23500169999999798,125,127,1994,5,1990
relative_90p_3d,relative_90p_3d_0077,1995-03-20,1995-03-25,6,37.880424,37.080425166666664,9.470003499999997,2.2379973999999976,79,84,1995,3,1990
relative_90p_3d,relative_90p_3d_0078,1995-04-30,1995-05-04,5,37.260426,36.5164246,4.228994400000005,1.777999400000006,120,124,1995,4,1990
relative_90p_3d,relative_90p_3d_0079,1995-05-29,1995-06-01,4,35.820423,35.400424,1.5740010999999967,0.7989987999999997,149,152,1995,5,1990
relative_90p_3d,relative_90p_3d_0080,1995-08-26,1995-08-28,3,33.570423,33.38042433333334,0.9150010999999907,0.5089981999999935,238,240,1995,8,1990
relative_90p_3d,relative_90p_3d_0081,1996-04-19,1996-04-21,3,37.540424,37.100424333333336,2.2499950000000055,1.1899980000000028,110,112,1996,4,1990
relative_90p_3d,relative_90p_3d_0082,1996-09-13,1996-09-15,3,35.170425,34.740425,4.555001099999991,1.9480000000000004,257,259,1996,9,1990
relative_90p_3d,relative_90p_3d_0083,1997-08-02,1997-08-04,3,34.320423,33.60042466666667,1.9229969999999952,1.3579968999999963,214,216,1997,8,1990
relative_90p_3d,relative_90p_3d_0084,1997-11-05,1997-11-07,3,32.110424,31.710424333333332,1.1289990000000003,0.8300000000000018,309,311,1997,11,1990
relative_90p_3d,relative_90p_3d_0085,1998-09-25,1998-09-27,3,34.590424,34.110424,2.586999800000001,1.3200000000000003,268,270,1998,9,1990
relative_90p_3d,relative_90p_3d_0086,1998-10-05,1998-10-14,10,34.360424,33.7454246,8.231001899999988,1.4359989000000013,278,287,1998,10,1990
relative_90p_3d,relative_90p_3d_0087,1998-10-25,1998-10-27,3,32.260426,32.163758666666666,0.40500009999999875,0.20000100000000032,298,300,1998,10,1990
relative_90p_3d,relative_90p_3d_0088,1998-11-15,1998-11-21,7,32.230427,31.393282714285714,9.0410048,2.1680019999999978,319,325,1998,11,1990
relative_90p_3d,relative_90p_3d_0089,1998-12-13,1998-12-15,3,28.550425,28.143758333333334,1.2199999999999989,0.8000000000000007,347,349,1998,12,1990
relative_90p_3d,relative_90p_3d_0090,1999-01-03,1999-01-05,3,27.010426,26.863758999999998,2.035999099999998,0.8299999999999983,3,5,1999,1,1990
relative_90p_3d,relative_90p_3d_0091,1999-01-23,1999-01-25,3,28.290424,27.980424666666668,1.6319981000000006,0.8549980999999995,23,25,1999,1,1990
relative_90p_3d,relative_90p_3d_0092,1999-02-11,1999-02-13,3,31.370424,31.123758,3.348999899999999,1.3099990000000012,42,44,1999,2,1990
relative_90p_3d,relative_90p_3d_0093,1999-02-15,1999-02-19,5,31.380424,30.9504254,1.903002899999997,0.679000999999996,46,50,1999,2,1990
relative_90p_3d,relative_90p_3d_0094,1999-02-25,1999-02-27,3,33.290424,32.50375733333333,1.7759982,1.4319988000000023,56,58,1999,2,1990
relative_90p_3d,relative_90p_3d_0095,1999-03-08,1999-03-11,4,35.420425,34.9779255,3.8820016000000024,1.5090027000000035,67,70,1999,3,1990
relative_90p_3d,relative_90p_3d_0096,1999-04-02,1999-04-04,3,36.840424,36.523758,1.830999999999996,0.9059998999999976,92,94,1999,4,1990
relative_90p_3d,relative_90p_3d_0097,1999-04-25,1999-04-29,5,37.050426,36.6064254,1.6920006999999941,0.7000000000000028,115,119,1999,4,1990
relative_90p_3d,relative_90p_3d_0098,1999-05-01,1999-05-05,5,37.390427,36.316425200000005,3.8889978000000056,1.908000400000006,121,125,1999,5,1990
relative_90p_3d,relative_90p_3d_0099,1999-05-31,1999-06-02,3,35.430424,35.17375833333333,0.7330017000000026,0.4089998000000037,151,153,1999,5,1990
relative_90p_3d,relative_90p_3d_0100,2000-01-12,2000-01-14,3,27.620424,27.370424,2.428997899999999,1.0699989999999993,12,14,2000,1,2000
relative_90p_3d,relative_90p_3d_0101,2000-07-02,2000-07-05,4,34.090424,33.5854255,3.758004799999995,1.4889981999999975,184,187,2000,7,2000
relative_90p_3d,relative_90p_3d_0102,2001-08-18,2001-08-20,3,33.380424,33.15375766666667,0.6059963999999951,0.40699920000000134,230,232,2001,8,2000
relative_90p_3d,relative_90p_3d_0103,2001-10-23,2001-10-26,4,33.420425,32.682925,2.097001200000001,1.2000000000000028,296,299,2001,10,2000
relative_90p_3d,relative_90p_3d_0104,2002-01-19,2002-01-21,3,27.480425,27.280424666666665,1.2929990000000018,0.5170008999999993,19,21,2002,1,2000
relative_90p_3d,relative_90p_3d_0105,2002-11-28,2002-11-30,3,29.400425,29.097091666666667,0.6879999999999988,0.5400010000000002,332,334,2002,11,2000
relative_90p_3d,relative_90p_3d_0106,2003-05-26,2003-05-28,3,35.600426,35.33042533333333,0.9290023999999946,0.575002099999999,146,148,2003,5,2000
relative_90p_3d,relative_90p_3d_0107,2003-08-04,2003-08-07,4,34.160423,33.78792475,3.373997299999999,1.2389980999999963,216,219,2003,8,2000
relative_90p_3d,relative_90p_3d_0108,2004-12-10,2004-12-13,4,28.780424,28.562924749999997,2.8989992000000058,1.0,345,348,2004,12,2000
relative_90p_3d,relative_90p_3d_0109,2005-03-02,2005-03-04,3,34.010426,33.477091333333334,1.1500004000000033,0.736001200000004,61,63,2005,3,2000
relative_90p_3d,relative_90p_3d_0110,2005-12-15,2005-12-17,3,28.160425,27.890425333333337,0.8150008999999976,0.5490010000000005,349,351,2005,12,2000
relative_90p_3d,relative_90p_3d_0111,2006-02-15,2006-02-17,3,32.180424,31.687090666666666,3.685997799999999,1.8289979999999986,46,48,2006,2,2000
relative_90p_3d,relative_90p_3d_0112,2006-02-22,2006-02-28,7,35.250423,33.243282,10.119999399999994,3.1579983999999968,53,59,2006,2,2000
relative_90p_3d,relative_90p_3d_0113,2006-03-25,2006-03-27,3,37.820423,36.487091,2.3059972999999943,2.1059972999999985,84,86,2006,3,2000
relative_90p_3d,relative_90p_3d_0114,2006-05-22,2006-05-25,4,36.220425,35.592925,2.6989983999999865,1.3689991999999975,142,145,2006,5,2000
relative_90p_3d,relative_90p_3d_0115,2006-06-30,2006-07-02,3,34.560425,33.56375766666667,2.5329976000000016,1.8479989000000003,181,183,2006,6,2000
relative_90p_3d,relative_90p_3d_0116,2006-12-20,2006-12-22,3,28.530424,28.280424,3.276995999999997,1.3489979999999981,354,356,2006,12,2000
relative_90p_3d,relative_90p_3d_0117,2007-01-28,2007-01-30,3,28.720425,28.34375833333333,1.0039982999999992,0.6189992000000011,28,30,2007,1,2000
relative_90p_3d,relative_90p_3d_0118,2007-03-27,2007-03-30,4,36.410423,36.075425,0.969001200000001,0.5299990000000037,86,89,2007,3,2000
relative_90p_3d,relative_90p_3d_0119,2007-07-10,2007-07-14,5,33.520424,33.1744248,1.6089997999999994,0.6599999999999966,191,195,2007,7,2000
relative_90p_3d,relative_90p_3d_0120,2007-10-03,2007-10-06,4,34.000423,33.585424,2.0529960999999943,0.9869971999999976,276,279,2007,10,2000
relative_90p_3d,relative_90p_3d_0121,2008-01-03,2008-01-12,10,28.180426,27.1374251,7.866998299999999,1.640001999999999,3,12,2008,1,2000
relative_90p_3d,relative_90p_3d_0122,2008-04-22,2008-04-24,3,37.750423,37.27375766666666,2.807996899999999,1.399996999999999,113,115,2008,4,2000
relative_90p_3d,relative_90p_3d_0123,2008-04-29,2008-05-03,5,37.740425,36.818425,5.0089974000000055,1.9070001000000047,120,124,2008,4,2000
relative_90p_3d,relative_90p_3d_0124,2008-10-16,2008-10-23,8,33.640427,33.24542525,5.490004199999994,0.8989971999999966,290,297,2008,10,2000
relative_90p_3d,relative_90p_3d_0125,2008-12-05,2008-12-13,9,29.090425,28.563758444444446,4.909001200000006,1.0800000000000018,340,348,2008,12,2000
relative_90p_3d,relative_90p_3d_0126,2009-01-08,2009-01-11,4,27.540424,27.090424750000004,2.5479990999999984,1.046998900000002,8,11,2009,1,2000
relative_90p_3d,relative_90p_3d_0127,2009-01-18,2009-01-20,3,27.590425,27.330425333333334,1.6760000999999995,0.8569998999999981,18,20,2009,1,2000
relative_90p_3d,relative_90p_3d_0128,2009-02-06,2009-02-08,3,29.630424,29.503758,0.7080009000000018,0.28900090000000134,37,39,2009,2,2000
relative_90p_3d,relative_90p_3d_0129,2009-02-21,2009-02-27,7,33.310425,32.32899642857143,4.9609996999999915,1.4960019999999972,52,58,2009,2,2000
relative_90p_3d,relative_90p_3d_0130,2009-03-05,2009-03-08,4,34.570423,34.05042425,1.8599964,1.161997999999997,64,67,2009,3,2000
relative_90p_3d,relative_90p_3d_0131,2009-04-23,2009-04-28,6,37.960426,37.053758666666674,4.4410013999999975,1.6099999999999994,113,118,2009,4,2000
relative_90p_3d,relative_90p_3d_0132,2009-05-06,2009-05-10,5,37.430424,36.664424800000006,7.823003400000005,2.4150021000000024,126,130,2009,5,2000
relative_90p_3d,relative_90p_3d_0133,2009-06-16,2009-06-25,10,36.380424,34.368424600000004,10.430997199999993,2.8889991999999936,167,176,2009,6,2000
relative_90p_3d,relative_90p_3d_0134,2009-07-17,2009-07-20,4,34.380424,33.71042525,3.165998299999991,1.418998099999996,198,201,2009,7,2000
relative_90p_3d,relative_90p_3d_0135,2009-07-24,2009-07-26,3,34.140427,33.477091666666674,1.8359964000000062,1.2480004000000022,205,207,2009,7,2000
relative_90p_3d,relative_90p_3d_0136,2009-09-11,2009-09-13,3,34.930424,34.040424333333334,2.6369986999999995,1.7279999000000004,254,256,2009,9,2000
relative_90p_3d,relative_90p_3d_0137,2009-09-26,2009-10-02,7,34.720425,33.920425,5.050002500000012,1.5190008000000006,269,275,2009,9,2000
relative_90p_3d,relative_90p_3d_0138,2009-11-06,2009-11-09,4,31.830425,31.550424250000003,1.179000000000002,0.620001000000002,310,313,2009,11,2000
relative_90p_3d,relative_90p_3d_0139,2009-11-11,2009-11-16,6,32.660423,31.758758166666667,6.499998899999994,2.0789979999999986,315,320,2009,11,2000
relative_90p_3d,relative_90p_3d_0140,2009-12-16,2009-12-19,4,28.070425,27.822925,1.2830000999999989,0.6379991999999994,350,353,2009,12,2000
relative_90p_3d,relative_90p_3d_0141,2010-03-01,2010-03-03,3,33.760426,33.46042533333334,1.8280024000000097,0.7519986000000003,60,62,2010,3,2010
relative_90p_3d,relative_90p_3d_0142,2010-03-05,2010-03-08,4,34.700424,34.33042525,2.9800004000000015,1.0559978,64,67,2010,3,2010
relative_90p_3d,relative_90p_3d_0143,2010-03-18,2010-03-24,7,36.510426,35.98185285714286,4.406995100000003,0.8679994000000022,77,83,2010,3,2010
relative_90p_3d,relative_90p_3d_0144,2010-04-08,2010-04-14,7,38.040424,36.69042528571429,5.083002099999987,2.068998800000003,98,104,2010,4,2010
relative_90p_3d,relative_90p_3d_0145,2010-04-20,2010-04-25,6,38.490425,37.482091000000004,6.845992800000005,2.1600000000000037,110,115,2010,4,2010
relative_90p_3d,relative_90p_3d_0146,2010-05-10,2010-05-15,6,36.210426,35.753758,5.075995599999992,1.279001799999996,130,135,2010,5,2010
relative_90p_3d,relative_90p_3d_0147,2010-06-08,2010-06-11,4,34.830425,34.507925,1.098001999999994,0.5689991999999933,159,162,2010,6,2010
relative_90p_3d,relative_90p_3d_0148,2010-07-14,2010-07-17,4,33.800426,33.3504255,1.9490037999999998,0.9299999999999997,195,198,2010,7,2010
relative_90p_3d,relative_90p_3d_0149,2010-08-07,2010-08-10,4,34.700424,33.8054245,3.4339954999999875,1.778999099999993,219,222,2010,8,2010
relative_90p_3d,relative_90p_3d_0150,2010-10-02,2010-10-05,4,35.310425,34.602925250000006,5.962000900000007,2.296999200000002,275,278,2010,10,2010
relative_90p_3d,relative_90p_3d_0151,2010-10-18,2010-10-21,4,33.350426,33.087926,2.0430031,0.7590018000000001,291,294,2010,10,2010
relative_90p_3d,relative_90p_3d_0152,2010-11-05,2010-11-08,4,32.070423,31.76792375,1.8589969999999987,0.7489979999999967,309,312,2010,11,2010
relative_90p_3d,relative_90p_3d_0153,2010-11-16,2010-11-18,3,30.480425,30.370424999999997,0.48600000000000065,0.41799999999999926,320,322,2010,11,2010
relative_90p_3d,relative_90p_3d_0154,2011-07-27,2011-07-29,3,33.790424,33.44042433333333,1.6639976999999888,0.8780008999999964,208,210,2011,7,2010
relative_90p_3d,relative_90p_3d_0155,2011-07-31,2011-08-02,3,35.470425,34.163758666666666,3.5009984000000003,2.4490008000000003,212,214,2011,7,2010
relative_90p_3d,relative_90p_3d_0156,2011-10-05,2011-10-07,3,33.520424,33.363758,1.0840002999999925,0.5289991999999941,278,280,2011,10,2010
relative_90p_3d,relative_90p_3d_0157,2011-10-10,2011-10-12,3,34.010426,33.847092,2.9080027000000044,1.1820027999999994,283,285,2011,10,2010
relative_90p_3d,relative_90p_3d_0158,2011-11-21,2011-11-26,6,30.760426,30.12875866666667,4.308000200000006,1.3280001999999982,325,330,2011,11,2010
relative_90p_3d,relative_90p_3d_0159,2011-12-06,2011-12-09,4,28.580425,28.537924500000003,1.6499980000000036,0.5259981000000025,340,343,2011,12,2010
relative_90p_3d,relative_90p_3d_0160,2011-12-27,2012-01-01,6,28.530424,27.98375833333333,9.548998999999995,2.1469998999999973,361,1,2011,12,2010
relative_90p_3d,relative_90p_3d_0161,2012-03-06,2012-03-08,3,35.050426,34.377091666666665,2.1979994000000076,1.5960012000000035,66,68,2012,3,2010
relative_90p_3d,relative_90p_3d_0162,2012-05-23,2012-05-25,3,36.060425,35.79375866666667,2.5600001999999975,1.195001099999999,144,146,2012,5,2010
relative_90p_3d,relative_90p_3d_0163,2012-06-06,2012-06-08,3,35.570423,35.00042333333334,1.4149986999999982,1.0659999000000013,158,160,2012,6,2010
relative_90p_3d,relative_90p_3d_0164,2012-06-12,2012-06-14,3,34.290424,34.147092,0.4569990999999973,0.36999899999999997,164,166,2012,6,2010
relative_90p_3d,relative_90p_3d_0165,2012-06-27,2012-07-02,6,35.260426,33.67209183333333,5.4010009,2.4300010000000043,179,184,2012,6,2010
relative_90p_3d,relative_90p_3d_0166,2012-08-14,2012-08-18,5,34.270424,33.3424258,1.9879989999999879,1.3299979999999962,227,231,2012,8,2010
relative_90p_3d,relative_90p_3d_0167,2012-10-29,2012-11-01,4,32.280426,32.03042475,1.0900009999999938,0.5600009999999997,303,306,2012,10,2010
relative_90p_3d,relative_90p_3d_0168,2013-01-17,2013-01-19,3,27.600426,27.337091666666666,1.862998999999995,0.8670008999999972,17,19,2013,1,2010
relative_90p_3d,relative_90p_3d_0169,2013-06-11,2013-06-13,3,34.960426,34.53709133333333,1.4469960999999927,0.8599999999999994,162,164,2013,6,2010
relative_90p_3d,relative_90p_3d_0170,2013-06-16,2013-06-24,9,35.390427,34.41931366666667,9.503000799999995,1.7100030000000004,167,175,2013,6,2010
relative_90p_3d,relative_90p_3d_0171,2013-07-21,2013-07-23,3,33.900425,33.623759,2.0979991999999896,0.9790000999999933,202,204,2013,7,2010
relative_90p_3d,relative_90p_3d_0172,2013-08-02,2013-08-04,3,33.480427,33.39709233333333,1.3129999999999953,0.518999799999996,214,216,2013,8,2010
relative_90p_3d,relative_90p_3d_0173,2013-08-24,2013-08-26,3,34.660423,34.21042500000001,3.4350021000000055,1.5679990000000004,236,238,2013,8,2010
relative_90p_3d,relative_90p_3d_0174,2013-09-21,2013-09-24,4,35.750423,34.205423999999994,3.654998699999993,2.4799989999999994,264,267,2013,9,2010
relative_90p_3d,relative_90p_3d_0175,2013-10-11,2013-10-13,3,33.590424,33.38708999999999,1.60399859999999,0.7620007999999956,284,286,2013,10,2010
relative_90p_3d,relative_90p_3d_0176,2014-04-20,2014-04-26,7,38.460426,37.41328285714286,7.496000800000012,2.130001,110,116,2014,4,2010
relative_90p_3d,relative_90p_3d_0177,2014-05-13,2014-05-23,11,36.680424,36.11042472727273,13.490998399999988,1.815000099999999,133,143,2014,5,2010
relative_90p_3d,relative_90p_3d_0178,2014-06-12,2014-06-17,6,35.820423,34.772091499999995,5.284997099999991,1.7669970999999975,163,168,2014,6,2010
relative_90p_3d,relative_90p_3d_0179,2014-07-06,2014-07-13,8,34.940426,33.775424875,7.996996000000003,2.0900000000000034,187,194,2014,7,2010
relative_90p_3d,relative_90p_3d_0180,2014-07-31,2014-08-02,3,34.630424,33.80042533333333,2.410998400000004,1.6459972999999977,212,214,2014,7,2010
relative_90p_3d,relative_90p_3d_0181,2014-10-01,2014-10-03,3,34.130424,33.563758666666665,1.2340009999999992,0.977998999999997,274,276,2014,10,2010
relative_90p_3d,relative_90p_3d_0182,2014-10-05,2014-10-10,6,34.570423,34.02875766666667,6.31699829999998,1.6179988999999964,278,283,2014,10,2010
relative_90p_3d,relative_90p_3d_0183,2014-11-06,2014-11-08,3,33.140427,32.54375833333333,3.819002000000001,1.8600030000000025,310,312,2014,11,2010
relative_90p_3d,relative_90p_3d_0184,2015-08-09,2015-08-11,3,33.590424,33.273758,1.0179981999999939,0.6689990999999935,221,223,2015,8,2010
relative_90p_3d,relative_90p_3d_0185,2015-09-06,2015-09-10,5,34.600426,33.790426,3.7320061999999794,1.5390011999999942,249,253,2015,9,2010
relative_90p_3d,relative_90p_3d_0186,2015-09-12,2015-09-14,3,34.630424,34.200424,2.9859968999999893,1.427999899999996,255,257,2015,9,2010
relative_90p_3d,relative_90p_3d_0187,2015-09-25,2015-10-06,12,34.980427,34.02625858333334,10.361006600000003,1.7790028000000007,268,279,2015,9,2010
relative_90p_3d,relative_90p_3d_0188,2015-11-20,2015-11-23,4,31.240425,30.54042475,3.495997199999998,1.5,324,327,2015,11,2010
relative_90p_3d,relative_90p_3d_0189,2016-02-17,2016-02-21,5,34.000423,32.3824252,7.938000899999992,2.976997099999995,48,52,2016,2,2010
relative_90p_3d,relative_90p_3d_0190,2016-04-29,2016-05-01,3,36.590424,36.470424666666666,1.5119971999999962,0.6970011000000014,120,122,2016,4,2010
relative_90p_3d,relative_90p_3d_0191,2016-06-24,2016-06-30,7,34.680424,33.824710428571436,6.560997700000009,1.7769991000000047,176,182,2016,6,2010
relative_90p_3d,relative_90p_3d_0192,2016-07-30,2016-08-01,3,33.880424,33.600424000000004,1.8599967999999976,0.8589997999999994,212,214,2016,7,2010
relative_90p_3d,relative_90p_3d_0193,2016-08-13,2016-08-16,4,34.460426,33.99542425,4.177992999999994,1.5179999999999936,226,229,2016,8,2010
relative_90p_3d,relative_90p_3d_0194,2016-08-23,2016-08-25,3,35.260426,34.29375866666666,3.7670011000000017,2.1900030000000044,236,238,2016,8,2010
relative_90p_3d,relative_90p_3d_0195,2016-09-15,2016-09-17,3,34.180424,33.87375766666667,1.8360008999999948,0.9389991999999978,259,261,2016,9,2010
relative_90p_3d,relative_90p_3d_0196,2016-09-29,2016-10-04,6,34.790424,33.91542483333333,4.488999600000007,1.5889998000000034,273,278,2016,9,2010
relative_90p_3d,relative_90p_3d_0197,2016-10-15,2016-10-25,11,34.290424,33.272243090909086,8.406001199999992,1.6890017999999998,289,299,2016,10,2010
relative_90p_3d,relative_90p_3d_0198,2016-10-31,2016-11-03,4,33.440426,33.127925,6.005002799999996,1.8200020000000023,305,308,2016,10,2010
relative_90p_3d,relative_90p_3d_0199,2016-11-30,2016-12-08,9,29.550425,29.265980111111112,7.625997799999997,1.345999899999999,335,343,2016,11,2010
relative_90p_3d,relative_90p_3d_0200,2016-12-23,2016-12-26,4,27.660425,27.5454255,2.5360018999999916,0.7690009999999958,358,361,2016,12,2010
relative_90p_3d,relative_90p_3d_0201,2017-05-23,2017-05-25,3,35.470425,35.350426,1.230002199999987,0.6050010999999955,143,145,2017,5,2010
relative_90p_3d,relative_90p_3d_0202,2017-07-15,2017-07-18,4,34.480427,33.962925999999996,4.366002999999999,1.610000999999997,196,199,2017,7,2010
relative_90p_3d,relative_90p_3d_0203,2017-09-04,2017-09-07,4,33.890427,33.5454255,2.0720018999999965,0.8670028000000016,247,250,2017,9,2010
relative_90p_3d,relative_90p_3d_0204,2017-09-22,2017-09-26,5,34.630424,34.0964246,4.1160019000000005,1.3780008999999964,265,269,2017,9,2010
relative_90p_3d,relative_90p_3d_0205,2017-10-03,2017-10-06,4,34.630424,34.275425,4.8130000999999965,1.6389991999999936,276,279,2017,10,2010
relative_90p_3d,relative_90p_3d_0206,2017-10-11,2017-10-17,7,34.440426,33.568996285714285,5.3220025999999905,1.612002799999999,284,290,2017,10,2010
relative_90p_3d,relative_90p_3d_0207,2017-11-04,2017-11-08,5,32.610424,32.1484256,4.079005999999996,1.2099990000000034,308,312,2017,11,2010
relative_90p_3d,relative_90p_3d_0208,2017-11-11,2017-11-13,3,31.550425,31.450424666666667,1.7039989999999996,0.7889988999999993,315,317,2017,11,2010
relative_90p_3d,relative_90p_3d_0209,2017-11-18,2017-11-20,3,31.440426,30.94709233333333,2.934002899999996,1.4880018999999969,322,324,2017,11,2010
relative_90p_3d,relative_90p_3d_0210,2018-07-18,2018-07-20,3,36.700424,34.720424666666666,5.3559972999999985,3.75,199,201,2018,7,2010
relative_90p_3d,relative_90p_3d_0211,2018-08-09,2018-08-11,3,33.610424,33.227091333333334,0.8779981999999933,0.6889990999999966,221,223,2018,8,2010
relative_90p_3d,relative_90p_3d_0212,2018-08-13,2018-08-18,6,35.850426,34.18542516666667,7.427994999999996,2.9099999999999966,225,230,2018,8,2010
relative_90p_3d,relative_90p_3d_0213,2018-09-15,2018-09-20,6,35.770424,34.9337585,9.888003099999992,2.4790002000000015,258,263,2018,9,2010
relative_90p_3d,relative_90p_3d_0214,2018-09-28,2018-10-08,11,35.740425,34.36315290909091,13.791009899999992,2.588000000000001,271,281,2018,9,2010
relative_90p_3d,relative_90p_3d_0215,2018-11-27,2018-11-29,3,30.160425,29.773758333333333,2.4560001000000007,1.1789999999999985,331,333,2018,11,2010
relative_90p_3d,relative_90p_3d_0216,2019-01-22,2019-01-26,5,29.310425,28.274424600000003,4.216998899999993,1.600000999999999,22,26,2019,1,2010
relative_90p_3d,relative_90p_3d_0217,2019-05-06,2019-05-13,8,36.110424,35.626674375,4.7879985999999946,1.1789997999999997,126,133,2019,5,2010
relative_90p_3d,relative_90p_3d_0218,2019-05-20,2019-05-22,3,35.430424,35.28709033333333,1.2379979999999975,0.5700000000000003,140,142,2019,5,2010
relative_90p_3d,relative_90p_3d_0219,2019-06-10,2019-06-13,4,35.760426,35.145425,4.2569990999999945,1.707000100000002,161,164,2019,6,2010
relative_90p_3d,relative_90p_3d_0220,2019-06-16,2019-06-20,5,36.020424,34.5024246,4.861998799999988,2.6389996999999994,167,171,2019,6,2010
relative_90p_3d,relative_90p_3d_0221,2019-06-23,2019-06-26,4,35.480427,35.135425749999996,8.490004200000001,2.408003899999997,174,177,2019,6,2010
relative_90p_3d,relative_90p_3d_0222,2019-06-29,2019-07-01,3,34.760426,33.92375833333333,3.466998099999998,1.980000000000004,180,182,2019,6,2010
relative_90p_3d,relative_90p_3d_0223,2019-07-03,2019-07-05,3,33.440426,33.25709166666667,1.8530011000000002,0.8289982000000009,184,186,2019,7,2010
relative_90p_3d,relative_90p_3d_0224,2019-07-16,2019-07-21,6,35.850426,34.59875866666666,10.093999199999999,2.979999999999997,197,202,2019,7,2010
relative_90p_3d,relative_90p_3d_0225,2019-08-04,2019-08-06,3,35.960426,35.03709166666666,6.315999899999987,3.039001099999993,216,218,2019,8,2010
relative_90p_3d,relative_90p_3d_0226,2019-08-09,2019-08-11,3,36.000423,34.077091,3.427997199999993,3.0399969999999996,221,223,2019,8,2010
relative_90p_3d,relative_90p_3d_0227,2019-08-19,2019-08-22,4,34.940426,33.935426,3.8800038000000114,1.9670012000000057,231,234,2019,8,2010
relative_90p_3d,relative_90p_3d_0228,2019-08-25,2019-09-03,10,36.610424,34.3854247,13.24900119999998,3.5499989999999997,237,246,2019,8,2010
relative_90p_3d,relative_90p_3d_0229,2019-09-17,2019-09-21,5,35.360424,34.26642519999999,4.768001799999993,2.0559981999999977,260,264,2019,9,2010
relative_90p_3d,relative_90p_3d_0230,2019-10-17,2019-10-21,5,33.880424,33.3604246,3.7729970999999978,1.2889997999999991,290,294,2019,10,2010
relative_90p_3d,relative_90p_3d_0231,2019-11-14,2019-11-16,3,31.150425,30.930425,1.385999899999998,0.6389999000000017,318,320,2019,11,2010
relative_90p_3d,relative_90p_3d_0232,2019-11-26,2019-11-30,5,29.950424,29.572424599999998,3.114998100000001,1.0800020000000004,330,334,2019,11,2010
relative_90p_3d,relative_90p_3d_0233,2019-12-05,2019-12-07,3,29.450424,29.057091333333332,2.4259999000000008,1.1700000000000017,339,341,2019,12,2010
relative_90p_3d,relative_90p_3d_0234,2020-01-16,2020-01-18,3,28.160425,27.613758,2.8029989999999962,1.4299999999999997,16,18,2020,1,2020
relative_90p_3d,relative_90p_3d_0235,2020-07-01,2020-07-03,3,34.440426,33.933759,3.758004299999996,1.7279999000000004,183,185,2020,7,2020
relative_90p_3d,relative_90p_3d_0236,2020-07-30,2020-08-03,5,35.800426,34.06442560000001,5.434000000000005,2.8379999,212,216,2020,7,2020
relative_90p_3d,relative_90p_3d_0237,2020-08-07,2020-08-10,4,33.730427,33.457926,2.044001499999993,0.7480004000000022,220,223,2020,8,2020
relative_90p_3d,relative_90p_3d_0238,2020-09-02,2020-09-06,5,34.750423,34.148424399999996,5.580995999999985,1.726998799999997,246,250,2020,9,2020
relative_90p_3d,relative_90p_3d_0239,2020-10-08,2020-10-17,10,35.060425,34.204425,13.535004599999986,2.3400000000000034,282,291,2020,10,2020
relative_90p_3d,relative_90p_3d_0240,2020-10-26,2020-10-30,5,34.600426,33.1244256,6.1780028999999885,2.820001999999999,300,304,2020,10,2020
relative_90p_3d,relative_90p_3d_0241,2020-11-08,2020-11-15,8,32.480427,32.039175375,9.052005900000001,1.8090018999999984,313,320,2020,11,2020
relative_90p_3d,relative_90p_3d_0242,2020-11-28,2020-12-02,5,29.750425,29.244425200000002,2.2950028999999965,1.0480008999999981,333,337,2020,11,2020
relative_90p_3d,relative_90p_3d_0243,2021-01-03,2021-01-11,9,29.120424,27.829313666666664,13.496994299999994,2.844998099999998,3,11,2021,1,2020
relative_90p_3d,relative_90p_3d_0244,2021-02-26,2021-02-28,3,33.550426,32.94709133333333,2.625999,1.4580014000000006,57,59,2021,2,2020
relative_90p_3d,relative_90p_3d_0245,2021-04-12,2021-04-14,3,36.490425,36.23042566666667,0.838003999999998,0.5790018000000003,102,104,2021,4,2020
relative_90p_3d,relative_90p_3d_0246,2021-04-24,2021-04-30,7,38.270424,37.027567142857144,5.577992599999995,1.9379988999999966,114,120,2021,4,2020
relative_90p_3d,relative_90p_3d_0247,2021-05-22,2021-05-24,3,36.590424,36.22375766666667,4.008997399999991,1.7250000999999955,142,144,2021,5,2020
relative_90p_3d,relative_90p_3d_0248,2021-07-11,2021-07-13,3,34.370426,34.06709266666667,3.6400020000000026,1.5200000000000031,192,194,2021,7,2020
relative_90p_3d,relative_90p_3d_0249,2021-07-15,2021-07-18,4,33.900425,33.375425250000006,2.0159999999999982,1.0390007999999966,196,199,2021,7,2020
relative_90p_3d,relative_90p_3d_0250,2021-07-25,2021-07-27,3,33.720425,33.51709133333333,1.9339952999999923,0.8479988999999932,206,208,2021,7,2020
relative_90p_3d,relative_90p_3d_0251,2021-08-22,2021-08-24,3,34.380424,34.093757333333336,3.263995300000005,1.3699979999999954,234,236,2021,8,2020
relative_90p_3d,relative_90p_3d_0252,2021-09-02,2021-09-06,5,34.750423,33.872425,4.200998999999982,1.728999199999997,245,249,2021,9,2020
relative_90p_3d,relative_90p_3d_0253,2021-09-09,2021-09-12,4,35.350426,34.49542425,5.626996199999994,2.2590018,252,255,2021,9,2020
relative_90p_3d,relative_90p_3d_0254,2021-09-23,2021-09-27,5,35.600426,34.8304254,7.885007700000003,2.3300020000000004,266,270,2021,9,2020
relative_90p_3d,relative_90p_3d_0255,2021-09-30,2021-10-02,3,33.680424,33.50375866666667,1.0050018000000023,0.5279990000000012,273,275,2021,9,2020
relative_90p_3d,relative_90p_3d_0256,2021-10-06,2021-10-12,7,35.280426,34.12471042857143,8.302002899999984,2.380001,279,285,2021,10,2020
relative_90p_3d,relative_90p_3d_0257,2021-10-14,2021-10-17,4,36.270424,34.92542525,8.598000999999996,3.478999799999997,287,290,2021,10,2020
relative_90p_3d,relative_90p_3d_0258,2021-10-28,2021-10-30,3,33.100426,32.547091333333334,2.179998999999995,1.270000999999997,301,303,2021,10,2020
relative_90p_3d,relative_90p_3d_0259,2021-11-22,2021-11-24,3,30.260426,30.033758333333335,1.7179971999999992,0.6600000000000001,326,328,2021,11,2020
relative_90p_3d,relative_90p_3d_0260,2021-11-30,2021-12-03,4,30.040424,29.5629245,3.674998900000002,1.3379998999999998,334,337,2021,11,2020
relative_90p_3d,relative_90p_3d_0261,2022-01-07,2022-01-10,4,27.660425,27.182924749999998,3.135998100000002,1.3160001000000001,7,10,2022,1,2020
relative_90p_3d,relative_90p_3d_0262,2022-03-15,2022-03-18,4,35.440426,35.04792525,0.9829998999999958,0.5679998999999967,74,77,2022,3,2020
relative_90p_3d,relative_90p_3d_0263,2022-07-07,2022-07-18,12,34.640427,33.93375808333333,13.253994800000001,1.7900010000000037,188,199,2022,7,2020
relative_90p_3d,relative_90p_3d_0264,2022-08-16,2022-08-18,3,36.130424,34.973757,6.099992999999991,3.1899979999999957,228,230,2022,8,2020
relative_90p_3d,relative_90p_3d_0265,2022-08-29,2022-09-01,4,34.210426,33.93792499999999,3.5460008999999886,1.150000999999996,241,244,2022,8,2020
relative_90p_3d,relative_90p_3d_0266,2022-09-07,2022-09-09,3,35.220425,34.98709133333333,5.7760001999999915,2.159000199999994,250,252,2022,9,2020
relative_90p_3d,relative_90p_3d_0267,2022-09-28,2022-10-01,4,34.150425,33.9529245,3.0429987000000054,0.9490008000000003,271,274,2022,9,2020
relative_90p_3d,relative_90p_3d_0268,2022-10-07,2022-10-10,4,34.020424,33.545424499999996,2.3310008999999923,1.018000899999997,280,283,2022,10,2020
relative_90p_3d,relative_90p_3d_0269,2022-10-15,2022-10-17,3,33.120426,33.037091333333336,0.8179990000000004,0.40000100000000316,288,290,2022,10,2020
relative_90p_3d,relative_90p_3d_0270,2022-10-19,2022-10-22,4,34.270424,33.5729245,4.222998999999994,1.8580008999999933,292,295,2022,10,2020
relative_90p_3d,relative_90p_3d_0271,2022-10-31,2022-11-02,3,33.110424,32.733757,3.159997999999998,1.389999000000003,304,306,2022,10,2020
relative_90p_3d,relative_90p_3d_0272,2022-11-05,2022-11-07,3,31.920425,31.580424333333337,0.7389990000000033,0.5990000000000002,309,311,2022,11,2020
relative_90p_3d,relative_90p_3d_0273,2022-11-25,2022-12-03,9,30.500425,29.835980777777777,8.741003999999993,1.7389989999999997,329,337,2022,11,2020
relative_90p_3d,relative_90p_3d_0274,2023-01-24,2023-01-27,4,28.470425,28.14542475,2.0699999999999896,0.760000999999999,24,27,2023,1,2020
relative_90p_3d,relative_90p_3d_0275,2023-04-08,2023-04-20,13,39.550426,37.95504007692308,24.119994099999985,3.5390001999999967,98,110,2023,4,2020
relative_90p_3d,relative_90p_3d_0276,2023-05-06,2023-05-13,8,40.200424,37.89917475,22.968001599999994,5.157000099999998,126,133,2023,5,2020
relative_90p_3d,relative_90p_3d_0277,2023-05-29,2023-06-07,10,37.900425,36.5514247,17.141003400000002,3.229999999999997,149,158,2023,5,2020
relative_90p_3d,relative_90p_3d_0278,2023-07-08,2023-07-10,3,33.360424,33.11709233333334,0.967000800000001,0.5799980000000033,189,191,2023,7,2020
relative_90p_3d,relative_90p_3d_0279,2023-07-18,2023-07-26,9,34.720425,34.18598033333333,11.499989899999989,1.869999,199,207,2023,7,2020
relative_90p_3d,relative_90p_3d_0280,2023-07-28,2023-08-01,5,35.930424,34.826424599999996,9.405998599999997,2.994999700000001,209,213,2023,7,2020
relative_90p_3d,relative_90p_3d_0281,2023-08-17,2023-08-21,5,35.190426,34.1284248,5.8729966000000005,2.25,229,233,2023,8,2020
relative_90p_3d,relative_90p_3d_0282,2023-08-29,2023-09-06,9,35.910423,34.85153577777778,16.296996899999975,2.8989971999999966,241,249,2023,8,2020
relative_90p_3d,relative_90p_3d_0283,2023-09-09,2023-09-11,3,34.680424,34.06375766666667,3.026998199999994,1.6689981999999972,252,254,2023,9,2020
relative_90p_3d,relative_90p_3d_0284,2023-09-15,2023-09-17,3,36.060425,34.90375766666667,4.926000899999991,2.7690008000000006,258,260,2023,9,2020
relative_90p_3d,relative_90p_3d_0285,2023-09-25,2023-09-29,5,35.400425,34.16442500000001,4.663002700000007,2.1990008000000003,268,272,2023,9,2020
relative_90p_3d,relative_90p_3d_0286,2023-10-09,2023-10-15,7,33.840424,33.30042428571428,3.0870001999999914,1.0120007999999956,282,288,2023,10,2020
relative_90p_3d,relative_90p_3d_0287,2023-10-30,2023-11-06,8,34.110424,32.5004245,7.544000800000006,2.41,303,310,2023,10,2020
relative_90p_3d,relative_90p_3d_0288,2023-11-12,2023-11-15,4,31.940426,31.5429255,3.503001899999994,1.3590009999999957,316,319,2023,11,2020
relative_90p_3d,relative_90p_3d_0289,2023-11-26,2023-11-28,3,30.670425,30.403758333333332,4.0860001,1.689,330,332,2023,11,2020
relative_90p_3d,relative_90p_3d_0290,2023-11-30,2023-12-04,5,30.280424,29.6044252,5.052001899999993,1.5779998999999982,334,338,2023,11,2020
relative_90p_3d,relative_90p_3d_0291,2023-12-27,2023-12-30,4,27.770426,27.220425,3.179999999999996,1.3870018999999978,361,364,2023,12,2020
relative_90p_3d,relative_90p_3d_0292,2024-04-19,2024-05-05,17,38.750423,37.43571911764706,23.364990300000002,2.9070001000000047,110,126,2024,4,2020
relative_90p_3d,relative_90p_3d_0293,2024-05-14,2024-05-17,4,36.750423,36.10542375,4.902991499999985,1.8579963999999975,135,138,2024,5,2020
relative_90p_3d,relative_90p_3d_0294,2024-05-23,2024-05-25,3,37.490425,37.053759,6.340001199999989,2.5449990999999983,144,146,2024,5,2020
relative_90p_3d,relative_90p_3d_0295,2024-06-23,2024-06-27,5,34.630424,34.090424199999994,5.568997299999992,1.6479974000000013,175,179,2024,6,2020
relative_90p_3d,relative_90p_3d_0296,2024-07-13,2024-07-21,9,35.650425,34.062646666666666,10.483995199999981,2.756998199999998,195,203,2024,7,2020
relative_90p_3d,relative_90p_3d_0297,2024-07-25,2024-07-30,6,35.040424,34.05042433333333,6.964993799999988,2.167997899999996,207,212,2024,7,2020
relative_90p_3d,relative_90p_3d_0298,2024-08-13,2024-08-15,3,35.040424,34.287091333333336,3.9979960000000005,2.0799980000000033,226,228,2024,8,2020
relative_90p_3d,relative_90p_3d_0299,2024-08-29,2024-08-31,3,34.870426,34.377093,3.9860048999999975,1.8100009999999997,242,244,2024,8,2020
relative_90p_3d,relative_90p_3d_0300,2024-09-06,2024-09-12,7,35.160423,34.326139142857144,8.780999999999985,2.1089970999999963,250,256,2024,9,2020
relative_90p_3d,relative_90p_3d_0301,2024-09-17,2024-09-20,4,37.650425,35.700425249999995,9.581000999999986,4.307000799999997,261,264,2024,9,2020
relative_90p_3d,relative_90p_3d_0302,2024-09-22,2024-09-24,3,35.950424,34.960424999999994,5.058001899999994,2.6499979999999965,266,268,2024,9,2020
relative_90p_3d,relative_90p_3d_0303,2024-10-27,2024-11-05,10,33.150425,32.44542510000001,7.7130046999999955,1.2999989999999997,301,310,2024,10,2020
relative_90p_3d,relative_90p_3d_0304,2024-11-09,2024-11-15,7,31.840425,31.284710999999998,2.9420038999999996,0.7789999999999999,314,320,2024,11,2020
relative_95p_3d,relative_95p_3d_0001,1972-05-10,1972-05-19,10,37.200424,36.71242529999999,13.69450835000002,1.9524995499999989,131,140,1972,5,1970
relative_95p_3d,relative_95p_3d_0002,1972-06-08,1972-06-12,5,36.120426,35.290425000000006,3.304003100000024,1.6500010000000032,160,164,1972,6,1970
relative_95p_3d,relative_95p_3d_0003,1972-07-11,1972-07-13,3,35.310425,34.52375800000001,4.03049845000001,2.094499550000002,193,195,1972,7,1970
relative_95p_3d,relative_95p_3d_0004,1972-11-28,1972-12-05,8,31.260426,29.92542475,7.906498650000014,2.4845010999999992,333,340,1972,11,1970
relative_95p_3d,relative_95p_3d_0005,1972-12-30,1973-01-02,4,29.350426,28.127925,5.777998,2.7045010000000005,365,2,1972,12,1970
relative_95p_3d,relative_95p_3d_0006,1973-01-08,1973-01-10,3,28.180426,28.133758666666665,3.752503449999999,1.3045019999999994,8,10,1973,1,1970
relative_95p_3d,relative_95p_3d_0007,1973-03-31,1973-04-05,6,38.500423,37.200425333333335,4.893005850000016,2.13949865,90,95,1973,3,1970
relative_95p_3d,relative_95p_3d_0008,1973-04-07,1973-04-12,6,37.510426,37.057092000000004,3.03349810000001,0.9325000000000045,97,102,1973,4,1970
relative_95p_3d,relative_95p_3d_0009,1975-04-07,1975-04-10,4,37.890427,37.382925,3.241996550000003,1.3345015499999988,97,100,1975,4,1970
relative_95p_3d,relative_95p_3d_0010,1975-04-28,1975-05-03,6,38.290424,37.7070915,7.117499350000003,1.5445001000000005,118,123,1975,4,1970
relative_95p_3d,relative_95p_3d_0011,1975-05-06,1975-05-11,6,39.250423,38.17542516666666,15.462000000000018,3.544497900000003,126,131,1975,5,1970
relative_95p_3d,relative_95p_3d_0012,1976-02-18,1976-02-20,3,32.680424,32.00375833333333,1.232998900000009,0.9104990000000086,49,51,1976,2,1970
relative_95p_3d,relative_95p_3d_0013,1976-04-08,1976-04-10,3,37.650425,37.057092,1.437498000000005,1.0724990000000005,99,101,1976,4,1970
relative_95p_3d,relative_95p_3d_0014,1976-04-16,1976-04-18,3,38.160423,37.600424333333336,2.1234995500000053,1.2544991000000039,107,109,1976,4,1970
relative_95p_3d,relative_95p_3d_0015,1978-11-24,1978-11-26,3,30.110424,29.927091666666666,0.9545010000000005,0.4944999999999986,328,330,1978,11,1970
relative_95p_3d,relative_95p_3d_0016,1979-03-25,1979-03-27,3,37.820423,37.01042433333333,2.4404984499999998,1.6334985499999988,84,86,1979,3,1970
relative_95p_3d,relative_95p_3d_0017,1979-03-30,1979-04-05,7,39.240425,38.01471057142857,11.432503500000017,2.8300020000000004,89,95,1979,3,1970
relative_95p_3d,relative_95p_3d_0018,1979-05-18,1979-05-20,3,39.250423,38.423758,9.411001000000006,3.9799989999999994,138,140,1979,5,1970
relative_95p_3d,relative_95p_3d_0019,1979-05-22,1979-06-06,16,40.180424,38.2298000625,45.46300160000003,4.7444989000000035,142,157,1979,5,1970
relative_95p_3d,relative_95p_3d_0020,1979-11-23,1979-11-27,5,31.270426,30.632425,4.968001100000002,1.6545020000000008,327,331,1979,11,1970
relative_95p_3d,relative_95p_3d_0021,1980-04-07,1980-04-11,5,38.340424,37.8224242,6.295492650000007,1.7624980000000008,98,102,1980,4,1980
relative_95p_3d,relative_95p_3d_0022,1981-09-23,1981-09-25,3,34.830425,34.170425333333334,1.4460025499999958,1.1545005499999945,266,268,1981,9,1980
relative_95p_3d,relative_95p_3d_0023,1982-01-24,1982-01-27,4,29.340425,28.530425,1.4904991000000116,1.1679994500000035,24,27,1982,1,1980
relative_95p_3d,relative_95p_3d_0024,1983-07-12,1983-07-14,3,33.940426,33.600424333333336,1.2279975500000049,0.7245005500000019,193,195,1983,7,1980
relative_95p_3d,relative_95p_3d_0025,1985-11-15,1985-11-17,3,32.080425,31.453759,1.8715034500000023,1.272500449999999,319,321,1985,11,1980
relative_95p_3d,relative_95p_3d_0026,1985-12-23,1985-12-25,3,28.050425,27.810425,1.519000100000003,0.6700000000000017,357,359,1985,12,1980
relative_95p_3d,relative_95p_3d_0027,1986-08-09,1986-08-11,3,34.790424,34.207091,2.485997900000001,1.437998450000002,221,223,1986,8,1980
relative_95p_3d,relative_95p_3d_0028,1987-04-03,1987-04-07,5,37.990425,37.2924248,4.141002450000009,1.5470009000000076,93,97,1987,4,1980
relative_95p_3d,relative_95p_3d_0029,1987-05-25,1987-05-31,7,36.060425,35.83042485714286,2.3880008500000116,0.5305002000000059,145,151,1987,5,1980
relative_95p_3d,relative_95p_3d_0030,1987-12-20,1987-12-22,3,28.020426,27.757091666666668,0.4525010000000016,0.39450199999999924,354,356,1987,12,1980
relative_95p_3d,relative_95p_3d_0031,1989-04-14,1989-04-16,3,37.310425,37.187092,1.4975013500000074,0.639500450000007,104,106,1989,4,1980
relative_95p_3d,relative_95p_3d_0032,1990-01-28,1990-01-30,3,29.770426,28.883758666666665,1.720502100000001,1.4745014499999982,28,30,1990,1,1990
relative_95p_3d,relative_95p_3d_0033,1991-03-18,1991-03-20,3,36.610424,36.443758333333335,1.9624997500000063,0.8779996500000067,77,79,1991,3,1990
relative_95p_3d,relative_95p_3d_0034,1992-04-10,1992-04-14,5,37.970425,37.2404244,3.4674949000000055,1.378999450000002,101,105,1992,4,1990
relative_95p_3d,relative_95p_3d_0035,1992-10-29,1992-10-31,3,32.650425,32.53709166666666,1.1825005500000074,0.5445001000000005,303,305,1992,10,1990
relative_95p_3d,relative_95p_3d_0036,1995-03-20,1995-03-25,6,37.880424,37.080425166666664,6.406998350000009,1.7759979000000001,79,84,1995,3,1990
relative_95p_3d,relative_95p_3d_0037,1995-05-02,1995-05-04,3,37.260426,36.840425,1.786999900000005,1.0435003500000022,122,124,1995,5,1990
relative_95p_3d,relative_95p_3d_0038,1996-09-13,1996-09-15,3,35.170425,34.740425,3.052498100000001,1.4689990000000037,257,259,1996,9,1990
relative_95p_3d,relative_95p_3d_0039,1998-10-06,1998-10-12,7,34.360424,33.97613857142857,3.6249875500000215,0.8999980000000036,279,285,1998,10,1990
relative_95p_3d,relative_95p_3d_0040,1998-11-16,1998-11-21,6,32.230427,31.53042566666667,5.874006000000001,1.6600019999999986,320,325,1998,11,1990
relative_95p_3d,relative_95p_3d_0041,1999-01-03,1999-01-05,3,27.010426,26.863758999999998,0.6525003500000004,0.42350045000000236,3,5,1999,1,1990
relative_95p_3d,relative_95p_3d_0042,1999-02-11,1999-02-13,3,31.370424,31.123758,1.7754980000000096,0.8589984500000014,42,44,1999,2,1990
relative_95p_3d,relative_95p_3d_0043,1999-03-09,1999-03-11,3,35.420425,35.35709266666667,2.2385014500000153,0.8715005500000075,68,70,1999,3,1990
relative_95p_3d,relative_95p_3d_0044,2000-07-03,2000-07-05,3,34.090424,33.85375866666667,2.60800325000001,1.1744999000000007,185,187,2000,7,2000
relative_95p_3d,relative_95p_3d_0045,2003-08-05,2003-08-07,3,34.160423,33.95375833333333,1.6050014500000316,0.8189974500000048,217,219,2003,8,2000
relative_95p_3d,relative_95p_3d_0046,2004-12-10,2004-12-13,4,28.780424,28.562924749999997,1.195499800000011,0.6379994500000024,345,348,2004,12,2000
relative_95p_3d,relative_95p_3d_0047,2006-02-24,2006-02-28,5,35.250423,33.8144248,5.207998400000001,2.325997799999996,55,59,2006,2,2000
relative_95p_3d,relative_95p_3d_0048,2006-05-22,2006-05-24,3,36.220425,35.763758333333335,1.031999000000006,0.8785004500000042,142,144,2006,5,2000
relative_95p_3d,relative_95p_3d_0049,2006-12-20,2006-12-22,3,28.530424,28.280424,2.022497999999999,0.9044999999999987,354,356,2006,12,2000
relative_95p_3d,relative_95p_3d_0050,2008-01-07,2008-01-12,6,28.180426,27.408758500000005,3.0195039000000037,1.2645009999999992,7,12,2008,1,2000
relative_95p_3d,relative_95p_3d_0051,2008-05-01,2008-05-03,3,37.740425,37.17709233333333,2.437000900000008,1.2544991000000039,122,124,2008,5,2000
relative_95p_3d,relative_95p_3d_0052,2008-10-16,2008-10-19,4,33.640427,33.43542575000001,1.1965013000000084,0.3805010000000095,290,293,2008,10,2000
relative_95p_3d,relative_95p_3d_0053,2008-10-21,2008-10-23,3,33.410423,33.07042433333333,0.6984981000000019,0.44449755000000124,295,297,2008,10,2000
relative_95p_3d,relative_95p_3d_0054,2008-12-11,2008-12-13,3,28.890425,28.61042466666667,1.1664993500000094,0.6749994500000049,346,348,2008,12,2000
relative_95p_3d,relative_95p_3d_0055,2009-01-08,2009-01-10,3,27.540424,27.203758000000004,0.9625014500000013,0.6434994500000037,8,10,2009,1,2000
relative_95p_3d,relative_95p_3d_0056,2009-05-08,2009-05-10,3,37.430424,37.34709166666667,5.368500650000016,1.9335015500000026,128,130,2009,5,2000
relative_95p_3d,relative_95p_3d_0057,2009-06-16,2009-06-19,4,36.380424,35.16542425,4.428499450000011,2.4044979000000026,167,170,2009,6,2000
relative_95p_3d,relative_95p_3d_0058,2009-06-21,2009-06-23,3,34.580425,34.23042433333334,1.684999100000013,0.7600020000000001,172,174,2009,6,2000
relative_95p_3d,relative_95p_3d_0059,2009-07-17,2009-07-20,4,34.380424,33.71042525,1.5350023499999992,1.0034983499999939,198,201,2009,7,2000
relative_95p_3d,relative_95p_3d_0060,2009-11-13,2009-11-16,4,32.660423,31.985425,3.471000900000007,1.4725014499999993,317,320,2009,11,2000
relative_95p_3d,relative_95p_3d_0061,2010-03-21,2010-03-24,4,36.510426,36.280425,1.108996700000013,0.40599990000000474,80,83,2010,3,2010
relative_95p_3d,relative_95p_3d_0062,2010-04-20,2010-04-24,5,38.490425,37.65242440000001,3.6489984500000148,1.630500000000005,110,114,2010,4,2010
relative_95p_3d,relative_95p_3d_0063,2010-08-08,2010-08-10,3,34.700424,34.03042466666667,1.9784988999999982,1.3479984499999986,220,222,2010,8,2010
relative_95p_3d,relative_95p_3d_0064,2010-10-03,2010-10-05,3,35.310425,35.03709166666667,4.524999100000009,1.8244991000000041,276,278,2010,10,2010
relative_95p_3d,relative_95p_3d_0065,2010-10-19,2010-10-21,3,33.350426,33.18042633333334,0.5090026499999993,0.29999999999999716,292,294,2010,10,2010
relative_95p_3d,relative_95p_3d_0066,2011-10-10,2011-10-12,3,34.010426,33.847092,1.1859981000000133,0.5500000000000043,283,285,2011,10,2010
relative_95p_3d,relative_95p_3d_0067,2011-11-22,2011-11-25,4,30.760426,30.442925250000002,2.31750155000001,0.8400009999999973,326,329,2011,11,2010
relative_95p_3d,relative_95p_3d_0068,2011-12-07,2011-12-09,3,28.580425,28.55375766666667,0.3234970000000068,0.12899900000000386,341,343,2011,12,2010
relative_95p_3d,relative_95p_3d_0069,2011-12-27,2012-01-01,6,28.530424,27.98375833333333,6.841497900000004,1.6944990000000004,361,1,2011,12,2010
relative_95p_3d,relative_95p_3d_0070,2012-05-23,2012-05-25,3,36.060425,35.79375866666667,0.9339997500000123,0.628999450000002,144,146,2012,5,2010
relative_95p_3d,relative_95p_3d_0071,2013-06-16,2013-06-23,8,35.390427,34.56917475,5.422502000000037,1.243503550000007,167,174,2013,6,2010
relative_95p_3d,relative_95p_3d_0072,2013-08-24,2013-08-26,3,34.660423,34.21042500000001,2.398003650000007,1.2389994500000014,236,238,2013,8,2010
relative_95p_3d,relative_95p_3d_0073,2014-04-22,2014-04-24,3,38.460426,38.19375866666667,3.955502100000011,1.6005010000000013,112,114,2014,4,2010
relative_95p_3d,relative_95p_3d_0074,2014-05-13,2014-05-16,4,36.440426,36.29042525,3.7515028000000115,1.1700020000000038,133,136,2014,5,2010
relative_95p_3d,relative_95p_3d_0075,2014-05-18,2014-05-23,6,36.680424,36.13875766666666,4.928498900000022,1.248998450000002,138,143,2014,5,2010
relative_95p_3d,relative_95p_3d_0076,2014-06-12,2014-06-14,3,35.820423,35.427091,2.977997649999999,1.3499979999999994,163,165,2014,6,2010
relative_95p_3d,relative_95p_3d_0077,2014-10-08,2014-10-10,3,34.570423,34.013757,1.6489924500000015,1.109997,281,283,2014,10,2010
relative_95p_3d,relative_95p_3d_0078,2014-11-06,2014-11-08,3,33.140427,32.54375833333333,2.686502100000009,1.4760030000000057,310,312,2014,11,2010
relative_95p_3d,relative_95p_3d_0079,2015-09-08,2015-09-10,3,34.600426,33.970425999999996,1.4035048000000074,0.995501350000005,251,253,2015,9,2010
relative_95p_3d,relative_95p_3d_0080,2015-09-29,2015-10-04,6,34.980427,34.42209183333333,5.063003549999991,1.370002999999997,272,277,2015,9,2010
relative_95p_3d,relative_95p_3d_0081,2015-11-20,2015-11-23,4,31.240425,30.54042475,1.276499550000004,0.9089999999999989,324,327,2015,11,2010
relative_95p_3d,relative_95p_3d_0082,2016-02-18,2016-02-21,4,34.000423,32.807925,4.583500000000008,2.1304991000000015,49,52,2016,2,2010
relative_95p_3d,relative_95p_3d_0083,2016-06-25,2016-06-30,6,34.680424,33.90875833333334,3.6449999500000203,1.304499100000001,177,182,2016,6,2010
relative_95p_3d,relative_95p_3d_0084,2016-08-13,2016-08-16,4,34.460426,33.99542425,2.203998350000006,1.0245008999999996,226,229,2016,8,2010
relative_95p_3d,relative_95p_3d_0085,2016-10-02,2016-10-04,3,34.270424,33.970424666666666,1.2504989999999978,0.6989990000000006,276,278,2016,10,2010
relative_95p_3d,relative_95p_3d_0086,2016-10-16,2016-10-20,5,34.290424,33.9844252,4.360999400000004,1.2299999999999969,290,294,2016,10,2010
relative_95p_3d,relative_95p_3d_0087,2016-10-31,2016-11-03,4,33.440426,33.127925,4.388001200000005,1.3745021000000008,305,308,2016,10,2010
relative_95p_3d,relative_95p_3d_0088,2016-12-01,2016-12-08,8,29.550425,29.3104245,5.135995100000002,1.0045000000000002,336,343,2016,12,2010
relative_95p_3d,relative_95p_3d_0089,2016-12-23,2016-12-26,4,27.660425,27.5454255,1.083501100000003,0.39900109999999955,358,361,2016,12,2010
relative_95p_3d,relative_95p_3d_0090,2017-07-15,2017-07-18,4,34.480427,33.962925999999996,2.822503000000019,1.204501900000004,196,199,2017,7,2010
relative_95p_3d,relative_95p_3d_0091,2017-09-22,2017-09-24,3,34.630424,34.530424333333336,2.384998549999999,0.9169994499999987,265,267,2017,9,2010
relative_95p_3d,relative_95p_3d_0092,2017-10-04,2017-10-06,3,34.630424,34.553757999999995,3.174996550000003,1.158997450000001,277,279,2017,10,2010
relative_95p_3d,relative_95p_3d_0093,2017-11-04,2017-11-08,5,32.610424,32.1484256,2.1500051000000013,0.7934990000000006,308,312,2017,11,2010
relative_95p_3d,relative_95p_3d_0094,2018-08-15,2018-08-18,4,35.850426,34.6629255,5.042503549999999,2.4745010999999977,227,230,2018,8,2010
relative_95p_3d,relative_95p_3d_0095,2018-09-16,2018-09-20,5,35.770424,35.2044252,6.980500000000006,1.9735009000000048,259,263,2018,9,2010
relative_95p_3d,relative_95p_3d_0096,2018-09-28,2018-10-08,11,35.740425,34.36315290909091,9.031005,2.152500549999999,271,281,2018,9,2010
relative_95p_3d,relative_95p_3d_0097,2019-01-23,2019-01-26,4,29.310425,28.5554245,2.038498100000009,1.1379994500000024,23,26,2019,1,2010
relative_95p_3d,relative_95p_3d_0098,2019-05-10,2019-05-12,3,36.110424,35.827091,1.2279994500000058,0.6944999000000038,130,132,2019,5,2010
relative_95p_3d,relative_95p_3d_0099,2019-06-11,2019-06-13,3,35.760426,35.35375866666667,2.6670026500000077,1.2900010000000037,162,164,2019,6,2010
relative_95p_3d,relative_95p_3d_0100,2019-06-18,2019-06-20,3,36.020424,34.650425,2.1924998000000073,2.128999450000002,169,171,2019,6,2010
relative_95p_3d,relative_95p_3d_0101,2019-06-23,2019-06-26,4,35.480427,35.135425749999996,6.782000000000004,1.999501450000004,174,177,2019,6,2010
relative_95p_3d,relative_95p_3d_0102,2019-06-29,2019-07-01,3,34.760426,33.92375833333333,2.2715020000000123,1.6135025500000069,180,182,2019,6,2010
relative_95p_3d,relative_95p_3d_0103,2019-07-16,2019-07-21,6,35.850426,34.59875866666666,7.647501900000016,2.574500900000004,197,202,2019,7,2010
relative_95p_3d,relative_95p_3d_0104,2019-08-04,2019-08-06,3,35.960426,35.03709166666666,4.8550014500000245,2.6190004500000015,216,218,2019,8,2010
relative_95p_3d,relative_95p_3d_0105,2019-08-20,2019-08-22,3,34.940426,34.213759333333336,2.4980036500000082,1.564501100000001,232,234,2019,8,2010
relative_95p_3d,relative_95p_3d_0106,2019-08-25,2019-08-27,3,34.570423,34.140423999999996,2.2025000000000006,1.1789984500000017,237,239,2019,8,2010
relative_95p_3d,relative_95p_3d_0107,2019-09-01,2019-09-03,3,36.610424,35.21375766666667,5.628999,3.25,244,246,2019,9,2010
relative_95p_3d,relative_95p_3d_0108,2019-09-18,2019-09-20,3,35.360424,34.74375766666667,2.8169974500000023,1.5544985499999981,261,263,2019,9,2010
relative_95p_3d,relative_95p_3d_0109,2019-10-18,2019-10-20,3,33.880424,33.63375833333333,1.7514991999999978,0.8299979999999962,291,293,2019,10,2010
relative_95p_3d,relative_95p_3d_0110,2019-11-27,2019-11-30,4,29.950424,29.6379245,1.5229981000000095,0.7345019999999991,331,334,2019,11,2010
relative_95p_3d,relative_95p_3d_0111,2020-07-01,2020-07-03,3,34.440426,33.933759,2.6670039000000045,1.3590024500000055,183,185,2020,7,2020
relative_95p_3d,relative_95p_3d_0112,2020-08-01,2020-08-03,3,35.800426,34.657091666666666,3.813000100000025,2.376000900000008,214,216,2020,8,2020
relative_95p_3d,relative_95p_3d_0113,2020-09-03,2020-09-06,4,34.750423,34.4129245,4.336999100000007,1.4534975500000016,247,250,2020,9,2020
relative_95p_3d,relative_95p_3d_0114,2020-10-08,2020-10-11,4,34.760426,34.0679255,2.418997450000006,1.3000000000000043,282,285,2020,10,2020
relative_95p_3d,relative_95p_3d_0115,2020-10-13,2020-10-17,5,35.060425,34.4964248,5.996497650000009,1.9090002000000013,287,291,2020,10,2020
relative_95p_3d,relative_95p_3d_0116,2020-10-28,2020-10-30,3,34.600426,33.81042633333333,4.868004450000001,2.470002000000001,302,304,2020,10,2020
relative_95p_3d,relative_95p_3d_0117,2020-11-08,2020-11-15,8,32.480427,32.039175375,4.953506200000021,1.1160020000000017,313,320,2020,11,2020
relative_95p_3d,relative_95p_3d_0118,2021-01-04,2021-01-11,8,29.120424,28.025424625,9.557498250000002,2.2834984500000033,4,11,2021,1,2020
relative_95p_3d,relative_95p_3d_0119,2021-04-25,2021-04-27,3,38.270424,37.87042366666667,2.764497100000007,1.3645001000000008,115,117,2021,4,2020
relative_95p_3d,relative_95p_3d_0120,2021-05-22,2021-05-24,3,36.590424,36.22375766666667,2.4119970000000066,1.1589984499999986,142,144,2021,5,2020
relative_95p_3d,relative_95p_3d_0121,2021-07-11,2021-07-13,3,34.370426,34.06709266666667,2.66050245000001,1.2290014500000055,192,194,2021,7,2020
relative_95p_3d,relative_95p_3d_0122,2021-08-22,2021-08-24,3,34.380424,34.093757333333336,2.0924990000000108,0.9889994500000014,234,236,2021,8,2020
relative_95p_3d,relative_95p_3d_0123,2021-09-03,2021-09-05,3,34.750423,34.31042466666667,2.9769991000000076,1.4534975500000016,246,248,2021,9,2020
relative_95p_3d,relative_95p_3d_0124,2021-09-09,2021-09-12,4,35.350426,34.49542425,3.7579984500000165,1.8635021000000052,252,255,2021,9,2020
relative_95p_3d,relative_95p_3d_0125,2021-09-23,2021-09-27,5,35.600426,34.8304254,5.773003449999997,1.8969999000000044,266,270,2021,9,2020
relative_95p_3d,relative_95p_3d_0126,2021-10-10,2021-10-12,3,35.280426,34.75375866666667,3.905998100000005,1.8570006500000034,283,285,2021,10,2020
relative_95p_3d,relative_95p_3d_0127,2021-10-14,2021-10-17,4,36.270424,34.92542525,6.596498650000008,2.937998450000002,287,290,2021,10,2020
relative_95p_3d,relative_95p_3d_0128,2021-11-22,2021-11-24,3,30.260426,30.033758333333335,0.2629995500000071,0.13999999999999702,326,328,2021,11,2020
relative_95p_3d,relative_95p_3d_0129,2021-11-30,2021-12-03,4,30.040424,29.5629245,2.631496750000011,1.099998000000003,334,337,2021,11,2020
relative_95p_3d,relative_95p_3d_0130,2022-01-08,2022-01-10,3,27.660425,27.363758,1.4425014500000017,0.7845009999999988,8,10,2022,1,2020
relative_95p_3d,relative_95p_3d_0131,2022-07-09,2022-07-17,9,34.640427,34.07931355555556,8.005492800000027,1.499002450000006,190,198,2022,7,2020
relative_95p_3d,relative_95p_3d_0132,2022-08-16,2022-08-18,3,36.130424,34.973757,4.747997649999995,2.7544990999999968,228,230,2022,8,2020
relative_95p_3d,relative_95p_3d_0133,2022-08-29,2022-09-01,4,34.210426,33.93792499999999,2.4170046499999884,0.8500019999999964,241,244,2022,8,2020
relative_95p_3d,relative_95p_3d_0134,2022-09-07,2022-09-09,3,35.220425,34.98709133333333,4.507999350000013,1.7189994500000054,250,252,2022,9,2020
relative_95p_3d,relative_95p_3d_0135,2022-09-28,2022-10-01,4,34.150425,33.9529245,1.387000449999995,0.5344999000000001,271,274,2022,9,2020
relative_95p_3d,relative_95p_3d_0136,2022-10-19,2022-10-22,4,34.270424,33.5729245,2.3994966500000032,1.4104990000000015,292,295,2022,10,2020
relative_95p_3d,relative_95p_3d_0137,2022-11-25,2022-12-03,9,30.500425,29.835980777777777,5.8365023000000065,1.4524995500000024,329,337,2022,11,2020
relative_95p_3d,relative_95p_3d_0138,2023-04-09,2023-04-20,12,39.550426,38.11042475000001,16.62999660000002,2.959000450000005,99,110,2023,4,2020
relative_95p_3d,relative_95p_3d_0139,2023-05-06,2023-05-13,8,40.200424,37.89917475,18.80199700000002,4.670499200000002,126,133,2023,5,2020
relative_95p_3d,relative_95p_3d_0140,2023-05-29,2023-06-07,10,37.900425,36.5514247,12.535495100000013,2.743499100000001,149,158,2023,5,2020
relative_95p_3d,relative_95p_3d_0141,2023-07-18,2023-07-26,9,34.720425,34.18598033333333,7.5344987500000045,1.3645001000000008,199,207,2023,7,2020
relative_95p_3d,relative_95p_3d_0142,2023-07-29,2023-08-01,4,35.930424,35.21792425,7.535999650000008,2.593499350000002,210,213,2023,7,2020
relative_95p_3d,relative_95p_3d_0143,2023-08-29,2023-09-06,9,35.910423,34.85153577777778,13.723001749999995,2.6134975500000053,241,249,2023,8,2020
relative_95p_3d,relative_95p_3d_0144,2023-09-09,2023-09-11,3,34.680424,34.06375766666667,1.6580004500000172,1.2390000000000043,252,254,2023,9,2020
relative_95p_3d,relative_95p_3d_0145,2023-10-31,2023-11-04,5,34.110424,33.0044242,5.067997200000011,2.0144989000000066,304,308,2023,10,2020
relative_95p_3d,relative_95p_3d_0146,2023-11-13,2023-11-15,3,31.940426,31.730425666666665,1.5285024500000048,0.7135014500000025,317,319,2023,11,2020
relative_95p_3d,relative_95p_3d_0147,2023-11-26,2023-11-28,3,30.670425,30.403758333333332,2.9659995500000065,1.3424994500000054,330,332,2023,11,2020
relative_95p_3d,relative_95p_3d_0148,2023-11-30,2023-12-04,5,30.280424,29.6044252,3.6850002000000046,1.3399980000000014,334,338,2023,11,2020
relative_95p_3d,relative_95p_3d_0149,2023-12-28,2023-12-30,3,27.770426,27.380425000000002,1.5779994500000036,0.9345010000000009,362,364,2023,12,2020
relative_95p_3d,relative_95p_3d_0150,2024-04-19,2024-04-21,3,38.170425,37.51709233333333,1.5470027000000073,1.1535003500000016,110,112,2024,4,2020
relative_95p_3d,relative_95p_3d_0151,2024-04-24,2024-04-26,3,37.770424,37.68375766666666,2.3149991000000014,0.8505010000000013,115,117,2024,4,2020
relative_95p_3d,relative_95p_3d_0152,2024-04-28,2024-05-01,4,38.750423,38.640424499999995,8.044998550000003,2.254499100000004,119,122,2024,4,2020
relative_95p_3d,relative_95p_3d_0153,2024-05-15,2024-05-17,3,36.750423,36.440422999999996,3.449497000000001,1.5024985499999985,136,138,2024,5,2020
relative_95p_3d,relative_95p_3d_0154,2024-05-23,2024-05-25,3,37.490425,37.053759,4.714000750000004,2.004499100000004,144,146,2024,5,2020
relative_95p_3d,relative_95p_3d_0155,2024-06-23,2024-06-27,5,34.630424,34.090424199999994,3.3809936500000006,1.2399969999999954,175,179,2024,6,2020
relative_95p_3d,relative_95p_3d_0156,2024-07-13,2024-07-20,8,35.650425,34.192924500000004,7.362994900000004,2.3390006500000027,195,202,2024,7,2020
relative_95p_3d,relative_95p_3d_0157,2024-07-25,2024-07-28,4,35.040424,34.44792425,4.575995250000005,1.7444989000000035,207,210,2024,7,2020
relative_95p_3d,relative_95p_3d_0158,2024-08-13,2024-08-15,3,35.040424,34.287091333333336,2.504998900000011,1.5559991000000082,226,228,2024,8,2020
relative_95p_3d,relative_95p_3d_0159,2024-08-29,2024-08-31,3,34.870426,34.377093,3.157007649999997,1.5280024500000025,242,244,2024,8,2020
relative_95p_3d,relative_95p_3d_0160,2024-09-06,2024-09-12,7,35.160423,34.326139142857144,5.850501450000017,1.7734975500000019,250,256,2024,9,2020
relative_95p_3d,relative_95p_3d_0161,2024-09-17,2024-09-20,4,37.650425,35.700425249999995,7.566000449999997,3.8290000000000006,261,264,2024,9,2020
relative_95p_3d,relative_95p_3d_0162,2024-09-22,2024-09-24,3,35.950424,34.960424999999994,3.675000549999993,2.1334985499999988,266,268,2024,9,2020
relative_95p_3d,relative_95p_3d_0163,2024-10-27,2024-11-01,6,33.150425,32.76875883333333,3.5375024500000123,0.9099999999999966,301,306,2024,10,2020
relative_95p_3d,relative_95p_3d_0164,2024-11-03,2024-11-05,3,32.250423,32.06042433333334,0.6779980999999999,0.4199979999999961,308,310,2024,11,2020
compound_90p_2d,compound_90p_2d_0001,1972-05-11,1972-05-12,2,36.150425,35.830425500000004,1.828001999999998,1.2190007999999963,132,133,1972,5,1970
compound_90p_2d,compound_90p_2d_0002,1972-05-16,1972-05-18,3,37.200424,37.10375833333333,6.646000999999991,2.2890007999999966,137,139,1972,5,1970
compound_90p_2d,compound_90p_2d_0003,1972-06-09,1972-06-11,3,35.470425,35.13709133333333,2.8889991999999936,1.2089991999999938,161,163,1972,6,1970
compound_90p_2d,compound_90p_2d_0004,1972-07-25,1972-07-26,2,33.350426,33.2504255,0.7559983999999957,0.4579993999999985,207,208,1972,7,1970
compound_90p_2d,compound_90p_2d_0005,1972-11-25,1972-11-26,2,30.310425,30.155425,1.970001,1.1900009999999988,330,331,1972,11,1970
compound_90p_2d,compound_90p_2d_0006,1972-12-20,1972-12-21,2,28.450424,27.980425,1.5379989999999992,1.2689979999999998,355,356,1972,12,1970
compound_90p_2d,compound_90p_2d_0007,1972-12-30,1973-01-01,3,29.350426,28.237091666666668,5.705998199999996,3.049000999999997,365,1,1972,12,1970
compound_90p_2d,compound_90p_2d_0008,1973-01-08,1973-01-09,2,28.180426,28.140425999999998,3.5010011999999975,1.8360011000000007,8,9,1973,1,1970
compound_90p_2d,compound_90p_2d_0009,1973-02-14,1973-02-16,3,31.950424,31.073757666666666,2.200998999999996,1.6189989999999987,45,47,1973,2,1970
compound_90p_2d,compound_90p_2d_0010,1973-04-06,1973-04-09,4,37.460426,36.7879255,3.161996599999995,1.4769991000000005,96,99,1973,4,1970
compound_90p_2d,compound_90p_2d_0011,1975-05-08,1975-05-10,3,39.250423,38.56042466666667,10.569001899999996,4.136998699999992,128,130,1975,5,1970
compound_90p_2d,compound_90p_2d_0012,1977-09-05,1977-09-06,2,34.470425,33.820425,1.6059999999999945,1.4470007999999979,248,249,1977,9,1970
compound_90p_2d,compound_90p_2d_0013,1978-11-24,1978-11-26,3,30.110424,29.927091666666666,2.09,0.8899989999999995,328,330,1978,11,1970
compound_90p_2d,compound_90p_2d_0014,1979-05-24,1979-05-27,4,38.590424,38.01042475,12.034999299999996,3.565000099999999,144,147,1979,5,1970
compound_90p_2d,compound_90p_2d_0015,1979-05-29,1979-05-30,2,40.040424,39.4704245,8.848001600000003,4.969000800000003,149,150,1979,5,1970
compound_90p_2d,compound_90p_2d_0016,1979-06-01,1979-06-05,5,39.710426,39.1964256,21.898004099999994,5.0080018999999965,152,156,1979,6,1970
compound_90p_2d,compound_90p_2d_0017,1979-06-21,1979-06-23,3,34.830425,33.913758333333334,2.193000099999999,1.6570000999999976,172,174,1979,6,1970
compound_90p_2d,compound_90p_2d_0018,1979-08-11,1979-08-13,3,36.380424,34.327090999999996,4.099995,3.4199979999999996,223,225,1979,8,1970
compound_90p_2d,compound_90p_2d_0019,1979-11-23,1979-11-27,5,31.270426,30.632425,7.014998300000002,2.0500010000000017,327,331,1979,11,1970
compound_90p_2d,compound_90p_2d_0020,1980-04-15,1980-04-16,2,37.330425,36.830425,1.3840019999999953,1.1480009999999936,106,107,1980,4,1980
compound_90p_2d,compound_90p_2d_0021,1981-06-13,1981-06-14,2,34.410423,34.3404235,0.7499959999999959,0.48999799999999993,164,165,1981,6,1980
compound_90p_2d,compound_90p_2d_0022,1983-07-12,1983-07-14,3,33.940426,33.600424333333336,2.2299989999999994,1.0800020000000004,193,195,1983,7,1980
compound_90p_2d,compound_90p_2d_0023,1985-03-07,1985-03-09,3,34.360424,34.23042433333333,1.330997900000007,0.6159998000000044,66,68,1985,3,1980
compound_90p_2d,compound_90p_2d_0024,1985-12-17,1985-12-18,2,27.820425,27.780425,0.5639990999999966,0.38799919999999943,351,352,1985,12,1980
compound_90p_2d,compound_90p_2d_0025,1985-12-26,1985-12-27,2,27.010426,26.9904255,0.7150018999999936,0.4760018999999964,360,361,1985,12,1980
compound_90p_2d,compound_90p_2d_0026,1986-01-30,1986-01-31,2,28.460424,28.445425,0.6369992000000018,0.35899820000000204,30,31,1986,1,1980
compound_90p_2d,compound_90p_2d_0027,1986-06-07,1986-06-08,2,34.940426,34.8854255,0.8550047000000021,0.4360029000000054,158,159,1986,6,1980
compound_90p_2d,compound_90p_2d_0028,1987-01-10,1987-01-11,2,27.630424,27.3104245,1.5869998999999986,1.0899999999999999,10,11,1987,1,1980
compound_90p_2d,compound_90p_2d_0029,1987-04-04,1987-04-06,3,37.990425,37.553757999999995,4.759996100000002,2.006998100000004,94,96,1987,4,1980
compound_90p_2d,compound_90p_2d_0030,1987-05-18,1987-05-20,3,36.550426,35.813758666666665,2.7070063999999974,1.6390028,138,140,1987,5,1980
compound_90p_2d,compound_90p_2d_0031,1987-06-15,1987-06-17,3,34.790424,34.400425000000006,1.838000000000001,1.009998000000003,166,168,1987,6,1980
compound_90p_2d,compound_90p_2d_0032,1987-06-27,1987-06-30,4,33.950424,33.2154245,1.6079972999999939,1.1189990999999964,178,181,1987,6,1980
compound_90p_2d,compound_90p_2d_0033,1990-01-28,1990-01-30,3,29.770426,28.883758666666665,2.6239993000000013,1.779001000000001,28,30,1990,1,1990
compound_90p_2d,compound_90p_2d_0034,1991-03-20,1991-03-21,2,36.420425,36.120424,1.6280008999999964,1.1280008999999964,79,80,1991,3,1990
compound_90p_2d,compound_90p_2d_0035,1992-08-12,1992-08-13,2,33.920425,33.790424,1.6599960000000067,0.9599990000000034,225,226,1992,8,1990
compound_90p_2d,compound_90p_2d_0036,1992-08-30,1992-08-31,2,33.990425,33.650425,1.2160009000000045,0.9299999999999997,243,244,1992,8,1990
compound_90p_2d,compound_90p_2d_0037,1993-02-14,1993-02-18,5,32.430424,31.454425200000003,4.958002799999992,1.8389989000000035,45,49,1993,2,1990
compound_90p_2d,compound_90p_2d_0038,1994-01-13,1994-01-14,2,28.010426,27.9104255,2.6790008999999984,1.4190009000000003,13,14,1994,1,1990
compound_90p_2d,compound_90p_2d_0039,1994-05-05,1994-05-07,3,35.480427,35.38709266666667,0.49000379999999666,0.23500169999999798,125,127,1994,5,1990
compound_90p_2d,compound_90p_2d_0040,1995-04-30,1995-05-04,5,37.260426,36.5164246,4.228994400000005,1.777999400000006,120,124,1995,4,1990
compound_90p_2d,compound_90p_2d_0041,1995-09-14,1995-09-15,2,33.690426,33.495426,0.5270021999999983,0.468001000000001,257,258,1995,9,1990
compound_90p_2d,compound_90p_2d_0042,1996-04-19,1996-04-21,3,37.540424,37.100424333333336,2.2499950000000055,1.1899980000000028,110,112,1996,4,1990
compound_90p_2d,compound_90p_2d_0043,1996-09-13,1996-09-15,3,35.170425,34.740425,4.555001099999991,1.9480000000000004,257,259,1996,9,1990
compound_90p_2d,compound_90p_2d_0044,1996-11-04,1996-11-05,2,31.980427,31.905426,0.9600030000000004,0.5800020000000004,309,310,1996,11,1990
compound_90p_2d,compound_90p_2d_0045,1997-08-03,1997-08-04,2,34.320423,33.770424,1.646997699999993,1.3579968999999963,215,216,1997,8,1990
compound_90p_2d,compound_90p_2d_0046,1998-10-05,1998-10-14,10,34.360424,33.7454246,8.231001899999988,1.4359989000000013,278,287,1998,10,1990
compound_90p_2d,compound_90p_2d_0047,1998-10-18,1998-10-19,2,32.960426,32.870425999999995,0.4970027999999971,0.3690017999999995,291,292,1998,10,1990
compound_90p_2d,compound_90p_2d_0048,1998-10-25,1998-10-26,2,32.260426,32.195425,0.22699920000000162,0.20000100000000032,298,299,1998,10,1990
compound_90p_2d,compound_90p_2d_0049,1998-11-16,1998-11-21,6,32.230427,31.53042566666667,8.972004899999998,2.1680019999999978,320,325,1998,11,1990
compound_90p_2d,compound_90p_2d_0050,1999-04-25,1999-04-29,5,37.050426,36.6064254,1.6920006999999941,0.7000000000000028,115,119,1999,4,1990
compound_90p_2d,compound_90p_2d_0051,1999-05-01,1999-05-03,3,37.390427,36.57042566666667,2.6940013000000107,1.908000400000006,121,123,1999,5,1990
compound_90p_2d,compound_90p_2d_0052,1999-05-31,1999-06-01,2,35.430424,35.190424,0.4460004999999967,0.4089998000000037,151,152,1999,5,1990
compound_90p_2d,compound_90p_2d_0053,2000-07-03,2000-07-05,3,34.090424,33.85375866666667,3.643002099999997,1.4889981999999975,185,187,2000,7,2000
compound_90p_2d,compound_90p_2d_0054,2000-08-24,2000-08-25,2,34.420425,33.795425,1.4870011000000076,1.3500020000000035,237,238,2000,8,2000
compound_90p_2d,compound_90p_2d_0055,2000-10-15,2000-10-16,2,34.090424,33.9154245,2.257998999999998,1.3089981999999978,289,290,2000,10,2000
compound_90p_2d,compound_90p_2d_0056,2001-07-05,2001-07-06,2,33.050426,33.040426,0.8780003999999977,0.4490002000000004,186,187,2001,7,2000
compound_90p_2d,compound_90p_2d_0057,2001-08-18,2001-08-19,2,33.070423,33.0404245,0.19899719999999377,0.12999699999999592,230,231,2001,8,2000
compound_90p_2d,compound_90p_2d_0058,2001-09-28,2001-09-29,2,34.720425,34.1654245,1.9159989000000053,1.5069991000000016,271,272,2001,9,2000
compound_90p_2d,compound_90p_2d_0059,2002-01-19,2002-01-21,3,27.480425,27.280424666666665,1.2929990000000018,0.5170008999999993,19,21,2002,1,2000
compound_90p_2d,compound_90p_2d_0060,2002-11-29,2002-11-30,2,29.400425,29.110425,0.5990000000000002,0.5400010000000002,333,334,2002,11,2000
compound_90p_2d,compound_90p_2d_0061,2003-08-05,2003-08-07,3,34.160423,33.95375833333333,3.0149974999999998,1.2389980999999963,217,219,2003,8,2000
compound_90p_2d,compound_90p_2d_0062,2004-03-28,2004-03-29,2,36.430424,36.2904245,0.8890001999999981,0.610001000000004,88,89,2004,3,2000
compound_90p_2d,compound_90p_2d_0063,2005-06-10,2005-06-11,2,35.170425,34.8554245,1.4500000000000028,1.010002,161,162,2005,6,2000
compound_90p_2d,compound_90p_2d_0064,2005-10-09,2005-10-10,2,33.580425,33.515424499999995,1.1739997999999972,0.6759999000000008,282,283,2005,10,2000
compound_90p_2d,compound_90p_2d_0065,2006-01-18,2006-01-19,2,28.200424,27.6454245,1.8269988999999995,1.4669989,18,19,2006,1,2000
compound_90p_2d,compound_90p_2d_0066,2006-02-15,2006-02-17,3,32.180424,31.687090666666666,3.685997799999999,1.8289979999999986,46,48,2006,2,2000
compound_90p_2d,compound_90p_2d_0067,2006-02-22,2006-02-28,7,35.250423,33.243282,10.119999399999994,3.1579983999999968,53,59,2006,2,2000
compound_90p_2d,compound_90p_2d_0068,2006-06-30,2006-07-02,3,34.560425,33.56375766666667,2.5329976000000016,1.8479989000000003,181,183,2006,6,2000
compound_90p_2d,compound_90p_2d_0069,2007-04-03,2007-04-04,2,36.190426,36.150425,0.46300100000000555,0.2560019000000011,93,94,2007,4,2000
compound_90p_2d,compound_90p_2d_0070,2007-05-30,2007-05-31,2,35.940426,35.7604255,1.4280036000000038,0.8690028000000041,150,151,2007,5,2000
compound_90p_2d,compound_90p_2d_0071,2007-06-26,2007-06-27,2,34.560425,34.130424500000004,2.525999200000001,1.7290001000000004,177,178,2007,6,2000
compound_90p_2d,compound_90p_2d_0072,2007-07-10,2007-07-14,5,33.520424,33.1744248,1.6089997999999994,0.6599999999999966,191,195,2007,7,2000
compound_90p_2d,compound_90p_2d_0073,2007-08-04,2007-08-05,2,34.770424,34.3854235,2.917997899999989,1.8489990999999932,216,217,2007,8,2000
compound_90p_2d,compound_90p_2d_0074,2007-08-31,2007-09-01,2,33.370426,33.2154255,0.3460019000000045,0.31000099999999975,243,244,2007,8,2000
compound_90p_2d,compound_90p_2d_0075,2007-10-03,2007-10-06,4,34.000423,33.585424,2.0529960999999943,0.9869971999999976,276,279,2007,10,2000
compound_90p_2d,compound_90p_2d_0076,2008-04-29,2008-04-30,2,36.430424,36.280424,0.4949960999999945,0.485997900000001,120,121,2008,4,2000
compound_90p_2d,compound_90p_2d_0077,2008-12-06,2008-12-13,8,29.090425,28.570425,4.7090002000000055,1.0800000000000018,341,348,2008,12,2000
compound_90p_2d,compound_90p_2d_0078,2009-02-25,2009-02-27,3,33.310425,33.123759,3.6360031999999975,1.4960019999999972,56,58,2009,2,2000
compound_90p_2d,compound_90p_2d_0079,2009-04-23,2009-04-25,3,36.900425,36.680425,1.045999799999997,0.5700000000000003,113,115,2009,4,2000
compound_90p_2d,compound_90p_2d_0080,2009-05-08,2009-05-09,2,37.430424,37.3354245,4.514000799999998,2.3870001000000016,128,129,2009,5,2000
compound_90p_2d,compound_90p_2d_0081,2009-06-16,2009-06-25,10,36.380424,34.368424600000004,10.430997199999993,2.8889991999999936,167,176,2009,6,2000
compound_90p_2d,compound_90p_2d_0082,2009-07-18,2009-07-20,3,34.380424,33.787091333333336,2.5559972999999943,1.418998099999996,199,201,2009,7,2000
compound_90p_2d,compound_90p_2d_0083,2009-07-24,2009-07-26,3,34.140427,33.477091666666674,1.8359964000000062,1.2480004000000022,205,207,2009,7,2000
compound_90p_2d,compound_90p_2d_0084,2009-09-12,2009-09-13,2,34.930424,34.440424,2.4879978999999963,1.7279999000000004,255,256,2009,9,2000
compound_90p_2d,compound_90p_2d_0085,2009-09-27,2009-10-01,5,34.720425,33.962424600000006,3.841999500000007,1.5190008000000006,270,274,2009,9,2000
compound_90p_2d,compound_90p_2d_0086,2009-11-03,2009-11-04,2,32.910423,32.6804235,2.444998799999997,1.4449988000000005,307,308,2009,11,2000
compound_90p_2d,compound_90p_2d_0087,2009-11-14,2009-11-16,3,32.660423,32.06042466666667,4.775998899999998,2.0789979999999986,318,320,2009,11,2000
compound_90p_2d,compound_90p_2d_0088,2010-03-02,2010-03-03,2,33.760426,33.720425000000006,1.4340012000000044,0.7519986000000003,61,62,2010,3,2010
compound_90p_2d,compound_90p_2d_0089,2010-03-05,2010-03-07,3,34.700424,34.28042466666667,2.333998000000001,1.0559978,64,66,2010,3,2010
compound_90p_2d,compound_90p_2d_0090,2010-03-22,2010-03-24,3,36.510426,36.31709166666667,2.2319986000000043,0.8679994000000022,81,83,2010,3,2010
compound_90p_2d,compound_90p_2d_0091,2010-04-08,2010-04-14,7,38.040424,36.69042528571429,5.083002099999987,2.068998800000003,98,104,2010,4,2010
compound_90p_2d,compound_90p_2d_0092,2010-04-20,2010-04-23,4,37.690426,37.442924250000004,4.387993900000005,1.3400000000000034,110,113,2010,4,2010
compound_90p_2d,compound_90p_2d_0093,2010-05-10,2010-05-13,4,36.210426,35.732925249999994,3.250001299999994,1.279001799999996,130,133,2010,5,2010
compound_90p_2d,compound_90p_2d_0094,2010-06-09,2010-06-10,2,34.830425,34.650425,0.8790011999999905,0.5689991999999933,160,161,2010,6,2010
compound_90p_2d,compound_90p_2d_0095,2010-07-14,2010-07-17,4,33.800426,33.3504255,1.9490037999999998,0.9299999999999997,195,198,2010,7,2010
compound_90p_2d,compound_90p_2d_0096,2010-07-27,2010-07-28,2,34.560425,34.0104255,2.2759987999999893,1.6879988999999966,208,209,2010,7,2010
compound_90p_2d,compound_90p_2d_0097,2010-08-08,2010-08-10,3,34.700424,34.03042466666667,3.2859980999999863,1.778999099999993,220,222,2010,8,2010
compound_90p_2d,compound_90p_2d_0098,2010-10-02,2010-10-04,3,34.940426,34.36709200000001,3.665001700000005,1.7880010000000013,275,277,2010,10,2010
compound_90p_2d,compound_90p_2d_0099,2010-10-18,2010-10-21,4,33.350426,33.087926,2.0430031,0.7590018000000001,291,294,2010,10,2010
compound_90p_2d,compound_90p_2d_0100,2010-11-17,2010-11-18,2,30.480425,30.3754255,0.4480010000000014,0.41799999999999926,321,322,2010,11,2010
compound_90p_2d,compound_90p_2d_0101,2011-07-10,2011-07-11,2,34.820423,33.995424,2.298997800000002,1.9699969999999993,191,192,2011,7,2010
compound_90p_2d,compound_90p_2d_0102,2011-07-27,2011-07-29,3,33.790424,33.44042433333333,1.6639976999999888,0.8780008999999964,208,210,2011,7,2010
compound_90p_2d,compound_90p_2d_0103,2011-07-31,2011-08-02,3,35.470425,34.163758666666666,3.5009984000000003,2.4490008000000003,212,214,2011,7,2010
compound_90p_2d,compound_90p_2d_0104,2011-09-12,2011-09-13,2,34.860424,34.535425000000004,2.677999899999996,1.6579999,255,256,2011,9,2010
compound_90p_2d,compound_90p_2d_0105,2011-12-28,2011-12-29,2,28.530424,28.440424999999998,4.0669998999999954,2.1469998999999973,362,363,2011,12,2010
compound_90p_2d,compound_90p_2d_0106,2012-03-06,2012-03-07,2,35.050426,34.6354255,2.172000000000004,1.5960012000000035,66,67,2012,3,2010
compound_90p_2d,compound_90p_2d_0107,2012-06-12,2012-06-14,3,34.290424,34.147092,0.4569990999999973,0.36999899999999997,164,166,2012,6,2010
compound_90p_2d,compound_90p_2d_0108,2012-06-30,2012-07-01,2,34.140427,33.7854255,2.0779989000000043,1.4280009000000007,182,183,2012,6,2010
compound_90p_2d,compound_90p_2d_0109,2012-09-01,2012-09-02,2,33.350426,33.3004245,0.4889980999999892,0.29900009999999355,245,246,2012,9,2010
compound_90p_2d,compound_90p_2d_0110,2012-09-27,2012-09-28,2,33.760426,33.4904255,0.5780026000000049,0.5590018000000043,271,272,2012,9,2010
compound_90p_2d,compound_90p_2d_0111,2013-06-16,2013-06-18,3,35.390427,35.070426,4.259003200000002,1.7100030000000004,167,169,2013,6,2010
compound_90p_2d,compound_90p_2d_0112,2013-07-21,2013-07-23,3,33.900425,33.623759,2.0979991999999896,0.9790000999999933,202,204,2013,7,2010
compound_90p_2d,compound_90p_2d_0113,2013-08-03,2013-08-04,2,33.450424,33.355425,0.8169996999999967,0.518999799999996,215,216,2013,8,2010
compound_90p_2d,compound_90p_2d_0114,2013-08-24,2013-08-25,2,34.210426,33.985426000000004,1.8670031000000051,1.140003,236,237,2013,8,2010
compound_90p_2d,compound_90p_2d_0115,2013-09-22,2013-09-24,3,35.750423,34.383756999999996,3.3279978999999926,2.4799989999999994,265,267,2013,9,2010
compound_90p_2d,compound_90p_2d_0116,2014-05-13,2014-05-14,2,36.380424,36.2204245,2.674996099999994,1.5079978999999923,133,134,2014,5,2010
compound_90p_2d,compound_90p_2d_0117,2014-05-17,2014-05-23,7,36.680424,36.00756728571428,7.849001099999995,1.815000099999999,137,143,2014,5,2010
compound_90p_2d,compound_90p_2d_0118,2014-06-05,2014-06-06,2,34.990425,34.905424,0.43799889999999664,0.3200000000000003,156,157,2014,6,2010
compound_90p_2d,compound_90p_2d_0119,2014-07-06,2014-07-13,8,34.940426,33.775424875,7.996996000000003,2.0900000000000034,187,194,2014,7,2010
compound_90p_2d,compound_90p_2d_0120,2014-07-25,2014-07-26,2,33.880424,33.6004235,1.4559943999999945,1.0279979999999966,206,207,2014,7,2010
compound_90p_2d,compound_90p_2d_0121,2014-07-31,2014-08-02,3,34.630424,33.80042533333333,2.410998400000004,1.6459972999999977,212,214,2014,7,2010
compound_90p_2d,compound_90p_2d_0122,2014-09-16,2014-09-17,2,34.560425,34.130424500000004,1.7170016999999973,1.2690008000000006,259,260,2014,9,2010
compound_90p_2d,compound_90p_2d_0123,2015-01-02,2015-01-03,2,28.890425,28.305425,4.226999899999996,2.6870008999999975,2,3,2015,1,2010
compound_90p_2d,compound_90p_2d_0124,2015-06-04,2015-06-05,2,35.550426,35.215424999999996,0.9440001999999978,0.7660003000000017,155,156,2015,6,2010
compound_90p_2d,compound_90p_2d_0125,2015-07-13,2015-07-14,2,35.180424,34.455425500000004,3.1900029999999973,2.3200000000000003,194,195,2015,7,2010
compound_90p_2d,compound_90p_2d_0126,2015-08-09,2015-08-11,3,33.590424,33.273758,1.0179981999999939,0.6689990999999935,221,223,2015,8,2010
compound_90p_2d,compound_90p_2d_0127,2015-09-08,2015-09-10,3,34.600426,33.970425999999996,2.7660042999999845,1.5390011999999942,251,253,2015,9,2010
compound_90p_2d,compound_90p_2d_0128,2015-09-17,2015-09-18,2,35.570423,35.285422999999994,3.9979959999999934,2.288997199999997,260,261,2015,9,2010
compound_90p_2d,compound_90p_2d_0129,2015-09-30,2015-10-01,2,34.980427,34.6254255,2.897001799999998,1.7790028000000007,273,274,2015,9,2010
compound_90p_2d,compound_90p_2d_0130,2015-11-30,2015-12-01,2,28.910425,28.840425500000002,0.2170008999999986,0.20800089999999827,334,335,2015,11,2010
compound_90p_2d,compound_90p_2d_0131,2016-02-17,2016-02-21,5,34.000423,32.3824252,7.938000899999992,2.976997099999995,48,52,2016,2,2010
compound_90p_2d,compound_90p_2d_0132,2016-04-24,2016-04-25,2,38.160423,37.560424499999996,2.4579988999999998,1.8299980000000033,115,116,2016,4,2010
compound_90p_2d,compound_90p_2d_0133,2016-04-29,2016-04-30,2,36.590424,36.440424,0.8149960999999948,0.6459978999999976,120,121,2016,4,2010
compound_90p_2d,compound_90p_2d_0134,2016-06-26,2016-06-30,5,34.680424,33.91242460000001,5.404997400000006,1.7769991000000047,178,182,2016,6,2010
compound_90p_2d,compound_90p_2d_0135,2016-08-03,2016-08-04,2,33.980427,33.665426499999995,1.4370026999999936,1.018000899999997,216,217,2016,8,2010
compound_90p_2d,compound_90p_2d_0136,2016-08-13,2016-08-15,3,34.460426,33.88709133333334,2.7979959999999977,1.5179999999999936,226,228,2016,8,2010
compound_90p_2d,compound_90p_2d_0137,2016-08-19,2016-08-20,2,33.140427,33.0904255,0.2660004000000029,0.19900119999999788,232,233,2016,8,2010
compound_90p_2d,compound_90p_2d_0138,2016-08-24,2016-08-25,2,35.260426,34.930426,3.7570031000000057,2.1900030000000044,237,238,2016,8,2010
compound_90p_2d,compound_90p_2d_0139,2016-08-29,2016-08-30,2,34.220425,33.840425499999995,1.5600009999999926,1.1599999999999966,242,243,2016,8,2010
compound_90p_2d,compound_90p_2d_0140,2016-09-15,2016-09-16,2,34.180424,34.110424,1.727000099999998,0.9389991999999978,259,260,2016,9,2010
compound_90p_2d,compound_90p_2d_0141,2016-09-29,2016-10-04,6,34.790424,33.91542483333333,4.488999600000007,1.5889998000000034,273,278,2016,9,2010
compound_90p_2d,compound_90p_2d_0142,2016-10-31,2016-11-03,4,33.440426,33.127925,6.005002799999996,1.8200020000000023,305,308,2016,10,2010
compound_90p_2d,compound_90p_2d_0143,2016-12-23,2016-12-26,4,27.660425,27.5454255,2.5360018999999916,0.7690009999999958,358,361,2016,12,2010
compound_90p_2d,compound_90p_2d_0144,2017-05-23,2017-05-25,3,35.470425,35.350426,1.230002199999987,0.6050010999999955,143,145,2017,5,2010
compound_90p_2d,compound_90p_2d_0145,2017-06-26,2017-06-27,2,33.210426,33.090425499999995,0.44600119999999777,0.3790010999999964,177,178,2017,6,2010
compound_90p_2d,compound_90p_2d_0146,2017-07-15,2017-07-16,2,34.060425,33.725426,1.729003800000001,1.1990008000000003,196,197,2017,7,2010
compound_90p_2d,compound_90p_2d_0147,2017-07-31,2017-08-01,2,33.320423,33.3004245,0.594998099999998,0.2989987999999997,212,213,2017,7,2010
compound_90p_2d,compound_90p_2d_0148,2017-08-04,2017-08-05,2,33.770424,33.725424000000004,1.5979988999999932,0.8489990999999932,216,217,2017,8,2010
compound_90p_2d,compound_90p_2d_0149,2017-08-20,2017-08-21,2,33.800426,33.750425,1.5540004000000067,0.8270012000000051,232,233,2017,8,2010
compound_90p_2d,compound_90p_2d_0150,2017-09-04,2017-09-07,4,33.890427,33.5454255,2.0720018999999965,0.8670028000000016,247,250,2017,9,2010
compound_90p_2d,compound_90p_2d_0151,2017-09-15,2017-09-16,2,35.720425,34.705425500000004,2.917003099999995,2.4680018999999973,258,259,2017,9,2010
compound_90p_2d,compound_90p_2d_0152,2017-09-22,2017-09-26,5,34.630424,34.0964246,4.1160019000000005,1.3780008999999964,265,269,2017,9,2010
compound_90p_2d,compound_90p_2d_0153,2017-10-03,2017-10-06,4,34.630424,34.275425,4.8130000999999965,1.6389991999999936,276,279,2017,10,2010
compound_90p_2d,compound_90p_2d_0154,2017-10-11,2017-10-17,7,34.440426,33.568996285714285,5.3220025999999905,1.612002799999999,284,290,2017,10,2010
compound_90p_2d,compound_90p_2d_0155,2018-06-17,2018-06-18,2,34.590424,34.180424,1.1889991999999907,1.0989991999999944,168,169,2018,6,2010
compound_90p_2d,compound_90p_2d_0156,2018-07-06,2018-07-07,2,33.470425,33.0454255,0.8300002000000006,0.8109999999999999,187,188,2018,7,2010
compound_90p_2d,compound_90p_2d_0157,2018-07-14,2018-07-15,2,34.720425,33.975426,2.230003999999994,1.860000999999997,195,196,2018,7,2010
compound_90p_2d,compound_90p_2d_0158,2018-07-18,2018-07-20,3,36.700424,34.720424666666666,5.3559972999999985,3.75,199,201,2018,7,2010
compound_90p_2d,compound_90p_2d_0159,2018-08-09,2018-08-11,3,33.610424,33.227091333333334,0.8779981999999933,0.6889990999999966,221,223,2018,8,2010
compound_90p_2d,compound_90p_2d_0160,2018-08-13,2018-08-18,6,35.850426,34.18542516666667,7.427994999999996,2.9099999999999966,225,230,2018,8,2010
compound_90p_2d,compound_90p_2d_0161,2018-09-15,2018-09-19,5,35.770424,35.132425,9.29100129999999,2.4790002000000015,258,262,2018,9,2010
compound_90p_2d,compound_90p_2d_0162,2018-09-28,2018-09-30,3,34.930424,34.530425,3.9750007000000096,1.728999800000004,271,273,2018,9,2010
compound_90p_2d,compound_90p_2d_0163,2019-04-30,2019-05-01,2,36.090424,36.050425000000004,0.3229990000000029,0.17700110000000535,120,121,2019,4,2010
compound_90p_2d,compound_90p_2d_0164,2019-05-08,2019-05-10,3,35.960426,35.68042466666667,1.9290018999999958,1.0050020999999987,128,130,2019,5,2010
compound_90p_2d,compound_90p_2d_0165,2019-05-20,2019-05-21,2,35.430424,35.305424,0.8390008000000009,0.5700000000000003,140,141,2019,5,2010
compound_90p_2d,compound_90p_2d_0166,2019-06-19,2019-06-20,2,36.020424,34.985423999999995,3.272998599999994,2.6389996999999994,170,171,2019,6,2010
compound_90p_2d,compound_90p_2d_0167,2019-06-23,2019-06-26,4,35.480427,35.135425749999996,8.490004200000001,2.408003899999997,174,177,2019,6,2010
compound_90p_2d,compound_90p_2d_0168,2019-06-29,2019-07-01,3,34.760426,33.92375833333333,3.466998099999998,1.980000000000004,180,182,2019,6,2010
compound_90p_2d,compound_90p_2d_0169,2019-07-16,2019-07-21,6,35.850426,34.59875866666666,10.093999199999999,2.979999999999997,197,202,2019,7,2010
compound_90p_2d,compound_90p_2d_0170,2019-08-04,2019-08-06,3,35.960426,35.03709166666666,6.315999899999987,3.039001099999993,216,218,2019,8,2010
compound_90p_2d,compound_90p_2d_0171,2019-08-10,2019-08-11,2,36.000423,34.620424,3.3589970999999963,3.0399969999999996,222,223,2019,8,2010
compound_90p_2d,compound_90p_2d_0172,2019-08-20,2019-08-22,3,34.940426,34.213759333333336,3.7210036000000173,1.9670012000000057,232,234,2019,8,2010
compound_90p_2d,compound_90p_2d_0173,2019-08-26,2019-09-03,9,36.610424,34.45598044444445,12.569001199999981,3.5499989999999997,238,246,2019,8,2010
compound_90p_2d,compound_90p_2d_0174,2019-09-17,2019-09-21,5,35.360424,34.26642519999999,4.768001799999993,2.0559981999999977,260,264,2019,9,2010
compound_90p_2d,compound_90p_2d_0175,2019-10-18,2019-10-21,4,33.880424,33.4529245,3.5029970999999946,1.2889997999999991,291,294,2019,10,2010
compound_90p_2d,compound_90p_2d_0176,2020-06-24,2020-06-25,2,34.730427,34.4104255,2.766001299999999,1.7480004000000022,176,177,2020,6,2020
compound_90p_2d,compound_90p_2d_0177,2020-07-01,2020-07-03,3,34.440426,33.933759,3.758004299999996,1.7279999000000004,183,185,2020,7,2020
compound_90p_2d,compound_90p_2d_0178,2020-07-30,2020-08-03,5,35.800426,34.06442560000001,5.434000000000005,2.8379999,212,216,2020,7,2020
compound_90p_2d,compound_90p_2d_0179,2020-08-07,2020-08-10,4,33.730427,33.457926,2.044001499999993,0.7480004000000022,220,223,2020,8,2020
compound_90p_2d,compound_90p_2d_0180,2020-08-13,2020-08-14,2,33.980427,33.6704255,1.4199990000000042,1.0200010000000006,226,227,2020,8,2020
compound_90p_2d,compound_90p_2d_0181,2020-09-04,2020-09-06,3,34.750423,34.533757333333334,4.542997799999995,1.726998799999997,248,250,2020,9,2020
compound_90p_2d,compound_90p_2d_0182,2020-09-08,2020-09-09,2,34.010426,33.970425000000006,1.8070020999999983,0.9490011999999979,252,253,2020,9,2020
compound_90p_2d,compound_90p_2d_0183,2020-09-19,2020-09-20,2,35.920425,35.8404255,5.033000999999999,2.6159991999999974,263,264,2020,9,2020
compound_90p_2d,compound_90p_2d_0184,2020-09-29,2020-09-30,2,33.860424,33.7904245,1.1659989000000053,0.6469981000000047,273,274,2020,9,2020
compound_90p_2d,compound_90p_2d_0185,2020-10-08,2020-10-17,10,35.060425,34.204425,13.535004599999986,2.3400000000000034,282,291,2020,10,2020
compound_90p_2d,compound_90p_2d_0186,2020-10-19,2020-10-20,2,33.090424,32.985423999999995,0.8259978999999973,0.5369980999999981,293,294,2020,10,2020
compound_90p_2d,compound_90p_2d_0187,2020-10-26,2020-10-30,5,34.600426,33.1244256,6.1780028999999885,2.820001999999999,300,304,2020,10,2020
compound_90p_2d,compound_90p_2d_0188,2021-01-07,2021-01-11,5,29.060425,27.9544246,7.635998099999998,2.7379999999999995,7,11,2021,1,2020
compound_90p_2d,compound_90p_2d_0189,2021-02-26,2021-02-28,3,33.550426,32.94709133333333,2.625999,1.4580014000000006,57,59,2021,2,2020
compound_90p_2d,compound_90p_2d_0190,2021-05-22,2021-05-23,2,36.590424,36.350424000000004,2.983998299999996,1.7250000999999955,142,143,2021,5,2020
compound_90p_2d,compound_90p_2d_0191,2021-07-11,2021-07-12,2,34.370426,34.370426,3.0400000000000063,1.5200000000000031,192,193,2021,7,2020
compound_90p_2d,compound_90p_2d_0192,2021-07-17,2021-07-18,2,33.190426,33.0904255,0.4169982000000019,0.3200000000000003,198,199,2021,7,2020
compound_90p_2d,compound_90p_2d_0193,2021-07-21,2021-07-22,2,35.050426,34.085426,2.2880011999999965,2.1290010999999964,202,203,2021,7,2020
compound_90p_2d,compound_90p_2d_0194,2021-09-03,2021-09-06,4,34.750423,34.070425,4.171999899999989,1.728999199999997,246,249,2021,9,2020
compound_90p_2d,compound_90p_2d_0195,2021-09-09,2021-09-12,4,35.350426,34.49542425,5.626996199999994,2.2590018,252,255,2021,9,2020
compound_90p_2d,compound_90p_2d_0196,2021-09-23,2021-09-25,3,35.550426,34.747092,4.446004899999998,2.280002000000003,266,268,2021,9,2020
compound_90p_2d,compound_90p_2d_0197,2021-09-30,2021-10-02,3,33.680424,33.50375866666667,1.0050018000000023,0.5279990000000012,273,275,2021,9,2020
compound_90p_2d,compound_90p_2d_0198,2021-10-06,2021-10-12,7,35.280426,34.12471042857143,8.302002899999984,2.380001,279,285,2021,10,2020
compound_90p_2d,compound_90p_2d_0199,2021-10-14,2021-10-17,4,36.270424,34.92542525,8.598000999999996,3.478999799999997,287,290,2021,10,2020
compound_90p_2d,compound_90p_2d_0200,2022-07-07,2022-07-18,12,34.640427,33.93375808333333,13.253994800000001,1.7900010000000037,188,199,2022,7,2020
compound_90p_2d,compound_90p_2d_0201,2022-07-29,2022-07-30,2,33.550426,33.545425,1.243002599999997,0.6280008999999964,210,211,2022,7,2020
compound_90p_2d,compound_90p_2d_0202,2022-08-16,2022-08-17,2,34.750423,34.3954235,2.909994999999995,1.8099969999999956,228,229,2022,8,2020
compound_90p_2d,compound_90p_2d_0203,2022-08-21,2022-08-22,2,34.630424,34.3054255,2.6640014000000036,1.6569992000000013,233,234,2022,8,2020
compound_90p_2d,compound_90p_2d_0204,2022-08-29,2022-09-01,4,34.210426,33.93792499999999,3.5460008999999886,1.150000999999996,241,244,2022,8,2020
compound_90p_2d,compound_90p_2d_0205,2022-09-07,2022-09-09,3,35.220425,34.98709133333333,5.7760001999999915,2.159000199999994,250,252,2022,9,2020
compound_90p_2d,compound_90p_2d_0206,2022-10-08,2022-10-10,3,33.500423,33.38709133333334,1.3129999999999953,0.5959979000000004,281,283,2022,10,2020
compound_90p_2d,compound_90p_2d_0207,2023-01-26,2023-01-27,2,28.470425,28.2954245,1.0860008999999948,0.760000999999999,26,27,2023,1,2020
compound_90p_2d,compound_90p_2d_0208,2023-04-16,2023-04-20,5,39.300426,38.120424400000005,9.150993999999997,3.118001999999997,106,110,2023,4,2020
compound_90p_2d,compound_90p_2d_0209,2023-05-08,2023-05-10,3,40.200424,39.820424333333335,14.349000899999993,5.157000099999998,128,130,2023,5,2020
compound_90p_2d,compound_90p_2d_0210,2023-05-31,2023-06-07,8,37.900425,36.655424499999995,14.962999799999999,3.229999999999997,151,158,2023,5,2020
compound_90p_2d,compound_90p_2d_0211,2023-07-08,2023-07-10,3,33.360424,33.11709233333334,0.967000800000001,0.5799980000000033,189,191,2023,7,2020
compound_90p_2d,compound_90p_2d_0212,2023-07-18,2023-07-26,9,34.720425,34.18598033333333,11.499989899999989,1.869999,199,207,2023,7,2020
compound_90p_2d,compound_90p_2d_0213,2023-07-28,2023-08-01,5,35.930424,34.826424599999996,9.405998599999997,2.994999700000001,209,213,2023,7,2020
compound_90p_2d,compound_90p_2d_0214,2023-08-17,2023-08-21,5,35.190426,34.1284248,5.8729966000000005,2.25,229,233,2023,8,2020
compound_90p_2d,compound_90p_2d_0215,2023-08-29,2023-09-01,4,35.290424,34.457925,5.626000899999994,2.2299989999999994,241,244,2023,8,2020
compound_90p_2d,compound_90p_2d_0216,2023-09-03,2023-09-06,4,35.910423,35.137924,8.441995899999988,2.8989971999999966,246,249,2023,9,2020
compound_90p_2d,compound_90p_2d_0217,2023-09-09,2023-09-11,3,34.680424,34.06375766666667,3.026998199999994,1.6689981999999972,252,254,2023,9,2020
compound_90p_2d,compound_90p_2d_0218,2023-09-15,2023-09-17,3,36.060425,34.90375766666667,4.926000899999991,2.7690008000000006,258,260,2023,9,2020
compound_90p_2d,compound_90p_2d_0219,2023-09-25,2023-09-29,5,35.400425,34.16442500000001,4.663002700000007,2.1990008000000003,268,272,2023,9,2020
compound_90p_2d,compound_90p_2d_0220,2023-10-09,2023-10-12,4,33.680424,33.30792425,1.6459996000000032,0.7799990000000037,282,285,2023,10,2020
compound_90p_2d,compound_90p_2d_0221,2023-11-27,2023-11-28,2,30.670425,30.6404245,3.275998099999999,1.689,331,332,2023,11,2020
compound_90p_2d,compound_90p_2d_0222,2023-12-01,2023-12-04,4,30.280424,29.57542525,4.093002899999995,1.5779998999999982,335,338,2023,12,2020
compound_90p_2d,compound_90p_2d_0223,2023-12-27,2023-12-30,4,27.770426,27.220425,3.179999999999996,1.3870018999999978,361,364,2023,12,2020
compound_90p_2d,compound_90p_2d_0224,2024-04-19,2024-05-02,14,38.750423,37.60399642857143,19.5719944,2.9070001000000047,110,123,2024,4,2020
compound_90p_2d,compound_90p_2d_0225,2024-05-14,2024-05-17,4,36.750423,36.10542375,4.902991499999985,1.8579963999999975,135,138,2024,5,2020
compound_90p_2d,compound_90p_2d_0226,2024-05-23,2024-05-25,3,37.490425,37.053759,6.340001199999989,2.5449990999999983,144,146,2024,5,2020
compound_90p_2d,compound_90p_2d_0227,2024-06-01,2024-06-02,2,36.280426,35.700426,1.6340028999999987,1.427000200000002,153,154,2024,6,2020
compound_90p_2d,compound_90p_2d_0228,2024-06-23,2024-06-27,5,34.630424,34.090424199999994,5.568997299999992,1.6479974000000013,175,179,2024,6,2020
compound_90p_2d,compound_90p_2d_0229,2024-07-14,2024-07-21,8,35.650425,34.0991745,9.573995199999985,2.756998199999998,196,203,2024,7,2020
compound_90p_2d,compound_90p_2d_0230,2024-07-25,2024-07-30,6,35.040424,34.05042433333333,6.964993799999988,2.167997899999996,207,212,2024,7,2020
compound_90p_2d,compound_90p_2d_0231,2024-08-13,2024-08-15,3,35.040424,34.287091333333336,3.9979960000000005,2.0799980000000033,226,228,2024,8,2020
compound_90p_2d,compound_90p_2d_0232,2024-08-29,2024-08-31,3,34.870426,34.377093,3.9860048999999975,1.8100009999999997,242,244,2024,8,2020
compound_90p_2d,compound_90p_2d_0233,2024-09-06,2024-09-12,7,35.160423,34.326139142857144,8.780999999999985,2.1089970999999963,250,256,2024,9,2020
compound_90p_2d,compound_90p_2d_0234,2024-09-17,2024-09-20,4,37.650425,35.700425249999995,9.581000999999986,4.307000799999997,261,264,2024,9,2020
compound_90p_2d,compound_90p_2d_0235,2024-09-22,2024-09-24,3,35.950424,34.960424999999994,5.058001899999994,2.6499979999999965,266,268,2024,9,2020
compound_90p_2d,compound_90p_2d_0236,2024-09-29,2024-09-30,2,33.730427,33.5104255,0.6060009000000051,0.5290028000000007,273,274,2024,9,2020
compound_90p_2d,compound_90p_2d_0237,2024-10-27,2024-11-01,6,33.150425,32.76875883333333,5.808003899999996,1.2999989999999997,301,306,2024,10,2020
