definition,heatwave_days,event_count,total_intensity,mean_duration,max_duration,year,month
operational_36c_1d,0,0,0,0,0,1972,1
operational_36c_1d,0,0,0,0,0,1972,2
operational_36c_1d,0,0,0,0,0,1972,3
operational_36c_1d,3,1,2.021274,3,3,1972,4
operational_36c_1d,8,2,7.823403,4,7,1972,5
operational_36c_1d,1,1,0.120426,1,1,1972,6
operational_36c_1d,0,0,0,0,0,1972,7
operational_36c_1d,0,0,0,0,0,1972,8
operational_36c_1d,0,0,0,0,0,1972,9
operational_36c_1d,0,0,0,0,0,1972,10
operational_36c_1d,0,0,0,0,0,1972,11
operational_36c_1d,0,0,0,0,0,1972,12
operational_36c_1d,0,0,0,0,0,1973,1
operational_36c_1d,0,0,0,0,0,1973,2
operational_36c_1d,2,2,14.105956,7,13,1973,3
operational_36c_1d,15,3,0.631271,1,1,1973,4
operational_36c_1d,0,0,0,0,0,1973,5
operational_36c_1d,0,0,0,0,0,1973,6
operational_36c_1d,0,0,0,0,0,1973,7
operational_36c_1d,0,0,0,0,0,1973,8
operational_36c_1d,0,0,0,0,0,1973,9
operational_36c_1d,0,0,0,0,0,1973,10
operational_36c_1d,0,0,0,0,0,1973,11
operational_36c_1d,0,0,0,0,0,1973,12
operational_36c_1d,0,0,0,0,0,1974,1
operational_36c_1d,0,0,0,0,0,1974,2
operational_36c_1d,0,0,0,0,0,1974,3
operational_36c_1d,0,0,0,0,0,1974,4
operational_36c_1d,0,0,0,0,0,1974,5
operational_36c_1d,0,0,0,0,0,1974,6
operational_36c_1d,0,0,0,0,0,1974,7
operational_36c_1d,0,0,0,0,0,1974,8
operational_36c_1d,0,0,0,0,0,1974,9
operational_36c_1d,0,0,0,0,0,1974,10
operational_36c_1d,0,0,0,0,0,1974,11
operational_36c_1d,0,0,0,0,0,1974,12
operational_36c_1d,0,0,0,0,0,1975,1
operational_36c_1d,0,0,0,0,0,1975,2
operational_36c_1d,0,0,0,0,0,1975,3
operational_36c_1d,10,3,16.915523,4.333333333,7,1975,4
operational_36c_1d,9,1,13.052551,6,6,1975,5
operational_36c_1d,0,0,0,0,0,1975,6
operational_36c_1d,0,0,0,0,0,1975,7
operational_36c_1d,0,0,0,0,0,1975,8
operational_36c_1d,0,0,0,0,0,1975,9
operational_36c_1d,0,0,0,0,0,1975,10
operational_36c_1d,0,0,0,0,0,1975,11
operational_36c_1d,0,0,0,0,0,1975,12
operational_36c_1d,0,0,0,0,0,1976,1
operational_36c_1d,0,0,0,0,0,1976,2
operational_36c_1d,3,2,0.761276,1.5,2,1976,3
operational_36c_1d,11,2,10.014675,5.5,7,1976,4
operational_36c_1d,0,0,0,0,0,1976,5
operational_36c_1d,0,0,0,0,0,1976,6
operational_36c_1d,0,0,0,0,0,1976,7
operational_36c_1d,0,0,0,0,0,1976,8
operational_36c_1d,0,0,0,0,0,1976,9
operational_36c_1d,0,0,0,0,0,1976,10
operational_36c_1d,0,0,0,0,0,1976,11
operational_36c_1d,0,0,0,0,0,1976,12
operational_36c_1d,0,0,0,0,0,1977,1
operational_36c_1d,0,0,0,0,0,1977,2
operational_36c_1d,0,0,0,0,0,1977,3
operational_36c_1d,0,0,0,0,0,1977,4
operational_36c_1d,0,0,0,0,0,1977,5
operational_36c_1d,0,0,0,0,0,1977,6
operational_36c_1d,0,0,0,0,0,1977,7
operational_36c_1d,0,0,0,0,0,1977,8
operational_36c_1d,0,0,0,0,0,1977,9
operational_36c_1d,0,0,0,0,0,1977,10
operational_36c_1d,0,0,0,0,0,1977,11
operational_36c_1d,0,0,0,0,0,1977,12
operational_36c_1d,0,0,0,0,0,1978,1
operational_36c_1d,0,0,0,0,0,1978,2
operational_36c_1d,0,0,0,0,0,1978,3
operational_36c_1d,0,0,0,0,0,1978,4
operational_36c_1d,0,0,0,0,0,1978,5
operational_36c_1d,0,0,0,0,0,1978,6
operational_36c_1d,0,0,0,0,0,1978,7
operational_36c_1d,0,0,0,0,0,1978,8
operational_36c_1d,0,0,0,0,0,1978,9
operational_36c_1d,0,0,0,0,0,1978,10
operational_36c_1d,0,0,0,0,0,1978,11
operational_36c_1d,0,0,0,0,0,1978,12
operational_36c_1d,0,0,0,0,0,1979,1
operational_36c_1d,0,0,0,0,0,1979,2
operational_36c_1d,6,2,17.324673,5.5,8,1979,3
operational_36c_1d,9,2,1.231697,2,2,1979,4
operational_36c_1d,11,2,44.146801,8,13,1979,5
operational_36c_1d,5,0,0,0,0,1979,6
operational_36c_1d,0,0,0,0,0,1979,7
operational_36c_1d,1,1,0.380424,1,1,1979,8
operational_36c_1d,0,0,0,0,0,1979,9
operational_36c_1d,0,0,0,0,0,1979,10
operational_36c_1d,0,0,0,0,0,1979,11
operational_36c_1d,0,0,0,0,0,1979,12
operational_36c_1d,0,0,0,0,0,1980,1
operational_36c_1d,0,0,0,0,0,1980,2
operational_36c_1d,1,1,0.500423,1,1,1980,3
operational_36c_1d,8,3,11.313395,2.666666667,5,1980,4
operational_36c_1d,0,0,0,0,0,1980,5
operational_36c_1d,0,0,0,0,0,1980,6
operational_36c_1d,0,0,0,0,0,1980,7
operational_36c_1d,0,0,0,0,0,1980,8
operational_36c_1d,0,0,0,0,0,1980,9
operational_36c_1d,0,0,0,0,0,1980,10
operational_36c_1d,0,0,0,0,0,1980,11
operational_36c_1d,0,0,0,0,0,1980,12
operational_36c_1d,0,0,0,0,0,1981,1
operational_36c_1d,0,0,0,0,0,1981,2
operational_36c_1d,0,0,0,0,0,1981,3
operational_36c_1d,0,0,0,0,0,1981,4
operational_36c_1d,0,0,0,0,0,1981,5
operational_36c_1d,0,0,0,0,0,1981,6
operational_36c_1d,0,0,0,0,0,1981,7
operational_36c_1d,0,0,0,0,0,1981,8
operational_36c_1d,0,0,0,0,0,1981,9
operational_36c_1d,0,0,0,0,0,1981,10
operational_36c_1d,0,0,0,0,0,1981,11
operational_36c_1d,0,0,0,0,0,1981,12
operational_36c_1d,0,0,0,0,0,1982,1
operational_36c_1d,0,0,0,0,0,1982,2
operational_36c_1d,0,0,0,0,0,1982,3
operational_36c_1d,2,1,0.690849,2,2,1982,4
operational_36c_1d,2,1,0.290852,2,2,1982,5
operational_36c_1d,0,0,0,0,0,1982,6
operational_36c_1d,0,0,0,0,0,1982,7
operational_36c_1d,0,0,0,0,0,1982,8
operational_36c_1d,0,0,0,0,0,1982,9
operational_36c_1d,0,0,0,0,0,1982,10
operational_36c_1d,0,0,0,0,0,1982,11
operational_36c_1d,0,0,0,0,0,1982,12
operational_36c_1d,0,0,0,0,0,1983,1
operational_36c_1d,0,0,0,0,0,1983,2
operational_36c_1d,0,0,0,0,0,1983,3
operational_36c_1d,0,0,0,0,0,1983,4
operational_36c_1d,0,0,0,0,0,1983,5
operational_36c_1d,0,0,0,0,0,1983,6
operational_36c_1d,0,0,0,0,0,1983,7
operational_36c_1d,0,0,0,0,0,1983,8
operational_36c_1d,0,0,0,0,0,1983,9
operational_36c_1d,0,0,0,0,0,1983,10
operational_36c_1d,0,0,0,0,0,1983,11
operational_36c_1d,0,0,0,0,0,1983,12
operational_36c_1d,0,0,0,0,0,1984,1
operational_36c_1d,0,0,0,0,0,1984,2
operational_36c_1d,2,2,0.590851,1,1,1984,3
operational_36c_1d,2,2,1.950847,1,1,1984,4
operational_36c_1d,0,0,0,0,0,1984,5
operational_36c_1d,0,0,0,0,0,1984,6
operational_36c_1d,0,0,0,0,0,1984,7
operational_36c_1d,0,0,0,0,0,1984,8
operational_36c_1d,0,0,0,0,0,1984,9
operational_36c_1d,0,0,0,0,0,1984,10
operational_36c_1d,0,0,0,0,0,1984,11
operational_36c_1d,0,0,0,0,0,1984,12
operational_36c_1d,0,0,0,0,0,1985,1
operational_36c_1d,0,0,0,0,0,1985,2
operational_36c_1d,1,1,0.340424,1,1,1985,3
operational_36c_1d,0,0,0,0,0,1985,4
operational_36c_1d,0,0,0,0,0,1985,5
operational_36c_1d,0,0,0,0,0,1985,6
operational_36c_1d,0,0,0,0,0,1985,7
operational_36c_1d,0,0,0,0,0,1985,8
operational_36c_1d,0,0,0,0,0,1985,9
operational_36c_1d,0,0,0,0,0,1985,10
operational_36c_1d,0,0,0,0,0,1985,11
operational_36c_1d,0,0,0,0,0,1985,12
operational_36c_1d,0,0,0,0,0,1986,1
operational_36c_1d,0,0,0,0,0,1986,2
operational_36c_1d,5,2,4.262122,2.5,4,1986,3
operational_36c_1d,1,1,0.510426,1,1,1986,4
operational_36c_1d,0,0,0,0,0,1986,5
operational_36c_1d,0,0,0,0,0,1986,6
operational_36c_1d,0,0,0,0,0,1986,7
operational_36c_1d,0,0,0,0,0,1986,8
operational_36c_1d,0,0,0,0,0,1986,9
operational_36c_1d,0,0,0,0,0,1986,10
operational_36c_1d,0,0,0,0,0,1986,11
operational_36c_1d,0,0,0,0,0,1986,12
operational_36c_1d,0,0,0,0,0,1987,1
operational_36c_1d,0,0,0,0,0,1987,2
operational_36c_1d,1,1,1.170425,1,1,1987,3
operational_36c_1d,5,1,6.462124,5,5,1987,4
operational_36c_1d,3,2,0.621277,1.5,2,1987,5
operational_36c_1d,0,0,0,0,0,1987,6
operational_36c_1d,0,0,0,0,0,1987,7
operational_36c_1d,0,0,0,0,0,1987,8
operational_36c_1d,0,0,0,0,0,1987,9
operational_36c_1d,0,0,0,0,0,1987,10
operational_36c_1d,0,0,0,0,0,1987,11
operational_36c_1d,0,0,0,0,0,1987,12
operational_36c_1d,0,0,0,0,0,1988,1
operational_36c_1d,0,0,0,0,0,1988,2
operational_36c_1d,0,0,0,0,0,1988,3
operational_36c_1d,6,4,3.682548,1.5,2,1988,4
operational_36c_1d,0,0,0,0,0,1988,5
operational_36c_1d,0,0,0,0,0,1988,6
operational_36c_1d,0,0,0,0,0,1988,7
operational_36c_1d,0,0,0,0,0,1988,8
operational_36c_1d,0,0,0,0,0,1988,9
operational_36c_1d,0,0,0,0,0,1988,10
operational_36c_1d,0,0,0,0,0,1988,11
operational_36c_1d,0,0,0,0,0,1988,12
operational_36c_1d,0,0,0,0,0,1989,1
operational_36c_1d,0,0,0,0,0,1989,2
operational_36c_1d,1,1,0.060425,1,1,1989,3
operational_36c_1d,10,5,6.664249,2,3,1989,4
operational_36c_1d,1,1,0.250423,1,1,1989,5
operational_36c_1d,0,0,0,0,0,1989,6
operational_36c_1d,0,0,0,0,0,1989,7
operational_36c_1d,0,0,0,0,0,1989,8
operational_36c_1d,0,0,0,0,0,1989,9
operational_36c_1d,0,0,0,0,0,1989,10
operational_36c_1d,0,0,0,0,0,1989,11
operational_36c_1d,0,0,0,0,0,1989,12
operational_36c_1d,0,0,0,0,0,1990,1
operational_36c_1d,0,0,0,0,0,1990,2
operational_36c_1d,0,0,0,0,0,1990,3
operational_36c_1d,0,0,0,0,0,1990,4
operational_36c_1d,0,0,0,0,0,1990,5
operational_36c_1d,0,0,0,0,0,1990,6
operational_36c_1d,0,0,0,0,0,1990,7
operational_36c_1d,0,0,0,0,0,1990,8
operational_36c_1d,0,0,0,0,0,1990,9
operational_36c_1d,0,0,0,0,0,1990,10
operational_36c_1d,0,0,0,0,0,1990,11
operational_36c_1d,0,0,0,0,0,1990,12
operational_36c_1d,0,0,0,0,0,1991,1
operational_36c_1d,0,0,0,0,0,1991,2
operational_36c_1d,3,1,1.331275,3,3,1991,3
operational_36c_1d,0,0,0,0,0,1991,4
operational_36c_1d,0,0,0,0,0,1991,5
operational_36c_1d,0,0,0,0,0,1991,6
operational_36c_1d,0,0,0,0,0,1991,7
operational_36c_1d,0,0,0,0,0,1991,8
operational_36c_1d,0,0,0,0,0,1991,9
operational_36c_1d,0,0,0,0,0,1991,10
operational_36c_1d,0,0,0,0,0,1991,11
operational_36c_1d,0,0,0,0,0,1991,12
operational_36c_1d,0,0,0,0,0,1992,1
operational_36c_1d,0,0,0,0,0,1992,2
operational_36c_1d,0,0,0,0,0,1992,3
operational_36c_1d,18,5,14.627647,3.6,7,1992,4
operational_36c_1d,0,0,0,0,0,1992,5
operational_36c_1d,1,1,0.650425,1,1,1992,6
operational_36c_1d,0,0,0,0,0,1992,7
operational_36c_1d,0,0,0,0,0,1992,8
operational_36c_1d,0,0,0,0,0,1992,9
operational_36c_1d,0,0,0,0,0,1992,10
operational_36c_1d,0,0,0,0,0,1992,11
operational_36c_1d,0,0,0,0,0,1992,12
operational_36c_1d,0,0,0,0,0,1993,1
operational_36c_1d,0,0,0,0,0,1993,2
operational_36c_1d,0,0,0,0,0,1993,3
operational_36c_1d,0,0,0,0,0,1993,4
operational_36c_1d,0,0,0,0,0,1993,5
operational_36c_1d,0,0,0,0,0,1993,6
operational_36c_1d,0,0,0,0,0,1993,7
operational_36c_1d,0,0,0,0,0,1993,8
operational_36c_1d,0,0,0,0,0,1993,9
operational_36c_1d,0,0,0,0,0,1993,10
operational_36c_1d,0,0,0,0,0,1993,11
operational_36c_1d,0,0,0,0,0,1993,12
operational_36c_1d,0,0,0,0,0,1994,1
operational_36c_1d,0,0,0,0,0,1994,2
operational_36c_1d,0,0,0,0,0,1994,3
operational_36c_1d,0,0,0,0,0,1994,4
operational_36c_1d,0,0,0,0,0,1994,5
operational_36c_1d,0,0,0,0,0,1994,6
operational_36c_1d,0,0,0,0,0,1994,7
operational_36c_1d,0,0,0,0,0,1994,8
operational_36c_1d,0,0,0,0,0,1994,9
operational_36c_1d,0,0,0,0,0,1994,10
operational_36c_1d,0,0,0,0,0,1994,11
operational_36c_1d,0,0,0,0,0,1994,12
operational_36c_1d,0,0,0,0,0,1995,1
operational_36c_1d,0,0,0,0,0,1995,2
operational_36c_1d,6,1,6.482551,6,6,1995,3
operational_36c_1d,7,5,3.742973,1.4,3,1995,4
operational_36c_1d,4,1,2.591698,4,4,1995,5
operational_36c_1d,0,0,0,0,0,1995,6
operational_36c_1d,0,0,0,0,0,1995,7
operational_36c_1d,0,0,0,0,0,1995,8
operational_36c_1d,0,0,0,0,0,1995,9
operational_36c_1d,0,0,0,0,0,1995,10
operational_36c_1d,0,0,0,0,0,1995,11
operational_36c_1d,0,0,0,0,0,1995,12
operational_36c_1d,0,0,0,0,0,1996,1
operational_36c_1d,0,0,0,0,0,1996,2
operational_36c_1d,0,0,0,0,0,1996,3
operational_36c_1d,3,1,3.301273,3,3,1996,4
operational_36c_1d,0,0,0,0,0,1996,5
operational_36c_1d,0,0,0,0,0,1996,6
operational_36c_1d,0,0,0,0,0,1996,7
operational_36c_1d,0,0,0,0,0,1996,8
operational_36c_1d,0,0,0,0,0,1996,9
operational_36c_1d,0,0,0,0,0,1996,10
operational_36c_1d,0,0,0,0,0,1996,11
operational_36c_1d,0,0,0,0,0,1996,12
operational_36c_1d,0,0,0,0,0,1997,1
operational_36c_1d,0,0,0,0,0,1997,2
operational_36c_1d,0,0,0,0,0,1997,3
operational_36c_1d,0,0,0,0,0,1997,4
operational_36c_1d,0,0,0,0,0,1997,5
operational_36c_1d,0,0,0,0,0,1997,6
operational_36c_1d,0,0,0,0,0,1997,7
operational_36c_1d,0,0,0,0,0,1997,8
operational_36c_1d,0,0,0,0,0,1997,9
operational_36c_1d,0,0,0,0,0,1997,10
operational_36c_1d,0,0,0,0,0,1997,11
operational_36c_1d,0,0,0,0,0,1997,12
operational_36c_1d,0,0,0,0,0,1998,1
operational_36c_1d,0,0,0,0,0,1998,2
operational_36c_1d,0,0,0,0,0,1998,3
operational_36c_1d,0,0,0,0,0,1998,4
operational_36c_1d,0,0,0,0,0,1998,5
operational_36c_1d,0,0,0,0,0,1998,6
operational_36c_1d,0,0,0,0,0,1998,7
operational_36c_1d,0,0,0,0,0,1998,8
operational_36c_1d,0,0,0,0,0,1998,9
operational_36c_1d,0,0,0,0,0,1998,10
operational_36c_1d,0,0,0,0,0,1998,11
operational_36c_1d,0,0,0,0,0,1998,12
operational_36c_1d,0,0,0,0,0,1999,1
operational_36c_1d,0,0,0,0,0,1999,2
operational_36c_1d,0,0,0,0,0,1999,3
operational_36c_1d,9,2,4.933826,4.5,6,1999,4
operational_36c_1d,4,1,1.8717,4,4,1999,5
operational_36c_1d,0,0,0,0,0,1999,6
operational_36c_1d,0,0,0,0,0,1999,7
operational_36c_1d,0,0,0,0,0,1999,8
operational_36c_1d,0,0,0,0,0,1999,9
operational_36c_1d,0,0,0,0,0,1999,10
operational_36c_1d,0,0,0,0,0,1999,11
operational_36c_1d,0,0,0,0,0,1999,12
operational_36c_1d,0,0,0,0,0,2000,1
operational_36c_1d,0,0,0,0,0,2000,2
operational_36c_1d,0,0,0,0,0,2000,3
operational_36c_1d,0,0,0,0,0,2000,4
operational_36c_1d,0,0,0,0,0,2000,5
operational_36c_1d,0,0,0,0,0,2000,6
operational_36c_1d,0,0,0,0,0,2000,7
operational_36c_1d,0,0,0,0,0,2000,8
operational_36c_1d,0,0,0,0,0,2000,9
operational_36c_1d,0,0,0,0,0,2000,10
operational_36c_1d,0,0,0,0,0,2000,11
operational_36c_1d,0,0,0,0,0,2000,12
operational_36c_1d,0,0,0,0,0,2001,1
operational_36c_1d,0,0,0,0,0,2001,2
operational_36c_1d,0,0,0,0,0,2001,3
operational_36c_1d,3,2,1.811275,1.5,2,2001,4
operational_36c_1d,0,0,0,0,0,2001,5
operational_36c_1d,0,0,0,0,0,2001,6
operational_36c_1d,0,0,0,0,0,2001,7
operational_36c_1d,0,0,0,0,0,2001,8
operational_36c_1d,0,0,0,0,0,2001,9
operational_36c_1d,0,0,0,0,0,2001,10
operational_36c_1d,0,0,0,0,0,2001,11
operational_36c_1d,0,0,0,0,0,2001,12
operational_36c_1d,0,0,0,0,0,2002,1
operational_36c_1d,0,0,0,0,0,2002,2
operational_36c_1d,0,0,0,0,0,2002,3
operational_36c_1d,0,0,0,0,0,2002,4
operational_36c_1d,0,0,0,0,0,2002,5
operational_36c_1d,0,0,0,0,0,2002,6
operational_36c_1d,0,0,0,0,0,2002,7
operational_36c_1d,0,0,0,0,0,2002,8
operational_36c_1d,0,0,0,0,0,2002,9
operational_36c_1d,0,0,0,0,0,2002,10
operational_36c_1d,0,0,0,0,0,2002,11
operational_36c_1d,0,0,0,0,0,2002,12
operational_36c_1d,0,0,0,0,0,2003,1
operational_36c_1d,0,0,0,0,0,2003,2
operational_36c_1d,0,0,0,0,0,2003,3
operational_36c_1d,0,0,0,0,0,2003,4
operational_36c_1d,0,0,0,0,0,2003,5
operational_36c_1d,0,0,0,0,0,2003,6
operational_36c_1d,0,0,0,0,0,2003,7
operational_36c_1d,0,0,0,0,0,2003,8
operational_36c_1d,0,0,0,0,0,2003,9
operational_36c_1d,0,0,0,0,0,2003,10
operational_36c_1d,0,0,0,0,0,2003,11
operational_36c_1d,0,0,0,0,0,2003,12
operational_36c_1d,0,0,0,0,0,2004,1
operational_36c_1d,0,0,0,0,0,2004,2
operational_36c_1d,2,1,0.580849,2,2,2004,3
operational_36c_1d,0,0,0,0,0,2004,4
operational_36c_1d,0,0,0,0,0,2004,5
operational_36c_1d,0,0,0,0,0,2004,6
operational_36c_1d,0,0,0,0,0,2004,7
operational_36c_1d,0,0,0,0,0,2004,8
operational_36c_1d,0,0,0,0,0,2004,9
operational_36c_1d,0,0,0,0,0,2004,10
operational_36c_1d,0,0,0,0,0,2004,11
operational_36c_1d,0,0,0,0,0,2004,12
operational_36c_1d,0,0,0,0,0,2005,1
operational_36c_1d,0,0,0,0,0,2005,2
operational_36c_1d,0,0,0,0,0,2005,3
operational_36c_1d,0,0,0,0,0,2005,4
operational_36c_1d,0,0,0,0,0,2005,5
operational_36c_1d,0,0,0,0,0,2005,6
operational_36c_1d,0,0,0,0,0,2005,7
operational_36c_1d,0,0,0,0,0,2005,8
operational_36c_1d,0,0,0,0,0,2005,9
operational_36c_1d,0,0,0,0,0,2005,10
operational_36c_1d,0,0,0,0,0,2005,11
operational_36c_1d,0,0,0,0,0,2005,12
operational_36c_1d,0,0,0,0,0,2006,1
operational_36c_1d,0,0,0,0,0,2006,2
operational_36c_1d,1,1,1.820423,1,1,2006,3
operational_36c_1d,0,0,0,0,0,2006,4
operational_36c_1d,1,1,0.220425,1,1,2006,5
operational_36c_1d,0,0,0,0,0,2006,6
operational_36c_1d,0,0,0,0,0,2006,7
operational_36c_1d,0,0,0,0,0,2006,8
operational_36c_1d,0,0,0,0,0,2006,9
operational_36c_1d,0,0,0,0,0,2006,10
operational_36c_1d,0,0,0,0,0,2006,11
operational_36c_1d,0,0,0,0,0,2006,12
operational_36c_1d,0,0,0,0,0,2007,1
operational_36c_1d,0,0,0,0,0,2007,2
operational_36c_1d,2,1,0.55085,2,2,2007,3
operational_36c_1d,3,2,0.571274,1.5,2,2007,4
operational_36c_1d,0,0,0,0,0,2007,5
operational_36c_1d,0,0,0,0,0,2007,6
operational_36c_1d,0,0,0,0,0,2007,7
operational_36c_1d,0,0,0,0,0,2007,8
operational_36c_1d,0,0,0,0,0,2007,9
operational_36c_1d,0,0,0,0,0,2007,10
operational_36c_1d,0,0,0,0,0,2007,11
operational_36c_1d,0,0,0,0,0,2007,12
operational_36c_1d,0,0,0,0,0,2008,1
operational_36c_1d,0,0,0,0,0,2008,2
operational_36c_1d,0,0,0,0,0,2008,3
operational_36c_1d,8,2,9.394672,5.5,6,2008,4
operational_36c_1d,3,0,0,0,0,2008,5
operational_36c_1d,0,0,0,0,0,2008,6
operational_36c_1d,0,0,0,0,0,2008,7
operational_36c_1d,0,0,0,0,0,2008,8
operational_36c_1d,0,0,0,0,0,2008,9
operational_36c_1d,0,0,0,0,0,2008,10
operational_36c_1d,0,0,0,0,0,2008,11
operational_36c_1d,0,0,0,0,0,2008,12
operational_36c_1d,0,0,0,0,0,2009,1
operational_36c_1d,0,0,0,0,0,2009,2
operational_36c_1d,0,0,0,0,0,2009,3
operational_36c_1d,8,3,6.9734,2.666666667,6,2009,4
operational_36c_1d,3,1,4.041275,3,3,2009,5
operational_36c_1d,1,1,0.380424,1,1,2009,6
operational_36c_1d,0,0,0,0,0,2009,7
operational_36c_1d,0,0,0,0,0,2009,8
operational_36c_1d,0,0,0,0,0,2009,9
operational_36c_1d,0,0,0,0,0,2009,10
operational_36c_1d,0,0,0,0,0,2009,11
operational_36c_1d,0,0,0,0,0,2009,12
operational_36c_1d,0,0,0,0,0,2010,1
operational_36c_1d,0,0,0,0,0,2010,2
operational_36c_1d,4,1,1.1217,4,4,2010,3
operational_36c_1d,18,5,15.087648,3.6,8,2010,4
operational_36c_1d,1,1,0.210426,1,1,2010,5
operational_36c_1d,0,0,0,0,0,2010,6
operational_36c_1d,0,0,0,0,0,2010,7
operational_36c_1d,0,0,0,0,0,2010,8
operational_36c_1d,0,0,0,0,0,2010,9
operational_36c_1d,0,0,0,0,0,2010,10
operational_36c_1d,0,0,0,0,0,2010,11
operational_36c_1d,0,0,0,0,0,2010,12
operational_36c_1d,0,0,0,0,0,2011,1
operational_36c_1d,0,0,0,0,0,2011,2
operational_36c_1d,0,0,0,0,0,2011,3
operational_36c_1d,0,0,0,0,0,2011,4
operational_36c_1d,0,0,0,0,0,2011,5
operational_36c_1d,0,0,0,0,0,2011,6
operational_36c_1d,0,0,0,0,0,2011,7
operational_36c_1d,0,0,0,0,0,2011,8
operational_36c_1d,0,0,0,0,0,2011,9
operational_36c_1d,0,0,0,0,0,2011,10
operational_36c_1d,0,0,0,0,0,2011,11
operational_36c_1d,0,0,0,0,0,2011,12
operational_36c_1d,0,0,0,0,0,2012,1
operational_36c_1d,0,0,0,0,0,2012,2
operational_36c_1d,1,1,0.560425,1,1,2012,3
operational_36c_1d,0,0,0,0,0,2012,4
operational_36c_1d,2,2,0.180851,1,1,2012,5
operational_36c_1d,0,0,0,0,0,2012,6
operational_36c_1d,0,0,0,0,0,2012,7
operational_36c_1d,0,0,0,0,0,2012,8
operational_36c_1d,0,0,0,0,0,2012,9
operational_36c_1d,0,0,0,0,0,2012,10
operational_36c_1d,0,0,0,0,0,2012,11
operational_36c_1d,0,0,0,0,0,2012,12
operational_36c_1d,0,0,0,0,0,2013,1
operational_36c_1d,0,0,0,0,0,2013,2
operational_36c_1d,0,0,0,0,0,2013,3
operational_36c_1d,4,2,2.901696,2,2,2013,4
operational_36c_1d,0,0,0,0,0,2013,5
operational_36c_1d,0,0,0,0,0,2013,6
operational_36c_1d,0,0,0,0,0,2013,7
operational_36c_1d,0,0,0,0,0,2013,8
operational_36c_1d,0,0,0,0,0,2013,9
operational_36c_1d,0,0,0,0,0,2013,10
operational_36c_1d,0,0,0,0,0,2013,11
operational_36c_1d,0,0,0,0,0,2013,12
operational_36c_1d,0,0,0,0,0,2014,1
operational_36c_1d,0,0,0,0,0,2014,2
operational_36c_1d,0,0,0,0,0,2014,3
operational_36c_1d,7,1,9.89298,7,7,2014,4
operational_36c_1d,9,3,3.683823,3,4,2014,5
operational_36c_1d,0,0,0,0,0,2014,6
operational_36c_1d,0,0,0,0,0,2014,7
operational_36c_1d,0,0,0,0,0,2014,8
operational_36c_1d,0,0,0,0,0,2014,9
operational_36c_1d,0,0,0,0,0,2014,10
operational_36c_1d,0,0,0,0,0,2014,11
operational_36c_1d,0,0,0,0,0,2014,12
operational_36c_1d,0,0,0,0,0,2015,1
operational_36c_1d,0,0,0,0,0,2015,2
operational_36c_1d,0,0,0,0,0,2015,3
operational_36c_1d,0,0,0,0,0,2015,4
operational_36c_1d,0,0,0,0,0,2015,5
operational_36c_1d,0,0,0,0,0,2015,6
operational_36c_1d,0,0,0,0,0,2015,7
operational_36c_1d,0,0,0,0,0,2015,8
operational_36c_1d,0,0,0,0,0,2015,9
operational_36c_1d,0,0,0,0,0,2015,10
operational_36c_1d,0,0,0,0,0,2015,11
operational_36c_1d,0,0,0,0,0,2015,12
operational_36c_1d,0,0,0,0,0,2016,1
operational_36c_1d,0,0,0,0,0,2016,2
operational_36c_1d,0,0,0,0,0,2016,3
operational_36c_1d,8,4,5.203819,2.25,4,2016,4
operational_36c_1d,1,0,0,0,0,2016,5
operational_36c_1d,0,0,0,0,0,2016,6
operational_36c_1d,0,0,0,0,0,2016,7
operational_36c_1d,0,0,0,0,0,2016,8
operational_36c_1d,0,0,0,0,0,2016,9
operational_36c_1d,0,0,0,0,0,2016,10
operational_36c_1d,0,0,0,0,0,2016,11
operational_36c_1d,0,0,0,0,0,2016,12
operational_36c_1d,0,0,0,0,0,2017,1
operational_36c_1d,0,0,0,0,0,2017,2
operational_36c_1d,0,0,0,0,0,2017,3
operational_36c_1d,0,0,0,0,0,2017,4
operational_36c_1d,0,0,0,0,0,2017,5
operational_36c_1d,0,0,0,0,0,2017,6
operational_36c_1d,0,0,0,0,0,2017,7
operational_36c_1d,0,0,0,0,0,2017,8
operational_36c_1d,0,0,0,0,0,2017,9
operational_36c_1d,0,0,0,0,0,2017,10
operational_36c_1d,0,0,0,0,0,2017,11
operational_36c_1d,0,0,0,0,0,2017,12
operational_36c_1d,0,0,0,0,0,2018,1
operational_36c_1d,0,0,0,0,0,2018,2
operational_36c_1d,0,0,0,0,0,2018,3
operational_36c_1d,0,0,0,0,0,2018,4
operational_36c_1d,0,0,0,0,0,2018,5
operational_36c_1d,0,0,0,0,0,2018,6
operational_36c_1d,1,1,0.700424,1,1,2018,7
operational_36c_1d,0,0,0,0,0,2018,8
operational_36c_1d,0,0,0,0,0,2018,9
operational_36c_1d,0,0,0,0,0,2018,10
operational_36c_1d,0,0,0,0,0,2018,11
operational_36c_1d,0,0,0,0,0,2018,12
operational_36c_1d,0,0,0,0,0,2019,1
operational_36c_1d,0,0,0,0,0,2019,2
operational_36c_1d,0,0,0,0,0,2019,3
operational_36c_1d,1,1,0.10085,2,2,2019,4
operational_36c_1d,2,1,0.110424,1,1,2019,5
operational_36c_1d,1,1,0.020424,1,1,2019,6
operational_36c_1d,0,0,0,0,0,2019,7
operational_36c_1d,1,1,0.000423,1,1,2019,8
operational_36c_1d,1,1,0.610424,1,1,2019,9
operational_36c_1d,0,0,0,0,0,2019,10
operational_36c_1d,0,0,0,0,0,2019,11
operational_36c_1d,0,0,0,0,0,2019,12
operational_36c_1d,0,0,0,0,0,2020,1
operational_36c_1d,0,0,0,0,0,2020,2
operational_36c_1d,0,0,0,0,0,2020,3
operational_36c_1d,1,1,0.550426,1,1,2020,4
operational_36c_1d,0,0,0,0,0,2020,5
operational_36c_1d,0,0,0,0,0,2020,6
operational_36c_1d,0,0,0,0,0,2020,7
operational_36c_1d,0,0,0,0,0,2020,8
operational_36c_1d,0,0,0,0,0,2020,9
operational_36c_1d,0,0,0,0,0,2020,10
operational_36c_1d,0,0,0,0,0,2020,11
operational_36c_1d,0,0,0,0,0,2020,12
operational_36c_1d,0,0,0,0,0,2021,1
operational_36c_1d,0,0,0,0,0,2021,2
operational_36c_1d,0,0,0,0,0,2021,3
operational_36c_1d,13,4,9.605523,3.25,6,2021,4
operational_36c_1d,2,1,0.700848,2,2,2021,5
operational_36c_1d,0,0,0,0,0,2021,6
operational_36c_1d,0,0,0,0,0,2021,7
operational_36c_1d,0,0,0,0,0,2021,8
operational_36c_1d,0,0,0,0,0,2021,9
operational_36c_1d,1,1,0.270424,1,1,2021,10
operational_36c_1d,0,0,0,0,0,2021,11
operational_36c_1d,0,0,0,0,0,2021,12
operational_36c_1d,0,0,0,0,0,2022,1
operational_36c_1d,0,0,0,0,0,2022,2
operational_36c_1d,0,0,0,0,0,2022,3
operational_36c_1d,0,0,0,0,0,2022,4
operational_36c_1d,0,0,0,0,0,2022,5
operational_36c_1d,0,0,0,0,0,2022,6
operational_36c_1d,0,0,0,0,0,2022,7
operational_36c_1d,1,1,0.130424,1,1,2022,8
operational_36c_1d,0,0,0,0,0,2022,9
operational_36c_1d,0,0,0,0,0,2022,10
operational_36c_1d,0,0,0,0,0,2022,11
operational_36c_1d,0,0,0,0,0,2022,12
operational_36c_1d,0,0,0,0,0,2023,1
operational_36c_1d,0,0,0,0,0,2023,2
operational_36c_1d,0,0,0,0,0,2023,3
operational_36c_1d,17,4,28.327218,4.25,13,2023,4
operational_36c_1d,9,2,22.246368,7.5,8,2023,5
operational_36c_1d,6,0,0,0,0,2023,6
operational_36c_1d,0,0,0,0,0,2023,7
operational_36c_1d,0,0,0,0,0,2023,8
operational_36c_1d,1,1,0.060425,1,1,2023,9
operational_36c_1d,0,0,0,0,0,2023,10
operational_36c_1d,0,0,0,0,0,2023,11
operational_36c_1d,0,0,0,0,0,2023,12
operational_36c_1d,0,0,0,0,0,2024,1
operational_36c_1d,0,0,0,0,0,2024,2
operational_36c_1d,0,0,0,0,0,2024,3
operational_36c_1d,17,4,25.518504,5,15,2024,4
operational_36c_1d,10,3,5.542971,2.333333333,3,2024,5
operational_36c_1d,1,1,0.280426,1,1,2024,6
operational_36c_1d,0,0,0,0,0,2024,7
operational_36c_1d,0,0,0,0,0,2024,8
operational_36c_1d,1,1,1.650425,1,1,2024,9
operational_36c_1d,0,0,0,0,0,2024,10
operational_36c_1d,0,0,0,0,0,2024,11
persistent_36c_2d,0,0,0,0,0,1972,1
persistent_36c_2d,0,0,0,0,0,1972,2
persistent_36c_2d,0,0,0,0,0,1972,3
persistent_36c_2d,3,1,2.021274,3,3,1972,4
persistent_36c_2d,7,1,7.672978,7,7,1972,5
persistent_36c_2d,0,0,0,0,0,1972,6
persistent_36c_2d,0,0,0,0,0,1972,7
persistent_36c_2d,0,0,0,0,0,1972,8
persistent_36c_2d,0,0,0,0,0,1972,9
persistent_36c_2d,0,0,0,0,0,1972,10
persistent_36c_2d,0,0,0,0,0,1972,11
persistent_36c_2d,0,0,0,0,0,1972,12
persistent_36c_2d,0,0,0,0,0,1973,1
persistent_36c_2d,0,0,0,0,0,1973,2
persistent_36c_2d,1,1,13.66553,13,13,1973,3
persistent_36c_2d,12,0,0,0,0,1973,4
persistent_36c_2d,0,0,0,0,0,1973,5
persistent_36c_2d,0,0,0,0,0,1973,6
persistent_36c_2d,0,0,0,0,0,1973,7
persistent_36c_2d,0,0,0,0,0,1973,8
persistent_36c_2d,0,0,0,0,0,1973,9
persistent_36c_2d,0,0,0,0,0,1973,10
persistent_36c_2d,0,0,0,0,0,1973,11
persistent_36c_2d,0,0,0,0,0,1973,12
persistent_36c_2d,0,0,0,0,0,1974,1
persistent_36c_2d,0,0,0,0,0,1974,2
persistent_36c_2d,0,0,0,0,0,1974,3
persistent_36c_2d,0,0,0,0,0,1974,4
persistent_36c_2d,0,0,0,0,0,1974,5
persistent_36c_2d,0,0,0,0,0,1974,6
persistent_36c_2d,0,0,0,0,0,1974,7
persistent_36c_2d,0,0,0,0,0,1974,8
persistent_36c_2d,0,0,0,0,0,1974,9
persistent_36c_2d,0,0,0,0,0,1974,10
persistent_36c_2d,0,0,0,0,0,1974,11
persistent_36c_2d,0,0,0,0,0,1974,12
persistent_36c_2d,0,0,0,0,0,1975,1
persistent_36c_2d,0,0,0,0,0,1975,2
persistent_36c_2d,0,0,0,0,0,1975,3
persistent_36c_2d,9,2,16.735099,6,7,1975,4
persistent_36c_2d,9,1,13.052551,6,6,1975,5
persistent_36c_2d,0,0,0,0,0,1975,6
persistent_36c_2d,0,0,0,0,0,1975,7
persistent_36c_2d,0,0,0,0,0,1975,8
persistent_36c_2d,0,0,0,0,0,1975,9
persistent_36c_2d,0,0,0,0,0,1975,10
persistent_36c_2d,0,0,0,0,0,1975,11
persistent_36c_2d,0,0,0,0,0,1975,12
persistent_36c_2d,0,0,0,0,0,1976,1
persistent_36c_2d,0,0,0,0,0,1976,2
persistent_36c_2d,2,1,0.680851,2,2,1976,3
persistent_36c_2d,11,2,10.014675,5.5,7,1976,4
persistent_36c_2d,0,0,0,0,0,1976,5
persistent_36c_2d,0,0,0,0,0,1976,6
persistent_36c_2d,0,0,0,0,0,1976,7
persistent_36c_2d,0,0,0,0,0,1976,8
persistent_36c_2d,0,0,0,0,0,1976,9
persistent_36c_2d,0,0,0,0,0,1976,10
persistent_36c_2d,0,0,0,0,0,1976,11
persistent_36c_2d,0,0,0,0,0,1976,12
persistent_36c_2d,0,0,0,0,0,1977,1
persistent_36c_2d,0,0,0,0,0,1977,2
persistent_36c_2d,0,0,0,0,0,1977,3
persistent_36c_2d,0,0,0,0,0,1977,4
persistent_36c_2d,0,0,0,0,0,1977,5
persistent_36c_2d,0,0,0,0,0,1977,6
persistent_36c_2d,0,0,0,0,0,1977,7
persistent_36c_2d,0,0,0,0,0,1977,8
persistent_36c_2d,0,0,0,0,0,1977,9
persistent_36c_2d,0,0,0,0,0,1977,10
persistent_36c_2d,0,0,0,0,0,1977,11
persistent_36c_2d,0,0,0,0,0,1977,12
persistent_36c_2d,0,0,0,0,0,1978,1
persistent_36c_2d,0,0,0,0,0,1978,2
persistent_36c_2d,0,0,0,0,0,1978,3
persistent_36c_2d,0,0,0,0,0,1978,4
persistent_36c_2d,0,0,0,0,0,1978,5
persistent_36c_2d,0,0,0,0,0,1978,6
persistent_36c_2d,0,0,0,0,0,1978,7
persistent_36c_2d,0,0,0,0,0,1978,8
persistent_36c_2d,0,0,0,0,0,1978,9
persistent_36c_2d,0,0,0,0,0,1978,10
persistent_36c_2d,0,0,0,0,0,1978,11
persistent_36c_2d,0,0,0,0,0,1978,12
persistent_36c_2d,0,0,0,0,0,1979,1
persistent_36c_2d,0,0,0,0,0,1979,2
persistent_36c_2d,6,2,17.324673,5.5,8,1979,3
persistent_36c_2d,9,2,1.231697,2,2,1979,4
persistent_36c_2d,11,2,44.146801,8,13,1979,5
persistent_36c_2d,5,0,0,0,0,1979,6
persistent_36c_2d,0,0,0,0,0,1979,7
persistent_36c_2d,0,0,0,0,0,1979,8
persistent_36c_2d,0,0,0,0,0,1979,9
persistent_36c_2d,0,0,0,0,0,1979,10
persistent_36c_2d,0,0,0,0,0,1979,11
persistent_36c_2d,0,0,0,0,0,1979,12
persistent_36c_2d,0,0,0,0,0,1980,1
persistent_36c_2d,0,0,0,0,0,1980,2
persistent_36c_2d,0,0,0,0,0,1980,3
persistent_36c_2d,7,2,10.772971,3.5,5,1980,4
persistent_36c_2d,0,0,0,0,0,1980,5
persistent_36c_2d,0,0,0,0,0,1980,6
persistent_36c_2d,0,0,0,0,0,1980,7
persistent_36c_2d,0,0,0,0,0,1980,8
persistent_36c_2d,0,0,0,0,0,1980,9
persistent_36c_2d,0,0,0,0,0,1980,10
persistent_36c_2d,0,0,0,0,0,1980,11
persistent_36c_2d,0,0,0,0,0,1980,12
persistent_36c_2d,0,0,0,0,0,1981,1
persistent_36c_2d,0,0,0,0,0,1981,2
persistent_36c_2d,0,0,0,0,0,1981,3
persistent_36c_2d,0,0,0,0,0,1981,4
persistent_36c_2d,0,0,0,0,0,1981,5
persistent_36c_2d,0,0,0,0,0,1981,6
persistent_36c_2d,0,0,0,0,0,1981,7
persistent_36c_2d,0,0,0,0,0,1981,8
persistent_36c_2d,0,0,0,0,0,1981,9
persistent_36c_2d,0,0,0,0,0,1981,10
persistent_36c_2d,0,0,0,0,0,1981,11
persistent_36c_2d,0,0,0,0,0,1981,12
persistent_36c_2d,0,0,0,0,0,1982,1
persistent_36c_2d,0,0,0,0,0,1982,2
persistent_36c_2d,0,0,0,0,0,1982,3
persistent_36c_2d,2,1,0.690849,2,2,1982,4
persistent_36c_2d,2,1,0.290852,2,2,1982,5
persistent_36c_2d,0,0,0,0,0,1982,6
persistent_36c_2d,0,0,0,0,0,1982,7
persistent_36c_2d,0,0,0,0,0,1982,8
persistent_36c_2d,0,0,0,0,0,1982,9
persistent_36c_2d,0,0,0,0,0,1982,10
persistent_36c_2d,0,0,0,0,0,1982,11
persistent_36c_2d,0,0,0,0,0,1982,12
persistent_36c_2d,0,0,0,0,0,1983,1
persistent_36c_2d,0,0,0,0,0,1983,2
persistent_36c_2d,0,0,0,0,0,1983,3
persistent_36c_2d,0,0,0,0,0,1983,4
persistent_36c_2d,0,0,0,0,0,1983,5
persistent_36c_2d,0,0,0,0,0,1983,6
persistent_36c_2d,0,0,0,0,0,1983,7
persistent_36c_2d,0,0,0,0,0,1983,8
persistent_36c_2d,0,0,0,0,0,1983,9
persistent_36c_2d,0,0,0,0,0,1983,10
persistent_36c_2d,0,0,0,0,0,1983,11
persistent_36c_2d,0,0,0,0,0,1983,12
persistent_36c_2d,0,0,0,0,0,1984,1
persistent_36c_2d,0,0,0,0,0,1984,2
persistent_36c_2d,0,0,0,0,0,1984,3
persistent_36c_2d,0,0,0,0,0,1984,4
persistent_36c_2d,0,0,0,0,0,1984,5
persistent_36c_2d,0,0,0,0,0,1984,6
persistent_36c_2d,0,0,0,0,0,1984,7
persistent_36c_2d,0,0,0,0,0,1984,8
persistent_36c_2d,0,0,0,0,0,1984,9
persistent_36c_2d,0,0,0,0,0,1984,10
persistent_36c_2d,0,0,0,0,0,1984,11
persistent_36c_2d,0,0,0,0,0,1984,12
persistent_36c_2d,0,0,0,0,0,1985,1
persistent_36c_2d,0,0,0,0,0,1985,2
persistent_36c_2d,0,0,0,0,0,1985,3
persistent_36c_2d,0,0,0,0,0,1985,4
persistent_36c_2d,0,0,0,0,0,1985,5
persistent_36c_2d,0,0,0,0,0,1985,6
persistent_36c_2d,0,0,0,0,0,1985,7
persistent_36c_2d,0,0,0,0,0,1985,8
persistent_36c_2d,0,0,0,0,0,1985,9
persistent_36c_2d,0,0,0,0,0,1985,10
persistent_36c_2d,0,0,0,0,0,1985,11
persistent_36c_2d,0,0,0,0,0,1985,12
persistent_36c_2d,0,0,0,0,0,1986,1
persistent_36c_2d,0,0,0,0,0,1986,2
persistent_36c_2d,4,1,3.741698,4,4,1986,3
persistent_36c_2d,0,0,0,0,0,1986,4
persistent_36c_2d,0,0,0,0,0,1986,5
persistent_36c_2d,0,0,0,0,0,1986,6
persistent_36c_2d,0,0,0,0,0,1986,7
persistent_36c_2d,0,0,0,0,0,1986,8
persistent_36c_2d,0,0,0,0,0,1986,9
persistent_36c_2d,0,0,0,0,0,1986,10
persistent_36c_2d,0,0,0,0,0,1986,11
persistent_36c_2d,0,0,0,0,0,1986,12
persistent_36c_2d,0,0,0,0,0,1987,1
persistent_36c_2d,0,0,0,0,0,1987,2
persistent_36c_2d,0,0,0,0,0,1987,3
persistent_36c_2d,5,1,6.462124,5,5,1987,4
persistent_36c_2d,2,1,0.070851,2,2,1987,5
persistent_36c_2d,0,0,0,0,0,1987,6
persistent_36c_2d,0,0,0,0,0,1987,7
persistent_36c_2d,0,0,0,0,0,1987,8
persistent_36c_2d,0,0,0,0,0,1987,9
persistent_36c_2d,0,0,0,0,0,1987,10
persistent_36c_2d,0,0,0,0,0,1987,11
persistent_36c_2d,0,0,0,0,0,1987,12
persistent_36c_2d,0,0,0,0,0,1988,1
persistent_36c_2d,0,0,0,0,0,1988,2
persistent_36c_2d,0,0,0,0,0,1988,3
persistent_36c_2d,4,2,2.851699,2,2,1988,4
persistent_36c_2d,0,0,0,0,0,1988,5
persistent_36c_2d,0,0,0,0,0,1988,6
persistent_36c_2d,0,0,0,0,0,1988,7
persistent_36c_2d,0,0,0,0,0,1988,8
persistent_36c_2d,0,0,0,0,0,1988,9
persistent_36c_2d,0,0,0,0,0,1988,10
persistent_36c_2d,0,0,0,0,0,1988,11
persistent_36c_2d,0,0,0,0,0,1988,12
persistent_36c_2d,0,0,0,0,0,1989,1
persistent_36c_2d,0,0,0,0,0,1989,2
persistent_36c_2d,0,0,0,0,0,1989,3
persistent_36c_2d,8,3,6.353401,2.666666667,3,1989,4
persistent_36c_2d,0,0,0,0,0,1989,5
persistent_36c_2d,0,0,0,0,0,1989,6
persistent_36c_2d,0,0,0,0,0,1989,7
persistent_36c_2d,0,0,0,0,0,1989,8
persistent_36c_2d,0,0,0,0,0,1989,9
persistent_36c_2d,0,0,0,0,0,1989,10
persistent_36c_2d,0,0,0,0,0,1989,11
persistent_36c_2d,0,0,0,0,0,1989,12
persistent_36c_2d,0,0,0,0,0,1990,1
persistent_36c_2d,0,0,0,0,0,1990,2
persistent_36c_2d,0,0,0,0,0,1990,3
persistent_36c_2d,0,0,0,0,0,1990,4
persistent_36c_2d,0,0,0,0,0,1990,5
persistent_36c_2d,0,0,0,0,0,1990,6
persistent_36c_2d,0,0,0,0,0,1990,7
persistent_36c_2d,0,0,0,0,0,1990,8
persistent_36c_2d,0,0,0,0,0,1990,9
persistent_36c_2d,0,0,0,0,0,1990,10
persistent_36c_2d,0,0,0,0,0,1990,11
persistent_36c_2d,0,0,0,0,0,1990,12
persistent_36c_2d,0,0,0,0,0,1991,1
persistent_36c_2d,0,0,0,0,0,1991,2
persistent_36c_2d,3,1,1.331275,3,3,1991,3
persistent_36c_2d,0,0,0,0,0,1991,4
persistent_36c_2d,0,0,0,0,0,1991,5
persistent_36c_2d,0,0,0,0,0,1991,6
persistent_36c_2d,0,0,0,0,0,1991,7
persistent_36c_2d,0,0,0,0,0,1991,8
persistent_36c_2d,0,0,0,0,0,1991,9
persistent_36c_2d,0,0,0,0,0,1991,10
persistent_36c_2d,0,0,0,0,0,1991,11
persistent_36c_2d,0,0,0,0,0,1991,12
persistent_36c_2d,0,0,0,0,0,1992,1
persistent_36c_2d,0,0,0,0,0,1992,2
persistent_36c_2d,0,0,0,0,0,1992,3
persistent_36c_2d,16,3,14.376796,5.333333333,7,1992,4
persistent_36c_2d,0,0,0,0,0,1992,5
persistent_36c_2d,0,0,0,0,0,1992,6
persistent_36c_2d,0,0,0,0,0,1992,7
persistent_36c_2d,0,0,0,0,0,1992,8
persistent_36c_2d,0,0,0,0,0,1992,9
persistent_36c_2d,0,0,0,0,0,1992,10
persistent_36c_2d,0,0,0,0,0,1992,11
persistent_36c_2d,0,0,0,0,0,1992,12
persistent_36c_2d,0,0,0,0,0,1993,1
persistent_36c_2d,0,0,0,0,0,1993,2
persistent_36c_2d,0,0,0,0,0,1993,3
persistent_36c_2d,0,0,0,0,0,1993,4
persistent_36c_2d,0,0,0,0,0,1993,5
persistent_36c_2d,0,0,0,0,0,1993,6
persistent_36c_2d,0,0,0,0,0,1993,7
persistent_36c_2d,0,0,0,0,0,1993,8
persistent_36c_2d,0,0,0,0,0,1993,9
persistent_36c_2d,0,0,0,0,0,1993,10
persistent_36c_2d,0,0,0,0,0,1993,11
persistent_36c_2d,0,0,0,0,0,1993,12
persistent_36c_2d,0,0,0,0,0,1994,1
persistent_36c_2d,0,0,0,0,0,1994,2
persistent_36c_2d,0,0,0,0,0,1994,3
persistent_36c_2d,0,0,0,0,0,1994,4
persistent_36c_2d,0,0,0,0,0,1994,5
persistent_36c_2d,0,0,0,0,0,1994,6
persistent_36c_2d,0,0,0,0,0,1994,7
persistent_36c_2d,0,0,0,0,0,1994,8
persistent_36c_2d,0,0,0,0,0,1994,9
persistent_36c_2d,0,0,0,0,0,1994,10
persistent_36c_2d,0,0,0,0,0,1994,11
persistent_36c_2d,0,0,0,0,0,1994,12
persistent_36c_2d,0,0,0,0,0,1995,1
persistent_36c_2d,0,0,0,0,0,1995,2
persistent_36c_2d,6,1,6.482551,6,6,1995,3
persistent_36c_2d,3,1,1.861274,3,3,1995,4
persistent_36c_2d,4,1,2.591698,4,4,1995,5
persistent_36c_2d,0,0,0,0,0,1995,6
persistent_36c_2d,0,0,0,0,0,1995,7
persistent_36c_2d,0,0,0,0,0,1995,8
persistent_36c_2d,0,0,0,0,0,1995,9
persistent_36c_2d,0,0,0,0,0,1995,10
persistent_36c_2d,0,0,0,0,0,1995,11
persistent_36c_2d,0,0,0,0,0,1995,12
persistent_36c_2d,0,0,0,0,0,1996,1
persistent_36c_2d,0,0,0,0,0,1996,2
persistent_36c_2d,0,0,0,0,0,1996,3
persistent_36c_2d,3,1,3.301273,3,3,1996,4
persistent_36c_2d,0,0,0,0,0,1996,5
persistent_36c_2d,0,0,0,0,0,1996,6
persistent_36c_2d,0,0,0,0,0,1996,7
persistent_36c_2d,0,0,0,0,0,1996,8
persistent_36c_2d,0,0,0,0,0,1996,9
persistent_36c_2d,0,0,0,0,0,1996,10
persistent_36c_2d,0,0,0,0,0,1996,11
persistent_36c_2d,0,0,0,0,0,1996,12
persistent_36c_2d,0,0,0,0,0,1997,1
persistent_36c_2d,0,0,0,0,0,1997,2
persistent_36c_2d,0,0,0,0,0,1997,3
persistent_36c_2d,0,0,0,0,0,1997,4
persistent_36c_2d,0,0,0,0,0,1997,5
persistent_36c_2d,0,0,0,0,0,1997,6
persistent_36c_2d,0,0,0,0,0,1997,7
persistent_36c_2d,0,0,0,0,0,1997,8
persistent_36c_2d,0,0,0,0,0,1997,9
persistent_36c_2d,0,0,0,0,0,1997,10
persistent_36c_2d,0,0,0,0,0,1997,11
persistent_36c_2d,0,0,0,0,0,1997,12
persistent_36c_2d,0,0,0,0,0,1998,1
persistent_36c_2d,0,0,0,0,0,1998,2
persistent_36c_2d,0,0,0,0,0,1998,3
persistent_36c_2d,0,0,0,0,0,1998,4
persistent_36c_2d,0,0,0,0,0,1998,5
persistent_36c_2d,0,0,0,0,0,1998,6
persistent_36c_2d,0,0,0,0,0,1998,7
persistent_36c_2d,0,0,0,0,0,1998,8
persistent_36c_2d,0,0,0,0,0,1998,9
persistent_36c_2d,0,0,0,0,0,1998,10
persistent_36c_2d,0,0,0,0,0,1998,11
persistent_36c_2d,0,0,0,0,0,1998,12
persistent_36c_2d,0,0,0,0,0,1999,1
persistent_36c_2d,0,0,0,0,0,1999,2
persistent_36c_2d,0,0,0,0,0,1999,3
persistent_36c_2d,9,2,4.933826,4.5,6,1999,4
persistent_36c_2d,4,1,1.8717,4,4,1999,5
persistent_36c_2d,0,0,0,0,0,1999,6
persistent_36c_2d,0,0,0,0,0,1999,7
persistent_36c_2d,0,0,0,0,0,1999,8
persistent_36c_2d,0,0,0,0,0,1999,9
persistent_36c_2d,0,0,0,0,0,1999,10
persistent_36c_2d,0,0,0,0,0,1999,11
persistent_36c_2d,0,0,0,0,0,1999,12
persistent_36c_2d,0,0,0,0,0,2000,1
persistent_36c_2d,0,0,0,0,0,2000,2
persistent_36c_2d,0,0,0,0,0,2000,3
persistent_36c_2d,0,0,0,0,0,2000,4
persistent_36c_2d,0,0,0,0,0,2000,5
persistent_36c_2d,0,0,0,0,0,2000,6
persistent_36c_2d,0,0,0,0,0,2000,7
persistent_36c_2d,0,0,0,0,0,2000,8
persistent_36c_2d,0,0,0,0,0,2000,9
persistent_36c_2d,0,0,0,0,0,2000,10
persistent_36c_2d,0,0,0,0,0,2000,11
persistent_36c_2d,0,0,0,0,0,2000,12
persistent_36c_2d,0,0,0,0,0,2001,1
persistent_36c_2d,0,0,0,0,0,2001,2
persistent_36c_2d,0,0,0,0,0,2001,3
persistent_36c_2d,2,1,1.23085,2,2,2001,4
persistent_36c_2d,0,0,0,0,0,2001,5
persistent_36c_2d,0,0,0,0,0,2001,6
persistent_36c_2d,0,0,0,0,0,2001,7
persistent_36c_2d,0,0,0,0,0,2001,8
persistent_36c_2d,0,0,0,0,0,2001,9
persistent_36c_2d,0,0,0,0,0,2001,10
persistent_36c_2d,0,0,0,0,0,2001,11
persistent_36c_2d,0,0,0,0,0,2001,12
persistent_36c_2d,0,0,0,0,0,2002,1
persistent_36c_2d,0,0,0,0,0,2002,2
persistent_36c_2d,0,0,0,0,0,2002,3
persistent_36c_2d,0,0,0,0,0,2002,4
persistent_36c_2d,0,0,0,0,0,2002,5
persistent_36c_2d,0,0,0,0,0,2002,6
persistent_36c_2d,0,0,0,0,0,2002,7
persistent_36c_2d,0,0,0,0,0,2002,8
persistent_36c_2d,0,0,0,0,0,2002,9
persistent_36c_2d,0,0,0,0,0,2002,10
persistent_36c_2d,0,0,0,0,0,2002,11
persistent_36c_2d,0,0,0,0,0,2002,12
persistent_36c_2d,0,0,0,0,0,2003,1
persistent_36c_2d,0,0,0,0,0,2003,2
persistent_36c_2d,0,0,0,0,0,2003,3
persistent_36c_2d,0,0,0,0,0,2003,4
persistent_36c_2d,0,0,0,0,0,2003,5
persistent_36c_2d,0,0,0,0,0,2003,6
persistent_36c_2d,0,0,0,0,0,2003,7
persistent_36c_2d,0,0,0,0,0,2003,8
persistent_36c_2d,0,0,0,0,0,2003,9
persistent_36c_2d,0,0,0,0,0,2003,10
persistent_36c_2d,0,0,0,0,0,2003,11
persistent_36c_2d,0,0,0,0,0,2003,12
persistent_36c_2d,0,0,0,0,0,2004,1
persistent_36c_2d,0,0,0,0,0,2004,2
persistent_36c_2d,2,1,0.580849,2,2,2004,3
persistent_36c_2d,0,0,0,0,0,2004,4
persistent_36c_2d,0,0,0,0,0,2004,5
persistent_36c_2d,0,0,0,0,0,2004,6
persistent_36c_2d,0,0,0,0,0,2004,7
persistent_36c_2d,0,0,0,0,0,2004,8
persistent_36c_2d,0,0,0,0,0,2004,9
persistent_36c_2d,0,0,0,0,0,2004,10
persistent_36c_2d,0,0,0,0,0,2004,11
persistent_36c_2d,0,0,0,0,0,2004,12
persistent_36c_2d,0,0,0,0,0,2005,1
persistent_36c_2d,0,0,0,0,0,2005,2
persistent_36c_2d,0,0,0,0,0,2005,3
persistent_36c_2d,0,0,0,0,0,2005,4
persistent_36c_2d,0,0,0,0,0,2005,5
persistent_36c_2d,0,0,0,0,0,2005,6
persistent_36c_2d,0,0,0,0,0,2005,7
persistent_36c_2d,0,0,0,0,0,2005,8
persistent_36c_2d,0,0,0,0,0,2005,9
persistent_36c_2d,0,0,0,0,0,2005,10
persistent_36c_2d,0,0,0,0,0,2005,11
persistent_36c_2d,0,0,0,0,0,2005,12
persistent_36c_2d,0,0,0,0,0,2006,1
persistent_36c_2d,0,0,0,0,0,2006,2
persistent_36c_2d,0,0,0,0,0,2006,3
persistent_36c_2d,0,0,0,0,0,2006,4
persistent_36c_2d,0,0,0,0,0,2006,5
persistent_36c_2d,0,0,0,0,0,2006,6
persistent_36c_2d,0,0,0,0,0,2006,7
persistent_36c_2d,0,0,0,0,0,2006,8
persistent_36c_2d,0,0,0,0,0,2006,9
persistent_36c_2d,0,0,0,0,0,2006,10
persistent_36c_2d,0,0,0,0,0,2006,11
persistent_36c_2d,0,0,0,0,0,2006,12
persistent_36c_2d,0,0,0,0,0,2007,1
persistent_36c_2d,0,0,0,0,0,2007,2
persistent_36c_2d,2,1,0.55085,2,2,2007,3
persistent_36c_2d,2,1,0.30085,2,2,2007,4
persistent_36c_2d,0,0,0,0,0,2007,5
persistent_36c_2d,0,0,0,0,0,2007,6
persistent_36c_2d,0,0,0,0,0,2007,7
persistent_36c_2d,0,0,0,0,0,2007,8
persistent_36c_2d,0,0,0,0,0,2007,9
persistent_36c_2d,0,0,0,0,0,2007,10
persistent_36c_2d,0,0,0,0,0,2007,11
persistent_36c_2d,0,0,0,0,0,2007,12
persistent_36c_2d,0,0,0,0,0,2008,1
persistent_36c_2d,0,0,0,0,0,2008,2
persistent_36c_2d,0,0,0,0,0,2008,3
persistent_36c_2d,8,2,9.394672,5.5,6,2008,4
persistent_36c_2d,3,0,0,0,0,2008,5
persistent_36c_2d,0,0,0,0,0,2008,6
persistent_36c_2d,0,0,0,0,0,2008,7
persistent_36c_2d,0,0,0,0,0,2008,8
persistent_36c_2d,0,0,0,0,0,2008,9
persistent_36c_2d,0,0,0,0,0,2008,10
persistent_36c_2d,0,0,0,0,0,2008,11
persistent_36c_2d,0,0,0,0,0,2008,12
persistent_36c_2d,0,0,0,0,0,2009,1
persistent_36c_2d,0,0,0,0,0,2009,2
persistent_36c_2d,0,0,0,0,0,2009,3
persistent_36c_2d,6,1,6.322552,6,6,2009,4
persistent_36c_2d,3,1,4.041275,3,3,2009,5
persistent_36c_2d,0,0,0,0,0,2009,6
persistent_36c_2d,0,0,0,0,0,2009,7
persistent_36c_2d,0,0,0,0,0,2009,8
persistent_36c_2d,0,0,0,0,0,2009,9
persistent_36c_2d,0,0,0,0,0,2009,10
persistent_36c_2d,0,0,0,0,0,2009,11
persistent_36c_2d,0,0,0,0,0,2009,12
persistent_36c_2d,0,0,0,0,0,2010,1
persistent_36c_2d,0,0,0,0,0,2010,2
persistent_36c_2d,4,1,1.1217,4,4,2010,3
persistent_36c_2d,15,2,14.266374,7.5,8,2010,4
persistent_36c_2d,0,0,0,0,0,2010,5
persistent_36c_2d,0,0,0,0,0,2010,6
persistent_36c_2d,0,0,0,0,0,2010,7
persistent_36c_2d,0,0,0,0,0,2010,8
persistent_36c_2d,0,0,0,0,0,2010,9
persistent_36c_2d,0,0,0,0,0,2010,10
persistent_36c_2d,0,0,0,0,0,2010,11
persistent_36c_2d,0,0,0,0,0,2010,12
persistent_36c_2d,0,0,0,0,0,2011,1
persistent_36c_2d,0,0,0,0,0,2011,2
persistent_36c_2d,0,0,0,0,0,2011,3
persistent_36c_2d,0,0,0,0,0,2011,4
persistent_36c_2d,0,0,0,0,0,2011,5
persistent_36c_2d,0,0,0,0,0,2011,6
persistent_36c_2d,0,0,0,0,0,2011,7
persistent_36c_2d,0,0,0,0,0,2011,8
persistent_36c_2d,0,0,0,0,0,2011,9
persistent_36c_2d,0,0,0,0,0,2011,10
persistent_36c_2d,0,0,0,0,0,2011,11
persistent_36c_2d,0,0,0,0,0,2011,12
persistent_36c_2d,0,0,0,0,0,2012,1
persistent_36c_2d,0,0,0,0,0,2012,2
persistent_36c_2d,0,0,0,0,0,2012,3
persistent_36c_2d,0,0,0,0,0,2012,4
persistent_36c_2d,0,0,0,0,0,2012,5
persistent_36c_2d,0,0,0,0,0,2012,6
persistent_36c_2d,0,0,0,0,0,2012,7
persistent_36c_2d,0,0,0,0,0,2012,8
persistent_36c_2d,0,0,0,0,0,2012,9
persistent_36c_2d,0,0,0,0,0,2012,10
persistent_36c_2d,0,0,0,0,0,2012,11
persistent_36c_2d,0,0,0,0,0,2012,12
persistent_36c_2d,0,0,0,0,0,2013,1
persistent_36c_2d,0,0,0,0,0,2013,2
persistent_36c_2d,0,0,0,0,0,2013,3
persistent_36c_2d,4,2,2.901696,2,2,2013,4
persistent_36c_2d,0,0,0,0,0,2013,5
persistent_36c_2d,0,0,0,0,0,2013,6
persistent_36c_2d,0,0,0,0,0,2013,7
persistent_36c_2d,0,0,0,0,0,2013,8
persistent_36c_2d,0,0,0,0,0,2013,9
persistent_36c_2d,0,0,0,0,0,2013,10
persistent_36c_2d,0,0,0,0,0,2013,11
persistent_36c_2d,0,0,0,0,0,2013,12
persistent_36c_2d,0,0,0,0,0,2014,1
persistent_36c_2d,0,0,0,0,0,2014,2
persistent_36c_2d,0,0,0,0,0,2014,3
persistent_36c_2d,7,1,9.89298,7,7,2014,4
persistent_36c_2d,8,2,2.753399,4,4,2014,5
persistent_36c_2d,0,0,0,0,0,2014,6
persistent_36c_2d,0,0,0,0,0,2014,7
persistent_36c_2d,0,0,0,0,0,2014,8
persistent_36c_2d,0,0,0,0,0,2014,9
persistent_36c_2d,0,0,0,0,0,2014,10
persistent_36c_2d,0,0,0,0,0,2014,11
persistent_36c_2d,0,0,0,0,0,2014,12
persistent_36c_2d,0,0,0,0,0,2015,1
persistent_36c_2d,0,0,0,0,0,2015,2
persistent_36c_2d,0,0,0,0,0,2015,3
persistent_36c_2d,0,0,0,0,0,2015,4
persistent_36c_2d,0,0,0,0,0,2015,5
persistent_36c_2d,0,0,0,0,0,2015,6
persistent_36c_2d,0,0,0,0,0,2015,7
persistent_36c_2d,0,0,0,0,0,2015,8
persistent_36c_2d,0,0,0,0,0,2015,9
persistent_36c_2d,0,0,0,0,0,2015,10
persistent_36c_2d,0,0,0,0,0,2015,11
persistent_36c_2d,0,0,0,0,0,2015,12
persistent_36c_2d,0,0,0,0,0,2016,1
persistent_36c_2d,0,0,0,0,0,2016,2
persistent_36c_2d,0,0,0,0,0,2016,3
persistent_36c_2d,6,2,4.792972,3.5,4,2016,4
persistent_36c_2d,1,0,0,0,0,2016,5
persistent_36c_2d,0,0,0,0,0,2016,6
persistent_36c_2d,0,0,0,0,0,2016,7
persistent_36c_2d,0,0,0,0,0,2016,8
persistent_36c_2d,0,0,0,0,0,2016,9
persistent_36c_2d,0,0,0,0,0,2016,10
persistent_36c_2d,0,0,0,0,0,2016,11
persistent_36c_2d,0,0,0,0,0,2016,12
persistent_36c_2d,0,0,0,0,0,2017,1
persistent_36c_2d,0,0,0,0,0,2017,2
persistent_36c_2d,0,0,0,0,0,2017,3
persistent_36c_2d,0,0,0,0,0,2017,4
persistent_36c_2d,0,0,0,0,0,2017,5
persistent_36c_2d,0,0,0,0,0,2017,6
persistent_36c_2d,0,0,0,0,0,2017,7
persistent_36c_2d,0,0,0,0,0,2017,8
persistent_36c_2d,0,0,0,0,0,2017,9
persistent_36c_2d,0,0,0,0,0,2017,10
persistent_36c_2d,0,0,0,0,0,2017,11
persistent_36c_2d,0,0,0,0,0,2017,12
persistent_36c_2d,0,0,0,0,0,2018,1
persistent_36c_2d,0,0,0,0,0,2018,2
persistent_36c_2d,0,0,0,0,0,2018,3
persistent_36c_2d,0,0,0,0,0,2018,4
persistent_36c_2d,0,0,0,0,0,2018,5
persistent_36c_2d,0,0,0,0,0,2018,6
persistent_36c_2d,0,0,0,0,0,2018,7
persistent_36c_2d,0,0,0,0,0,2018,8
persistent_36c_2d,0,0,0,0,0,2018,9
persistent_36c_2d,0,0,0,0,0,2018,10
persistent_36c_2d,0,0,0,0,0,2018,11
persistent_36c_2d,0,0,0,0,0,2018,12
persistent_36c_2d,0,0,0,0,0,2019,1
persistent_36c_2d,0,0,0,0,0,2019,2
persistent_36c_2d,0,0,0,0,0,2019,3
persistent_36c_2d,1,1,0.10085,2,2,2019,4
persistent_36c_2d,1,0,0,0,0,2019,5
persistent_36c_2d,0,0,0,0,0,2019,6
persistent_36c_2d,0,0,0,0,0,2019,7
persistent_36c_2d,0,0,0,0,0,2019,8
persistent_36c_2d,0,0,0,0,0,2019,9
persistent_36c_2d,0,0,0,0,0,2019,10
persistent_36c_2d,0,0,0,0,0,2019,11
persistent_36c_2d,0,0,0,0,0,2019,12
persistent_36c_2d,0,0,0,0,0,2020,1
persistent_36c_2d,0,0,0,0,0,2020,2
persistent_36c_2d,0,0,0,0,0,2020,3
persistent_36c_2d,0,0,0,0,0,2020,4
persistent_36c_2d,0,0,0,0,0,2020,5
persistent_36c_2d,0,0,0,0,0,2020,6
persistent_36c_2d,0,0,0,0,0,2020,7
persistent_36c_2d,0,0,0,0,0,2020,8
persistent_36c_2d,0,0,0,0,0,2020,9
persistent_36c_2d,0,0,0,0,0,2020,10
persistent_36c_2d,0,0,0,0,0,2020,11
persistent_36c_2d,0,0,0,0,0,2020,12
persistent_36c_2d,0,0,0,0,0,2021,1
persistent_36c_2d,0,0,0,0,0,2021,2
persistent_36c_2d,0,0,0,0,0,2021,3
persistent_36c_2d,12,3,9.015099,4,6,2021,4
persistent_36c_2d,2,1,0.700848,2,2,2021,5
persistent_36c_2d,0,0,0,0,0,2021,6
persistent_36c_2d,0,0,0,0,0,2021,7
persistent_36c_2d,0,0,0,0,0,2021,8
persistent_36c_2d,0,0,0,0,0,2021,9
persistent_36c_2d,0,0,0,0,0,2021,10
persistent_36c_2d,0,0,0,0,0,2021,11
persistent_36c_2d,0,0,0,0,0,2021,12
persistent_36c_2d,0,0,0,0,0,2022,1
persistent_36c_2d,0,0,0,0,0,2022,2
persistent_36c_2d,0,0,0,0,0,2022,3
persistent_36c_2d,0,0,0,0,0,2022,4
persistent_36c_2d,0,0,0,0,0,2022,5
persistent_36c_2d,0,0,0,0,0,2022,6
persistent_36c_2d,0,0,0,0,0,2022,7
persistent_36c_2d,0,0,0,0,0,2022,8
persistent_36c_2d,0,0,0,0,0,2022,9
persistent_36c_2d,0,0,0,0,0,2022,10
persistent_36c_2d,0,0,0,0,0,2022,11
persistent_36c_2d,0,0,0,0,0,2022,12
persistent_36c_2d,0,0,0,0,0,2023,1
persistent_36c_2d,0,0,0,0,0,2023,2
persistent_36c_2d,0,0,0,0,0,2023,3
persistent_36c_2d,15,2,26.976369,7.5,13,2023,4
persistent_36c_2d,9,2,22.246368,7.5,8,2023,5
persistent_36c_2d,6,0,0,0,0,2023,6
persistent_36c_2d,0,0,0,0,0,2023,7
persistent_36c_2d,0,0,0,0,0,2023,8
persistent_36c_2d,0,0,0,0,0,2023,9
persistent_36c_2d,0,0,0,0,0,2023,10
persistent_36c_2d,0,0,0,0,0,2023,11
persistent_36c_2d,0,0,0,0,0,2023,12
persistent_36c_2d,0,0,0,0,0,2024,1
persistent_36c_2d,0,0,0,0,0,2024,2
persistent_36c_2d,0,0,0,0,0,2024,3
persistent_36c_2d,15,2,24.857653,9,15,2024,4
persistent_36c_2d,9,2,4.482546,3,3,2024,5
persistent_36c_2d,0,0,0,0,0,2024,6
persistent_36c_2d,0,0,0,0,0,2024,7
persistent_36c_2d,0,0,0,0,0,2024,8
persistent_36c_2d,0,0,0,0,0,2024,9
persistent_36c_2d,0,0,0,0,0,2024,10
persistent_36c_2d,0,0,0,0,0,2024,11
persistent_36c_3d,0,0,0,0,0,1972,1
persistent_36c_3d,0,0,0,0,0,1972,2
persistent_36c_3d,0,0,0,0,0,1972,3
persistent_36c_3d,3,1,2.021274,3,3,1972,4
persistent_36c_3d,7,1,7.672978,7,7,1972,5
persistent_36c_3d,0,0,0,0,0,1972,6
persistent_36c_3d,0,0,0,0,0,1972,7
persistent_36c_3d,0,0,0,0,0,1972,8
persistent_36c_3d,0,0,0,0,0,1972,9
persistent_36c_3d,0,0,0,0,0,1972,10
persistent_36c_3d,0,0,0,0,0,1972,11
persistent_36c_3d,0,0,0,0,0,1972,12
persistent_36c_3d,0,0,0,0,0,1973,1
persistent_36c_3d,0,0,0,0,0,1973,2
persistent_36c_3d,1,1,13.66553,13,13,1973,3
persistent_36c_3d,12,0,0,0,0,1973,4
persistent_36c_3d,0,0,0,0,0,1973,5
persistent_36c_3d,0,0,0,0,0,1973,6
persistent_36c_3d,0,0,0,0,0,1973,7
persistent_36c_3d,0,0,0,0,0,1973,8
persistent_36c_3d,0,0,0,0,0,1973,9
persistent_36c_3d,0,0,0,0,0,1973,10
persistent_36c_3d,0,0,0,0,0,1973,11
persistent_36c_3d,0,0,0,0,0,1973,12
persistent_36c_3d,0,0,0,0,0,1974,1
persistent_36c_3d,0,0,0,0,0,1974,2
persistent_36c_3d,0,0,0,0,0,1974,3
persistent_36c_3d,0,0,0,0,0,1974,4
persistent_36c_3d,0,0,0,0,0,1974,5
persistent_36c_3d,0,0,0,0,0,1974,6
persistent_36c_3d,0,0,0,0,0,1974,7
persistent_36c_3d,0,0,0,0,0,1974,8
persistent_36c_3d,0,0,0,0,0,1974,9
persistent_36c_3d,0,0,0,0,0,1974,10
persistent_36c_3d,0,0,0,0,0,1974,11
persistent_36c_3d,0,0,0,0,0,1974,12
persistent_36c_3d,0,0,0,0,0,1975,1
persistent_36c_3d,0,0,0,0,0,1975,2
persistent_36c_3d,0,0,0,0,0,1975,3
persistent_36c_3d,9,2,16.735099,6,7,1975,4
persistent_36c_3d,9,1,13.052551,6,6,1975,5
persistent_36c_3d,0,0,0,0,0,1975,6
persistent_36c_3d,0,0,0,0,0,1975,7
persistent_36c_3d,0,0,0,0,0,1975,8
persistent_36c_3d,0,0,0,0,0,1975,9
persistent_36c_3d,0,0,0,0,0,1975,10
persistent_36c_3d,0,0,0,0,0,1975,11
persistent_36c_3d,0,0,0,0,0,1975,12
persistent_36c_3d,0,0,0,0,0,1976,1
persistent_36c_3d,0,0,0,0,0,1976,2
persistent_36c_3d,0,0,0,0,0,1976,3
persistent_36c_3d,11,2,10.014675,5.5,7,1976,4
persistent_36c_3d,0,0,0,0,0,1976,5
persistent_36c_3d,0,0,0,0,0,1976,6
persistent_36c_3d,0,0,0,0,0,1976,7
persistent_36c_3d,0,0,0,0,0,1976,8
persistent_36c_3d,0,0,0,0,0,1976,9
persistent_36c_3d,0,0,0,0,0,1976,10
persistent_36c_3d,0,0,0,0,0,1976,11
persistent_36c_3d,0,0,0,0,0,1976,12
persistent_36c_3d,0,0,0,0,0,1977,1
persistent_36c_3d,0,0,0,0,0,1977,2
persistent_36c_3d,0,0,0,0,0,1977,3
persistent_36c_3d,0,0,0,0,0,1977,4
persistent_36c_3d,0,0,0,0,0,1977,5
persistent_36c_3d,0,0,0,0,0,1977,6
persistent_36c_3d,0,0,0,0,0,1977,7
persistent_36c_3d,0,0,0,0,0,1977,8
persistent_36c_3d,0,0,0,0,0,1977,9
persistent_36c_3d,0,0,0,0,0,1977,10
persistent_36c_3d,0,0,0,0,0,1977,11
persistent_36c_3d,0,0,0,0,0,1977,12
persistent_36c_3d,0,0,0,0,0,1978,1
persistent_36c_3d,0,0,0,0,0,1978,2
persistent_36c_3d,0,0,0,0,0,1978,3
persistent_36c_3d,0,0,0,0,0,1978,4
persistent_36c_3d,0,0,0,0,0,1978,5
persistent_36c_3d,0,0,0,0,0,1978,6
persistent_36c_3d,0,0,0,0,0,1978,7
persistent_36c_3d,0,0,0,0,0,1978,8
persistent_36c_3d,0,0,0,0,0,1978,9
persistent_36c_3d,0,0,0,0,0,1978,10
persistent_36c_3d,0,0,0,0,0,1978,11
persistent_36c_3d,0,0,0,0,0,1978,12
persistent_36c_3d,0,0,0,0,0,1979,1
persistent_36c_3d,0,0,0,0,0,1979,2
persistent_36c_3d,6,2,17.324673,5.5,8,1979,3
persistent_36c_3d,5,0,0,0,0,1979,4
persistent_36c_3d,11,2,44.146801,8,13,1979,5
persistent_36c_3d,5,0,0,0,0,1979,6
persistent_36c_3d,0,0,0,0,0,1979,7
persistent_36c_3d,0,0,0,0,0,1979,8
persistent_36c_3d,0,0,0,0,0,1979,9
persistent_36c_3d,0,0,0,0,0,1979,10
persistent_36c_3d,0,0,0,0,0,1979,11
persistent_36c_3d,0,0,0,0,0,1979,12
persistent_36c_3d,0,0,0,0,0,1980,1
persistent_36c_3d,0,0,0,0,0,1980,2
persistent_36c_3d,0,0,0,0,0,1980,3
persistent_36c_3d,5,1,9.112121,5,5,1980,4
persistent_36c_3d,0,0,0,0,0,1980,5
persistent_36c_3d,0,0,0,0,0,1980,6
persistent_36c_3d,0,0,0,0,0,1980,7
persistent_36c_3d,0,0,0,0,0,1980,8
persistent_36c_3d,0,0,0,0,0,1980,9
persistent_36c_3d,0,0,0,0,0,1980,10
persistent_36c_3d,0,0,0,0,0,1980,11
persistent_36c_3d,0,0,0,0,0,1980,12
persistent_36c_3d,0,0,0,0,0,1981,1
persistent_36c_3d,0,0,0,0,0,1981,2
persistent_36c_3d,0,0,0,0,0,1981,3
persistent_36c_3d,0,0,0,0,0,1981,4
persistent_36c_3d,0,0,0,0,0,1981,5
persistent_36c_3d,0,0,0,0,0,1981,6
persistent_36c_3d,0,0,0,0,0,1981,7
persistent_36c_3d,0,0,0,0,0,1981,8
persistent_36c_3d,0,0,0,0,0,1981,9
persistent_36c_3d,0,0,0,0,0,1981,10
persistent_36c_3d,0,0,0,0,0,1981,11
persistent_36c_3d,0,0,0,0,0,1981,12
persistent_36c_3d,0,0,0,0,0,1982,1
persistent_36c_3d,0,0,0,0,0,1982,2
persistent_36c_3d,0,0,0,0,0,1982,3
persistent_36c_3d,0,0,0,0,0,1982,4
persistent_36c_3d,0,0,0,0,0,1982,5
persistent_36c_3d,0,0,0,0,0,1982,6
persistent_36c_3d,0,0,0,0,0,1982,7
persistent_36c_3d,0,0,0,0,0,1982,8
persistent_36c_3d,0,0,0,0,0,1982,9
persistent_36c_3d,0,0,0,0,0,1982,10
persistent_36c_3d,0,0,0,0,0,1982,11
persistent_36c_3d,0,0,0,0,0,1982,12
persistent_36c_3d,0,0,0,0,0,1983,1
persistent_36c_3d,0,0,0,0,0,1983,2
persistent_36c_3d,0,0,0,0,0,1983,3
persistent_36c_3d,0,0,0,0,0,1983,4
persistent_36c_3d,0,0,0,0,0,1983,5
persistent_36c_3d,0,0,0,0,0,1983,6
persistent_36c_3d,0,0,0,0,0,1983,7
persistent_36c_3d,0,0,0,0,0,1983,8
persistent_36c_3d,0,0,0,0,0,1983,9
persistent_36c_3d,0,0,0,0,0,1983,10
persistent_36c_3d,0,0,0,0,0,1983,11
persistent_36c_3d,0,0,0,0,0,1983,12
persistent_36c_3d,0,0,0,0,0,1984,1
persistent_36c_3d,0,0,0,0,0,1984,2
persistent_36c_3d,0,0,0,0,0,1984,3
persistent_36c_3d,0,0,0,0,0,1984,4
persistent_36c_3d,0,0,0,0,0,1984,5
persistent_36c_3d,0,0,0,0,0,1984,6
persistent_36c_3d,0,0,0,0,0,1984,7
persistent_36c_3d,0,0,0,0,0,1984,8
persistent_36c_3d,0,0,0,0,0,1984,9
persistent_36c_3d,0,0,0,0,0,1984,10
persistent_36c_3d,0,0,0,0,0,1984,11
persistent_36c_3d,0,0,0,0,0,1984,12
persistent_36c_3d,0,0,0,0,0,1985,1
persistent_36c_3d,0,0,0,0,0,1985,2
persistent_36c_3d,0,0,0,0,0,1985,3
persistent_36c_3d,0,0,0,0,0,1985,4
persistent_36c_3d,0,0,0,0,0,1985,5
persistent_36c_3d,0,0,0,0,0,1985,6
persistent_36c_3d,0,0,0,0,0,1985,7
persistent_36c_3d,0,0,0,0,0,1985,8
persistent_36c_3d,0,0,0,0,0,1985,9
persistent_36c_3d,0,0,0,0,0,1985,10
persistent_36c_3d,0,0,0,0,0,1985,11
persistent_36c_3d,0,0,0,0,0,1985,12
persistent_36c_3d,0,0,0,0,0,1986,1
persistent_36c_3d,0,0,0,0,0,1986,2
persistent_36c_3d,4,1,3.741698,4,4,1986,3
persistent_36c_3d,0,0,0,0,0,1986,4
persistent_36c_3d,0,0,0,0,0,1986,5
persistent_36c_3d,0,0,0,0,0,1986,6
persistent_36c_3d,0,0,0,0,0,1986,7
persistent_36c_3d,0,0,0,0,0,1986,8
persistent_36c_3d,0,0,0,0,0,1986,9
persistent_36c_3d,0,0,0,0,0,1986,10
persistent_36c_3d,0,0,0,0,0,1986,11
persistent_36c_3d,0,0,0,0,0,1986,12
persistent_36c_3d,0,0,0,0,0,1987,1
persistent_36c_3d,0,0,0,0,0,1987,2
persistent_36c_3d,0,0,0,0,0,1987,3
persistent_36c_3d,5,1,6.462124,5,5,1987,4
persistent_36c_3d,0,0,0,0,0,1987,5
persistent_36c_3d,0,0,0,0,0,1987,6
persistent_36c_3d,0,0,0,0,0,1987,7
persistent_36c_3d,0,0,0,0,0,1987,8
persistent_36c_3d,0,0,0,0,0,1987,9
persistent_36c_3d,0,0,0,0,0,1987,10
persistent_36c_3d,0,0,0,0,0,1987,11
persistent_36c_3d,0,0,0,0,0,1987,12
persistent_36c_3d,0,0,0,0,0,1988,1
persistent_36c_3d,0,0,0,0,0,1988,2
persistent_36c_3d,0,0,0,0,0,1988,3
persistent_36c_3d,0,0,0,0,0,1988,4
persistent_36c_3d,0,0,0,0,0,1988,5
persistent_36c_3d,0,0,0,0,0,1988,6
persistent_36c_3d,0,0,0,0,0,1988,7
persistent_36c_3d,0,0,0,0,0,1988,8
persistent_36c_3d,0,0,0,0,0,1988,9
persistent_36c_3d,0,0,0,0,0,1988,10
persistent_36c_3d,0,0,0,0,0,1988,11
persistent_36c_3d,0,0,0,0,0,1988,12
persistent_36c_3d,0,0,0,0,0,1989,1
persistent_36c_3d,0,0,0,0,0,1989,2
persistent_36c_3d,0,0,0,0,0,1989,3
persistent_36c_3d,6,2,6.092553,3,3,1989,4
persistent_36c_3d,0,0,0,0,0,1989,5
persistent_36c_3d,0,0,0,0,0,1989,6
persistent_36c_3d,0,0,0,0,0,1989,7
persistent_36c_3d,0,0,0,0,0,1989,8
persistent_36c_3d,0,0,0,0,0,1989,9
persistent_36c_3d,0,0,0,0,0,1989,10
persistent_36c_3d,0,0,0,0,0,1989,11
persistent_36c_3d,0,0,0,0,0,1989,12
persistent_36c_3d,0,0,0,0,0,1990,1
persistent_36c_3d,0,0,0,0,0,1990,2
persistent_36c_3d,0,0,0,0,0,1990,3
persistent_36c_3d,0,0,0,0,0,1990,4
persistent_36c_3d,0,0,0,0,0,1990,5
persistent_36c_3d,0,0,0,0,0,1990,6
persistent_36c_3d,0,0,0,0,0,1990,7
persistent_36c_3d,0,0,0,0,0,1990,8
persistent_36c_3d,0,0,0,0,0,1990,9
persistent_36c_3d,0,0,0,0,0,1990,10
persistent_36c_3d,0,0,0,0,0,1990,11
persistent_36c_3d,0,0,0,0,0,1990,12
persistent_36c_3d,0,0,0,0,0,1991,1
persistent_36c_3d,0,0,0,0,0,1991,2
persistent_36c_3d,3,1,1.331275,3,3,1991,3
persistent_36c_3d,0,0,0,0,0,1991,4
persistent_36c_3d,0,0,0,0,0,1991,5
persistent_36c_3d,0,0,0,0,0,1991,6
persistent_36c_3d,0,0,0,0,0,1991,7
persistent_36c_3d,0,0,0,0,0,1991,8
persistent_36c_3d,0,0,0,0,0,1991,9
persistent_36c_3d,0,0,0,0,0,1991,10
persistent_36c_3d,0,0,0,0,0,1991,11
persistent_36c_3d,0,0,0,0,0,1991,12
persistent_36c_3d,0,0,0,0,0,1992,1
persistent_36c_3d,0,0,0,0,0,1992,2
persistent_36c_3d,0,0,0,0,0,1992,3
persistent_36c_3d,14,2,12.915946,7,7,1992,4
persistent_36c_3d,0,0,0,0,0,1992,5
persistent_36c_3d,0,0,0,0,0,1992,6
persistent_36c_3d,0,0,0,0,0,1992,7
persistent_36c_3d,0,0,0,0,0,1992,8
persistent_36c_3d,0,0,0,0,0,1992,9
persistent_36c_3d,0,0,0,0,0,1992,10
persistent_36c_3d,0,0,0,0,0,1992,11
persistent_36c_3d,0,0,0,0,0,1992,12
persistent_36c_3d,0,0,0,0,0,1993,1
persistent_36c_3d,0,0,0,0,0,1993,2
persistent_36c_3d,0,0,0,0,0,1993,3
persistent_36c_3d,0,0,0,0,0,1993,4
persistent_36c_3d,0,0,0,0,0,1993,5
persistent_36c_3d,0,0,0,0,0,1993,6
persistent_36c_3d,0,0,0,0,0,1993,7
persistent_36c_3d,0,0,0,0,0,1993,8
persistent_36c_3d,0,0,0,0,0,1993,9
persistent_36c_3d,0,0,0,0,0,1993,10
persistent_36c_3d,0,0,0,0,0,1993,11
persistent_36c_3d,0,0,0,0,0,1993,12
persistent_36c_3d,0,0,0,0,0,1994,1
persistent_36c_3d,0,0,0,0,0,1994,2
persistent_36c_3d,0,0,0,0,0,1994,3
persistent_36c_3d,0,0,0,0,0,1994,4
persistent_36c_3d,0,0,0,0,0,1994,5
persistent_36c_3d,0,0,0,0,0,1994,6
persistent_36c_3d,0,0,0,0,0,1994,7
persistent_36c_3d,0,0,0,0,0,1994,8
persistent_36c_3d,0,0,0,0,0,1994,9
persistent_36c_3d,0,0,0,0,0,1994,10
persistent_36c_3d,0,0,0,0,0,1994,11
persistent_36c_3d,0,0,0,0,0,1994,12
persistent_36c_3d,0,0,0,0,0,1995,1
persistent_36c_3d,0,0,0,0,0,1995,2
persistent_36c_3d,6,1,6.482551,6,6,1995,3
persistent_36c_3d,3,1,1.861274,3,3,1995,4
persistent_36c_3d,4,1,2.591698,4,4,1995,5
persistent_36c_3d,0,0,0,0,0,1995,6
persistent_36c_3d,0,0,0,0,0,1995,7
persistent_36c_3d,0,0,0,0,0,1995,8
persistent_36c_3d,0,0,0,0,0,1995,9
persistent_36c_3d,0,0,0,0,0,1995,10
persistent_36c_3d,0,0,0,0,0,1995,11
persistent_36c_3d,0,0,0,0,0,1995,12
persistent_36c_3d,0,0,0,0,0,1996,1
persistent_36c_3d,0,0,0,0,0,1996,2
persistent_36c_3d,0,0,0,0,0,1996,3
persistent_36c_3d,3,1,3.301273,3,3,1996,4
persistent_36c_3d,0,0,0,0,0,1996,5
persistent_36c_3d,0,0,0,0,0,1996,6
persistent_36c_3d,0,0,0,0,0,1996,7
persistent_36c_3d,0,0,0,0,0,1996,8
persistent_36c_3d,0,0,0,0,0,1996,9
persistent_36c_3d,0,0,0,0,0,1996,10
persistent_36c_3d,0,0,0,0,0,1996,11
persistent_36c_3d,0,0,0,0,0,1996,12
persistent_36c_3d,0,0,0,0,0,1997,1
persistent_36c_3d,0,0,0,0,0,1997,2
persistent_36c_3d,0,0,0,0,0,1997,3
persistent_36c_3d,0,0,0,0,0,1997,4
persistent_36c_3d,0,0,0,0,0,1997,5
persistent_36c_3d,0,0,0,0,0,1997,6
persistent_36c_3d,0,0,0,0,0,1997,7
persistent_36c_3d,0,0,0,0,0,1997,8
persistent_36c_3d,0,0,0,0,0,1997,9
persistent_36c_3d,0,0,0,0,0,1997,10
persistent_36c_3d,0,0,0,0,0,1997,11
persistent_36c_3d,0,0,0,0,0,1997,12
persistent_36c_3d,0,0,0,0,0,1998,1
persistent_36c_3d,0,0,0,0,0,1998,2
persistent_36c_3d,0,0,0,0,0,1998,3
persistent_36c_3d,0,0,0,0,0,1998,4
persistent_36c_3d,0,0,0,0,0,1998,5
persistent_36c_3d,0,0,0,0,0,1998,6
persistent_36c_3d,0,0,0,0,0,1998,7
persistent_36c_3d,0,0,0,0,0,1998,8
persistent_36c_3d,0,0,0,0,0,1998,9
persistent_36c_3d,0,0,0,0,0,1998,10
persistent_36c_3d,0,0,0,0,0,1998,11
persistent_36c_3d,0,0,0,0,0,1998,12
persistent_36c_3d,0,0,0,0,0,1999,1
persistent_36c_3d,0,0,0,0,0,1999,2
persistent_36c_3d,0,0,0,0,0,1999,3
persistent_36c_3d,9,2,4.933826,4.5,6,1999,4
persistent_36c_3d,4,1,1.8717,4,4,1999,5
persistent_36c_3d,0,0,0,0,0,1999,6
persistent_36c_3d,0,0,0,0,0,1999,7
persistent_36c_3d,0,0,0,0,0,1999,8
persistent_36c_3d,0,0,0,0,0,1999,9
persistent_36c_3d,0,0,0,0,0,1999,10
persistent_36c_3d,0,0,0,0,0,1999,11
persistent_36c_3d,0,0,0,0,0,1999,12
persistent_36c_3d,0,0,0,0,0,2000,1
persistent_36c_3d,0,0,0,0,0,2000,2
persistent_36c_3d,0,0,0,0,0,2000,3
persistent_36c_3d,0,0,0,0,0,2000,4
persistent_36c_3d,0,0,0,0,0,2000,5
persistent_36c_3d,0,0,0,0,0,2000,6
persistent_36c_3d,0,0,0,0,0,2000,7
persistent_36c_3d,0,0,0,0,0,2000,8
persistent_36c_3d,0,0,0,0,0,2000,9
persistent_36c_3d,0,0,0,0,0,2000,10
persistent_36c_3d,0,0,0,0,0,2000,11
persistent_36c_3d,0,0,0,0,0,2000,12
persistent_36c_3d,0,0,0,0,0,2001,1
persistent_36c_3d,0,0,0,0,0,2001,2
persistent_36c_3d,0,0,0,0,0,2001,3
persistent_36c_3d,0,0,0,0,0,2001,4
persistent_36c_3d,0,0,0,0,0,2001,5
persistent_36c_3d,0,0,0,0,0,2001,6
persistent_36c_3d,0,0,0,0,0,2001,7
persistent_36c_3d,0,0,0,0,0,2001,8
persistent_36c_3d,0,0,0,0,0,2001,9
persistent_36c_3d,0,0,0,0,0,2001,10
persistent_36c_3d,0,0,0,0,0,2001,11
persistent_36c_3d,0,0,0,0,0,2001,12
persistent_36c_3d,0,0,0,0,0,2002,1
persistent_36c_3d,0,0,0,0,0,2002,2
persistent_36c_3d,0,0,0,0,0,2002,3
persistent_36c_3d,0,0,0,0,0,2002,4
persistent_36c_3d,0,0,0,0,0,2002,5
persistent_36c_3d,0,0,0,0,0,2002,6
persistent_36c_3d,0,0,0,0,0,2002,7
persistent_36c_3d,0,0,0,0,0,2002,8
persistent_36c_3d,0,0,0,0,0,2002,9
persistent_36c_3d,0,0,0,0,0,2002,10
persistent_36c_3d,0,0,0,0,0,2002,11
persistent_36c_3d,0,0,0,0,0,2002,12
persistent_36c_3d,0,0,0,0,0,2003,1
persistent_36c_3d,0,0,0,0,0,2003,2
persistent_36c_3d,0,0,0,0,0,2003,3
persistent_36c_3d,0,0,0,0,0,2003,4
persistent_36c_3d,0,0,0,0,0,2003,5
persistent_36c_3d,0,0,0,0,0,2003,6
persistent_36c_3d,0,0,0,0,0,2003,7
persistent_36c_3d,0,0,0,0,0,2003,8
persistent_36c_3d,0,0,0,0,0,2003,9
persistent_36c_3d,0,0,0,0,0,2003,10
persistent_36c_3d,0,0,0,0,0,2003,11
persistent_36c_3d,0,0,0,0,0,2003,12
persistent_36c_3d,0,0,0,0,0,2004,1
persistent_36c_3d,0,0,0,0,0,2004,2
persistent_36c_3d,0,0,0,0,0,2004,3
persistent_36c_3d,0,0,0,0,0,2004,4
persistent_36c_3d,0,0,0,0,0,2004,5
persistent_36c_3d,0,0,0,0,0,2004,6
persistent_36c_3d,0,0,0,0,0,2004,7
persistent_36c_3d,0,0,0,0,0,2004,8
persistent_36c_3d,0,0,0,0,0,2004,9
persistent_36c_3d,0,0,0,0,0,2004,10
persistent_36c_3d,0,0,0,0,0,2004,11
persistent_36c_3d,0,0,0,0,0,2004,12
persistent_36c_3d,0,0,0,0,0,2005,1
persistent_36c_3d,0,0,0,0,0,2005,2
persistent_36c_3d,0,0,0,0,0,2005,3
persistent_36c_3d,0,0,0,0,0,2005,4
persistent_36c_3d,0,0,0,0,0,2005,5
persistent_36c_3d,0,0,0,0,0,2005,6
persistent_36c_3d,0,0,0,0,0,2005,7
persistent_36c_3d,0,0,0,0,0,2005,8
persistent_36c_3d,0,0,0,0,0,2005,9
persistent_36c_3d,0,0,0,0,0,2005,10
persistent_36c_3d,0,0,0,0,0,2005,11
persistent_36c_3d,0,0,0,0,0,2005,12
persistent_36c_3d,0,0,0,0,0,2006,1
persistent_36c_3d,0,0,0,0,0,2006,2
persistent_36c_3d,0,0,0,0,0,2006,3
persistent_36c_3d,0,0,0,0,0,2006,4
persistent_36c_3d,0,0,0,0,0,2006,5
persistent_36c_3d,0,0,0,0,0,2006,6
persistent_36c_3d,0,0,0,0,0,2006,7
persistent_36c_3d,0,0,0,0,0,2006,8
persistent_36c_3d,0,0,0,0,0,2006,9
persistent_36c_3d,0,0,0,0,0,2006,10
persistent_36c_3d,0,0,0,0,0,2006,11
persistent_36c_3d,0,0,0,0,0,2006,12
persistent_36c_3d,0,0,0,0,0,2007,1
persistent_36c_3d,0,0,0,0,0,2007,2
persistent_36c_3d,0,0,0,0,0,2007,3
persistent_36c_3d,0,0,0,0,0,2007,4
persistent_36c_3d,0,0,0,0,0,2007,5
persistent_36c_3d,0,0,0,0,0,2007,6
persistent_36c_3d,0,0,0,0,0,2007,7
persistent_36c_3d,0,0,0,0,0,2007,8
persistent_36c_3d,0,0,0,0,0,2007,9
persistent_36c_3d,0,0,0,0,0,2007,10
persistent_36c_3d,0,0,0,0,0,2007,11
persistent_36c_3d,0,0,0,0,0,2007,12
persistent_36c_3d,0,0,0,0,0,2008,1
persistent_36c_3d,0,0,0,0,0,2008,2
persistent_36c_3d,0,0,0,0,0,2008,3
persistent_36c_3d,8,2,9.394672,5.5,6,2008,4
persistent_36c_3d,3,0,0,0,0,2008,5
persistent_36c_3d,0,0,0,0,0,2008,6
persistent_36c_3d,0,0,0,0,0,2008,7
persistent_36c_3d,0,0,0,0,0,2008,8
persistent_36c_3d,0,0,0,0,0,2008,9
persistent_36c_3d,0,0,0,0,0,2008,10
persistent_36c_3d,0,0,0,0,0,2008,11
persistent_36c_3d,0,0,0,0,0,2008,12
persistent_36c_3d,0,0,0,0,0,2009,1
persistent_36c_3d,0,0,0,0,0,2009,2
persistent_36c_3d,0,0,0,0,0,2009,3
persistent_36c_3d,6,1,6.322552,6,6,2009,4
persistent_36c_3d,3,1,4.041275,3,3,2009,5
persistent_36c_3d,0,0,0,0,0,2009,6
persistent_36c_3d,0,0,0,0,0,2009,7
persistent_36c_3d,0,0,0,0,0,2009,8
persistent_36c_3d,0,0,0,0,0,2009,9
persistent_36c_3d,0,0,0,0,0,2009,10
persistent_36c_3d,0,0,0,0,0,2009,11
persistent_36c_3d,0,0,0,0,0,2009,12
persistent_36c_3d,0,0,0,0,0,2010,1
persistent_36c_3d,0,0,0,0,0,2010,2
persistent_36c_3d,4,1,1.1217,4,4,2010,3
persistent_36c_3d,15,2,14.266374,7.5,8,2010,4
persistent_36c_3d,0,0,0,0,0,2010,5
persistent_36c_3d,0,0,0,0,0,2010,6
persistent_36c_3d,0,0,0,0,0,2010,7
persistent_36c_3d,0,0,0,0,0,2010,8
persistent_36c_3d,0,0,0,0,0,2010,9
persistent_36c_3d,0,0,0,0,0,2010,10
persistent_36c_3d,0,0,0,0,0,2010,11
persistent_36c_3d,0,0,0,0,0,2010,12
persistent_36c_3d,0,0,0,0,0,2011,1
persistent_36c_3d,0,0,0,0,0,2011,2
persistent_36c_3d,0,0,0,0,0,2011,3
persistent_36c_3d,0,0,0,0,0,2011,4
persistent_36c_3d,0,0,0,0,0,2011,5
persistent_36c_3d,0,0,0,0,0,2011,6
persistent_36c_3d,0,0,0,0,0,2011,7
persistent_36c_3d,0,0,0,0,0,2011,8
persistent_36c_3d,0,0,0,0,0,2011,9
persistent_36c_3d,0,0,0,0,0,2011,10
persistent_36c_3d,0,0,0,0,0,2011,11
persistent_36c_3d,0,0,0,0,0,2011,12
persistent_36c_3d,0,0,0,0,0,2012,1
persistent_36c_3d,0,0,0,0,0,2012,2
persistent_36c_3d,0,0,0,0,0,2012,3
persistent_36c_3d,0,0,0,0,0,2012,4
persistent_36c_3d,0,0,0,0,0,2012,5
persistent_36c_3d,0,0,0,0,0,2012,6
persistent_36c_3d,0,0,0,0,0,2012,7
persistent_36c_3d,0,0,0,0,0,2012,8
persistent_36c_3d,0,0,0,0,0,2012,9
persistent_36c_3d,0,0,0,0,0,2012,10
persistent_36c_3d,0,0,0,0,0,2012,11
persistent_36c_3d,0,0,0,0,0,2012,12
persistent_36c_3d,0,0,0,0,0,2013,1
persistent_36c_3d,0,0,0,0,0,2013,2
persistent_36c_3d,0,0,0,0,0,2013,3
persistent_36c_3d,0,0,0,0,0,2013,4
persistent_36c_3d,0,0,0,0,0,2013,5
persistent_36c_3d,0,0,0,0,0,2013,6
persistent_36c_3d,0,0,0,0,0,2013,7
persistent_36c_3d,0,0,0,0,0,2013,8
persistent_36c_3d,0,0,0,0,0,2013,9
persistent_36c_3d,0,0,0,0,0,2013,10
persistent_36c_3d,0,0,0,0,0,2013,11
persistent_36c_3d,0,0,0,0,0,2013,12
persistent_36c_3d,0,0,0,0,0,2014,1
persistent_36c_3d,0,0,0,0,0,2014,2
persistent_36c_3d,0,0,0,0,0,2014,3
persistent_36c_3d,7,1,9.89298,7,7,2014,4
persistent_36c_3d,8,2,2.753399,4,4,2014,5
persistent_36c_3d,0,0,0,0,0,2014,6
persistent_36c_3d,0,0,0,0,0,2014,7
persistent_36c_3d,0,0,0,0,0,2014,8
persistent_36c_3d,0,0,0,0,0,2014,9
persistent_36c_3d,0,0,0,0,0,2014,10
persistent_36c_3d,0,0,0,0,0,2014,11
persistent_36c_3d,0,0,0,0,0,2014,12
persistent_36c_3d,0,0,0,0,0,2015,1
persistent_36c_3d,0,0,0,0,0,2015,2
persistent_36c_3d,0,0,0,0,0,2015,3
persistent_36c_3d,0,0,0,0,0,2015,4
persistent_36c_3d,0,0,0,0,0,2015,5
persistent_36c_3d,0,0,0,0,0,2015,6
persistent_36c_3d,0,0,0,0,0,2015,7
persistent_36c_3d,0,0,0,0,0,2015,8
persistent_36c_3d,0,0,0,0,0,2015,9
persistent_36c_3d,0,0,0,0,0,2015,10
persistent_36c_3d,0,0,0,0,0,2015,11
persistent_36c_3d,0,0,0,0,0,2015,12
persistent_36c_3d,0,0,0,0,0,2016,1
persistent_36c_3d,0,0,0,0,0,2016,2
persistent_36c_3d,0,0,0,0,0,2016,3
persistent_36c_3d,6,2,4.792972,3.5,4,2016,4
persistent_36c_3d,1,0,0,0,0,2016,5
persistent_36c_3d,0,0,0,0,0,2016,6
persistent_36c_3d,0,0,0,0,0,2016,7
persistent_36c_3d,0,0,0,0,0,2016,8
persistent_36c_3d,0,0,0,0,0,2016,9
persistent_36c_3d,0,0,0,0,0,2016,10
persistent_36c_3d,0,0,0,0,0,2016,11
persistent_36c_3d,0,0,0,0,0,2016,12
persistent_36c_3d,0,0,0,0,0,2017,1
persistent_36c_3d,0,0,0,0,0,2017,2
persistent_36c_3d,0,0,0,0,0,2017,3
persistent_36c_3d,0,0,0,0,0,2017,4
persistent_36c_3d,0,0,0,0,0,2017,5
persistent_36c_3d,0,0,0,0,0,2017,6
persistent_36c_3d,0,0,0,0,0,2017,7
persistent_36c_3d,0,0,0,0,0,2017,8
persistent_36c_3d,0,0,0,0,0,2017,9
persistent_36c_3d,0,0,0,0,0,2017,10
persistent_36c_3d,0,0,0,0,0,2017,11
persistent_36c_3d,0,0,0,0,0,2017,12
persistent_36c_3d,0,0,0,0,0,2018,1
persistent_36c_3d,0,0,0,0,0,2018,2
persistent_36c_3d,0,0,0,0,0,2018,3
persistent_36c_3d,0,0,0,0,0,2018,4
persistent_36c_3d,0,0,0,0,0,2018,5
persistent_36c_3d,0,0,0,0,0,2018,6
persistent_36c_3d,0,0,0,0,0,2018,7
persistent_36c_3d,0,0,0,0,0,2018,8
persistent_36c_3d,0,0,0,0,0,2018,9
persistent_36c_3d,0,0,0,0,0,2018,10
persistent_36c_3d,0,0,0,0,0,2018,11
persistent_36c_3d,0,0,0,0,0,2018,12
persistent_36c_3d,0,0,0,0,0,2019,1
persistent_36c_3d,0,0,0,0,0,2019,2
persistent_36c_3d,0,0,0,0,0,2019,3
persistent_36c_3d,0,0,0,0,0,2019,4
persistent_36c_3d,0,0,0,0,0,2019,5
persistent_36c_3d,0,0,0,0,0,2019,6
persistent_36c_3d,0,0,0,0,0,2019,7
persistent_36c_3d,0,0,0,0,0,2019,8
persistent_36c_3d,0,0,0,0,0,2019,9
persistent_36c_3d,0,0,0,0,0,2019,10
persistent_36c_3d,0,0,0,0,0,2019,11
persistent_36c_3d,0,0,0,0,0,2019,12
persistent_36c_3d,0,0,0,0,0,2020,1
persistent_36c_3d,0,0,0,0,0,2020,2
persistent_36c_3d,0,0,0,0,0,2020,3
persistent_36c_3d,0,0,0,0,0,2020,4
persistent_36c_3d,0,0,0,0,0,2020,5
persistent_36c_3d,0,0,0,0,0,2020,6
persistent_36c_3d,0,0,0,0,0,2020,7
persistent_36c_3d,0,0,0,0,0,2020,8
persistent_36c_3d,0,0,0,0,0,2020,9
persistent_36c_3d,0,0,0,0,0,2020,10
persistent_36c_3d,0,0,0,0,0,2020,11
persistent_36c_3d,0,0,0,0,0,2020,12
persistent_36c_3d,0,0,0,0,0,2021,1
persistent_36c_3d,0,0,0,0,0,2021,2
persistent_36c_3d,0,0,0,0,0,2021,3
persistent_36c_3d,12,3,9.015099,4,6,2021,4
persistent_36c_3d,0,0,0,0,0,2021,5
persistent_36c_3d,0,0,0,0,0,2021,6
persistent_36c_3d,0,0,0,0,0,2021,7
persistent_36c_3d,0,0,0,0,0,2021,8
persistent_36c_3d,0,0,0,0,0,2021,9
persistent_36c_3d,0,0,0,0,0,2021,10
persistent_36c_3d,0,0,0,0,0,2021,11
persistent_36c_3d,0,0,0,0,0,2021,12
persistent_36c_3d,0,0,0,0,0,2022,1
persistent_36c_3d,0,0,0,0,0,2022,2
persistent_36c_3d,0,0,0,0,0,2022,3
persistent_36c_3d,0,0,0,0,0,2022,4
persistent_36c_3d,0,0,0,0,0,2022,5
persistent_36c_3d,0,0,0,0,0,2022,6
persistent_36c_3d,0,0,0,0,0,2022,7
persistent_36c_3d,0,0,0,0,0,2022,8
persistent_36c_3d,0,0,0,0,0,2022,9
persistent_36c_3d,0,0,0,0,0,2022,10
persistent_36c_3d,0,0,0,0,0,2022,11
persistent_36c_3d,0,0,0,0,0,2022,12
persistent_36c_3d,0,0,0,0,0,2023,1
persistent_36c_3d,0,0,0,0,0,2023,2
persistent_36c_3d,0,0,0,0,0,2023,3
persistent_36c_3d,13,1,25.415521,13,13,2023,4
persistent_36c_3d,9,2,22.246368,7.5,8,2023,5
persistent_36c_3d,6,0,0,0,0,2023,6
persistent_36c_3d,0,0,0,0,0,2023,7
persistent_36c_3d,0,0,0,0,0,2023,8
persistent_36c_3d,0,0,0,0,0,2023,9
persistent_36c_3d,0,0,0,0,0,2023,10
persistent_36c_3d,0,0,0,0,0,2023,11
persistent_36c_3d,0,0,0,0,0,2023,12
persistent_36c_3d,0,0,0,0,0,2024,1
persistent_36c_3d,0,0,0,0,0,2024,2
persistent_36c_3d,0,0,0,0,0,2024,3
persistent_36c_3d,15,2,24.857653,9,15,2024,4
persistent_36c_3d,9,2,4.482546,3,3,2024,5
persistent_36c_3d,0,0,0,0,0,2024,6
persistent_36c_3d,0,0,0,0,0,2024,7
persistent_36c_3d,0,0,0,0,0,2024,8
persistent_36c_3d,0,0,0,0,0,2024,9
persistent_36c_3d,0,0,0,0,0,2024,10
persistent_36c_3d,0,0,0,0,0,2024,11
relative_90p_3d,0,0,0,0,0,1972,1
relative_90p_3d,0,0,0,0,0,1972,2
relative_90p_3d,0,0,0,0,0,1972,3
relative_90p_3d,0,0,0,0,0,1972,4
relative_90p_3d,10,1,18.1010034,10,10,1972,5
relative_90p_3d,6,1,5.661002,6,6,1972,6
relative_90p_3d,3,1,5.009998,3,3,1972,7
relative_90p_3d,0,0,0,0,0,1972,8
relative_90p_3d,0,0,0,0,0,1972,9
relative_90p_3d,0,0,0,0,0,1972,10
relative_90p_3d,8,2,13.5889991,6.5,8,1972,11
relative_90p_3d,10,2,9.9999981,3.5,4,1972,12
relative_90p_3d,7,1,5.6880021,5,5,1973,1
relative_90p_3d,4,1,2.3099999,4,4,1973,2
relative_90p_3d,4,2,15.4900019,8,13,1973,3
relative_90p_3d,12,0,0,0,0,1973,4
relative_90p_3d,0,0,0,0,0,1973,5
relative_90p_3d,0,0,0,0,0,1973,6
relative_90p_3d,0,0,0,0,0,1973,7
relative_90p_3d,0,0,0,0,0,1973,8
relative_90p_3d,0,0,0,0,0,1973,9
relative_90p_3d,0,0,0,0,0,1973,10
relative_90p_3d,0,0,0,0,0,1973,11
relative_90p_3d,0,0,0,0,0,1973,12
relative_90p_3d,0,0,0,0,0,1974,1
relative_90p_3d,0,0,0,0,0,1974,2
relative_90p_3d,6,2,4.6570011,3,3,1974,3
relative_90p_3d,0,0,0,0,0,1974,4
relative_90p_3d,0,0,0,0,0,1974,5
relative_90p_3d,0,0,0,0,0,1974,6
relative_90p_3d,0,0,0,0,0,1974,7
relative_90p_3d,0,0,0,0,0,1974,8
relative_90p_3d,0,0,0,0,0,1974,9
relative_90p_3d,3,1,0.2080017,3,3,1974,10
relative_90p_3d,0,0,0,0,0,1974,11
relative_90p_3d,0,0,0,0,0,1974,12
relative_90p_3d,0,0,0,0,0,1975,1
relative_90p_3d,0,0,0,0,0,1975,2
relative_90p_3d,0,0,0,0,0,1975,3
relative_90p_3d,9,2,17.2079943,6,7,1975,4
relative_90p_3d,10,1,19.1880065,7,7,1975,5
relative_90p_3d,0,0,0,0,0,1975,6
relative_90p_3d,0,0,0,0,0,1975,7
relative_90p_3d,0,0,0,0,0,1975,8
relative_90p_3d,0,0,0,0,0,1975,9
relative_90p_3d,0,0,0,0,0,1975,10
relative_90p_3d,0,0,0,0,0,1975,11
relative_90p_3d,0,0,0,0,0,1975,12
relative_90p_3d,0,0,0,0,0,1976,1
relative_90p_3d,3,1,3.6520009,3,3,1976,2
relative_90p_3d,7,2,3.2630054,3.5,4,1976,3
relative_90p_3d,11,2,9.3389983,5.5,7,1976,4
relative_90p_3d,0,0,0,0,0,1976,5
relative_90p_3d,0,0,0,0,0,1976,6
relative_90p_3d,0,0,0,0,0,1976,7
relative_90p_3d,0,0,0,0,0,1976,8
relative_90p_3d,0,0,0,0,0,1976,9
relative_90p_3d,0,0,0,0,0,1976,10
relative_90p_3d,3,1,0.586001,3,3,1976,11
relative_90p_3d,0,0,0,0,0,1976,12
relative_90p_3d,0,0,0,0,0,1977,1
relative_90p_3d,0,0,0,0,0,1977,2
relative_90p_3d,0,0,0,0,0,1977,3
relative_90p_3d,0,0,0,0,0,1977,4
relative_90p_3d,0,0,0,0,0,1977,5
relative_90p_3d,0,0,0,0,0,1977,6
relative_90p_3d,0,0,0,0,0,1977,7
relative_90p_3d,0,0,0,0,0,1977,8
relative_90p_3d,3,1,2.6550001,3,3,1977,9
relative_90p_3d,0,0,0,0,0,1977,10
relative_90p_3d,0,0,0,0,0,1977,11
relative_90p_3d,0,0,0,0,0,1977,12
relative_90p_3d,0,0,0,0,0,1978,1
relative_90p_3d,0,0,0,0,0,1978,2
relative_90p_3d,0,0,0,0,0,1978,3
relative_90p_3d,0,0,0,0,0,1978,4
relative_90p_3d,0,0,0,0,0,1978,5
relative_90p_3d,0,0,0,0,0,1978,6
relative_90p_3d,0,0,0,0,0,1978,7
relative_90p_3d,0,0,0,0,0,1978,8
relative_90p_3d,0,0,0,0,0,1978,9
relative_90p_3d,0,0,0,0,0,1978,10
relative_90p_3d,5,1,2.6549973,5,5,1978,11
relative_90p_3d,3,1,1.439998,3,3,1978,12
relative_90p_3d,5,1,2.6789951,5,5,1979,1
relative_90p_3d,0,0,0,0,0,1979,2
relative_90p_3d,10,3,20.4769953,5,8,1979,3
relative_90p_3d,5,0,0,0,0,1979,4
relative_90p_3d,14,1,63.6400127,20,20,1979,5
relative_90p_3d,9,1,2.1930001,3,3,1979,6
relative_90p_3d,0,0,0,0,0,1979,7
relative_90p_3d,3,1,4.099995,3,3,1979,8
relative_90p_3d,0,0,0,0,0,1979,9
relative_90p_3d,0,0,0,0,0,1979,10
relative_90p_3d,5,1,7.0149983,5,5,1979,11
relative_90p_3d,0,0,0,0,0,1979,12
relative_90p_3d,0,0,0,0,0,1980,1
relative_90p_3d,0,0,0,0,0,1980,2
relative_90p_3d,0,0,0,0,0,1980,3
relative_90p_3d,5,1,9.2039933,5,5,1980,4
relative_90p_3d,0,0,0,0,0,1980,5
relative_90p_3d,0,0,0,0,0,1980,6
relative_90p_3d,0,0,0,0,0,1980,7
relative_90p_3d,0,0,0,0,0,1980,8
relative_90p_3d,0,0,0,0,0,1980,9
relative_90p_3d,0,0,0,0,0,1980,10
relative_90p_3d,0,0,0,0,0,1980,11
relative_90p_3d,3,1,2.6550019,3,3,1980,12
relative_90p_3d,0,0,0,0,0,1981,1
relative_90p_3d,0,0,0,0,0,1981,2
relative_90p_3d,0,0,0,0,0,1981,3
relative_90p_3d,0,0,0,0,0,1981,4
relative_90p_3d,0,0,0,0,0,1981,5
relative_90p_3d,0,0,0,0,0,1981,6
relative_90p_3d,0,0,0,0,0,1981,7
relative_90p_3d,0,0,0,0,0,1981,8
relative_90p_3d,3,1,2.7160049,3,3,1981,9
relative_90p_3d,0,0,0,0,0,1981,10
relative_90p_3d,0,0,0,0,0,1981,11
relative_90p_3d,0,0,0,0,0,1981,12
relative_90p_3d,4,1,3.610001,4,4,1982,1
relative_90p_3d,0,0,0,0,0,1982,2
relative_90p_3d,0,0,0,0,0,1982,3
relative_90p_3d,0,0,0,0,0,1982,4
relative_90p_3d,0,0,0,0,0,1982,5
relative_90p_3d,0,0,0,0,0,1982,6
relative_90p_3d,3,1,1.6770002,3,3,1982,7
relative_90p_3d,0,0,0,0,0,1982,8
relative_90p_3d,0,0,0,0,0,1982,9
relative_90p_3d,4,1,2.7139999,4,4,1982,10
relative_90p_3d,0,0,0,0,0,1982,11
relative_90p_3d,0,0,0,0,0,1982,12
relative_90p_3d,0,0,0,0,0,1983,1
relative_90p_3d,0,0,0,0,0,1983,2
relative_90p_3d,0,0,0,0,0,1983,3
relative_90p_3d,0,0,0,0,0,1983,4
relative_90p_3d,0,0,0,0,0,1983,5
relative_90p_3d,0,0,0,0,0,1983,6
relative_90p_3d,3,1,2.229999,3,3,1983,7
relative_90p_3d,0,0,0,0,0,1983,8
relative_90p_3d,0,0,0,0,0,1983,9
relative_90p_3d,0,0,0,0,0,1983,10
relative_90p_3d,0,0,0,0,0,1983,11
relative_90p_3d,0,0,0,0,0,1983,12
relative_90p_3d,0,0,0,0,0,1984,1
relative_90p_3d,0,0,0,0,0,1984,2
relative_90p_3d,5,2,4.8879905,3.5,4,1984,3
relative_90p_3d,2,0,0,0,0,1984,4
relative_90p_3d,0,0,0,0,0,1984,5
relative_90p_3d,0,0,0,0,0,1984,6
relative_90p_3d,0,0,0,0,0,1984,7
relative_90p_3d,3,1,1.397994,3,3,1984,8
relative_90p_3d,0,0,0,0,0,1984,9
relative_90p_3d,0,0,0,0,0,1984,10
relative_90p_3d,0,0,0,0,0,1984,11
relative_90p_3d,0,0,0,0,0,1984,12
relative_90p_3d,0,0,0,0,0,1985,1
relative_90p_3d,0,0,0,0,0,1985,2
relative_90p_3d,8,1,5.3959863,8,8,1985,3
relative_90p_3d,0,0,0,0,0,1985,4
relative_90p_3d,0,0,0,0,0,1985,5
relative_90p_3d,0,0,0,0,0,1985,6
relative_90p_3d,0,0,0,0,0,1985,7
relative_90p_3d,0,0,0,0,0,1985,8
relative_90p_3d,0,0,0,0,0,1985,9
relative_90p_3d,0,0,0,0,0,1985,10
relative_90p_3d,3,1,3.2970019,3,3,1985,11
relative_90p_3d,5,1,3.2320018,5,5,1985,12
relative_90p_3d,0,0,0,0,0,1986,1
relative_90p_3d,0,0,0,0,0,1986,2
relative_90p_3d,4,1,4.2880009,4,4,1986,3
relative_90p_3d,0,0,0,0,0,1986,4
relative_90p_3d,0,0,0,0,0,1986,5
relative_90p_3d,5,1,2.7090059,5,5,1986,6
relative_90p_3d,0,0,0,0,0,1986,7
relative_90p_3d,4,1,4.1859961,4,4,1986,8
relative_90p_3d,0,0,0,0,0,1986,9
relative_90p_3d,0,0,0,0,0,1986,10
relative_90p_3d,0,0,0,0,0,1986,11
relative_90p_3d,0,0,0,0,0,1986,12
relative_90p_3d,0,0,0,0,0,1987,1
relative_90p_3d,0,0,0,0,0,1987,2
relative_90p_3d,0,0,0,0,0,1987,3
relative_90p_3d,5,1,6.6459954,5,5,1987,4
relative_90p_3d,15,2,10.2700096,7.5,9,1987,5
relative_90p_3d,7,2,3.4459973,3.5,4,1987,6
relative_90p_3d,0,0,0,0,0,1987,7
relative_90p_3d,0,0,0,0,0,1987,8
relative_90p_3d,0,0,0,0,0,1987,9
relative_90p_3d,0,0,0,0,0,1987,10
relative_90p_3d,0,0,0,0,0,1987,11
relative_90p_3d,6,2,2.9019989,3,3,1987,12
relative_90p_3d,0,0,0,0,0,1988,1
relative_90p_3d,0,0,0,0,0,1988,2
relative_90p_3d,0,0,0,0,0,1988,3
relative_90p_3d,0,0,0,0,0,1988,4
relative_90p_3d,0,0,0,0,0,1988,5
relative_90p_3d,0,0,0,0,0,1988,6
relative_90p_3d,0,0,0,0,0,1988,7
relative_90p_3d,0,0,0,0,0,1988,8
relative_90p_3d,0,0,0,0,0,1988,9
relative_90p_3d,0,0,0,0,0,1988,10
relative_90p_3d,3,1,0.6079982,3,3,1988,11
relative_90p_3d,0,0,0,0,0,1988,12
relative_90p_3d,0,0,0,0,0,1989,1
relative_90p_3d,0,0,0,0,0,1989,2
relative_90p_3d,0,0,0,0,0,1989,3
relative_90p_3d,6,2,4.7910031,3,3,1989,4
relative_90p_3d,0,0,0,0,0,1989,5
relative_90p_3d,0,0,0,0,0,1989,6
relative_90p_3d,0,0,0,0,0,1989,7
relative_90p_3d,0,0,0,0,0,1989,8
relative_90p_3d,0,0,0,0,0,1989,9
relative_90p_3d,0,0,0,0,0,1989,10
relative_90p_3d,0,0,0,0,0,1989,11
relative_90p_3d,0,0,0,0,0,1989,12
relative_90p_3d,4,1,2.8220003,4,4,1990,1
relative_90p_3d,0,0,0,0,0,1990,2
relative_90p_3d,0,0,0,0,0,1990,3
relative_90p_3d,0,0,0,0,0,1990,4
relative_90p_3d,0,0,0,0,0,1990,5
relative_90p_3d,0,0,0,0,0,1990,6
relative_90p_3d,0,0,0,0,0,1990,7
relative_90p_3d,2,1,0.9460039,3,3,1990,8
relative_90p_3d,1,0,0,0,0,1990,9
relative_90p_3d,0,0,0,0,0,1990,10
relative_90p_3d,3,1,2.0469998,3,3,1990,11
relative_90p_3d,0,0,0,0,0,1990,12
relative_90p_3d,0,0,0,0,0,1991,1
relative_90p_3d,3,1,1.5819984,3,3,1991,2
relative_90p_3d,6,1,4.9900005,6,6,1991,3
relative_90p_3d,0,0,0,0,0,1991,4
relative_90p_3d,0,0,0,0,0,1991,5
relative_90p_3d,0,0,0,0,0,1991,6
relative_90p_3d,0,0,0,0,0,1991,7
relative_90p_3d,0,0,0,0,0,1991,8
relative_90p_3d,0,0,0,0,0,1991,9
relative_90p_3d,0,0,0,0,0,1991,10
relative_90p_3d,0,0,0,0,0,1991,11
relative_90p_3d,0,0,0,0,0,1991,12
relative_90p_3d,0,0,0,0,0,1992,1
relative_90p_3d,0,0,0,0,0,1992,2
relative_90p_3d,0,0,0,0,0,1992,3
relative_90p_3d,12,2,9.3979928,6,7,1992,4
relative_90p_3d,0,0,0,0,0,1992,5
relative_90p_3d,0,0,0,0,0,1992,6
relative_90p_3d,0,0,0,0,0,1992,7
relative_90p_3d,6,2,3.4359979,3,3,1992,8
relative_90p_3d,3,1,1.2150017,3,3,1992,9
relative_90p_3d,3,1,2.280001,3,3,1992,10
relative_90p_3d,3,1,1.0080002,3,3,1992,11
relative_90p_3d,0,0,0,0,0,1992,12
relative_90p_3d,0,0,0,0,0,1993,1
relative_90p_3d,5,1,4.9580028,5,5,1993,2
relative_90p_3d,0,0,0,0,0,1993,3
relative_90p_3d,0,0,0,0,0,1993,4
relative_90p_3d,0,0,0,0,0,1993,5
relative_90p_3d,0,0,0,0,0,1993,6
relative_90p_3d,0,0,0,0,0,1993,7
relative_90p_3d,0,0,0,0,0,1993,8
relative_90p_3d,0,0,0,0,0,1993,9
relative_90p_3d,0,0,0,0,0,1993,10
relative_90p_3d,0,0,0,0,0,1993,11
relative_90p_3d,1,1,1.1259979,3,3,1993,12
relative_90p_3d,5,1,2.7490009,3,3,1994,1
relative_90p_3d,0,0,0,0,0,1994,2
relative_90p_3d,0,0,0,0,0,1994,3
relative_90p_3d,0,0,0,0,0,1994,4
relative_90p_3d,3,1,0.4900038,3,3,1994,5
relative_90p_3d,0,0,0,0,0,1994,6
relative_90p_3d,0,0,0,0,0,1994,7
relative_90p_3d,0,0,0,0,0,1994,8
relative_90p_3d,0,0,0,0,0,1994,9
relative_90p_3d,0,0,0,0,0,1994,10
relative_90p_3d,0,0,0,0,0,1994,11
relative_90p_3d,0,0,0,0,0,1994,12
relative_90p_3d,0,0,0,0,0,1995,1
relative_90p_3d,0,0,0,0,0,1995,2
relative_90p_3d,6,1,9.4700035,6,6,1995,3
relative_90p_3d,1,1,4.2289944,5,5,1995,4
relative_90p_3d,7,1,1.5740011,4,4,1995,5
relative_90p_3d,1,0,0,0,0,1995,6
relative_90p_3d,0,0,0,0,0,1995,7
relative_90p_3d,3,1,0.9150011,3,3,1995,8
relative_90p_3d,0,0,0,0,0,1995,9
relative_90p_3d,0,0,0,0,0,1995,10
relative_90p_3d,0,0,0,0,0,1995,11
relative_90p_3d,0,0,0,0,0,1995,12
relative_90p_3d,0,0,0,0,0,1996,1
relative_90p_3d,0,0,0,0,0,1996,2
relative_90p_3d,0,0,0,0,0,1996,3
relative_90p_3d,3,1,2.249995,3,3,1996,4
relative_90p_3d,0,0,0,0,0,1996,5
relative_90p_3d,0,0,0,0,0,1996,6
relative_90p_3d,0,0,0,0,0,1996,7
relative_90p_3d,0,0,0,0,0,1996,8
relative_90p_3d,3,1,4.5550011,3,3,1996,9
relative_90p_3d,0,0,0,0,0,1996,10
relative_90p_3d,0,0,0,0,0,1996,11
relative_90p_3d,0,0,0,0,0,1996,12
relative_90p_3d,0,0,0,0,0,1997,1
relative_90p_3d,0,0,0,0,0,1997,2
relative_90p_3d,0,0,0,0,0,1997,3
relative_90p_3d,0,0,0,0,0,1997,4
relative_90p_3d,0,0,0,0,0,1997,5
relative_90p_3d,0,0,0,0,0,1997,6
relative_90p_3d,0,0,0,0,0,1997,7
relative_90p_3d,3,1,1.922997,3,3,1997,8
relative_90p_3d,0,0,0,0,0,1997,9
relative_90p_3d,0,0,0,0,0,1997,10
relative_90p_3d,3,1,1.128999,3,3,1997,11
relative_90p_3d,0,0,0,0,0,1997,12
relative_90p_3d,0,0,0,0,0,1998,1
relative_90p_3d,0,0,0,0,0,1998,2
relative_90p_3d,0,0,0,0,0,1998,3
relative_90p_3d,0,0,0,0,0,1998,4
relative_90p_3d,0,0,0,0,0,1998,5
relative_90p_3d,0,0,0,0,0,1998,6
relative_90p_3d,0,0,0,0,0,1998,7
relative_90p_3d,0,0,0,0,0,1998,8
relative_90p_3d,3,1,2.5869998,3,3,1998,9
relative_90p_3d,13,2,8.636002,6.5,10,1998,10
relative_90p_3d,7,1,9.0410048,7,7,1998,11
relative_90p_3d,3,1,1.22,3,3,1998,12
relative_90p_3d,6,2,3.6679972,3,3,1999,1
relative_90p_3d,11,3,7.028001,3.666666667,5,1999,2
relative_90p_3d,4,1,3.8820016,4,4,1999,3
relative_90p_3d,8,2,3.5230007,4,5,1999,4
relative_90p_3d,6,2,4.6219995,4,5,1999,5
relative_90p_3d,2,0,0,0,0,1999,6
relative_90p_3d,0,0,0,0,0,1999,7
relative_90p_3d,0,0,0,0,0,1999,8
relative_90p_3d,0,0,0,0,0,1999,9
relative_90p_3d,0,0,0,0,0,1999,10
relative_90p_3d,0,0,0,0,0,1999,11
relative_90p_3d,0,0,0,0,0,1999,12
relative_90p_3d,3,1,2.4289979,3,3,2000,1
relative_90p_3d,0,0,0,0,0,2000,2
relative_90p_3d,0,0,0,0,0,2000,3
relative_90p_3d,0,0,0,0,0,2000,4
relative_90p_3d,0,0,0,0,0,2000,5
relative_90p_3d,0,0,0,0,0,2000,6
relative_90p_3d,4,1,3.7580048,4,4,2000,7
relative_90p_3d,0,0,0,0,0,2000,8
relative_90p_3d,0,0,0,0,0,2000,9
relative_90p_3d,0,0,0,0,0,2000,10
relative_90p_3d,0,0,0,0,0,2000,11
relative_90p_3d,0,0,0,0,0,2000,12
relative_90p_3d,0,0,0,0,0,2001,1
relative_90p_3d,0,0,0,0,0,2001,2
relative_90p_3d,0,0,0,0,0,2001,3
relative_90p_3d,0,0,0,0,0,2001,4
relative_90p_3d,0,0,0,0,0,2001,5
relative_90p_3d,0,0,0,0,0,2001,6
relative_90p_3d,0,0,0,0,0,2001,7
relative_90p_3d,3,1,0.6059964,3,3,2001,8
relative_90p_3d,0,0,0,0,0,2001,9
relative_90p_3d,4,1,2.0970012,4,4,2001,10
relative_90p_3d,0,0,0,0,0,2001,11
relative_90p_3d,0,0,0,0,0,2001,12
relative_90p_3d,3,1,1.292999,3,3,2002,1
relative_90p_3d,0,0,0,0,0,2002,2
relative_90p_3d,0,0,0,0,0,2002,3
relative_90p_3d,0,0,0,0,0,2002,4
relative_90p_3d,0,0,0,0,0,2002,5
relative_90p_3d,0,0,0,0,0,2002,6
relative_90p_3d,0,0,0,0,0,2002,7
relative_90p_3d,0,0,0,0,0,2002,8
relative_90p_3d,0,0,0,0,0,2002,9
relative_90p_3d,0,0,0,0,0,2002,10
relative_90p_3d,3,1,0.688,3,3,2002,11
relative_90p_3d,0,0,0,0,0,2002,12
relative_90p_3d,0,0,0,0,0,2003,1
relative_90p_3d,0,0,0,0,0,2003,2
relative_90p_3d,0,0,0,0,0,2003,3
relative_90p_3d,0,0,0,0,0,2003,4
relative_90p_3d,3,1,0.9290024,3,3,2003,5
relative_90p_3d,0,0,0,0,0,2003,6
relative_90p_3d,0,0,0,0,0,2003,7
relative_90p_3d,4,1,3.3739973,4,4,2003,8
relative_90p_3d,0,0,0,0,0,2003,9
relative_90p_3d,0,0,0,0,0,2003,10
relative_90p_3d,0,0,0,0,0,2003,11
relative_90p_3d,0,0,0,0,0,2003,12
relative_90p_3d,0,0,0,0,0,2004,1
relative_90p_3d,0,0,0,0,0,2004,2
relative_90p_3d,0,0,0,0,0,2004,3
relative_90p_3d,0,0,0,0,0,2004,4
relative_90p_3d,0,0,0,0,0,2004,5
relative_90p_3d,0,0,0,0,0,2004,6
relative_90p_3d,0,0,0,0,0,2004,7
relative_90p_3d,0,0,0,0,0,2004,8
relative_90p_3d,0,0,0,0,0,2004,9
relative_90p_3d,0,0,0,0,0,2004,10
relative_90p_3d,0,0,0,0,0,2004,11
relative_90p_3d,4,1,2.8989992,4,4,2004,12
relative_90p_3d,0,0,0,0,0,2005,1
relative_90p_3d,0,0,0,0,0,2005,2
relative_90p_3d,3,1,1.1500004,3,3,2005,3
relative_90p_3d,0,0,0,0,0,2005,4
relative_90p_3d,0,0,0,0,0,2005,5
relative_90p_3d,0,0,0,0,0,2005,6
relative_90p_3d,0,0,0,0,0,2005,7
relative_90p_3d,0,0,0,0,0,2005,8
relative_90p_3d,0,0,0,0,0,2005,9
relative_90p_3d,0,0,0,0,0,2005,10
relative_90p_3d,0,0,0,0,0,2005,11
relative_90p_3d,3,1,0.8150009,3,3,2005,12
relative_90p_3d,0,0,0,0,0,2006,1
relative_90p_3d,10,2,13.8059972,5,7,2006,2
relative_90p_3d,3,1,2.3059973,3,3,2006,3
relative_90p_3d,0,0,0,0,0,2006,4
relative_90p_3d,4,1,2.6989984,4,4,2006,5
relative_90p_3d,1,1,2.5329976,3,3,2006,6
relative_90p_3d,2,0,0,0,0,2006,7
relative_90p_3d,0,0,0,0,0,2006,8
relative_90p_3d,0,0,0,0,0,2006,9
relative_90p_3d,0,0,0,0,0,2006,10
relative_90p_3d,0,0,0,0,0,2006,11
relative_90p_3d,3,1,3.276996,3,3,2006,12
relative_90p_3d,3,1,1.0039983,3,3,2007,1
relative_90p_3d,0,0,0,0,0,2007,2
relative_90p_3d,4,1,0.9690012,4,4,2007,3
relative_90p_3d,0,0,0,0,0,2007,4
relative_90p_3d,0,0,0,0,0,2007,5
relative_90p_3d,0,0,0,0,0,2007,6
relative_90p_3d,5,1,1.6089998,5,5,2007,7
relative_90p_3d,0,0,0,0,0,2007,8
relative_90p_3d,0,0,0,0,0,2007,9
relative_90p_3d,4,1,2.0529961,4,4,2007,10
relative_90p_3d,0,0,0,0,0,2007,11
relative_90p_3d,0,0,0,0,0,2007,12
relative_90p_3d,10,1,7.8669983,10,10,2008,1
relative_90p_3d,0,0,0,0,0,2008,2
relative_90p_3d,0,0,0,0,0,2008,3
relative_90p_3d,5,2,7.8169943,4,5,2008,4
relative_90p_3d,3,0,0,0,0,2008,5
relative_90p_3d,0,0,0,0,0,2008,6
relative_90p_3d,0,0,0,0,0,2008,7
relative_90p_3d,0,0,0,0,0,2008,8
relative_90p_3d,0,0,0,0,0,2008,9
relative_90p_3d,8,1,5.4900042,8,8,2008,10
relative_90p_3d,0,0,0,0,0,2008,11
relative_90p_3d,9,1,4.9090012,9,9,2008,12
relative_90p_3d,7,2,4.2239992,3.5,4,2009,1
relative_90p_3d,10,2,5.6690006,5,7,2009,2
relative_90p_3d,4,1,1.8599964,4,4,2009,3
relative_90p_3d,6,1,4.4410014,6,6,2009,4
relative_90p_3d,5,1,7.8230034,5,5,2009,5
relative_90p_3d,10,1,10.4309972,10,10,2009,6
relative_90p_3d,7,2,5.0019947,3.5,4,2009,7
relative_90p_3d,0,0,0,0,0,2009,8
relative_90p_3d,8,2,7.6870012,5,7,2009,9
relative_90p_3d,2,0,0,0,0,2009,10
relative_90p_3d,10,2,7.6789989,5,6,2009,11
relative_90p_3d,4,1,1.2830001,4,4,2009,12
relative_90p_3d,0,0,0,0,0,2010,1
relative_90p_3d,0,0,0,0,0,2010,2
relative_90p_3d,14,3,9.2149979,4.666666667,7,2010,3
relative_90p_3d,13,2,11.9289949,6.5,7,2010,4
relative_90p_3d,6,1,5.0759956,6,6,2010,5
relative_90p_3d,4,1,1.098002,4,4,2010,6
relative_90p_3d,4,1,1.9490038,4,4,2010,7
relative_90p_3d,4,1,3.4339955,4,4,2010,8
relative_90p_3d,0,0,0,0,0,2010,9
relative_90p_3d,8,2,8.005004,4,4,2010,10
relative_90p_3d,7,2,2.344997,3.5,4,2010,11
relative_90p_3d,0,0,0,0,0,2010,12
relative_90p_3d,0,0,0,0,0,2011,1
relative_90p_3d,0,0,0,0,0,2011,2
relative_90p_3d,0,0,0,0,0,2011,3
relative_90p_3d,0,0,0,0,0,2011,4
relative_90p_3d,0,0,0,0,0,2011,5
relative_90p_3d,0,0,0,0,0,2011,6
relative_90p_3d,4,2,5.1649961,3,3,2011,7
relative_90p_3d,2,0,0,0,0,2011,8
relative_90p_3d,0,0,0,0,0,2011,9
relative_90p_3d,6,2,3.992003,3,3,2011,10
relative_90p_3d,6,1,4.3080002,6,6,2011,11
relative_90p_3d,9,2,11.198997,5,6,2011,12
relative_90p_3d,1,0,0,0,0,2012,1
relative_90p_3d,0,0,0,0,0,2012,2
relative_90p_3d,3,1,2.1979994,3,3,2012,3
relative_90p_3d,0,0,0,0,0,2012,4
relative_90p_3d,3,1,2.5600002,3,3,2012,5
relative_90p_3d,10,3,7.2729987,4,6,2012,6
relative_90p_3d,2,0,0,0,0,2012,7
relative_90p_3d,5,1,1.987999,5,5,2012,8
relative_90p_3d,0,0,0,0,0,2012,9
relative_90p_3d,3,1,1.090001,4,4,2012,10
relative_90p_3d,1,0,0,0,0,2012,11
relative_90p_3d,0,0,0,0,0,2012,12
relative_90p_3d,3,1,1.862999,3,3,2013,1
relative_90p_3d,0,0,0,0,0,2013,2
relative_90p_3d,0,0,0,0,0,2013,3
relative_90p_3d,0,0,0,0,0,2013,4
relative_90p_3d,0,0,0,0,0,2013,5
relative_90p_3d,12,2,10.9499969,6,9,2013,6
relative_90p_3d,3,1,2.0979992,3,3,2013,7
relative_90p_3d,6,2,4.7480021,3,3,2013,8
relative_90p_3d,4,1,3.6549987,4,4,2013,9
relative_90p_3d,3,1,1.6039986,3,3,2013,10
relative_90p_3d,0,0,0,0,0,2013,11
relative_90p_3d,0,0,0,0,0,2013,12
relative_90p_3d,0,0,0,0,0,2014,1
relative_90p_3d,0,0,0,0,0,2014,2
relative_90p_3d,0,0,0,0,0,2014,3
relative_90p_3d,7,1,7.4960008,7,7,2014,4
relative_90p_3d,11,1,13.4909984,11,11,2014,5
relative_90p_3d,6,1,5.2849971,6,6,2014,6
relative_90p_3d,9,2,10.4079944,5.5,8,2014,7
relative_90p_3d,2,0,0,0,0,2014,8
relative_90p_3d,0,0,0,0,0,2014,9
relative_90p_3d,9,2,7.5509993,4.5,6,2014,10
relative_90p_3d,3,1,3.819002,3,3,2014,11
relative_90p_3d,0,0,0,0,0,2014,12
relative_90p_3d,0,0,0,0,0,2015,1
relative_90p_3d,0,0,0,0,0,2015,2
relative_90p_3d,0,0,0,0,0,2015,3
relative_90p_3d,0,0,0,0,0,2015,4
relative_90p_3d,0,0,0,0,0,2015,5
relative_90p_3d,0,0,0,0,0,2015,6
relative_90p_3d,0,0,0,0,0,2015,7
relative_90p_3d,3,1,1.0179982,3,3,2015,8
relative_90p_3d,14,3,17.0790097,6.666666667,12,2015,9
relative_90p_3d,6,0,0,0,0,2015,10
relative_90p_3d,4,1,3.4959972,4,4,2015,11
relative_90p_3d,0,0,0,0,0,2015,12
relative_90p_3d,0,0,0,0,0,2016,1
relative_90p_3d,5,1,7.9380009,5,5,2016,2
relative_90p_3d,0,0,0,0,0,2016,3
relative_90p_3d,2,1,1.5119972,3,3,2016,4
relative_90p_3d,1,0,0,0,0,2016,5
relative_90p_3d,7,1,6.5609977,7,7,2016,6
relative_90p_3d,2,1,1.8599968,3,3,2016,7
relative_90p_3d,8,2,7.9449941,3.5,4,2016,8
relative_90p_3d,5,2,6.3250005,4.5,6,2016,9
relative_90p_3d,16,2,14.411004,7.5,11,2016,10
relative_90p_3d,4,1,7.6259978,9,9,2016,11
relative_90p_3d,12,1,2.5360019,4,4,2016,12
relative_90p_3d,0,0,0,0,0,2017,1
relative_90p_3d,0,0,0,0,0,2017,2
relative_90p_3d,0,0,0,0,0,2017,3
relative_90p_3d,0,0,0,0,0,2017,4
relative_90p_3d,3,1,1.2300022,3,3,2017,5
relative_90p_3d,0,0,0,0,0,2017,6
relative_90p_3d,4,1,4.366003,4,4,2017,7
relative_90p_3d,0,0,0,0,0,2017,8
relative_90p_3d,9,2,6.1880038,4.5,5,2017,9
relative_90p_3d,11,2,10.1350027,5.5,7,2017,10
relative_90p_3d,11,3,8.7170079,3.666666667,5,2017,11
relative_90p_3d,0,0,0,0,0,2017,12
relative_90p_3d,0,0,0,0,0,2018,1
relative_90p_3d,0,0,0,0,0,2018,2
relative_90p_3d,0,0,0,0,0,2018,3
relative_90p_3d,0,0,0,0,0,2018,4
relative_90p_3d,0,0,0,0,0,2018,5
relative_90p_3d,0,0,0,0,0,2018,6
relative_90p_3d,3,1,5.3559973,3,3,2018,7
relative_90p_3d,9,2,8.3059932,4.5,6,2018,8
relative_90p_3d,9,2,23.679013,8.5,11,2018,9
relative_90p_3d,8,0,0,0,0,2018,10
relative_90p_3d,3,1,2.4560001,3,3,2018,11
relative_90p_3d,0,0,0,0,0,2018,12
relative_90p_3d,5,1,4.2169989,5,5,2019,1
relative_90p_3d,0,0,0,0,0,2019,2
relative_90p_3d,0,0,0,0,0,2019,3
relative_90p_3d,0,0,0,0,0,2019,4
relative_90p_3d,11,2,6.0259966,5.5,8,2019,5
relative_90p_3d,15,4,21.0760002,4,5,2019,6
relative_90p_3d,10,2,11.9470003,4.5,6,2019,7
relative_90p_3d,17,4,26.8730021,5,10,2019,8
relative_90p_3d,8,1,4.7680018,5,5,2019,9
relative_90p_3d,5,1,3.7729971,5,5,2019,10
relative_90p_3d,8,2,4.500998,4,5,2019,11
relative_90p_3d,3,1,2.4259999,3,3,2019,12
relative_90p_3d,3,1,2.802999,3,3,2020,1
relative_90p_3d,0,0,0,0,0,2020,2
relative_90p_3d,0,0,0,0,0,2020,3
relative_90p_3d,0,0,0,0,0,2020,4
relative_90p_3d,0,0,0,0,0,2020,5
relative_90p_3d,0,0,0,0,0,2020,6
relative_90p_3d,5,2,9.1920043,4,5,2020,7
relative_90p_3d,7,1,2.0440015,4,4,2020,8
relative_90p_3d,5,1,5.580996,5,5,2020,9
relative_90p_3d,15,2,19.7130075,7.5,10,2020,10
relative_90p_3d,11,2,11.3470088,6.5,8,2020,11
relative_90p_3d,2,0,0,0,0,2020,12
relative_90p_3d,9,1,13.4969943,9,9,2021,1
relative_90p_3d,3,1,2.625999,3,3,2021,2
relative_90p_3d,0,0,0,0,0,2021,3
relative_90p_3d,10,2,6.4159966,5,7,2021,4
relative_90p_3d,3,1,4.0089974,3,3,2021,5
relative_90p_3d,0,0,0,0,0,2021,6
relative_90p_3d,10,3,7.5899973,3.333333333,4,2021,7
relative_90p_3d,3,1,3.2639953,3,3,2021,8
relative_90p_3d,15,4,18.7180047,4.25,5,2021,9
relative_90p_3d,16,3,19.0800029,4.666666667,7,2021,10
relative_90p_3d,4,2,5.3929961,3.5,4,2021,11
relative_90p_3d,3,0,0,0,0,2021,12
relative_90p_3d,4,1,3.1359981,4,4,2022,1
relative_90p_3d,0,0,0,0,0,2022,2
relative_90p_3d,4,1,0.9829999,4,4,2022,3
relative_90p_3d,0,0,0,0,0,2022,4
relative_90p_3d,0,0,0,0,0,2022,5
relative_90p_3d,0,0,0,0,0,2022,6
relative_90p_3d,12,1,13.2539948,12,12,2022,7
relative_90p_3d,6,2,9.6459939,3.5,4,2022,8
relative_90p_3d,7,2,8.8189989,3.5,4,2022,9
relative_90p_3d,13,4,10.5319969,3.5,4,2022,10
relative_90p_3d,11,2,9.480003,6,9,2022,11
relative_90p_3d,3,0,0,0,0,2022,12
relative_90p_3d,4,1,2.07,4,4,2023,1
relative_90p_3d,0,0,0,0,0,2023,2
relative_90p_3d,0,0,0,0,0,2023,3
relative_90p_3d,13,1,24.1199941,13,13,2023,4
relative_90p_3d,11,2,40.109005,9,10,2023,5
relative_90p_3d,7,0,0,0,0,2023,6
relative_90p_3d,16,3,21.8729893,5.666666667,9,2023,7
relative_90p_3d,9,2,22.1699935,7,9,2023,8
relative_90p_3d,17,3,12.6160018,3.666666667,5,2023,9
relative_90p_3d,9,2,10.631001,7.5,8,2023,10
relative_90p_3d,14,3,12.6410039,4,5,2023,11
relative_90p_3d,8,1,3.18,4,4,2023,12
relative_90p_3d,0,0,0,0,0,2024,1
relative_90p_3d,0,0,0,0,0,2024,2
relative_90p_3d,0,0,0,0,0,2024,3
relative_90p_3d,12,1,23.3649903,17,17,2024,4
relative_90p_3d,12,2,11.2429927,3.5,4,2024,5
relative_90p_3d,5,1,5.5689973,5,5,2024,6
relative_90p_3d,15,2,17.448989,7.5,9,2024,7
relative_90p_3d,6,2,7.9840009,3,3,2024,8
relative_90p_3d,14,3,23.4200029,4.666666667,7,2024,9
relative_90p_3d,5,1,7.7130047,10,10,2024,10
relative_90p_3d,12,1,2.9420039,7,7,2024,11
relative_95p_3d,0,0,0,0,0,1972,1
relative_95p_3d,0,0,0,0,0,1972,2
relative_95p_3d,0,0,0,0,0,1972,3
relative_95p_3d,0,0,0,0,0,1972,4
relative_95p_3d,10,1,13.69450835,10,10,1972,5
relative_95p_3d,5,1,3.3040031,5,5,1972,6
relative_95p_3d,3,1,4.03049845,3,3,1972,7
relative_95p_3d,0,0,0,0,0,1972,8
relative_95p_3d,0,0,0,0,0,1972,9
relative_95p_3d,0,0,0,0,0,1972,10
relative_95p_3d,3,1,7.90649865,8,8,1972,11
relative_95p_3d,7,1,5.777998,4,4,1972,12
relative_95p_3d,5,1,3.75250345,3,3,1973,1
relative_95p_3d,0,0,0,0,0,1973,2
relative_95p_3d,1,1,4.89300585,6,6,1973,3
relative_95p_3d,11,1,3.0334981,6,6,1973,4
relative_95p_3d,0,0,0,0,0,1973,5
relative_95p_3d,0,0,0,0,0,1973,6
relative_95p_3d,0,0,0,0,0,1973,7
relative_95p_3d,0,0,0,0,0,1973,8
relative_95p_3d,0,0,0,0,0,1973,9
relative_95p_3d,0,0,0,0,0,1973,10
relative_95p_3d,0,0,0,0,0,1973,11
relative_95p_3d,0,0,0,0,0,1973,12
relative_95p_3d,0,0,0,0,0,1974,1
relative_95p_3d,0,0,0,0,0,1974,2
relative_95p_3d,0,0,0,0,0,1974,3
relative_95p_3d,0,0,0,0,0,1974,4
relative_95p_3d,0,0,0,0,0,1974,5
relative_95p_3d,0,0,0,0,0,1974,6
relative_95p_3d,0,0,0,0,0,1974,7
relative_95p_3d,0,0,0,0,0,1974,8
relative_95p_3d,0,0,0,0,0,1974,9
relative_95p_3d,0,0,0,0,0,1974,10
relative_95p_3d,0,0,0,0,0,1974,11
relative_95p_3d,0,0,0,0,0,1974,12
relative_95p_3d,0,0,0,0,0,1975,1
relative_95p_3d,0,0,0,0,0,1975,2
relative_95p_3d,0,0,0,0,0,1975,3
relative_95p_3d,7,2,10.3594959,5,6,1975,4
relative_95p_3d,9,1,15.462,6,6,1975,5
relative_95p_3d,0,0,0,0,0,1975,6
relative_95p_3d,0,0,0,0,0,1975,7
relative_95p_3d,0,0,0,0,0,1975,8
relative_95p_3d,0,0,0,0,0,1975,9
relative_95p_3d,0,0,0,0,0,1975,10
relative_95p_3d,0,0,0,0,0,1975,11
relative_95p_3d,0,0,0,0,0,1975,12
relative_95p_3d,0,0,0,0,0,1976,1
relative_95p_3d,3,1,1.2329989,3,3,1976,2
relative_95p_3d,0,0,0,0,0,1976,3
relative_95p_3d,6,2,3.56099755,3,3,1976,4
relative_95p_3d,0,0,0,0,0,1976,5
relative_95p_3d,0,0,0,0,0,1976,6
relative_95p_3d,0,0,0,0,0,1976,7
relative_95p_3d,0,0,0,0,0,1976,8
relative_95p_3d,0,0,0,0,0,1976,9
relative_95p_3d,0,0,0,0,0,1976,10
relative_95p_3d,0,0,0,0,0,1976,11
relative_95p_3d,0,0,0,0,0,1976,12
relative_95p_3d,0,0,0,0,0,1977,1
relative_95p_3d,0,0,0,0,0,1977,2
relative_95p_3d,0,0,0,0,0,1977,3
relative_95p_3d,0,0,0,0,0,1977,4
relative_95p_3d,0,0,0,0,0,1977,5
relative_95p_3d,0,0,0,0,0,1977,6
relative_95p_3d,0,0,0,0,0,1977,7
relative_95p_3d,0,0,0,0,0,1977,8
relative_95p_3d,0,0,0,0,0,1977,9
relative_95p_3d,0,0,0,0,0,1977,10
relative_95p_3d,0,0,0,0,0,1977,11
relative_95p_3d,0,0,0,0,0,1977,12
relative_95p_3d,0,0,0,0,0,1978,1
relative_95p_3d,0,0,0,0,0,1978,2
relative_95p_3d,0,0,0,0,0,1978,3
relative_95p_3d,0,0,0,0,0,1978,4
relative_95p_3d,0,0,0,0,0,1978,5
relative_95p_3d,0,0,0,0,0,1978,6
relative_95p_3d,0,0,0,0,0,1978,7
relative_95p_3d,0,0,0,0,0,1978,8
relative_95p_3d,0,0,0,0,0,1978,9
relative_95p_3d,0,0,0,0,0,1978,10
relative_95p_3d,3,1,0.954501,3,3,1978,11
relative_95p_3d,0,0,0,0,0,1978,12
relative_95p_3d,0,0,0,0,0,1979,1
relative_95p_3d,0,0,0,0,0,1979,2
relative_95p_3d,5,2,13.87300195,5,7,1979,3
relative_95p_3d,5,0,0,0,0,1979,4
relative_95p_3d,13,2,54.8740026,9.5,16,1979,5
relative_95p_3d,6,0,0,0,0,1979,6
relative_95p_3d,0,0,0,0,0,1979,7
relative_95p_3d,0,0,0,0,0,1979,8
relative_95p_3d,0,0,0,0,0,1979,9
relative_95p_3d,0,0,0,0,0,1979,10
relative_95p_3d,5,1,4.9680011,5,5,1979,11
relative_95p_3d,0,0,0,0,0,1979,12
relative_95p_3d,0,0,0,0,0,1980,1
relative_95p_3d,0,0,0,0,0,1980,2
relative_95p_3d,0,0,0,0,0,1980,3
relative_95p_3d,5,1,6.29549265,5,5,1980,4
relative_95p_3d,0,0,0,0,0,1980,5
relative_95p_3d,0,0,0,0,0,1980,6
relative_95p_3d,0,0,0,0,0,1980,7
relative_95p_3d,0,0,0,0,0,1980,8
relative_95p_3d,0,0,0,0,0,1980,9
relative_95p_3d,0,0,0,0,0,1980,10
relative_95p_3d,0,0,0,0,0,1980,11
relative_95p_3d,0,0,0,0,0,1980,12
relative_95p_3d,0,0,0,0,0,1981,1
relative_95p_3d,0,0,0,0,0,1981,2
relative_95p_3d,0,0,0,0,0,1981,3
relative_95p_3d,0,0,0,0,0,1981,4
relative_95p_3d,0,0,0,0,0,1981,5
relative_95p_3d,0,0,0,0,0,1981,6
relative_95p_3d,0,0,0,0,0,1981,7
relative_95p_3d,0,0,0,0,0,1981,8
relative_95p_3d,3,1,1.44600255,3,3,1981,9
relative_95p_3d,0,0,0,0,0,1981,10
relative_95p_3d,0,0,0,0,0,1981,11
relative_95p_3d,0,0,0,0,0,1981,12
relative_95p_3d,4,1,1.4904991,4,4,1982,1
relative_95p_3d,0,0,0,0,0,1982,2
relative_95p_3d,0,0,0,0,0,1982,3
relative_95p_3d,0,0,0,0,0,1982,4
relative_95p_3d,0,0,0,0,0,1982,5
relative_95p_3d,0,0,0,0,0,1982,6
relative_95p_3d,0,0,0,0,0,1982,7
relative_95p_3d,0,0,0,0,0,1982,8
relative_95p_3d,0,0,0,0,0,1982,9
relative_95p_3d,0,0,0,0,0,1982,10
relative_95p_3d,0,0,0,0,0,1982,11
relative_95p_3d,0,0,0,0,0,1982,12
relative_95p_3d,0,0,0,0,0,1983,1
relative_95p_3d,0,0,0,0,0,1983,2
relative_95p_3d,0,0,0,0,0,1983,3
relative_95p_3d,0,0,0,0,0,1983,4
relative_95p_3d,0,0,0,0,0,1983,5
relative_95p_3d,0,0,0,0,0,1983,6
relative_95p_3d,3,1,1.22799755,3,3,1983,7
relative_95p_3d,0,0,0,0,0,1983,8
relative_95p_3d,0,0,0,0,0,1983,9
relative_95p_3d,0,0,0,0,0,1983,10
relative_95p_3d,0,0,0,0,0,1983,11
relative_95p_3d,0,0,0,0,0,1983,12
relative_95p_3d,0,0,0,0,0,1984,1
relative_95p_3d,0,0,0,0,0,1984,2
relative_95p_3d,0,0,0,0,0,1984,3
relative_95p_3d,0,0,0,0,0,1984,4
relative_95p_3d,0,0,0,0,0,1984,5
relative_95p_3d,0,0,0,0,0,1984,6
relative_95p_3d,0,0,0,0,0,1984,7
relative_95p_3d,0,0,0,0,0,1984,8
relative_95p_3d,0,0,0,0,0,1984,9
relative_95p_3d,0,0,0,0,0,1984,10
relative_95p_3d,0,0,0,0,0,1984,11
relative_95p_3d,0,0,0,0,0,1984,12
relative_95p_3d,0,0,0,0,0,1985,1
relative_95p_3d,0,0,0,0,0,1985,2
relative_95p_3d,0,0,0,0,0,1985,3
relative_95p_3d,0,0,0,0,0,1985,4
relative_95p_3d,0,0,0,0,0,1985,5
relative_95p_3d,0,0,0,0,0,1985,6
relative_95p_3d,0,0,0,0,0,1985,7
relative_95p_3d,0,0,0,0,0,1985,8
relative_95p_3d,0,0,0,0,0,1985,9
relative_95p_3d,0,0,0,0,0,1985,10
relative_95p_3d,3,1,1.87150345,3,3,1985,11
relative_95p_3d,3,1,1.5190001,3,3,1985,12
relative_95p_3d,0,0,0,0,0,1986,1
relative_95p_3d,0,0,0,0,0,1986,2
relative_95p_3d,0,0,0,0,0,1986,3
relative_95p_3d,0,0,0,0,0,1986,4
relative_95p_3d,0,0,0,0,0,1986,5
relative_95p_3d,0,0,0,0,0,1986,6
relative_95p_3d,0,0,0,0,0,1986,7
relative_95p_3d,3,1,2.4859979,3,3,1986,8
relative_95p_3d,0,0,0,0,0,1986,9
relative_95p_3d,0,0,0,0,0,1986,10
relative_95p_3d,0,0,0,0,0,1986,11
relative_95p_3d,0,0,0,0,0,1986,12
relative_95p_3d,0,0,0,0,0,1987,1
relative_95p_3d,0,0,0,0,0,1987,2
relative_95p_3d,0,0,0,0,0,1987,3
relative_95p_3d,5,1,4.14100245,5,5,1987,4
relative_95p_3d,7,1,2.38800085,7,7,1987,5
relative_95p_3d,0,0,0,0,0,1987,6
relative_95p_3d,0,0,0,0,0,1987,7
relative_95p_3d,0,0,0,0,0,1987,8
relative_95p_3d,0,0,0,0,0,1987,9
relative_95p_3d,0,0,0,0,0,1987,10
relative_95p_3d,0,0,0,0,0,1987,11
relative_95p_3d,3,1,0.452501,3,3,1987,12
relative_95p_3d,0,0,0,0,0,1988,1
relative_95p_3d,0,0,0,0,0,1988,2
relative_95p_3d,0,0,0,0,0,1988,3
relative_95p_3d,0,0,0,0,0,1988,4
relative_95p_3d,0,0,0,0,0,1988,5
relative_95p_3d,0,0,0,0,0,1988,6
relative_95p_3d,0,0,0,0,0,1988,7
relative_95p_3d,0,0,0,0,0,1988,8
relative_95p_3d,0,0,0,0,0,1988,9
relative_95p_3d,0,0,0,0,0,1988,10
relative_95p_3d,0,0,0,0,0,1988,11
relative_95p_3d,0,0,0,0,0,1988,12
relative_95p_3d,0,0,0,0,0,1989,1
relative_95p_3d,0,0,0,0,0,1989,2
relative_95p_3d,0,0,0,0,0,1989,3
relative_95p_3d,3,1,1.49750135,3,3,1989,4
relative_95p_3d,0,0,0,0,0,1989,5
relative_95p_3d,0,0,0,0,0,1989,6
relative_95p_3d,0,0,0,0,0,1989,7
relative_95p_3d,0,0,0,0,0,1989,8
relative_95p_3d,0,0,0,0,0,1989,9
relative_95p_3d,0,0,0,0,0,1989,10
relative_95p_3d,0,0,0,0,0,1989,11
relative_95p_3d,0,0,0,0,0,1989,12
relative_95p_3d,3,1,1.7205021,3,3,1990,1
relative_95p_3d,0,0,0,0,0,1990,2
relative_95p_3d,0,0,0,0,0,1990,3
relative_95p_3d,0,0,0,0,0,1990,4
relative_95p_3d,0,0,0,0,0,1990,5
relative_95p_3d,0,0,0,0,0,1990,6
relative_95p_3d,0,0,0,0,0,1990,7
relative_95p_3d,0,0,0,0,0,1990,8
relative_95p_3d,0,0,0,0,0,1990,9
relative_95p_3d,0,0,0,0,0,1990,10
relative_95p_3d,0,0,0,0,0,1990,11
relative_95p_3d,0,0,0,0,0,1990,12
relative_95p_3d,0,0,0,0,0,1991,1
relative_95p_3d,0,0,0,0,0,1991,2
relative_95p_3d,3,1,1.96249975,3,3,1991,3
relative_95p_3d,0,0,0,0,0,1991,4
relative_95p_3d,0,0,0,0,0,1991,5
relative_95p_3d,0,0,0,0,0,1991,6
relative_95p_3d,0,0,0,0,0,1991,7
relative_95p_3d,0,0,0,0,0,1991,8
relative_95p_3d,0,0,0,0,0,1991,9
relative_95p_3d,0,0,0,0,0,1991,10
relative_95p_3d,0,0,0,0,0,1991,11
relative_95p_3d,0,0,0,0,0,1991,12
relative_95p_3d,0,0,0,0,0,1992,1
relative_95p_3d,0,0,0,0,0,1992,2
relative_95p_3d,0,0,0,0,0,1992,3
relative_95p_3d,5,1,3.4674949,5,5,1992,4
relative_95p_3d,0,0,0,0,0,1992,5
relative_95p_3d,0,0,0,0,0,1992,6
relative_95p_3d,0,0,0,0,0,1992,7
relative_95p_3d,0,0,0,0,0,1992,8
relative_95p_3d,0,0,0,0,0,1992,9
relative_95p_3d,3,1,1.18250055,3,3,1992,10
relative_95p_3d,0,0,0,0,0,1992,11
relative_95p_3d,0,0,0,0,0,1992,12
relative_95p_3d,0,0,0,0,0,1993,1
relative_95p_3d,0,0,0,0,0,1993,2
relative_95p_3d,0,0,0,0,0,1993,3
relative_95p_3d,0,0,0,0,0,1993,4
relative_95p_3d,0,0,0,0,0,1993,5
relative_95p_3d,0,0,0,0,0,1993,6
relative_95p_3d,0,0,0,0,0,1993,7
relative_95p_3d,0,0,0,0,0,1993,8
relative_95p_3d,0,0,0,0,0,1993,9
relative_95p_3d,0,0,0,0,0,1993,10
relative_95p_3d,0,0,0,0,0,1993,11
relative_95p_3d,0,0,0,0,0,1993,12
relative_95p_3d,0,0,0,0,0,1994,1
relative_95p_3d,0,0,0,0,0,1994,2
relative_95p_3d,0,0,0,0,0,1994,3
relative_95p_3d,0,0,0,0,0,1994,4
relative_95p_3d,0,0,0,0,0,1994,5
relative_95p_3d,0,0,0,0,0,1994,6
relative_95p_3d,0,0,0,0,0,1994,7
relative_95p_3d,0,0,0,0,0,1994,8
relative_95p_3d,0,0,0,0,0,1994,9
relative_95p_3d,0,0,0,0,0,1994,10
relative_95p_3d,0,0,0,0,0,1994,11
relative_95p_3d,0,0,0,0,0,1994,12
relative_95p_3d,0,0,0,0,0,1995,1
relative_95p_3d,0,0,0,0,0,1995,2
relative_95p_3d,6,1,6.40699835,6,6,1995,3
relative_95p_3d,0,0,0,0,0,1995,4
relative_95p_3d,3,1,1.7869999,3,3,1995,5
relative_95p_3d,0,0,0,0,0,1995,6
relative_95p_3d,0,0,0,0,0,1995,7
relative_95p_3d,0,0,0,0,0,1995,8
relative_95p_3d,0,0,0,0,0,1995,9
relative_95p_3d,0,0,0,0,0,1995,10
relative_95p_3d,0,0,0,0,0,1995,11
relative_95p_3d,0,0,0,0,0,1995,12
relative_95p_3d,0,0,0,0,0,1996,1
relative_95p_3d,0,0,0,0,0,1996,2
relative_95p_3d,0,0,0,0,0,1996,3
relative_95p_3d,0,0,0,0,0,1996,4
relative_95p_3d,0,0,0,0,0,1996,5
relative_95p_3d,0,0,0,0,0,1996,6
relative_95p_3d,0,0,0,0,0,1996,7
relative_95p_3d,0,0,0,0,0,1996,8
relative_95p_3d,3,1,3.0524981,3,3,1996,9
relative_95p_3d,0,0,0,0,0,1996,10
relative_95p_3d,0,0,0,0,0,1996,11
relative_95p_3d,0,0,0,0,0,1996,12
relative_95p_3d,0,0,0,0,0,1997,1
relative_95p_3d,0,0,0,0,0,1997,2
relative_95p_3d,0,0,0,0,0,1997,3
relative_95p_3d,0,0,0,0,0,1997,4
relative_95p_3d,0,0,0,0,0,1997,5
relative_95p_3d,0,0,0,0,0,1997,6
relative_95p_3d,0,0,0,0,0,1997,7
relative_95p_3d,0,0,0,0,0,1997,8
relative_95p_3d,0,0,0,0,0,1997,9
relative_95p_3d,0,0,0,0,0,1997,10
relative_95p_3d,0,0,0,0,0,1997,11
relative_95p_3d,0,0,0,0,0,1997,12
relative_95p_3d,0,0,0,0,0,1998,1
relative_95p_3d,0,0,0,0,0,1998,2
relative_95p_3d,0,0,0,0,0,1998,3
relative_95p_3d,0,0,0,0,0,1998,4
relative_95p_3d,0,0,0,0,0,1998,5
relative_95p_3d,0,0,0,0,0,1998,6
relative_95p_3d,0,0,0,0,0,1998,7
relative_95p_3d,0,0,0,0,0,1998,8
relative_95p_3d,0,0,0,0,0,1998,9
relative_95p_3d,7,1,3.62498755,7,7,1998,10
relative_95p_3d,6,1,5.874006,6,6,1998,11
relative_95p_3d,0,0,0,0,0,1998,12
relative_95p_3d,3,1,0.65250035,3,3,1999,1
relative_95p_3d,3,1,1.775498,3,3,1999,2
relative_95p_3d,3,1,2.23850145,3,3,1999,3
relative_95p_3d,0,0,0,0,0,1999,4
relative_95p_3d,0,0,0,0,0,1999,5
relative_95p_3d,0,0,0,0,0,1999,6
relative_95p_3d,0,0,0,0,0,1999,7
relative_95p_3d,0,0,0,0,0,1999,8
relative_95p_3d,0,0,0,0,0,1999,9
relative_95p_3d,0,0,0,0,0,1999,10
relative_95p_3d,0,0,0,0,0,1999,11
relative_95p_3d,0,0,0,0,0,1999,12
relative_95p_3d,0,0,0,0,0,2000,1
relative_95p_3d,0,0,0,0,0,2000,2
relative_95p_3d,0,0,0,0,0,2000,3
relative_95p_3d,0,0,0,0,0,2000,4
relative_95p_3d,0,0,0,0,0,2000,5
relative_95p_3d,0,0,0,0,0,2000,6
relative_95p_3d,3,1,2.60800325,3,3,2000,7
relative_95p_3d,0,0,0,0,0,2000,8
relative_95p_3d,0,0,0,0,0,2000,9
relative_95p_3d,0,0,0,0,0,2000,10
relative_95p_3d,0,0,0,0,0,2000,11
relative_95p_3d,0,0,0,0,0,2000,12
relative_95p_3d,0,0,0,0,0,2001,1
relative_95p_3d,0,0,0,0,0,2001,2
relative_95p_3d,0,0,0,0,0,2001,3
relative_95p_3d,0,0,0,0,0,2001,4
relative_95p_3d,0,0,0,0,0,2001,5
relative_95p_3d,0,0,0,0,0,2001,6
relative_95p_3d,0,0,0,0,0,2001,7
relative_95p_3d,0,0,0,0,0,2001,8
relative_95p_3d,0,0,0,0,0,2001,9
relative_95p_3d,0,0,0,0,0,2001,10
relative_95p_3d,0,0,0,0,0,2001,11
relative_95p_3d,0,0,0,0,0,2001,12
relative_95p_3d,0,0,0,0,0,2002,1
relative_95p_3d,0,0,0,0,0,2002,2
relative_95p_3d,0,0,0,0,0,2002,3
relative_95p_3d,0,0,0,0,0,2002,4
relative_95p_3d,0,0,0,0,0,2002,5
relative_95p_3d,0,0,0,0,0,2002,6
relative_95p_3d,0,0,0,0,0,2002,7
relative_95p_3d,0,0,0,0,0,2002,8
relative_95p_3d,0,0,0,0,0,2002,9
relative_95p_3d,0,0,0,0,0,2002,10
relative_95p_3d,0,0,0,0,0,2002,11
relative_95p_3d,0,0,0,0,0,2002,12
relative_95p_3d,0,0,0,0,0,2003,1
relative_95p_3d,0,0,0,0,0,2003,2
relative_95p_3d,0,0,0,0,0,2003,3
relative_95p_3d,0,0,0,0,0,2003,4
relative_95p_3d,0,0,0,0,0,2003,5
relative_95p_3d,0,0,0,0,0,2003,6
relative_95p_3d,0,0,0,0,0,2003,7
relative_95p_3d,3,1,1.60500145,3,3,2003,8
relative_95p_3d,0,0,0,0,0,2003,9
relative_95p_3d,0,0,0,0,0,2003,10
relative_95p_3d,0,0,0,0,0,2003,11
relative_95p_3d,0,0,0,0,0,2003,12
relative_95p_3d,0,0,0,0,0,2004,1
relative_95p_3d,0,0,0,0,0,2004,2
relative_95p_3d,0,0,0,0,0,2004,3
relative_95p_3d,0,0,0,0,0,2004,4
relative_95p_3d,0,0,0,0,0,2004,5
relative_95p_3d,0,0,0,0,0,2004,6
relative_95p_3d,0,0,0,0,0,2004,7
relative_95p_3d,0,0,0,0,0,2004,8
relative_95p_3d,0,0,0,0,0,2004,9
relative_95p_3d,0,0,0,0,0,2004,10
relative_95p_3d,0,0,0,0,0,2004,11
relative_95p_3d,4,1,1.1954998,4,4,2004,12
relative_95p_3d,0,0,0,0,0,2005,1
relative_95p_3d,0,0,0,0,0,2005,2
relative_95p_3d,0,0,0,0,0,2005,3
relative_95p_3d,0,0,0,0,0,2005,4
relative_95p_3d,0,0,0,0,0,2005,5
relative_95p_3d,0,0,0,0,0,2005,6
relative_95p_3d,0,0,0,0,0,2005,7
relative_95p_3d,0,0,0,0,0,2005,8
relative_95p_3d,0,0,0,0,0,2005,9
relative_95p_3d,0,0,0,0,0,2005,10
relative_95p_3d,0,0,0,0,0,2005,11
relative_95p_3d,0,0,0,0,0,2005,12
relative_95p_3d,0,0,0,0,0,2006,1
relative_95p_3d,5,1,5.2079984,5,5,2006,2
relative_95p_3d,0,0,0,0,0,2006,3
relative_95p_3d,0,0,0,0,0,2006,4
relative_95p_3d,3,1,1.031999,3,3,2006,5
relative_95p_3d,0,0,0,0,0,2006,6
relative_95p_3d,0,0,0,0,0,2006,7
relative_95p_3d,0,0,0,0,0,2006,8
relative_95p_3d,0,0,0,0,0,2006,9
relative_95p_3d,0,0,0,0,0,2006,10
relative_95p_3d,0,0,0,0,0,2006,11
relative_95p_3d,3,1,2.022498,3,3,2006,12
relative_95p_3d,0,0,0,0,0,2007,1
relative_95p_3d,0,0,0,0,0,2007,2
relative_95p_3d,0,0,0,0,0,2007,3
relative_95p_3d,0,0,0,0,0,2007,4
relative_95p_3d,0,0,0,0,0,2007,5
relative_95p_3d,0,0,0,0,0,2007,6
relative_95p_3d,0,0,0,0,0,2007,7
relative_95p_3d,0,0,0,0,0,2007,8
relative_95p_3d,0,0,0,0,0,2007,9
relative_95p_3d,0,0,0,0,0,2007,10
relative_95p_3d,0,0,0,0,0,2007,11
relative_95p_3d,0,0,0,0,0,2007,12
relative_95p_3d,6,1,3.0195039,6,6,2008,1
relative_95p_3d,0,0,0,0,0,2008,2
relative_95p_3d,0,0,0,0,0,2008,3
relative_95p_3d,0,0,0,0,0,2008,4
relative_95p_3d,3,1,2.4370009,3,3,2008,5
relative_95p_3d,0,0,0,0,0,2008,6
relative_95p_3d,0,0,0,0,0,2008,7
relative_95p_3d,0,0,0,0,0,2008,8
relative_95p_3d,0,0,0,0,0,2008,9
relative_95p_3d,7,2,1.8949994,3.5,4,2008,10
relative_95p_3d,0,0,0,0,0,2008,11
relative_95p_3d,3,1,1.16649935,3,3,2008,12
relative_95p_3d,3,1,0.96250145,3,3,2009,1
relative_95p_3d,0,0,0,0,0,2009,2
relative_95p_3d,0,0,0,0,0,2009,3
relative_95p_3d,0,0,0,0,0,2009,4
relative_95p_3d,3,1,5.36850065,3,3,2009,5
relative_95p_3d,7,2,6.11349855,3.5,4,2009,6
relative_95p_3d,4,1,1.53500235,4,4,2009,7
relative_95p_3d,0,0,0,0,0,2009,8
relative_95p_3d,0,0,0,0,0,2009,9
relative_95p_3d,0,0,0,0,0,2009,10
relative_95p_3d,4,1,3.4710009,4,4,2009,11
relative_95p_3d,0,0,0,0,0,2009,12
relative_95p_3d,0,0,0,0,0,2010,1
relative_95p_3d,0,0,0,0,0,2010,2
relative_95p_3d,4,1,1.1089967,4,4,2010,3
relative_95p_3d,5,1,3.64899845,5,5,2010,4
relative_95p_3d,0,0,0,0,0,2010,5
relative_95p_3d,0,0,0,0,0,2010,6
relative_95p_3d,0,0,0,0,0,2010,7
relative_95p_3d,3,1,1.9784989,3,3,2010,8
relative_95p_3d,0,0,0,0,0,2010,9
relative_95p_3d,6,2,5.03400175,3,3,2010,10
relative_95p_3d,0,0,0,0,0,2010,11
relative_95p_3d,0,0,0,0,0,2010,12
relative_95p_3d,0,0,0,0,0,2011,1
relative_95p_3d,0,0,0,0,0,2011,2
relative_95p_3d,0,0,0,0,0,2011,3
relative_95p_3d,0,0,0,0,0,2011,4
relative_95p_3d,0,0,0,0,0,2011,5
relative_95p_3d,0,0,0,0,0,2011,6
relative_95p_3d,0,0,0,0,0,2011,7
relative_95p_3d,0,0,0,0,0,2011,8
relative_95p_3d,0,0,0,0,0,2011,9
relative_95p_3d,3,1,1.1859981,3,3,2011,10
relative_95p_3d,4,1,2.31750155,4,4,2011,11
relative_95p_3d,8,2,7.1649949,4.5,6,2011,12
relative_95p_3d,1,0,0,0,0,2012,1
relative_95p_3d,0,0,0,0,0,2012,2
relative_95p_3d,0,0,0,0,0,2012,3
relative_95p_3d,0,0,0,0,0,2012,4
relative_95p_3d,3,1,0.93399975,3,3,2012,5
relative_95p_3d,0,0,0,0,0,2012,6
relative_95p_3d,0,0,0,0,0,2012,7
relative_95p_3d,0,0,0,0,0,2012,8
relative_95p_3d,0,0,0,0,0,2012,9
relative_95p_3d,0,0,0,0,0,2012,10
relative_95p_3d,0,0,0,0,0,2012,11
relative_95p_3d,0,0,0,0,0,2012,12
relative_95p_3d,0,0,0,0,0,2013,1
relative_95p_3d,0,0,0,0,0,2013,2
relative_95p_3d,0,0,0,0,0,2013,3
relative_95p_3d,0,0,0,0,0,2013,4
relative_95p_3d,0,0,0,0,0,2013,5
relative_95p_3d,8,1,5.422502,8,8,2013,6
relative_95p_3d,0,0,0,0,0,2013,7
relative_95p_3d,3,1,2.39800365,3,3,2013,8
relative_95p_3d,0,0,0,0,0,2013,9
relative_95p_3d,0,0,0,0,0,2013,10
relative_95p_3d,0,0,0,0,0,2013,11
relative_95p_3d,0,0,0,0,0,2013,12
relative_95p_3d,0,0,0,0,0,2014,1
relative_95p_3d,0,0,0,0,0,2014,2
relative_95p_3d,0,0,0,0,0,2014,3
relative_95p_3d,3,1,3.9555021,3,3,2014,4
relative_95p_3d,10,2,8.6800017,5,6,2014,5
relative_95p_3d,3,1,2.97799765,3,3,2014,6
relative_95p_3d,0,0,0,0,0,2014,7
relative_95p_3d,0,0,0,0,0,2014,8
relative_95p_3d,0,0,0,0,0,2014,9
relative_95p_3d,3,1,1.64899245,3,3,2014,10
relative_95p_3d,3,1,2.6865021,3,3,2014,11
relative_95p_3d,0,0,0,0,0,2014,12
relative_95p_3d,0,0,0,0,0,2015,1
relative_95p_3d,0,0,0,0,0,2015,2
relative_95p_3d,0,0,0,0,0,2015,3
relative_95p_3d,0,0,0,0,0,2015,4
relative_95p_3d,0,0,0,0,0,2015,5
relative_95p_3d,0,0,0,0,0,2015,6
relative_95p_3d,0,0,0,0,0,2015,7
relative_95p_3d,0,0,0,0,0,2015,8
relative_95p_3d,5,2,6.46650835,4.5,6,2015,9
relative_95p_3d,4,0,0,0,0,2015,10
relative_95p_3d,4,1,1.27649955,4,4,2015,11
relative_95p_3d,0,0,0,0,0,2015,12
relative_95p_3d,0,0,0,0,0,2016,1
relative_95p_3d,4,1,4.5835,4,4,2016,2
relative_95p_3d,0,0,0,0,0,2016,3
relative_95p_3d,0,0,0,0,0,2016,4
relative_95p_3d,0,0,0,0,0,2016,5
relative_95p_3d,6,1,3.64499995,6,6,2016,6
relative_95p_3d,0,0,0,0,0,2016,7
relative_95p_3d,4,1,2.20399835,4,4,2016,8
relative_95p_3d,0,0,0,0,0,2016,9
relative_95p_3d,9,3,9.9994996,4,5,2016,10
relative_95p_3d,3,0,0,0,0,2016,11
relative_95p_3d,12,2,6.2194962,6,8,2016,12
relative_95p_3d,0,0,0,0,0,2017,1
relative_95p_3d,0,0,0,0,0,2017,2
relative_95p_3d,0,0,0,0,0,2017,3
relative_95p_3d,0,0,0,0,0,2017,4
relative_95p_3d,0,0,0,0,0,2017,5
relative_95p_3d,0,0,0,0,0,2017,6
relative_95p_3d,4,1,2.822503,4,4,2017,7
relative_95p_3d,0,0,0,0,0,2017,8
relative_95p_3d,3,1,2.38499855,3,3,2017,9
relative_95p_3d,3,1,3.17499655,3,3,2017,10
relative_95p_3d,5,1,2.1500051,5,5,2017,11
relative_95p_3d,0,0,0,0,0,2017,12
relative_95p_3d,0,0,0,0,0,2018,1
relative_95p_3d,0,0,0,0,0,2018,2
relative_95p_3d,0,0,0,0,0,2018,3
relative_95p_3d,0,0,0,0,0,2018,4
relative_95p_3d,0,0,0,0,0,2018,5
relative_95p_3d,0,0,0,0,0,2018,6
relative_95p_3d,0,0,0,0,0,2018,7
relative_95p_3d,4,1,5.04250355,4,4,2018,8
relative_95p_3d,8,2,16.011505,8,11,2018,9
relative_95p_3d,8,0,0,0,0,2018,10
relative_95p_3d,0,0,0,0,0,2018,11
relative_95p_3d,0,0,0,0,0,2018,12
relative_95p_3d,4,1,2.0384981,4,4,2019,1
relative_95p_3d,0,0,0,0,0,2019,2
relative_95p_3d,0,0,0,0,0,2019,3
relative_95p_3d,0,0,0,0,0,2019,4
relative_95p_3d,3,1,1.22799945,3,3,2019,5
relative_95p_3d,12,4,13.91300445,3.25,4,2019,6
relative_95p_3d,7,1,7.6475019,6,6,2019,7
relative_95p_3d,9,3,9.5555051,3,3,2019,8
relative_95p_3d,6,2,8.44599645,3,3,2019,9
relative_95p_3d,3,1,1.7514992,3,3,2019,10
relative_95p_3d,4,1,1.5229981,4,4,2019,11
relative_95p_3d,0,0,0,0,0,2019,12
relative_95p_3d,0,0,0,0,0,2020,1
relative_95p_3d,0,0,0,0,0,2020,2
relative_95p_3d,0,0,0,0,0,2020,3
relative_95p_3d,0,0,0,0,0,2020,4
relative_95p_3d,0,0,0,0,0,2020,5
relative_95p_3d,0,0,0,0,0,2020,6
relative_95p_3d,3,1,2.6670039,3,3,2020,7
relative_95p_3d,3,1,3.8130001,3,3,2020,8
relative_95p_3d,4,1,4.3369991,4,4,2020,9
relative_95p_3d,12,3,13.28349955,4,5,2020,10
relative_95p_3d,8,1,4.9535062,8,8,2020,11
relative_95p_3d,0,0,0,0,0,2020,12
relative_95p_3d,8,1,9.55749825,8,8,2021,1
relative_95p_3d,0,0,0,0,0,2021,2
relative_95p_3d,0,0,0,0,0,2021,3
relative_95p_3d,3,1,2.7644971,3,3,2021,4
relative_95p_3d,3,1,2.411997,3,3,2021,5
relative_95p_3d,0,0,0,0,0,2021,6
relative_95p_3d,3,1,2.66050245,3,3,2021,7
relative_95p_3d,3,1,2.092499,3,3,2021,8
relative_95p_3d,12,3,12.508001,4,5,2021,9
relative_95p_3d,7,2,10.50249675,3.5,4,2021,10
relative_95p_3d,4,2,2.8944963,3.5,4,2021,11
relative_95p_3d,3,0,0,0,0,2021,12
relative_95p_3d,3,1,1.44250145,3,3,2022,1
relative_95p_3d,0,0,0,0,0,2022,2
relative_95p_3d,0,0,0,0,0,2022,3
relative_95p_3d,0,0,0,0,0,2022,4
relative_95p_3d,0,0,0,0,0,2022,5
relative_95p_3d,0,0,0,0,0,2022,6
relative_95p_3d,9,1,8.0054928,9,9,2022,7
relative_95p_3d,6,2,7.1650023,3.5,4,2022,8
relative_95p_3d,7,2,5.8949998,3.5,4,2022,9
relative_95p_3d,5,1,2.39949665,4,4,2022,10
relative_95p_3d,6,1,5.8365023,9,9,2022,11
relative_95p_3d,3,0,0,0,0,2022,12
relative_95p_3d,0,0,0,0,0,2023,1
relative_95p_3d,0,0,0,0,0,2023,2
relative_95p_3d,0,0,0,0,0,2023,3
relative_95p_3d,12,1,16.6299966,12,12,2023,4
relative_95p_3d,11,2,31.3374921,9,10,2023,5
relative_95p_3d,7,0,0,0,0,2023,6
relative_95p_3d,12,2,15.0704984,6.5,9,2023,7
relative_95p_3d,4,1,13.72300175,9,9,2023,8
relative_95p_3d,9,1,1.65800045,3,3,2023,9
relative_95p_3d,1,1,5.0679972,5,5,2023,10
relative_95p_3d,11,3,8.1795022,3.666666667,5,2023,11
relative_95p_3d,7,1,1.57799945,3,3,2023,12
relative_95p_3d,0,0,0,0,0,2024,1
relative_95p_3d,0,0,0,0,0,2024,2
relative_95p_3d,0,0,0,0,0,2024,3
relative_95p_3d,9,3,11.90700035,3.333333333,4,2024,4
relative_95p_3d,7,2,8.16349775,3,3,2024,5
relative_95p_3d,5,1,3.38099365,5,5,2024,6
relative_95p_3d,12,2,11.93899015,6,8,2024,7
relative_95p_3d,6,2,5.66200655,3,3,2024,8
relative_95p_3d,14,3,17.09150245,4.666666667,7,2024,9
relative_95p_3d,5,1,3.53750245,6,6,2024,10
relative_95p_3d,4,1,0.6779981,3,3,2024,11
compound_90p_2d,0,0,0,0,0,1972,1
compound_90p_2d,0,0,0,0,0,1972,2
compound_90p_2d,0,0,0,0,0,1972,3
compound_90p_2d,0,0,0,0,0,1972,4
compound_90p_2d,5,2,8.474003,2.5,3,1972,5
compound_90p_2d,3,1,2.8889992,3,3,1972,6
compound_90p_2d,2,1,0.7559984,2,2,1972,7
compound_90p_2d,0,0,0,0,0,1972,8
compound_90p_2d,0,0,0,0,0,1972,9
compound_90p_2d,0,0,0,0,0,1972,10
compound_90p_2d,2,1,1.970001,2,2,1972,11
compound_90p_2d,4,2,7.2439972,2.5,3,1972,12
compound_90p_2d,3,1,3.5010012,2,2,1973,1
compound_90p_2d,3,1,2.200999,3,3,1973,2
compound_90p_2d,0,0,0,0,0,1973,3
compound_90p_2d,4,1,3.1619966,4,4,1973,4
compound_90p_2d,0,0,0,0,0,1973,5
compound_90p_2d,0,0,0,0,0,1973,6
compound_90p_2d,0,0,0,0,0,1973,7
compound_90p_2d,0,0,0,0,0,1973,8
compound_90p_2d,0,0,0,0,0,1973,9
compound_90p_2d,0,0,0,0,0,1973,10
compound_90p_2d,0,0,0,0,0,1973,11
compound_90p_2d,0,0,0,0,0,1973,12
compound_90p_2d,0,0,0,0,0,1974,1
compound_90p_2d,0,0,0,0,0,1974,2
compound_90p_2d,0,0,0,0,0,1974,3
compound_90p_2d,0,0,0,0,0,1974,4
compound_90p_2d,0,0,0,0,0,1974,5
compound_90p_2d,0,0,0,0,0,1974,6
compound_90p_2d,0,0,0,0,0,1974,7
compound_90p_2d,0,0,0,0,0,1974,8
compound_90p_2d,0,0,0,0,0,1974,9
compound_90p_2d,0,0,0,0,0,1974,10
compound_90p_2d,0,0,0,0,0,1974,11
compound_90p_2d,0,0,0,0,0,1974,12
compound_90p_2d,0,0,0,0,0,1975,1
compound_90p_2d,0,0,0,0,0,1975,2
compound_90p_2d,0,0,0,0,0,1975,3
compound_90p_2d,0,0,0,0,0,1975,4
compound_90p_2d,3,1,10.5690019,3,3,1975,5
compound_90p_2d,0,0,0,0,0,1975,6
compound_90p_2d,0,0,0,0,0,1975,7
compound_90p_2d,0,0,0,0,0,1975,8
compound_90p_2d,0,0,0,0,0,1975,9
compound_90p_2d,0,0,0,0,0,1975,10
compound_90p_2d,0,0,0,0,0,1975,11
compound_90p_2d,0,0,0,0,0,1975,12
compound_90p_2d,0,0,0,0,0,1976,1
compound_90p_2d,0,0,0,0,0,1976,2
compound_90p_2d,0,0,0,0,0,1976,3
compound_90p_2d,0,0,0,0,0,1976,4
compound_90p_2d,0,0,0,0,0,1976,5
compound_90p_2d,0,0,0,0,0,1976,6
compound_90p_2d,0,0,0,0,0,1976,7
compound_90p_2d,0,0,0,0,0,1976,8
compound_90p_2d,0,0,0,0,0,1976,9
compound_90p_2d,0,0,0,0,0,1976,10
compound_90p_2d,0,0,0,0,0,1976,11
compound_90p_2d,0,0,0,0,0,1976,12
compound_90p_2d,0,0,0,0,0,1977,1
compound_90p_2d,0,0,0,0,0,1977,2
compound_90p_2d,0,0,0,0,0,1977,3
compound_90p_2d,0,0,0,0,0,1977,4
compound_90p_2d,0,0,0,0,0,1977,5
compound_90p_2d,0,0,0,0,0,1977,6
compound_90p_2d,0,0,0,0,0,1977,7
compound_90p_2d,0,0,0,0,0,1977,8
compound_90p_2d,2,1,1.606,2,2,1977,9
compound_90p_2d,0,0,0,0,0,1977,10
compound_90p_2d,0,0,0,0,0,1977,11
compound_90p_2d,0,0,0,0,0,1977,12
compound_90p_2d,0,0,0,0,0,1978,1
compound_90p_2d,0,0,0,0,0,1978,2
compound_90p_2d,0,0,0,0,0,1978,3
compound_90p_2d,0,0,0,0,0,1978,4
compound_90p_2d,0,0,0,0,0,1978,5
compound_90p_2d,0,0,0,0,0,1978,6
compound_90p_2d,0,0,0,0,0,1978,7
compound_90p_2d,0,0,0,0,0,1978,8
compound_90p_2d,0,0,0,0,0,1978,9
compound_90p_2d,0,0,0,0,0,1978,10
compound_90p_2d,3,1,2.09,3,3,1978,11
compound_90p_2d,0,0,0,0,0,1978,12
compound_90p_2d,0,0,0,0,0,1979,1
compound_90p_2d,0,0,0,0,0,1979,2
compound_90p_2d,0,0,0,0,0,1979,3
compound_90p_2d,0,0,0,0,0,1979,4
compound_90p_2d,6,2,20.8830009,3,4,1979,5
compound_90p_2d,8,2,24.0910042,4,5,1979,6
compound_90p_2d,0,0,0,0,0,1979,7
compound_90p_2d,3,1,4.099995,3,3,1979,8
compound_90p_2d,0,0,0,0,0,1979,9
compound_90p_2d,0,0,0,0,0,1979,10
compound_90p_2d,5,1,7.0149983,5,5,1979,11
compound_90p_2d,0,0,0,0,0,1979,12
compound_90p_2d,0,0,0,0,0,1980,1
compound_90p_2d,0,0,0,0,0,1980,2
compound_90p_2d,0,0,0,0,0,1980,3
compound_90p_2d,2,1,1.384002,2,2,1980,4
compound_90p_2d,0,0,0,0,0,1980,5
compound_90p_2d,0,0,0,0,0,1980,6
compound_90p_2d,0,0,0,0,0,1980,7
compound_90p_2d,0,0,0,0,0,1980,8
compound_90p_2d,0,0,0,0,0,1980,9
compound_90p_2d,0,0,0,0,0,1980,10
compound_90p_2d,0,0,0,0,0,1980,11
compound_90p_2d,0,0,0,0,0,1980,12
compound_90p_2d,0,0,0,0,0,1981,1
compound_90p_2d,0,0,0,0,0,1981,2
compound_90p_2d,0,0,0,0,0,1981,3
compound_90p_2d,0,0,0,0,0,1981,4
compound_90p_2d,0,0,0,0,0,1981,5
compound_90p_2d,2,1,0.749996,2,2,1981,6
compound_90p_2d,0,0,0,0,0,1981,7
compound_90p_2d,0,0,0,0,0,1981,8
compound_90p_2d,0,0,0,0,0,1981,9
compound_90p_2d,0,0,0,0,0,1981,10
compound_90p_2d,0,0,0,0,0,1981,11
compound_90p_2d,0,0,0,0,0,1981,12
compound_90p_2d,0,0,0,0,0,1982,1
compound_90p_2d,0,0,0,0,0,1982,2
compound_90p_2d,0,0,0,0,0,1982,3
compound_90p_2d,0,0,0,0,0,1982,4
compound_90p_2d,0,0,0,0,0,1982,5
compound_90p_2d,0,0,0,0,0,1982,6
compound_90p_2d,0,0,0,0,0,1982,7
compound_90p_2d,0,0,0,0,0,1982,8
compound_90p_2d,0,0,0,0,0,1982,9
compound_90p_2d,0,0,0,0,0,1982,10
compound_90p_2d,0,0,0,0,0,1982,11
compound_90p_2d,0,0,0,0,0,1982,12
compound_90p_2d,0,0,0,0,0,1983,1
compound_90p_2d,0,0,0,0,0,1983,2
compound_90p_2d,0,0,0,0,0,1983,3
compound_90p_2d,0,0,0,0,0,1983,4
compound_90p_2d,0,0,0,0,0,1983,5
compound_90p_2d,0,0,0,0,0,1983,6
compound_90p_2d,3,1,2.229999,3,3,1983,7
compound_90p_2d,0,0,0,0,0,1983,8
compound_90p_2d,0,0,0,0,0,1983,9
compound_90p_2d,0,0,0,0,0,1983,10
compound_90p_2d,0,0,0,0,0,1983,11
compound_90p_2d,0,0,0,0,0,1983,12
compound_90p_2d,0,0,0,0,0,1984,1
compound_90p_2d,0,0,0,0,0,1984,2
compound_90p_2d,0,0,0,0,0,1984,3
compound_90p_2d,0,0,0,0,0,1984,4
compound_90p_2d,0,0,0,0,0,1984,5
compound_90p_2d,0,0,0,0,0,1984,6
compound_90p_2d,0,0,0,0,0,1984,7
compound_90p_2d,0,0,0,0,0,1984,8
compound_90p_2d,0,0,0,0,0,1984,9
compound_90p_2d,0,0,0,0,0,1984,10
compound_90p_2d,0,0,0,0,0,1984,11
compound_90p_2d,0,0,0,0,0,1984,12
compound_90p_2d,0,0,0,0,0,1985,1
compound_90p_2d,0,0,0,0,0,1985,2
compound_90p_2d,3,1,1.3309979,3,3,1985,3
compound_90p_2d,0,0,0,0,0,1985,4
compound_90p_2d,0,0,0,0,0,1985,5
compound_90p_2d,0,0,0,0,0,1985,6
compound_90p_2d,0,0,0,0,0,1985,7
compound_90p_2d,0,0,0,0,0,1985,8
compound_90p_2d,0,0,0,0,0,1985,9
compound_90p_2d,0,0,0,0,0,1985,10
compound_90p_2d,0,0,0,0,0,1985,11
compound_90p_2d,4,2,1.279001,2,2,1985,12
compound_90p_2d,2,1,0.6369992,2,2,1986,1
compound_90p_2d,0,0,0,0,0,1986,2
compound_90p_2d,0,0,0,0,0,1986,3
compound_90p_2d,0,0,0,0,0,1986,4
compound_90p_2d,0,0,0,0,0,1986,5
compound_90p_2d,2,1,0.8550047,2,2,1986,6
compound_90p_2d,0,0,0,0,0,1986,7
compound_90p_2d,0,0,0,0,0,1986,8
compound_90p_2d,0,0,0,0,0,1986,9
compound_90p_2d,0,0,0,0,0,1986,10
compound_90p_2d,0,0,0,0,0,1986,11
compound_90p_2d,0,0,0,0,0,1986,12
compound_90p_2d,2,1,1.5869999,2,2,1987,1
compound_90p_2d,0,0,0,0,0,1987,2
compound_90p_2d,0,0,0,0,0,1987,3
compound_90p_2d,3,1,4.7599961,3,3,1987,4
compound_90p_2d,3,1,2.7070064,3,3,1987,5
compound_90p_2d,7,2,3.4459973,3.5,4,1987,6
compound_90p_2d,0,0,0,0,0,1987,7
compound_90p_2d,0,0,0,0,0,1987,8
compound_90p_2d,0,0,0,0,0,1987,9
compound_90p_2d,0,0,0,0,0,1987,10
compound_90p_2d,0,0,0,0,0,1987,11
compound_90p_2d,0,0,0,0,0,1987,12
compound_90p_2d,0,0,0,0,0,1988,1
compound_90p_2d,0,0,0,0,0,1988,2
compound_90p_2d,0,0,0,0,0,1988,3
compound_90p_2d,0,0,0,0,0,1988,4
compound_90p_2d,0,0,0,0,0,1988,5
compound_90p_2d,0,0,0,0,0,1988,6
compound_90p_2d,0,0,0,0,0,1988,7
compound_90p_2d,0,0,0,0,0,1988,8
compound_90p_2d,0,0,0,0,0,1988,9
compound_90p_2d,0,0,0,0,0,1988,10
compound_90p_2d,0,0,0,0,0,1988,11
compound_90p_2d,0,0,0,0,0,1988,12
compound_90p_2d,0,0,0,0,0,1989,1
compound_90p_2d,0,0,0,0,0,1989,2
compound_90p_2d,0,0,0,0,0,1989,3
compound_90p_2d,0,0,0,0,0,1989,4
compound_90p_2d,0,0,0,0,0,1989,5
compound_90p_2d,0,0,0,0,0,1989,6
compound_90p_2d,0,0,0,0,0,1989,7
compound_90p_2d,0,0,0,0,0,1989,8
compound_90p_2d,0,0,0,0,0,1989,9
compound_90p_2d,0,0,0,0,0,1989,10
compound_90p_2d,0,0,0,0,0,1989,11
compound_90p_2d,0,0,0,0,0,1989,12
compound_90p_2d,3,1,2.6239993,3,3,1990,1
compound_90p_2d,0,0,0,0,0,1990,2
compound_90p_2d,0,0,0,0,0,1990,3
compound_90p_2d,0,0,0,0,0,1990,4
compound_90p_2d,0,0,0,0,0,1990,5
compound_90p_2d,0,0,0,0,0,1990,6
compound_90p_2d,0,0,0,0,0,1990,7
compound_90p_2d,0,0,0,0,0,1990,8
compound_90p_2d,0,0,0,0,0,1990,9
compound_90p_2d,0,0,0,0,0,1990,10
compound_90p_2d,0,0,0,0,0,1990,11
compound_90p_2d,0,0,0,0,0,1990,12
compound_90p_2d,0,0,0,0,0,1991,1
compound_90p_2d,0,0,0,0,0,1991,2
compound_90p_2d,2,1,1.6280009,2,2,1991,3
compound_90p_2d,0,0,0,0,0,1991,4
compound_90p_2d,0,0,0,0,0,1991,5
compound_90p_2d,0,0,0,0,0,1991,6
compound_90p_2d,0,0,0,0,0,1991,7
compound_90p_2d,0,0,0,0,0,1991,8
compound_90p_2d,0,0,0,0,0,1991,9
compound_90p_2d,0,0,0,0,0,1991,10
compound_90p_2d,0,0,0,0,0,1991,11
compound_90p_2d,0,0,0,0,0,1991,12
compound_90p_2d,0,0,0,0,0,1992,1
compound_90p_2d,0,0,0,0,0,1992,2
compound_90p_2d,0,0,0,0,0,1992,3
compound_90p_2d,0,0,0,0,0,1992,4
compound_90p_2d,0,0,0,0,0,1992,5
compound_90p_2d,0,0,0,0,0,1992,6
compound_90p_2d,0,0,0,0,0,1992,7
compound_90p_2d,4,2,2.8759969,2,2,1992,8
compound_90p_2d,0,0,0,0,0,1992,9
compound_90p_2d,0,0,0,0,0,1992,10
compound_90p_2d,0,0,0,0,0,1992,11
compound_90p_2d,0,0,0,0,0,1992,12
compound_90p_2d,0,0,0,0,0,1993,1
compound_90p_2d,5,1,4.9580028,5,5,1993,2
compound_90p_2d,0,0,0,0,0,1993,3
compound_90p_2d,0,0,0,0,0,1993,4
compound_90p_2d,0,0,0,0,0,1993,5
compound_90p_2d,0,0,0,0,0,1993,6
compound_90p_2d,0,0,0,0,0,1993,7
compound_90p_2d,0,0,0,0,0,1993,8
compound_90p_2d,0,0,0,0,0,1993,9
compound_90p_2d,0,0,0,0,0,1993,10
compound_90p_2d,0,0,0,0,0,1993,11
compound_90p_2d,0,0,0,0,0,1993,12
compound_90p_2d,2,1,2.6790009,2,2,1994,1
compound_90p_2d,0,0,0,0,0,1994,2
compound_90p_2d,0,0,0,0,0,1994,3
compound_90p_2d,0,0,0,0,0,1994,4
compound_90p_2d,3,1,0.4900038,3,3,1994,5
compound_90p_2d,0,0,0,0,0,1994,6
compound_90p_2d,0,0,0,0,0,1994,7
compound_90p_2d,0,0,0,0,0,1994,8
compound_90p_2d,0,0,0,0,0,1994,9
compound_90p_2d,0,0,0,0,0,1994,10
compound_90p_2d,0,0,0,0,0,1994,11
compound_90p_2d,0,0,0,0,0,1994,12
compound_90p_2d,0,0,0,0,0,1995,1
compound_90p_2d,0,0,0,0,0,1995,2
compound_90p_2d,0,0,0,0,0,1995,3
compound_90p_2d,1,1,4.2289944,5,5,1995,4
compound_90p_2d,4,0,0,0,0,1995,5
compound_90p_2d,0,0,0,0,0,1995,6
compound_90p_2d,0,0,0,0,0,1995,7
compound_90p_2d,0,0,0,0,0,1995,8
compound_90p_2d,2,1,0.5270022,2,2,1995,9
compound_90p_2d,0,0,0,0,0,1995,10
compound_90p_2d,0,0,0,0,0,1995,11
compound_90p_2d,0,0,0,0,0,1995,12
compound_90p_2d,0,0,0,0,0,1996,1
compound_90p_2d,0,0,0,0,0,1996,2
compound_90p_2d,0,0,0,0,0,1996,3
compound_90p_2d,3,1,2.249995,3,3,1996,4
compound_90p_2d,0,0,0,0,0,1996,5
compound_90p_2d,0,0,0,0,0,1996,6
compound_90p_2d,0,0,0,0,0,1996,7
compound_90p_2d,0,0,0,0,0,1996,8
compound_90p_2d,3,1,4.5550011,3,3,1996,9
compound_90p_2d,0,0,0,0,0,1996,10
compound_90p_2d,2,1,0.960003,2,2,1996,11
compound_90p_2d,0,0,0,0,0,1996,12
compound_90p_2d,0,0,0,0,0,1997,1
compound_90p_2d,0,0,0,0,0,1997,2
compound_90p_2d,0,0,0,0,0,1997,3
compound_90p_2d,0,0,0,0,0,1997,4
compound_90p_2d,0,0,0,0,0,1997,5
compound_90p_2d,0,0,0,0,0,1997,6
compound_90p_2d,0,0,0,0,0,1997,7
compound_90p_2d,2,1,1.6469977,2,2,1997,8
compound_90p_2d,0,0,0,0,0,1997,9
compound_90p_2d,0,0,0,0,0,1997,10
compound_90p_2d,0,0,0,0,0,1997,11
compound_90p_2d,0,0,0,0,0,1997,12
compound_90p_2d,0,0,0,0,0,1998,1
compound_90p_2d,0,0,0,0,0,1998,2
compound_90p_2d,0,0,0,0,0,1998,3
compound_90p_2d,0,0,0,0,0,1998,4
compound_90p_2d,0,0,0,0,0,1998,5
compound_90p_2d,0,0,0,0,0,1998,6
compound_90p_2d,0,0,0,0,0,1998,7
compound_90p_2d,0,0,0,0,0,1998,8
compound_90p_2d,0,0,0,0,0,1998,9
compound_90p_2d,14,3,8.9550039,4.666666667,10,1998,10
compound_90p_2d,6,1,8.9720049,6,6,1998,11
compound_90p_2d,0,0,0,0,0,1998,12
compound_90p_2d,0,0,0,0,0,1999,1
compound_90p_2d,0,0,0,0,0,1999,2
compound_90p_2d,0,0,0,0,0,1999,3
compound_90p_2d,5,1,1.6920007,5,5,1999,4
compound_90p_2d,4,2,3.1400018,2.5,3,1999,5
compound_90p_2d,1,0,0,0,0,1999,6
compound_90p_2d,0,0,0,0,0,1999,7
compound_90p_2d,0,0,0,0,0,1999,8
compound_90p_2d,0,0,0,0,0,1999,9
compound_90p_2d,0,0,0,0,0,1999,10
compound_90p_2d,0,0,0,0,0,1999,11
compound_90p_2d,0,0,0,0,0,1999,12
compound_90p_2d,0,0,0,0,0,2000,1
compound_90p_2d,0,0,0,0,0,2000,2
compound_90p_2d,0,0,0,0,0,2000,3
compound_90p_2d,0,0,0,0,0,2000,4
compound_90p_2d,0,0,0,0,0,2000,5
compound_90p_2d,0,0,0,0,0,2000,6
compound_90p_2d,3,1,3.6430021,3,3,2000,7
compound_90p_2d,2,1,1.4870011,2,2,2000,8
compound_90p_2d,0,0,0,0,0,2000,9
compound_90p_2d,2,1,2.257999,2,2,2000,10
compound_90p_2d,0,0,0,0,0,2000,11
compound_90p_2d,0,0,0,0,0,2000,12
compound_90p_2d,0,0,0,0,0,2001,1
compound_90p_2d,0,0,0,0,0,2001,2
compound_90p_2d,0,0,0,0,0,2001,3
compound_90p_2d,0,0,0,0,0,2001,4
compound_90p_2d,0,0,0,0,0,2001,5
compound_90p_2d,0,0,0,0,0,2001,6
compound_90p_2d,2,1,0.8780004,2,2,2001,7
compound_90p_2d,2,1,0.1989972,2,2,2001,8
compound_90p_2d,2,1,1.9159989,2,2,2001,9
compound_90p_2d,0,0,0,0,0,2001,10
compound_90p_2d,0,0,0,0,0,2001,11
compound_90p_2d,0,0,0,0,0,2001,12
compound_90p_2d,3,1,1.292999,3,3,2002,1
compound_90p_2d,0,0,0,0,0,2002,2
compound_90p_2d,0,0,0,0,0,2002,3
compound_90p_2d,0,0,0,0,0,2002,4
compound_90p_2d,0,0,0,0,0,2002,5
compound_90p_2d,0,0,0,0,0,2002,6
compound_90p_2d,0,0,0,0,0,2002,7
compound_90p_2d,0,0,0,0,0,2002,8
compound_90p_2d,0,0,0,0,0,2002,9
compound_90p_2d,0,0,0,0,0,2002,10
compound_90p_2d,2,1,0.599,2,2,2002,11
compound_90p_2d,0,0,0,0,0,2002,12
compound_90p_2d,0,0,0,0,0,2003,1
compound_90p_2d,0,0,0,0,0,2003,2
compound_90p_2d,0,0,0,0,0,2003,3
compound_90p_2d,0,0,0,0,0,2003,4
compound_90p_2d,0,0,0,0,0,2003,5
compound_90p_2d,0,0,0,0,0,2003,6
compound_90p_2d,0,0,0,0,0,2003,7
compound_90p_2d,3,1,3.0149975,3,3,2003,8
compound_90p_2d,0,0,0,0,0,2003,9
compound_90p_2d,0,0,0,0,0,2003,10
compound_90p_2d,0,0,0,0,0,2003,11
compound_90p_2d,0,0,0,0,0,2003,12
compound_90p_2d,0,0,0,0,0,2004,1
compound_90p_2d,0,0,0,0,0,2004,2
compound_90p_2d,2,1,0.8890002,2,2,2004,3
compound_90p_2d,0,0,0,0,0,2004,4
compound_90p_2d,0,0,0,0,0,2004,5
compound_90p_2d,0,0,0,0,0,2004,6
compound_90p_2d,0,0,0,0,0,2004,7
compound_90p_2d,0,0,0,0,0,2004,8
compound_90p_2d,0,0,0,0,0,2004,9
compound_90p_2d,0,0,0,0,0,2004,10
compound_90p_2d,0,0,0,0,0,2004,11
compound_90p_2d,0,0,0,0,0,2004,12
compound_90p_2d,0,0,0,0,0,2005,1
compound_90p_2d,0,0,0,0,0,2005,2
compound_90p_2d,0,0,0,0,0,2005,3
compound_90p_2d,0,0,0,0,0,2005,4
compound_90p_2d,0,0,0,0,0,2005,5
compound_90p_2d,2,1,1.45,2,2,2005,6
compound_90p_2d,0,0,0,0,0,2005,7
compound_90p_2d,0,0,0,0,0,2005,8
compound_90p_2d,0,0,0,0,0,2005,9
compound_90p_2d,2,1,1.1739998,2,2,2005,10
compound_90p_2d,0,0,0,0,0,2005,11
compound_90p_2d,0,0,0,0,0,2005,12
compound_90p_2d,2,1,1.8269989,2,2,2006,1
compound_90p_2d,10,2,13.8059972,5,7,2006,2
compound_90p_2d,0,0,0,0,0,2006,3
compound_90p_2d,0,0,0,0,0,2006,4
compound_90p_2d,0,0,0,0,0,2006,5
compound_90p_2d,1,1,2.5329976,3,3,2006,6
compound_90p_2d,2,0,0,0,0,2006,7
compound_90p_2d,0,0,0,0,0,2006,8
compound_90p_2d,0,0,0,0,0,2006,9
compound_90p_2d,0,0,0,0,0,2006,10
compound_90p_2d,0,0,0,0,0,2006,11
compound_90p_2d,0,0,0,0,0,2006,12
compound_90p_2d,0,0,0,0,0,2007,1
compound_90p_2d,0,0,0,0,0,2007,2
compound_90p_2d,0,0,0,0,0,2007,3
compound_90p_2d,2,1,0.463001,2,2,2007,4
compound_90p_2d,2,1,1.4280036,2,2,2007,5
compound_90p_2d,2,1,2.5259992,2,2,2007,6
compound_90p_2d,5,1,1.6089998,5,5,2007,7
compound_90p_2d,3,2,3.2639998,2,2,2007,8
compound_90p_2d,1,0,0,0,0,2007,9
compound_90p_2d,4,1,2.0529961,4,4,2007,10
compound_90p_2d,0,0,0,0,0,2007,11
compound_90p_2d,0,0,0,0,0,2007,12
compound_90p_2d,0,0,0,0,0,2008,1
compound_90p_2d,0,0,0,0,0,2008,2
compound_90p_2d,0,0,0,0,0,2008,3
compound_90p_2d,2,1,0.4949961,2,2,2008,4
compound_90p_2d,0,0,0,0,0,2008,5
compound_90p_2d,0,0,0,0,0,2008,6
compound_90p_2d,0,0,0,0,0,2008,7
compound_90p_2d,0,0,0,0,0,2008,8
compound_90p_2d,0,0,0,0,0,2008,9
compound_90p_2d,0,0,0,0,0,2008,10
compound_90p_2d,0,0,0,0,0,2008,11
compound_90p_2d,8,1,4.7090002,8,8,2008,12
compound_90p_2d,0,0,0,0,0,2009,1
compound_90p_2d,3,1,3.6360032,3,3,2009,2
compound_90p_2d,0,0,0,0,0,2009,3
compound_90p_2d,3,1,1.0459998,3,3,2009,4
compound_90p_2d,2,1,4.5140008,2,2,2009,5
compound_90p_2d,10,1,10.4309972,10,10,2009,6
compound_90p_2d,6,2,4.3919937,3,3,2009,7
compound_90p_2d,0,0,0,0,0,2009,8
compound_90p_2d,6,2,6.3299974,3.5,5,2009,9
compound_90p_2d,1,0,0,0,0,2009,10
compound_90p_2d,5,2,7.2209977,2.5,3,2009,11
compound_90p_2d,0,0,0,0,0,2009,12
compound_90p_2d,0,0,0,0,0,2010,1
compound_90p_2d,0,0,0,0,0,2010,2
compound_90p_2d,8,3,5.9999978,2.666666667,3,2010,3
compound_90p_2d,11,2,9.470996,5.5,7,2010,4
compound_90p_2d,4,1,3.2500013,4,4,2010,5
compound_90p_2d,2,1,0.8790012,2,2,2010,6
compound_90p_2d,6,2,4.2250026,3,4,2010,7
compound_90p_2d,3,1,3.2859981,3,3,2010,8
compound_90p_2d,0,0,0,0,0,2010,9
compound_90p_2d,7,2,5.7080048,3.5,4,2010,10
compound_90p_2d,2,1,0.448001,2,2,2010,11
compound_90p_2d,0,0,0,0,0,2010,12
compound_90p_2d,0,0,0,0,0,2011,1
compound_90p_2d,0,0,0,0,0,2011,2
compound_90p_2d,0,0,0,0,0,2011,3
compound_90p_2d,0,0,0,0,0,2011,4
compound_90p_2d,0,0,0,0,0,2011,5
compound_90p_2d,0,0,0,0,0,2011,6
compound_90p_2d,6,3,7.4639939,2.666666667,3,2011,7
compound_90p_2d,2,0,0,0,0,2011,8
compound_90p_2d,2,1,2.6779999,2,2,2011,9
compound_90p_2d,0,0,0,0,0,2011,10
compound_90p_2d,0,0,0,0,0,2011,11
compound_90p_2d,2,1,4.0669999,2,2,2011,12
compound_90p_2d,0,0,0,0,0,2012,1
compound_90p_2d,0,0,0,0,0,2012,2
compound_90p_2d,2,1,2.172,2,2,2012,3
compound_90p_2d,0,0,0,0,0,2012,4
compound_90p_2d,0,0,0,0,0,2012,5
compound_90p_2d,4,2,2.534998,2.5,3,2012,6
compound_90p_2d,1,0,0,0,0,2012,7
compound_90p_2d,0,0,0,0,0,2012,8
compound_90p_2d,4,2,1.0670007,2,2,2012,9
compound_90p_2d,0,0,0,0,0,2012,10
compound_90p_2d,0,0,0,0,0,2012,11
compound_90p_2d,0,0,0,0,0,2012,12
compound_90p_2d,0,0,0,0,0,2013,1
compound_90p_2d,0,0,0,0,0,2013,2
compound_90p_2d,0,0,0,0,0,2013,3
compound_90p_2d,0,0,0,0,0,2013,4
compound_90p_2d,0,0,0,0,0,2013,5
compound_90p_2d,3,1,4.2590032,3,3,2013,6
compound_90p_2d,3,1,2.0979992,3,3,2013,7
compound_90p_2d,4,2,2.6840028,2,2,2013,8
compound_90p_2d,3,1,3.3279979,3,3,2013,9
compound_90p_2d,0,0,0,0,0,2013,10
compound_90p_2d,0,0,0,0,0,2013,11
compound_90p_2d,0,0,0,0,0,2013,12
compound_90p_2d,0,0,0,0,0,2014,1
compound_90p_2d,0,0,0,0,0,2014,2
compound_90p_2d,0,0,0,0,0,2014,3
compound_90p_2d,0,0,0,0,0,2014,4
compound_90p_2d,9,2,10.5239972,4.5,7,2014,5
compound_90p_2d,2,1,0.4379989,2,2,2014,6
compound_90p_2d,11,3,11.8639888,4.333333333,8,2014,7
compound_90p_2d,2,0,0,0,0,2014,8
compound_90p_2d,2,1,1.7170017,2,2,2014,9
compound_90p_2d,0,0,0,0,0,2014,10
compound_90p_2d,0,0,0,0,0,2014,11
compound_90p_2d,0,0,0,0,0,2014,12
compound_90p_2d,2,1,4.2269999,2,2,2015,1
compound_90p_2d,0,0,0,0,0,2015,2
compound_90p_2d,0,0,0,0,0,2015,3
compound_90p_2d,0,0,0,0,0,2015,4
compound_90p_2d,0,0,0,0,0,2015,5
compound_90p_2d,2,1,0.9440002,2,2,2015,6
compound_90p_2d,2,1,3.190003,2,2,2015,7
compound_90p_2d,3,1,1.0179982,3,3,2015,8
compound_90p_2d,6,3,9.6610021,2.333333333,3,2015,9
compound_90p_2d,1,0,0,0,0,2015,10
compound_90p_2d,1,1,0.2170009,2,2,2015,11
compound_90p_2d,1,0,0,0,0,2015,12
compound_90p_2d,0,0,0,0,0,2016,1
compound_90p_2d,5,1,7.9380009,5,5,2016,2
compound_90p_2d,0,0,0,0,0,2016,3
compound_90p_2d,4,2,3.272995,2,2,2016,4
compound_90p_2d,0,0,0,0,0,2016,5
compound_90p_2d,5,1,5.4049974,5,5,2016,6
compound_90p_2d,0,0,0,0,0,2016,7
compound_90p_2d,11,5,9.8180032,2.2,3,2016,8
compound_90p_2d,4,2,6.2159997,4,6,2016,9
compound_90p_2d,5,1,6.0050028,4,4,2016,10
compound_90p_2d,3,0,0,0,0,2016,11
compound_90p_2d,4,1,2.5360019,4,4,2016,12
compound_90p_2d,0,0,0,0,0,2017,1
compound_90p_2d,0,0,0,0,0,2017,2
compound_90p_2d,0,0,0,0,0,2017,3
compound_90p_2d,0,0,0,0,0,2017,4
compound_90p_2d,3,1,1.2300022,3,3,2017,5
compound_90p_2d,2,1,0.4460012,2,2,2017,6
compound_90p_2d,3,2,2.3240019,2,2,2017,7
compound_90p_2d,5,2,3.1519993,2,2,2017,8
compound_90p_2d,11,3,9.1050069,3.666666667,5,2017,9
compound_90p_2d,11,2,10.1350027,5.5,7,2017,10
compound_90p_2d,0,0,0,0,0,2017,11
compound_90p_2d,0,0,0,0,0,2017,12
compound_90p_2d,0,0,0,0,0,2018,1
compound_90p_2d,0,0,0,0,0,2018,2
compound_90p_2d,0,0,0,0,0,2018,3
compound_90p_2d,0,0,0,0,0,2018,4
compound_90p_2d,0,0,0,0,0,2018,5
compound_90p_2d,2,1,1.1889992,2,2,2018,6
compound_90p_2d,7,3,8.4160015,2.333333333,3,2018,7
compound_90p_2d,9,2,8.3059932,4.5,6,2018,8
compound_90p_2d,8,2,13.266002,4,5,2018,9
compound_90p_2d,0,0,0,0,0,2018,10
compound_90p_2d,0,0,0,0,0,2018,11
compound_90p_2d,0,0,0,0,0,2018,12
compound_90p_2d,0,0,0,0,0,2019,1
compound_90p_2d,0,0,0,0,0,2019,2
compound_90p_2d,0,0,0,0,0,2019,3
compound_90p_2d,1,1,0.322999,2,2,2019,4
compound_90p_2d,6,2,2.7680027,2.5,3,2019,5
compound_90p_2d,8,3,15.2300009,3,4,2019,6
compound_90p_2d,7,1,10.0939992,6,6,2019,7
compound_90p_2d,14,4,25.9650018,4.25,9,2019,8
compound_90p_2d,8,1,4.7680018,5,5,2019,9
compound_90p_2d,4,1,3.5029971,4,4,2019,10
compound_90p_2d,0,0,0,0,0,2019,11
compound_90p_2d,0,0,0,0,0,2019,12
compound_90p_2d,0,0,0,0,0,2020,1
compound_90p_2d,0,0,0,0,0,2020,2
compound_90p_2d,0,0,0,0,0,2020,3
compound_90p_2d,0,0,0,0,0,2020,4
compound_90p_2d,0,0,0,0,0,2020,5
compound_90p_2d,2,1,2.7660013,2,2,2020,6
compound_90p_2d,5,2,9.1920043,4,5,2020,7
compound_90p_2d,9,2,3.4640005,3,4,2020,8
compound_90p_2d,9,4,12.5489998,2.25,3,2020,9
compound_90p_2d,17,3,20.5390054,5.666666667,10,2020,10
compound_90p_2d,0,0,0,0,0,2020,11
compound_90p_2d,0,0,0,0,0,2020,12
compound_90p_2d,5,1,7.6359981,5,5,2021,1
compound_90p_2d,3,1,2.625999,3,3,2021,2
compound_90p_2d,0,0,0,0,0,2021,3
compound_90p_2d,0,0,0,0,0,2021,4
compound_90p_2d,2,1,2.9839983,2,2,2021,5
compound_90p_2d,0,0,0,0,0,2021,6
compound_90p_2d,6,3,5.7449994,2,2,2021,7
compound_90p_2d,0,0,0,0,0,2021,8
compound_90p_2d,12,4,15.2500028,3.5,4,2021,9
compound_90p_2d,13,2,16.9000039,5.5,7,2021,10
compound_90p_2d,0,0,0,0,0,2021,11
compound_90p_2d,0,0,0,0,0,2021,12
compound_90p_2d,0,0,0,0,0,2022,1
compound_90p_2d,0,0,0,0,0,2022,2
compound_90p_2d,0,0,0,0,0,2022,3
compound_90p_2d,0,0,0,0,0,2022,4
compound_90p_2d,0,0,0,0,0,2022,5
compound_90p_2d,0,0,0,0,0,2022,6
compound_90p_2d,14,2,14.4969974,7,12,2022,7
compound_90p_2d,7,3,9.1199973,2.666666667,4,2022,8
compound_90p_2d,4,1,5.7760002,3,3,2022,9
compound_90p_2d,3,1,1.313,3,3,2022,10
compound_90p_2d,0,0,0,0,0,2022,11
compound_90p_2d,0,0,0,0,0,2022,12
compound_90p_2d,2,1,1.0860009,2,2,2023,1
compound_90p_2d,0,0,0,0,0,2023,2
compound_90p_2d,0,0,0,0,0,2023,3
compound_90p_2d,5,1,9.150994,5,5,2023,4
compound_90p_2d,4,2,29.3120007,5.5,8,2023,5
compound_90p_2d,7,0,0,0,0,2023,6
compound_90p_2d,16,3,21.8729893,5.666666667,9,2023,7
compound_90p_2d,9,2,11.4989975,4.5,5,2023,8
compound_90p_2d,16,4,21.0579977,3.75,5,2023,9
compound_90p_2d,4,1,1.6459996,4,4,2023,10
compound_90p_2d,2,1,3.2759981,2,2,2023,11
compound_90p_2d,8,2,7.2730029,4,4,2023,12
compound_90p_2d,0,0,0,0,0,2024,1
compound_90p_2d,0,0,0,0,0,2024,2
compound_90p_2d,0,0,0,0,0,2024,3
compound_90p_2d,12,1,19.5719944,14,14,2024,4
compound_90p_2d,9,2,11.2429927,3.5,4,2024,5
compound_90p_2d,7,2,7.2030002,3.5,5,2024,6
compound_90p_2d,14,2,16.538989,7,8,2024,7
compound_90p_2d,6,2,7.9840009,3,3,2024,8
compound_90p_2d,16,4,24.0260038,4,7,2024,9
compound_90p_2d,5,1,5.8080039,6,6,2024,10
compound_90p_2d,1,0,0,0,0,2024,11
