model,feature_set,outer_fold,issue_date,feature_start,feature_end,target_start,target_end,label_available_date,lead,outcome,associated_event_id,raw_score,probability,threshold,predicted_class,calibration
logistic,S1,2014,2014-02-28,2014-02-22,2014-02-28,2014-03-01,2014-03-03,2014-03-03,1,0,,2.722040188e-07,2.30962615e-06,0.03949343439,0,temporal_sigmoid
logistic,S1,2014,2014-03-01,2014-02-23,2014-03-01,2014-03-02,2014-03-04,2014-03-04,1,0,,3.884025597e-06,6.300283065e-06,0.03949343439,0,temporal_sigmoid
logistic,S1,2014,2014-03-02,2014-02-24,2014-03-02,2014-03-03,2014-03-05,2014-03-05,1,0,,5.549131239e-07,2.30962615e-06,0.03949343439,0,temporal_sigmoid
logistic,S1,2014,2014-03-03,2014-02-25,2014-03-03,2014-03-04,2014-03-06,2014-03-06,1,0,,3.221315129e-06,5.486184985e-06,0.03949343439,0,temporal_sigmoid
logistic,S1,2014,2014-03-04,2014-02-26,2014-03-04,2014-03-05,2014-03-07,2014-03-07,1,0,,1.144386131e-06,2.551881698e-06,0.03949343439,0,temporal_sigmoid
logistic,S1,2014,2014-03-05,2014-02-27,2014-03-05,2014-03-06,2014-03-08,2014-03-08,1,0,,2.962313476e-06,5.156420152e-06,0.03949343439,0,temporal_sigmoid
logistic,S1,2014,2014-03-06,2014-02-28,2014-03-06,2014-03-07,2014-03-09,2014-03-09,1,0,,5.9363789e-07,2.30962615e-06,0.03949343439,0,temporal_sigmoid
logistic,S1,2014,2014-03-07,2014-03-01,2014-03-07,2014-03-08,2014-03-10,2014-03-10,1,0,,4.500036186e-07,2.30962615e-06,0.03949343439,0,temporal_sigmoid
logistic,S1,2014,2014-03-08,2014-03-02,2014-03-08,2014-03-09,2014-03-11,2014-03-11,1,0,,8.009833996e-07,2.30962615e-06,0.03949343439,0,temporal_sigmoid
logistic,S1,2014,2014-03-09,2014-03-03,2014-03-09,2014-03-10,2014-03-12,2014-03-12,1,0,,9.493202787e-07,2.30962615e-06,0.03949343439,0,temporal_sigmoid
logistic,S1,2014,2014-03-10,2014-03-04,2014-03-10,2014-03-11,2014-03-13,2014-03-13,1,0,,4.272316579e-06,6.760279565e-06,0.03949343439,0,temporal_sigmoid
logistic,S1,2014,2014-03-11,2014-03-05,2014-03-11,2014-03-12,2014-03-14,2014-03-14,1,0,,0.000105643006,7.249864279e-05,0.03949343439,0,temporal_sigmoid
logistic,S1,2014,2014-03-12,2014-03-06,2014-03-12,2014-03-13,2014-03-15,2014-03-15,1,0,,0.000734824276,0.0003043744747,0.03949343439,0,temporal_sigmoid
logistic,S1,2014,2014-03-13,2014-03-07,2014-03-13,2014-03-14,2014-03-16,2014-03-16,1,0,,0.001400369192,0.0004905309807,0.03949343439,0,temporal_sigmoid
logistic,S1,2014,2014-03-14,2014-03-08,2014-03-14,2014-03-15,2014-03-17,2014-03-17,1,0,,0.003117749855,0.0008874066279,0.03949343439,0,temporal_sigmoid
logistic,S1,2014,2014-03-15,2014-03-09,2014-03-15,2014-03-16,2014-03-18,2014-03-18,1,0,,0.001135702228,0.0004200748628,0.03949343439,0,temporal_sigmoid
logistic,S1,2014,2014-03-16,2014-03-10,2014-03-16,2014-03-17,2014-03-19,2014-03-19,1,0,,0.0006727338493,0.0002851288158,0.03949343439,0,temporal_sigmoid
logistic,S1,2014,2014-03-17,2014-03-11,2014-03-17,2014-03-18,2014-03-20,2014-03-20,1,0,,0.002061224145,0.0006530862121,0.03949343439,0,temporal_sigmoid
logistic,S1,2014,2014-03-18,2014-03-12,2014-03-18,2014-03-19,2014-03-21,2014-03-21,1,0,,0.007617497894,0.001722451187,0.03949343439,0,temporal_sigmoid
logistic,S1,2014,2014-03-19,2014-03-13,2014-03-19,2014-03-20,2014-03-22,2014-03-22,1,0,,0.008035366974,0.001792276846,0.03949343439,0,temporal_sigmoid
logistic,S1,2014,2014-03-20,2014-03-14,2014-03-20,2014-03-21,2014-03-23,2014-03-23,1,0,,0.01993297923,0.003534550653,0.03949343439,0,temporal_sigmoid
logistic,S1,2014,2014-03-21,2014-03-15,2014-03-21,2014-03-22,2014-03-24,2014-03-24,1,0,,0.009476495286,0.002026538679,0.03949343439,0,temporal_sigmoid
logistic,S1,2014,2014-03-22,2014-03-16,2014-03-22,2014-03-23,2014-03-25,2014-03-25,1,0,,0.01151563499,0.00234356325,0.03949343439,0,temporal_sigmoid
logistic,S1,2014,2014-03-23,2014-03-17,2014-03-23,2014-03-24,2014-03-26,2014-03-26,1,0,,0.0001457111339,9.196395103e-05,0.03949343439,0,temporal_sigmoid
logistic,S1,2014,2014-03-24,2014-03-18,2014-03-24,2014-03-25,2014-03-27,2014-03-27,1,0,,0.0004299147039,0.0002047289359,0.03949343439,0,temporal_sigmoid
logistic,S1,2014,2014-03-25,2014-03-19,2014-03-25,2014-03-26,2014-03-28,2014-03-28,1,0,,0.0004797521535,0.0002220328242,0.03949343439,0,temporal_sigmoid
logistic,S1,2014,2014-03-26,2014-03-20,2014-03-26,2014-03-27,2014-03-29,2014-03-29,1,0,,0.01869873279,0.003368771414,0.03949343439,0,temporal_sigmoid
logistic,S1,2014,2014-03-27,2014-03-21,2014-03-27,2014-03-28,2014-03-30,2014-03-30,1,0,,0.1309108789,0.01535617816,0.03949343439,0,temporal_sigmoid
logistic,S1,2014,2014-03-28,2014-03-22,2014-03-28,2014-03-29,2014-03-31,2014-03-31,1,0,,0.5302530103,0.06469497065,0.03949343439,1,temporal_sigmoid
logistic,S1,2014,2014-03-29,2014-03-23,2014-03-29,2014-03-30,2014-04-01,2014-04-01,1,0,,0.6587675177,0.09327407695,0.03949343439,1,temporal_sigmoid
logistic,S1,2014,2014-03-30,2014-03-24,2014-03-30,2014-03-31,2014-04-02,2014-04-02,1,0,,0.5089814623,0.06098385062,0.03949343439,1,temporal_sigmoid
logistic,S1,2014,2014-03-31,2014-03-25,2014-03-31,2014-04-01,2014-04-03,2014-04-03,1,0,,0.4614828721,0.05340494668,0.03949343439,1,temporal_sigmoid
logistic,S1,2014,2014-04-01,2014-03-26,2014-04-01,2014-04-02,2014-04-04,2014-04-04,1,0,,0.2655605205,0.0289406185,0.03949343439,0,temporal_sigmoid
logistic,S1,2014,2014-04-02,2014-03-27,2014-04-02,2014-04-03,2014-04-05,2014-04-05,1,0,,0.7291731541,0.1162638404,0.03949343439,1,temporal_sigmoid
logistic,S1,2014,2014-04-03,2014-03-28,2014-04-03,2014-04-04,2014-04-06,2014-04-06,1,0,,0.6395635985,0.0881310778,0.03949343439,1,temporal_sigmoid
logistic,S1,2014,2014-04-04,2014-03-29,2014-04-04,2014-04-05,2014-04-07,2014-04-07,1,0,,0.001270590718,0.0004564593523,0.03949343439,0,temporal_sigmoid
logistic,S1,2014,2014-04-05,2014-03-30,2014-04-05,2014-04-06,2014-04-08,2014-04-08,1,0,,0.003389935091,0.000944211696,0.03949343439,0,temporal_sigmoid
logistic,S1,2014,2014-04-06,2014-03-31,2014-04-06,2014-04-07,2014-04-09,2014-04-09,1,0,,0.001043184834,0.0003944712175,0.03949343439,0,temporal_sigmoid
logistic,S1,2014,2014-04-07,2014-04-01,2014-04-07,2014-04-08,2014-04-10,2014-04-10,1,0,,0.08017942222,0.01029959461,0.03949343439,0,temporal_sigmoid
logistic,S1,2014,2014-04-08,2014-04-02,2014-04-08,2014-04-09,2014-04-11,2014-04-11,1,0,,0.2479073626,0.02707801925,0.03949343439,0,temporal_sigmoid
logistic,S1,2014,2014-04-09,2014-04-03,2014-04-09,2014-04-10,2014-04-12,2014-04-12,1,0,,0.1272528125,0.01499649264,0.03949343439,0,temporal_sigmoid
logistic,S1,2014,2014-04-10,2014-04-04,2014-04-10,2014-04-11,2014-04-13,2014-04-13,1,0,,0.0507100668,0.007192827203,0.03949343439,0,temporal_sigmoid
logistic,S1,2014,2014-04-11,2014-04-05,2014-04-11,2014-04-12,2014-04-14,2014-04-14,1,0,,0.03736029102,0.005687771334,0.03949343439,0,temporal_sigmoid
logistic,S1,2014,2014-04-12,2014-04-06,2014-04-12,2014-04-13,2014-04-15,2014-04-15,1,0,,0.01116043191,0.002289399188,0.03949343439,0,temporal_sigmoid
logistic,S1,2014,2014-04-13,2014-04-07,2014-04-13,2014-04-14,2014-04-16,2014-04-16,1,0,,0.01077719567,0.002230485802,0.03949343439,0,temporal_sigmoid
logistic,S1,2014,2014-04-14,2014-04-08,2014-04-14,2014-04-15,2014-04-17,2014-04-17,1,0,,0.0794191282,0.01022182992,0.03949343439,0,temporal_sigmoid
logistic,S1,2014,2014-04-15,2014-04-09,2014-04-15,2014-04-16,2014-04-18,2014-04-18,1,0,,0.5669496454,0.07165488201,0.03949343439,1,temporal_sigmoid
logistic,S1,2014,2014-04-16,2014-04-10,2014-04-16,2014-04-17,2014-04-19,2014-04-19,1,0,,0.9277350026,0.294610356,0.03949343439,1,temporal_sigmoid
logistic,S1,2014,2014-04-17,2014-04-11,2014-04-17,2014-04-18,2014-04-20,2014-04-20,1,0,,0.864721528,0.1995948263,0.03949343439,1,temporal_sigmoid
logistic,S1,2014,2014-04-18,2014-04-12,2014-04-18,2014-04-19,2014-04-21,2014-04-21,1,0,,0.9263044726,0.2913708848,0.03949343439,1,temporal_sigmoid
logistic,S1,2014,2014-04-19,2014-04-13,2014-04-19,2014-04-20,2014-04-22,2014-04-22,1,1,fixed36_0035,0.855163716,0.1903806701,0.03949343439,1,temporal_sigmoid
logistic,S1,2014,2014-04-20,2014-04-14,2014-04-20,2014-04-21,2014-04-23,2014-04-23,1,1,fixed36_0035,0.9880178168,0.6230283824,0.03949343439,1,temporal_sigmoid
logistic,S1,2014,2014-04-21,2014-04-15,2014-04-21,2014-04-22,2014-04-24,2014-04-24,1,1,fixed36_0035,0.9617482337,0.4070955409,0.03949343439,1,temporal_sigmoid
logistic,S1,2014,2014-04-22,2014-04-16,2014-04-22,2014-04-23,2014-04-25,2014-04-25,1,1,fixed36_0035,0.9877729372,0.6194646406,0.03949343439,1,temporal_sigmoid
logistic,S1,2014,2014-04-23,2014-04-17,2014-04-23,2014-04-24,2014-04-26,2014-04-26,1,1,fixed36_0035,0.9904413064,0.6618067157,0.03949343439,1,temporal_sigmoid
logistic,S1,2014,2014-04-24,2014-04-18,2014-04-24,2014-04-25,2014-04-27,2014-04-27,1,0,,0.9931924642,0.7159449338,0.03949343439,1,temporal_sigmoid
logistic,S1,2014,2014-04-25,2014-04-19,2014-04-25,2014-04-26,2014-04-28,2014-04-28,1,0,,0.9369749359,0.3176510674,0.03949343439,1,temporal_sigmoid
logistic,S1,2014,2014-04-26,2014-04-20,2014-04-26,2014-04-27,2014-04-29,2014-04-29,1,0,,0.9624480864,0.4105261308,0.03949343439,1,temporal_sigmoid
logistic,S1,2014,2014-04-27,2014-04-21,2014-04-27,2014-04-28,2014-04-30,2014-04-30,1,0,,0.9584492396,0.3918103353,0.03949343439,1,temporal_sigmoid
logistic,S1,2014,2014-04-28,2014-04-22,2014-04-28,2014-04-29,2014-05-01,2014-05-01,1,0,,0.6901472782,0.102611613,0.03949343439,1,temporal_sigmoid
logistic,S1,2014,2014-04-29,2014-04-23,2014-04-29,2014-04-30,2014-05-02,2014-05-02,1,0,,0.05960064459,0.008154314345,0.03949343439,0,temporal_sigmoid
logistic,S1,2014,2014-04-30,2014-04-24,2014-04-30,2014-05-01,2014-05-03,2014-05-03,1,0,,0.004684342708,0.001200202217,0.03949343439,0,temporal_sigmoid
logistic,S1,2014,2014-05-01,2014-04-25,2014-05-01,2014-05-02,2014-05-04,2014-05-04,1,0,,0.001116407267,0.0004147811319,0.03949343439,0,temporal_sigmoid
logistic,S1,2014,2014-05-02,2014-04-26,2014-05-02,2014-05-03,2014-05-05,2014-05-05,1,0,,0.01432657944,0.00275906983,0.03949343439,0,temporal_sigmoid
logistic,S1,2014,2014-05-03,2014-04-27,2014-05-03,2014-05-04,2014-05-06,2014-05-06,1,0,,0.008319596578,0.001839254197,0.03949343439,0,temporal_sigmoid
logistic,S1,2014,2014-05-04,2014-04-28,2014-05-04,2014-05-05,2014-05-07,2014-05-07,1,0,,0.02323405746,0.003966891635,0.03949343439,0,temporal_sigmoid
logistic,S1,2014,2014-05-05,2014-04-29,2014-05-05,2014-05-06,2014-05-08,2014-05-08,1,0,,0.007089828374,0.0016328927,0.03949343439,0,temporal_sigmoid
logistic,S1,2014,2014-05-06,2014-04-30,2014-05-06,2014-05-07,2014-05-09,2014-05-09,1,0,,0.2152235948,0.02371603025,0.03949343439,0,temporal_sigmoid
logistic,S1,2014,2014-05-07,2014-05-01,2014-05-07,2014-05-08,2014-05-10,2014-05-10,1,0,,0.05435948124,0.007590736985,0.03949343439,0,temporal_sigmoid
logistic,S1,2014,2014-05-08,2014-05-02,2014-05-08,2014-05-09,2014-05-11,2014-05-11,1,0,,0.09215272553,0.01151329266,0.03949343439,0,temporal_sigmoid
logistic,S1,2014,2014-05-09,2014-05-03,2014-05-09,2014-05-10,2014-05-12,2014-05-12,1,0,,0.8191287221,0.1619623846,0.03949343439,1,temporal_sigmoid
logistic,S1,2014,2014-05-10,2014-05-04,2014-05-10,2014-05-11,2014-05-13,2014-05-13,1,0,,0.1538762531,0.01761180709,0.03949343439,0,temporal_sigmoid
logistic,S1,2014,2014-05-11,2014-05-05,2014-05-11,2014-05-12,2014-05-14,2014-05-14,1,0,,0.00423644695,0.001113953869,0.03949343439,0,temporal_sigmoid
logistic,S1,2014,2014-05-12,2014-05-06,2014-05-12,2014-05-13,2014-05-15,2014-05-15,1,1,fixed36_0036,0.0815753823,0.01044213768,0.03949343439,0,temporal_sigmoid
logistic,S1,2014,2014-05-13,2014-05-07,2014-05-13,2014-05-14,2014-05-16,2014-05-16,1,1,fixed36_0036,0.2817553467,0.03068336424,0.03949343439,0,temporal_sigmoid
logistic,S1,2014,2014-05-14,2014-05-08,2014-05-14,2014-05-15,2014-05-17,2014-05-17,1,0,,0.5776870895,0.07384334302,0.03949343439,1,temporal_sigmoid
logistic,S1,2014,2014-05-15,2014-05-09,2014-05-15,2014-05-16,2014-05-18,2014-05-18,1,0,,0.5797012243,0.0742622836,0.03949343439,1,temporal_sigmoid
logistic,S1,2014,2014-05-16,2014-05-10,2014-05-16,2014-05-17,2014-05-19,2014-05-19,1,0,,0.3943438521,0.04401799232,0.03949343439,1,temporal_sigmoid
logistic,S1,2014,2014-05-17,2014-05-11,2014-05-17,2014-05-18,2014-05-20,2014-05-20,1,0,,0.275829391,0.0300416464,0.03949343439,0,temporal_sigmoid
logistic,S1,2014,2014-05-18,2014-05-12,2014-05-18,2014-05-19,2014-05-21,2014-05-21,1,0,,0.6235860692,0.08413393951,0.03949343439,1,temporal_sigmoid
logistic,S1,2014,2014-05-19,2014-05-13,2014-05-19,2014-05-20,2014-05-22,2014-05-22,1,1,fixed36_0037,0.6716976871,0.09697008547,0.03949343439,1,temporal_sigmoid
logistic,S1,2014,2014-05-20,2014-05-14,2014-05-20,2014-05-21,2014-05-23,2014-05-23,1,1,fixed36_0037,0.7916882052,0.1451244365,0.03949343439,1,temporal_sigmoid
logistic,S1,2014,2014-05-21,2014-05-15,2014-05-21,2014-05-22,2014-05-24,2014-05-24,1,0,,0.7894492044,0.1438880319,0.03949343439,1,temporal_sigmoid
logistic,S1,2014,2014-05-22,2014-05-16,2014-05-22,2014-05-23,2014-05-25,2014-05-25,1,0,,0.5847612097,0.07532693343,0.03949343439,1,temporal_sigmoid
logistic,S1,2014,2014-05-23,2014-05-17,2014-05-23,2014-05-24,2014-05-26,2014-05-26,1,0,,0.5560876089,0.06951452161,0.03949343439,1,temporal_sigmoid
logistic,S1,2014,2014-05-24,2014-05-18,2014-05-24,2014-05-25,2014-05-27,2014-05-27,1,0,,0.01978008236,0.003514145726,0.03949343439,0,temporal_sigmoid
logistic,S1,2014,2014-05-25,2014-05-19,2014-05-25,2014-05-26,2014-05-28,2014-05-28,1,0,,0.001049114606,0.0003961294209,0.03949343439,0,temporal_sigmoid
logistic,S1,2014,2014-05-26,2014-05-20,2014-05-26,2014-05-27,2014-05-29,2014-05-29,1,0,,0.001609668981,0.0005438142418,0.03949343439,0,temporal_sigmoid
logistic,S1,2014,2014-05-27,2014-05-21,2014-05-27,2014-05-28,2014-05-30,2014-05-30,1,0,,0.0006191796777,0.00026815559,0.03949343439,0,temporal_sigmoid
logistic,S1,2014,2014-05-28,2014-05-22,2014-05-28,2014-05-29,2014-05-31,2014-05-31,1,0,,0.0001540122047,9.581083012e-05,0.03949343439,0,temporal_sigmoid
logistic,S1,2014,2014-05-29,2014-05-23,2014-05-29,2014-05-30,2014-06-01,2014-06-01,1,0,,0.01752509334,0.003208757597,0.03949343439,0,temporal_sigmoid
logistic,S1,2014,2014-05-30,2014-05-24,2014-05-30,2014-05-31,2014-06-02,2014-06-02,1,0,,0.0005066226613,0.0002311670386,0.03949343439,0,temporal_sigmoid
logistic,S1,2014,2014-05-31,2014-05-25,2014-05-31,2014-06-01,2014-06-03,2014-06-03,1,0,,0.000328841383,0.0001679109902,0.03949343439,0,temporal_sigmoid
logistic,S1,2014,2014-06-01,2014-05-26,2014-06-01,2014-06-02,2014-06-04,2014-06-04,1,0,,1.910294378e-05,2.04649785e-05,0.03949343439,0,temporal_sigmoid
logistic,S1,2014,2014-06-02,2014-05-27,2014-06-02,2014-06-03,2014-06-05,2014-06-05,1,0,,5.435083523e-05,4.434639423e-05,0.03949343439,0,temporal_sigmoid
logistic,S1,2014,2014-06-03,2014-05-28,2014-06-03,2014-06-04,2014-06-06,2014-06-06,1,0,,5.502602406e-05,4.475317969e-05,0.03949343439,0,temporal_sigmoid
logistic,S1,2014,2014-06-04,2014-05-29,2014-06-04,2014-06-05,2014-06-07,2014-06-07,1,0,,0.002355571948,0.0007209578462,0.03949343439,0,temporal_sigmoid
logistic,S1,2014,2014-06-05,2014-05-30,2014-06-05,2014-06-06,2014-06-08,2014-06-08,1,0,,0.00714827542,0.001642892722,0.03949343439,0,temporal_sigmoid
logistic,S1,2014,2014-06-06,2014-05-31,2014-06-06,2014-06-07,2014-06-09,2014-06-09,1,0,,0.01226146302,0.002455991659,0.03949343439,0,temporal_sigmoid
logistic,S1,2014,2014-06-07,2014-06-01,2014-06-07,2014-06-08,2014-06-10,2014-06-10,1,0,,0.005136184959,0.001285110546,0.03949343439,0,temporal_sigmoid
logistic,S1,2014,2014-06-08,2014-06-02,2014-06-08,2014-06-09,2014-06-11,2014-06-11,1,0,,0.01210374415,0.002432358483,0.03949343439,0,temporal_sigmoid
logistic,S1,2014,2014-06-09,2014-06-03,2014-06-09,2014-06-10,2014-06-12,2014-06-12,1,0,,0.00190315604,0.0006156147159,0.03949343439,0,temporal_sigmoid
logistic,S1,2014,2014-06-10,2014-06-04,2014-06-10,2014-06-11,2014-06-13,2014-06-13,1,0,,0.003422638286,0.0009509566892,0.03949343439,0,temporal_sigmoid
logistic,S1,2014,2014-06-11,2014-06-05,2014-06-11,2014-06-12,2014-06-14,2014-06-14,1,0,,0.001582899623,0.0005371040137,0.03949343439,0,temporal_sigmoid
logistic,S1,2014,2014-06-12,2014-06-06,2014-06-12,2014-06-13,2014-06-15,2014-06-15,1,0,,0.02399869785,0.004064990006,0.03949343439,0,temporal_sigmoid
logistic,S1,2014,2014-06-13,2014-06-07,2014-06-13,2014-06-14,2014-06-16,2014-06-16,1,0,,0.00341799875,0.000950000798,0.03949343439,0,temporal_sigmoid
logistic,S1,2014,2014-06-14,2014-06-08,2014-06-14,2014-06-15,2014-06-17,2014-06-17,1,0,,0.006618263026,0.001551434245,0.03949343439,0,temporal_sigmoid
logistic,S1,2014,2014-06-15,2014-06-09,2014-06-15,2014-06-16,2014-06-18,2014-06-18,1,0,,0.0002475487935,0.000136099982,0.03949343439,0,temporal_sigmoid
logistic,S1,2014,2014-06-16,2014-06-10,2014-06-16,2014-06-17,2014-06-19,2014-06-19,1,0,,0.0007167759176,0.0002988252873,0.03949343439,0,temporal_sigmoid
logistic,S1,2014,2014-06-17,2014-06-11,2014-06-17,2014-06-18,2014-06-20,2014-06-20,1,0,,0.0004671129446,0.0002176905597,0.03949343439,0,temporal_sigmoid
logistic,S1,2014,2014-06-18,2014-06-12,2014-06-18,2014-06-19,2014-06-21,2014-06-21,1,0,,0.0004308205871,0.0002050479657,0.03949343439,0,temporal_sigmoid
logistic,S1,2014,2014-06-19,2014-06-13,2014-06-19,2014-06-20,2014-06-22,2014-06-22,1,0,,1.564830575e-05,1.765792591e-05,0.03949343439,0,temporal_sigmoid
logistic,S1,2014,2014-06-20,2014-06-14,2014-06-20,2014-06-21,2014-06-23,2014-06-23,1,0,,1.77221725e-06,3.526457959e-06,0.03949343439,0,temporal_sigmoid
logistic,S1,2014,2014-06-21,2014-06-15,2014-06-21,2014-06-22,2014-06-24,2014-06-24,1,0,,9.566326875e-08,2.30962615e-06,0.03949343439,0,temporal_sigmoid
logistic,S1,2014,2014-06-22,2014-06-16,2014-06-22,2014-06-23,2014-06-25,2014-06-25,1,0,,3.212614079e-08,2.30962615e-06,0.03949343439,0,temporal_sigmoid
logistic,S1,2014,2014-06-23,2014-06-17,2014-06-23,2014-06-24,2014-06-26,2014-06-26,1,0,,1.849799761e-08,2.30962615e-06,0.03949343439,0,temporal_sigmoid
logistic,S1,2014,2014-06-24,2014-06-18,2014-06-24,2014-06-25,2014-06-27,2014-06-27,1,0,,4.047494446e-08,2.30962615e-06,0.03949343439,0,temporal_sigmoid
logistic,S1,2014,2014-06-25,2014-06-19,2014-06-25,2014-06-26,2014-06-28,2014-06-28,1,0,,4.234556667e-06,6.716039515e-06,0.03949343439,0,temporal_sigmoid
logistic,S1,2014,2014-06-26,2014-06-20,2014-06-26,2014-06-27,2014-06-29,2014-06-29,1,0,,1.590997462e-07,2.30962615e-06,0.03949343439,0,temporal_sigmoid
logistic,S1,2014,2014-06-27,2014-06-21,2014-06-27,2014-06-28,2014-06-30,2014-06-30,1,0,,5.414501153e-08,2.30962615e-06,0.03949343439,0,temporal_sigmoid
logistic,S1,2015,2015-02-28,2015-02-22,2015-02-28,2015-03-01,2015-03-03,2015-03-03,1,0,,0.001597824354,0.0006210133878,0.05195048961,0,temporal_sigmoid
logistic,S1,2015,2015-03-01,2015-02-23,2015-03-01,2015-03-02,2015-03-04,2015-03-04,1,0,,0.00453348306,0.001352824595,0.05195048961,0,temporal_sigmoid
logistic,S1,2015,2015-03-02,2015-02-24,2015-03-02,2015-03-03,2015-03-05,2015-03-05,1,0,,0.003678590525,0.001157233352,0.05195048961,0,temporal_sigmoid
logistic,S1,2015,2015-03-03,2015-02-25,2015-03-03,2015-03-04,2015-03-06,2015-03-06,1,0,,0.0006781064241,0.0003277493024,0.05195048961,0,temporal_sigmoid
logistic,S1,2015,2015-03-04,2015-02-26,2015-03-04,2015-03-05,2015-03-07,2015-03-07,1,0,,4.827888132e-07,2.54428578e-06,0.05195048961,0,temporal_sigmoid
logistic,S1,2015,2015-03-05,2015-02-27,2015-03-05,2015-03-06,2015-03-08,2015-03-08,1,0,,1.966360452e-06,4.211189419e-06,0.05195048961,0,temporal_sigmoid
logistic,S1,2015,2015-03-06,2015-02-28,2015-03-06,2015-03-07,2015-03-09,2015-03-09,1,0,,3.709091591e-07,2.54428578e-06,0.05195048961,0,temporal_sigmoid
logistic,S1,2015,2015-03-07,2015-03-01,2015-03-07,2015-03-08,2015-03-10,2015-03-10,1,0,,5.626358653e-07,2.54428578e-06,0.05195048961,0,temporal_sigmoid
logistic,S1,2015,2015-03-08,2015-03-02,2015-03-08,2015-03-09,2015-03-11,2015-03-11,1,0,,4.268426326e-06,7.503150178e-06,0.05195048961,0,temporal_sigmoid
logistic,S1,2015,2015-03-09,2015-03-03,2015-03-09,2015-03-10,2015-03-12,2015-03-12,1,0,,2.268938738e-05,2.605726911e-05,0.05195048961,0,temporal_sigmoid
logistic,S1,2015,2015-03-10,2015-03-04,2015-03-10,2015-03-11,2015-03-13,2015-03-13,1,0,,0.001129964411,0.000479605357,0.05195048961,0,temporal_sigmoid
logistic,S1,2015,2015-03-11,2015-03-05,2015-03-11,2015-03-12,2015-03-14,2015-03-14,1,0,,0.0008178463209,0.0003768824404,0.05195048961,0,temporal_sigmoid
logistic,S1,2015,2015-03-12,2015-03-06,2015-03-12,2015-03-13,2015-03-15,2015-03-15,1,0,,0.001329558368,0.000541458394,0.05195048961,0,temporal_sigmoid
logistic,S1,2015,2015-03-13,2015-03-07,2015-03-13,2015-03-14,2015-03-16,2015-03-16,1,0,,0.00162306243,0.0006283157957,0.05195048961,0,temporal_sigmoid
logistic,S1,2015,2015-03-14,2015-03-08,2015-03-14,2015-03-15,2015-03-17,2015-03-17,1,0,,0.04919866877,0.00821823413,0.05195048961,0,temporal_sigmoid
logistic,S1,2015,2015-03-15,2015-03-09,2015-03-15,2015-03-16,2015-03-18,2015-03-18,1,0,,0.08402291609,0.01253655969,0.05195048961,0,temporal_sigmoid
logistic,S1,2015,2015-03-16,2015-03-10,2015-03-16,2015-03-17,2015-03-19,2015-03-19,1,0,,0.003080563079,0.001013608216,0.05195048961,0,temporal_sigmoid
logistic,S1,2015,2015-03-17,2015-03-11,2015-03-17,2015-03-18,2015-03-20,2015-03-20,1,0,,0.03456598578,0.006258206588,0.05195048961,0,temporal_sigmoid
logistic,S1,2015,2015-03-18,2015-03-12,2015-03-18,2015-03-19,2015-03-21,2015-03-21,1,0,,0.006455244018,0.001762233263,0.05195048961,0,temporal_sigmoid
logistic,S1,2015,2015-03-19,2015-03-13,2015-03-19,2015-03-20,2015-03-22,2015-03-22,1,0,,0.0007053929753,0.0003375313891,0.05195048961,0,temporal_sigmoid
logistic,S1,2015,2015-03-20,2015-03-14,2015-03-20,2015-03-21,2015-03-23,2015-03-23,1,0,,0.0002466063736,0.0001542103749,0.05195048961,0,temporal_sigmoid
logistic,S1,2015,2015-03-21,2015-03-15,2015-03-21,2015-03-22,2015-03-24,2015-03-24,1,0,,0.0004174741568,0.0002283018825,0.05195048961,0,temporal_sigmoid
logistic,S1,2015,2015-03-22,2015-03-16,2015-03-22,2015-03-23,2015-03-25,2015-03-25,1,0,,0.001703023618,0.0006512651956,0.05195048961,0,temporal_sigmoid
logistic,S1,2015,2015-03-23,2015-03-17,2015-03-23,2015-03-24,2015-03-26,2015-03-26,1,0,,0.02713839346,0.005201590801,0.05195048961,0,temporal_sigmoid
logistic,S1,2015,2015-03-24,2015-03-18,2015-03-24,2015-03-25,2015-03-27,2015-03-27,1,0,,0.1999071224,0.02608979909,0.05195048961,0,temporal_sigmoid
logistic,S1,2015,2015-03-25,2015-03-19,2015-03-25,2015-03-26,2015-03-28,2015-03-28,1,0,,0.3216147364,0.04138939054,0.05195048961,0,temporal_sigmoid
logistic,S1,2015,2015-03-26,2015-03-20,2015-03-26,2015-03-27,2015-03-29,2015-03-29,1,0,,0.1285171814,0.01776342602,0.05195048961,0,temporal_sigmoid
logistic,S1,2015,2015-03-27,2015-03-21,2015-03-27,2015-03-28,2015-03-30,2015-03-30,1,0,,0.07702601813,0.01169356688,0.05195048961,0,temporal_sigmoid
logistic,S1,2015,2015-03-28,2015-03-22,2015-03-28,2015-03-29,2015-03-31,2015-03-31,1,0,,0.05649182933,0.009153709043,0.05195048961,0,temporal_sigmoid
logistic,S1,2015,2015-03-29,2015-03-23,2015-03-29,2015-03-30,2015-04-01,2015-04-01,1,0,,0.07519456203,0.01147136052,0.05195048961,0,temporal_sigmoid
logistic,S1,2015,2015-03-30,2015-03-24,2015-03-30,2015-03-31,2015-04-02,2015-04-02,1,0,,0.2267372714,0.02929783465,0.05195048961,0,temporal_sigmoid
logistic,S1,2015,2015-03-31,2015-03-25,2015-03-31,2015-04-01,2015-04-03,2015-04-03,1,0,,0.01167204377,0.002748086382,0.05195048961,0,temporal_sigmoid
logistic,S1,2015,2015-04-01,2015-03-26,2015-04-01,2015-04-02,2015-04-04,2015-04-04,1,0,,0.0008201985688,0.0003776902823,0.05195048961,0,temporal_sigmoid
logistic,S1,2015,2015-04-02,2015-03-27,2015-04-02,2015-04-03,2015-04-05,2015-04-05,1,0,,0.0001431470299,0.0001028178675,0.05195048961,0,temporal_sigmoid
logistic,S1,2015,2015-04-03,2015-03-28,2015-04-03,2015-04-04,2015-04-06,2015-04-06,1,0,,0.0004617227354,0.0002461047828,0.05195048961,0,temporal_sigmoid
logistic,S1,2015,2015-04-04,2015-03-29,2015-04-04,2015-04-05,2015-04-07,2015-04-07,1,0,,0.004269047789,0.00129339384,0.05195048961,0,temporal_sigmoid
logistic,S1,2015,2015-04-05,2015-03-30,2015-04-05,2015-04-06,2015-04-08,2015-04-08,1,0,,3.007989917e-05,3.215005424e-05,0.05195048961,0,temporal_sigmoid
logistic,S1,2015,2015-04-06,2015-03-31,2015-04-06,2015-04-07,2015-04-09,2015-04-09,1,0,,6.289581135e-05,5.570640394e-05,0.05195048961,0,temporal_sigmoid
logistic,S1,2015,2015-04-07,2015-04-01,2015-04-07,2015-04-08,2015-04-10,2015-04-10,1,0,,0.002544803621,0.0008788622144,0.05195048961,0,temporal_sigmoid
logistic,S1,2015,2015-04-08,2015-04-02,2015-04-08,2015-04-09,2015-04-11,2015-04-11,1,0,,0.002062833968,0.0007513885822,0.05195048961,0,temporal_sigmoid
logistic,S1,2015,2015-04-09,2015-04-03,2015-04-09,2015-04-10,2015-04-12,2015-04-12,1,0,,0.03312892627,0.006057777698,0.05195048961,0,temporal_sigmoid
logistic,S1,2015,2015-04-10,2015-04-04,2015-04-10,2015-04-11,2015-04-13,2015-04-13,1,0,,0.1843749827,0.02425979755,0.05195048961,0,temporal_sigmoid
logistic,S1,2015,2015-04-11,2015-04-05,2015-04-11,2015-04-12,2015-04-14,2015-04-14,1,0,,0.05087102128,0.008434739232,0.05195048961,0,temporal_sigmoid
logistic,S1,2015,2015-04-12,2015-04-06,2015-04-12,2015-04-13,2015-04-15,2015-04-15,1,0,,0.04424304469,0.007568681543,0.05195048961,0,temporal_sigmoid
logistic,S1,2015,2015-04-13,2015-04-07,2015-04-13,2015-04-14,2015-04-16,2015-04-16,1,0,,0.05172671158,0.00854503475,0.05195048961,0,temporal_sigmoid
logistic,S1,2015,2015-04-14,2015-04-08,2015-04-14,2015-04-15,2015-04-17,2015-04-17,1,0,,0.07717959329,0.0117121686,0.05195048961,0,temporal_sigmoid
logistic,S1,2015,2015-04-15,2015-04-09,2015-04-15,2015-04-16,2015-04-18,2015-04-18,1,0,,0.2678339992,0.03436735498,0.05195048961,0,temporal_sigmoid
logistic,S1,2015,2015-04-16,2015-04-10,2015-04-16,2015-04-17,2015-04-19,2015-04-19,1,0,,0.2006687647,0.02617998901,0.05195048961,0,temporal_sigmoid
logistic,S1,2015,2015-04-17,2015-04-11,2015-04-17,2015-04-18,2015-04-20,2015-04-20,1,0,,0.114976016,0.01618821613,0.05195048961,0,temporal_sigmoid
logistic,S1,2015,2015-04-18,2015-04-12,2015-04-18,2015-04-19,2015-04-21,2015-04-21,1,0,,0.05242595077,0.008634929789,0.05195048961,0,temporal_sigmoid
logistic,S1,2015,2015-04-19,2015-04-13,2015-04-19,2015-04-20,2015-04-22,2015-04-22,1,0,,0.003429687972,0.001098225485,0.05195048961,0,temporal_sigmoid
logistic,S1,2015,2015-04-20,2015-04-14,2015-04-20,2015-04-21,2015-04-23,2015-04-23,1,0,,0.09946553148,0.01437072057,0.05195048961,0,temporal_sigmoid
logistic,S1,2015,2015-04-21,2015-04-15,2015-04-21,2015-04-22,2015-04-24,2015-04-24,1,0,,0.04772390221,0.008026224498,0.05195048961,0,temporal_sigmoid
logistic,S1,2015,2015-04-22,2015-04-16,2015-04-22,2015-04-23,2015-04-25,2015-04-25,1,0,,0.1036461468,0.01486251896,0.05195048961,0,temporal_sigmoid
logistic,S1,2015,2015-04-23,2015-04-17,2015-04-23,2015-04-24,2015-04-26,2015-04-26,1,0,,0.007956830649,0.002061142034,0.05195048961,0,temporal_sigmoid
logistic,S1,2015,2015-04-24,2015-04-18,2015-04-24,2015-04-25,2015-04-27,2015-04-27,1,0,,0.0006648141,0.0003229479657,0.05195048961,0,temporal_sigmoid
logistic,S1,2015,2015-04-25,2015-04-19,2015-04-25,2015-04-26,2015-04-28,2015-04-28,1,0,,3.987132857e-06,7.131491305e-06,0.05195048961,0,temporal_sigmoid
logistic,S1,2015,2015-04-26,2015-04-20,2015-04-26,2015-04-27,2015-04-29,2015-04-29,1,0,,0.0008091855497,0.0003739029335,0.05195048961,0,temporal_sigmoid
logistic,S1,2015,2015-04-27,2015-04-21,2015-04-27,2015-04-28,2015-04-30,2015-04-30,1,0,,0.00364247225,0.001148734209,0.05195048961,0,temporal_sigmoid
logistic,S1,2015,2015-04-28,2015-04-22,2015-04-28,2015-04-29,2015-05-01,2015-05-01,1,0,,0.004472670991,0.001339235547,0.05195048961,0,temporal_sigmoid
logistic,S1,2015,2015-04-29,2015-04-23,2015-04-29,2015-04-30,2015-05-02,2015-05-02,1,0,,0.002030831399,0.0007426732061,0.05195048961,0,temporal_sigmoid
logistic,S1,2015,2015-04-30,2015-04-24,2015-04-30,2015-05-01,2015-05-03,2015-05-03,1,0,,0.0006703005254,0.0003249326534,0.05195048961,0,temporal_sigmoid
logistic,S1,2015,2015-05-01,2015-04-25,2015-05-01,2015-05-02,2015-05-04,2015-05-04,1,0,,0.0002327082259,0.0001476856503,0.05195048961,0,temporal_sigmoid
logistic,S1,2015,2015-05-02,2015-04-26,2015-05-02,2015-05-03,2015-05-05,2015-05-05,1,0,,0.006038530054,0.001676362455,0.05195048961,0,temporal_sigmoid
logistic,S1,2015,2015-05-03,2015-04-27,2015-05-03,2015-05-04,2015-05-06,2015-05-06,1,0,,0.1903275087,0.02495915658,0.05195048961,0,temporal_sigmoid
logistic,S1,2015,2015-05-04,2015-04-28,2015-05-04,2015-05-05,2015-05-07,2015-05-07,1,0,,0.04932099671,0.008234114382,0.05195048961,0,temporal_sigmoid
logistic,S1,2015,2015-05-05,2015-04-29,2015-05-05,2015-05-06,2015-05-08,2015-05-08,1,0,,0.1375561057,0.0188119845,0.05195048961,0,temporal_sigmoid
logistic,S1,2015,2015-05-06,2015-04-30,2015-05-06,2015-05-07,2015-05-09,2015-05-09,1,0,,0.1660551608,0.02211976531,0.05195048961,0,temporal_sigmoid
logistic,S1,2015,2015-05-07,2015-05-01,2015-05-07,2015-05-08,2015-05-10,2015-05-10,1,0,,0.004822889694,0.001416887505,0.05195048961,0,temporal_sigmoid
logistic,S1,2015,2015-05-08,2015-05-02,2015-05-08,2015-05-09,2015-05-11,2015-05-11,1,0,,0.001387403644,0.0005589322,0.05195048961,0,temporal_sigmoid
logistic,S1,2015,2015-05-09,2015-05-03,2015-05-09,2015-05-10,2015-05-12,2015-05-12,1,0,,0.007749554291,0.002020762628,0.05195048961,0,temporal_sigmoid
logistic,S1,2015,2015-05-10,2015-05-04,2015-05-10,2015-05-11,2015-05-13,2015-05-13,1,0,,0.001522473307,0.0005990349596,0.05195048961,0,temporal_sigmoid
logistic,S1,2015,2015-05-11,2015-05-05,2015-05-11,2015-05-12,2015-05-14,2015-05-14,1,0,,0.001130356158,0.0004797293407,0.05195048961,0,temporal_sigmoid
logistic,S1,2015,2015-05-12,2015-05-06,2015-05-12,2015-05-13,2015-05-15,2015-05-15,1,0,,0.0006349233318,0.0003120607846,0.05195048961,0,temporal_sigmoid
logistic,S1,2015,2015-05-13,2015-05-07,2015-05-13,2015-05-14,2015-05-16,2015-05-16,1,0,,0.06062493719,0.00967479337,0.05195048961,0,temporal_sigmoid
logistic,S1,2015,2015-05-14,2015-05-08,2015-05-14,2015-05-15,2015-05-17,2015-05-17,1,0,,0.2720329918,0.0348982153,0.05195048961,0,temporal_sigmoid
logistic,S1,2015,2015-05-15,2015-05-09,2015-05-15,2015-05-16,2015-05-18,2015-05-18,1,0,,0.01774115435,0.003767766486,0.05195048961,0,temporal_sigmoid
logistic,S1,2015,2015-05-16,2015-05-10,2015-05-16,2015-05-17,2015-05-19,2015-05-19,1,0,,0.007653349828,0.002001931722,0.05195048961,0,temporal_sigmoid
logistic,S1,2015,2015-05-17,2015-05-11,2015-05-17,2015-05-18,2015-05-20,2015-05-20,1,0,,0.003122473749,0.001023888435,0.05195048961,0,temporal_sigmoid
logistic,S1,2015,2015-05-18,2015-05-12,2015-05-18,2015-05-19,2015-05-21,2015-05-21,1,0,,0.01627395567,0.003529943676,0.05195048961,0,temporal_sigmoid
logistic,S1,2015,2015-05-19,2015-05-13,2015-05-19,2015-05-20,2015-05-22,2015-05-22,1,0,,0.1233973412,0.01716868216,0.05195048961,0,temporal_sigmoid
logistic,S1,2015,2015-05-20,2015-05-14,2015-05-20,2015-05-21,2015-05-23,2015-05-23,1,0,,0.1310203893,0.01805395269,0.05195048961,0,temporal_sigmoid
logistic,S1,2015,2015-05-21,2015-05-15,2015-05-21,2015-05-22,2015-05-24,2015-05-24,1,0,,0.1890883834,0.02481338289,0.05195048961,0,temporal_sigmoid
logistic,S1,2015,2015-05-22,2015-05-16,2015-05-22,2015-05-23,2015-05-25,2015-05-25,1,0,,0.4192742353,0.05577591245,0.05195048961,1,temporal_sigmoid
logistic,S1,2015,2015-05-23,2015-05-17,2015-05-23,2015-05-24,2015-05-26,2015-05-26,1,0,,0.3436055698,0.04442056494,0.05195048961,0,temporal_sigmoid
logistic,S1,2015,2015-05-24,2015-05-18,2015-05-24,2015-05-25,2015-05-27,2015-05-27,1,0,,0.01204451871,0.002813780775,0.05195048961,0,temporal_sigmoid
logistic,S1,2015,2015-05-25,2015-05-19,2015-05-25,2015-05-26,2015-05-28,2015-05-28,1,0,,0.2827197221,0.03626154098,0.05195048961,0,temporal_sigmoid
logistic,S1,2015,2015-05-26,2015-05-20,2015-05-26,2015-05-27,2015-05-29,2015-05-29,1,0,,0.03126781963,0.00579553603,0.05195048961,0,temporal_sigmoid
logistic,S1,2015,2015-05-27,2015-05-21,2015-05-27,2015-05-28,2015-05-30,2015-05-30,1,0,,0.008997673352,0.002260203824,0.05195048961,0,temporal_sigmoid
logistic,S1,2015,2015-05-28,2015-05-22,2015-05-28,2015-05-29,2015-05-31,2015-05-31,1,0,,0.1275156393,0.01764714302,0.05195048961,0,temporal_sigmoid
logistic,S1,2015,2015-05-29,2015-05-23,2015-05-29,2015-05-30,2015-06-01,2015-06-01,1,0,,0.1179207675,0.01653144116,0.05195048961,0,temporal_sigmoid
logistic,S1,2015,2015-05-30,2015-05-24,2015-05-30,2015-05-31,2015-06-02,2015-06-02,1,0,,0.01103340303,0.002634268175,0.05195048961,0,temporal_sigmoid
logistic,S1,2015,2015-05-31,2015-05-25,2015-05-31,2015-06-01,2015-06-03,2015-06-03,1,0,,0.08088730007,0.01215987601,0.05195048961,0,temporal_sigmoid
logistic,S1,2015,2015-06-01,2015-05-26,2015-06-01,2015-06-02,2015-06-04,2015-06-04,1,0,,0.05143975485,0.008508082594,0.05195048961,0,temporal_sigmoid
logistic,S1,2015,2015-06-02,2015-05-27,2015-06-02,2015-06-03,2015-06-05,2015-06-05,1,0,,0.03728737951,0.006633250613,0.05195048961,0,temporal_sigmoid
logistic,S1,2015,2015-06-03,2015-05-28,2015-06-03,2015-06-04,2015-06-06,2015-06-06,1,0,,0.07223231868,0.01111043369,0.05195048961,0,temporal_sigmoid
logistic,S1,2015,2015-06-04,2015-05-29,2015-06-04,2015-06-05,2015-06-07,2015-06-07,1,0,,0.2048824895,0.02667980308,0.05195048961,0,temporal_sigmoid
logistic,S1,2015,2015-06-05,2015-05-30,2015-06-05,2015-06-06,2015-06-08,2015-06-08,1,0,,0.09319200124,0.01362929851,0.05195048961,0,temporal_sigmoid
logistic,S1,2015,2015-06-06,2015-05-31,2015-06-06,2015-06-07,2015-06-09,2015-06-09,1,0,,0.009281336596,0.00231346356,0.05195048961,0,temporal_sigmoid
logistic,S1,2015,2015-06-07,2015-06-01,2015-06-07,2015-06-08,2015-06-10,2015-06-10,1,0,,0.05706646971,0.009226517562,0.05195048961,0,temporal_sigmoid
logistic,S1,2015,2015-06-08,2015-06-02,2015-06-08,2015-06-09,2015-06-11,2015-06-11,1,0,,0.04559642452,0.007747333397,0.05195048961,0,temporal_sigmoid
logistic,S1,2015,2015-06-09,2015-06-03,2015-06-09,2015-06-10,2015-06-12,2015-06-12,1,0,,0.06589189871,0.01033084085,0.05195048961,0,temporal_sigmoid
logistic,S1,2015,2015-06-10,2015-06-04,2015-06-10,2015-06-11,2015-06-13,2015-06-13,1,0,,0.0004476677575,0.0002404989738,0.05195048961,0,temporal_sigmoid
logistic,S1,2015,2015-06-11,2015-06-05,2015-06-11,2015-06-12,2015-06-14,2015-06-14,1,0,,4.523512253e-05,4.357441512e-05,0.05195048961,0,temporal_sigmoid
logistic,S1,2015,2015-06-12,2015-06-06,2015-06-12,2015-06-13,2015-06-15,2015-06-15,1,0,,6.82759346e-05,5.922006396e-05,0.05195048961,0,temporal_sigmoid
logistic,S1,2015,2015-06-13,2015-06-07,2015-06-13,2015-06-14,2015-06-16,2015-06-16,1,0,,8.921688958e-06,1.299696755e-05,0.05195048961,0,temporal_sigmoid
logistic,S1,2015,2015-06-14,2015-06-08,2015-06-14,2015-06-15,2015-06-17,2015-06-17,1,0,,6.605810085e-05,5.778050946e-05,0.05195048961,0,temporal_sigmoid
logistic,S1,2015,2015-06-15,2015-06-09,2015-06-15,2015-06-16,2015-06-18,2015-06-18,1,0,,3.525679268e-05,3.618893241e-05,0.05195048961,0,temporal_sigmoid
logistic,S1,2015,2015-06-16,2015-06-10,2015-06-16,2015-06-17,2015-06-19,2015-06-19,1,0,,1.04744773e-05,1.464777485e-05,0.05195048961,0,temporal_sigmoid
logistic,S1,2015,2015-06-17,2015-06-11,2015-06-17,2015-06-18,2015-06-20,2015-06-20,1,0,,0.0001142461902,8.691210908e-05,0.05195048961,0,temporal_sigmoid
logistic,S1,2015,2015-06-18,2015-06-12,2015-06-18,2015-06-19,2015-06-21,2015-06-21,1,0,,0.001378043839,0.0005561175073,0.05195048961,0,temporal_sigmoid
logistic,S1,2015,2015-06-19,2015-06-13,2015-06-19,2015-06-20,2015-06-22,2015-06-22,1,0,,0.01312307774,0.003001360535,0.05195048961,0,temporal_sigmoid
logistic,S1,2015,2015-06-20,2015-06-14,2015-06-20,2015-06-21,2015-06-23,2015-06-23,1,0,,0.001312725083,0.0005363375147,0.05195048961,0,temporal_sigmoid
logistic,S1,2015,2015-06-21,2015-06-15,2015-06-21,2015-06-22,2015-06-24,2015-06-24,1,0,,0.000107736276,8.319402602e-05,0.05195048961,0,temporal_sigmoid
logistic,S1,2015,2015-06-22,2015-06-16,2015-06-22,2015-06-23,2015-06-25,2015-06-25,1,0,,1.053104415e-05,1.470668324e-05,0.05195048961,0,temporal_sigmoid
logistic,S1,2015,2015-06-23,2015-06-17,2015-06-23,2015-06-24,2015-06-26,2015-06-26,1,0,,1.055926755e-05,1.473604475e-05,0.05195048961,0,temporal_sigmoid
logistic,S1,2015,2015-06-24,2015-06-18,2015-06-24,2015-06-25,2015-06-27,2015-06-27,1,0,,4.325459213e-05,4.214461702e-05,0.05195048961,0,temporal_sigmoid
logistic,S1,2015,2015-06-25,2015-06-19,2015-06-25,2015-06-26,2015-06-28,2015-06-28,1,0,,6.205804276e-06,9.916573466e-06,0.05195048961,0,temporal_sigmoid
logistic,S1,2015,2015-06-26,2015-06-20,2015-06-26,2015-06-27,2015-06-29,2015-06-29,1,0,,7.245294583e-07,2.54428578e-06,0.05195048961,0,temporal_sigmoid
logistic,S1,2015,2015-06-27,2015-06-21,2015-06-27,2015-06-28,2015-06-30,2015-06-30,1,0,,4.827682769e-07,2.54428578e-06,0.05195048961,0,temporal_sigmoid
logistic,S1,2016,2016-02-29,2016-02-23,2016-02-29,2016-03-01,2016-03-03,2016-03-03,1,0,,0.0003394312565,0.0004050617716,0.05185490638,0,temporal_sigmoid
logistic,S1,2016,2016-03-01,2016-02-24,2016-03-01,2016-03-02,2016-03-04,2016-03-04,1,0,,0.0003265016531,0.0003946502428,0.05185490638,0,temporal_sigmoid
logistic,S1,2016,2016-03-02,2016-02-25,2016-03-02,2016-03-03,2016-03-05,2016-03-05,1,0,,0.0008852240797,0.000770315482,0.05185490638,0,temporal_sigmoid
logistic,S1,2016,2016-03-03,2016-02-26,2016-03-03,2016-03-04,2016-03-06,2016-03-06,1,0,,0.001120363507,0.0009021526571,0.05185490638,0,temporal_sigmoid
logistic,S1,2016,2016-03-04,2016-02-27,2016-03-04,2016-03-05,2016-03-07,2016-03-07,1,0,,0.01122114986,0.004244048584,0.05185490638,0,temporal_sigmoid
logistic,S1,2016,2016-03-05,2016-02-28,2016-03-05,2016-03-06,2016-03-08,2016-03-08,1,0,,0.0103699389,0.004023946857,0.05185490638,0,temporal_sigmoid
logistic,S1,2016,2016-03-06,2016-02-29,2016-03-06,2016-03-07,2016-03-09,2016-03-09,1,0,,0.005855619922,0.00273814678,0.05185490638,0,temporal_sigmoid
logistic,S1,2016,2016-03-07,2016-03-01,2016-03-07,2016-03-08,2016-03-10,2016-03-10,1,0,,0.002692562892,0.001624692256,0.05185490638,0,temporal_sigmoid
logistic,S1,2016,2016-03-08,2016-03-02,2016-03-08,2016-03-09,2016-03-11,2016-03-11,1,0,,0.00259741803,0.001585928702,0.05185490638,0,temporal_sigmoid
logistic,S1,2016,2016-03-09,2016-03-03,2016-03-09,2016-03-10,2016-03-12,2016-03-12,1,0,,0.03533674436,0.009264707593,0.05185490638,0,temporal_sigmoid
logistic,S1,2016,2016-03-10,2016-03-04,2016-03-10,2016-03-11,2016-03-13,2016-03-13,1,0,,0.04850143997,0.01153598447,0.05185490638,0,temporal_sigmoid
logistic,S1,2016,2016-03-11,2016-03-05,2016-03-11,2016-03-12,2016-03-14,2016-03-14,1,0,,0.07907384461,0.01628599711,0.05185490638,0,temporal_sigmoid
logistic,S1,2016,2016-03-12,2016-03-06,2016-03-12,2016-03-13,2016-03-15,2016-03-15,1,0,,0.2127602969,0.03448401886,0.05185490638,0,temporal_sigmoid
logistic,S1,2016,2016-03-13,2016-03-07,2016-03-13,2016-03-14,2016-03-16,2016-03-16,1,0,,0.04313952962,0.01063402637,0.05185490638,0,temporal_sigmoid
logistic,S1,2016,2016-03-14,2016-03-08,2016-03-14,2016-03-15,2016-03-17,2016-03-17,1,0,,0.0005667218869,0.0005712021529,0.05185490638,0,temporal_sigmoid
logistic,S1,2016,2016-03-15,2016-03-09,2016-03-15,2016-03-16,2016-03-18,2016-03-18,1,0,,0.0004685143515,0.0005027738888,0.05185490638,0,temporal_sigmoid
logistic,S1,2016,2016-03-16,2016-03-10,2016-03-16,2016-03-17,2016-03-19,2016-03-19,1,0,,0.0001045719753,0.0001839403156,0.05185490638,0,temporal_sigmoid
logistic,S1,2016,2016-03-17,2016-03-11,2016-03-17,2016-03-18,2016-03-20,2016-03-20,1,0,,0.0001454021627,0.00022943554,0.05185490638,0,temporal_sigmoid
logistic,S1,2016,2016-03-18,2016-03-12,2016-03-18,2016-03-19,2016-03-21,2016-03-21,1,0,,0.0001346320293,0.0002178970927,0.05185490638,0,temporal_sigmoid
logistic,S1,2016,2016-03-19,2016-03-13,2016-03-19,2016-03-20,2016-03-22,2016-03-22,1,0,,2.113894042e-05,6.29690581e-05,0.05185490638,0,temporal_sigmoid
logistic,S1,2016,2016-03-20,2016-03-14,2016-03-20,2016-03-21,2016-03-23,2016-03-23,1,0,,4.455859288e-05,0.0001038173003,0.05185490638,0,temporal_sigmoid
logistic,S1,2016,2016-03-21,2016-03-15,2016-03-21,2016-03-22,2016-03-24,2016-03-24,1,0,,0.1402447456,0.02482617078,0.05185490638,0,temporal_sigmoid
logistic,S1,2016,2016-03-22,2016-03-16,2016-03-22,2016-03-23,2016-03-25,2016-03-25,1,0,,0.3177382805,0.04892655884,0.05185490638,0,temporal_sigmoid
logistic,S1,2016,2016-03-23,2016-03-17,2016-03-23,2016-03-24,2016-03-26,2016-03-26,1,0,,0.06430866566,0.01405963979,0.05185490638,0,temporal_sigmoid
logistic,S1,2016,2016-03-24,2016-03-18,2016-03-24,2016-03-25,2016-03-27,2016-03-27,1,0,,0.01028259739,0.004001044496,0.05185490638,0,temporal_sigmoid
logistic,S1,2016,2016-03-25,2016-03-19,2016-03-25,2016-03-26,2016-03-28,2016-03-28,1,0,,0.004050244107,0.002137184396,0.05185490638,0,temporal_sigmoid
logistic,S1,2016,2016-03-26,2016-03-20,2016-03-26,2016-03-27,2016-03-29,2016-03-29,1,0,,0.001382667108,0.00103885947,0.05185490638,0,temporal_sigmoid
logistic,S1,2016,2016-03-27,2016-03-21,2016-03-27,2016-03-28,2016-03-30,2016-03-30,1,0,,0.01589657023,0.005371537873,0.05185490638,0,temporal_sigmoid
logistic,S1,2016,2016-03-28,2016-03-22,2016-03-28,2016-03-29,2016-03-31,2016-03-31,1,0,,0.0003918728165,0.0004460217058,0.05185490638,0,temporal_sigmoid
logistic,S1,2016,2016-03-29,2016-03-23,2016-03-29,2016-03-30,2016-04-01,2016-04-01,1,0,,0.148734442,0.02596612608,0.05185490638,0,temporal_sigmoid
logistic,S1,2016,2016-03-30,2016-03-24,2016-03-30,2016-03-31,2016-04-02,2016-04-02,1,0,,0.01435871077,0.005013837248,0.05185490638,0,temporal_sigmoid
logistic,S1,2016,2016-03-31,2016-03-25,2016-03-31,2016-04-01,2016-04-03,2016-04-03,1,0,,5.816430331e-06,2.650633201e-05,0.05185490638,0,temporal_sigmoid
logistic,S1,2016,2016-04-01,2016-03-26,2016-04-01,2016-04-02,2016-04-04,2016-04-04,1,0,,2.155429384e-07,8.139970525e-06,0.05185490638,0,temporal_sigmoid
logistic,S1,2016,2016-04-02,2016-03-27,2016-04-02,2016-04-03,2016-04-05,2016-04-05,1,0,,9.07796713e-07,8.139970525e-06,0.05185490638,0,temporal_sigmoid
logistic,S1,2016,2016-04-03,2016-03-28,2016-04-03,2016-04-04,2016-04-06,2016-04-06,1,0,,2.140571718e-05,6.350079903e-05,0.05185490638,0,temporal_sigmoid
logistic,S1,2016,2016-04-04,2016-03-29,2016-04-04,2016-04-05,2016-04-07,2016-04-07,1,0,,0.0005245748754,0.00054235677,0.05185490638,0,temporal_sigmoid
logistic,S1,2016,2016-04-05,2016-03-30,2016-04-05,2016-04-06,2016-04-08,2016-04-08,1,0,,0.001608348171,0.001149750883,0.05185490638,0,temporal_sigmoid
logistic,S1,2016,2016-04-06,2016-03-31,2016-04-06,2016-04-07,2016-04-09,2016-04-09,1,0,,0.03552512126,0.009298694779,0.05185490638,0,temporal_sigmoid
logistic,S1,2016,2016-04-07,2016-04-01,2016-04-07,2016-04-08,2016-04-10,2016-04-10,1,0,,0.05502852151,0.01259967968,0.05185490638,0,temporal_sigmoid
logistic,S1,2016,2016-04-08,2016-04-02,2016-04-08,2016-04-09,2016-04-11,2016-04-11,1,0,,0.100155351,0.01932151315,0.05185490638,0,temporal_sigmoid
logistic,S1,2016,2016-04-09,2016-04-03,2016-04-09,2016-04-10,2016-04-12,2016-04-12,1,0,,0.5193415123,0.08294798125,0.05185490638,1,temporal_sigmoid
logistic,S1,2016,2016-04-10,2016-04-04,2016-04-10,2016-04-11,2016-04-13,2016-04-13,1,0,,0.6670396709,0.120368602,0.05185490638,1,temporal_sigmoid
logistic,S1,2016,2016-04-11,2016-04-05,2016-04-11,2016-04-12,2016-04-14,2016-04-14,1,0,,0.8635044537,0.228305832,0.05185490638,1,temporal_sigmoid
logistic,S1,2016,2016-04-12,2016-04-06,2016-04-12,2016-04-13,2016-04-15,2016-04-15,1,0,,0.909936474,0.288231875,0.05185490638,1,temporal_sigmoid
logistic,S1,2016,2016-04-13,2016-04-07,2016-04-13,2016-04-14,2016-04-16,2016-04-16,1,0,,0.8945081372,0.2647394823,0.05185490638,1,temporal_sigmoid
logistic,S1,2016,2016-04-14,2016-04-08,2016-04-14,2016-04-15,2016-04-17,2016-04-17,1,0,,0.9271805465,0.3210638564,0.05185490638,1,temporal_sigmoid
logistic,S1,2016,2016-04-15,2016-04-09,2016-04-15,2016-04-16,2016-04-18,2016-04-18,1,0,,0.841590773,0.2083375949,0.05185490638,1,temporal_sigmoid
logistic,S1,2016,2016-04-16,2016-04-10,2016-04-16,2016-04-17,2016-04-19,2016-04-19,1,0,,0.6547895373,0.1165411382,0.05185490638,1,temporal_sigmoid
logistic,S1,2016,2016-04-17,2016-04-11,2016-04-17,2016-04-18,2016-04-20,2016-04-20,1,0,,0.1323079568,0.02375448752,0.05185490638,0,temporal_sigmoid
logistic,S1,2016,2016-04-18,2016-04-12,2016-04-18,2016-04-19,2016-04-21,2016-04-21,1,0,,0.8452149769,0.2113887746,0.05185490638,1,temporal_sigmoid
logistic,S1,2016,2016-04-19,2016-04-13,2016-04-19,2016-04-20,2016-04-22,2016-04-22,1,0,,0.9714424085,0.4775274876,0.05185490638,1,temporal_sigmoid
logistic,S1,2016,2016-04-20,2016-04-14,2016-04-20,2016-04-21,2016-04-23,2016-04-23,1,0,,0.7026143928,0.1325800156,0.05185490638,1,temporal_sigmoid
logistic,S1,2016,2016-04-21,2016-04-15,2016-04-21,2016-04-22,2016-04-24,2016-04-24,1,0,,0.8761053731,0.2417261872,0.05185490638,1,temporal_sigmoid
logistic,S1,2016,2016-04-22,2016-04-16,2016-04-22,2016-04-23,2016-04-25,2016-04-25,1,0,,0.9388128904,0.3489128148,0.05185490638,1,temporal_sigmoid
logistic,S1,2016,2016-04-23,2016-04-17,2016-04-23,2016-04-24,2016-04-26,2016-04-26,1,1,fixed36_0038,0.9233830102,0.3130870091,0.05185490638,1,temporal_sigmoid
logistic,S1,2016,2016-04-24,2016-04-18,2016-04-24,2016-04-25,2016-04-27,2016-04-27,1,1,fixed36_0038,0.997315007,0.8195048998,0.05185490638,1,temporal_sigmoid
logistic,S1,2016,2016-04-25,2016-04-19,2016-04-25,2016-04-26,2016-04-28,2016-04-28,1,0,,0.9821340048,0.5577137109,0.05185490638,1,temporal_sigmoid
logistic,S1,2016,2016-04-26,2016-04-20,2016-04-26,2016-04-27,2016-04-29,2016-04-29,1,0,,0.9177934144,0.3021638206,0.05185490638,1,temporal_sigmoid
logistic,S1,2016,2016-04-27,2016-04-21,2016-04-27,2016-04-28,2016-04-30,2016-04-30,1,0,,0.8712264267,0.2363343299,0.05185490638,1,temporal_sigmoid
logistic,S1,2016,2016-04-28,2016-04-22,2016-04-28,2016-04-29,2016-05-01,2016-05-01,1,1,fixed36_0039,0.8592445908,0.2241184433,0.05185490638,1,temporal_sigmoid
logistic,S1,2016,2016-04-29,2016-04-23,2016-04-29,2016-04-30,2016-05-02,2016-05-02,1,0,,0.9443845527,0.3645120602,0.05185490638,1,temporal_sigmoid
logistic,S1,2016,2016-04-30,2016-04-24,2016-04-30,2016-05-01,2016-05-03,2016-05-03,1,0,,0.9695137896,0.4662752426,0.05185490638,1,temporal_sigmoid
logistic,S1,2016,2016-05-01,2016-04-25,2016-05-01,2016-05-02,2016-05-04,2016-05-04,1,0,,0.5423225252,0.08777857375,0.05185490638,1,temporal_sigmoid
logistic,S1,2016,2016-05-02,2016-04-26,2016-05-02,2016-05-03,2016-05-05,2016-05-05,1,0,,9.680360379e-05,0.0001746624829,0.05185490638,0,temporal_sigmoid
logistic,S1,2016,2016-05-03,2016-04-27,2016-05-03,2016-05-04,2016-05-06,2016-05-06,1,0,,1.431048394e-05,4.847552521e-05,0.05185490638,0,temporal_sigmoid
logistic,S1,2016,2016-05-04,2016-04-28,2016-05-04,2016-05-05,2016-05-07,2016-05-07,1,0,,1.350881251e-05,4.663743541e-05,0.05185490638,0,temporal_sigmoid
logistic,S1,2016,2016-05-05,2016-04-29,2016-05-05,2016-05-06,2016-05-08,2016-05-08,1,0,,0.0008251418034,0.0007348496995,0.05185490638,0,temporal_sigmoid
logistic,S1,2016,2016-05-06,2016-04-30,2016-05-06,2016-05-07,2016-05-09,2016-05-09,1,0,,0.01649864944,0.005508620535,0.05185490638,0,temporal_sigmoid
logistic,S1,2016,2016-05-07,2016-05-01,2016-05-07,2016-05-08,2016-05-10,2016-05-10,1,0,,0.02736900461,0.0077746479,0.05185490638,0,temporal_sigmoid
logistic,S1,2016,2016-05-08,2016-05-02,2016-05-08,2016-05-09,2016-05-11,2016-05-11,1,0,,0.03654605562,0.009482023062,0.05185490638,0,temporal_sigmoid
logistic,S1,2016,2016-05-09,2016-05-03,2016-05-09,2016-05-10,2016-05-12,2016-05-12,1,0,,0.02986933556,0.008254265928,0.05185490638,0,temporal_sigmoid
logistic,S1,2016,2016-05-10,2016-05-04,2016-05-10,2016-05-11,2016-05-13,2016-05-13,1,0,,0.1417242666,0.02502526585,0.05185490638,0,temporal_sigmoid
logistic,S1,2016,2016-05-11,2016-05-05,2016-05-11,2016-05-12,2016-05-14,2016-05-14,1,0,,0.3913333787,0.06002801778,0.05185490638,1,temporal_sigmoid
logistic,S1,2016,2016-05-12,2016-05-06,2016-05-12,2016-05-13,2016-05-15,2016-05-15,1,0,,0.2305099985,0.03685736842,0.05185490638,0,temporal_sigmoid
logistic,S1,2016,2016-05-13,2016-05-07,2016-05-13,2016-05-14,2016-05-16,2016-05-16,1,0,,0.0001439285333,0.0002278738506,0.05185490638,0,temporal_sigmoid
logistic,S1,2016,2016-05-14,2016-05-08,2016-05-14,2016-05-15,2016-05-17,2016-05-17,1,0,,0.002509089463,0.001549524183,0.05185490638,0,temporal_sigmoid
logistic,S1,2016,2016-05-15,2016-05-09,2016-05-15,2016-05-16,2016-05-18,2016-05-18,1,0,,0.008127187974,0.003414220236,0.05185490638,0,temporal_sigmoid
logistic,S1,2016,2016-05-16,2016-05-10,2016-05-16,2016-05-17,2016-05-19,2016-05-19,1,0,,0.0298000532,0.008241137379,0.05185490638,0,temporal_sigmoid
logistic,S1,2016,2016-05-17,2016-05-11,2016-05-17,2016-05-18,2016-05-20,2016-05-20,1,0,,0.1900601868,0.03146580958,0.05185490638,0,temporal_sigmoid
logistic,S1,2016,2016-05-18,2016-05-12,2016-05-18,2016-05-19,2016-05-21,2016-05-21,1,0,,0.004354073005,0.00224361962,0.05185490638,0,temporal_sigmoid
logistic,S1,2016,2016-05-19,2016-05-13,2016-05-19,2016-05-20,2016-05-22,2016-05-22,1,0,,0.0001143456474,0.0001952966184,0.05185490638,0,temporal_sigmoid
logistic,S1,2016,2016-05-20,2016-05-14,2016-05-20,2016-05-21,2016-05-23,2016-05-23,1,0,,1.903249048e-05,5.868945851e-05,0.05185490638,0,temporal_sigmoid
logistic,S1,2016,2016-05-21,2016-05-15,2016-05-21,2016-05-22,2016-05-24,2016-05-24,1,0,,5.297774631e-07,8.139970525e-06,0.05185490638,0,temporal_sigmoid
logistic,S1,2016,2016-05-22,2016-05-16,2016-05-22,2016-05-23,2016-05-25,2016-05-25,1,0,,0.002212645292,0.001424137493,0.05185490638,0,temporal_sigmoid
logistic,S1,2016,2016-05-23,2016-05-17,2016-05-23,2016-05-24,2016-05-26,2016-05-26,1,0,,0.02000024738,0.006277605894,0.05185490638,0,temporal_sigmoid
logistic,S1,2016,2016-05-24,2016-05-18,2016-05-24,2016-05-25,2016-05-27,2016-05-27,1,0,,0.003893653373,0.002081317063,0.05185490638,0,temporal_sigmoid
logistic,S1,2016,2016-05-25,2016-05-19,2016-05-25,2016-05-26,2016-05-28,2016-05-28,1,0,,0.002814041002,0.001673539459,0.05185490638,0,temporal_sigmoid
logistic,S1,2016,2016-05-26,2016-05-20,2016-05-26,2016-05-27,2016-05-29,2016-05-29,1,0,,0.002599798361,0.001586904094,0.05185490638,0,temporal_sigmoid
logistic,S1,2016,2016-05-27,2016-05-21,2016-05-27,2016-05-28,2016-05-30,2016-05-30,1,0,,9.419535642e-05,0.0001714929499,0.05185490638,0,temporal_sigmoid
logistic,S1,2016,2016-05-28,2016-05-22,2016-05-28,2016-05-29,2016-05-31,2016-05-31,1,0,,2.500429908e-05,7.047394562e-05,0.05185490638,0,temporal_sigmoid
logistic,S1,2016,2016-05-29,2016-05-23,2016-05-29,2016-05-30,2016-06-01,2016-06-01,1,0,,0.0009304984988,0.0007965187346,0.05185490638,0,temporal_sigmoid
logistic,S1,2016,2016-05-30,2016-05-24,2016-05-30,2016-05-31,2016-06-02,2016-06-02,1,0,,0.1336996409,0.02394288168,0.05185490638,0,temporal_sigmoid
logistic,S1,2016,2016-05-31,2016-05-25,2016-05-31,2016-06-01,2016-06-03,2016-06-03,1,0,,0.01683198538,0.005583849111,0.05185490638,0,temporal_sigmoid
logistic,S1,2016,2016-06-01,2016-05-26,2016-06-01,2016-06-02,2016-06-04,2016-06-04,1,0,,0.005254784808,0.002545874861,0.05185490638,0,temporal_sigmoid
logistic,S1,2016,2016-06-02,2016-05-27,2016-06-02,2016-06-03,2016-06-05,2016-06-05,1,0,,0.01703236192,0.00562884958,0.05185490638,0,temporal_sigmoid
logistic,S1,2016,2016-06-03,2016-05-28,2016-06-03,2016-06-04,2016-06-06,2016-06-06,1,0,,0.03786530015,0.009716816518,0.05185490638,0,temporal_sigmoid
logistic,S1,2016,2016-06-04,2016-05-29,2016-06-04,2016-06-05,2016-06-07,2016-06-07,1,0,,0.0839313725,0.01699813308,0.05185490638,0,temporal_sigmoid
logistic,S1,2016,2016-06-05,2016-05-30,2016-06-05,2016-06-06,2016-06-08,2016-06-08,1,0,,0.02597758506,0.007502207145,0.05185490638,0,temporal_sigmoid
logistic,S1,2016,2016-06-06,2016-05-31,2016-06-06,2016-06-07,2016-06-09,2016-06-09,1,0,,0.003422840639,0.001908732918,0.05185490638,0,temporal_sigmoid
logistic,S1,2016,2016-06-07,2016-06-01,2016-06-07,2016-06-08,2016-06-10,2016-06-10,1,0,,0.0002210229379,0.0003038080651,0.05185490638,0,temporal_sigmoid
logistic,S1,2016,2016-06-08,2016-06-02,2016-06-08,2016-06-09,2016-06-11,2016-06-11,1,0,,0.001517545563,0.001105791001,0.05185490638,0,temporal_sigmoid
logistic,S1,2016,2016-06-09,2016-06-03,2016-06-09,2016-06-10,2016-06-12,2016-06-12,1,0,,0.002035210018,0.001346454161,0.05185490638,0,temporal_sigmoid
logistic,S1,2016,2016-06-10,2016-06-04,2016-06-10,2016-06-11,2016-06-13,2016-06-13,1,0,,0.01795484062,0.005833958468,0.05185490638,0,temporal_sigmoid
logistic,S1,2016,2016-06-11,2016-06-05,2016-06-11,2016-06-12,2016-06-14,2016-06-14,1,0,,0.0001074337679,0.0001873004084,0.05185490638,0,temporal_sigmoid
logistic,S1,2016,2016-06-12,2016-06-06,2016-06-12,2016-06-13,2016-06-15,2016-06-15,1,0,,4.930856116e-06,2.372738498e-05,0.05185490638,0,temporal_sigmoid
logistic,S1,2016,2016-06-13,2016-06-07,2016-06-13,2016-06-14,2016-06-16,2016-06-16,1,0,,1.220428579e-06,9.303202224e-06,0.05185490638,0,temporal_sigmoid
logistic,S1,2016,2016-06-14,2016-06-08,2016-06-14,2016-06-15,2016-06-17,2016-06-17,1,0,,6.775456323e-06,2.936252965e-05,0.05185490638,0,temporal_sigmoid
logistic,S1,2016,2016-06-15,2016-06-09,2016-06-15,2016-06-16,2016-06-18,2016-06-18,1,0,,3.343735865e-05,8.563637751e-05,0.05185490638,0,temporal_sigmoid
logistic,S1,2016,2016-06-16,2016-06-10,2016-06-16,2016-06-17,2016-06-19,2016-06-19,1,0,,0.0002481200753,0.0003283024799,0.05185490638,0,temporal_sigmoid
logistic,S1,2016,2016-06-17,2016-06-11,2016-06-17,2016-06-18,2016-06-20,2016-06-20,1,0,,9.951906079e-06,3.799699969e-05,0.05185490638,0,temporal_sigmoid
logistic,S1,2016,2016-06-18,2016-06-12,2016-06-18,2016-06-19,2016-06-21,2016-06-21,1,0,,0.0004136844213,0.0004625183852,0.05185490638,0,temporal_sigmoid
logistic,S1,2016,2016-06-19,2016-06-13,2016-06-19,2016-06-20,2016-06-22,2016-06-22,1,0,,9.696052748e-05,0.0001748522724,0.05185490638,0,temporal_sigmoid
logistic,S1,2016,2016-06-20,2016-06-14,2016-06-20,2016-06-21,2016-06-23,2016-06-23,1,0,,0.0001872213697,0.000271812535,0.05185490638,0,temporal_sigmoid
logistic,S1,2016,2016-06-21,2016-06-15,2016-06-21,2016-06-22,2016-06-24,2016-06-24,1,0,,0.0004659369502,0.0005009176392,0.05185490638,0,temporal_sigmoid
logistic,S1,2016,2016-06-22,2016-06-16,2016-06-22,2016-06-23,2016-06-25,2016-06-25,1,0,,8.22231295e-05,0.0001565537842,0.05185490638,0,temporal_sigmoid
logistic,S1,2016,2016-06-23,2016-06-17,2016-06-23,2016-06-24,2016-06-26,2016-06-26,1,0,,0.0001831136379,0.0002677993696,0.05185490638,0,temporal_sigmoid
logistic,S1,2016,2016-06-24,2016-06-18,2016-06-24,2016-06-25,2016-06-27,2016-06-27,1,0,,0.0003919309848,0.000446066096,0.05185490638,0,temporal_sigmoid
logistic,S1,2016,2016-06-25,2016-06-19,2016-06-25,2016-06-26,2016-06-28,2016-06-28,1,0,,0.0004156449802,0.0004639869912,0.05185490638,0,temporal_sigmoid
logistic,S1,2016,2016-06-26,2016-06-20,2016-06-26,2016-06-27,2016-06-29,2016-06-29,1,0,,0.0008078712029,0.000724499497,0.05185490638,0,temporal_sigmoid
logistic,S1,2016,2016-06-27,2016-06-21,2016-06-27,2016-06-28,2016-06-30,2016-06-30,1,0,,0.0001939794846,0.0002783525426,0.05185490638,0,temporal_sigmoid
logistic,S1,2017,2017-02-28,2017-02-22,2017-02-28,2017-03-01,2017-03-03,2017-03-03,1,0,,2.264153281e-06,1.103560776e-05,0.03566062593,0,temporal_sigmoid
logistic,S1,2017,2017-03-01,2017-02-23,2017-03-01,2017-03-02,2017-03-04,2017-03-04,1,0,,0.001088890284,0.0007289901867,0.03566062593,0,temporal_sigmoid
logistic,S1,2017,2017-03-02,2017-02-24,2017-03-02,2017-03-03,2017-03-05,2017-03-05,1,0,,0.003127005311,0.001492328334,0.03566062593,0,temporal_sigmoid
logistic,S1,2017,2017-03-03,2017-02-25,2017-03-03,2017-03-04,2017-03-06,2017-03-06,1,0,,0.001838477587,0.001040302383,0.03566062593,0,temporal_sigmoid
logistic,S1,2017,2017-03-04,2017-02-26,2017-03-04,2017-03-05,2017-03-07,2017-03-07,1,0,,5.812383807e-05,9.980483758e-05,0.03566062593,0,temporal_sigmoid
logistic,S1,2017,2017-03-05,2017-02-27,2017-03-05,2017-03-06,2017-03-08,2017-03-08,1,0,,0.0005161050568,0.0004392001009,0.03566062593,0,temporal_sigmoid
logistic,S1,2017,2017-03-06,2017-02-28,2017-03-06,2017-03-07,2017-03-09,2017-03-09,1,0,,0.0001722588873,0.0002085907995,0.03566062593,0,temporal_sigmoid
logistic,S1,2017,2017-03-07,2017-03-01,2017-03-07,2017-03-08,2017-03-10,2017-03-10,1,0,,0.0002561272044,0.0002730159293,0.03566062593,0,temporal_sigmoid
logistic,S1,2017,2017-03-08,2017-03-02,2017-03-08,2017-03-09,2017-03-11,2017-03-11,1,0,,7.56976815e-06,2.503055361e-05,0.03566062593,0,temporal_sigmoid
logistic,S1,2017,2017-03-09,2017-03-03,2017-03-09,2017-03-10,2017-03-12,2017-03-12,1,0,,5.481165277e-07,6.338369287e-06,0.03566062593,0,temporal_sigmoid
logistic,S1,2017,2017-03-10,2017-03-04,2017-03-10,2017-03-11,2017-03-13,2017-03-13,1,0,,3.968043018e-05,7.703141851e-05,0.03566062593,0,temporal_sigmoid
logistic,S1,2017,2017-03-11,2017-03-05,2017-03-11,2017-03-12,2017-03-14,2017-03-14,1,0,,1.023643638e-06,6.439674804e-06,0.03566062593,0,temporal_sigmoid
logistic,S1,2017,2017-03-12,2017-03-06,2017-03-12,2017-03-13,2017-03-15,2017-03-15,1,0,,5.975945998e-05,0.0001017019687,0.03566062593,0,temporal_sigmoid
logistic,S1,2017,2017-03-13,2017-03-07,2017-03-13,2017-03-14,2017-03-16,2017-03-16,1,0,,3.677085639e-06,1.533541213e-05,0.03566062593,0,temporal_sigmoid
logistic,S1,2017,2017-03-14,2017-03-08,2017-03-14,2017-03-15,2017-03-17,2017-03-17,1,0,,2.376660061e-07,6.338369287e-06,0.03566062593,0,temporal_sigmoid
logistic,S1,2017,2017-03-15,2017-03-09,2017-03-15,2017-03-16,2017-03-18,2017-03-18,1,0,,4.297438226e-08,6.338369287e-06,0.03566062593,0,temporal_sigmoid
logistic,S1,2017,2017-03-16,2017-03-10,2017-03-16,2017-03-17,2017-03-19,2017-03-19,1,0,,1.914679378e-07,6.338369287e-06,0.03566062593,0,temporal_sigmoid
logistic,S1,2017,2017-03-17,2017-03-11,2017-03-17,2017-03-18,2017-03-20,2017-03-20,1,0,,6.897056428e-06,2.349875514e-05,0.03566062593,0,temporal_sigmoid
logistic,S1,2017,2017-03-18,2017-03-12,2017-03-18,2017-03-19,2017-03-21,2017-03-21,1,0,,7.572279905e-07,6.338369287e-06,0.03566062593,0,temporal_sigmoid
logistic,S1,2017,2017-03-19,2017-03-13,2017-03-19,2017-03-20,2017-03-22,2017-03-22,1,0,,0.0007003049089,0.0005402734568,0.03566062593,0,temporal_sigmoid
logistic,S1,2017,2017-03-20,2017-03-14,2017-03-20,2017-03-21,2017-03-23,2017-03-23,1,0,,3.00163713e-07,6.338369287e-06,0.03566062593,0,temporal_sigmoid
logistic,S1,2017,2017-03-21,2017-03-15,2017-03-21,2017-03-22,2017-03-24,2017-03-24,1,0,,8.968243146e-05,0.0001339530292,0.03566062593,0,temporal_sigmoid
logistic,S1,2017,2017-03-22,2017-03-16,2017-03-22,2017-03-23,2017-03-25,2017-03-25,1,0,,0.0002403360258,0.0002614781754,0.03566062593,0,temporal_sigmoid
logistic,S1,2017,2017-03-23,2017-03-17,2017-03-23,2017-03-24,2017-03-26,2017-03-26,1,0,,0.0002929394599,0.0002990624394,0.03566062593,0,temporal_sigmoid
logistic,S1,2017,2017-03-24,2017-03-18,2017-03-24,2017-03-25,2017-03-27,2017-03-27,1,0,,0.002895454608,0.001416307259,0.03566062593,0,temporal_sigmoid
logistic,S1,2017,2017-03-25,2017-03-19,2017-03-25,2017-03-26,2017-03-28,2017-03-28,1,0,,3.716089644e-05,7.367780322e-05,0.03566062593,0,temporal_sigmoid
logistic,S1,2017,2017-03-26,2017-03-20,2017-03-26,2017-03-27,2017-03-29,2017-03-29,1,0,,0.0002470460234,0.0002664096936,0.03566062593,0,temporal_sigmoid
logistic,S1,2017,2017-03-27,2017-03-21,2017-03-27,2017-03-28,2017-03-30,2017-03-30,1,0,,0.0006598961414,0.0005189154689,0.03566062593,0,temporal_sigmoid
logistic,S1,2017,2017-03-28,2017-03-22,2017-03-28,2017-03-29,2017-03-31,2017-03-31,1,0,,0.0007351326357,0.0005583658153,0.03566062593,0,temporal_sigmoid
logistic,S1,2017,2017-03-29,2017-03-23,2017-03-29,2017-03-30,2017-04-01,2017-04-01,1,0,,0.00273185891,0.001361425623,0.03566062593,0,temporal_sigmoid
logistic,S1,2017,2017-03-30,2017-03-24,2017-03-30,2017-03-31,2017-04-02,2017-04-02,1,0,,0.01921853574,0.00515419899,0.03566062593,0,temporal_sigmoid
logistic,S1,2017,2017-03-31,2017-03-25,2017-03-31,2017-04-01,2017-04-03,2017-04-03,1,0,,0.01462768724,0.004272985291,0.03566062593,0,temporal_sigmoid
logistic,S1,2017,2017-04-01,2017-03-26,2017-04-01,2017-04-02,2017-04-04,2017-04-04,1,0,,0.1019809088,0.01678203605,0.03566062593,0,temporal_sigmoid
logistic,S1,2017,2017-04-02,2017-03-27,2017-04-02,2017-04-03,2017-04-05,2017-04-05,1,0,,0.0321942835,0.007364684745,0.03566062593,0,temporal_sigmoid
logistic,S1,2017,2017-04-03,2017-03-28,2017-04-03,2017-04-04,2017-04-06,2017-04-06,1,0,,0.004501788563,0.001911934581,0.03566062593,0,temporal_sigmoid
logistic,S1,2017,2017-04-04,2017-03-29,2017-04-04,2017-04-05,2017-04-07,2017-04-07,1,0,,4.618155856e-05,8.538413172e-05,0.03566062593,0,temporal_sigmoid
logistic,S1,2017,2017-04-05,2017-03-30,2017-04-05,2017-04-06,2017-04-08,2017-04-08,1,0,,3.696814192e-06,1.539119338e-05,0.03566062593,0,temporal_sigmoid
logistic,S1,2017,2017-04-06,2017-03-31,2017-04-06,2017-04-07,2017-04-09,2017-04-09,1,0,,4.884933539e-05,8.870055363e-05,0.03566062593,0,temporal_sigmoid
logistic,S1,2017,2017-04-07,2017-04-01,2017-04-07,2017-04-08,2017-04-10,2017-04-10,1,0,,0.008497164166,0.002947210072,0.03566062593,0,temporal_sigmoid
logistic,S1,2017,2017-04-08,2017-04-02,2017-04-08,2017-04-09,2017-04-11,2017-04-11,1,0,,0.02006752407,0.005309909361,0.03566062593,0,temporal_sigmoid
logistic,S1,2017,2017-04-09,2017-04-03,2017-04-09,2017-04-10,2017-04-12,2017-04-12,1,0,,0.01485686704,0.00431878148,0.03566062593,0,temporal_sigmoid
logistic,S1,2017,2017-04-10,2017-04-04,2017-04-10,2017-04-11,2017-04-13,2017-04-13,1,0,,0.09327299975,0.01570983879,0.03566062593,0,temporal_sigmoid
logistic,S1,2017,2017-04-11,2017-04-05,2017-04-11,2017-04-12,2017-04-14,2017-04-14,1,0,,0.07601294692,0.01352927543,0.03566062593,0,temporal_sigmoid
logistic,S1,2017,2017-04-12,2017-04-06,2017-04-12,2017-04-13,2017-04-15,2017-04-15,1,0,,0.01993155593,0.005285104513,0.03566062593,0,temporal_sigmoid
logistic,S1,2017,2017-04-13,2017-04-07,2017-04-13,2017-04-14,2017-04-16,2017-04-16,1,0,,0.02881384251,0.00681828046,0.03566062593,0,temporal_sigmoid
logistic,S1,2017,2017-04-14,2017-04-08,2017-04-14,2017-04-15,2017-04-17,2017-04-17,1,0,,0.04314675353,0.009037865612,0.03566062593,0,temporal_sigmoid
logistic,S1,2017,2017-04-15,2017-04-09,2017-04-15,2017-04-16,2017-04-18,2017-04-18,1,0,,0.01514420204,0.004375898329,0.03566062593,0,temporal_sigmoid
logistic,S1,2017,2017-04-16,2017-04-10,2017-04-16,2017-04-17,2017-04-19,2017-04-19,1,0,,7.450742651e-05,0.0001181208563,0.03566062593,0,temporal_sigmoid
logistic,S1,2017,2017-04-17,2017-04-11,2017-04-17,2017-04-18,2017-04-20,2017-04-20,1,0,,0.03173814473,0.00729192217,0.03566062593,0,temporal_sigmoid
logistic,S1,2017,2017-04-18,2017-04-12,2017-04-18,2017-04-19,2017-04-21,2017-04-21,1,0,,0.1000724558,0.01654837015,0.03566062593,0,temporal_sigmoid
logistic,S1,2017,2017-04-19,2017-04-13,2017-04-19,2017-04-20,2017-04-22,2017-04-22,1,0,,0.008564609727,0.002963152708,0.03566062593,0,temporal_sigmoid
logistic,S1,2017,2017-04-20,2017-04-14,2017-04-20,2017-04-21,2017-04-23,2017-04-23,1,0,,0.0009183377856,0.0006493904606,0.03566062593,0,temporal_sigmoid
logistic,S1,2017,2017-04-21,2017-04-15,2017-04-21,2017-04-22,2017-04-24,2017-04-24,1,0,,2.388198039e-05,5.45819715e-05,0.03566062593,0,temporal_sigmoid
logistic,S1,2017,2017-04-22,2017-04-16,2017-04-22,2017-04-23,2017-04-25,2017-04-25,1,0,,3.488690215e-07,6.338369287e-06,0.03566062593,0,temporal_sigmoid
logistic,S1,2017,2017-04-23,2017-04-17,2017-04-23,2017-04-24,2017-04-26,2017-04-26,1,0,,2.713661758e-06,1.24785301e-05,0.03566062593,0,temporal_sigmoid
logistic,S1,2017,2017-04-24,2017-04-18,2017-04-24,2017-04-25,2017-04-27,2017-04-27,1,0,,1.553583682e-06,8.546855292e-06,0.03566062593,0,temporal_sigmoid
logistic,S1,2017,2017-04-25,2017-04-19,2017-04-25,2017-04-26,2017-04-28,2017-04-28,1,0,,0.05291457105,0.01043790443,0.03566062593,0,temporal_sigmoid
logistic,S1,2017,2017-04-26,2017-04-20,2017-04-26,2017-04-27,2017-04-29,2017-04-29,1,0,,0.05142029309,0.01022819813,0.03566062593,0,temporal_sigmoid
logistic,S1,2017,2017-04-27,2017-04-21,2017-04-27,2017-04-28,2017-04-30,2017-04-30,1,0,,0.03019871468,0.007044177966,0.03566062593,0,temporal_sigmoid
logistic,S1,2017,2017-04-28,2017-04-22,2017-04-28,2017-04-29,2017-05-01,2017-05-01,1,0,,0.02203380872,0.005663316582,0.03566062593,0,temporal_sigmoid
logistic,S1,2017,2017-04-29,2017-04-23,2017-04-29,2017-04-30,2017-05-02,2017-05-02,1,0,,0.01177859976,0.00368381977,0.03566062593,0,temporal_sigmoid
logistic,S1,2017,2017-04-30,2017-04-24,2017-04-30,2017-05-01,2017-05-03,2017-05-03,1,0,,0.01103822948,0.003523840782,0.03566062593,0,temporal_sigmoid
logistic,S1,2017,2017-05-01,2017-04-25,2017-05-01,2017-05-02,2017-05-04,2017-05-04,1,0,,0.001576448202,0.0009371618923,0.03566062593,0,temporal_sigmoid
logistic,S1,2017,2017-05-02,2017-04-26,2017-05-02,2017-05-03,2017-05-05,2017-05-05,1,0,,0.0003164698381,0.0003151592764,0.03566062593,0,temporal_sigmoid
logistic,S1,2017,2017-05-03,2017-04-27,2017-05-03,2017-05-04,2017-05-06,2017-05-06,1,0,,0.01934138444,0.005176854073,0.03566062593,0,temporal_sigmoid
logistic,S1,2017,2017-05-04,2017-04-28,2017-05-04,2017-05-05,2017-05-07,2017-05-07,1,0,,0.05158704252,0.01025167271,0.03566062593,0,temporal_sigmoid
logistic,S1,2017,2017-05-05,2017-04-29,2017-05-05,2017-05-06,2017-05-08,2017-05-08,1,0,,0.1069777377,0.01739067901,0.03566062593,0,temporal_sigmoid
logistic,S1,2017,2017-05-06,2017-04-30,2017-05-06,2017-05-07,2017-05-09,2017-05-09,1,0,,0.01297215565,0.003935396625,0.03566062593,0,temporal_sigmoid
logistic,S1,2017,2017-05-07,2017-05-01,2017-05-07,2017-05-08,2017-05-10,2017-05-10,1,0,,0.01191778573,0.003713546025,0.03566062593,0,temporal_sigmoid
logistic,S1,2017,2017-05-08,2017-05-02,2017-05-08,2017-05-09,2017-05-11,2017-05-11,1,0,,0.01265971633,0.003870250416,0.03566062593,0,temporal_sigmoid
logistic,S1,2017,2017-05-09,2017-05-03,2017-05-09,2017-05-10,2017-05-12,2017-05-12,1,0,,0.0001902934901,0.0002231701331,0.03566062593,0,temporal_sigmoid
logistic,S1,2017,2017-05-10,2017-05-04,2017-05-10,2017-05-11,2017-05-13,2017-05-13,1,0,,0.008217528747,0.002880685139,0.03566062593,0,temporal_sigmoid
logistic,S1,2017,2017-05-11,2017-05-05,2017-05-11,2017-05-12,2017-05-14,2017-05-14,1,0,,0.002189926023,0.001171537783,0.03566062593,0,temporal_sigmoid
logistic,S1,2017,2017-05-12,2017-05-06,2017-05-12,2017-05-13,2017-05-15,2017-05-15,1,0,,0.00935174569,0.003146434186,0.03566062593,0,temporal_sigmoid
logistic,S1,2017,2017-05-13,2017-05-07,2017-05-13,2017-05-14,2017-05-16,2017-05-16,1,0,,0.02889839697,0.006832158803,0.03566062593,0,temporal_sigmoid
logistic,S1,2017,2017-05-14,2017-05-08,2017-05-14,2017-05-15,2017-05-17,2017-05-17,1,0,,0.008794911668,0.003017299516,0.03566062593,0,temporal_sigmoid
logistic,S1,2017,2017-05-15,2017-05-09,2017-05-15,2017-05-16,2017-05-18,2017-05-18,1,0,,0.0001831272528,0.0002174324823,0.03566062593,0,temporal_sigmoid
logistic,S1,2017,2017-05-16,2017-05-10,2017-05-16,2017-05-17,2017-05-19,2017-05-19,1,0,,6.673790427e-05,0.0001096162929,0.03566062593,0,temporal_sigmoid
logistic,S1,2017,2017-05-17,2017-05-11,2017-05-17,2017-05-18,2017-05-20,2017-05-20,1,0,,0.00653803781,0.002464919228,0.03566062593,0,temporal_sigmoid
logistic,S1,2017,2017-05-18,2017-05-12,2017-05-18,2017-05-19,2017-05-21,2017-05-21,1,0,,0.003317599679,0.001553565666,0.03566062593,0,temporal_sigmoid
logistic,S1,2017,2017-05-19,2017-05-13,2017-05-19,2017-05-20,2017-05-22,2017-05-22,1,0,,0.01254898754,0.003847045153,0.03566062593,0,temporal_sigmoid
logistic,S1,2017,2017-05-20,2017-05-14,2017-05-20,2017-05-21,2017-05-23,2017-05-23,1,0,,0.157410921,0.0233678155,0.03566062593,0,temporal_sigmoid
logistic,S1,2017,2017-05-21,2017-05-15,2017-05-21,2017-05-22,2017-05-24,2017-05-24,1,0,,0.1299233768,0.02013892307,0.03566062593,0,temporal_sigmoid
logistic,S1,2017,2017-05-22,2017-05-16,2017-05-22,2017-05-23,2017-05-25,2017-05-25,1,0,,0.1044477087,0.01708305817,0.03566062593,0,temporal_sigmoid
logistic,S1,2017,2017-05-23,2017-05-17,2017-05-23,2017-05-24,2017-05-26,2017-05-26,1,0,,0.3152346841,0.04225757773,0.03566062593,1,temporal_sigmoid
logistic,S1,2017,2017-05-24,2017-05-18,2017-05-24,2017-05-25,2017-05-27,2017-05-27,1,0,,0.3124652779,0.04190581728,0.03566062593,1,temporal_sigmoid
logistic,S1,2017,2017-05-25,2017-05-19,2017-05-25,2017-05-26,2017-05-28,2017-05-28,1,0,,0.3776013202,0.05052194195,0.03566062593,1,temporal_sigmoid
logistic,S1,2017,2017-05-26,2017-05-20,2017-05-26,2017-05-27,2017-05-29,2017-05-29,1,0,,0.01297084485,0.003935124321,0.03566062593,0,temporal_sigmoid
logistic,S1,2017,2017-05-27,2017-05-21,2017-05-27,2017-05-28,2017-05-30,2017-05-30,1,0,,0.006996574843,0.002581446432,0.03566062593,0,temporal_sigmoid
logistic,S1,2017,2017-05-28,2017-05-22,2017-05-28,2017-05-29,2017-05-31,2017-05-31,1,0,,0.003055067431,0.001468908261,0.03566062593,0,temporal_sigmoid
logistic,S1,2017,2017-05-29,2017-05-23,2017-05-29,2017-05-30,2017-06-01,2017-06-01,1,0,,0.006834501401,0.002540540606,0.03566062593,0,temporal_sigmoid
logistic,S1,2017,2017-05-30,2017-05-24,2017-05-30,2017-05-31,2017-06-02,2017-06-02,1,0,,9.257021418e-06,2.869238972e-05,0.03566062593,0,temporal_sigmoid
logistic,S1,2017,2017-05-31,2017-05-25,2017-05-31,2017-06-01,2017-06-03,2017-06-03,1,0,,0.0007772922996,0.0005799030643,0.03566062593,0,temporal_sigmoid
logistic,S1,2017,2017-06-01,2017-05-26,2017-06-01,2017-06-02,2017-06-04,2017-06-04,1,0,,4.025590088e-05,7.778767905e-05,0.03566062593,0,temporal_sigmoid
logistic,S1,2017,2017-06-02,2017-05-27,2017-06-02,2017-06-03,2017-06-05,2017-06-05,1,0,,0.0001839300472,0.0002180787843,0.03566062593,0,temporal_sigmoid
logistic,S1,2017,2017-06-03,2017-05-28,2017-06-03,2017-06-04,2017-06-06,2017-06-06,1,0,,0.01514316098,0.004375691979,0.03566062593,0,temporal_sigmoid
logistic,S1,2017,2017-06-04,2017-05-29,2017-06-04,2017-06-05,2017-06-07,2017-06-07,1,0,,0.001617167904,0.0009535307693,0.03566062593,0,temporal_sigmoid
logistic,S1,2017,2017-06-05,2017-05-30,2017-06-05,2017-06-06,2017-06-08,2017-06-08,1,0,,0.0001878218345,0.0002211991777,0.03566062593,0,temporal_sigmoid
logistic,S1,2017,2017-06-06,2017-05-31,2017-06-06,2017-06-07,2017-06-09,2017-06-09,1,0,,0.007308956635,0.002659462311,0.03566062593,0,temporal_sigmoid
logistic,S1,2017,2017-06-07,2017-06-01,2017-06-07,2017-06-08,2017-06-10,2017-06-10,1,0,,0.007597168405,0.002730521478,0.03566062593,0,temporal_sigmoid
logistic,S1,2017,2017-06-08,2017-06-02,2017-06-08,2017-06-09,2017-06-11,2017-06-11,1,0,,0.001453580443,0.0008869267587,0.03566062593,0,temporal_sigmoid
logistic,S1,2017,2017-06-09,2017-06-03,2017-06-09,2017-06-10,2017-06-12,2017-06-12,1,0,,0.01097282886,0.003509553066,0.03566062593,0,temporal_sigmoid
logistic,S1,2017,2017-06-10,2017-06-04,2017-06-10,2017-06-11,2017-06-13,2017-06-13,1,0,,0.003891563106,0.001731590992,0.03566062593,0,temporal_sigmoid
logistic,S1,2017,2017-06-11,2017-06-05,2017-06-11,2017-06-12,2017-06-14,2017-06-14,1,0,,7.153039802e-05,0.0001148975501,0.03566062593,0,temporal_sigmoid
logistic,S1,2017,2017-06-12,2017-06-06,2017-06-12,2017-06-13,2017-06-15,2017-06-15,1,0,,6.766411795e-07,6.338369287e-06,0.03566062593,0,temporal_sigmoid
logistic,S1,2017,2017-06-13,2017-06-07,2017-06-13,2017-06-14,2017-06-16,2017-06-16,1,0,,0.0006803887237,0.0005297977016,0.03566062593,0,temporal_sigmoid
logistic,S1,2017,2017-06-14,2017-06-08,2017-06-14,2017-06-15,2017-06-17,2017-06-17,1,0,,0.002329767758,0.001221848163,0.03566062593,0,temporal_sigmoid
logistic,S1,2017,2017-06-15,2017-06-09,2017-06-15,2017-06-16,2017-06-18,2017-06-18,1,0,,9.56979617e-05,0.0001399856587,0.03566062593,0,temporal_sigmoid
logistic,S1,2017,2017-06-16,2017-06-10,2017-06-16,2017-06-17,2017-06-19,2017-06-19,1,0,,8.614901004e-06,2.732638706e-05,0.03566062593,0,temporal_sigmoid
logistic,S1,2017,2017-06-17,2017-06-11,2017-06-17,2017-06-18,2017-06-20,2017-06-20,1,0,,2.988342602e-05,6.354925877e-05,0.03566062593,0,temporal_sigmoid
logistic,S1,2017,2017-06-18,2017-06-12,2017-06-18,2017-06-19,2017-06-21,2017-06-21,1,0,,2.800904097e-05,6.081659924e-05,0.03566062593,0,temporal_sigmoid
logistic,S1,2017,2017-06-19,2017-06-13,2017-06-19,2017-06-20,2017-06-22,2017-06-22,1,0,,5.514344772e-07,6.338369287e-06,0.03566062593,0,temporal_sigmoid
logistic,S1,2017,2017-06-20,2017-06-14,2017-06-20,2017-06-21,2017-06-23,2017-06-23,1,0,,1.506969873e-06,8.371999191e-06,0.03566062593,0,temporal_sigmoid
logistic,S1,2017,2017-06-21,2017-06-15,2017-06-21,2017-06-22,2017-06-24,2017-06-24,1,0,,7.274431707e-07,6.338369287e-06,0.03566062593,0,temporal_sigmoid
logistic,S1,2017,2017-06-22,2017-06-16,2017-06-22,2017-06-23,2017-06-25,2017-06-25,1,0,,1.310093191e-05,3.631704086e-05,0.03566062593,0,temporal_sigmoid
logistic,S1,2017,2017-06-23,2017-06-17,2017-06-23,2017-06-24,2017-06-26,2017-06-26,1,0,,1.57606174e-05,4.116961685e-05,0.03566062593,0,temporal_sigmoid
logistic,S1,2017,2017-06-24,2017-06-18,2017-06-24,2017-06-25,2017-06-27,2017-06-27,1,0,,2.398474163e-05,5.474121992e-05,0.03566062593,0,temporal_sigmoid
logistic,S1,2017,2017-06-25,2017-06-19,2017-06-25,2017-06-26,2017-06-28,2017-06-28,1,0,,1.132080832e-05,3.289082177e-05,0.03566062593,0,temporal_sigmoid
logistic,S1,2017,2017-06-26,2017-06-20,2017-06-26,2017-06-27,2017-06-29,2017-06-29,1,0,,2.168321386e-05,5.111957864e-05,0.03566062593,0,temporal_sigmoid
logistic,S1,2017,2017-06-27,2017-06-21,2017-06-27,2017-06-28,2017-06-30,2017-06-30,1,0,,4.986927132e-05,8.995299272e-05,0.03566062593,0,temporal_sigmoid
logistic,S1,2018,2018-02-28,2018-02-22,2018-02-28,2018-03-01,2018-03-03,2018-03-03,1,0,,0.0008802149398,0.0006836141314,0.03306867534,0,temporal_sigmoid
logistic,S1,2018,2018-03-01,2018-02-23,2018-03-01,2018-03-02,2018-03-04,2018-03-04,1,0,,0.001104383706,0.0007944958952,0.03306867534,0,temporal_sigmoid
logistic,S1,2018,2018-03-02,2018-02-24,2018-03-02,2018-03-03,2018-03-05,2018-03-05,1,0,,0.004789598203,0.002102012617,0.03306867534,0,temporal_sigmoid
logistic,S1,2018,2018-03-03,2018-02-25,2018-03-03,2018-03-04,2018-03-06,2018-03-06,1,0,,0.01481255025,0.004459650519,0.03306867534,0,temporal_sigmoid
logistic,S1,2018,2018-03-04,2018-02-26,2018-03-04,2018-03-05,2018-03-07,2018-03-07,1,0,,0.04522191739,0.009488219905,0.03306867534,0,temporal_sigmoid
logistic,S1,2018,2018-03-05,2018-02-27,2018-03-05,2018-03-06,2018-03-08,2018-03-08,1,0,,0.01212362294,0.003900640876,0.03306867534,0,temporal_sigmoid
logistic,S1,2018,2018-03-06,2018-02-28,2018-03-06,2018-03-07,2018-03-09,2018-03-09,1,0,,0.01274291358,0.004032645765,0.03306867534,0,temporal_sigmoid
logistic,S1,2018,2018-03-07,2018-03-01,2018-03-07,2018-03-08,2018-03-10,2018-03-10,1,0,,0.0001218928117,0.0001845400531,0.03306867534,0,temporal_sigmoid
logistic,S1,2018,2018-03-08,2018-03-02,2018-03-08,2018-03-09,2018-03-11,2018-03-11,1,0,,6.298211626e-06,2.593062143e-05,0.03306867534,0,temporal_sigmoid
logistic,S1,2018,2018-03-09,2018-03-03,2018-03-09,2018-03-10,2018-03-12,2018-03-12,1,0,,2.334394544e-06,1.343713681e-05,0.03306867534,0,temporal_sigmoid
logistic,S1,2018,2018-03-10,2018-03-04,2018-03-10,2018-03-11,2018-03-13,2018-03-13,1,0,,1.577323155e-05,4.763168035e-05,0.03306867534,0,temporal_sigmoid
logistic,S1,2018,2018-03-11,2018-03-05,2018-03-11,2018-03-12,2018-03-14,2018-03-14,1,0,,0.0006821715822,0.0005774028416,0.03306867534,0,temporal_sigmoid
logistic,S1,2018,2018-03-12,2018-03-06,2018-03-12,2018-03-13,2018-03-15,2018-03-15,1,0,,0.007189471914,0.002753512823,0.03306867534,0,temporal_sigmoid
logistic,S1,2018,2018-03-13,2018-03-07,2018-03-13,2018-03-14,2018-03-16,2018-03-16,1,0,,0.001978322423,0.001169170318,0.03306867534,0,temporal_sigmoid
logistic,S1,2018,2018-03-14,2018-03-08,2018-03-14,2018-03-15,2018-03-17,2018-03-17,1,0,,0.008106838588,0.002982626721,0.03306867534,0,temporal_sigmoid
logistic,S1,2018,2018-03-15,2018-03-09,2018-03-15,2018-03-16,2018-03-18,2018-03-18,1,0,,0.0357643638,0.008081113495,0.03306867534,0,temporal_sigmoid
logistic,S1,2018,2018-03-16,2018-03-10,2018-03-16,2018-03-17,2018-03-19,2018-03-19,1,0,,0.003363035328,0.00166224801,0.03306867534,0,temporal_sigmoid
logistic,S1,2018,2018-03-17,2018-03-11,2018-03-17,2018-03-18,2018-03-20,2018-03-20,1,0,,0.06772849617,0.01255723451,0.03306867534,0,temporal_sigmoid
logistic,S1,2018,2018-03-18,2018-03-12,2018-03-18,2018-03-19,2018-03-21,2018-03-21,1,0,,0.05548465671,0.01092689311,0.03306867534,0,temporal_sigmoid
logistic,S1,2018,2018-03-19,2018-03-13,2018-03-19,2018-03-20,2018-03-22,2018-03-22,1,0,,0.007823712932,0.002912869934,0.03306867534,0,temporal_sigmoid
logistic,S1,2018,2018-03-20,2018-03-14,2018-03-20,2018-03-21,2018-03-23,2018-03-23,1,0,,0.0009014690468,0.0006945059387,0.03306867534,0,temporal_sigmoid
logistic,S1,2018,2018-03-21,2018-03-15,2018-03-21,2018-03-22,2018-03-24,2018-03-24,1,0,,0.0008065359867,0.0006451483958,0.03306867534,0,temporal_sigmoid
logistic,S1,2018,2018-03-22,2018-03-16,2018-03-22,2018-03-23,2018-03-25,2018-03-25,1,0,,0.002402975703,0.001330053242,0.03306867534,0,temporal_sigmoid
logistic,S1,2018,2018-03-23,2018-03-17,2018-03-23,2018-03-24,2018-03-26,2018-03-26,1,0,,0.01340460285,0.004171428387,0.03306867534,0,temporal_sigmoid
logistic,S1,2018,2018-03-24,2018-03-18,2018-03-24,2018-03-25,2018-03-27,2018-03-27,1,0,,0.05559308074,0.01094169993,0.03306867534,0,temporal_sigmoid
logistic,S1,2018,2018-03-25,2018-03-19,2018-03-25,2018-03-26,2018-03-28,2018-03-28,1,0,,0.2764491969,0.03678087269,0.03306867534,1,temporal_sigmoid
logistic,S1,2018,2018-03-26,2018-03-20,2018-03-26,2018-03-27,2018-03-29,2018-03-29,1,0,,0.03194662014,0.00748381073,0.03306867534,0,temporal_sigmoid
logistic,S1,2018,2018-03-27,2018-03-21,2018-03-27,2018-03-28,2018-03-30,2018-03-30,1,0,,0.003160096535,0.001595004432,0.03306867534,0,temporal_sigmoid
logistic,S1,2018,2018-03-28,2018-03-22,2018-03-28,2018-03-29,2018-03-31,2018-03-31,1,0,,0.02211754695,0.005836657103,0.03306867534,0,temporal_sigmoid
logistic,S1,2018,2018-03-29,2018-03-23,2018-03-29,2018-03-30,2018-04-01,2018-04-01,1,0,,0.0222593626,0.005861833655,0.03306867534,0,temporal_sigmoid
logistic,S1,2018,2018-03-30,2018-03-24,2018-03-30,2018-03-31,2018-04-02,2018-04-02,1,0,,0.0004873254154,0.0004620801983,0.03306867534,0,temporal_sigmoid
logistic,S1,2018,2018-03-31,2018-03-25,2018-03-31,2018-04-01,2018-04-03,2018-04-03,1,0,,4.66461991e-07,7.663741171e-06,0.03306867534,0,temporal_sigmoid
logistic,S1,2018,2018-04-01,2018-03-26,2018-04-01,2018-04-02,2018-04-04,2018-04-04,1,0,,0.0003395636453,0.0003637415586,0.03306867534,0,temporal_sigmoid
logistic,S1,2018,2018-04-02,2018-03-27,2018-04-02,2018-04-03,2018-04-05,2018-04-05,1,0,,1.753608137e-05,5.10942286e-05,0.03306867534,0,temporal_sigmoid
logistic,S1,2018,2018-04-03,2018-03-28,2018-04-03,2018-04-04,2018-04-06,2018-04-06,1,0,,0.00691932015,0.002684240405,0.03306867534,0,temporal_sigmoid
logistic,S1,2018,2018-04-04,2018-03-29,2018-04-04,2018-04-05,2018-04-07,2018-04-07,1,0,,0.0150560628,0.004508594967,0.03306867534,0,temporal_sigmoid
logistic,S1,2018,2018-04-05,2018-03-30,2018-04-05,2018-04-06,2018-04-08,2018-04-08,1,0,,0.01132345101,0.003726809021,0.03306867534,0,temporal_sigmoid
logistic,S1,2018,2018-04-06,2018-03-31,2018-04-06,2018-04-07,2018-04-09,2018-04-09,1,0,,0.0001389067895,0.0002012216917,0.03306867534,0,temporal_sigmoid
logistic,S1,2018,2018-04-07,2018-04-01,2018-04-07,2018-04-08,2018-04-10,2018-04-10,1,0,,0.009783352039,0.003380536337,0.03306867534,0,temporal_sigmoid
logistic,S1,2018,2018-04-08,2018-04-02,2018-04-08,2018-04-09,2018-04-11,2018-04-11,1,0,,0.005705055505,0.002361030258,0.03306867534,0,temporal_sigmoid
logistic,S1,2018,2018-04-09,2018-04-03,2018-04-09,2018-04-10,2018-04-12,2018-04-12,1,0,,0.06395457012,0.01206302499,0.03306867534,0,temporal_sigmoid
logistic,S1,2018,2018-04-10,2018-04-04,2018-04-10,2018-04-11,2018-04-13,2018-04-13,1,0,,0.007082712694,0.002726241845,0.03306867534,0,temporal_sigmoid
logistic,S1,2018,2018-04-11,2018-04-05,2018-04-11,2018-04-12,2018-04-14,2018-04-14,1,0,,0.002683174117,0.001430978727,0.03306867534,0,temporal_sigmoid
logistic,S1,2018,2018-04-12,2018-04-06,2018-04-12,2018-04-13,2018-04-15,2018-04-15,1,0,,0.001161544669,0.0008215100035,0.03306867534,0,temporal_sigmoid
logistic,S1,2018,2018-04-13,2018-04-07,2018-04-13,2018-04-14,2018-04-16,2018-04-16,1,0,,0.000789463072,0.0006360685835,0.03306867534,0,temporal_sigmoid
logistic,S1,2018,2018-04-14,2018-04-08,2018-04-14,2018-04-15,2018-04-17,2018-04-17,1,0,,0.002655850665,0.001421297955,0.03306867534,0,temporal_sigmoid
logistic,S1,2018,2018-04-15,2018-04-09,2018-04-15,2018-04-16,2018-04-18,2018-04-18,1,0,,0.003144658595,0.001589830876,0.03306867534,0,temporal_sigmoid
logistic,S1,2018,2018-04-16,2018-04-10,2018-04-16,2018-04-17,2018-04-19,2018-04-19,1,0,,0.06414062388,0.01208754975,0.03306867534,0,temporal_sigmoid
logistic,S1,2018,2018-04-17,2018-04-11,2018-04-17,2018-04-18,2018-04-20,2018-04-20,1,0,,0.0005372999164,0.0004929482767,0.03306867534,0,temporal_sigmoid
logistic,S1,2018,2018-04-18,2018-04-12,2018-04-18,2018-04-19,2018-04-21,2018-04-21,1,0,,0.0008705930758,0.0006786542453,0.03306867534,0,temporal_sigmoid
logistic,S1,2018,2018-04-19,2018-04-13,2018-04-19,2018-04-20,2018-04-22,2018-04-22,1,0,,0.0002485107758,0.0002957975857,0.03306867534,0,temporal_sigmoid
logistic,S1,2018,2018-04-20,2018-04-14,2018-04-20,2018-04-21,2018-04-23,2018-04-23,1,0,,0.00157592174,0.001005577517,0.03306867534,0,temporal_sigmoid
logistic,S1,2018,2018-04-21,2018-04-15,2018-04-21,2018-04-22,2018-04-24,2018-04-24,1,0,,0.0003951952699,0.0004021945957,0.03306867534,0,temporal_sigmoid
logistic,S1,2018,2018-04-22,2018-04-16,2018-04-22,2018-04-23,2018-04-25,2018-04-25,1,0,,0.006443609406,0.002560046103,0.03306867534,0,temporal_sigmoid
logistic,S1,2018,2018-04-23,2018-04-17,2018-04-23,2018-04-24,2018-04-26,2018-04-26,1,0,,0.07898970704,0.01399595372,0.03306867534,0,temporal_sigmoid
logistic,S1,2018,2018-04-24,2018-04-18,2018-04-24,2018-04-25,2018-04-27,2018-04-27,1,0,,0.03566634347,0.008066016089,0.03306867534,0,temporal_sigmoid
logistic,S1,2018,2018-04-25,2018-04-19,2018-04-25,2018-04-26,2018-04-28,2018-04-28,1,0,,0.03697461236,0.008266556248,0.03306867534,0,temporal_sigmoid
logistic,S1,2018,2018-04-26,2018-04-20,2018-04-26,2018-04-27,2018-04-29,2018-04-29,1,0,,0.0001702139867,0.0002302183238,0.03306867534,0,temporal_sigmoid
logistic,S1,2018,2018-04-27,2018-04-21,2018-04-27,2018-04-28,2018-04-30,2018-04-30,1,0,,1.572486968e-05,4.753489915e-05,0.03306867534,0,temporal_sigmoid
logistic,S1,2018,2018-04-28,2018-04-22,2018-04-28,2018-04-29,2018-05-01,2018-05-01,1,0,,0.001931275648,0.00115066427,0.03306867534,0,temporal_sigmoid
logistic,S1,2018,2018-04-29,2018-04-23,2018-04-29,2018-04-30,2018-05-02,2018-05-02,1,0,,3.450633718e-06,1.740708412e-05,0.03306867534,0,temporal_sigmoid
logistic,S1,2018,2018-04-30,2018-04-24,2018-04-30,2018-05-01,2018-05-03,2018-05-03,1,0,,2.141633704e-06,1.269156186e-05,0.03306867534,0,temporal_sigmoid
logistic,S1,2018,2018-05-01,2018-04-25,2018-05-01,2018-05-02,2018-05-04,2018-05-04,1,0,,0.007750902343,0.002894797592,0.03306867534,0,temporal_sigmoid
logistic,S1,2018,2018-05-02,2018-04-26,2018-05-02,2018-05-03,2018-05-05,2018-05-05,1,0,,0.0009644389777,0.0007262792168,0.03306867534,0,temporal_sigmoid
logistic,S1,2018,2018-05-03,2018-04-27,2018-05-03,2018-05-04,2018-05-06,2018-05-06,1,0,,0.0007678453899,0.0006244761576,0.03306867534,0,temporal_sigmoid
logistic,S1,2018,2018-05-04,2018-04-28,2018-05-04,2018-05-05,2018-05-07,2018-05-07,1,0,,2.551918892e-05,6.550747872e-05,0.03306867534,0,temporal_sigmoid
logistic,S1,2018,2018-05-05,2018-04-29,2018-05-05,2018-05-06,2018-05-08,2018-05-08,1,0,,0.0006409163588,0.000554028442,0.03306867534,0,temporal_sigmoid
logistic,S1,2018,2018-05-06,2018-04-30,2018-05-06,2018-05-07,2018-05-09,2018-05-09,1,0,,0.04123585259,0.008906303547,0.03306867534,0,temporal_sigmoid
logistic,S1,2018,2018-05-07,2018-05-01,2018-05-07,2018-05-08,2018-05-10,2018-05-10,1,0,,0.0009524295322,0.000720274782,0.03306867534,0,temporal_sigmoid
logistic,S1,2018,2018-05-08,2018-05-02,2018-05-08,2018-05-09,2018-05-11,2018-05-11,1,0,,0.003089925783,0.001571419942,0.03306867534,0,temporal_sigmoid
logistic,S1,2018,2018-05-09,2018-05-03,2018-05-09,2018-05-10,2018-05-12,2018-05-12,1,0,,0.002173172775,0.00124429731,0.03306867534,0,temporal_sigmoid
logistic,S1,2018,2018-05-10,2018-05-04,2018-05-10,2018-05-11,2018-05-13,2018-05-13,1,0,,0.0002006919171,0.0002567554164,0.03306867534,0,temporal_sigmoid
logistic,S1,2018,2018-05-11,2018-05-05,2018-05-11,2018-05-12,2018-05-14,2018-05-14,1,0,,1.536527323e-06,1.018588587e-05,0.03306867534,0,temporal_sigmoid
logistic,S1,2018,2018-05-12,2018-05-06,2018-05-12,2018-05-13,2018-05-15,2018-05-15,1,0,,4.018873437e-06,1.925652797e-05,0.03306867534,0,temporal_sigmoid
logistic,S1,2018,2018-05-13,2018-05-07,2018-05-13,2018-05-14,2018-05-16,2018-05-16,1,0,,4.221361026e-07,7.663741171e-06,0.03306867534,0,temporal_sigmoid
logistic,S1,2018,2018-05-14,2018-05-08,2018-05-14,2018-05-15,2018-05-17,2018-05-17,1,0,,2.666460562e-06,1.467457251e-05,0.03306867534,0,temporal_sigmoid
logistic,S1,2018,2018-05-15,2018-05-09,2018-05-15,2018-05-16,2018-05-18,2018-05-18,1,0,,0.0005865988329,0.0005224626363,0.03306867534,0,temporal_sigmoid
logistic,S1,2018,2018-05-16,2018-05-10,2018-05-16,2018-05-17,2018-05-19,2018-05-19,1,0,,2.388395902e-06,1.364223024e-05,0.03306867534,0,temporal_sigmoid
logistic,S1,2018,2018-05-17,2018-05-11,2018-05-17,2018-05-18,2018-05-20,2018-05-20,1,0,,0.0001263020526,0.0001889347839,0.03306867534,0,temporal_sigmoid
logistic,S1,2018,2018-05-18,2018-05-12,2018-05-18,2018-05-19,2018-05-21,2018-05-21,1,0,,2.392954701e-05,6.277547431e-05,0.03306867534,0,temporal_sigmoid
logistic,S1,2018,2018-05-19,2018-05-13,2018-05-19,2018-05-20,2018-05-22,2018-05-22,1,0,,0.0005916957948,0.0005254653936,0.03306867534,0,temporal_sigmoid
logistic,S1,2018,2018-05-20,2018-05-14,2018-05-20,2018-05-21,2018-05-23,2018-05-23,1,0,,0.002243011555,0.001270667706,0.03306867534,0,temporal_sigmoid
logistic,S1,2018,2018-05-21,2018-05-15,2018-05-21,2018-05-22,2018-05-24,2018-05-24,1,0,,0.0001351845789,0.000197634036,0.03306867534,0,temporal_sigmoid
logistic,S1,2018,2018-05-22,2018-05-16,2018-05-22,2018-05-23,2018-05-25,2018-05-25,1,0,,0.001017987014,0.0007527516504,0.03306867534,0,temporal_sigmoid
logistic,S1,2018,2018-05-23,2018-05-17,2018-05-23,2018-05-24,2018-05-26,2018-05-26,1,0,,0.0006893967387,0.0005814468014,0.03306867534,0,temporal_sigmoid
logistic,S1,2018,2018-05-24,2018-05-18,2018-05-24,2018-05-25,2018-05-27,2018-05-27,1,0,,7.429033093e-05,0.0001329410818,0.03306867534,0,temporal_sigmoid
logistic,S1,2018,2018-05-25,2018-05-19,2018-05-25,2018-05-26,2018-05-28,2018-05-28,1,0,,0.001805688916,0.001100505252,0.03306867534,0,temporal_sigmoid
logistic,S1,2018,2018-05-26,2018-05-20,2018-05-26,2018-05-27,2018-05-29,2018-05-29,1,0,,0.02144304011,0.005716222772,0.03306867534,0,temporal_sigmoid
logistic,S1,2018,2018-05-27,2018-05-21,2018-05-27,2018-05-28,2018-05-30,2018-05-30,1,0,,0.07264631421,0.01319168732,0.03306867534,0,temporal_sigmoid
logistic,S1,2018,2018-05-28,2018-05-22,2018-05-28,2018-05-29,2018-05-31,2018-05-31,1,0,,0.0320037544,0.00749289773,0.03306867534,0,temporal_sigmoid
logistic,S1,2018,2018-05-29,2018-05-23,2018-05-29,2018-05-30,2018-06-01,2018-06-01,1,0,,0.004127130109,0.001904175963,0.03306867534,0,temporal_sigmoid
logistic,S1,2018,2018-05-30,2018-05-24,2018-05-30,2018-05-31,2018-06-02,2018-06-02,1,0,,0.01813346212,0.005107160152,0.03306867534,0,temporal_sigmoid
logistic,S1,2018,2018-05-31,2018-05-25,2018-05-31,2018-06-01,2018-06-03,2018-06-03,1,0,,5.195687148e-06,2.282741703e-05,0.03306867534,0,temporal_sigmoid
logistic,S1,2018,2018-06-01,2018-05-26,2018-06-01,2018-06-02,2018-06-04,2018-06-04,1,0,,0.0006188683069,0.0005413287925,0.03306867534,0,temporal_sigmoid
logistic,S1,2018,2018-06-02,2018-05-27,2018-06-02,2018-06-03,2018-06-05,2018-06-05,1,0,,0.003117061525,0.001580561336,0.03306867534,0,temporal_sigmoid
logistic,S1,2018,2018-06-03,2018-05-28,2018-06-03,2018-06-04,2018-06-06,2018-06-06,1,0,,0.01050576155,0.003545010638,0.03306867534,0,temporal_sigmoid
logistic,S1,2018,2018-06-04,2018-05-29,2018-06-04,2018-06-05,2018-06-07,2018-06-07,1,0,,0.008328327943,0.003036641539,0.03306867534,0,temporal_sigmoid
logistic,S1,2018,2018-06-05,2018-05-30,2018-06-05,2018-06-06,2018-06-08,2018-06-08,1,0,,0.006856172295,0.002667920349,0.03306867534,0,temporal_sigmoid
logistic,S1,2018,2018-06-06,2018-05-31,2018-06-06,2018-06-07,2018-06-09,2018-06-09,1,0,,0.003106532827,0.001577017638,0.03306867534,0,temporal_sigmoid
logistic,S1,2018,2018-06-07,2018-06-01,2018-06-07,2018-06-08,2018-06-10,2018-06-10,1,0,,0.02285621741,0.005967258015,0.03306867534,0,temporal_sigmoid
logistic,S1,2018,2018-06-08,2018-06-02,2018-06-08,2018-06-09,2018-06-11,2018-06-11,1,0,,0.007552788125,0.002845338723,0.03306867534,0,temporal_sigmoid
logistic,S1,2018,2018-06-09,2018-06-03,2018-06-09,2018-06-10,2018-06-12,2018-06-12,1,0,,0.01171209329,0.003811717883,0.03306867534,0,temporal_sigmoid
logistic,S1,2018,2018-06-10,2018-06-04,2018-06-10,2018-06-11,2018-06-13,2018-06-13,1,0,,0.000253540485,0.0002997494332,0.03306867534,0,temporal_sigmoid
logistic,S1,2018,2018-06-11,2018-06-05,2018-06-11,2018-06-12,2018-06-14,2018-06-14,1,0,,6.310810426e-05,0.0001193259186,0.03306867534,0,temporal_sigmoid
logistic,S1,2018,2018-06-12,2018-06-06,2018-06-12,2018-06-13,2018-06-15,2018-06-15,1,0,,4.741104962e-05,9.873452093e-05,0.03306867534,0,temporal_sigmoid
logistic,S1,2018,2018-06-13,2018-06-07,2018-06-13,2018-06-14,2018-06-16,2018-06-16,1,0,,0.0002942076791,0.0003307883442,0.03306867534,0,temporal_sigmoid
logistic,S1,2018,2018-06-14,2018-06-08,2018-06-14,2018-06-15,2018-06-17,2018-06-17,1,0,,0.0007337964523,0.0006059915791,0.03306867534,0,temporal_sigmoid
logistic,S1,2018,2018-06-15,2018-06-09,2018-06-15,2018-06-16,2018-06-18,2018-06-18,1,0,,9.95655371e-05,0.0001613958406,0.03306867534,0,temporal_sigmoid
logistic,S1,2018,2018-06-16,2018-06-10,2018-06-16,2018-06-17,2018-06-19,2018-06-19,1,0,,0.0001250208372,0.0001876632016,0.03306867534,0,temporal_sigmoid
logistic,S1,2018,2018-06-17,2018-06-11,2018-06-17,2018-06-18,2018-06-20,2018-06-20,1,0,,0.0001905929088,0.0002481235655,0.03306867534,0,temporal_sigmoid
logistic,S1,2018,2018-06-18,2018-06-12,2018-06-18,2018-06-19,2018-06-21,2018-06-21,1,0,,0.0006647185762,0.0005675741934,0.03306867534,0,temporal_sigmoid
logistic,S1,2018,2018-06-19,2018-06-13,2018-06-19,2018-06-20,2018-06-22,2018-06-22,1,0,,2.418186826e-05,6.321312105e-05,0.03306867534,0,temporal_sigmoid
logistic,S1,2018,2018-06-20,2018-06-14,2018-06-20,2018-06-21,2018-06-23,2018-06-23,1,0,,3.231188409e-05,7.659105257e-05,0.03306867534,0,temporal_sigmoid
logistic,S1,2018,2018-06-21,2018-06-15,2018-06-21,2018-06-22,2018-06-24,2018-06-24,1,0,,0.0003754078578,0.0003887406472,0.03306867534,0,temporal_sigmoid
logistic,S1,2018,2018-06-22,2018-06-16,2018-06-22,2018-06-23,2018-06-25,2018-06-25,1,0,,8.088873632e-05,0.0001406488512,0.03306867534,0,temporal_sigmoid
logistic,S1,2018,2018-06-23,2018-06-17,2018-06-23,2018-06-24,2018-06-26,2018-06-26,1,0,,2.221784345e-06,1.300421746e-05,0.03306867534,0,temporal_sigmoid
logistic,S1,2018,2018-06-24,2018-06-18,2018-06-24,2018-06-25,2018-06-27,2018-06-27,1,0,,1.165178526e-05,3.8974269e-05,0.03306867534,0,temporal_sigmoid
logistic,S1,2018,2018-06-25,2018-06-19,2018-06-25,2018-06-26,2018-06-28,2018-06-28,1,0,,4.020834147e-08,7.663741171e-06,0.03306867534,0,temporal_sigmoid
logistic,S1,2018,2018-06-26,2018-06-20,2018-06-26,2018-06-27,2018-06-29,2018-06-29,1,0,,3.430000377e-05,7.968082143e-05,0.03306867534,0,temporal_sigmoid
logistic,S1,2018,2018-06-27,2018-06-21,2018-06-27,2018-06-28,2018-06-30,2018-06-30,1,0,,2.113668901e-06,1.258154977e-05,0.03306867534,0,temporal_sigmoid
logistic,S1,2019,2019-02-28,2019-02-22,2019-02-28,2019-03-01,2019-03-03,2019-03-03,1,0,,1.399609174e-08,1.762568795e-05,0.04782911737,0,temporal_sigmoid
logistic,S1,2019,2019-03-01,2019-02-23,2019-03-01,2019-03-02,2019-03-04,2019-03-04,1,0,,1.010056572e-07,1.762568795e-05,0.04782911737,0,temporal_sigmoid
logistic,S1,2019,2019-03-02,2019-02-24,2019-03-02,2019-03-03,2019-03-05,2019-03-05,1,0,,4.99830823e-09,1.762568795e-05,0.04782911737,0,temporal_sigmoid
logistic,S1,2019,2019-03-03,2019-02-25,2019-03-03,2019-03-04,2019-03-06,2019-03-06,1,0,,2.427882733e-09,1.762568795e-05,0.04782911737,0,temporal_sigmoid
logistic,S1,2019,2019-03-04,2019-02-26,2019-03-04,2019-03-05,2019-03-07,2019-03-07,1,0,,4.359853164e-10,1.762568795e-05,0.04782911737,0,temporal_sigmoid
logistic,S1,2019,2019-03-05,2019-02-27,2019-03-05,2019-03-06,2019-03-08,2019-03-08,1,0,,1.980815459e-09,1.762568795e-05,0.04782911737,0,temporal_sigmoid
logistic,S1,2019,2019-03-06,2019-02-28,2019-03-06,2019-03-07,2019-03-09,2019-03-09,1,0,,4.644908849e-06,4.532187505e-05,0.04782911737,0,temporal_sigmoid
logistic,S1,2019,2019-03-07,2019-03-01,2019-03-07,2019-03-08,2019-03-10,2019-03-10,1,0,,1.128972481e-05,7.825176585e-05,0.04782911737,0,temporal_sigmoid
logistic,S1,2019,2019-03-08,2019-03-02,2019-03-08,2019-03-09,2019-03-11,2019-03-11,1,0,,7.972258528e-06,6.317950149e-05,0.04782911737,0,temporal_sigmoid
logistic,S1,2019,2019-03-09,2019-03-03,2019-03-09,2019-03-10,2019-03-12,2019-03-12,1,0,,3.848386286e-06,4.03708066e-05,0.04782911737,0,temporal_sigmoid
logistic,S1,2019,2019-03-10,2019-03-04,2019-03-10,2019-03-11,2019-03-13,2019-03-13,1,0,,4.398144952e-06,4.382570268e-05,0.04782911737,0,temporal_sigmoid
logistic,S1,2019,2019-03-11,2019-03-05,2019-03-11,2019-03-12,2019-03-14,2019-03-14,1,0,,7.677162901e-05,0.0002543376909,0.04782911737,0,temporal_sigmoid
logistic,S1,2019,2019-03-12,2019-03-06,2019-03-12,2019-03-13,2019-03-15,2019-03-15,1,0,,0.002143533124,0.001969812025,0.04782911737,0,temporal_sigmoid
logistic,S1,2019,2019-03-13,2019-03-07,2019-03-13,2019-03-14,2019-03-16,2019-03-16,1,0,,0.01015027789,0.005134729278,0.04782911737,0,temporal_sigmoid
logistic,S1,2019,2019-03-14,2019-03-08,2019-03-14,2019-03-15,2019-03-17,2019-03-17,1,0,,0.02098846701,0.008057602495,0.04782911737,0,temporal_sigmoid
logistic,S1,2019,2019-03-15,2019-03-09,2019-03-15,2019-03-16,2019-03-18,2019-03-18,1,0,,0.01974986255,0.007758071174,0.04782911737,0,temporal_sigmoid
logistic,S1,2019,2019-03-16,2019-03-10,2019-03-16,2019-03-17,2019-03-19,2019-03-19,1,0,,0.1003593601,0.02190794444,0.04782911737,0,temporal_sigmoid
logistic,S1,2019,2019-03-17,2019-03-11,2019-03-17,2019-03-18,2019-03-20,2019-03-20,1,0,,0.1839468431,0.03336932995,0.04782911737,0,temporal_sigmoid
logistic,S1,2019,2019-03-18,2019-03-12,2019-03-18,2019-03-19,2019-03-21,2019-03-21,1,0,,0.0007553958866,0.001037298443,0.04782911737,0,temporal_sigmoid
logistic,S1,2019,2019-03-19,2019-03-13,2019-03-19,2019-03-20,2019-03-22,2019-03-22,1,0,,0.005552983166,0.003539019186,0.04782911737,0,temporal_sigmoid
logistic,S1,2019,2019-03-20,2019-03-14,2019-03-20,2019-03-21,2019-03-23,2019-03-23,1,0,,0.02565802703,0.009134042144,0.04782911737,0,temporal_sigmoid
logistic,S1,2019,2019-03-21,2019-03-15,2019-03-21,2019-03-22,2019-03-24,2019-03-24,1,0,,0.1500755155,0.0288508385,0.04782911737,0,temporal_sigmoid
logistic,S1,2019,2019-03-22,2019-03-16,2019-03-22,2019-03-23,2019-03-25,2019-03-25,1,0,,0.3815378731,0.06025514564,0.04782911737,1,temporal_sigmoid
logistic,S1,2019,2019-03-23,2019-03-17,2019-03-23,2019-03-24,2019-03-26,2019-03-26,1,0,,0.3812666054,0.06021512064,0.04782911737,1,temporal_sigmoid
logistic,S1,2019,2019-03-24,2019-03-18,2019-03-24,2019-03-25,2019-03-27,2019-03-27,1,0,,0.03636248849,0.01136993347,0.04782911737,0,temporal_sigmoid
logistic,S1,2019,2019-03-25,2019-03-19,2019-03-25,2019-03-26,2019-03-28,2019-03-28,1,0,,0.06967351142,0.01722857557,0.04782911737,0,temporal_sigmoid
logistic,S1,2019,2019-03-26,2019-03-20,2019-03-26,2019-03-27,2019-03-29,2019-03-29,1,0,,0.0255147468,0.009102110911,0.04782911737,0,temporal_sigmoid
logistic,S1,2019,2019-03-27,2019-03-21,2019-03-27,2019-03-28,2019-03-30,2019-03-30,1,0,,0.0002273252229,0.0004957618031,0.04782911737,0,temporal_sigmoid
logistic,S1,2019,2019-03-28,2019-03-22,2019-03-28,2019-03-29,2019-03-31,2019-03-31,1,0,,0.1573026904,0.02982396869,0.04782911737,0,temporal_sigmoid
logistic,S1,2019,2019-03-29,2019-03-23,2019-03-29,2019-03-30,2019-04-01,2019-04-01,1,0,,0.1518258264,0.02908708808,0.04782911737,0,temporal_sigmoid
logistic,S1,2019,2019-03-30,2019-03-24,2019-03-30,2019-03-31,2019-04-02,2019-04-02,1,0,,0.3134776815,0.0505914623,0.04782911737,1,temporal_sigmoid
logistic,S1,2019,2019-03-31,2019-03-25,2019-03-31,2019-04-01,2019-04-03,2019-04-03,1,0,,0.007763770104,0.004351411352,0.04782911737,0,temporal_sigmoid
logistic,S1,2019,2019-04-01,2019-03-26,2019-04-01,2019-04-02,2019-04-04,2019-04-04,1,0,,0.001011526825,0.001241262916,0.04782911737,0,temporal_sigmoid
logistic,S1,2019,2019-04-02,2019-03-27,2019-04-02,2019-04-03,2019-04-05,2019-04-05,1,0,,8.620803954e-07,1.762568795e-05,0.04782911737,0,temporal_sigmoid
logistic,S1,2019,2019-04-03,2019-03-28,2019-04-03,2019-04-04,2019-04-06,2019-04-06,1,0,,0.0006465351447,0.0009426584963,0.04782911737,0,temporal_sigmoid
logistic,S1,2019,2019-04-04,2019-03-29,2019-04-04,2019-04-05,2019-04-07,2019-04-07,1,0,,0.0004454965578,0.00074974577,0.04782911737,0,temporal_sigmoid
logistic,S1,2019,2019-04-05,2019-03-30,2019-04-05,2019-04-06,2019-04-08,2019-04-08,1,0,,0.0001362772568,0.0003619470254,0.04782911737,0,temporal_sigmoid
logistic,S1,2019,2019-04-06,2019-03-31,2019-04-06,2019-04-07,2019-04-09,2019-04-09,1,0,,0.0002825503915,0.0005666829274,0.04782911737,0,temporal_sigmoid
logistic,S1,2019,2019-04-07,2019-04-01,2019-04-07,2019-04-08,2019-04-10,2019-04-10,1,0,,0.000167100613,0.0004102900182,0.04782911737,0,temporal_sigmoid
logistic,S1,2019,2019-04-08,2019-04-02,2019-04-08,2019-04-09,2019-04-11,2019-04-11,1,0,,9.728641978e-06,7.140856585e-05,0.04782911737,0,temporal_sigmoid
logistic,S1,2019,2019-04-09,2019-04-03,2019-04-09,2019-04-10,2019-04-12,2019-04-12,1,0,,1.304717757e-06,2.07579447e-05,0.04782911737,0,temporal_sigmoid
logistic,S1,2019,2019-04-10,2019-04-04,2019-04-10,2019-04-11,2019-04-13,2019-04-13,1,0,,2.689791713e-05,0.0001334568275,0.04782911737,0,temporal_sigmoid
logistic,S1,2019,2019-04-11,2019-04-05,2019-04-11,2019-04-12,2019-04-14,2019-04-14,1,0,,5.418281607e-05,0.0002052846682,0.04782911737,0,temporal_sigmoid
logistic,S1,2019,2019-04-12,2019-04-06,2019-04-12,2019-04-13,2019-04-15,2019-04-15,1,0,,0.003663604751,0.002739361479,0.04782911737,0,temporal_sigmoid
logistic,S1,2019,2019-04-13,2019-04-07,2019-04-13,2019-04-14,2019-04-16,2019-04-16,1,0,,0.01449952696,0.006403008957,0.04782911737,0,temporal_sigmoid
logistic,S1,2019,2019-04-14,2019-04-08,2019-04-14,2019-04-15,2019-04-17,2019-04-17,1,0,,0.009960254212,0.005075103653,0.04782911737,0,temporal_sigmoid
logistic,S1,2019,2019-04-15,2019-04-09,2019-04-15,2019-04-16,2019-04-18,2019-04-18,1,0,,0.03030581953,0.01013827211,0.04782911737,0,temporal_sigmoid
logistic,S1,2019,2019-04-16,2019-04-10,2019-04-16,2019-04-17,2019-04-19,2019-04-19,1,0,,0.1895680488,0.03411139338,0.04782911737,0,temporal_sigmoid
logistic,S1,2019,2019-04-17,2019-04-11,2019-04-17,2019-04-18,2019-04-20,2019-04-20,1,0,,0.06462397166,0.0164086254,0.04782911737,0,temporal_sigmoid
logistic,S1,2019,2019-04-18,2019-04-12,2019-04-18,2019-04-19,2019-04-21,2019-04-21,1,0,,0.002873388181,0.002358928675,0.04782911737,0,temporal_sigmoid
logistic,S1,2019,2019-04-19,2019-04-13,2019-04-19,2019-04-20,2019-04-22,2019-04-22,1,0,,0.0150602551,0.006555461933,0.04782911737,0,temporal_sigmoid
logistic,S1,2019,2019-04-20,2019-04-14,2019-04-20,2019-04-21,2019-04-23,2019-04-23,1,0,,0.01380014348,0.006209769554,0.04782911737,0,temporal_sigmoid
logistic,S1,2019,2019-04-21,2019-04-15,2019-04-21,2019-04-22,2019-04-24,2019-04-24,1,0,,0.03619464699,0.01133679597,0.04782911737,0,temporal_sigmoid
logistic,S1,2019,2019-04-22,2019-04-16,2019-04-22,2019-04-23,2019-04-25,2019-04-25,1,0,,0.0141023719,0.006293709172,0.04782911737,0,temporal_sigmoid
logistic,S1,2019,2019-04-23,2019-04-17,2019-04-23,2019-04-24,2019-04-26,2019-04-26,1,0,,0.1655370203,0.03092585012,0.04782911737,0,temporal_sigmoid
logistic,S1,2019,2019-04-24,2019-04-18,2019-04-24,2019-04-25,2019-04-27,2019-04-27,1,0,,0.5039287767,0.08015019349,0.04782911737,1,temporal_sigmoid
logistic,S1,2019,2019-04-25,2019-04-19,2019-04-25,2019-04-26,2019-04-28,2019-04-28,1,0,,0.7916516814,0.1639620272,0.04782911737,1,temporal_sigmoid
logistic,S1,2019,2019-04-26,2019-04-20,2019-04-26,2019-04-27,2019-04-29,2019-04-29,1,0,,0.6414268211,0.1098447734,0.04782911737,1,temporal_sigmoid
logistic,S1,2019,2019-04-27,2019-04-21,2019-04-27,2019-04-28,2019-04-30,2019-04-30,1,0,,0.603282129,0.1004530387,0.04782911737,1,temporal_sigmoid
logistic,S1,2019,2019-04-28,2019-04-22,2019-04-28,2019-04-29,2019-05-01,2019-05-01,1,0,,0.894697388,0.2433964658,0.04782911737,1,temporal_sigmoid
logistic,S1,2019,2019-04-29,2019-04-23,2019-04-29,2019-04-30,2019-05-02,2019-05-02,1,0,,0.9333980076,0.3044100598,0.04782911737,1,temporal_sigmoid
logistic,S1,2019,2019-04-30,2019-04-24,2019-04-30,2019-05-01,2019-05-03,2019-05-03,1,0,,0.9083719619,0.2612896576,0.04782911737,1,temporal_sigmoid
logistic,S1,2019,2019-05-01,2019-04-25,2019-05-01,2019-05-02,2019-05-04,2019-05-04,1,0,,0.8473388099,0.1984542751,0.04782911737,1,temporal_sigmoid
logistic,S1,2019,2019-05-02,2019-04-26,2019-05-02,2019-05-03,2019-05-05,2019-05-05,1,0,,0.7695024461,0.1533427224,0.04782911737,1,temporal_sigmoid
logistic,S1,2019,2019-05-03,2019-04-27,2019-05-03,2019-05-04,2019-05-06,2019-05-06,1,0,,0.003506043591,0.002666234382,0.04782911737,0,temporal_sigmoid
logistic,S1,2019,2019-05-04,2019-04-28,2019-05-04,2019-05-05,2019-05-07,2019-05-07,1,0,,9.037913026e-06,6.824678069e-05,0.04782911737,0,temporal_sigmoid
logistic,S1,2019,2019-05-05,2019-04-29,2019-05-05,2019-05-06,2019-05-08,2019-05-08,1,0,,0.06575596831,0.01659401918,0.04782911737,0,temporal_sigmoid
logistic,S1,2019,2019-05-06,2019-04-30,2019-05-06,2019-05-07,2019-05-09,2019-05-09,1,0,,0.7086670658,0.1297341282,0.04782911737,1,temporal_sigmoid
logistic,S1,2019,2019-05-07,2019-05-01,2019-05-07,2019-05-08,2019-05-10,2019-05-10,1,0,,0.5729805917,0.09370979073,0.04782911737,1,temporal_sigmoid
logistic,S1,2019,2019-05-08,2019-05-02,2019-05-08,2019-05-09,2019-05-11,2019-05-11,1,0,,0.6383903716,0.1090548863,0.04782911737,1,temporal_sigmoid
logistic,S1,2019,2019-05-09,2019-05-03,2019-05-09,2019-05-10,2019-05-12,2019-05-12,1,0,,0.4619743178,0.07285136099,0.04782911737,1,temporal_sigmoid
logistic,S1,2019,2019-05-10,2019-05-04,2019-05-10,2019-05-11,2019-05-13,2019-05-13,1,0,,0.7661662778,0.1518544547,0.04782911737,1,temporal_sigmoid
logistic,S1,2019,2019-05-11,2019-05-05,2019-05-11,2019-05-12,2019-05-14,2019-05-14,1,0,,0.8752469959,0.2223712607,0.04782911737,1,temporal_sigmoid
logistic,S1,2019,2019-05-12,2019-05-06,2019-05-12,2019-05-13,2019-05-15,2019-05-15,1,0,,0.6456719308,0.1109625128,0.04782911737,1,temporal_sigmoid
logistic,S1,2019,2019-05-13,2019-05-07,2019-05-13,2019-05-14,2019-05-16,2019-05-16,1,0,,0.1192417119,0.02460984116,0.04782911737,0,temporal_sigmoid
logistic,S1,2019,2019-05-14,2019-05-08,2019-05-14,2019-05-15,2019-05-17,2019-05-17,1,0,,0.002514201112,0.002172874757,0.04782911737,0,temporal_sigmoid
logistic,S1,2019,2019-05-15,2019-05-09,2019-05-15,2019-05-16,2019-05-18,2019-05-18,1,0,,0.001825308244,0.001784427402,0.04782911737,0,temporal_sigmoid
logistic,S1,2019,2019-05-16,2019-05-10,2019-05-16,2019-05-17,2019-05-19,2019-05-19,1,0,,0.001629317043,0.001664032628,0.04782911737,0,temporal_sigmoid
logistic,S1,2019,2019-05-17,2019-05-11,2019-05-17,2019-05-18,2019-05-20,2019-05-20,1,0,,0.1971816934,0.03511446773,0.04782911737,0,temporal_sigmoid
logistic,S1,2019,2019-05-18,2019-05-12,2019-05-18,2019-05-19,2019-05-21,2019-05-21,1,0,,0.5983807119,0.09932303808,0.04782911737,1,temporal_sigmoid
logistic,S1,2019,2019-05-19,2019-05-13,2019-05-19,2019-05-20,2019-05-22,2019-05-22,1,0,,0.1434731375,0.02795603622,0.04782911737,0,temporal_sigmoid
logistic,S1,2019,2019-05-20,2019-05-14,2019-05-20,2019-05-21,2019-05-23,2019-05-23,1,0,,0.3357243742,0.05367522862,0.04782911737,1,temporal_sigmoid
logistic,S1,2019,2019-05-21,2019-05-15,2019-05-21,2019-05-22,2019-05-24,2019-05-24,1,0,,0.4599285531,0.07251010758,0.04782911737,1,temporal_sigmoid
logistic,S1,2019,2019-05-22,2019-05-16,2019-05-22,2019-05-23,2019-05-25,2019-05-25,1,0,,0.2062962168,0.0363131888,0.04782911737,0,temporal_sigmoid
logistic,S1,2019,2019-05-23,2019-05-17,2019-05-23,2019-05-24,2019-05-26,2019-05-26,1,0,,0.005906429828,0.003676194966,0.04782911737,0,temporal_sigmoid
logistic,S1,2019,2019-05-24,2019-05-18,2019-05-24,2019-05-25,2019-05-27,2019-05-27,1,0,,2.153825589e-05,0.0001164117716,0.04782911737,0,temporal_sigmoid
logistic,S1,2019,2019-05-25,2019-05-19,2019-05-25,2019-05-26,2019-05-28,2019-05-28,1,0,,4.722651433e-05,0.0001886526717,0.04782911737,0,temporal_sigmoid
logistic,S1,2019,2019-05-26,2019-05-20,2019-05-26,2019-05-27,2019-05-29,2019-05-29,1,0,,0.02979468331,0.01003061286,0.04782911737,0,temporal_sigmoid
logistic,S1,2019,2019-05-27,2019-05-21,2019-05-27,2019-05-28,2019-05-30,2019-05-30,1,0,,0.03880036291,0.01184559103,0.04782911737,0,temporal_sigmoid
logistic,S1,2019,2019-05-28,2019-05-22,2019-05-28,2019-05-29,2019-05-31,2019-05-31,1,0,,0.2293951327,0.0393485115,0.04782911737,0,temporal_sigmoid
logistic,S1,2019,2019-05-29,2019-05-23,2019-05-29,2019-05-30,2019-06-01,2019-06-01,1,0,,0.159882001,0.03016984748,0.04782911737,0,temporal_sigmoid
logistic,S1,2019,2019-05-30,2019-05-24,2019-05-30,2019-05-31,2019-06-02,2019-06-02,1,0,,0.05493695312,0.01477970109,0.04782911737,0,temporal_sigmoid
logistic,S1,2019,2019-05-31,2019-05-25,2019-05-31,2019-06-01,2019-06-03,2019-06-03,1,0,,0.02720432778,0.009474738463,0.04782911737,0,temporal_sigmoid
logistic,S1,2019,2019-06-01,2019-05-26,2019-06-01,2019-06-02,2019-06-04,2019-06-04,1,0,,0.0005512897042,0.0008546799575,0.04782911737,0,temporal_sigmoid
logistic,S1,2019,2019-06-02,2019-05-27,2019-06-02,2019-06-03,2019-06-05,2019-06-05,1,0,,4.28538859e-06,4.313131293e-05,0.04782911737,0,temporal_sigmoid
logistic,S1,2019,2019-06-03,2019-05-28,2019-06-03,2019-06-04,2019-06-06,2019-06-06,1,0,,5.521448096e-05,0.0002076793192,0.04782911737,0,temporal_sigmoid
logistic,S1,2019,2019-06-04,2019-05-29,2019-06-04,2019-06-05,2019-06-07,2019-06-07,1,0,,1.357516122e-06,2.127057127e-05,0.04782911737,0,temporal_sigmoid
logistic,S1,2019,2019-06-05,2019-05-30,2019-06-05,2019-06-06,2019-06-08,2019-06-08,1,0,,2.329046562e-05,0.0001221473502,0.04782911737,0,temporal_sigmoid
logistic,S1,2019,2019-06-06,2019-05-31,2019-06-06,2019-06-07,2019-06-09,2019-06-09,1,0,,0.003527084928,0.002676071742,0.04782911737,0,temporal_sigmoid
logistic,S1,2019,2019-06-07,2019-06-01,2019-06-07,2019-06-08,2019-06-10,2019-06-10,1,0,,6.119967878e-05,0.0002212462271,0.04782911737,0,temporal_sigmoid
logistic,S1,2019,2019-06-08,2019-06-02,2019-06-08,2019-06-09,2019-06-11,2019-06-11,1,0,,0.000110251063,0.0003177274996,0.04782911737,0,temporal_sigmoid
logistic,S1,2019,2019-06-09,2019-06-03,2019-06-09,2019-06-10,2019-06-12,2019-06-12,1,0,,0.0001112419641,0.0003194802445,0.04782911737,0,temporal_sigmoid
logistic,S1,2019,2019-06-10,2019-06-04,2019-06-10,2019-06-11,2019-06-13,2019-06-13,1,0,,0.00176141943,0.001745753313,0.04782911737,0,temporal_sigmoid
logistic,S1,2019,2019-06-11,2019-06-05,2019-06-11,2019-06-12,2019-06-14,2019-06-14,1,0,,0.006172556867,0.003777430873,0.04782911737,0,temporal_sigmoid
logistic,S1,2019,2019-06-12,2019-06-06,2019-06-12,2019-06-13,2019-06-15,2019-06-15,1,0,,0.01401320742,0.006269014833,0.04782911737,0,temporal_sigmoid
logistic,S1,2019,2019-06-13,2019-06-07,2019-06-13,2019-06-14,2019-06-16,2019-06-16,1,0,,0.004862150557,0.00326088868,0.04782911737,0,temporal_sigmoid
logistic,S1,2019,2019-06-14,2019-06-08,2019-06-14,2019-06-15,2019-06-17,2019-06-17,1,0,,0.0003544916737,0.0006514836903,0.04782911737,0,temporal_sigmoid
logistic,S1,2019,2019-06-15,2019-06-09,2019-06-15,2019-06-16,2019-06-18,2019-06-18,1,0,,3.983723959e-06,4.123805603e-05,0.04782911737,0,temporal_sigmoid
logistic,S1,2019,2019-06-16,2019-06-10,2019-06-16,2019-06-17,2019-06-19,2019-06-19,1,0,,0.00431440009,0.003029478137,0.04782911737,0,temporal_sigmoid
logistic,S1,2019,2019-06-17,2019-06-11,2019-06-17,2019-06-18,2019-06-20,2019-06-20,1,0,,0.0004240897972,0.000727387591,0.04782911737,0,temporal_sigmoid
logistic,S1,2019,2019-06-18,2019-06-12,2019-06-18,2019-06-19,2019-06-21,2019-06-21,1,0,,0.0002314293276,0.0005012456162,0.04782911737,0,temporal_sigmoid
logistic,S1,2019,2019-06-19,2019-06-13,2019-06-19,2019-06-20,2019-06-22,2019-06-22,1,0,,0.001097624227,0.001305196638,0.04782911737,0,temporal_sigmoid
logistic,S1,2019,2019-06-20,2019-06-14,2019-06-20,2019-06-21,2019-06-23,2019-06-23,1,0,,0.0001066893878,0.0003113767198,0.04782911737,0,temporal_sigmoid
logistic,S1,2019,2019-06-21,2019-06-15,2019-06-21,2019-06-22,2019-06-24,2019-06-24,1,0,,4.967160695e-06,4.723043096e-05,0.04782911737,0,temporal_sigmoid
logistic,S1,2019,2019-06-22,2019-06-16,2019-06-22,2019-06-23,2019-06-25,2019-06-25,1,0,,0.0002595371995,0.0005378439542,0.04782911737,0,temporal_sigmoid
logistic,S1,2019,2019-06-23,2019-06-17,2019-06-23,2019-06-24,2019-06-26,2019-06-26,1,0,,0.003977254404,0.002881446503,0.04782911737,0,temporal_sigmoid
logistic,S1,2019,2019-06-24,2019-06-18,2019-06-24,2019-06-25,2019-06-27,2019-06-27,1,0,,0.002633149562,0.00223555397,0.04782911737,0,temporal_sigmoid
logistic,S1,2019,2019-06-25,2019-06-19,2019-06-25,2019-06-26,2019-06-28,2019-06-28,1,0,,0.001375856591,0.001499707525,0.04782911737,0,temporal_sigmoid
logistic,S1,2019,2019-06-26,2019-06-20,2019-06-26,2019-06-27,2019-06-29,2019-06-29,1,0,,0.0002930368599,0.0005795222558,0.04782911737,0,temporal_sigmoid
logistic,S1,2019,2019-06-27,2019-06-21,2019-06-27,2019-06-28,2019-06-30,2019-06-30,1,0,,2.028379581e-05,0.0001121944575,0.04782911737,0,temporal_sigmoid
logistic,S1,2020,2020-02-29,2020-02-23,2020-02-29,2020-03-01,2020-03-03,2020-03-03,1,0,,3.40947713e-05,0.0001434934998,0.04629348004,0,temporal_sigmoid
logistic,S1,2020,2020-03-01,2020-02-24,2020-03-01,2020-03-02,2020-03-04,2020-03-04,1,0,,1.610463636e-05,9.013599464e-05,0.04629348004,0,temporal_sigmoid
logistic,S1,2020,2020-03-02,2020-02-25,2020-03-02,2020-03-03,2020-03-05,2020-03-05,1,0,,3.169646345e-05,0.0001371497615,0.04629348004,0,temporal_sigmoid
logistic,S1,2020,2020-03-03,2020-02-26,2020-03-03,2020-03-04,2020-03-06,2020-03-06,1,0,,1.579434114e-05,8.905537276e-05,0.04629348004,0,temporal_sigmoid
logistic,S1,2020,2020-03-04,2020-02-27,2020-03-04,2020-03-05,2020-03-07,2020-03-07,1,0,,4.12438954e-05,0.000161466253,0.04629348004,0,temporal_sigmoid
logistic,S1,2020,2020-03-05,2020-02-28,2020-03-05,2020-03-06,2020-03-08,2020-03-08,1,0,,3.98990596e-05,0.0001581819344,0.04629348004,0,temporal_sigmoid
logistic,S1,2020,2020-03-06,2020-02-29,2020-03-06,2020-03-07,2020-03-09,2020-03-09,1,0,,2.719095264e-06,2.992024608e-05,0.04629348004,0,temporal_sigmoid
logistic,S1,2020,2020-03-07,2020-03-01,2020-03-07,2020-03-08,2020-03-10,2020-03-10,1,0,,1.164226766e-06,1.768379034e-05,0.04629348004,0,temporal_sigmoid
logistic,S1,2020,2020-03-08,2020-03-02,2020-03-08,2020-03-09,2020-03-11,2020-03-11,1,0,,8.150505826e-05,0.0002462992315,0.04629348004,0,temporal_sigmoid
logistic,S1,2020,2020-03-09,2020-03-03,2020-03-09,2020-03-10,2020-03-12,2020-03-12,1,0,,1.463189499e-06,2.037585963e-05,0.04629348004,0,temporal_sigmoid
logistic,S1,2020,2020-03-10,2020-03-04,2020-03-10,2020-03-11,2020-03-13,2020-03-13,1,0,,5.155960341e-07,1.609287459e-05,0.04629348004,0,temporal_sigmoid
logistic,S1,2020,2020-03-11,2020-03-05,2020-03-11,2020-03-12,2020-03-14,2020-03-14,1,0,,1.266006344e-06,1.862693565e-05,0.04629348004,0,temporal_sigmoid
logistic,S1,2020,2020-03-12,2020-03-06,2020-03-12,2020-03-13,2020-03-15,2020-03-15,1,0,,3.048925404e-05,0.0001338877053,0.04629348004,0,temporal_sigmoid
logistic,S1,2020,2020-03-13,2020-03-07,2020-03-13,2020-03-14,2020-03-16,2020-03-16,1,0,,0.0009736530708,0.001145970832,0.04629348004,0,temporal_sigmoid
logistic,S1,2020,2020-03-14,2020-03-08,2020-03-14,2020-03-15,2020-03-17,2020-03-17,1,0,,0.0004536534875,0.0007138128306,0.04629348004,0,temporal_sigmoid
logistic,S1,2020,2020-03-15,2020-03-09,2020-03-15,2020-03-16,2020-03-18,2020-03-18,1,0,,0.0003722513407,0.0006314643834,0.04629348004,0,temporal_sigmoid
logistic,S1,2020,2020-03-16,2020-03-10,2020-03-16,2020-03-17,2020-03-19,2020-03-19,1,0,,0.000624157247,0.0008699088662,0.04629348004,0,temporal_sigmoid
logistic,S1,2020,2020-03-17,2020-03-11,2020-03-17,2020-03-18,2020-03-20,2020-03-20,1,0,,0.0007991578938,0.001013927084,0.04629348004,0,temporal_sigmoid
logistic,S1,2020,2020-03-18,2020-03-12,2020-03-18,2020-03-19,2020-03-21,2020-03-21,1,0,,0.0009826410616,0.001152516893,0.04629348004,0,temporal_sigmoid
logistic,S1,2020,2020-03-19,2020-03-13,2020-03-19,2020-03-20,2020-03-22,2020-03-22,1,0,,0.001200850169,0.001305078969,0.04629348004,0,temporal_sigmoid
logistic,S1,2020,2020-03-20,2020-03-14,2020-03-20,2020-03-21,2020-03-23,2020-03-23,1,0,,0.001398984597,0.001434676125,0.04629348004,0,temporal_sigmoid
logistic,S1,2020,2020-03-21,2020-03-15,2020-03-21,2020-03-22,2020-03-24,2020-03-24,1,0,,0.002408042048,0.002009095571,0.04629348004,0,temporal_sigmoid
logistic,S1,2020,2020-03-22,2020-03-16,2020-03-22,2020-03-23,2020-03-25,2020-03-25,1,0,,5.148089856e-05,0.000185255214,0.04629348004,0,temporal_sigmoid
logistic,S1,2020,2020-03-23,2020-03-17,2020-03-23,2020-03-24,2020-03-26,2020-03-26,1,0,,0.000270004979,0.0005174933875,0.04629348004,0,temporal_sigmoid
logistic,S1,2020,2020-03-24,2020-03-18,2020-03-24,2020-03-25,2020-03-27,2020-03-27,1,0,,0.0007621269307,0.0009845426412,0.04629348004,0,temporal_sigmoid
logistic,S1,2020,2020-03-25,2020-03-19,2020-03-25,2020-03-26,2020-03-28,2020-03-28,1,0,,0.006308773666,0.0036531522,0.04629348004,0,temporal_sigmoid
logistic,S1,2020,2020-03-26,2020-03-20,2020-03-26,2020-03-27,2020-03-29,2020-03-29,1,0,,0.04844625996,0.01315396633,0.04629348004,0,temporal_sigmoid
logistic,S1,2020,2020-03-27,2020-03-21,2020-03-27,2020-03-28,2020-03-30,2020-03-30,1,0,,0.2186502887,0.03692375126,0.04629348004,0,temporal_sigmoid
logistic,S1,2020,2020-03-28,2020-03-22,2020-03-28,2020-03-29,2020-03-31,2020-03-31,1,0,,0.2444005894,0.0402534021,0.04629348004,0,temporal_sigmoid
logistic,S1,2020,2020-03-29,2020-03-23,2020-03-29,2020-03-30,2020-04-01,2020-04-01,1,0,,0.05016529048,0.01345242931,0.04629348004,0,temporal_sigmoid
logistic,S1,2020,2020-03-30,2020-03-24,2020-03-30,2020-03-31,2020-04-02,2020-04-02,1,0,,0.02566013341,0.008779883673,0.04629348004,0,temporal_sigmoid
logistic,S1,2020,2020-03-31,2020-03-25,2020-03-31,2020-04-01,2020-04-03,2020-04-03,1,0,,0.03190561672,0.01007645046,0.04629348004,0,temporal_sigmoid
logistic,S1,2020,2020-04-01,2020-03-26,2020-04-01,2020-04-02,2020-04-04,2020-04-04,1,0,,0.04252223378,0.0120984929,0.04629348004,0,temporal_sigmoid
logistic,S1,2020,2020-04-02,2020-03-27,2020-04-02,2020-04-03,2020-04-05,2020-04-05,1,0,,0.2191337126,0.03698613742,0.04629348004,0,temporal_sigmoid
logistic,S1,2020,2020-04-03,2020-03-28,2020-04-03,2020-04-04,2020-04-06,2020-04-06,1,0,,0.1526128298,0.02834615886,0.04629348004,0,temporal_sigmoid
logistic,S1,2020,2020-04-04,2020-03-29,2020-04-04,2020-04-05,2020-04-07,2020-04-07,1,0,,0.286183639,0.04572279902,0.04629348004,0,temporal_sigmoid
logistic,S1,2020,2020-04-05,2020-03-30,2020-04-05,2020-04-06,2020-04-08,2020-04-08,1,0,,0.1639906735,0.02984186448,0.04629348004,0,temporal_sigmoid
logistic,S1,2020,2020-04-06,2020-03-31,2020-04-06,2020-04-07,2020-04-09,2020-04-09,1,0,,0.8069892434,0.1701217176,0.04629348004,1,temporal_sigmoid
logistic,S1,2020,2020-04-07,2020-04-01,2020-04-07,2020-04-08,2020-04-10,2020-04-10,1,0,,0.9033718479,0.2523982369,0.04629348004,1,temporal_sigmoid
logistic,S1,2020,2020-04-08,2020-04-02,2020-04-08,2020-04-09,2020-04-11,2020-04-11,1,0,,0.02313822846,0.008225838718,0.04629348004,0,temporal_sigmoid
logistic,S1,2020,2020-04-09,2020-04-03,2020-04-09,2020-04-10,2020-04-12,2020-04-12,1,0,,0.4189755871,0.06449987765,0.04629348004,1,temporal_sigmoid
logistic,S1,2020,2020-04-10,2020-04-04,2020-04-10,2020-04-11,2020-04-13,2020-04-13,1,0,,0.6777397752,0.1180741963,0.04629348004,1,temporal_sigmoid
logistic,S1,2020,2020-04-11,2020-04-05,2020-04-11,2020-04-12,2020-04-14,2020-04-14,1,0,,0.1530480638,0.02840361779,0.04629348004,0,temporal_sigmoid
logistic,S1,2020,2020-04-12,2020-04-06,2020-04-12,2020-04-13,2020-04-15,2020-04-15,1,0,,0.0004655102633,0.000725319729,0.04629348004,0,temporal_sigmoid
logistic,S1,2020,2020-04-13,2020-04-07,2020-04-13,2020-04-14,2020-04-16,2020-04-16,1,0,,0.007001302708,0.003897564635,0.04629348004,0,temporal_sigmoid
logistic,S1,2020,2020-04-14,2020-04-08,2020-04-14,2020-04-15,2020-04-17,2020-04-17,1,0,,0.06373958801,0.01570955704,0.04629348004,0,temporal_sigmoid
logistic,S1,2020,2020-04-15,2020-04-09,2020-04-15,2020-04-16,2020-04-18,2020-04-18,1,0,,0.01784644046,0.006987892088,0.04629348004,0,temporal_sigmoid
logistic,S1,2020,2020-04-16,2020-04-10,2020-04-16,2020-04-17,2020-04-19,2020-04-19,1,0,,0.1006397274,0.02125770488,0.04629348004,0,temporal_sigmoid
logistic,S1,2020,2020-04-17,2020-04-11,2020-04-17,2020-04-18,2020-04-20,2020-04-20,1,0,,0.001198424414,0.001303444043,0.04629348004,0,temporal_sigmoid
logistic,S1,2020,2020-04-18,2020-04-12,2020-04-18,2020-04-19,2020-04-21,2020-04-21,1,0,,0.02910611815,0.009507206405,0.04629348004,0,temporal_sigmoid
logistic,S1,2020,2020-04-19,2020-04-13,2020-04-19,2020-04-20,2020-04-22,2020-04-22,1,0,,0.06206558001,0.01543959753,0.04629348004,0,temporal_sigmoid
logistic,S1,2020,2020-04-20,2020-04-14,2020-04-20,2020-04-21,2020-04-23,2020-04-23,1,0,,0.0001439752469,0.000350457378,0.04629348004,0,temporal_sigmoid
logistic,S1,2020,2020-04-21,2020-04-15,2020-04-21,2020-04-22,2020-04-24,2020-04-24,1,0,,0.0001938250197,0.0004213778083,0.04629348004,0,temporal_sigmoid
logistic,S1,2020,2020-04-22,2020-04-16,2020-04-22,2020-04-23,2020-04-25,2020-04-25,1,0,,0.03474828283,0.01063735738,0.04629348004,0,temporal_sigmoid
logistic,S1,2020,2020-04-23,2020-04-17,2020-04-23,2020-04-24,2020-04-26,2020-04-26,1,0,,0.009543187155,0.004726276827,0.04629348004,0,temporal_sigmoid
logistic,S1,2020,2020-04-24,2020-04-18,2020-04-24,2020-04-25,2020-04-27,2020-04-27,1,0,,3.056511127e-06,3.21707015e-05,0.04629348004,0,temporal_sigmoid
logistic,S1,2020,2020-04-25,2020-04-19,2020-04-25,2020-04-26,2020-04-28,2020-04-28,1,0,,1.360168545e-05,8.11746485e-05,0.04629348004,0,temporal_sigmoid
logistic,S1,2020,2020-04-26,2020-04-20,2020-04-26,2020-04-27,2020-04-29,2020-04-29,1,0,,2.088794883e-06,2.540743369e-05,0.04629348004,0,temporal_sigmoid
logistic,S1,2020,2020-04-27,2020-04-21,2020-04-27,2020-04-28,2020-04-30,2020-04-30,1,0,,0.0006186365644,0.0008651315938,0.04629348004,0,temporal_sigmoid
logistic,S1,2020,2020-04-28,2020-04-22,2020-04-28,2020-04-29,2020-05-01,2020-05-01,1,0,,6.273759467e-05,0.0002094153247,0.04629348004,0,temporal_sigmoid
logistic,S1,2020,2020-04-29,2020-04-23,2020-04-29,2020-04-30,2020-05-02,2020-05-02,1,0,,0.002532500099,0.002072884367,0.04629348004,0,temporal_sigmoid
logistic,S1,2020,2020-04-30,2020-04-24,2020-04-30,2020-05-01,2020-05-03,2020-05-03,1,0,,3.604068842e-05,0.0001485167775,0.04629348004,0,temporal_sigmoid
logistic,S1,2020,2020-05-01,2020-04-25,2020-05-01,2020-05-02,2020-05-04,2020-05-04,1,0,,7.11862981e-05,0.0002264754105,0.04629348004,0,temporal_sigmoid
logistic,S1,2020,2020-05-02,2020-04-26,2020-05-02,2020-05-03,2020-05-05,2020-05-05,1,0,,0.0001930192663,0.0004202911556,0.04629348004,0,temporal_sigmoid
logistic,S1,2020,2020-05-03,2020-04-27,2020-05-03,2020-05-04,2020-05-06,2020-05-06,1,0,,0.0003586285173,0.0006170395283,0.04629348004,0,temporal_sigmoid
logistic,S1,2020,2020-05-04,2020-04-28,2020-05-04,2020-05-05,2020-05-07,2020-05-07,1,0,,0.009193047629,0.004617497195,0.04629348004,0,temporal_sigmoid
logistic,S1,2020,2020-05-05,2020-04-29,2020-05-05,2020-05-06,2020-05-08,2020-05-08,1,0,,0.03037395335,0.009767221564,0.04629348004,0,temporal_sigmoid
logistic,S1,2020,2020-05-06,2020-04-30,2020-05-06,2020-05-07,2020-05-09,2020-05-09,1,0,,4.353412212e-05,0.0001669671898,0.04629348004,0,temporal_sigmoid
logistic,S1,2020,2020-05-07,2020-05-01,2020-05-07,2020-05-08,2020-05-10,2020-05-10,1,0,,0.002945812049,0.00227668789,0.04629348004,0,temporal_sigmoid
logistic,S1,2020,2020-05-08,2020-05-02,2020-05-08,2020-05-09,2020-05-11,2020-05-11,1,0,,0.001236816123,0.001329174329,0.04629348004,0,temporal_sigmoid
logistic,S1,2020,2020-05-09,2020-05-03,2020-05-09,2020-05-10,2020-05-12,2020-05-12,1,0,,0.01280494851,0.005677466977,0.04629348004,0,temporal_sigmoid
logistic,S1,2020,2020-05-10,2020-05-04,2020-05-10,2020-05-11,2020-05-13,2020-05-13,1,0,,0.07123896216,0.01689493419,0.04629348004,0,temporal_sigmoid
logistic,S1,2020,2020-05-11,2020-05-05,2020-05-11,2020-05-12,2020-05-14,2020-05-14,1,0,,0.09344920928,0.02022417579,0.04629348004,0,temporal_sigmoid
logistic,S1,2020,2020-05-12,2020-05-06,2020-05-12,2020-05-13,2020-05-15,2020-05-15,1,0,,0.3618128923,0.05606531699,0.04629348004,1,temporal_sigmoid
logistic,S1,2020,2020-05-13,2020-05-07,2020-05-13,2020-05-14,2020-05-16,2020-05-16,1,0,,0.01940561659,0.007364811086,0.04629348004,0,temporal_sigmoid
logistic,S1,2020,2020-05-14,2020-05-08,2020-05-14,2020-05-15,2020-05-17,2020-05-17,1,0,,0.1516032614,0.02821279497,0.04629348004,0,temporal_sigmoid
logistic,S1,2020,2020-05-15,2020-05-09,2020-05-15,2020-05-16,2020-05-18,2020-05-18,1,0,,0.1070014162,0.0221580795,0.04629348004,0,temporal_sigmoid
logistic,S1,2020,2020-05-16,2020-05-10,2020-05-16,2020-05-17,2020-05-19,2020-05-19,1,0,,0.3245289848,0.05087511176,0.04629348004,1,temporal_sigmoid
logistic,S1,2020,2020-05-17,2020-05-11,2020-05-17,2020-05-18,2020-05-20,2020-05-20,1,0,,0.2689577582,0.04345385909,0.04629348004,0,temporal_sigmoid
logistic,S1,2020,2020-05-18,2020-05-12,2020-05-18,2020-05-19,2020-05-21,2020-05-21,1,0,,0.3763364304,0.05814744065,0.04629348004,1,temporal_sigmoid
logistic,S1,2020,2020-05-19,2020-05-13,2020-05-19,2020-05-20,2020-05-22,2020-05-22,1,0,,0.005264076756,0.003264444131,0.04629348004,0,temporal_sigmoid
logistic,S1,2020,2020-05-20,2020-05-14,2020-05-20,2020-05-21,2020-05-23,2020-05-23,1,0,,0.0001014206516,0.0002820431159,0.04629348004,0,temporal_sigmoid
logistic,S1,2020,2020-05-21,2020-05-15,2020-05-21,2020-05-22,2020-05-24,2020-05-24,1,0,,7.192974814e-05,0.0002279387058,0.04629348004,0,temporal_sigmoid
logistic,S1,2020,2020-05-22,2020-05-16,2020-05-22,2020-05-23,2020-05-25,2020-05-25,1,0,,0.002203603818,0.001901532818,0.04629348004,0,temporal_sigmoid
logistic,S1,2020,2020-05-23,2020-05-17,2020-05-23,2020-05-24,2020-05-26,2020-05-26,1,0,,0.01471693313,0.006193310908,0.04629348004,0,temporal_sigmoid
logistic,S1,2020,2020-05-24,2020-05-18,2020-05-24,2020-05-25,2020-05-27,2020-05-27,1,0,,0.004731947364,0.003055356913,0.04629348004,0,temporal_sigmoid
logistic,S1,2020,2020-05-25,2020-05-19,2020-05-25,2020-05-26,2020-05-28,2020-05-28,1,0,,0.000728863531,0.0009576818143,0.04629348004,0,temporal_sigmoid
logistic,S1,2020,2020-05-26,2020-05-20,2020-05-26,2020-05-27,2020-05-29,2020-05-29,1,0,,0.0005083762392,0.0007660224956,0.04629348004,0,temporal_sigmoid
logistic,S1,2020,2020-05-27,2020-05-21,2020-05-27,2020-05-28,2020-05-30,2020-05-30,1,0,,9.559226829e-07,1.609287459e-05,0.04629348004,0,temporal_sigmoid
logistic,S1,2020,2020-05-28,2020-05-22,2020-05-28,2020-05-29,2020-05-31,2020-05-31,1,0,,8.818591057e-06,6.205118471e-05,0.04629348004,0,temporal_sigmoid
logistic,S1,2020,2020-05-29,2020-05-23,2020-05-29,2020-05-30,2020-06-01,2020-06-01,1,0,,1.954611962e-05,0.0001016344599,0.04629348004,0,temporal_sigmoid
logistic,S1,2020,2020-05-30,2020-05-24,2020-05-30,2020-05-31,2020-06-02,2020-06-02,1,0,,1.275102267e-06,1.870979382e-05,0.04629348004,0,temporal_sigmoid
logistic,S1,2020,2020-05-31,2020-05-25,2020-05-31,2020-06-01,2020-06-03,2020-06-03,1,0,,0.0005481414089,0.0008026282427,0.04629348004,0,temporal_sigmoid
logistic,S1,2020,2020-06-01,2020-05-26,2020-06-01,2020-06-02,2020-06-04,2020-06-04,1,0,,0.001966270537,0.00177179298,0.04629348004,0,temporal_sigmoid
logistic,S1,2020,2020-06-02,2020-05-27,2020-06-02,2020-06-03,2020-06-05,2020-06-05,1,0,,0.004372153772,0.002908943664,0.04629348004,0,temporal_sigmoid
logistic,S1,2020,2020-06-03,2020-05-28,2020-06-03,2020-06-04,2020-06-06,2020-06-06,1,0,,0.000163806275,0.0003796413961,0.04629348004,0,temporal_sigmoid
logistic,S1,2020,2020-06-04,2020-05-29,2020-06-04,2020-06-05,2020-06-07,2020-06-07,1,0,,0.0003088642199,0.0005624712446,0.04629348004,0,temporal_sigmoid
logistic,S1,2020,2020-06-05,2020-05-30,2020-06-05,2020-06-06,2020-06-08,2020-06-08,1,0,,0.00129021493,0.001364463843,0.04629348004,0,temporal_sigmoid
logistic,S1,2020,2020-06-06,2020-05-31,2020-06-06,2020-06-07,2020-06-09,2020-06-09,1,0,,0.0007611533164,0.0009837628382,0.04629348004,0,temporal_sigmoid
logistic,S1,2020,2020-06-07,2020-06-01,2020-06-07,2020-06-08,2020-06-10,2020-06-10,1,0,,0.001988601537,0.001784244247,0.04629348004,0,temporal_sigmoid
logistic,S1,2020,2020-06-08,2020-06-02,2020-06-08,2020-06-09,2020-06-11,2020-06-11,1,0,,0.001125379841,0.001253607592,0.04629348004,0,temporal_sigmoid
logistic,S1,2020,2020-06-09,2020-06-03,2020-06-09,2020-06-10,2020-06-12,2020-06-12,1,0,,0.008154732768,0.004285478543,0.04629348004,0,temporal_sigmoid
logistic,S1,2020,2020-06-10,2020-06-04,2020-06-10,2020-06-11,2020-06-13,2020-06-13,1,0,,0.0002479513135,0.000490871284,0.04629348004,0,temporal_sigmoid
logistic,S1,2020,2020-06-11,2020-06-05,2020-06-11,2020-06-12,2020-06-14,2020-06-14,1,0,,3.668511412e-05,0.0001501574501,0.04629348004,0,temporal_sigmoid
logistic,S1,2020,2020-06-12,2020-06-06,2020-06-12,2020-06-13,2020-06-15,2020-06-15,1,0,,7.045468107e-06,5.39897188e-05,0.04629348004,0,temporal_sigmoid
logistic,S1,2020,2020-06-13,2020-06-07,2020-06-13,2020-06-14,2020-06-16,2020-06-16,1,0,,1.56467854e-05,8.853867263e-05,0.04629348004,0,temporal_sigmoid
logistic,S1,2020,2020-06-14,2020-06-08,2020-06-14,2020-06-15,2020-06-17,2020-06-17,1,0,,0.0009282833187,0.00111257029,0.04629348004,0,temporal_sigmoid
logistic,S1,2020,2020-06-15,2020-06-09,2020-06-15,2020-06-16,2020-06-18,2020-06-18,1,0,,0.0003496308914,0.000607397769,0.04629348004,0,temporal_sigmoid
logistic,S1,2020,2020-06-16,2020-06-10,2020-06-16,2020-06-17,2020-06-19,2020-06-19,1,0,,0.0002724102743,0.0005203459995,0.04629348004,0,temporal_sigmoid
logistic,S1,2020,2020-06-17,2020-06-11,2020-06-17,2020-06-18,2020-06-20,2020-06-20,1,0,,2.990591194e-07,1.609287459e-05,0.04629348004,0,temporal_sigmoid
logistic,S1,2020,2020-06-18,2020-06-12,2020-06-18,2020-06-19,2020-06-21,2020-06-21,1,0,,5.241976259e-07,1.609287459e-05,0.04629348004,0,temporal_sigmoid
logistic,S1,2020,2020-06-19,2020-06-13,2020-06-19,2020-06-20,2020-06-22,2020-06-22,1,0,,3.419028908e-06,3.448566098e-05,0.04629348004,0,temporal_sigmoid
logistic,S1,2020,2020-06-20,2020-06-14,2020-06-20,2020-06-21,2020-06-23,2020-06-23,1,0,,8.311196434e-05,0.0002492981404,0.04629348004,0,temporal_sigmoid
logistic,S1,2020,2020-06-21,2020-06-15,2020-06-21,2020-06-22,2020-06-24,2020-06-24,1,0,,5.032388219e-06,4.382408274e-05,0.04629348004,0,temporal_sigmoid
logistic,S1,2020,2020-06-22,2020-06-16,2020-06-22,2020-06-23,2020-06-25,2020-06-25,1,0,,0.0001056382005,0.0002892570211,0.04629348004,0,temporal_sigmoid
logistic,S1,2020,2020-06-23,2020-06-17,2020-06-23,2020-06-24,2020-06-26,2020-06-26,1,0,,5.803042399e-06,4.787149788e-05,0.04629348004,0,temporal_sigmoid
logistic,S1,2020,2020-06-24,2020-06-18,2020-06-24,2020-06-25,2020-06-27,2020-06-27,1,0,,7.571580348e-05,0.0002353032603,0.04629348004,0,temporal_sigmoid
logistic,S1,2020,2020-06-25,2020-06-19,2020-06-25,2020-06-26,2020-06-28,2020-06-28,1,0,,0.0003226386377,0.000577890174,0.04629348004,0,temporal_sigmoid
logistic,S1,2020,2020-06-26,2020-06-20,2020-06-26,2020-06-27,2020-06-29,2020-06-29,1,0,,9.399552141e-06,6.45546742e-05,0.04629348004,0,temporal_sigmoid
logistic,S1,2020,2020-06-27,2020-06-21,2020-06-27,2020-06-28,2020-06-30,2020-06-30,1,0,,1.710458247e-06,2.244696036e-05,0.04629348004,0,temporal_sigmoid
logistic,S1,2021,2021-02-28,2021-02-22,2021-02-28,2021-03-01,2021-03-03,2021-03-03,1,0,,0.005292605324,0.001008215778,0.03810757827,0,temporal_sigmoid
logistic,S1,2021,2021-03-01,2021-02-23,2021-03-01,2021-03-02,2021-03-04,2021-03-04,1,0,,0.00459156453,0.0009029783377,0.03810757827,0,temporal_sigmoid
logistic,S1,2021,2021-03-02,2021-02-24,2021-03-02,2021-03-03,2021-03-05,2021-03-05,1,0,,0.005865718277,0.001091980966,0.03810757827,0,temporal_sigmoid
logistic,S1,2021,2021-03-03,2021-02-25,2021-03-03,2021-03-04,2021-03-06,2021-03-06,1,0,,0.0006925161651,0.0002088475271,0.03810757827,0,temporal_sigmoid
logistic,S1,2021,2021-03-04,2021-02-26,2021-03-04,2021-03-05,2021-03-07,2021-03-07,1,0,,7.27101001e-05,3.658487089e-05,0.03810757827,0,temporal_sigmoid
logistic,S1,2021,2021-03-05,2021-02-27,2021-03-05,2021-03-06,2021-03-08,2021-03-08,1,0,,0.0001604453474,6.744296506e-05,0.03810757827,0,temporal_sigmoid
logistic,S1,2021,2021-03-06,2021-02-28,2021-03-06,2021-03-07,2021-03-09,2021-03-09,1,0,,0.001144260051,0.0003079432809,0.03810757827,0,temporal_sigmoid
logistic,S1,2021,2021-03-07,2021-03-01,2021-03-07,2021-03-08,2021-03-10,2021-03-10,1,0,,0.002466588963,0.0005579231529,0.03810757827,0,temporal_sigmoid
logistic,S1,2021,2021-03-08,2021-03-02,2021-03-08,2021-03-09,2021-03-11,2021-03-11,1,0,,0.001417217238,0.0003633589456,0.03810757827,0,temporal_sigmoid
logistic,S1,2021,2021-03-09,2021-03-03,2021-03-09,2021-03-10,2021-03-12,2021-03-12,1,0,,0.000905669279,0.0002570017263,0.03810757827,0,temporal_sigmoid
logistic,S1,2021,2021-03-10,2021-03-04,2021-03-10,2021-03-11,2021-03-13,2021-03-13,1,0,,0.00128442832,0.0003367331479,0.03810757827,0,temporal_sigmoid
logistic,S1,2021,2021-03-11,2021-03-05,2021-03-11,2021-03-12,2021-03-14,2021-03-14,1,0,,0.01767503313,0.002580803928,0.03810757827,0,temporal_sigmoid
logistic,S1,2021,2021-03-12,2021-03-06,2021-03-12,2021-03-13,2021-03-15,2021-03-15,1,0,,0.03481548339,0.004409329691,0.03810757827,0,temporal_sigmoid
logistic,S1,2021,2021-03-13,2021-03-07,2021-03-13,2021-03-14,2021-03-16,2021-03-16,1,0,,0.0004879992056,0.00015933672,0.03810757827,0,temporal_sigmoid
logistic,S1,2021,2021-03-14,2021-03-08,2021-03-14,2021-03-15,2021-03-17,2021-03-17,1,0,,2.905248068e-05,1.8006221e-05,0.03810757827,0,temporal_sigmoid
logistic,S1,2021,2021-03-15,2021-03-09,2021-03-15,2021-03-16,2021-03-18,2021-03-18,1,0,,7.49146254e-05,3.743914339e-05,0.03810757827,0,temporal_sigmoid
logistic,S1,2021,2021-03-16,2021-03-10,2021-03-16,2021-03-17,2021-03-19,2021-03-19,1,0,,0.0008974241231,0.0002551906603,0.03810757827,0,temporal_sigmoid
logistic,S1,2021,2021-03-17,2021-03-11,2021-03-17,2021-03-18,2021-03-20,2021-03-20,1,0,,0.005233313268,0.0009994392703,0.03810757827,0,temporal_sigmoid
logistic,S1,2021,2021-03-18,2021-03-12,2021-03-18,2021-03-19,2021-03-21,2021-03-21,1,0,,0.02902449234,0.003815668742,0.03810757827,0,temporal_sigmoid
logistic,S1,2021,2021-03-19,2021-03-13,2021-03-19,2021-03-20,2021-03-22,2021-03-22,1,0,,0.08782736809,0.009369079809,0.03810757827,0,temporal_sigmoid
logistic,S1,2021,2021-03-20,2021-03-14,2021-03-20,2021-03-21,2021-03-23,2021-03-23,1,0,,0.1806395725,0.01762328711,0.03810757827,0,temporal_sigmoid
logistic,S1,2021,2021-03-21,2021-03-15,2021-03-21,2021-03-22,2021-03-24,2021-03-24,1,0,,0.5362914633,0.06065583965,0.03810757827,1,temporal_sigmoid
logistic,S1,2021,2021-03-22,2021-03-16,2021-03-22,2021-03-23,2021-03-25,2021-03-25,1,0,,0.7244324546,0.1085697021,0.03810757827,1,temporal_sigmoid
logistic,S1,2021,2021-03-23,2021-03-17,2021-03-23,2021-03-24,2021-03-26,2021-03-26,1,0,,0.7547544038,0.1209284043,0.03810757827,1,temporal_sigmoid
logistic,S1,2021,2021-03-24,2021-03-18,2021-03-24,2021-03-25,2021-03-27,2021-03-27,1,0,,0.5798427128,0.06891887071,0.03810757827,1,temporal_sigmoid
logistic,S1,2021,2021-03-25,2021-03-19,2021-03-25,2021-03-26,2021-03-28,2021-03-28,1,0,,0.700394526,0.1000977393,0.03810757827,1,temporal_sigmoid
logistic,S1,2021,2021-03-26,2021-03-20,2021-03-26,2021-03-27,2021-03-29,2021-03-29,1,0,,0.5694098362,0.06683217303,0.03810757827,1,temporal_sigmoid
logistic,S1,2021,2021-03-27,2021-03-21,2021-03-27,2021-03-28,2021-03-30,2021-03-30,1,0,,0.3525352461,0.03482057261,0.03810757827,0,temporal_sigmoid
logistic,S1,2021,2021-03-28,2021-03-22,2021-03-28,2021-03-29,2021-03-31,2021-03-31,1,0,,0.1948321111,0.01891312814,0.03810757827,0,temporal_sigmoid
logistic,S1,2021,2021-03-29,2021-03-23,2021-03-29,2021-03-30,2021-04-01,2021-04-01,1,0,,0.155916025,0.01540612641,0.03810757827,0,temporal_sigmoid
logistic,S1,2021,2021-03-30,2021-03-24,2021-03-30,2021-03-31,2021-04-02,2021-04-02,1,0,,0.2548339766,0.02456653386,0.03810757827,0,temporal_sigmoid
logistic,S1,2021,2021-03-31,2021-03-25,2021-03-31,2021-04-01,2021-04-03,2021-04-03,1,0,,0.8550688542,0.1853112671,0.03810757827,1,temporal_sigmoid
logistic,S1,2021,2021-04-01,2021-03-26,2021-04-01,2021-04-02,2021-04-04,2021-04-04,1,0,,0.9484974863,0.3540855087,0.03810757827,1,temporal_sigmoid
logistic,S1,2021,2021-04-02,2021-03-27,2021-04-02,2021-04-03,2021-04-05,2021-04-05,1,0,,0.4990117992,0.05440311045,0.03810757827,1,temporal_sigmoid
logistic,S1,2021,2021-04-03,2021-03-28,2021-04-03,2021-04-04,2021-04-06,2021-04-06,1,0,,0.1709709209,0.01675225744,0.03810757827,0,temporal_sigmoid
logistic,S1,2021,2021-04-04,2021-03-29,2021-04-04,2021-04-05,2021-04-07,2021-04-07,1,0,,0.08243434013,0.008885120903,0.03810757827,0,temporal_sigmoid
logistic,S1,2021,2021-04-05,2021-03-30,2021-04-05,2021-04-06,2021-04-08,2021-04-08,1,0,,0.0007143760971,0.0002139263465,0.03810757827,0,temporal_sigmoid
logistic,S1,2021,2021-04-06,2021-03-31,2021-04-06,2021-04-07,2021-04-09,2021-04-09,1,0,,0.0004393017773,0.000146900795,0.03810757827,0,temporal_sigmoid
logistic,S1,2021,2021-04-07,2021-04-01,2021-04-07,2021-04-08,2021-04-10,2021-04-10,1,0,,0.009581349187,0.001599293978,0.03810757827,0,temporal_sigmoid
logistic,S1,2021,2021-04-08,2021-04-02,2021-04-08,2021-04-09,2021-04-11,2021-04-11,1,0,,0.02206276287,0.003072266432,0.03810757827,0,temporal_sigmoid
logistic,S1,2021,2021-04-09,2021-04-03,2021-04-09,2021-04-10,2021-04-12,2021-04-12,1,0,,0.4126535857,0.04208264784,0.03810757827,1,temporal_sigmoid
logistic,S1,2021,2021-04-10,2021-04-04,2021-04-10,2021-04-11,2021-04-13,2021-04-13,1,0,,0.7523314037,0.119860732,0.03810757827,1,temporal_sigmoid
logistic,S1,2021,2021-04-11,2021-04-05,2021-04-11,2021-04-12,2021-04-14,2021-04-14,1,1,fixed36_0040,0.758395211,0.1225618014,0.03810757827,1,temporal_sigmoid
logistic,S1,2021,2021-04-12,2021-04-06,2021-04-12,2021-04-13,2021-04-15,2021-04-15,1,0,,0.9072970273,0.2516851438,0.03810757827,1,temporal_sigmoid
logistic,S1,2021,2021-04-13,2021-04-07,2021-04-13,2021-04-14,2021-04-16,2021-04-16,1,0,,0.8831478677,0.2159560923,0.03810757827,1,temporal_sigmoid
logistic,S1,2021,2021-04-14,2021-04-08,2021-04-14,2021-04-15,2021-04-17,2021-04-17,1,0,,0.8567837992,0.1869391867,0.03810757827,1,temporal_sigmoid
logistic,S1,2021,2021-04-15,2021-04-09,2021-04-15,2021-04-16,2021-04-18,2021-04-18,1,0,,0.772710453,0.1293472627,0.03810757827,1,temporal_sigmoid
logistic,S1,2021,2021-04-16,2021-04-10,2021-04-16,2021-04-17,2021-04-19,2021-04-19,1,0,,0.534579047,0.06035344239,0.03810757827,1,temporal_sigmoid
logistic,S1,2021,2021-04-17,2021-04-11,2021-04-17,2021-04-18,2021-04-20,2021-04-20,1,0,,0.01428019546,0.002183701619,0.03810757827,0,temporal_sigmoid
logistic,S1,2021,2021-04-18,2021-04-12,2021-04-18,2021-04-19,2021-04-21,2021-04-21,1,1,fixed36_0041,0.0966850107,0.01015947699,0.03810757827,0,temporal_sigmoid
logistic,S1,2021,2021-04-19,2021-04-13,2021-04-19,2021-04-20,2021-04-22,2021-04-22,1,0,,0.7376712144,0.1137097908,0.03810757827,1,temporal_sigmoid
logistic,S1,2021,2021-04-20,2021-04-14,2021-04-20,2021-04-21,2021-04-23,2021-04-23,1,0,,0.8928658179,0.2290227548,0.03810757827,1,temporal_sigmoid
logistic,S1,2021,2021-04-21,2021-04-15,2021-04-21,2021-04-22,2021-04-24,2021-04-24,1,0,,0.8353001086,0.1683098854,0.03810757827,1,temporal_sigmoid
logistic,S1,2021,2021-04-22,2021-04-16,2021-04-22,2021-04-23,2021-04-25,2021-04-25,1,0,,0.1130513624,0.01161055547,0.03810757827,0,temporal_sigmoid
logistic,S1,2021,2021-04-23,2021-04-17,2021-04-23,2021-04-24,2021-04-26,2021-04-26,1,1,fixed36_0042,0.4840227093,0.05206746269,0.03810757827,1,temporal_sigmoid
logistic,S1,2021,2021-04-24,2021-04-18,2021-04-24,2021-04-25,2021-04-27,2021-04-27,1,1,fixed36_0042,0.8964357738,0.234232322,0.03810757827,1,temporal_sigmoid
logistic,S1,2021,2021-04-25,2021-04-19,2021-04-25,2021-04-26,2021-04-28,2021-04-28,1,1,fixed36_0042,0.9728875984,0.4785924875,0.03810757827,1,temporal_sigmoid
logistic,S1,2021,2021-04-26,2021-04-20,2021-04-26,2021-04-27,2021-04-29,2021-04-29,1,1,fixed36_0042,0.9722143315,0.4737311471,0.03810757827,1,temporal_sigmoid
logistic,S1,2021,2021-04-27,2021-04-21,2021-04-27,2021-04-28,2021-04-30,2021-04-30,1,0,,0.9376270898,0.319076747,0.03810757827,1,temporal_sigmoid
logistic,S1,2021,2021-04-28,2021-04-22,2021-04-28,2021-04-29,2021-05-01,2021-05-01,1,0,,0.902551571,0.2437414874,0.03810757827,1,temporal_sigmoid
logistic,S1,2021,2021-04-29,2021-04-23,2021-04-29,2021-04-30,2021-05-02,2021-05-02,1,0,,0.8802723904,0.2123704787,0.03810757827,1,temporal_sigmoid
logistic,S1,2021,2021-04-30,2021-04-24,2021-04-30,2021-05-01,2021-05-03,2021-05-03,1,0,,0.9388633761,0.3226698164,0.03810757827,1,temporal_sigmoid
logistic,S1,2021,2021-05-01,2021-04-25,2021-05-01,2021-05-02,2021-05-04,2021-05-04,1,0,,0.7965582219,0.1421436186,0.03810757827,1,temporal_sigmoid
logistic,S1,2021,2021-05-02,2021-04-26,2021-05-02,2021-05-03,2021-05-05,2021-05-05,1,0,,0.642246802,0.08315881683,0.03810757827,1,temporal_sigmoid
logistic,S1,2021,2021-05-03,2021-04-27,2021-05-03,2021-05-04,2021-05-06,2021-05-06,1,0,,0.1765715903,0.01725611544,0.03810757827,0,temporal_sigmoid
logistic,S1,2021,2021-05-04,2021-04-28,2021-05-04,2021-05-05,2021-05-07,2021-05-07,1,0,,0.0005530098867,0.0001755099055,0.03810757827,0,temporal_sigmoid
logistic,S1,2021,2021-05-05,2021-04-29,2021-05-05,2021-05-06,2021-05-08,2021-05-08,1,0,,0.1323430831,0.01331554733,0.03810757827,0,temporal_sigmoid
logistic,S1,2021,2021-05-06,2021-04-30,2021-05-06,2021-05-07,2021-05-09,2021-05-09,1,0,,0.05016373469,0.00591109747,0.03810757827,0,temporal_sigmoid
logistic,S1,2021,2021-05-07,2021-05-01,2021-05-07,2021-05-08,2021-05-10,2021-05-10,1,0,,0.204579957,0.01980793153,0.03810757827,0,temporal_sigmoid
logistic,S1,2021,2021-05-08,2021-05-02,2021-05-08,2021-05-09,2021-05-11,2021-05-11,1,0,,0.03385848382,0.004312490472,0.03810757827,0,temporal_sigmoid
logistic,S1,2021,2021-05-09,2021-05-03,2021-05-09,2021-05-10,2021-05-12,2021-05-12,1,0,,0.01034520439,0.001697800012,0.03810757827,0,temporal_sigmoid
logistic,S1,2021,2021-05-10,2021-05-04,2021-05-10,2021-05-11,2021-05-13,2021-05-13,1,0,,0.02814196872,0.003723430827,0.03810757827,0,temporal_sigmoid
logistic,S1,2021,2021-05-11,2021-05-05,2021-05-11,2021-05-12,2021-05-14,2021-05-14,1,0,,0.0002828542653,0.0001045297992,0.03810757827,0,temporal_sigmoid
logistic,S1,2021,2021-05-12,2021-05-06,2021-05-12,2021-05-13,2021-05-15,2021-05-15,1,0,,0.00741049618,0.001309473282,0.03810757827,0,temporal_sigmoid
logistic,S1,2021,2021-05-13,2021-05-07,2021-05-13,2021-05-14,2021-05-16,2021-05-16,1,0,,0.006235568913,0.001145083442,0.03810757827,0,temporal_sigmoid
logistic,S1,2021,2021-05-14,2021-05-08,2021-05-14,2021-05-15,2021-05-17,2021-05-17,1,0,,0.1943968499,0.01887335109,0.03810757827,0,temporal_sigmoid
logistic,S1,2021,2021-05-15,2021-05-09,2021-05-15,2021-05-16,2021-05-18,2021-05-18,1,0,,0.08963409272,0.009530707803,0.03810757827,0,temporal_sigmoid
logistic,S1,2021,2021-05-16,2021-05-10,2021-05-16,2021-05-17,2021-05-19,2021-05-19,1,0,,0.09289008075,0.009821430112,0.03810757827,0,temporal_sigmoid
logistic,S1,2021,2021-05-17,2021-05-11,2021-05-17,2021-05-18,2021-05-20,2021-05-20,1,0,,0.2929531842,0.02838226679,0.03810757827,0,temporal_sigmoid
logistic,S1,2021,2021-05-18,2021-05-12,2021-05-18,2021-05-19,2021-05-21,2021-05-21,1,0,,0.2412747217,0.0232555208,0.03810757827,0,temporal_sigmoid
logistic,S1,2021,2021-05-19,2021-05-13,2021-05-19,2021-05-20,2021-05-22,2021-05-22,1,0,,0.03702383865,0.004631097713,0.03810757827,0,temporal_sigmoid
logistic,S1,2021,2021-05-20,2021-05-14,2021-05-20,2021-05-21,2021-05-23,2021-05-23,1,0,,0.06200946728,0.007023268959,0.03810757827,0,temporal_sigmoid
logistic,S1,2021,2021-05-21,2021-05-15,2021-05-21,2021-05-22,2021-05-24,2021-05-24,1,0,,0.2876422602,0.02783805809,0.03810757827,0,temporal_sigmoid
logistic,S1,2021,2021-05-22,2021-05-16,2021-05-22,2021-05-23,2021-05-25,2021-05-25,1,0,,0.5113949531,0.05640641733,0.03810757827,1,temporal_sigmoid
logistic,S1,2021,2021-05-23,2021-05-17,2021-05-23,2021-05-24,2021-05-26,2021-05-26,1,0,,0.651059764,0.08545975324,0.03810757827,1,temporal_sigmoid
logistic,S1,2021,2021-05-24,2021-05-18,2021-05-24,2021-05-25,2021-05-27,2021-05-27,1,0,,0.4026268697,0.04080793772,0.03810757827,1,temporal_sigmoid
logistic,S1,2021,2021-05-25,2021-05-19,2021-05-25,2021-05-26,2021-05-28,2021-05-28,1,0,,0.004677547007,0.000916066578,0.03810757827,0,temporal_sigmoid
logistic,S1,2021,2021-05-26,2021-05-20,2021-05-26,2021-05-27,2021-05-29,2021-05-29,1,0,,0.0006810729847,0.0002061744463,0.03810757827,0,temporal_sigmoid
logistic,S1,2021,2021-05-27,2021-05-21,2021-05-27,2021-05-28,2021-05-30,2021-05-30,1,0,,0.009042385777,0.001528785862,0.03810757827,0,temporal_sigmoid
logistic,S1,2021,2021-05-28,2021-05-22,2021-05-28,2021-05-29,2021-05-31,2021-05-31,1,0,,0.01449765683,0.002209673495,0.03810757827,0,temporal_sigmoid
logistic,S1,2021,2021-05-29,2021-05-23,2021-05-29,2021-05-30,2021-06-01,2021-06-01,1,0,,0.1094935933,0.01129578851,0.03810757827,0,temporal_sigmoid
logistic,S1,2021,2021-05-30,2021-05-24,2021-05-30,2021-05-31,2021-06-02,2021-06-02,1,0,,0.06291959596,0.007107520841,0.03810757827,0,temporal_sigmoid
logistic,S1,2021,2021-05-31,2021-05-25,2021-05-31,2021-06-01,2021-06-03,2021-06-03,1,0,,0.0001799206606,7.368647764e-05,0.03810757827,0,temporal_sigmoid
logistic,S1,2021,2021-06-01,2021-05-26,2021-06-01,2021-06-02,2021-06-04,2021-06-04,1,0,,1.253970221e-06,1.587440519e-06,0.03810757827,0,temporal_sigmoid
logistic,S1,2021,2021-06-02,2021-05-27,2021-06-02,2021-06-03,2021-06-05,2021-06-05,1,0,,0.003765435685,0.0007742585229,0.03810757827,0,temporal_sigmoid
logistic,S1,2021,2021-06-03,2021-05-28,2021-06-03,2021-06-04,2021-06-06,2021-06-06,1,0,,0.007580162011,0.001332726263,0.03810757827,0,temporal_sigmoid
logistic,S1,2021,2021-06-04,2021-05-29,2021-06-04,2021-06-05,2021-06-07,2021-06-07,1,0,,0.02830826999,0.003740851606,0.03810757827,0,temporal_sigmoid
logistic,S1,2021,2021-06-05,2021-05-30,2021-06-05,2021-06-06,2021-06-08,2021-06-08,1,0,,0.0005334820429,0.0001706994629,0.03810757827,0,temporal_sigmoid
logistic,S1,2021,2021-06-06,2021-05-31,2021-06-06,2021-06-07,2021-06-09,2021-06-09,1,0,,4.702241589e-06,4.408282184e-06,0.03810757827,0,temporal_sigmoid
logistic,S1,2021,2021-06-07,2021-06-01,2021-06-07,2021-06-08,2021-06-10,2021-06-10,1,0,,0.000150912569,6.4324785e-05,0.03810757827,0,temporal_sigmoid
logistic,S1,2021,2021-06-08,2021-06-02,2021-06-08,2021-06-09,2021-06-11,2021-06-11,1,0,,2.581817592e-05,1.643663189e-05,0.03810757827,0,temporal_sigmoid
logistic,S1,2021,2021-06-09,2021-06-03,2021-06-09,2021-06-10,2021-06-12,2021-06-12,1,0,,0.0005151491754,0.0001661469543,0.03810757827,0,temporal_sigmoid
logistic,S1,2021,2021-06-10,2021-06-04,2021-06-10,2021-06-11,2021-06-13,2021-06-13,1,0,,0.000294265539,0.0001077744477,0.03810757827,0,temporal_sigmoid
logistic,S1,2021,2021-06-11,2021-06-05,2021-06-11,2021-06-12,2021-06-14,2021-06-14,1,0,,0.0002029384927,8.087129117e-05,0.03810757827,0,temporal_sigmoid
logistic,S1,2021,2021-06-12,2021-06-06,2021-06-12,2021-06-13,2021-06-15,2021-06-15,1,0,,7.548776253e-05,3.766029828e-05,0.03810757827,0,temporal_sigmoid
logistic,S1,2021,2021-06-13,2021-06-07,2021-06-13,2021-06-14,2021-06-16,2021-06-16,1,0,,0.000254768467,9.641357723e-05,0.03810757827,0,temporal_sigmoid
logistic,S1,2021,2021-06-14,2021-06-08,2021-06-14,2021-06-15,2021-06-17,2021-06-17,1,0,,0.0002977719889,0.0001087656886,0.03810757827,0,temporal_sigmoid
logistic,S1,2021,2021-06-15,2021-06-09,2021-06-15,2021-06-16,2021-06-18,2021-06-18,1,0,,4.329230915e-05,2.450676841e-05,0.03810757827,0,temporal_sigmoid
logistic,S1,2021,2021-06-16,2021-06-10,2021-06-16,2021-06-17,2021-06-19,2021-06-19,1,0,,7.828364249e-06,6.536271444e-06,0.03810757827,0,temporal_sigmoid
logistic,S1,2021,2021-06-17,2021-06-11,2021-06-17,2021-06-18,2021-06-20,2021-06-20,1,0,,1.893882542e-06,2.183084102e-06,0.03810757827,0,temporal_sigmoid
logistic,S1,2021,2021-06-18,2021-06-12,2021-06-18,2021-06-19,2021-06-21,2021-06-21,1,0,,1.751483802e-07,1.332741952e-06,0.03810757827,0,temporal_sigmoid
logistic,S1,2021,2021-06-19,2021-06-13,2021-06-19,2021-06-20,2021-06-22,2021-06-22,1,0,,3.940278446e-08,1.332741952e-06,0.03810757827,0,temporal_sigmoid
logistic,S1,2021,2021-06-20,2021-06-14,2021-06-20,2021-06-21,2021-06-23,2021-06-23,1,0,,7.115610791e-07,1.332741952e-06,0.03810757827,0,temporal_sigmoid
logistic,S1,2021,2021-06-21,2021-06-15,2021-06-21,2021-06-22,2021-06-24,2021-06-24,1,0,,9.845463311e-06,7.803135152e-06,0.03810757827,0,temporal_sigmoid
logistic,S1,2021,2021-06-22,2021-06-16,2021-06-22,2021-06-23,2021-06-25,2021-06-25,1,0,,5.926946117e-06,5.271702415e-06,0.03810757827,0,temporal_sigmoid
logistic,S1,2021,2021-06-23,2021-06-17,2021-06-23,2021-06-24,2021-06-26,2021-06-26,1,0,,4.027380958e-05,2.317557487e-05,0.03810757827,0,temporal_sigmoid
logistic,S1,2021,2021-06-24,2021-06-18,2021-06-24,2021-06-25,2021-06-27,2021-06-27,1,0,,4.953576668e-05,2.719562963e-05,0.03810757827,0,temporal_sigmoid
logistic,S1,2021,2021-06-25,2021-06-19,2021-06-25,2021-06-26,2021-06-28,2021-06-28,1,0,,2.097245875e-05,1.399752829e-05,0.03810757827,0,temporal_sigmoid
logistic,S1,2021,2021-06-26,2021-06-20,2021-06-26,2021-06-27,2021-06-29,2021-06-29,1,0,,2.397940552e-05,1.552448775e-05,0.03810757827,0,temporal_sigmoid
logistic,S1,2021,2021-06-27,2021-06-21,2021-06-27,2021-06-28,2021-06-30,2021-06-30,1,0,,9.505728968e-05,4.500349397e-05,0.03810757827,0,temporal_sigmoid
logistic,S1,2022,2022-02-28,2022-02-22,2022-02-28,2022-03-01,2022-03-03,2022-03-03,1,0,,0.0001352043112,3.05186324e-05,0.01870555014,0,temporal_sigmoid
logistic,S1,2022,2022-03-01,2022-02-23,2022-03-01,2022-03-02,2022-03-04,2022-03-04,1,0,,0.0001888939018,4.004990903e-05,0.01870555014,0,temporal_sigmoid
logistic,S1,2022,2022-03-02,2022-02-24,2022-03-02,2022-03-03,2022-03-05,2022-03-05,1,0,,0.0001454399643,3.238351117e-05,0.01870555014,0,temporal_sigmoid
logistic,S1,2022,2022-03-03,2022-02-25,2022-03-03,2022-03-04,2022-03-06,2022-03-06,1,0,,0.0001835049831,3.911872925e-05,0.01870555014,0,temporal_sigmoid
logistic,S1,2022,2022-03-04,2022-02-26,2022-03-04,2022-03-05,2022-03-07,2022-03-07,1,0,,0.0002539151647,5.093587636e-05,0.01870555014,0,temporal_sigmoid
logistic,S1,2022,2022-03-05,2022-02-27,2022-03-05,2022-03-06,2022-03-08,2022-03-08,1,0,,0.001666903728,0.0002352734537,0.01870555014,0,temporal_sigmoid
logistic,S1,2022,2022-03-06,2022-02-28,2022-03-06,2022-03-07,2022-03-09,2022-03-09,1,0,,0.001609579791,0.0002286675817,0.01870555014,0,temporal_sigmoid
logistic,S1,2022,2022-03-07,2022-03-01,2022-03-07,2022-03-08,2022-03-10,2022-03-10,1,0,,0.01314943817,0.001271060201,0.01870555014,0,temporal_sigmoid
logistic,S1,2022,2022-03-08,2022-03-02,2022-03-08,2022-03-09,2022-03-11,2022-03-11,1,0,,0.0203563791,0.00182285455,0.01870555014,0,temporal_sigmoid
logistic,S1,2022,2022-03-09,2022-03-03,2022-03-09,2022-03-10,2022-03-12,2022-03-12,1,0,,0.01924416427,0.001740032186,0.01870555014,0,temporal_sigmoid
logistic,S1,2022,2022-03-10,2022-03-04,2022-03-10,2022-03-11,2022-03-13,2022-03-13,1,0,,0.04246643562,0.003370208858,0.01870555014,0,temporal_sigmoid
logistic,S1,2022,2022-03-11,2022-03-05,2022-03-11,2022-03-12,2022-03-14,2022-03-14,1,0,,0.02304172779,0.002020078793,0.01870555014,0,temporal_sigmoid
logistic,S1,2022,2022-03-12,2022-03-06,2022-03-12,2022-03-13,2022-03-15,2022-03-15,1,0,,0.03457414979,0.002834174754,0.01870555014,0,temporal_sigmoid
logistic,S1,2022,2022-03-13,2022-03-07,2022-03-13,2022-03-14,2022-03-16,2022-03-16,1,0,,0.06075069681,0.00457415349,0.01870555014,0,temporal_sigmoid
logistic,S1,2022,2022-03-14,2022-03-08,2022-03-14,2022-03-15,2022-03-17,2022-03-17,1,0,,0.178712715,0.01216668012,0.01870555014,0,temporal_sigmoid
logistic,S1,2022,2022-03-15,2022-03-09,2022-03-15,2022-03-16,2022-03-18,2022-03-18,1,0,,0.2949940305,0.0205233275,0.01870555014,1,temporal_sigmoid
logistic,S1,2022,2022-03-16,2022-03-10,2022-03-16,2022-03-17,2022-03-19,2022-03-19,1,0,,0.4322124624,0.03295383558,0.01870555014,1,temporal_sigmoid
logistic,S1,2022,2022-03-17,2022-03-11,2022-03-17,2022-03-18,2022-03-20,2022-03-20,1,0,,0.6495796892,0.06562960527,0.01870555014,1,temporal_sigmoid
logistic,S1,2022,2022-03-18,2022-03-12,2022-03-18,2022-03-19,2022-03-21,2022-03-21,1,0,,0.616021847,0.05878566586,0.01870555014,1,temporal_sigmoid
logistic,S1,2022,2022-03-19,2022-03-13,2022-03-19,2022-03-20,2022-03-22,2022-03-22,1,0,,0.6218852951,0.05991356598,0.01870555014,1,temporal_sigmoid
logistic,S1,2022,2022-03-20,2022-03-14,2022-03-20,2022-03-21,2022-03-23,2022-03-23,1,0,,0.5480049731,0.04738578161,0.01870555014,1,temporal_sigmoid
logistic,S1,2022,2022-03-21,2022-03-15,2022-03-21,2022-03-22,2022-03-24,2022-03-24,1,0,,0.1934096435,0.0131523832,0.01870555014,0,temporal_sigmoid
logistic,S1,2022,2022-03-22,2022-03-16,2022-03-22,2022-03-23,2022-03-25,2022-03-25,1,0,,0.4262812822,0.03233257863,0.01870555014,1,temporal_sigmoid
logistic,S1,2022,2022-03-23,2022-03-17,2022-03-23,2022-03-24,2022-03-26,2022-03-26,1,0,,0.8615425525,0.1581936404,0.01870555014,1,temporal_sigmoid
logistic,S1,2022,2022-03-24,2022-03-18,2022-03-24,2022-03-25,2022-03-27,2022-03-27,1,0,,0.2929339902,0.02036180527,0.01870555014,1,temporal_sigmoid
logistic,S1,2022,2022-03-25,2022-03-19,2022-03-25,2022-03-26,2022-03-28,2022-03-28,1,0,,0.2104525942,0.01431643079,0.01870555014,0,temporal_sigmoid
logistic,S1,2022,2022-03-26,2022-03-20,2022-03-26,2022-03-27,2022-03-29,2022-03-29,1,0,,0.1362776075,0.009395761857,0.01870555014,0,temporal_sigmoid
logistic,S1,2022,2022-03-27,2022-03-21,2022-03-27,2022-03-28,2022-03-30,2022-03-30,1,0,,0.1820226937,0.01238732127,0.01870555014,0,temporal_sigmoid
logistic,S1,2022,2022-03-28,2022-03-22,2022-03-28,2022-03-29,2022-03-31,2022-03-31,1,0,,0.08491915787,0.006124077624,0.01870555014,0,temporal_sigmoid
logistic,S1,2022,2022-03-29,2022-03-23,2022-03-29,2022-03-30,2022-04-01,2022-04-01,1,0,,0.1057123203,0.007445196361,0.01870555014,0,temporal_sigmoid
logistic,S1,2022,2022-03-30,2022-03-24,2022-03-30,2022-03-31,2022-04-02,2022-04-02,1,0,,0.02817025543,0.002387767794,0.01870555014,0,temporal_sigmoid
logistic,S1,2022,2022-03-31,2022-03-25,2022-03-31,2022-04-01,2022-04-03,2022-04-03,1,0,,0.1606778449,0.01097699888,0.01870555014,0,temporal_sigmoid
logistic,S1,2022,2022-04-01,2022-03-26,2022-04-01,2022-04-02,2022-04-04,2022-04-04,1,0,,0.2164030339,0.01472867646,0.01870555014,0,temporal_sigmoid
logistic,S1,2022,2022-04-02,2022-03-27,2022-04-02,2022-04-03,2022-04-05,2022-04-05,1,0,,0.0741955241,0.005439795494,0.01870555014,0,temporal_sigmoid
logistic,S1,2022,2022-04-03,2022-03-28,2022-04-03,2022-04-04,2022-04-06,2022-04-06,1,0,,0.09560868849,0.006803563171,0.01870555014,0,temporal_sigmoid
logistic,S1,2022,2022-04-04,2022-03-29,2022-04-04,2022-04-05,2022-04-07,2022-04-07,1,0,,0.1874253747,0.01274912354,0.01870555014,0,temporal_sigmoid
logistic,S1,2022,2022-04-05,2022-03-30,2022-04-05,2022-04-06,2022-04-08,2022-04-08,1,0,,0.3080211052,0.0215586996,0.01870555014,1,temporal_sigmoid
logistic,S1,2022,2022-04-06,2022-03-31,2022-04-06,2022-04-07,2022-04-09,2022-04-09,1,0,,0.177920329,0.01211397178,0.01870555014,0,temporal_sigmoid
logistic,S1,2022,2022-04-07,2022-04-01,2022-04-07,2022-04-08,2022-04-10,2022-04-10,1,0,,0.3481588024,0.02491446136,0.01870555014,1,temporal_sigmoid
logistic,S1,2022,2022-04-08,2022-04-02,2022-04-08,2022-04-09,2022-04-11,2022-04-11,1,0,,0.2319369694,0.01582034052,0.01870555014,0,temporal_sigmoid
logistic,S1,2022,2022-04-09,2022-04-03,2022-04-09,2022-04-10,2022-04-12,2022-04-12,1,0,,0.2488968989,0.01703985575,0.01870555014,0,temporal_sigmoid
logistic,S1,2022,2022-04-10,2022-04-04,2022-04-10,2022-04-11,2022-04-13,2022-04-13,1,0,,0.4519352465,0.03508910554,0.01870555014,1,temporal_sigmoid
logistic,S1,2022,2022-04-11,2022-04-05,2022-04-11,2022-04-12,2022-04-14,2022-04-14,1,0,,0.533580725,0.04529983794,0.01870555014,1,temporal_sigmoid
logistic,S1,2022,2022-04-12,2022-04-06,2022-04-12,2022-04-13,2022-04-15,2022-04-15,1,0,,0.2047816303,0.01392642736,0.01870555014,0,temporal_sigmoid
logistic,S1,2022,2022-04-13,2022-04-07,2022-04-13,2022-04-14,2022-04-16,2022-04-16,1,0,,0.256579696,0.01760254251,0.01870555014,0,temporal_sigmoid
logistic,S1,2022,2022-04-14,2022-04-08,2022-04-14,2022-04-15,2022-04-17,2022-04-17,1,0,,0.2949867482,0.02052275547,0.01870555014,1,temporal_sigmoid
logistic,S1,2022,2022-04-15,2022-04-09,2022-04-15,2022-04-16,2022-04-18,2022-04-18,1,0,,0.8565956136,0.1538213031,0.01870555014,1,temporal_sigmoid
logistic,S1,2022,2022-04-16,2022-04-10,2022-04-16,2022-04-17,2022-04-19,2022-04-19,1,0,,0.735220834,0.08887403904,0.01870555014,1,temporal_sigmoid
logistic,S1,2022,2022-04-17,2022-04-11,2022-04-17,2022-04-18,2022-04-20,2022-04-20,1,0,,0.6243306567,0.06039196231,0.01870555014,1,temporal_sigmoid
logistic,S1,2022,2022-04-18,2022-04-12,2022-04-18,2022-04-19,2022-04-21,2022-04-21,1,0,,0.6802305687,0.07283122071,0.01870555014,1,temporal_sigmoid
logistic,S1,2022,2022-04-19,2022-04-13,2022-04-19,2022-04-20,2022-04-22,2022-04-22,1,0,,0.3049394255,0.02131155392,0.01870555014,1,temporal_sigmoid
logistic,S1,2022,2022-04-20,2022-04-14,2022-04-20,2022-04-21,2022-04-23,2022-04-23,1,0,,1.934963354e-06,9.676379242e-07,0.01870555014,0,temporal_sigmoid
logistic,S1,2022,2022-04-21,2022-04-15,2022-04-21,2022-04-22,2022-04-24,2022-04-24,1,0,,0.007287000989,0.0007833457259,0.01870555014,0,temporal_sigmoid
logistic,S1,2022,2022-04-22,2022-04-16,2022-04-22,2022-04-23,2022-04-25,2022-04-25,1,0,,0.02611489119,0.002241667392,0.01870555014,0,temporal_sigmoid
logistic,S1,2022,2022-04-23,2022-04-17,2022-04-23,2022-04-24,2022-04-26,2022-04-26,1,0,,0.2708751536,0.01866778816,0.01870555014,0,temporal_sigmoid
logistic,S1,2022,2022-04-24,2022-04-18,2022-04-24,2022-04-25,2022-04-27,2022-04-27,1,0,,0.6984426604,0.07763917934,0.01870555014,1,temporal_sigmoid
logistic,S1,2022,2022-04-25,2022-04-19,2022-04-25,2022-04-26,2022-04-28,2022-04-28,1,0,,0.5917934244,0.05439224479,0.01870555014,1,temporal_sigmoid
logistic,S1,2022,2022-04-26,2022-04-20,2022-04-26,2022-04-27,2022-04-29,2022-04-29,1,0,,0.5589813263,0.04904201,0.01870555014,1,temporal_sigmoid
logistic,S1,2022,2022-04-27,2022-04-21,2022-04-27,2022-04-28,2022-04-30,2022-04-30,1,0,,0.6029974513,0.05637264501,0.01870555014,1,temporal_sigmoid
logistic,S1,2022,2022-04-28,2022-04-22,2022-04-28,2022-04-29,2022-05-01,2022-05-01,1,0,,0.6068118282,0.05706658109,0.01870555014,1,temporal_sigmoid
logistic,S1,2022,2022-04-29,2022-04-23,2022-04-29,2022-04-30,2022-05-02,2022-05-02,1,0,,0.8966165534,0.1975137541,0.01870555014,1,temporal_sigmoid
logistic,S1,2022,2022-04-30,2022-04-24,2022-04-30,2022-05-01,2022-05-03,2022-05-03,1,0,,0.2146070801,0.01460391974,0.01870555014,0,temporal_sigmoid
logistic,S1,2022,2022-05-01,2022-04-25,2022-05-01,2022-05-02,2022-05-04,2022-05-04,1,0,,0.03678207626,0.002985500609,0.01870555014,0,temporal_sigmoid
logistic,S1,2022,2022-05-02,2022-04-26,2022-05-02,2022-05-03,2022-05-05,2022-05-05,1,0,,0.003395215335,0.0004199364131,0.01870555014,0,temporal_sigmoid
logistic,S1,2022,2022-05-03,2022-04-27,2022-05-03,2022-05-04,2022-05-06,2022-05-06,1,0,,0.0003140872121,6.054805219e-05,0.01870555014,0,temporal_sigmoid
logistic,S1,2022,2022-05-04,2022-04-28,2022-05-04,2022-05-05,2022-05-07,2022-05-07,1,0,,0.005235855824,0.0005979130504,0.01870555014,0,temporal_sigmoid
logistic,S1,2022,2022-05-05,2022-04-29,2022-05-05,2022-05-06,2022-05-08,2022-05-08,1,0,,0.1084760443,0.007620795399,0.01870555014,0,temporal_sigmoid
logistic,S1,2022,2022-05-06,2022-04-30,2022-05-06,2022-05-07,2022-05-09,2022-05-09,1,0,,0.08385238476,0.006056160847,0.01870555014,0,temporal_sigmoid
logistic,S1,2022,2022-05-07,2022-05-01,2022-05-07,2022-05-08,2022-05-10,2022-05-10,1,0,,0.1017998929,0.007196710966,0.01870555014,0,temporal_sigmoid
logistic,S1,2022,2022-05-08,2022-05-02,2022-05-08,2022-05-09,2022-05-11,2022-05-11,1,0,,0.2739852963,0.01890282934,0.01870555014,1,temporal_sigmoid
logistic,S1,2022,2022-05-09,2022-05-03,2022-05-09,2022-05-10,2022-05-12,2022-05-12,1,0,,0.0002296508967,4.694269007e-05,0.01870555014,0,temporal_sigmoid
logistic,S1,2022,2022-05-10,2022-05-04,2022-05-10,2022-05-11,2022-05-13,2022-05-13,1,0,,0.0007484254731,0.0001226541617,0.01870555014,0,temporal_sigmoid
logistic,S1,2022,2022-05-11,2022-05-05,2022-05-11,2022-05-12,2022-05-14,2022-05-14,1,0,,0.002130641096,0.0002873058924,0.01870555014,0,temporal_sigmoid
logistic,S1,2022,2022-05-12,2022-05-06,2022-05-12,2022-05-13,2022-05-15,2022-05-15,1,0,,0.042270565,0.00335705702,0.01870555014,0,temporal_sigmoid
logistic,S1,2022,2022-05-13,2022-05-07,2022-05-13,2022-05-14,2022-05-16,2022-05-16,1,0,,0.003163597022,0.0003964368939,0.01870555014,0,temporal_sigmoid
logistic,S1,2022,2022-05-14,2022-05-08,2022-05-14,2022-05-15,2022-05-17,2022-05-17,1,0,,0.02466789574,0.002137833417,0.01870555014,0,temporal_sigmoid
logistic,S1,2022,2022-05-15,2022-05-09,2022-05-15,2022-05-16,2022-05-18,2022-05-18,1,0,,0.1079566049,0.007587785865,0.01870555014,0,temporal_sigmoid
logistic,S1,2022,2022-05-16,2022-05-10,2022-05-16,2022-05-17,2022-05-19,2022-05-19,1,0,,0.1961449285,0.01333761756,0.01870555014,0,temporal_sigmoid
logistic,S1,2022,2022-05-17,2022-05-11,2022-05-17,2022-05-18,2022-05-20,2022-05-20,1,0,,0.0263526784,0.002258650677,0.01870555014,0,temporal_sigmoid
logistic,S1,2022,2022-05-18,2022-05-12,2022-05-18,2022-05-19,2022-05-21,2022-05-21,1,0,,0.09619934201,0.006841073743,0.01870555014,0,temporal_sigmoid
logistic,S1,2022,2022-05-19,2022-05-13,2022-05-19,2022-05-20,2022-05-22,2022-05-22,1,0,,0.01640897054,0.00152538974,0.01870555014,0,temporal_sigmoid
logistic,S1,2022,2022-05-20,2022-05-14,2022-05-20,2022-05-21,2022-05-23,2022-05-23,1,0,,0.0007879188472,0.0001278919527,0.01870555014,0,temporal_sigmoid
logistic,S1,2022,2022-05-21,2022-05-15,2022-05-21,2022-05-22,2022-05-24,2022-05-24,1,0,,0.0003190043191,6.131745021e-05,0.01870555014,0,temporal_sigmoid
logistic,S1,2022,2022-05-22,2022-05-16,2022-05-22,2022-05-23,2022-05-25,2022-05-25,1,0,,0.005539328946,0.0006260644533,0.01870555014,0,temporal_sigmoid
logistic,S1,2022,2022-05-23,2022-05-17,2022-05-23,2022-05-24,2022-05-26,2022-05-26,1,0,,0.004266437517,0.000505906128,0.01870555014,0,temporal_sigmoid
logistic,S1,2022,2022-05-24,2022-05-18,2022-05-24,2022-05-25,2022-05-27,2022-05-27,1,0,,0.03825977582,0.003086148584,0.01870555014,0,temporal_sigmoid
logistic,S1,2022,2022-05-25,2022-05-19,2022-05-25,2022-05-26,2022-05-28,2022-05-28,1,0,,0.001882534122,0.0002597608393,0.01870555014,0,temporal_sigmoid
logistic,S1,2022,2022-05-26,2022-05-20,2022-05-26,2022-05-27,2022-05-29,2022-05-29,1,0,,0.003773254708,0.0004576788987,0.01870555014,0,temporal_sigmoid
logistic,S1,2022,2022-05-27,2022-05-21,2022-05-27,2022-05-28,2022-05-30,2022-05-30,1,0,,0.0007423159652,0.0001218393525,0.01870555014,0,temporal_sigmoid
logistic,S1,2022,2022-05-28,2022-05-22,2022-05-28,2022-05-29,2022-05-31,2022-05-31,1,0,,0.001073037778,0.0001644122206,0.01870555014,0,temporal_sigmoid
logistic,S1,2022,2022-05-29,2022-05-23,2022-05-29,2022-05-30,2022-06-01,2022-06-01,1,0,,1.981804535e-05,6.409539744e-06,0.01870555014,0,temporal_sigmoid
logistic,S1,2022,2022-05-30,2022-05-24,2022-05-30,2022-05-31,2022-06-02,2022-06-02,1,0,,0.00064571471,0.0001087811431,0.01870555014,0,temporal_sigmoid
logistic,S1,2022,2022-05-31,2022-05-25,2022-05-31,2022-06-01,2022-06-03,2022-06-03,1,0,,0.01171445537,0.001155898079,0.01870555014,0,temporal_sigmoid
logistic,S1,2022,2022-06-01,2022-05-26,2022-06-01,2022-06-02,2022-06-04,2022-06-04,1,0,,0.001262819645,0.0001877016327,0.01870555014,0,temporal_sigmoid
logistic,S1,2022,2022-06-02,2022-05-27,2022-06-02,2022-06-03,2022-06-05,2022-06-05,1,0,,0.0002146815848,4.444002146e-05,0.01870555014,0,temporal_sigmoid
logistic,S1,2022,2022-06-03,2022-05-28,2022-06-03,2022-06-04,2022-06-06,2022-06-06,1,0,,9.237332018e-05,2.239249326e-05,0.01870555014,0,temporal_sigmoid
logistic,S1,2022,2022-06-04,2022-05-29,2022-06-04,2022-06-05,2022-06-07,2022-06-07,1,0,,4.104581433e-05,1.158255173e-05,0.01870555014,0,temporal_sigmoid
logistic,S1,2022,2022-06-05,2022-05-30,2022-06-05,2022-06-06,2022-06-08,2022-06-08,1,0,,0.001137060317,0.0001723482568,0.01870555014,0,temporal_sigmoid
logistic,S1,2022,2022-06-06,2022-05-31,2022-06-06,2022-06-07,2022-06-09,2022-06-09,1,0,,0.001114093612,0.0001695111601,0.01870555014,0,temporal_sigmoid
logistic,S1,2022,2022-06-07,2022-06-01,2022-06-07,2022-06-08,2022-06-10,2022-06-10,1,0,,0.001189639026,0.0001788037911,0.01870555014,0,temporal_sigmoid
logistic,S1,2022,2022-06-08,2022-06-02,2022-06-08,2022-06-09,2022-06-11,2022-06-11,1,0,,0.0006564738139,0.0001102526597,0.01870555014,0,temporal_sigmoid
logistic,S1,2022,2022-06-09,2022-06-03,2022-06-09,2022-06-10,2022-06-12,2022-06-12,1,0,,5.847067033e-06,2.376894441e-06,0.01870555014,0,temporal_sigmoid
logistic,S1,2022,2022-06-10,2022-06-04,2022-06-10,2022-06-11,2022-06-13,2022-06-13,1,0,,7.304261424e-05,1.850245545e-05,0.01870555014,0,temporal_sigmoid
logistic,S1,2022,2022-06-11,2022-06-05,2022-06-11,2022-06-12,2022-06-14,2022-06-14,1,0,,0.000105852284,2.501372504e-05,0.01870555014,0,temporal_sigmoid
logistic,S1,2022,2022-06-12,2022-06-06,2022-06-12,2022-06-13,2022-06-15,2022-06-15,1,0,,9.172130026e-05,2.226395041e-05,0.01870555014,0,temporal_sigmoid
logistic,S1,2022,2022-06-13,2022-06-07,2022-06-13,2022-06-14,2022-06-16,2022-06-16,1,0,,0.0001112383242,2.604331337e-05,0.01870555014,0,temporal_sigmoid
logistic,S1,2022,2022-06-14,2022-06-08,2022-06-14,2022-06-15,2022-06-17,2022-06-17,1,0,,1.632983153e-05,5.476430963e-06,0.01870555014,0,temporal_sigmoid
logistic,S1,2022,2022-06-15,2022-06-09,2022-06-15,2022-06-16,2022-06-18,2022-06-18,1,0,,2.447714748e-05,7.609385902e-06,0.01870555014,0,temporal_sigmoid
logistic,S1,2022,2022-06-16,2022-06-10,2022-06-16,2022-06-17,2022-06-19,2022-06-19,1,0,,1.345077979e-05,4.677808929e-06,0.01870555014,0,temporal_sigmoid
logistic,S1,2022,2022-06-17,2022-06-11,2022-06-17,2022-06-18,2022-06-20,2022-06-20,1,0,,1.635285342e-07,5.659042703e-07,0.01870555014,0,temporal_sigmoid
logistic,S1,2022,2022-06-18,2022-06-12,2022-06-18,2022-06-19,2022-06-21,2022-06-21,1,0,,2.590228834e-07,5.659042703e-07,0.01870555014,0,temporal_sigmoid
logistic,S1,2022,2022-06-19,2022-06-13,2022-06-19,2022-06-20,2022-06-22,2022-06-22,1,0,,1.155876471e-06,6.36603605e-07,0.01870555014,0,temporal_sigmoid
logistic,S1,2022,2022-06-20,2022-06-14,2022-06-20,2022-06-21,2022-06-23,2022-06-23,1,0,,1.081761763e-06,6.032268485e-07,0.01870555014,0,temporal_sigmoid
logistic,S1,2022,2022-06-21,2022-06-15,2022-06-21,2022-06-22,2022-06-24,2022-06-24,1,0,,3.171113008e-06,1.44564634e-06,0.01870555014,0,temporal_sigmoid
logistic,S1,2022,2022-06-22,2022-06-16,2022-06-22,2022-06-23,2022-06-25,2022-06-25,1,0,,9.432416216e-07,5.659042703e-07,0.01870555014,0,temporal_sigmoid
logistic,S1,2022,2022-06-23,2022-06-17,2022-06-23,2022-06-24,2022-06-26,2022-06-26,1,0,,1.520750258e-06,7.956016526e-07,0.01870555014,0,temporal_sigmoid
logistic,S1,2022,2022-06-24,2022-06-18,2022-06-24,2022-06-25,2022-06-27,2022-06-27,1,0,,5.48449246e-06,2.256401222e-06,0.01870555014,0,temporal_sigmoid
logistic,S1,2022,2022-06-25,2022-06-19,2022-06-25,2022-06-26,2022-06-28,2022-06-28,1,0,,2.008520845e-06,9.974268157e-07,0.01870555014,0,temporal_sigmoid
logistic,S1,2022,2022-06-26,2022-06-20,2022-06-26,2022-06-27,2022-06-29,2022-06-29,1,0,,8.865517173e-06,3.333598435e-06,0.01870555014,0,temporal_sigmoid
logistic,S1,2022,2022-06-27,2022-06-21,2022-06-27,2022-06-28,2022-06-30,2022-06-30,1,0,,2.698274656e-05,8.23657537e-06,0.01870555014,0,temporal_sigmoid
logistic,S1,2023,2023-02-28,2023-02-22,2023-02-28,2023-03-01,2023-03-03,2023-03-03,1,0,,0.0001151719484,2.841508415e-05,0.01322512028,0,temporal_sigmoid
logistic,S1,2023,2023-03-01,2023-02-23,2023-03-01,2023-03-02,2023-03-04,2023-03-04,1,0,,0.0003724579883,6.879898e-05,0.01322512028,0,temporal_sigmoid
logistic,S1,2023,2023-03-02,2023-02-24,2023-03-02,2023-03-03,2023-03-05,2023-03-05,1,0,,0.001844435332,0.0002298041935,0.01322512028,0,temporal_sigmoid
logistic,S1,2023,2023-03-03,2023-02-25,2023-03-03,2023-03-04,2023-03-06,2023-03-06,1,0,,0.03899540183,0.002349873711,0.01322512028,0,temporal_sigmoid
logistic,S1,2023,2023-03-04,2023-02-26,2023-03-04,2023-03-05,2023-03-07,2023-03-07,1,0,,0.03088130574,0.001959493837,0.01322512028,0,temporal_sigmoid
logistic,S1,2023,2023-03-05,2023-02-27,2023-03-05,2023-03-06,2023-03-08,2023-03-08,1,0,,0.02918722981,0.001875649707,0.01322512028,0,temporal_sigmoid
logistic,S1,2023,2023-03-06,2023-02-28,2023-03-06,2023-03-07,2023-03-09,2023-03-09,1,0,,0.02349955963,0.001586567254,0.01322512028,0,temporal_sigmoid
logistic,S1,2023,2023-03-07,2023-03-01,2023-03-07,2023-03-08,2023-03-10,2023-03-10,1,0,,0.05108584497,0.002905986333,0.01322512028,0,temporal_sigmoid
logistic,S1,2023,2023-03-08,2023-03-02,2023-03-08,2023-03-09,2023-03-11,2023-03-11,1,0,,0.005772072398,0.0005441695254,0.01322512028,0,temporal_sigmoid
logistic,S1,2023,2023-03-09,2023-03-03,2023-03-09,2023-03-10,2023-03-12,2023-03-12,1,0,,0.009189131414,0.0007742452454,0.01322512028,0,temporal_sigmoid
logistic,S1,2023,2023-03-10,2023-03-04,2023-03-10,2023-03-11,2023-03-13,2023-03-13,1,0,,0.003830482186,0.0003990408893,0.01322512028,0,temporal_sigmoid
logistic,S1,2023,2023-03-11,2023-03-05,2023-03-11,2023-03-12,2023-03-14,2023-03-14,1,0,,0.01460733819,0.001101948568,0.01322512028,0,temporal_sigmoid
logistic,S1,2023,2023-03-12,2023-03-06,2023-03-12,2023-03-13,2023-03-15,2023-03-15,1,0,,0.07262912478,0.00385037157,0.01322512028,0,temporal_sigmoid
logistic,S1,2023,2023-03-13,2023-03-07,2023-03-13,2023-03-14,2023-03-16,2023-03-16,1,0,,0.07891984348,0.004118953262,0.01322512028,0,temporal_sigmoid
logistic,S1,2023,2023-03-14,2023-03-08,2023-03-14,2023-03-15,2023-03-17,2023-03-17,1,0,,0.01067867566,0.0008679121592,0.01322512028,0,temporal_sigmoid
logistic,S1,2023,2023-03-15,2023-03-09,2023-03-15,2023-03-16,2023-03-18,2023-03-18,1,0,,0.0005649607916,9.417421479e-05,0.01322512028,0,temporal_sigmoid
logistic,S1,2023,2023-03-16,2023-03-10,2023-03-16,2023-03-17,2023-03-19,2023-03-19,1,0,,0.001721936603,0.0002181928159,0.01322512028,0,temporal_sigmoid
logistic,S1,2023,2023-03-17,2023-03-11,2023-03-17,2023-03-18,2023-03-20,2023-03-20,1,0,,0.0003284315117,6.257734213e-05,0.01322512028,0,temporal_sigmoid
logistic,S1,2023,2023-03-18,2023-03-12,2023-03-18,2023-03-19,2023-03-21,2023-03-21,1,0,,0.005751664665,0.000542712021,0.01322512028,0,temporal_sigmoid
logistic,S1,2023,2023-03-19,2023-03-13,2023-03-19,2023-03-20,2023-03-22,2023-03-22,1,0,,1.000721108e-05,4.511039908e-06,0.01322512028,0,temporal_sigmoid
logistic,S1,2023,2023-03-20,2023-03-14,2023-03-20,2023-03-21,2023-03-23,2023-03-23,1,0,,4.27154703e-05,1.346017205e-05,0.01322512028,0,temporal_sigmoid
logistic,S1,2023,2023-03-21,2023-03-15,2023-03-21,2023-03-22,2023-03-24,2023-03-24,1,0,,6.887048703e-06,3.404356393e-06,0.01322512028,0,temporal_sigmoid
logistic,S1,2023,2023-03-22,2023-03-16,2023-03-22,2023-03-23,2023-03-25,2023-03-25,1,0,,1.245008409e-05,5.317800404e-06,0.01322512028,0,temporal_sigmoid
logistic,S1,2023,2023-03-23,2023-03-17,2023-03-23,2023-03-24,2023-03-26,2023-03-26,1,0,,0.0001137594146,2.815214769e-05,0.01322512028,0,temporal_sigmoid
logistic,S1,2023,2023-03-24,2023-03-18,2023-03-24,2023-03-25,2023-03-27,2023-03-27,1,0,,0.0005696673805,9.476486932e-05,0.01322512028,0,temporal_sigmoid
logistic,S1,2023,2023-03-25,2023-03-19,2023-03-25,2023-03-26,2023-03-28,2023-03-28,1,0,,0.0004212060824,7.548017609e-05,0.01322512028,0,temporal_sigmoid
logistic,S1,2023,2023-03-26,2023-03-20,2023-03-26,2023-03-27,2023-03-29,2023-03-29,1,0,,0.008199909849,0.000710099196,0.01322512028,0,temporal_sigmoid
logistic,S1,2023,2023-03-27,2023-03-21,2023-03-27,2023-03-28,2023-03-30,2023-03-30,1,0,,0.0008222011771,0.0001249557069,0.01322512028,0,temporal_sigmoid
logistic,S1,2023,2023-03-28,2023-03-22,2023-03-28,2023-03-29,2023-03-31,2023-03-31,1,0,,0.01299410743,0.001007818375,0.01322512028,0,temporal_sigmoid
logistic,S1,2023,2023-03-29,2023-03-23,2023-03-29,2023-03-30,2023-04-01,2023-04-01,1,0,,0.0004136980633,7.446410285e-05,0.01322512028,0,temporal_sigmoid
logistic,S1,2023,2023-03-30,2023-03-24,2023-03-30,2023-03-31,2023-04-02,2023-04-02,1,0,,0.01453471637,0.001097762923,0.01322512028,0,temporal_sigmoid
logistic,S1,2023,2023-03-31,2023-03-25,2023-03-31,2023-04-01,2023-04-03,2023-04-03,1,0,,8.719379936e-05,2.304096615e-05,0.01322512028,0,temporal_sigmoid
logistic,S1,2023,2023-04-01,2023-03-26,2023-04-01,2023-04-02,2023-04-04,2023-04-04,1,0,,4.124493925e-06,2.313709862e-06,0.01322512028,0,temporal_sigmoid
logistic,S1,2023,2023-04-02,2023-03-27,2023-04-02,2023-04-03,2023-04-05,2023-04-05,1,0,,0.0006032940381,9.895069455e-05,0.01322512028,0,temporal_sigmoid
logistic,S1,2023,2023-04-03,2023-03-28,2023-04-03,2023-04-04,2023-04-06,2023-04-06,1,0,,0.03359729414,0.002092091269,0.01322512028,0,temporal_sigmoid
logistic,S1,2023,2023-04-04,2023-03-29,2023-04-04,2023-04-05,2023-04-07,2023-04-07,1,0,,0.08051320402,0.004186613317,0.01322512028,0,temporal_sigmoid
logistic,S1,2023,2023-04-05,2023-03-30,2023-04-05,2023-04-06,2023-04-08,2023-04-08,1,0,,0.1742207978,0.008088052125,0.01322512028,0,temporal_sigmoid
logistic,S1,2023,2023-04-06,2023-03-31,2023-04-06,2023-04-07,2023-04-09,2023-04-09,1,0,,0.1098090648,0.005413023155,0.01322512028,0,temporal_sigmoid
logistic,S1,2023,2023-04-07,2023-04-01,2023-04-07,2023-04-08,2023-04-10,2023-04-10,1,1,fixed36_0043,0.4053524664,0.01934449192,0.01322512028,1,temporal_sigmoid
logistic,S1,2023,2023-04-08,2023-04-02,2023-04-08,2023-04-09,2023-04-11,2023-04-11,1,1,fixed36_0043,0.5332835557,0.02828542963,0.01322512028,1,temporal_sigmoid
logistic,S1,2023,2023-04-09,2023-04-03,2023-04-09,2023-04-10,2023-04-12,2023-04-12,1,1,fixed36_0043,0.7407089487,0.05486396819,0.01322512028,1,temporal_sigmoid
logistic,S1,2023,2023-04-10,2023-04-04,2023-04-10,2023-04-11,2023-04-13,2023-04-13,1,1,fixed36_0043,0.8528728558,0.09001816486,0.01322512028,1,temporal_sigmoid
logistic,S1,2023,2023-04-11,2023-04-05,2023-04-11,2023-04-12,2023-04-14,2023-04-14,1,1,fixed36_0043,0.950982913,0.1972694265,0.01322512028,1,temporal_sigmoid
logistic,S1,2023,2023-04-12,2023-04-06,2023-04-12,2023-04-13,2023-04-15,2023-04-15,1,1,fixed36_0043,0.989504891,0.4470622343,0.01322512028,1,temporal_sigmoid
logistic,S1,2023,2023-04-13,2023-04-07,2023-04-13,2023-04-14,2023-04-16,2023-04-16,1,1,fixed36_0043,0.9942791721,0.5617238432,0.01322512028,1,temporal_sigmoid
logistic,S1,2023,2023-04-14,2023-04-08,2023-04-14,2023-04-15,2023-04-17,2023-04-17,1,1,fixed36_0043,0.9984042438,0.77083523,0.01322512028,1,temporal_sigmoid
logistic,S1,2023,2023-04-15,2023-04-09,2023-04-15,2023-04-16,2023-04-18,2023-04-18,1,1,fixed36_0043,0.9968867025,0.6700583306,0.01322512028,1,temporal_sigmoid
logistic,S1,2023,2023-04-16,2023-04-10,2023-04-16,2023-04-17,2023-04-19,2023-04-19,1,1,fixed36_0043,0.9984924168,0.7783222458,0.01322512028,1,temporal_sigmoid
logistic,S1,2023,2023-04-17,2023-04-11,2023-04-17,2023-04-18,2023-04-20,2023-04-20,1,1,fixed36_0043,0.9979144341,0.7332193518,0.01322512028,1,temporal_sigmoid
logistic,S1,2023,2023-04-18,2023-04-12,2023-04-18,2023-04-19,2023-04-21,2023-04-21,1,0,,0.993021125,0.5243497601,0.01322512028,1,temporal_sigmoid
logistic,S1,2023,2023-04-19,2023-04-13,2023-04-19,2023-04-20,2023-04-22,2023-04-22,1,0,,0.9952894093,0.5975548501,0.01322512028,1,temporal_sigmoid
logistic,S1,2023,2023-04-20,2023-04-14,2023-04-20,2023-04-21,2023-04-23,2023-04-23,1,0,,0.9946199445,0.5731418339,0.01322512028,1,temporal_sigmoid
logistic,S1,2023,2023-04-21,2023-04-15,2023-04-21,2023-04-22,2023-04-24,2023-04-24,1,0,,0.9266203949,0.1509811733,0.01322512028,1,temporal_sigmoid
logistic,S1,2023,2023-04-22,2023-04-16,2023-04-22,2023-04-23,2023-04-25,2023-04-25,1,0,,0.8789720334,0.1049296924,0.01322512028,1,temporal_sigmoid
logistic,S1,2023,2023-04-23,2023-04-17,2023-04-23,2023-04-24,2023-04-26,2023-04-26,1,0,,0.0002452416274,5.021599529e-05,0.01322512028,0,temporal_sigmoid
logistic,S1,2023,2023-04-24,2023-04-18,2023-04-24,2023-04-25,2023-04-27,2023-04-27,1,0,,0.141843062,0.006738935161,0.01322512028,0,temporal_sigmoid
logistic,S1,2023,2023-04-25,2023-04-19,2023-04-25,2023-04-26,2023-04-28,2023-04-28,1,0,,0.7720130332,0.06189786571,0.01322512028,1,temporal_sigmoid
logistic,S1,2023,2023-04-26,2023-04-20,2023-04-26,2023-04-27,2023-04-29,2023-04-29,1,0,,0.9273085552,0.1519652932,0.01322512028,1,temporal_sigmoid
logistic,S1,2023,2023-04-27,2023-04-21,2023-04-27,2023-04-28,2023-04-30,2023-04-30,1,0,,0.9468596375,0.1873134505,0.01322512028,1,temporal_sigmoid
logistic,S1,2023,2023-04-28,2023-04-22,2023-04-28,2023-04-29,2023-05-01,2023-05-01,1,0,,0.7516934262,0.05717433308,0.01322512028,1,temporal_sigmoid
logistic,S1,2023,2023-04-29,2023-04-23,2023-04-29,2023-04-30,2023-05-02,2023-05-02,1,0,,0.9718961382,0.275270225,0.01322512028,1,temporal_sigmoid
logistic,S1,2023,2023-04-30,2023-04-24,2023-04-30,2023-05-01,2023-05-03,2023-05-03,1,0,,0.4890416706,0.02483932873,0.01322512028,1,temporal_sigmoid
logistic,S1,2023,2023-05-01,2023-04-25,2023-05-01,2023-05-02,2023-05-04,2023-05-04,1,0,,0.6659927743,0.04239909004,0.01322512028,1,temporal_sigmoid
logistic,S1,2023,2023-05-02,2023-04-26,2023-05-02,2023-05-03,2023-05-05,2023-05-05,1,0,,0.9306932436,0.1570149896,0.01322512028,1,temporal_sigmoid
logistic,S1,2023,2023-05-03,2023-04-27,2023-05-03,2023-05-04,2023-05-06,2023-05-06,1,0,,0.8719585629,0.1004639699,0.01322512028,1,temporal_sigmoid
logistic,S1,2023,2023-05-04,2023-04-28,2023-05-04,2023-05-05,2023-05-07,2023-05-07,1,0,,0.1004482008,0.005023876614,0.01322512028,0,temporal_sigmoid
logistic,S1,2023,2023-05-05,2023-04-29,2023-05-05,2023-05-06,2023-05-08,2023-05-08,1,1,fixed36_0044,0.5520333471,0.02989250018,0.01322512028,1,temporal_sigmoid
logistic,S1,2023,2023-05-06,2023-04-30,2023-05-06,2023-05-07,2023-05-09,2023-05-09,1,1,fixed36_0044,0.9150336538,0.1362441618,0.01322512028,1,temporal_sigmoid
logistic,S1,2023,2023-05-07,2023-05-01,2023-05-07,2023-05-08,2023-05-10,2023-05-10,1,1,fixed36_0044,0.9755642739,0.2973697263,0.01322512028,1,temporal_sigmoid
logistic,S1,2023,2023-05-08,2023-05-02,2023-05-08,2023-05-09,2023-05-11,2023-05-11,1,1,fixed36_0044,0.9980508277,0.7430857401,0.01322512028,1,temporal_sigmoid
logistic,S1,2023,2023-05-09,2023-05-03,2023-05-09,2023-05-10,2023-05-12,2023-05-12,1,1,fixed36_0044,0.9987902148,0.8056376039,0.01322512028,1,temporal_sigmoid
logistic,S1,2023,2023-05-10,2023-05-04,2023-05-10,2023-05-11,2023-05-13,2023-05-13,1,0,,0.9950320611,0.5878354895,0.01322512028,1,temporal_sigmoid
logistic,S1,2023,2023-05-11,2023-05-05,2023-05-11,2023-05-12,2023-05-14,2023-05-14,1,0,,0.9772931933,0.3093319219,0.01322512028,1,temporal_sigmoid
logistic,S1,2023,2023-05-12,2023-05-06,2023-05-12,2023-05-13,2023-05-15,2023-05-15,1,0,,0.830109114,0.08001398617,0.01322512028,1,temporal_sigmoid
logistic,S1,2023,2023-05-13,2023-05-07,2023-05-13,2023-05-14,2023-05-16,2023-05-16,1,0,,0.9529745492,0.2025185641,0.01322512028,1,temporal_sigmoid
logistic,S1,2023,2023-05-14,2023-05-08,2023-05-14,2023-05-15,2023-05-17,2023-05-17,1,0,,0.01139003499,0.0009115689643,0.01322512028,0,temporal_sigmoid
logistic,S1,2023,2023-05-15,2023-05-09,2023-05-15,2023-05-16,2023-05-18,2023-05-18,1,0,,0.799923357,0.06957393577,0.01322512028,1,temporal_sigmoid
logistic,S1,2023,2023-05-16,2023-05-10,2023-05-16,2023-05-17,2023-05-19,2023-05-19,1,0,,0.3182991767,0.01461703822,0.01322512028,1,temporal_sigmoid
logistic,S1,2023,2023-05-17,2023-05-11,2023-05-17,2023-05-18,2023-05-20,2023-05-20,1,0,,0.006860828588,0.0006202814931,0.01322512028,0,temporal_sigmoid
logistic,S1,2023,2023-05-18,2023-05-12,2023-05-18,2023-05-19,2023-05-21,2023-05-21,1,0,,0.0001461809229,3.400584547e-05,0.01322512028,0,temporal_sigmoid
logistic,S1,2023,2023-05-19,2023-05-13,2023-05-19,2023-05-20,2023-05-22,2023-05-22,1,0,,0.003004066219,0.0003321022129,0.01322512028,0,temporal_sigmoid
logistic,S1,2023,2023-05-20,2023-05-14,2023-05-20,2023-05-21,2023-05-23,2023-05-23,1,0,,0.05944071154,0.003277763595,0.01322512028,0,temporal_sigmoid
logistic,S1,2023,2023-05-21,2023-05-15,2023-05-21,2023-05-22,2023-05-24,2023-05-24,1,0,,0.1923885751,0.008855963139,0.01322512028,0,temporal_sigmoid
logistic,S1,2023,2023-05-22,2023-05-16,2023-05-22,2023-05-23,2023-05-25,2023-05-25,1,0,,0.1304565319,0.006267717793,0.01322512028,0,temporal_sigmoid
logistic,S1,2023,2023-05-23,2023-05-17,2023-05-23,2023-05-24,2023-05-26,2023-05-26,1,0,,0.005914797479,0.000554328966,0.01322512028,0,temporal_sigmoid
logistic,S1,2023,2023-05-24,2023-05-18,2023-05-24,2023-05-25,2023-05-27,2023-05-27,1,0,,3.41050659e-05,1.136067064e-05,0.01322512028,0,temporal_sigmoid
logistic,S1,2023,2023-05-25,2023-05-19,2023-05-25,2023-05-26,2023-05-28,2023-05-28,1,0,,0.01145037339,0.0009152428709,0.01322512028,0,temporal_sigmoid
logistic,S1,2023,2023-05-26,2023-05-20,2023-05-26,2023-05-27,2023-05-29,2023-05-29,1,0,,0.001696094539,0.0002157179236,0.01322512028,0,temporal_sigmoid
logistic,S1,2023,2023-05-27,2023-05-21,2023-05-27,2023-05-28,2023-05-30,2023-05-30,1,0,,0.001088984933,0.0001544411258,0.01322512028,0,temporal_sigmoid
logistic,S1,2023,2023-05-28,2023-05-22,2023-05-28,2023-05-29,2023-05-31,2023-05-31,1,0,,0.0334634271,0.002085604944,0.01322512028,0,temporal_sigmoid
logistic,S1,2023,2023-05-29,2023-05-23,2023-05-29,2023-05-30,2023-06-01,2023-06-01,1,1,fixed36_0045,0.1833068006,0.008470849941,0.01322512028,0,temporal_sigmoid
logistic,S1,2023,2023-05-30,2023-05-24,2023-05-30,2023-05-31,2023-06-02,2023-06-02,1,1,fixed36_0045,0.1971824868,0.009060364851,0.01322512028,0,temporal_sigmoid
logistic,S1,2023,2023-05-31,2023-05-25,2023-05-31,2023-06-01,2023-06-03,2023-06-03,1,1,fixed36_0045,0.3994205684,0.01899511977,0.01322512028,1,temporal_sigmoid
logistic,S1,2023,2023-06-01,2023-05-26,2023-06-01,2023-06-02,2023-06-04,2023-06-04,1,1,fixed36_0045,0.1394243725,0.006638773134,0.01322512028,0,temporal_sigmoid
logistic,S1,2023,2023-06-02,2023-05-27,2023-06-02,2023-06-03,2023-06-05,2023-06-05,1,1,fixed36_0045,0.185872818,0.008579395125,0.01322512028,0,temporal_sigmoid
logistic,S1,2023,2023-06-03,2023-05-28,2023-06-03,2023-06-04,2023-06-06,2023-06-06,1,1,fixed36_0045,0.1250988402,0.006046133557,0.01322512028,0,temporal_sigmoid
logistic,S1,2023,2023-06-04,2023-05-29,2023-06-04,2023-06-05,2023-06-07,2023-06-07,1,0,,0.1142485423,0.005597070591,0.01322512028,0,temporal_sigmoid
logistic,S1,2023,2023-06-05,2023-05-30,2023-06-05,2023-06-06,2023-06-08,2023-06-08,1,0,,0.207901881,0.009520489859,0.01322512028,0,temporal_sigmoid
logistic,S1,2023,2023-06-06,2023-05-31,2023-06-06,2023-06-07,2023-06-09,2023-06-09,1,0,,0.405116849,0.01933052735,0.01322512028,1,temporal_sigmoid
logistic,S1,2023,2023-06-07,2023-06-01,2023-06-07,2023-06-08,2023-06-10,2023-06-10,1,0,,0.09564157438,0.004823272981,0.01322512028,0,temporal_sigmoid
logistic,S1,2023,2023-06-08,2023-06-02,2023-06-08,2023-06-09,2023-06-11,2023-06-11,1,0,,0.0008757410089,0.0001310415,0.01322512028,0,temporal_sigmoid
logistic,S1,2023,2023-06-09,2023-06-03,2023-06-09,2023-06-10,2023-06-12,2023-06-12,1,0,,0.0003242830355,6.198084637e-05,0.01322512028,0,temporal_sigmoid
logistic,S1,2023,2023-06-10,2023-06-04,2023-06-10,2023-06-11,2023-06-13,2023-06-13,1,0,,7.295317045e-05,2.014478919e-05,0.01322512028,0,temporal_sigmoid
logistic,S1,2023,2023-06-11,2023-06-05,2023-06-11,2023-06-12,2023-06-14,2023-06-14,1,0,,0.0001349669794,3.202137162e-05,0.01322512028,0,temporal_sigmoid
logistic,S1,2023,2023-06-12,2023-06-06,2023-06-12,2023-06-13,2023-06-15,2023-06-15,1,0,,0.0001938764197,4.206712301e-05,0.01322512028,0,temporal_sigmoid
logistic,S1,2023,2023-06-13,2023-06-07,2023-06-13,2023-06-14,2023-06-16,2023-06-16,1,0,,9.103197578e-05,2.380094078e-05,0.01322512028,0,temporal_sigmoid
logistic,S1,2023,2023-06-14,2023-06-08,2023-06-14,2023-06-15,2023-06-17,2023-06-17,1,0,,0.0004130080819,7.43704998e-05,0.01322512028,0,temporal_sigmoid
logistic,S1,2023,2023-06-15,2023-06-09,2023-06-15,2023-06-16,2023-06-18,2023-06-18,1,0,,0.000119246236,2.916908764e-05,0.01322512028,0,temporal_sigmoid
logistic,S1,2023,2023-06-16,2023-06-10,2023-06-16,2023-06-17,2023-06-19,2023-06-19,1,0,,0.0002328656378,4.82946099e-05,0.01322512028,0,temporal_sigmoid
logistic,S1,2023,2023-06-17,2023-06-11,2023-06-17,2023-06-18,2023-06-20,2023-06-20,1,0,,6.928789102e-05,1.9377532e-05,0.01322512028,0,temporal_sigmoid
logistic,S1,2023,2023-06-18,2023-06-12,2023-06-18,2023-06-19,2023-06-21,2023-06-21,1,0,,7.832124342e-06,3.750617631e-06,0.01322512028,0,temporal_sigmoid
logistic,S1,2023,2023-06-19,2023-06-13,2023-06-19,2023-06-20,2023-06-22,2023-06-22,1,0,,2.162440614e-06,1.422560947e-06,0.01322512028,0,temporal_sigmoid
logistic,S1,2023,2023-06-20,2023-06-14,2023-06-20,2023-06-21,2023-06-23,2023-06-23,1,0,,4.558390458e-05,1.413557227e-05,0.01322512028,0,temporal_sigmoid
logistic,S1,2023,2023-06-21,2023-06-15,2023-06-21,2023-06-22,2023-06-24,2023-06-24,1,0,,2.932312942e-05,1.013868783e-05,0.01322512028,0,temporal_sigmoid
logistic,S1,2023,2023-06-22,2023-06-16,2023-06-22,2023-06-23,2023-06-25,2023-06-25,1,0,,1.208054525e-05,5.198461355e-06,0.01322512028,0,temporal_sigmoid
logistic,S1,2023,2023-06-23,2023-06-17,2023-06-23,2023-06-24,2023-06-26,2023-06-26,1,0,,4.122439279e-05,1.310468466e-05,0.01322512028,0,temporal_sigmoid
logistic,S1,2023,2023-06-24,2023-06-18,2023-06-24,2023-06-25,2023-06-27,2023-06-27,1,0,,8.992472977e-06,4.161971101e-06,0.01322512028,0,temporal_sigmoid
logistic,S1,2023,2023-06-25,2023-06-19,2023-06-25,2023-06-26,2023-06-28,2023-06-28,1,0,,5.198633101e-06,2.754399641e-06,0.01322512028,0,temporal_sigmoid
logistic,S1,2023,2023-06-26,2023-06-20,2023-06-26,2023-06-27,2023-06-29,2023-06-29,1,0,,3.059554993e-06,1.847565607e-06,0.01322512028,0,temporal_sigmoid
logistic,S1,2023,2023-06-27,2023-06-21,2023-06-27,2023-06-28,2023-06-30,2023-06-30,1,0,,1.566557327e-07,7.957310055e-07,0.01322512028,0,temporal_sigmoid
logistic,S1,2024,2024-02-29,2024-02-23,2024-02-29,2024-03-01,2024-03-03,2024-03-03,1,0,,4.626156179e-05,2.839552957e-05,0.02544712131,0,temporal_sigmoid
logistic,S1,2024,2024-03-01,2024-02-24,2024-03-01,2024-03-02,2024-03-04,2024-03-04,1,0,,7.155022511e-05,3.935561521e-05,0.02544712131,0,temporal_sigmoid
logistic,S1,2024,2024-03-02,2024-02-25,2024-03-02,2024-03-03,2024-03-05,2024-03-05,1,0,,0.0001998833905,8.491223958e-05,0.02544712131,0,temporal_sigmoid
logistic,S1,2024,2024-03-03,2024-02-26,2024-03-03,2024-03-04,2024-03-06,2024-03-06,1,0,,0.0002420999091,9.800865991e-05,0.02544712131,0,temporal_sigmoid
logistic,S1,2024,2024-03-04,2024-02-27,2024-03-04,2024-03-05,2024-03-07,2024-03-07,1,0,,2.06481081e-05,1.552487917e-05,0.02544712131,0,temporal_sigmoid
logistic,S1,2024,2024-03-05,2024-02-28,2024-03-05,2024-03-06,2024-03-08,2024-03-08,1,0,,0.0004507261821,0.0001560747762,0.02544712131,0,temporal_sigmoid
logistic,S1,2024,2024-03-06,2024-02-29,2024-03-06,2024-03-07,2024-03-09,2024-03-09,1,0,,8.24113024e-05,4.374679649e-05,0.02544712131,0,temporal_sigmoid
logistic,S1,2024,2024-03-07,2024-03-01,2024-03-07,2024-03-08,2024-03-10,2024-03-10,1,0,,4.515177733e-05,2.788411647e-05,0.02544712131,0,temporal_sigmoid
logistic,S1,2024,2024-03-08,2024-03-02,2024-03-08,2024-03-09,2024-03-11,2024-03-11,1,0,,0.0001232589756,5.913017954e-05,0.02544712131,0,temporal_sigmoid
logistic,S1,2024,2024-03-09,2024-03-03,2024-03-09,2024-03-10,2024-03-12,2024-03-12,1,0,,3.141092013e-05,2.125204726e-05,0.02544712131,0,temporal_sigmoid
logistic,S1,2024,2024-03-10,2024-03-04,2024-03-10,2024-03-11,2024-03-13,2024-03-13,1,0,,5.474146908e-05,3.220782194e-05,0.02544712131,0,temporal_sigmoid
logistic,S1,2024,2024-03-11,2024-03-05,2024-03-11,2024-03-12,2024-03-14,2024-03-14,1,0,,0.002712259736,0.0005987534975,0.02544712131,0,temporal_sigmoid
logistic,S1,2024,2024-03-12,2024-03-06,2024-03-12,2024-03-13,2024-03-15,2024-03-15,1,0,,0.01921721312,0.002619762369,0.02544712131,0,temporal_sigmoid
logistic,S1,2024,2024-03-13,2024-03-07,2024-03-13,2024-03-14,2024-03-16,2024-03-16,1,0,,0.03493967508,0.004141673493,0.02544712131,0,temporal_sigmoid
logistic,S1,2024,2024-03-14,2024-03-08,2024-03-14,2024-03-15,2024-03-17,2024-03-17,1,0,,0.001307313253,0.0003464745108,0.02544712131,0,temporal_sigmoid
logistic,S1,2024,2024-03-15,2024-03-09,2024-03-15,2024-03-16,2024-03-18,2024-03-18,1,0,,0.01979093789,0.002679098581,0.02544712131,0,temporal_sigmoid
logistic,S1,2024,2024-03-16,2024-03-10,2024-03-16,2024-03-17,2024-03-19,2024-03-19,1,0,,0.01587921419,0.002266168226,0.02544712131,0,temporal_sigmoid
logistic,S1,2024,2024-03-17,2024-03-11,2024-03-17,2024-03-18,2024-03-20,2024-03-20,1,0,,0.01522088956,0.002194534227,0.02544712131,0,temporal_sigmoid
logistic,S1,2024,2024-03-18,2024-03-12,2024-03-18,2024-03-19,2024-03-21,2024-03-21,1,0,,0.009791412973,0.001571893692,0.02544712131,0,temporal_sigmoid
logistic,S1,2024,2024-03-19,2024-03-13,2024-03-19,2024-03-20,2024-03-22,2024-03-22,1,0,,0.01018290394,0.001619104332,0.02544712131,0,temporal_sigmoid
logistic,S1,2024,2024-03-20,2024-03-14,2024-03-20,2024-03-21,2024-03-23,2024-03-23,1,0,,5.178282767e-06,5.513478916e-06,0.02544712131,0,temporal_sigmoid
logistic,S1,2024,2024-03-21,2024-03-15,2024-03-21,2024-03-22,2024-03-24,2024-03-24,1,0,,5.260065392e-05,3.126033305e-05,0.02544712131,0,temporal_sigmoid
logistic,S1,2024,2024-03-22,2024-03-16,2024-03-22,2024-03-23,2024-03-25,2024-03-25,1,0,,0.0001245316212,5.958657235e-05,0.02544712131,0,temporal_sigmoid
logistic,S1,2024,2024-03-23,2024-03-17,2024-03-23,2024-03-24,2024-03-26,2024-03-26,1,0,,0.000712383303,0.00021988047,0.02544712131,0,temporal_sigmoid
logistic,S1,2024,2024-03-24,2024-03-18,2024-03-24,2024-03-25,2024-03-27,2024-03-27,1,0,,0.0005103187301,0.0001712811333,0.02544712131,0,temporal_sigmoid
logistic,S1,2024,2024-03-25,2024-03-19,2024-03-25,2024-03-26,2024-03-28,2024-03-28,1,0,,0.002135780539,0.000500530659,0.02544712131,0,temporal_sigmoid
logistic,S1,2024,2024-03-26,2024-03-20,2024-03-26,2024-03-27,2024-03-29,2024-03-29,1,0,,0.001997722096,0.0004760741271,0.02544712131,0,temporal_sigmoid
logistic,S1,2024,2024-03-27,2024-03-21,2024-03-27,2024-03-28,2024-03-30,2024-03-30,1,0,,0.008007938186,0.001350748614,0.02544712131,0,temporal_sigmoid
logistic,S1,2024,2024-03-28,2024-03-22,2024-03-28,2024-03-29,2024-03-31,2024-03-31,1,0,,0.00144478846,0.0003734275374,0.02544712131,0,temporal_sigmoid
logistic,S1,2024,2024-03-29,2024-03-23,2024-03-29,2024-03-30,2024-04-01,2024-04-01,1,0,,0.007305419478,0.001260485939,0.02544712131,0,temporal_sigmoid
logistic,S1,2024,2024-03-30,2024-03-24,2024-03-30,2024-03-31,2024-04-02,2024-04-02,1,0,,0.02184905308,0.002888946361,0.02544712131,0,temporal_sigmoid
logistic,S1,2024,2024-03-31,2024-03-25,2024-03-31,2024-04-01,2024-04-03,2024-04-03,1,0,,0.03191189598,0.003862025169,0.02544712131,0,temporal_sigmoid
logistic,S1,2024,2024-04-01,2024-03-26,2024-04-01,2024-04-02,2024-04-04,2024-04-04,1,0,,0.3921752427,0.03466918311,0.02544712131,1,temporal_sigmoid
logistic,S1,2024,2024-04-02,2024-03-27,2024-04-02,2024-04-03,2024-04-05,2024-04-05,1,0,,0.6165424777,0.06640877391,0.02544712131,1,temporal_sigmoid
logistic,S1,2024,2024-04-03,2024-03-28,2024-04-03,2024-04-04,2024-04-06,2024-04-06,1,0,,0.5852273689,0.0605980372,0.02544712131,1,temporal_sigmoid
logistic,S1,2024,2024-04-04,2024-03-29,2024-04-04,2024-04-05,2024-04-07,2024-04-07,1,0,,0.4631945957,0.04273560006,0.02544712131,1,temporal_sigmoid
logistic,S1,2024,2024-04-05,2024-03-30,2024-04-05,2024-04-06,2024-04-08,2024-04-08,1,0,,0.47976756,0.04481923154,0.02544712131,1,temporal_sigmoid
logistic,S1,2024,2024-04-06,2024-03-31,2024-04-06,2024-04-07,2024-04-09,2024-04-09,1,0,,0.9107870599,0.221017106,0.02544712131,1,temporal_sigmoid
logistic,S1,2024,2024-04-07,2024-04-01,2024-04-07,2024-04-08,2024-04-10,2024-04-10,1,0,,0.03243391955,0.003910601729,0.02544712131,0,temporal_sigmoid
logistic,S1,2024,2024-04-08,2024-04-02,2024-04-08,2024-04-09,2024-04-11,2024-04-11,1,0,,0.05046432899,0.005512570426,0.02544712131,0,temporal_sigmoid
logistic,S1,2024,2024-04-09,2024-04-03,2024-04-09,2024-04-10,2024-04-12,2024-04-12,1,0,,0.2637463365,0.02259822962,0.02544712131,0,temporal_sigmoid
logistic,S1,2024,2024-04-10,2024-04-04,2024-04-10,2024-04-11,2024-04-13,2024-04-13,1,0,,0.01493495018,0.002163201798,0.02544712131,0,temporal_sigmoid
logistic,S1,2024,2024-04-11,2024-04-05,2024-04-11,2024-04-12,2024-04-14,2024-04-14,1,0,,0.02467291074,0.00317005545,0.02544712131,0,temporal_sigmoid
logistic,S1,2024,2024-04-12,2024-04-06,2024-04-12,2024-04-13,2024-04-15,2024-04-15,1,0,,0.2343497641,0.0201384889,0.02544712131,0,temporal_sigmoid
logistic,S1,2024,2024-04-13,2024-04-07,2024-04-13,2024-04-14,2024-04-16,2024-04-16,1,0,,0.5644577877,0.05707621575,0.02544712131,1,temporal_sigmoid
logistic,S1,2024,2024-04-14,2024-04-08,2024-04-14,2024-04-15,2024-04-17,2024-04-17,1,1,fixed36_0046,0.6762191028,0.07962552844,0.02544712131,1,temporal_sigmoid
logistic,S1,2024,2024-04-15,2024-04-09,2024-04-15,2024-04-16,2024-04-18,2024-04-18,1,0,,0.8912007027,0.1939452535,0.02544712131,1,temporal_sigmoid
logistic,S1,2024,2024-04-16,2024-04-10,2024-04-16,2024-04-17,2024-04-19,2024-04-19,1,0,,0.9239051213,0.2441601491,0.02544712131,1,temporal_sigmoid
logistic,S1,2024,2024-04-17,2024-04-11,2024-04-17,2024-04-18,2024-04-20,2024-04-20,1,0,,0.965586929,0.3768280891,0.02544712131,1,temporal_sigmoid
logistic,S1,2024,2024-04-18,2024-04-12,2024-04-18,2024-04-19,2024-04-21,2024-04-21,1,1,fixed36_0047,0.9245361561,0.2454068327,0.02544712131,1,temporal_sigmoid
logistic,S1,2024,2024-04-19,2024-04-13,2024-04-19,2024-04-20,2024-04-22,2024-04-22,1,1,fixed36_0047,0.9854716216,0.5393320001,0.02544712131,1,temporal_sigmoid
logistic,S1,2024,2024-04-20,2024-04-14,2024-04-20,2024-04-21,2024-04-23,2024-04-23,1,1,fixed36_0047,0.9950853557,0.7263486047,0.02544712131,1,temporal_sigmoid
logistic,S1,2024,2024-04-21,2024-04-15,2024-04-21,2024-04-22,2024-04-24,2024-04-24,1,1,fixed36_0047,0.9847931113,0.5307049527,0.02544712131,1,temporal_sigmoid
logistic,S1,2024,2024-04-22,2024-04-16,2024-04-22,2024-04-23,2024-04-25,2024-04-25,1,1,fixed36_0047,0.9742059047,0.4303054705,0.02544712131,1,temporal_sigmoid
logistic,S1,2024,2024-04-23,2024-04-17,2024-04-23,2024-04-24,2024-04-26,2024-04-26,1,1,fixed36_0047,0.9583226337,0.3425313735,0.02544712131,1,temporal_sigmoid
logistic,S1,2024,2024-04-24,2024-04-18,2024-04-24,2024-04-25,2024-04-27,2024-04-27,1,1,fixed36_0047,0.9886220783,0.5849167762,0.02544712131,1,temporal_sigmoid
logistic,S1,2024,2024-04-25,2024-04-19,2024-04-25,2024-04-26,2024-04-28,2024-04-28,1,1,fixed36_0047,0.9848022581,0.5308188419,0.02544712131,1,temporal_sigmoid
logistic,S1,2024,2024-04-26,2024-04-20,2024-04-26,2024-04-27,2024-04-29,2024-04-29,1,1,fixed36_0047,0.9862663515,0.5499236534,0.02544712131,1,temporal_sigmoid
logistic,S1,2024,2024-04-27,2024-04-21,2024-04-27,2024-04-28,2024-04-30,2024-04-30,1,1,fixed36_0047,0.9667783765,0.3832591206,0.02544712131,1,temporal_sigmoid
logistic,S1,2024,2024-04-28,2024-04-22,2024-04-28,2024-04-29,2024-05-01,2024-05-01,1,1,fixed36_0047,0.9955806166,0.7419348519,0.02544712131,1,temporal_sigmoid
logistic,S1,2024,2024-04-29,2024-04-23,2024-04-29,2024-04-30,2024-05-02,2024-05-02,1,1,fixed36_0047,0.9969790997,0.7927943187,0.02544712131,1,temporal_sigmoid
logistic,S1,2024,2024-04-30,2024-04-24,2024-04-30,2024-05-01,2024-05-03,2024-05-03,1,1,fixed36_0047,0.9966617644,0.7802031816,0.02544712131,1,temporal_sigmoid
logistic,S1,2024,2024-05-01,2024-04-25,2024-05-01,2024-05-02,2024-05-04,2024-05-04,1,0,,0.9974411165,0.8125145575,0.02544712131,1,temporal_sigmoid
logistic,S1,2024,2024-05-02,2024-04-26,2024-05-02,2024-05-03,2024-05-05,2024-05-05,1,0,,0.9573802615,0.3386075944,0.02544712131,1,temporal_sigmoid
logistic,S1,2024,2024-05-03,2024-04-27,2024-05-03,2024-05-04,2024-05-06,2024-05-06,1,0,,0.9640946284,0.3691269882,0.02544712131,1,temporal_sigmoid
logistic,S1,2024,2024-05-04,2024-04-28,2024-05-04,2024-05-05,2024-05-07,2024-05-07,1,0,,0.907116139,0.2153534133,0.02544712131,1,temporal_sigmoid
logistic,S1,2024,2024-05-05,2024-04-29,2024-05-05,2024-05-06,2024-05-08,2024-05-08,1,0,,0.7470243275,0.1008142389,0.02544712131,1,temporal_sigmoid
logistic,S1,2024,2024-05-06,2024-04-30,2024-05-06,2024-05-07,2024-05-09,2024-05-09,1,0,,0.001137478387,0.0003121734772,0.02544712131,0,temporal_sigmoid
logistic,S1,2024,2024-05-07,2024-05-01,2024-05-07,2024-05-08,2024-05-10,2024-05-10,1,0,,0.009255449856,0.001506528102,0.02544712131,0,temporal_sigmoid
logistic,S1,2024,2024-05-08,2024-05-02,2024-05-08,2024-05-09,2024-05-11,2024-05-11,1,0,,0.004495548768,0.0008749084895,0.02544712131,0,temporal_sigmoid
logistic,S1,2024,2024-05-09,2024-05-03,2024-05-09,2024-05-10,2024-05-12,2024-05-12,1,0,,0.07693763485,0.007703238483,0.02544712131,0,temporal_sigmoid
logistic,S1,2024,2024-05-10,2024-05-04,2024-05-10,2024-05-11,2024-05-13,2024-05-13,1,0,,0.1797878971,0.0157556774,0.02544712131,0,temporal_sigmoid
logistic,S1,2024,2024-05-11,2024-05-05,2024-05-11,2024-05-12,2024-05-14,2024-05-14,1,0,,0.006065965202,0.001095894058,0.02544712131,0,temporal_sigmoid
logistic,S1,2024,2024-05-12,2024-05-06,2024-05-12,2024-05-13,2024-05-15,2024-05-15,1,0,,0.05802030999,0.006152132919,0.02544712131,0,temporal_sigmoid
logistic,S1,2024,2024-05-13,2024-05-07,2024-05-13,2024-05-14,2024-05-16,2024-05-16,1,0,,0.2750915887,0.02357110909,0.02544712131,0,temporal_sigmoid
logistic,S1,2024,2024-05-14,2024-05-08,2024-05-14,2024-05-15,2024-05-17,2024-05-17,1,1,fixed36_0048,0.5509346486,0.05490745798,0.02544712131,1,temporal_sigmoid
logistic,S1,2024,2024-05-15,2024-05-09,2024-05-15,2024-05-16,2024-05-18,2024-05-18,1,0,,0.7846281178,0.1159861469,0.02544712131,1,temporal_sigmoid
logistic,S1,2024,2024-05-16,2024-05-10,2024-05-16,2024-05-17,2024-05-19,2024-05-19,1,0,,0.8735868438,0.1748228052,0.02544712131,1,temporal_sigmoid
logistic,S1,2024,2024-05-17,2024-05-11,2024-05-17,2024-05-18,2024-05-20,2024-05-20,1,0,,0.8874444139,0.1895184924,0.02544712131,1,temporal_sigmoid
logistic,S1,2024,2024-05-18,2024-05-12,2024-05-18,2024-05-19,2024-05-21,2024-05-21,1,0,,0.09526946989,0.009162707372,0.02544712131,0,temporal_sigmoid
logistic,S1,2024,2024-05-19,2024-05-13,2024-05-19,2024-05-20,2024-05-22,2024-05-22,1,0,,0.09575435031,0.009200925682,0.02544712131,0,temporal_sigmoid
logistic,S1,2024,2024-05-20,2024-05-14,2024-05-20,2024-05-21,2024-05-23,2024-05-23,1,0,,0.03675498106,0.004307051827,0.02544712131,0,temporal_sigmoid
logistic,S1,2024,2024-05-21,2024-05-15,2024-05-21,2024-05-22,2024-05-24,2024-05-24,1,0,,0.4452712791,0.04057558407,0.02544712131,1,temporal_sigmoid
logistic,S1,2024,2024-05-22,2024-05-16,2024-05-22,2024-05-23,2024-05-25,2024-05-25,1,1,fixed36_0049,0.1368619059,0.01240662083,0.02544712131,0,temporal_sigmoid
logistic,S1,2024,2024-05-23,2024-05-17,2024-05-23,2024-05-24,2024-05-26,2024-05-26,1,0,,0.7924151186,0.1196185489,0.02544712131,1,temporal_sigmoid
logistic,S1,2024,2024-05-24,2024-05-18,2024-05-24,2024-05-25,2024-05-27,2024-05-27,1,0,,0.9099957853,0.2197697233,0.02544712131,1,temporal_sigmoid
logistic,S1,2024,2024-05-25,2024-05-19,2024-05-25,2024-05-26,2024-05-28,2024-05-28,1,0,,0.8878096522,0.1899398229,0.02544712131,1,temporal_sigmoid
logistic,S1,2024,2024-05-26,2024-05-20,2024-05-26,2024-05-27,2024-05-29,2024-05-29,1,0,,0.5050015263,0.04816852381,0.02544712131,1,temporal_sigmoid
logistic,S1,2024,2024-05-27,2024-05-21,2024-05-27,2024-05-28,2024-05-30,2024-05-30,1,0,,0.0003649525832,0.0001332593659,0.02544712131,0,temporal_sigmoid
logistic,S1,2024,2024-05-28,2024-05-22,2024-05-28,2024-05-29,2024-05-31,2024-05-31,1,0,,0.04484197434,0.005026330706,0.02544712131,0,temporal_sigmoid
logistic,S1,2024,2024-05-29,2024-05-23,2024-05-29,2024-05-30,2024-06-01,2024-06-01,1,0,,0.3733067005,0.03272299798,0.02544712131,1,temporal_sigmoid
logistic,S1,2024,2024-05-30,2024-05-24,2024-05-30,2024-05-31,2024-06-02,2024-06-02,1,0,,0.1447769926,0.01302126164,0.02544712131,0,temporal_sigmoid
logistic,S1,2024,2024-05-31,2024-05-25,2024-05-31,2024-06-01,2024-06-03,2024-06-03,1,0,,0.03437912713,0.004090272636,0.02544712131,0,temporal_sigmoid
logistic,S1,2024,2024-06-01,2024-05-26,2024-06-01,2024-06-02,2024-06-04,2024-06-04,1,0,,0.2249456063,0.01936809687,0.02544712131,0,temporal_sigmoid
logistic,S1,2024,2024-06-02,2024-05-27,2024-06-02,2024-06-03,2024-06-05,2024-06-05,1,0,,0.3805818455,0.03346488448,0.02544712131,1,temporal_sigmoid
logistic,S1,2024,2024-06-03,2024-05-28,2024-06-03,2024-06-04,2024-06-06,2024-06-06,1,0,,0.09408176798,0.009069024182,0.02544712131,0,temporal_sigmoid
logistic,S1,2024,2024-06-04,2024-05-29,2024-06-04,2024-06-05,2024-06-07,2024-06-07,1,0,,0.006974434639,0.001217242598,0.02544712131,0,temporal_sigmoid
logistic,S1,2024,2024-06-05,2024-05-30,2024-06-05,2024-06-06,2024-06-08,2024-06-08,1,0,,0.1455837756,0.01308394322,0.02544712131,0,temporal_sigmoid
logistic,S1,2024,2024-06-06,2024-05-31,2024-06-06,2024-06-07,2024-06-09,2024-06-09,1,0,,0.02282261143,0.00298669698,0.02544712131,0,temporal_sigmoid
logistic,S1,2024,2024-06-07,2024-06-01,2024-06-07,2024-06-08,2024-06-10,2024-06-10,1,0,,0.09440486121,0.009094518809,0.02544712131,0,temporal_sigmoid
logistic,S1,2024,2024-06-08,2024-06-02,2024-06-08,2024-06-09,2024-06-11,2024-06-11,1,0,,0.0731045461,0.007393498339,0.02544712131,0,temporal_sigmoid
logistic,S1,2024,2024-06-09,2024-06-03,2024-06-09,2024-06-10,2024-06-12,2024-06-12,1,0,,0.007242041984,0.001252242782,0.02544712131,0,temporal_sigmoid
logistic,S1,2024,2024-06-10,2024-06-04,2024-06-10,2024-06-11,2024-06-13,2024-06-13,1,0,,0.01038736202,0.001643589436,0.02544712131,0,temporal_sigmoid
logistic,S1,2024,2024-06-11,2024-06-05,2024-06-11,2024-06-12,2024-06-14,2024-06-14,1,0,,0.317136058,0.02731280738,0.02544712131,1,temporal_sigmoid
logistic,S1,2024,2024-06-12,2024-06-06,2024-06-12,2024-06-13,2024-06-15,2024-06-15,1,0,,0.02856485819,0.00354661389,0.02544712131,0,temporal_sigmoid
logistic,S1,2024,2024-06-13,2024-06-07,2024-06-13,2024-06-14,2024-06-16,2024-06-16,1,0,,0.007209770789,0.001248038783,0.02544712131,0,temporal_sigmoid
logistic,S1,2024,2024-06-14,2024-06-08,2024-06-14,2024-06-15,2024-06-17,2024-06-17,1,0,,0.002320214604,0.0005325991246,0.02544712131,0,temporal_sigmoid
logistic,S1,2024,2024-06-15,2024-06-09,2024-06-15,2024-06-16,2024-06-18,2024-06-18,1,0,,0.002042452548,0.0004840426721,0.02544712131,0,temporal_sigmoid
logistic,S1,2024,2024-06-16,2024-06-10,2024-06-16,2024-06-17,2024-06-19,2024-06-19,1,0,,0.02529253606,0.003230795586,0.02544712131,0,temporal_sigmoid
logistic,S1,2024,2024-06-17,2024-06-11,2024-06-17,2024-06-18,2024-06-20,2024-06-20,1,0,,0.01411673685,0.002072773505,0.02544712131,0,temporal_sigmoid
logistic,S1,2024,2024-06-18,2024-06-12,2024-06-18,2024-06-19,2024-06-21,2024-06-21,1,0,,0.001021719024,0.0002880589466,0.02544712131,0,temporal_sigmoid
logistic,S1,2024,2024-06-19,2024-06-13,2024-06-19,2024-06-20,2024-06-22,2024-06-22,1,0,,1.464135677e-05,1.200278489e-05,0.02544712131,0,temporal_sigmoid
logistic,S1,2024,2024-06-20,2024-06-14,2024-06-20,2024-06-21,2024-06-23,2024-06-23,1,0,,3.319682343e-05,2.215012199e-05,0.02544712131,0,temporal_sigmoid
logistic,S1,2024,2024-06-21,2024-06-15,2024-06-21,2024-06-22,2024-06-24,2024-06-24,1,0,,0.000267883555,0.000105722107,0.02544712131,0,temporal_sigmoid
logistic,S1,2024,2024-06-22,2024-06-16,2024-06-22,2024-06-23,2024-06-25,2024-06-25,1,0,,0.0003234736691,0.0001217506504,0.02544712131,0,temporal_sigmoid
logistic,S1,2024,2024-06-23,2024-06-17,2024-06-23,2024-06-24,2024-06-26,2024-06-26,1,0,,0.001561334023,0.0003957780401,0.02544712131,0,temporal_sigmoid
logistic,S1,2024,2024-06-24,2024-06-18,2024-06-24,2024-06-25,2024-06-27,2024-06-27,1,0,,0.005586527916,0.001030093566,0.02544712131,0,temporal_sigmoid
logistic,S1,2024,2024-06-25,2024-06-19,2024-06-25,2024-06-26,2024-06-28,2024-06-28,1,0,,0.01099269735,0.001715428418,0.02544712131,0,temporal_sigmoid
logistic,S1,2024,2024-06-26,2024-06-20,2024-06-26,2024-06-27,2024-06-29,2024-06-29,1,0,,0.006549116823,0.001160939359,0.02544712131,0,temporal_sigmoid
logistic,S1,2024,2024-06-27,2024-06-21,2024-06-27,2024-06-28,2024-06-30,2024-06-30,1,0,,0.003202188582,0.0006781873052,0.02544712131,0,temporal_sigmoid
temperature_transition,S0,2014,2014-02-28,2014-02-22,2014-02-28,2014-03-01,2014-03-03,2014-03-03,1,0,,0.006314127861,0.006314127861,0.01783723523,0,not_applicable_training_only_probability
temperature_transition,S0,2014,2014-03-01,2014-02-23,2014-03-01,2014-03-02,2014-03-04,2014-03-04,1,0,,0.006314127861,0.006314127861,0.01783723523,0,not_applicable_training_only_probability
temperature_transition,S0,2014,2014-03-02,2014-02-24,2014-03-02,2014-03-03,2014-03-05,2014-03-05,1,0,,0.006314127861,0.006314127861,0.01783723523,0,not_applicable_training_only_probability
temperature_transition,S0,2014,2014-03-03,2014-02-25,2014-03-03,2014-03-04,2014-03-06,2014-03-06,1,0,,0.006314127861,0.006314127861,0.01783723523,0,not_applicable_training_only_probability
temperature_transition,S0,2014,2014-03-04,2014-02-26,2014-03-04,2014-03-05,2014-03-07,2014-03-07,1,0,,0.006314127861,0.006314127861,0.01783723523,0,not_applicable_training_only_probability
temperature_transition,S0,2014,2014-03-05,2014-02-27,2014-03-05,2014-03-06,2014-03-08,2014-03-08,1,0,,0.006314127861,0.006314127861,0.01783723523,0,not_applicable_training_only_probability
temperature_transition,S0,2014,2014-03-06,2014-02-28,2014-03-06,2014-03-07,2014-03-09,2014-03-09,1,0,,0.006314127861,0.006314127861,0.01783723523,0,not_applicable_training_only_probability
temperature_transition,S0,2014,2014-03-07,2014-03-01,2014-03-07,2014-03-08,2014-03-10,2014-03-10,1,0,,0.006314127861,0.006314127861,0.01783723523,0,not_applicable_training_only_probability
temperature_transition,S0,2014,2014-03-08,2014-03-02,2014-03-08,2014-03-09,2014-03-11,2014-03-11,1,0,,0.006314127861,0.006314127861,0.01783723523,0,not_applicable_training_only_probability
temperature_transition,S0,2014,2014-03-09,2014-03-03,2014-03-09,2014-03-10,2014-03-12,2014-03-12,1,0,,0.006314127861,0.006314127861,0.01783723523,0,not_applicable_training_only_probability
temperature_transition,S0,2014,2014-03-10,2014-03-04,2014-03-10,2014-03-11,2014-03-13,2014-03-13,1,0,,0.006314127861,0.006314127861,0.01783723523,0,not_applicable_training_only_probability
temperature_transition,S0,2014,2014-03-11,2014-03-05,2014-03-11,2014-03-12,2014-03-14,2014-03-14,1,0,,0.006314127861,0.006314127861,0.01783723523,0,not_applicable_training_only_probability
temperature_transition,S0,2014,2014-03-12,2014-03-06,2014-03-12,2014-03-13,2014-03-15,2014-03-15,1,0,,0.006314127861,0.006314127861,0.01783723523,0,not_applicable_training_only_probability
temperature_transition,S0,2014,2014-03-13,2014-03-07,2014-03-13,2014-03-14,2014-03-16,2014-03-16,1,0,,0.006314127861,0.006314127861,0.01783723523,0,not_applicable_training_only_probability
temperature_transition,S0,2014,2014-03-14,2014-03-08,2014-03-14,2014-03-15,2014-03-17,2014-03-17,1,0,,0.006314127861,0.006314127861,0.01783723523,0,not_applicable_training_only_probability
temperature_transition,S0,2014,2014-03-15,2014-03-09,2014-03-15,2014-03-16,2014-03-18,2014-03-18,1,0,,0.006314127861,0.006314127861,0.01783723523,0,not_applicable_training_only_probability
temperature_transition,S0,2014,2014-03-16,2014-03-10,2014-03-16,2014-03-17,2014-03-19,2014-03-19,1,0,,0.006314127861,0.006314127861,0.01783723523,0,not_applicable_training_only_probability
temperature_transition,S0,2014,2014-03-17,2014-03-11,2014-03-17,2014-03-18,2014-03-20,2014-03-20,1,0,,0.006314127861,0.006314127861,0.01783723523,0,not_applicable_training_only_probability
temperature_transition,S0,2014,2014-03-18,2014-03-12,2014-03-18,2014-03-19,2014-03-21,2014-03-21,1,0,,0.006314127861,0.006314127861,0.01783723523,0,not_applicable_training_only_probability
temperature_transition,S0,2014,2014-03-19,2014-03-13,2014-03-19,2014-03-20,2014-03-22,2014-03-22,1,0,,0.006314127861,0.006314127861,0.01783723523,0,not_applicable_training_only_probability
temperature_transition,S0,2014,2014-03-20,2014-03-14,2014-03-20,2014-03-21,2014-03-23,2014-03-23,1,0,,0.006314127861,0.006314127861,0.01783723523,0,not_applicable_training_only_probability
temperature_transition,S0,2014,2014-03-21,2014-03-15,2014-03-21,2014-03-22,2014-03-24,2014-03-24,1,0,,0.006314127861,0.006314127861,0.01783723523,0,not_applicable_training_only_probability
temperature_transition,S0,2014,2014-03-22,2014-03-16,2014-03-22,2014-03-23,2014-03-25,2014-03-25,1,0,,0.006314127861,0.006314127861,0.01783723523,0,not_applicable_training_only_probability
temperature_transition,S0,2014,2014-03-23,2014-03-17,2014-03-23,2014-03-24,2014-03-26,2014-03-26,1,0,,0.006314127861,0.006314127861,0.01783723523,0,not_applicable_training_only_probability
temperature_transition,S0,2014,2014-03-24,2014-03-18,2014-03-24,2014-03-25,2014-03-27,2014-03-27,1,0,,0.006314127861,0.006314127861,0.01783723523,0,not_applicable_training_only_probability
temperature_transition,S0,2014,2014-03-25,2014-03-19,2014-03-25,2014-03-26,2014-03-28,2014-03-28,1,0,,0.006314127861,0.006314127861,0.01783723523,0,not_applicable_training_only_probability
temperature_transition,S0,2014,2014-03-26,2014-03-20,2014-03-26,2014-03-27,2014-03-29,2014-03-29,1,0,,0.006314127861,0.006314127861,0.01783723523,0,not_applicable_training_only_probability
temperature_transition,S0,2014,2014-03-27,2014-03-21,2014-03-27,2014-03-28,2014-03-30,2014-03-30,1,0,,0.006314127861,0.006314127861,0.01783723523,0,not_applicable_training_only_probability
temperature_transition,S0,2014,2014-03-28,2014-03-22,2014-03-28,2014-03-29,2014-03-31,2014-03-31,1,0,,0.006314127861,0.006314127861,0.01783723523,0,not_applicable_training_only_probability
temperature_transition,S0,2014,2014-03-29,2014-03-23,2014-03-29,2014-03-30,2014-04-01,2014-04-01,1,0,,0.006314127861,0.006314127861,0.01783723523,0,not_applicable_training_only_probability
temperature_transition,S0,2014,2014-03-30,2014-03-24,2014-03-30,2014-03-31,2014-04-02,2014-04-02,1,0,,0.006314127861,0.006314127861,0.01783723523,0,not_applicable_training_only_probability
temperature_transition,S0,2014,2014-03-31,2014-03-25,2014-03-31,2014-04-01,2014-04-03,2014-04-03,1,0,,0.01914311759,0.01914311759,0.01783723523,1,not_applicable_training_only_probability
temperature_transition,S0,2014,2014-04-01,2014-03-26,2014-04-01,2014-04-02,2014-04-04,2014-04-04,1,0,,0.01914311759,0.01914311759,0.01783723523,1,not_applicable_training_only_probability
temperature_transition,S0,2014,2014-04-02,2014-03-27,2014-04-02,2014-04-03,2014-04-05,2014-04-05,1,0,,0.01914311759,0.01914311759,0.01783723523,1,not_applicable_training_only_probability
temperature_transition,S0,2014,2014-04-03,2014-03-28,2014-04-03,2014-04-04,2014-04-06,2014-04-06,1,0,,0.01914311759,0.01914311759,0.01783723523,1,not_applicable_training_only_probability
temperature_transition,S0,2014,2014-04-04,2014-03-29,2014-04-04,2014-04-05,2014-04-07,2014-04-07,1,0,,0.01914311759,0.01914311759,0.01783723523,1,not_applicable_training_only_probability
temperature_transition,S0,2014,2014-04-05,2014-03-30,2014-04-05,2014-04-06,2014-04-08,2014-04-08,1,0,,0.01914311759,0.01914311759,0.01783723523,1,not_applicable_training_only_probability
temperature_transition,S0,2014,2014-04-06,2014-03-31,2014-04-06,2014-04-07,2014-04-09,2014-04-09,1,0,,0.01914311759,0.01914311759,0.01783723523,1,not_applicable_training_only_probability
temperature_transition,S0,2014,2014-04-07,2014-04-01,2014-04-07,2014-04-08,2014-04-10,2014-04-10,1,0,,0.01914311759,0.01914311759,0.01783723523,1,not_applicable_training_only_probability
temperature_transition,S0,2014,2014-04-08,2014-04-02,2014-04-08,2014-04-09,2014-04-11,2014-04-11,1,0,,0.01914311759,0.01914311759,0.01783723523,1,not_applicable_training_only_probability
temperature_transition,S0,2014,2014-04-09,2014-04-03,2014-04-09,2014-04-10,2014-04-12,2014-04-12,1,0,,0.01914311759,0.01914311759,0.01783723523,1,not_applicable_training_only_probability
temperature_transition,S0,2014,2014-04-10,2014-04-04,2014-04-10,2014-04-11,2014-04-13,2014-04-13,1,0,,0.01914311759,0.01914311759,0.01783723523,1,not_applicable_training_only_probability
temperature_transition,S0,2014,2014-04-11,2014-04-05,2014-04-11,2014-04-12,2014-04-14,2014-04-14,1,0,,0.01914311759,0.01914311759,0.01783723523,1,not_applicable_training_only_probability
temperature_transition,S0,2014,2014-04-12,2014-04-06,2014-04-12,2014-04-13,2014-04-15,2014-04-15,1,0,,0.01914311759,0.01914311759,0.01783723523,1,not_applicable_training_only_probability
temperature_transition,S0,2014,2014-04-13,2014-04-07,2014-04-13,2014-04-14,2014-04-16,2014-04-16,1,0,,0.01914311759,0.01914311759,0.01783723523,1,not_applicable_training_only_probability
temperature_transition,S0,2014,2014-04-14,2014-04-08,2014-04-14,2014-04-15,2014-04-17,2014-04-17,1,0,,0.01914311759,0.01914311759,0.01783723523,1,not_applicable_training_only_probability
temperature_transition,S0,2014,2014-04-15,2014-04-09,2014-04-15,2014-04-16,2014-04-18,2014-04-18,1,0,,0.01914311759,0.01914311759,0.01783723523,1,not_applicable_training_only_probability
temperature_transition,S0,2014,2014-04-16,2014-04-10,2014-04-16,2014-04-17,2014-04-19,2014-04-19,1,0,,0.01914311759,0.01914311759,0.01783723523,1,not_applicable_training_only_probability
temperature_transition,S0,2014,2014-04-17,2014-04-11,2014-04-17,2014-04-18,2014-04-20,2014-04-20,1,0,,0.01914311759,0.01914311759,0.01783723523,1,not_applicable_training_only_probability
temperature_transition,S0,2014,2014-04-18,2014-04-12,2014-04-18,2014-04-19,2014-04-21,2014-04-21,1,0,,0.01914311759,0.01914311759,0.01783723523,1,not_applicable_training_only_probability
temperature_transition,S0,2014,2014-04-19,2014-04-13,2014-04-19,2014-04-20,2014-04-22,2014-04-22,1,1,fixed36_0035,0.01914311759,0.01914311759,0.01783723523,1,not_applicable_training_only_probability
temperature_transition,S0,2014,2014-04-20,2014-04-14,2014-04-20,2014-04-21,2014-04-23,2014-04-23,1,1,fixed36_0035,0.262295082,0.262295082,0.01783723523,1,not_applicable_training_only_probability
temperature_transition,S0,2014,2014-04-21,2014-04-15,2014-04-21,2014-04-22,2014-04-24,2014-04-24,1,1,fixed36_0035,0.4117647059,0.4117647059,0.01783723523,1,not_applicable_training_only_probability
temperature_transition,S0,2014,2014-04-22,2014-04-16,2014-04-22,2014-04-23,2014-04-25,2014-04-25,1,1,fixed36_0035,0.3552631579,0.3552631579,0.01783723523,1,not_applicable_training_only_probability
temperature_transition,S0,2014,2014-04-23,2014-04-17,2014-04-23,2014-04-24,2014-04-26,2014-04-26,1,1,fixed36_0035,0.3552631579,0.3552631579,0.01783723523,1,not_applicable_training_only_probability
temperature_transition,S0,2014,2014-04-24,2014-04-18,2014-04-24,2014-04-25,2014-04-27,2014-04-27,1,0,,0.3552631579,0.3552631579,0.01783723523,1,not_applicable_training_only_probability
temperature_transition,S0,2014,2014-04-25,2014-04-19,2014-04-25,2014-04-26,2014-04-28,2014-04-28,1,0,,0.3552631579,0.3552631579,0.01783723523,1,not_applicable_training_only_probability
temperature_transition,S0,2014,2014-04-26,2014-04-20,2014-04-26,2014-04-27,2014-04-29,2014-04-29,1,0,,0.3552631579,0.3552631579,0.01783723523,1,not_applicable_training_only_probability
temperature_transition,S0,2014,2014-04-27,2014-04-21,2014-04-27,2014-04-28,2014-04-30,2014-04-30,1,0,,0.01914311759,0.01914311759,0.01783723523,1,not_applicable_training_only_probability
temperature_transition,S0,2014,2014-04-28,2014-04-22,2014-04-28,2014-04-29,2014-05-01,2014-05-01,1,0,,0.01914311759,0.01914311759,0.01783723523,1,not_applicable_training_only_probability
temperature_transition,S0,2014,2014-04-29,2014-04-23,2014-04-29,2014-04-30,2014-05-02,2014-05-02,1,0,,0.01914311759,0.01914311759,0.01783723523,1,not_applicable_training_only_probability
temperature_transition,S0,2014,2014-04-30,2014-04-24,2014-04-30,2014-05-01,2014-05-03,2014-05-03,1,0,,0.006394884093,0.006394884093,0.01783723523,0,not_applicable_training_only_probability
temperature_transition,S0,2014,2014-05-01,2014-04-25,2014-05-01,2014-05-02,2014-05-04,2014-05-04,1,0,,0.006394884093,0.006394884093,0.01783723523,0,not_applicable_training_only_probability
temperature_transition,S0,2014,2014-05-02,2014-04-26,2014-05-02,2014-05-03,2014-05-05,2014-05-05,1,0,,0.006394884093,0.006394884093,0.01783723523,0,not_applicable_training_only_probability
temperature_transition,S0,2014,2014-05-03,2014-04-27,2014-05-03,2014-05-04,2014-05-06,2014-05-06,1,0,,0.006394884093,0.006394884093,0.01783723523,0,not_applicable_training_only_probability
temperature_transition,S0,2014,2014-05-04,2014-04-28,2014-05-04,2014-05-05,2014-05-07,2014-05-07,1,0,,0.006394884093,0.006394884093,0.01783723523,0,not_applicable_training_only_probability
temperature_transition,S0,2014,2014-05-05,2014-04-29,2014-05-05,2014-05-06,2014-05-08,2014-05-08,1,0,,0.006394884093,0.006394884093,0.01783723523,0,not_applicable_training_only_probability
temperature_transition,S0,2014,2014-05-06,2014-04-30,2014-05-06,2014-05-07,2014-05-09,2014-05-09,1,0,,0.006394884093,0.006394884093,0.01783723523,0,not_applicable_training_only_probability
temperature_transition,S0,2014,2014-05-07,2014-05-01,2014-05-07,2014-05-08,2014-05-10,2014-05-10,1,0,,0.006394884093,0.006394884093,0.01783723523,0,not_applicable_training_only_probability
temperature_transition,S0,2014,2014-05-08,2014-05-02,2014-05-08,2014-05-09,2014-05-11,2014-05-11,1,0,,0.006394884093,0.006394884093,0.01783723523,0,not_applicable_training_only_probability
temperature_transition,S0,2014,2014-05-09,2014-05-03,2014-05-09,2014-05-10,2014-05-12,2014-05-12,1,0,,0.3333333333,0.3333333333,0.01783723523,1,not_applicable_training_only_probability
temperature_transition,S0,2014,2014-05-10,2014-05-04,2014-05-10,2014-05-11,2014-05-13,2014-05-13,1,0,,0.006394884093,0.006394884093,0.01783723523,0,not_applicable_training_only_probability
temperature_transition,S0,2014,2014-05-11,2014-05-05,2014-05-11,2014-05-12,2014-05-14,2014-05-14,1,0,,0.006394884093,0.006394884093,0.01783723523,0,not_applicable_training_only_probability
temperature_transition,S0,2014,2014-05-12,2014-05-06,2014-05-12,2014-05-13,2014-05-15,2014-05-15,1,1,fixed36_0036,0.006394884093,0.006394884093,0.01783723523,0,not_applicable_training_only_probability
temperature_transition,S0,2014,2014-05-13,2014-05-07,2014-05-13,2014-05-14,2014-05-16,2014-05-16,1,1,fixed36_0036,0.3333333333,0.3333333333,0.01783723523,1,not_applicable_training_only_probability
temperature_transition,S0,2014,2014-05-14,2014-05-08,2014-05-14,2014-05-15,2014-05-17,2014-05-17,1,0,,0.4166666667,0.4166666667,0.01783723523,1,not_applicable_training_only_probability
temperature_transition,S0,2014,2014-05-15,2014-05-09,2014-05-15,2014-05-16,2014-05-18,2014-05-18,1,0,,0.3448275862,0.3448275862,0.01783723523,1,not_applicable_training_only_probability
temperature_transition,S0,2014,2014-05-16,2014-05-10,2014-05-16,2014-05-17,2014-05-19,2014-05-19,1,0,,0.3448275862,0.3448275862,0.01783723523,1,not_applicable_training_only_probability
temperature_transition,S0,2014,2014-05-17,2014-05-11,2014-05-17,2014-05-18,2014-05-20,2014-05-20,1,0,,0.006394884093,0.006394884093,0.01783723523,0,not_applicable_training_only_probability
temperature_transition,S0,2014,2014-05-18,2014-05-12,2014-05-18,2014-05-19,2014-05-21,2014-05-21,1,0,,0.006394884093,0.006394884093,0.01783723523,0,not_applicable_training_only_probability
temperature_transition,S0,2014,2014-05-19,2014-05-13,2014-05-19,2014-05-20,2014-05-22,2014-05-22,1,1,fixed36_0037,0.006394884093,0.006394884093,0.01783723523,0,not_applicable_training_only_probability
temperature_transition,S0,2014,2014-05-20,2014-05-14,2014-05-20,2014-05-21,2014-05-23,2014-05-23,1,1,fixed36_0037,0.3333333333,0.3333333333,0.01783723523,1,not_applicable_training_only_probability
temperature_transition,S0,2014,2014-05-21,2014-05-15,2014-05-21,2014-05-22,2014-05-24,2014-05-24,1,0,,0.4166666667,0.4166666667,0.01783723523,1,not_applicable_training_only_probability
temperature_transition,S0,2014,2014-05-22,2014-05-16,2014-05-22,2014-05-23,2014-05-25,2014-05-25,1,0,,0.3448275862,0.3448275862,0.01783723523,1,not_applicable_training_only_probability
temperature_transition,S0,2014,2014-05-23,2014-05-17,2014-05-23,2014-05-24,2014-05-26,2014-05-26,1,0,,0.3448275862,0.3448275862,0.01783723523,1,not_applicable_training_only_probability
temperature_transition,S0,2014,2014-05-24,2014-05-18,2014-05-24,2014-05-25,2014-05-27,2014-05-27,1,0,,0.006394884093,0.006394884093,0.01783723523,0,not_applicable_training_only_probability
temperature_transition,S0,2014,2014-05-25,2014-05-19,2014-05-25,2014-05-26,2014-05-28,2014-05-28,1,0,,0.006394884093,0.006394884093,0.01783723523,0,not_applicable_training_only_probability
temperature_transition,S0,2014,2014-05-26,2014-05-20,2014-05-26,2014-05-27,2014-05-29,2014-05-29,1,0,,0.006394884093,0.006394884093,0.01783723523,0,not_applicable_training_only_probability
temperature_transition,S0,2014,2014-05-27,2014-05-21,2014-05-27,2014-05-28,2014-05-30,2014-05-30,1,0,,0.006394884093,0.006394884093,0.01783723523,0,not_applicable_training_only_probability
temperature_transition,S0,2014,2014-05-28,2014-05-22,2014-05-28,2014-05-29,2014-05-31,2014-05-31,1,0,,0.006394884093,0.006394884093,0.01783723523,0,not_applicable_training_only_probability
temperature_transition,S0,2014,2014-05-29,2014-05-23,2014-05-29,2014-05-30,2014-06-01,2014-06-01,1,0,,0.006394884093,0.006394884093,0.01783723523,0,not_applicable_training_only_probability
temperature_transition,S0,2014,2014-05-30,2014-05-24,2014-05-30,2014-05-31,2014-06-02,2014-06-02,1,0,,0.006394884093,0.006394884093,0.01783723523,0,not_applicable_training_only_probability
temperature_transition,S0,2014,2014-05-31,2014-05-25,2014-05-31,2014-06-01,2014-06-03,2014-06-03,1,0,,0.0008554319932,0.0008554319932,0.01783723523,0,not_applicable_training_only_probability
temperature_transition,S0,2014,2014-06-01,2014-05-26,2014-06-01,2014-06-02,2014-06-04,2014-06-04,1,0,,0.0008554319932,0.0008554319932,0.01783723523,0,not_applicable_training_only_probability
temperature_transition,S0,2014,2014-06-02,2014-05-27,2014-06-02,2014-06-03,2014-06-05,2014-06-05,1,0,,0.0008554319932,0.0008554319932,0.01783723523,0,not_applicable_training_only_probability
temperature_transition,S0,2014,2014-06-03,2014-05-28,2014-06-03,2014-06-04,2014-06-06,2014-06-06,1,0,,0.0008554319932,0.0008554319932,0.01783723523,0,not_applicable_training_only_probability
temperature_transition,S0,2014,2014-06-04,2014-05-29,2014-06-04,2014-06-05,2014-06-07,2014-06-07,1,0,,0.0008554319932,0.0008554319932,0.01783723523,0,not_applicable_training_only_probability
temperature_transition,S0,2014,2014-06-05,2014-05-30,2014-06-05,2014-06-06,2014-06-08,2014-06-08,1,0,,0.0008554319932,0.0008554319932,0.01783723523,0,not_applicable_training_only_probability
temperature_transition,S0,2014,2014-06-06,2014-05-31,2014-06-06,2014-06-07,2014-06-09,2014-06-09,1,0,,0.0008554319932,0.0008554319932,0.01783723523,0,not_applicable_training_only_probability
temperature_transition,S0,2014,2014-06-07,2014-06-01,2014-06-07,2014-06-08,2014-06-10,2014-06-10,1,0,,0.0008554319932,0.0008554319932,0.01783723523,0,not_applicable_training_only_probability
temperature_transition,S0,2014,2014-06-08,2014-06-02,2014-06-08,2014-06-09,2014-06-11,2014-06-11,1,0,,0.0008554319932,0.0008554319932,0.01783723523,0,not_applicable_training_only_probability
temperature_transition,S0,2014,2014-06-09,2014-06-03,2014-06-09,2014-06-10,2014-06-12,2014-06-12,1,0,,0.0008554319932,0.0008554319932,0.01783723523,0,not_applicable_training_only_probability
temperature_transition,S0,2014,2014-06-10,2014-06-04,2014-06-10,2014-06-11,2014-06-13,2014-06-13,1,0,,0.0008554319932,0.0008554319932,0.01783723523,0,not_applicable_training_only_probability
temperature_transition,S0,2014,2014-06-11,2014-06-05,2014-06-11,2014-06-12,2014-06-14,2014-06-14,1,0,,0.0008554319932,0.0008554319932,0.01783723523,0,not_applicable_training_only_probability
temperature_transition,S0,2014,2014-06-12,2014-06-06,2014-06-12,2014-06-13,2014-06-15,2014-06-15,1,0,,0.0008554319932,0.0008554319932,0.01783723523,0,not_applicable_training_only_probability
temperature_transition,S0,2014,2014-06-13,2014-06-07,2014-06-13,2014-06-14,2014-06-16,2014-06-16,1,0,,0.0008554319932,0.0008554319932,0.01783723523,0,not_applicable_training_only_probability
temperature_transition,S0,2014,2014-06-14,2014-06-08,2014-06-14,2014-06-15,2014-06-17,2014-06-17,1,0,,0.0008554319932,0.0008554319932,0.01783723523,0,not_applicable_training_only_probability
temperature_transition,S0,2014,2014-06-15,2014-06-09,2014-06-15,2014-06-16,2014-06-18,2014-06-18,1,0,,0.0008554319932,0.0008554319932,0.01783723523,0,not_applicable_training_only_probability
temperature_transition,S0,2014,2014-06-16,2014-06-10,2014-06-16,2014-06-17,2014-06-19,2014-06-19,1,0,,0.0008554319932,0.0008554319932,0.01783723523,0,not_applicable_training_only_probability
temperature_transition,S0,2014,2014-06-17,2014-06-11,2014-06-17,2014-06-18,2014-06-20,2014-06-20,1,0,,0.0008554319932,0.0008554319932,0.01783723523,0,not_applicable_training_only_probability
temperature_transition,S0,2014,2014-06-18,2014-06-12,2014-06-18,2014-06-19,2014-06-21,2014-06-21,1,0,,0.0008554319932,0.0008554319932,0.01783723523,0,not_applicable_training_only_probability
temperature_transition,S0,2014,2014-06-19,2014-06-13,2014-06-19,2014-06-20,2014-06-22,2014-06-22,1,0,,0.0008554319932,0.0008554319932,0.01783723523,0,not_applicable_training_only_probability
temperature_transition,S0,2014,2014-06-20,2014-06-14,2014-06-20,2014-06-21,2014-06-23,2014-06-23,1,0,,0.0008554319932,0.0008554319932,0.01783723523,0,not_applicable_training_only_probability
temperature_transition,S0,2014,2014-06-21,2014-06-15,2014-06-21,2014-06-22,2014-06-24,2014-06-24,1,0,,0.0008554319932,0.0008554319932,0.01783723523,0,not_applicable_training_only_probability
temperature_transition,S0,2014,2014-06-22,2014-06-16,2014-06-22,2014-06-23,2014-06-25,2014-06-25,1,0,,0.0008554319932,0.0008554319932,0.01783723523,0,not_applicable_training_only_probability
temperature_transition,S0,2014,2014-06-23,2014-06-17,2014-06-23,2014-06-24,2014-06-26,2014-06-26,1,0,,0.0008554319932,0.0008554319932,0.01783723523,0,not_applicable_training_only_probability
temperature_transition,S0,2014,2014-06-24,2014-06-18,2014-06-24,2014-06-25,2014-06-27,2014-06-27,1,0,,0.0008554319932,0.0008554319932,0.01783723523,0,not_applicable_training_only_probability
temperature_transition,S0,2014,2014-06-25,2014-06-19,2014-06-25,2014-06-26,2014-06-28,2014-06-28,1,0,,0.0008554319932,0.0008554319932,0.01783723523,0,not_applicable_training_only_probability
temperature_transition,S0,2014,2014-06-26,2014-06-20,2014-06-26,2014-06-27,2014-06-29,2014-06-29,1,0,,0.0008554319932,0.0008554319932,0.01783723523,0,not_applicable_training_only_probability
temperature_transition,S0,2014,2014-06-27,2014-06-21,2014-06-27,2014-06-28,2014-06-30,2014-06-30,1,0,,0.0008554319932,0.0008554319932,0.01783723523,0,not_applicable_training_only_probability
temperature_transition,S0,2015,2015-02-28,2015-02-22,2015-02-28,2015-03-01,2015-03-03,2015-03-03,1,0,,0.006163328197,0.006163328197,0.2340425532,0,not_applicable_training_only_probability
temperature_transition,S0,2015,2015-03-01,2015-02-23,2015-03-01,2015-03-02,2015-03-04,2015-03-04,1,0,,0.006163328197,0.006163328197,0.2340425532,0,not_applicable_training_only_probability
temperature_transition,S0,2015,2015-03-02,2015-02-24,2015-03-02,2015-03-03,2015-03-05,2015-03-05,1,0,,0.006163328197,0.006163328197,0.2340425532,0,not_applicable_training_only_probability
temperature_transition,S0,2015,2015-03-03,2015-02-25,2015-03-03,2015-03-04,2015-03-06,2015-03-06,1,0,,0.006163328197,0.006163328197,0.2340425532,0,not_applicable_training_only_probability
temperature_transition,S0,2015,2015-03-04,2015-02-26,2015-03-04,2015-03-05,2015-03-07,2015-03-07,1,0,,0.006163328197,0.006163328197,0.2340425532,0,not_applicable_training_only_probability
temperature_transition,S0,2015,2015-03-05,2015-02-27,2015-03-05,2015-03-06,2015-03-08,2015-03-08,1,0,,0.006163328197,0.006163328197,0.2340425532,0,not_applicable_training_only_probability
temperature_transition,S0,2015,2015-03-06,2015-02-28,2015-03-06,2015-03-07,2015-03-09,2015-03-09,1,0,,0.006163328197,0.006163328197,0.2340425532,0,not_applicable_training_only_probability
temperature_transition,S0,2015,2015-03-07,2015-03-01,2015-03-07,2015-03-08,2015-03-10,2015-03-10,1,0,,0.006163328197,0.006163328197,0.2340425532,0,not_applicable_training_only_probability
temperature_transition,S0,2015,2015-03-08,2015-03-02,2015-03-08,2015-03-09,2015-03-11,2015-03-11,1,0,,0.006163328197,0.006163328197,0.2340425532,0,not_applicable_training_only_probability
temperature_transition,S0,2015,2015-03-09,2015-03-03,2015-03-09,2015-03-10,2015-03-12,2015-03-12,1,0,,0.006163328197,0.006163328197,0.2340425532,0,not_applicable_training_only_probability
temperature_transition,S0,2015,2015-03-10,2015-03-04,2015-03-10,2015-03-11,2015-03-13,2015-03-13,1,0,,0.006163328197,0.006163328197,0.2340425532,0,not_applicable_training_only_probability
temperature_transition,S0,2015,2015-03-11,2015-03-05,2015-03-11,2015-03-12,2015-03-14,2015-03-14,1,0,,0.006163328197,0.006163328197,0.2340425532,0,not_applicable_training_only_probability
temperature_transition,S0,2015,2015-03-12,2015-03-06,2015-03-12,2015-03-13,2015-03-15,2015-03-15,1,0,,0.006163328197,0.006163328197,0.2340425532,0,not_applicable_training_only_probability
temperature_transition,S0,2015,2015-03-13,2015-03-07,2015-03-13,2015-03-14,2015-03-16,2015-03-16,1,0,,0.006163328197,0.006163328197,0.2340425532,0,not_applicable_training_only_probability
temperature_transition,S0,2015,2015-03-14,2015-03-08,2015-03-14,2015-03-15,2015-03-17,2015-03-17,1,0,,0.006163328197,0.006163328197,0.2340425532,0,not_applicable_training_only_probability
temperature_transition,S0,2015,2015-03-15,2015-03-09,2015-03-15,2015-03-16,2015-03-18,2015-03-18,1,0,,0.006163328197,0.006163328197,0.2340425532,0,not_applicable_training_only_probability
temperature_transition,S0,2015,2015-03-16,2015-03-10,2015-03-16,2015-03-17,2015-03-19,2015-03-19,1,0,,0.006163328197,0.006163328197,0.2340425532,0,not_applicable_training_only_probability
temperature_transition,S0,2015,2015-03-17,2015-03-11,2015-03-17,2015-03-18,2015-03-20,2015-03-20,1,0,,0.006163328197,0.006163328197,0.2340425532,0,not_applicable_training_only_probability
temperature_transition,S0,2015,2015-03-18,2015-03-12,2015-03-18,2015-03-19,2015-03-21,2015-03-21,1,0,,0.006163328197,0.006163328197,0.2340425532,0,not_applicable_training_only_probability
temperature_transition,S0,2015,2015-03-19,2015-03-13,2015-03-19,2015-03-20,2015-03-22,2015-03-22,1,0,,0.006163328197,0.006163328197,0.2340425532,0,not_applicable_training_only_probability
temperature_transition,S0,2015,2015-03-20,2015-03-14,2015-03-20,2015-03-21,2015-03-23,2015-03-23,1,0,,0.006163328197,0.006163328197,0.2340425532,0,not_applicable_training_only_probability
temperature_transition,S0,2015,2015-03-21,2015-03-15,2015-03-21,2015-03-22,2015-03-24,2015-03-24,1,0,,0.006163328197,0.006163328197,0.2340425532,0,not_applicable_training_only_probability
temperature_transition,S0,2015,2015-03-22,2015-03-16,2015-03-22,2015-03-23,2015-03-25,2015-03-25,1,0,,0.006163328197,0.006163328197,0.2340425532,0,not_applicable_training_only_probability
temperature_transition,S0,2015,2015-03-23,2015-03-17,2015-03-23,2015-03-24,2015-03-26,2015-03-26,1,0,,0.006163328197,0.006163328197,0.2340425532,0,not_applicable_training_only_probability
temperature_transition,S0,2015,2015-03-24,2015-03-18,2015-03-24,2015-03-25,2015-03-27,2015-03-27,1,0,,0.006163328197,0.006163328197,0.2340425532,0,not_applicable_training_only_probability
temperature_transition,S0,2015,2015-03-25,2015-03-19,2015-03-25,2015-03-26,2015-03-28,2015-03-28,1,0,,0.006163328197,0.006163328197,0.2340425532,0,not_applicable_training_only_probability
temperature_transition,S0,2015,2015-03-26,2015-03-20,2015-03-26,2015-03-27,2015-03-29,2015-03-29,1,0,,0.006163328197,0.006163328197,0.2340425532,0,not_applicable_training_only_probability
temperature_transition,S0,2015,2015-03-27,2015-03-21,2015-03-27,2015-03-28,2015-03-30,2015-03-30,1,0,,0.006163328197,0.006163328197,0.2340425532,0,not_applicable_training_only_probability
temperature_transition,S0,2015,2015-03-28,2015-03-22,2015-03-28,2015-03-29,2015-03-31,2015-03-31,1,0,,0.006163328197,0.006163328197,0.2340425532,0,not_applicable_training_only_probability
temperature_transition,S0,2015,2015-03-29,2015-03-23,2015-03-29,2015-03-30,2015-04-01,2015-04-01,1,0,,0.006163328197,0.006163328197,0.2340425532,0,not_applicable_training_only_probability
temperature_transition,S0,2015,2015-03-30,2015-03-24,2015-03-30,2015-03-31,2015-04-02,2015-04-02,1,0,,0.006163328197,0.006163328197,0.2340425532,0,not_applicable_training_only_probability
temperature_transition,S0,2015,2015-03-31,2015-03-25,2015-03-31,2015-04-01,2015-04-03,2015-04-03,1,0,,0.01964285714,0.01964285714,0.2340425532,0,not_applicable_training_only_probability
temperature_transition,S0,2015,2015-04-01,2015-03-26,2015-04-01,2015-04-02,2015-04-04,2015-04-04,1,0,,0.01964285714,0.01964285714,0.2340425532,0,not_applicable_training_only_probability
temperature_transition,S0,2015,2015-04-02,2015-03-27,2015-04-02,2015-04-03,2015-04-05,2015-04-05,1,0,,0.01964285714,0.01964285714,0.2340425532,0,not_applicable_training_only_probability
temperature_transition,S0,2015,2015-04-03,2015-03-28,2015-04-03,2015-04-04,2015-04-06,2015-04-06,1,0,,0.01964285714,0.01964285714,0.2340425532,0,not_applicable_training_only_probability
temperature_transition,S0,2015,2015-04-04,2015-03-29,2015-04-04,2015-04-05,2015-04-07,2015-04-07,1,0,,0.01964285714,0.01964285714,0.2340425532,0,not_applicable_training_only_probability
temperature_transition,S0,2015,2015-04-05,2015-03-30,2015-04-05,2015-04-06,2015-04-08,2015-04-08,1,0,,0.01964285714,0.01964285714,0.2340425532,0,not_applicable_training_only_probability
temperature_transition,S0,2015,2015-04-06,2015-03-31,2015-04-06,2015-04-07,2015-04-09,2015-04-09,1,0,,0.01964285714,0.01964285714,0.2340425532,0,not_applicable_training_only_probability
temperature_transition,S0,2015,2015-04-07,2015-04-01,2015-04-07,2015-04-08,2015-04-10,2015-04-10,1,0,,0.01964285714,0.01964285714,0.2340425532,0,not_applicable_training_only_probability
temperature_transition,S0,2015,2015-04-08,2015-04-02,2015-04-08,2015-04-09,2015-04-11,2015-04-11,1,0,,0.01964285714,0.01964285714,0.2340425532,0,not_applicable_training_only_probability
temperature_transition,S0,2015,2015-04-09,2015-04-03,2015-04-09,2015-04-10,2015-04-12,2015-04-12,1,0,,0.01964285714,0.01964285714,0.2340425532,0,not_applicable_training_only_probability
temperature_transition,S0,2015,2015-04-10,2015-04-04,2015-04-10,2015-04-11,2015-04-13,2015-04-13,1,0,,0.01964285714,0.01964285714,0.2340425532,0,not_applicable_training_only_probability
temperature_transition,S0,2015,2015-04-11,2015-04-05,2015-04-11,2015-04-12,2015-04-14,2015-04-14,1,0,,0.01964285714,0.01964285714,0.2340425532,0,not_applicable_training_only_probability
temperature_transition,S0,2015,2015-04-12,2015-04-06,2015-04-12,2015-04-13,2015-04-15,2015-04-15,1,0,,0.01964285714,0.01964285714,0.2340425532,0,not_applicable_training_only_probability
temperature_transition,S0,2015,2015-04-13,2015-04-07,2015-04-13,2015-04-14,2015-04-16,2015-04-16,1,0,,0.01964285714,0.01964285714,0.2340425532,0,not_applicable_training_only_probability
temperature_transition,S0,2015,2015-04-14,2015-04-08,2015-04-14,2015-04-15,2015-04-17,2015-04-17,1,0,,0.01964285714,0.01964285714,0.2340425532,0,not_applicable_training_only_probability
temperature_transition,S0,2015,2015-04-15,2015-04-09,2015-04-15,2015-04-16,2015-04-18,2015-04-18,1,0,,0.01964285714,0.01964285714,0.2340425532,0,not_applicable_training_only_probability
temperature_transition,S0,2015,2015-04-16,2015-04-10,2015-04-16,2015-04-17,2015-04-19,2015-04-19,1,0,,0.01964285714,0.01964285714,0.2340425532,0,not_applicable_training_only_probability
temperature_transition,S0,2015,2015-04-17,2015-04-11,2015-04-17,2015-04-18,2015-04-20,2015-04-20,1,0,,0.01964285714,0.01964285714,0.2340425532,0,not_applicable_training_only_probability
temperature_transition,S0,2015,2015-04-18,2015-04-12,2015-04-18,2015-04-19,2015-04-21,2015-04-21,1,0,,0.01964285714,0.01964285714,0.2340425532,0,not_applicable_training_only_probability
temperature_transition,S0,2015,2015-04-19,2015-04-13,2015-04-19,2015-04-20,2015-04-22,2015-04-22,1,0,,0.01964285714,0.01964285714,0.2340425532,0,not_applicable_training_only_probability
temperature_transition,S0,2015,2015-04-20,2015-04-14,2015-04-20,2015-04-21,2015-04-23,2015-04-23,1,0,,0.01964285714,0.01964285714,0.2340425532,0,not_applicable_training_only_probability
temperature_transition,S0,2015,2015-04-21,2015-04-15,2015-04-21,2015-04-22,2015-04-24,2015-04-24,1,0,,0.01964285714,0.01964285714,0.2340425532,0,not_applicable_training_only_probability
temperature_transition,S0,2015,2015-04-22,2015-04-16,2015-04-22,2015-04-23,2015-04-25,2015-04-25,1,0,,0.01964285714,0.01964285714,0.2340425532,0,not_applicable_training_only_probability
temperature_transition,S0,2015,2015-04-23,2015-04-17,2015-04-23,2015-04-24,2015-04-26,2015-04-26,1,0,,0.01964285714,0.01964285714,0.2340425532,0,not_applicable_training_only_probability
temperature_transition,S0,2015,2015-04-24,2015-04-18,2015-04-24,2015-04-25,2015-04-27,2015-04-27,1,0,,0.01964285714,0.01964285714,0.2340425532,0,not_applicable_training_only_probability
temperature_transition,S0,2015,2015-04-25,2015-04-19,2015-04-25,2015-04-26,2015-04-28,2015-04-28,1,0,,0.01964285714,0.01964285714,0.2340425532,0,not_applicable_training_only_probability
temperature_transition,S0,2015,2015-04-26,2015-04-20,2015-04-26,2015-04-27,2015-04-29,2015-04-29,1,0,,0.01964285714,0.01964285714,0.2340425532,0,not_applicable_training_only_probability
temperature_transition,S0,2015,2015-04-27,2015-04-21,2015-04-27,2015-04-28,2015-04-30,2015-04-30,1,0,,0.01964285714,0.01964285714,0.2340425532,0,not_applicable_training_only_probability
temperature_transition,S0,2015,2015-04-28,2015-04-22,2015-04-28,2015-04-29,2015-05-01,2015-05-01,1,0,,0.01964285714,0.01964285714,0.2340425532,0,not_applicable_training_only_probability
temperature_transition,S0,2015,2015-04-29,2015-04-23,2015-04-29,2015-04-30,2015-05-02,2015-05-02,1,0,,0.01964285714,0.01964285714,0.2340425532,0,not_applicable_training_only_probability
temperature_transition,S0,2015,2015-04-30,2015-04-24,2015-04-30,2015-05-01,2015-05-03,2015-05-03,1,0,,0.007855459544,0.007855459544,0.2340425532,0,not_applicable_training_only_probability
temperature_transition,S0,2015,2015-05-01,2015-04-25,2015-05-01,2015-05-02,2015-05-04,2015-05-04,1,0,,0.007855459544,0.007855459544,0.2340425532,0,not_applicable_training_only_probability
temperature_transition,S0,2015,2015-05-02,2015-04-26,2015-05-02,2015-05-03,2015-05-05,2015-05-05,1,0,,0.007855459544,0.007855459544,0.2340425532,0,not_applicable_training_only_probability
temperature_transition,S0,2015,2015-05-03,2015-04-27,2015-05-03,2015-05-04,2015-05-06,2015-05-06,1,0,,0.007855459544,0.007855459544,0.2340425532,0,not_applicable_training_only_probability
temperature_transition,S0,2015,2015-05-04,2015-04-28,2015-05-04,2015-05-05,2015-05-07,2015-05-07,1,0,,0.007855459544,0.007855459544,0.2340425532,0,not_applicable_training_only_probability
temperature_transition,S0,2015,2015-05-05,2015-04-29,2015-05-05,2015-05-06,2015-05-08,2015-05-08,1,0,,0.007855459544,0.007855459544,0.2340425532,0,not_applicable_training_only_probability
temperature_transition,S0,2015,2015-05-06,2015-04-30,2015-05-06,2015-05-07,2015-05-09,2015-05-09,1,0,,0.007855459544,0.007855459544,0.2340425532,0,not_applicable_training_only_probability
temperature_transition,S0,2015,2015-05-07,2015-05-01,2015-05-07,2015-05-08,2015-05-10,2015-05-10,1,0,,0.007855459544,0.007855459544,0.2340425532,0,not_applicable_training_only_probability
temperature_transition,S0,2015,2015-05-08,2015-05-02,2015-05-08,2015-05-09,2015-05-11,2015-05-11,1,0,,0.007855459544,0.007855459544,0.2340425532,0,not_applicable_training_only_probability
temperature_transition,S0,2015,2015-05-09,2015-05-03,2015-05-09,2015-05-10,2015-05-12,2015-05-12,1,0,,0.007855459544,0.007855459544,0.2340425532,0,not_applicable_training_only_probability
temperature_transition,S0,2015,2015-05-10,2015-05-04,2015-05-10,2015-05-11,2015-05-13,2015-05-13,1,0,,0.007855459544,0.007855459544,0.2340425532,0,not_applicable_training_only_probability
temperature_transition,S0,2015,2015-05-11,2015-05-05,2015-05-11,2015-05-12,2015-05-14,2015-05-14,1,0,,0.007855459544,0.007855459544,0.2340425532,0,not_applicable_training_only_probability
temperature_transition,S0,2015,2015-05-12,2015-05-06,2015-05-12,2015-05-13,2015-05-15,2015-05-15,1,0,,0.007855459544,0.007855459544,0.2340425532,0,not_applicable_training_only_probability
temperature_transition,S0,2015,2015-05-13,2015-05-07,2015-05-13,2015-05-14,2015-05-16,2015-05-16,1,0,,0.007855459544,0.007855459544,0.2340425532,0,not_applicable_training_only_probability
temperature_transition,S0,2015,2015-05-14,2015-05-08,2015-05-14,2015-05-15,2015-05-17,2015-05-17,1,0,,0.007855459544,0.007855459544,0.2340425532,0,not_applicable_training_only_probability
temperature_transition,S0,2015,2015-05-15,2015-05-09,2015-05-15,2015-05-16,2015-05-18,2015-05-18,1,0,,0.007855459544,0.007855459544,0.2340425532,0,not_applicable_training_only_probability
temperature_transition,S0,2015,2015-05-16,2015-05-10,2015-05-16,2015-05-17,2015-05-19,2015-05-19,1,0,,0.007855459544,0.007855459544,0.2340425532,0,not_applicable_training_only_probability
temperature_transition,S0,2015,2015-05-17,2015-05-11,2015-05-17,2015-05-18,2015-05-20,2015-05-20,1,0,,0.007855459544,0.007855459544,0.2340425532,0,not_applicable_training_only_probability
temperature_transition,S0,2015,2015-05-18,2015-05-12,2015-05-18,2015-05-19,2015-05-21,2015-05-21,1,0,,0.007855459544,0.007855459544,0.2340425532,0,not_applicable_training_only_probability
temperature_transition,S0,2015,2015-05-19,2015-05-13,2015-05-19,2015-05-20,2015-05-22,2015-05-22,1,0,,0.007855459544,0.007855459544,0.2340425532,0,not_applicable_training_only_probability
temperature_transition,S0,2015,2015-05-20,2015-05-14,2015-05-20,2015-05-21,2015-05-23,2015-05-23,1,0,,0.007855459544,0.007855459544,0.2340425532,0,not_applicable_training_only_probability
temperature_transition,S0,2015,2015-05-21,2015-05-15,2015-05-21,2015-05-22,2015-05-24,2015-05-24,1,0,,0.007855459544,0.007855459544,0.2340425532,0,not_applicable_training_only_probability
temperature_transition,S0,2015,2015-05-22,2015-05-16,2015-05-22,2015-05-23,2015-05-25,2015-05-25,1,0,,0.007855459544,0.007855459544,0.2340425532,0,not_applicable_training_only_probability
temperature_transition,S0,2015,2015-05-23,2015-05-17,2015-05-23,2015-05-24,2015-05-26,2015-05-26,1,0,,0.007855459544,0.007855459544,0.2340425532,0,not_applicable_training_only_probability
temperature_transition,S0,2015,2015-05-24,2015-05-18,2015-05-24,2015-05-25,2015-05-27,2015-05-27,1,0,,0.007855459544,0.007855459544,0.2340425532,0,not_applicable_training_only_probability
temperature_transition,S0,2015,2015-05-25,2015-05-19,2015-05-25,2015-05-26,2015-05-28,2015-05-28,1,0,,0.007855459544,0.007855459544,0.2340425532,0,not_applicable_training_only_probability
temperature_transition,S0,2015,2015-05-26,2015-05-20,2015-05-26,2015-05-27,2015-05-29,2015-05-29,1,0,,0.007855459544,0.007855459544,0.2340425532,0,not_applicable_training_only_probability
temperature_transition,S0,2015,2015-05-27,2015-05-21,2015-05-27,2015-05-28,2015-05-30,2015-05-30,1,0,,0.007855459544,0.007855459544,0.2340425532,0,not_applicable_training_only_probability
temperature_transition,S0,2015,2015-05-28,2015-05-22,2015-05-28,2015-05-29,2015-05-31,2015-05-31,1,0,,0.007855459544,0.007855459544,0.2340425532,0,not_applicable_training_only_probability
temperature_transition,S0,2015,2015-05-29,2015-05-23,2015-05-29,2015-05-30,2015-06-01,2015-06-01,1,0,,0.007855459544,0.007855459544,0.2340425532,0,not_applicable_training_only_probability
temperature_transition,S0,2015,2015-05-30,2015-05-24,2015-05-30,2015-05-31,2015-06-02,2015-06-02,1,0,,0.007855459544,0.007855459544,0.2340425532,0,not_applicable_training_only_probability
temperature_transition,S0,2015,2015-05-31,2015-05-25,2015-05-31,2015-06-01,2015-06-03,2015-06-03,1,0,,0.0008354218881,0.0008354218881,0.2340425532,0,not_applicable_training_only_probability
temperature_transition,S0,2015,2015-06-01,2015-05-26,2015-06-01,2015-06-02,2015-06-04,2015-06-04,1,0,,0.0008354218881,0.0008354218881,0.2340425532,0,not_applicable_training_only_probability
temperature_transition,S0,2015,2015-06-02,2015-05-27,2015-06-02,2015-06-03,2015-06-05,2015-06-05,1,0,,0.0008354218881,0.0008354218881,0.2340425532,0,not_applicable_training_only_probability
temperature_transition,S0,2015,2015-06-03,2015-05-28,2015-06-03,2015-06-04,2015-06-06,2015-06-06,1,0,,0.0008354218881,0.0008354218881,0.2340425532,0,not_applicable_training_only_probability
temperature_transition,S0,2015,2015-06-04,2015-05-29,2015-06-04,2015-06-05,2015-06-07,2015-06-07,1,0,,0.0008354218881,0.0008354218881,0.2340425532,0,not_applicable_training_only_probability
temperature_transition,S0,2015,2015-06-05,2015-05-30,2015-06-05,2015-06-06,2015-06-08,2015-06-08,1,0,,0.0008354218881,0.0008354218881,0.2340425532,0,not_applicable_training_only_probability
temperature_transition,S0,2015,2015-06-06,2015-05-31,2015-06-06,2015-06-07,2015-06-09,2015-06-09,1,0,,0.0008354218881,0.0008354218881,0.2340425532,0,not_applicable_training_only_probability
temperature_transition,S0,2015,2015-06-07,2015-06-01,2015-06-07,2015-06-08,2015-06-10,2015-06-10,1,0,,0.0008354218881,0.0008354218881,0.2340425532,0,not_applicable_training_only_probability
temperature_transition,S0,2015,2015-06-08,2015-06-02,2015-06-08,2015-06-09,2015-06-11,2015-06-11,1,0,,0.0008354218881,0.0008354218881,0.2340425532,0,not_applicable_training_only_probability
temperature_transition,S0,2015,2015-06-09,2015-06-03,2015-06-09,2015-06-10,2015-06-12,2015-06-12,1,0,,0.0008354218881,0.0008354218881,0.2340425532,0,not_applicable_training_only_probability
temperature_transition,S0,2015,2015-06-10,2015-06-04,2015-06-10,2015-06-11,2015-06-13,2015-06-13,1,0,,0.0008354218881,0.0008354218881,0.2340425532,0,not_applicable_training_only_probability
temperature_transition,S0,2015,2015-06-11,2015-06-05,2015-06-11,2015-06-12,2015-06-14,2015-06-14,1,0,,0.0008354218881,0.0008354218881,0.2340425532,0,not_applicable_training_only_probability
temperature_transition,S0,2015,2015-06-12,2015-06-06,2015-06-12,2015-06-13,2015-06-15,2015-06-15,1,0,,0.0008354218881,0.0008354218881,0.2340425532,0,not_applicable_training_only_probability
temperature_transition,S0,2015,2015-06-13,2015-06-07,2015-06-13,2015-06-14,2015-06-16,2015-06-16,1,0,,0.0008354218881,0.0008354218881,0.2340425532,0,not_applicable_training_only_probability
temperature_transition,S0,2015,2015-06-14,2015-06-08,2015-06-14,2015-06-15,2015-06-17,2015-06-17,1,0,,0.0008354218881,0.0008354218881,0.2340425532,0,not_applicable_training_only_probability
temperature_transition,S0,2015,2015-06-15,2015-06-09,2015-06-15,2015-06-16,2015-06-18,2015-06-18,1,0,,0.0008354218881,0.0008354218881,0.2340425532,0,not_applicable_training_only_probability
temperature_transition,S0,2015,2015-06-16,2015-06-10,2015-06-16,2015-06-17,2015-06-19,2015-06-19,1,0,,0.0008354218881,0.0008354218881,0.2340425532,0,not_applicable_training_only_probability
temperature_transition,S0,2015,2015-06-17,2015-06-11,2015-06-17,2015-06-18,2015-06-20,2015-06-20,1,0,,0.0008354218881,0.0008354218881,0.2340425532,0,not_applicable_training_only_probability
temperature_transition,S0,2015,2015-06-18,2015-06-12,2015-06-18,2015-06-19,2015-06-21,2015-06-21,1,0,,0.0008354218881,0.0008354218881,0.2340425532,0,not_applicable_training_only_probability
temperature_transition,S0,2015,2015-06-19,2015-06-13,2015-06-19,2015-06-20,2015-06-22,2015-06-22,1,0,,0.0008354218881,0.0008354218881,0.2340425532,0,not_applicable_training_only_probability
temperature_transition,S0,2015,2015-06-20,2015-06-14,2015-06-20,2015-06-21,2015-06-23,2015-06-23,1,0,,0.0008354218881,0.0008354218881,0.2340425532,0,not_applicable_training_only_probability
temperature_transition,S0,2015,2015-06-21,2015-06-15,2015-06-21,2015-06-22,2015-06-24,2015-06-24,1,0,,0.0008354218881,0.0008354218881,0.2340425532,0,not_applicable_training_only_probability
temperature_transition,S0,2015,2015-06-22,2015-06-16,2015-06-22,2015-06-23,2015-06-25,2015-06-25,1,0,,0.0008354218881,0.0008354218881,0.2340425532,0,not_applicable_training_only_probability
temperature_transition,S0,2015,2015-06-23,2015-06-17,2015-06-23,2015-06-24,2015-06-26,2015-06-26,1,0,,0.0008354218881,0.0008354218881,0.2340425532,0,not_applicable_training_only_probability
temperature_transition,S0,2015,2015-06-24,2015-06-18,2015-06-24,2015-06-25,2015-06-27,2015-06-27,1,0,,0.0008354218881,0.0008354218881,0.2340425532,0,not_applicable_training_only_probability
temperature_transition,S0,2015,2015-06-25,2015-06-19,2015-06-25,2015-06-26,2015-06-28,2015-06-28,1,0,,0.0008354218881,0.0008354218881,0.2340425532,0,not_applicable_training_only_probability
temperature_transition,S0,2015,2015-06-26,2015-06-20,2015-06-26,2015-06-27,2015-06-29,2015-06-29,1,0,,0.0008354218881,0.0008354218881,0.2340425532,0,not_applicable_training_only_probability
temperature_transition,S0,2015,2015-06-27,2015-06-21,2015-06-27,2015-06-28,2015-06-30,2015-06-30,1,0,,0.0008354218881,0.0008354218881,0.2340425532,0,not_applicable_training_only_probability
temperature_transition,S0,2016,2016-02-29,2016-02-23,2016-02-29,2016-03-01,2016-03-03,2016-03-03,1,0,,0.006019563582,0.006019563582,0.2244897959,0,not_applicable_training_only_probability
temperature_transition,S0,2016,2016-03-01,2016-02-24,2016-03-01,2016-03-02,2016-03-04,2016-03-04,1,0,,0.006019563582,0.006019563582,0.2244897959,0,not_applicable_training_only_probability
temperature_transition,S0,2016,2016-03-02,2016-02-25,2016-03-02,2016-03-03,2016-03-05,2016-03-05,1,0,,0.006019563582,0.006019563582,0.2244897959,0,not_applicable_training_only_probability
temperature_transition,S0,2016,2016-03-03,2016-02-26,2016-03-03,2016-03-04,2016-03-06,2016-03-06,1,0,,0.006019563582,0.006019563582,0.2244897959,0,not_applicable_training_only_probability
temperature_transition,S0,2016,2016-03-04,2016-02-27,2016-03-04,2016-03-05,2016-03-07,2016-03-07,1,0,,0.006019563582,0.006019563582,0.2244897959,0,not_applicable_training_only_probability
temperature_transition,S0,2016,2016-03-05,2016-02-28,2016-03-05,2016-03-06,2016-03-08,2016-03-08,1,0,,0.006019563582,0.006019563582,0.2244897959,0,not_applicable_training_only_probability
temperature_transition,S0,2016,2016-03-06,2016-02-29,2016-03-06,2016-03-07,2016-03-09,2016-03-09,1,0,,0.006019563582,0.006019563582,0.2244897959,0,not_applicable_training_only_probability
temperature_transition,S0,2016,2016-03-07,2016-03-01,2016-03-07,2016-03-08,2016-03-10,2016-03-10,1,0,,0.006019563582,0.006019563582,0.2244897959,0,not_applicable_training_only_probability
temperature_transition,S0,2016,2016-03-08,2016-03-02,2016-03-08,2016-03-09,2016-03-11,2016-03-11,1,0,,0.006019563582,0.006019563582,0.2244897959,0,not_applicable_training_only_probability
temperature_transition,S0,2016,2016-03-09,2016-03-03,2016-03-09,2016-03-10,2016-03-12,2016-03-12,1,0,,0.006019563582,0.006019563582,0.2244897959,0,not_applicable_training_only_probability
temperature_transition,S0,2016,2016-03-10,2016-03-04,2016-03-10,2016-03-11,2016-03-13,2016-03-13,1,0,,0.006019563582,0.006019563582,0.2244897959,0,not_applicable_training_only_probability
temperature_transition,S0,2016,2016-03-11,2016-03-05,2016-03-11,2016-03-12,2016-03-14,2016-03-14,1,0,,0.006019563582,0.006019563582,0.2244897959,0,not_applicable_training_only_probability
temperature_transition,S0,2016,2016-03-12,2016-03-06,2016-03-12,2016-03-13,2016-03-15,2016-03-15,1,0,,0.006019563582,0.006019563582,0.2244897959,0,not_applicable_training_only_probability
temperature_transition,S0,2016,2016-03-13,2016-03-07,2016-03-13,2016-03-14,2016-03-16,2016-03-16,1,0,,0.006019563582,0.006019563582,0.2244897959,0,not_applicable_training_only_probability
temperature_transition,S0,2016,2016-03-14,2016-03-08,2016-03-14,2016-03-15,2016-03-17,2016-03-17,1,0,,0.006019563582,0.006019563582,0.2244897959,0,not_applicable_training_only_probability
temperature_transition,S0,2016,2016-03-15,2016-03-09,2016-03-15,2016-03-16,2016-03-18,2016-03-18,1,0,,0.006019563582,0.006019563582,0.2244897959,0,not_applicable_training_only_probability
temperature_transition,S0,2016,2016-03-16,2016-03-10,2016-03-16,2016-03-17,2016-03-19,2016-03-19,1,0,,0.006019563582,0.006019563582,0.2244897959,0,not_applicable_training_only_probability
temperature_transition,S0,2016,2016-03-17,2016-03-11,2016-03-17,2016-03-18,2016-03-20,2016-03-20,1,0,,0.006019563582,0.006019563582,0.2244897959,0,not_applicable_training_only_probability
temperature_transition,S0,2016,2016-03-18,2016-03-12,2016-03-18,2016-03-19,2016-03-21,2016-03-21,1,0,,0.006019563582,0.006019563582,0.2244897959,0,not_applicable_training_only_probability
temperature_transition,S0,2016,2016-03-19,2016-03-13,2016-03-19,2016-03-20,2016-03-22,2016-03-22,1,0,,0.006019563582,0.006019563582,0.2244897959,0,not_applicable_training_only_probability
temperature_transition,S0,2016,2016-03-20,2016-03-14,2016-03-20,2016-03-21,2016-03-23,2016-03-23,1,0,,0.006019563582,0.006019563582,0.2244897959,0,not_applicable_training_only_probability
temperature_transition,S0,2016,2016-03-21,2016-03-15,2016-03-21,2016-03-22,2016-03-24,2016-03-24,1,0,,0.006019563582,0.006019563582,0.2244897959,0,not_applicable_training_only_probability
temperature_transition,S0,2016,2016-03-22,2016-03-16,2016-03-22,2016-03-23,2016-03-25,2016-03-25,1,0,,0.006019563582,0.006019563582,0.2244897959,0,not_applicable_training_only_probability
temperature_transition,S0,2016,2016-03-23,2016-03-17,2016-03-23,2016-03-24,2016-03-26,2016-03-26,1,0,,0.006019563582,0.006019563582,0.2244897959,0,not_applicable_training_only_probability
temperature_transition,S0,2016,2016-03-24,2016-03-18,2016-03-24,2016-03-25,2016-03-27,2016-03-27,1,0,,0.006019563582,0.006019563582,0.2244897959,0,not_applicable_training_only_probability
temperature_transition,S0,2016,2016-03-25,2016-03-19,2016-03-25,2016-03-26,2016-03-28,2016-03-28,1,0,,0.006019563582,0.006019563582,0.2244897959,0,not_applicable_training_only_probability
temperature_transition,S0,2016,2016-03-26,2016-03-20,2016-03-26,2016-03-27,2016-03-29,2016-03-29,1,0,,0.006019563582,0.006019563582,0.2244897959,0,not_applicable_training_only_probability
temperature_transition,S0,2016,2016-03-27,2016-03-21,2016-03-27,2016-03-28,2016-03-30,2016-03-30,1,0,,0.006019563582,0.006019563582,0.2244897959,0,not_applicable_training_only_probability
temperature_transition,S0,2016,2016-03-28,2016-03-22,2016-03-28,2016-03-29,2016-03-31,2016-03-31,1,0,,0.006019563582,0.006019563582,0.2244897959,0,not_applicable_training_only_probability
temperature_transition,S0,2016,2016-03-29,2016-03-23,2016-03-29,2016-03-30,2016-04-01,2016-04-01,1,0,,0.006019563582,0.006019563582,0.2244897959,0,not_applicable_training_only_probability
temperature_transition,S0,2016,2016-03-30,2016-03-24,2016-03-30,2016-03-31,2016-04-02,2016-04-02,1,0,,0.006019563582,0.006019563582,0.2244897959,0,not_applicable_training_only_probability
temperature_transition,S0,2016,2016-03-31,2016-03-25,2016-03-31,2016-04-01,2016-04-03,2016-04-03,1,0,,0.01913043478,0.01913043478,0.2244897959,0,not_applicable_training_only_probability
temperature_transition,S0,2016,2016-04-01,2016-03-26,2016-04-01,2016-04-02,2016-04-04,2016-04-04,1,0,,0.01913043478,0.01913043478,0.2244897959,0,not_applicable_training_only_probability
temperature_transition,S0,2016,2016-04-02,2016-03-27,2016-04-02,2016-04-03,2016-04-05,2016-04-05,1,0,,0.01913043478,0.01913043478,0.2244897959,0,not_applicable_training_only_probability
temperature_transition,S0,2016,2016-04-03,2016-03-28,2016-04-03,2016-04-04,2016-04-06,2016-04-06,1,0,,0.01913043478,0.01913043478,0.2244897959,0,not_applicable_training_only_probability
temperature_transition,S0,2016,2016-04-04,2016-03-29,2016-04-04,2016-04-05,2016-04-07,2016-04-07,1,0,,0.01913043478,0.01913043478,0.2244897959,0,not_applicable_training_only_probability
temperature_transition,S0,2016,2016-04-05,2016-03-30,2016-04-05,2016-04-06,2016-04-08,2016-04-08,1,0,,0.01913043478,0.01913043478,0.2244897959,0,not_applicable_training_only_probability
temperature_transition,S0,2016,2016-04-06,2016-03-31,2016-04-06,2016-04-07,2016-04-09,2016-04-09,1,0,,0.01913043478,0.01913043478,0.2244897959,0,not_applicable_training_only_probability
temperature_transition,S0,2016,2016-04-07,2016-04-01,2016-04-07,2016-04-08,2016-04-10,2016-04-10,1,0,,0.01913043478,0.01913043478,0.2244897959,0,not_applicable_training_only_probability
temperature_transition,S0,2016,2016-04-08,2016-04-02,2016-04-08,2016-04-09,2016-04-11,2016-04-11,1,0,,0.01913043478,0.01913043478,0.2244897959,0,not_applicable_training_only_probability
temperature_transition,S0,2016,2016-04-09,2016-04-03,2016-04-09,2016-04-10,2016-04-12,2016-04-12,1,0,,0.01913043478,0.01913043478,0.2244897959,0,not_applicable_training_only_probability
temperature_transition,S0,2016,2016-04-10,2016-04-04,2016-04-10,2016-04-11,2016-04-13,2016-04-13,1,0,,0.01913043478,0.01913043478,0.2244897959,0,not_applicable_training_only_probability
temperature_transition,S0,2016,2016-04-11,2016-04-05,2016-04-11,2016-04-12,2016-04-14,2016-04-14,1,0,,0.01913043478,0.01913043478,0.2244897959,0,not_applicable_training_only_probability
temperature_transition,S0,2016,2016-04-12,2016-04-06,2016-04-12,2016-04-13,2016-04-15,2016-04-15,1,0,,0.2741935484,0.2741935484,0.2244897959,1,not_applicable_training_only_probability
temperature_transition,S0,2016,2016-04-13,2016-04-07,2016-04-13,2016-04-14,2016-04-16,2016-04-16,1,0,,0.01913043478,0.01913043478,0.2244897959,0,not_applicable_training_only_probability
temperature_transition,S0,2016,2016-04-14,2016-04-08,2016-04-14,2016-04-15,2016-04-17,2016-04-17,1,0,,0.01913043478,0.01913043478,0.2244897959,0,not_applicable_training_only_probability
temperature_transition,S0,2016,2016-04-15,2016-04-09,2016-04-15,2016-04-16,2016-04-18,2016-04-18,1,0,,0.01913043478,0.01913043478,0.2244897959,0,not_applicable_training_only_probability
temperature_transition,S0,2016,2016-04-16,2016-04-10,2016-04-16,2016-04-17,2016-04-19,2016-04-19,1,0,,0.01913043478,0.01913043478,0.2244897959,0,not_applicable_training_only_probability
temperature_transition,S0,2016,2016-04-17,2016-04-11,2016-04-17,2016-04-18,2016-04-20,2016-04-20,1,0,,0.01913043478,0.01913043478,0.2244897959,0,not_applicable_training_only_probability
temperature_transition,S0,2016,2016-04-18,2016-04-12,2016-04-18,2016-04-19,2016-04-21,2016-04-21,1,0,,0.01913043478,0.01913043478,0.2244897959,0,not_applicable_training_only_probability
temperature_transition,S0,2016,2016-04-19,2016-04-13,2016-04-19,2016-04-20,2016-04-22,2016-04-22,1,0,,0.2741935484,0.2741935484,0.2244897959,1,not_applicable_training_only_probability
temperature_transition,S0,2016,2016-04-20,2016-04-14,2016-04-20,2016-04-21,2016-04-23,2016-04-23,1,0,,0.01913043478,0.01913043478,0.2244897959,0,not_applicable_training_only_probability
temperature_transition,S0,2016,2016-04-21,2016-04-15,2016-04-21,2016-04-22,2016-04-24,2016-04-24,1,0,,0.01913043478,0.01913043478,0.2244897959,0,not_applicable_training_only_probability
temperature_transition,S0,2016,2016-04-22,2016-04-16,2016-04-22,2016-04-23,2016-04-25,2016-04-25,1,0,,0.01913043478,0.01913043478,0.2244897959,0,not_applicable_training_only_probability
temperature_transition,S0,2016,2016-04-23,2016-04-17,2016-04-23,2016-04-24,2016-04-26,2016-04-26,1,1,fixed36_0038,0.01913043478,0.01913043478,0.2244897959,0,not_applicable_training_only_probability
temperature_transition,S0,2016,2016-04-24,2016-04-18,2016-04-24,2016-04-25,2016-04-27,2016-04-27,1,1,fixed36_0038,0.2741935484,0.2741935484,0.2244897959,1,not_applicable_training_only_probability
temperature_transition,S0,2016,2016-04-25,2016-04-19,2016-04-25,2016-04-26,2016-04-28,2016-04-28,1,0,,0.4285714286,0.4285714286,0.2244897959,1,not_applicable_training_only_probability
temperature_transition,S0,2016,2016-04-26,2016-04-20,2016-04-26,2016-04-27,2016-04-29,2016-04-29,1,0,,0.3580246914,0.3580246914,0.2244897959,1,not_applicable_training_only_probability
temperature_transition,S0,2016,2016-04-27,2016-04-21,2016-04-27,2016-04-28,2016-04-30,2016-04-30,1,0,,0.3580246914,0.3580246914,0.2244897959,1,not_applicable_training_only_probability
temperature_transition,S0,2016,2016-04-28,2016-04-22,2016-04-28,2016-04-29,2016-05-01,2016-05-01,1,1,fixed36_0039,0.01913043478,0.01913043478,0.2244897959,0,not_applicable_training_only_probability
temperature_transition,S0,2016,2016-04-29,2016-04-23,2016-04-29,2016-04-30,2016-05-02,2016-05-02,1,0,,0.2741935484,0.2741935484,0.2244897959,1,not_applicable_training_only_probability
temperature_transition,S0,2016,2016-04-30,2016-04-24,2016-04-30,2016-05-01,2016-05-03,2016-05-03,1,0,,0.3571428571,0.3571428571,0.2244897959,1,not_applicable_training_only_probability
temperature_transition,S0,2016,2016-05-01,2016-04-25,2016-05-01,2016-05-02,2016-05-04,2016-05-04,1,0,,0.303030303,0.303030303,0.2244897959,1,not_applicable_training_only_probability
temperature_transition,S0,2016,2016-05-02,2016-04-26,2016-05-02,2016-05-03,2016-05-05,2016-05-05,1,0,,0.007668711656,0.007668711656,0.2244897959,0,not_applicable_training_only_probability
temperature_transition,S0,2016,2016-05-03,2016-04-27,2016-05-03,2016-05-04,2016-05-06,2016-05-06,1,0,,0.007668711656,0.007668711656,0.2244897959,0,not_applicable_training_only_probability
temperature_transition,S0,2016,2016-05-04,2016-04-28,2016-05-04,2016-05-05,2016-05-07,2016-05-07,1,0,,0.007668711656,0.007668711656,0.2244897959,0,not_applicable_training_only_probability
temperature_transition,S0,2016,2016-05-05,2016-04-29,2016-05-05,2016-05-06,2016-05-08,2016-05-08,1,0,,0.007668711656,0.007668711656,0.2244897959,0,not_applicable_training_only_probability
temperature_transition,S0,2016,2016-05-06,2016-04-30,2016-05-06,2016-05-07,2016-05-09,2016-05-09,1,0,,0.007668711656,0.007668711656,0.2244897959,0,not_applicable_training_only_probability
temperature_transition,S0,2016,2016-05-07,2016-05-01,2016-05-07,2016-05-08,2016-05-10,2016-05-10,1,0,,0.007668711656,0.007668711656,0.2244897959,0,not_applicable_training_only_probability
temperature_transition,S0,2016,2016-05-08,2016-05-02,2016-05-08,2016-05-09,2016-05-11,2016-05-11,1,0,,0.007668711656,0.007668711656,0.2244897959,0,not_applicable_training_only_probability
temperature_transition,S0,2016,2016-05-09,2016-05-03,2016-05-09,2016-05-10,2016-05-12,2016-05-12,1,0,,0.007668711656,0.007668711656,0.2244897959,0,not_applicable_training_only_probability
temperature_transition,S0,2016,2016-05-10,2016-05-04,2016-05-10,2016-05-11,2016-05-13,2016-05-13,1,0,,0.007668711656,0.007668711656,0.2244897959,0,not_applicable_training_only_probability
temperature_transition,S0,2016,2016-05-11,2016-05-05,2016-05-11,2016-05-12,2016-05-14,2016-05-14,1,0,,0.007668711656,0.007668711656,0.2244897959,0,not_applicable_training_only_probability
temperature_transition,S0,2016,2016-05-12,2016-05-06,2016-05-12,2016-05-13,2016-05-15,2016-05-15,1,0,,0.007668711656,0.007668711656,0.2244897959,0,not_applicable_training_only_probability
temperature_transition,S0,2016,2016-05-13,2016-05-07,2016-05-13,2016-05-14,2016-05-16,2016-05-16,1,0,,0.007668711656,0.007668711656,0.2244897959,0,not_applicable_training_only_probability
temperature_transition,S0,2016,2016-05-14,2016-05-08,2016-05-14,2016-05-15,2016-05-17,2016-05-17,1,0,,0.007668711656,0.007668711656,0.2244897959,0,not_applicable_training_only_probability
temperature_transition,S0,2016,2016-05-15,2016-05-09,2016-05-15,2016-05-16,2016-05-18,2016-05-18,1,0,,0.007668711656,0.007668711656,0.2244897959,0,not_applicable_training_only_probability
temperature_transition,S0,2016,2016-05-16,2016-05-10,2016-05-16,2016-05-17,2016-05-19,2016-05-19,1,0,,0.007668711656,0.007668711656,0.2244897959,0,not_applicable_training_only_probability
temperature_transition,S0,2016,2016-05-17,2016-05-11,2016-05-17,2016-05-18,2016-05-20,2016-05-20,1,0,,0.007668711656,0.007668711656,0.2244897959,0,not_applicable_training_only_probability
temperature_transition,S0,2016,2016-05-18,2016-05-12,2016-05-18,2016-05-19,2016-05-21,2016-05-21,1,0,,0.007668711656,0.007668711656,0.2244897959,0,not_applicable_training_only_probability
temperature_transition,S0,2016,2016-05-19,2016-05-13,2016-05-19,2016-05-20,2016-05-22,2016-05-22,1,0,,0.007668711656,0.007668711656,0.2244897959,0,not_applicable_training_only_probability
temperature_transition,S0,2016,2016-05-20,2016-05-14,2016-05-20,2016-05-21,2016-05-23,2016-05-23,1,0,,0.007668711656,0.007668711656,0.2244897959,0,not_applicable_training_only_probability
temperature_transition,S0,2016,2016-05-21,2016-05-15,2016-05-21,2016-05-22,2016-05-24,2016-05-24,1,0,,0.007668711656,0.007668711656,0.2244897959,0,not_applicable_training_only_probability
temperature_transition,S0,2016,2016-05-22,2016-05-16,2016-05-22,2016-05-23,2016-05-25,2016-05-25,1,0,,0.007668711656,0.007668711656,0.2244897959,0,not_applicable_training_only_probability
temperature_transition,S0,2016,2016-05-23,2016-05-17,2016-05-23,2016-05-24,2016-05-26,2016-05-26,1,0,,0.007668711656,0.007668711656,0.2244897959,0,not_applicable_training_only_probability
temperature_transition,S0,2016,2016-05-24,2016-05-18,2016-05-24,2016-05-25,2016-05-27,2016-05-27,1,0,,0.007668711656,0.007668711656,0.2244897959,0,not_applicable_training_only_probability
temperature_transition,S0,2016,2016-05-25,2016-05-19,2016-05-25,2016-05-26,2016-05-28,2016-05-28,1,0,,0.007668711656,0.007668711656,0.2244897959,0,not_applicable_training_only_probability
temperature_transition,S0,2016,2016-05-26,2016-05-20,2016-05-26,2016-05-27,2016-05-29,2016-05-29,1,0,,0.007668711656,0.007668711656,0.2244897959,0,not_applicable_training_only_probability
temperature_transition,S0,2016,2016-05-27,2016-05-21,2016-05-27,2016-05-28,2016-05-30,2016-05-30,1,0,,0.007668711656,0.007668711656,0.2244897959,0,not_applicable_training_only_probability
temperature_transition,S0,2016,2016-05-28,2016-05-22,2016-05-28,2016-05-29,2016-05-31,2016-05-31,1,0,,0.007668711656,0.007668711656,0.2244897959,0,not_applicable_training_only_probability
temperature_transition,S0,2016,2016-05-29,2016-05-23,2016-05-29,2016-05-30,2016-06-01,2016-06-01,1,0,,0.007668711656,0.007668711656,0.2244897959,0,not_applicable_training_only_probability
temperature_transition,S0,2016,2016-05-30,2016-05-24,2016-05-30,2016-05-31,2016-06-02,2016-06-02,1,0,,0.007668711656,0.007668711656,0.2244897959,0,not_applicable_training_only_probability
temperature_transition,S0,2016,2016-05-31,2016-05-25,2016-05-31,2016-06-01,2016-06-03,2016-06-03,1,0,,0.0008163265306,0.0008163265306,0.2244897959,0,not_applicable_training_only_probability
temperature_transition,S0,2016,2016-06-01,2016-05-26,2016-06-01,2016-06-02,2016-06-04,2016-06-04,1,0,,0.0008163265306,0.0008163265306,0.2244897959,0,not_applicable_training_only_probability
temperature_transition,S0,2016,2016-06-02,2016-05-27,2016-06-02,2016-06-03,2016-06-05,2016-06-05,1,0,,0.0008163265306,0.0008163265306,0.2244897959,0,not_applicable_training_only_probability
temperature_transition,S0,2016,2016-06-03,2016-05-28,2016-06-03,2016-06-04,2016-06-06,2016-06-06,1,0,,0.0008163265306,0.0008163265306,0.2244897959,0,not_applicable_training_only_probability
temperature_transition,S0,2016,2016-06-04,2016-05-29,2016-06-04,2016-06-05,2016-06-07,2016-06-07,1,0,,0.0008163265306,0.0008163265306,0.2244897959,0,not_applicable_training_only_probability
temperature_transition,S0,2016,2016-06-05,2016-05-30,2016-06-05,2016-06-06,2016-06-08,2016-06-08,1,0,,0.0008163265306,0.0008163265306,0.2244897959,0,not_applicable_training_only_probability
temperature_transition,S0,2016,2016-06-06,2016-05-31,2016-06-06,2016-06-07,2016-06-09,2016-06-09,1,0,,0.0008163265306,0.0008163265306,0.2244897959,0,not_applicable_training_only_probability
temperature_transition,S0,2016,2016-06-07,2016-06-01,2016-06-07,2016-06-08,2016-06-10,2016-06-10,1,0,,0.0008163265306,0.0008163265306,0.2244897959,0,not_applicable_training_only_probability
temperature_transition,S0,2016,2016-06-08,2016-06-02,2016-06-08,2016-06-09,2016-06-11,2016-06-11,1,0,,0.0008163265306,0.0008163265306,0.2244897959,0,not_applicable_training_only_probability
temperature_transition,S0,2016,2016-06-09,2016-06-03,2016-06-09,2016-06-10,2016-06-12,2016-06-12,1,0,,0.0008163265306,0.0008163265306,0.2244897959,0,not_applicable_training_only_probability
temperature_transition,S0,2016,2016-06-10,2016-06-04,2016-06-10,2016-06-11,2016-06-13,2016-06-13,1,0,,0.0008163265306,0.0008163265306,0.2244897959,0,not_applicable_training_only_probability
temperature_transition,S0,2016,2016-06-11,2016-06-05,2016-06-11,2016-06-12,2016-06-14,2016-06-14,1,0,,0.0008163265306,0.0008163265306,0.2244897959,0,not_applicable_training_only_probability
temperature_transition,S0,2016,2016-06-12,2016-06-06,2016-06-12,2016-06-13,2016-06-15,2016-06-15,1,0,,0.0008163265306,0.0008163265306,0.2244897959,0,not_applicable_training_only_probability
temperature_transition,S0,2016,2016-06-13,2016-06-07,2016-06-13,2016-06-14,2016-06-16,2016-06-16,1,0,,0.0008163265306,0.0008163265306,0.2244897959,0,not_applicable_training_only_probability
temperature_transition,S0,2016,2016-06-14,2016-06-08,2016-06-14,2016-06-15,2016-06-17,2016-06-17,1,0,,0.0008163265306,0.0008163265306,0.2244897959,0,not_applicable_training_only_probability
temperature_transition,S0,2016,2016-06-15,2016-06-09,2016-06-15,2016-06-16,2016-06-18,2016-06-18,1,0,,0.0008163265306,0.0008163265306,0.2244897959,0,not_applicable_training_only_probability
temperature_transition,S0,2016,2016-06-16,2016-06-10,2016-06-16,2016-06-17,2016-06-19,2016-06-19,1,0,,0.0008163265306,0.0008163265306,0.2244897959,0,not_applicable_training_only_probability
temperature_transition,S0,2016,2016-06-17,2016-06-11,2016-06-17,2016-06-18,2016-06-20,2016-06-20,1,0,,0.0008163265306,0.0008163265306,0.2244897959,0,not_applicable_training_only_probability
temperature_transition,S0,2016,2016-06-18,2016-06-12,2016-06-18,2016-06-19,2016-06-21,2016-06-21,1,0,,0.0008163265306,0.0008163265306,0.2244897959,0,not_applicable_training_only_probability
temperature_transition,S0,2016,2016-06-19,2016-06-13,2016-06-19,2016-06-20,2016-06-22,2016-06-22,1,0,,0.0008163265306,0.0008163265306,0.2244897959,0,not_applicable_training_only_probability
temperature_transition,S0,2016,2016-06-20,2016-06-14,2016-06-20,2016-06-21,2016-06-23,2016-06-23,1,0,,0.0008163265306,0.0008163265306,0.2244897959,0,not_applicable_training_only_probability
temperature_transition,S0,2016,2016-06-21,2016-06-15,2016-06-21,2016-06-22,2016-06-24,2016-06-24,1,0,,0.0008163265306,0.0008163265306,0.2244897959,0,not_applicable_training_only_probability
temperature_transition,S0,2016,2016-06-22,2016-06-16,2016-06-22,2016-06-23,2016-06-25,2016-06-25,1,0,,0.0008163265306,0.0008163265306,0.2244897959,0,not_applicable_training_only_probability
temperature_transition,S0,2016,2016-06-23,2016-06-17,2016-06-23,2016-06-24,2016-06-26,2016-06-26,1,0,,0.0008163265306,0.0008163265306,0.2244897959,0,not_applicable_training_only_probability
temperature_transition,S0,2016,2016-06-24,2016-06-18,2016-06-24,2016-06-25,2016-06-27,2016-06-27,1,0,,0.0008163265306,0.0008163265306,0.2244897959,0,not_applicable_training_only_probability
temperature_transition,S0,2016,2016-06-25,2016-06-19,2016-06-25,2016-06-26,2016-06-28,2016-06-28,1,0,,0.0008163265306,0.0008163265306,0.2244897959,0,not_applicable_training_only_probability
temperature_transition,S0,2016,2016-06-26,2016-06-20,2016-06-26,2016-06-27,2016-06-29,2016-06-29,1,0,,0.0008163265306,0.0008163265306,0.2244897959,0,not_applicable_training_only_probability
temperature_transition,S0,2016,2016-06-27,2016-06-21,2016-06-27,2016-06-28,2016-06-30,2016-06-30,1,0,,0.0008163265306,0.0008163265306,0.2244897959,0,not_applicable_training_only_probability
temperature_transition,S0,2017,2017-02-28,2017-02-22,2017-02-28,2017-03-01,2017-03-03,2017-03-03,1,0,,0.005882352941,0.005882352941,0.01960784314,0,not_applicable_training_only_probability
temperature_transition,S0,2017,2017-03-01,2017-02-23,2017-03-01,2017-03-02,2017-03-04,2017-03-04,1,0,,0.005882352941,0.005882352941,0.01960784314,0,not_applicable_training_only_probability
temperature_transition,S0,2017,2017-03-02,2017-02-24,2017-03-02,2017-03-03,2017-03-05,2017-03-05,1,0,,0.005882352941,0.005882352941,0.01960784314,0,not_applicable_training_only_probability
temperature_transition,S0,2017,2017-03-03,2017-02-25,2017-03-03,2017-03-04,2017-03-06,2017-03-06,1,0,,0.005882352941,0.005882352941,0.01960784314,0,not_applicable_training_only_probability
temperature_transition,S0,2017,2017-03-04,2017-02-26,2017-03-04,2017-03-05,2017-03-07,2017-03-07,1,0,,0.005882352941,0.005882352941,0.01960784314,0,not_applicable_training_only_probability
temperature_transition,S0,2017,2017-03-05,2017-02-27,2017-03-05,2017-03-06,2017-03-08,2017-03-08,1,0,,0.005882352941,0.005882352941,0.01960784314,0,not_applicable_training_only_probability
temperature_transition,S0,2017,2017-03-06,2017-02-28,2017-03-06,2017-03-07,2017-03-09,2017-03-09,1,0,,0.005882352941,0.005882352941,0.01960784314,0,not_applicable_training_only_probability
temperature_transition,S0,2017,2017-03-07,2017-03-01,2017-03-07,2017-03-08,2017-03-10,2017-03-10,1,0,,0.005882352941,0.005882352941,0.01960784314,0,not_applicable_training_only_probability
temperature_transition,S0,2017,2017-03-08,2017-03-02,2017-03-08,2017-03-09,2017-03-11,2017-03-11,1,0,,0.005882352941,0.005882352941,0.01960784314,0,not_applicable_training_only_probability
temperature_transition,S0,2017,2017-03-09,2017-03-03,2017-03-09,2017-03-10,2017-03-12,2017-03-12,1,0,,0.005882352941,0.005882352941,0.01960784314,0,not_applicable_training_only_probability
temperature_transition,S0,2017,2017-03-10,2017-03-04,2017-03-10,2017-03-11,2017-03-13,2017-03-13,1,0,,0.005882352941,0.005882352941,0.01960784314,0,not_applicable_training_only_probability
temperature_transition,S0,2017,2017-03-11,2017-03-05,2017-03-11,2017-03-12,2017-03-14,2017-03-14,1,0,,0.005882352941,0.005882352941,0.01960784314,0,not_applicable_training_only_probability
temperature_transition,S0,2017,2017-03-12,2017-03-06,2017-03-12,2017-03-13,2017-03-15,2017-03-15,1,0,,0.005882352941,0.005882352941,0.01960784314,0,not_applicable_training_only_probability
temperature_transition,S0,2017,2017-03-13,2017-03-07,2017-03-13,2017-03-14,2017-03-16,2017-03-16,1,0,,0.005882352941,0.005882352941,0.01960784314,0,not_applicable_training_only_probability
temperature_transition,S0,2017,2017-03-14,2017-03-08,2017-03-14,2017-03-15,2017-03-17,2017-03-17,1,0,,0.005882352941,0.005882352941,0.01960784314,0,not_applicable_training_only_probability
temperature_transition,S0,2017,2017-03-15,2017-03-09,2017-03-15,2017-03-16,2017-03-18,2017-03-18,1,0,,0.005882352941,0.005882352941,0.01960784314,0,not_applicable_training_only_probability
temperature_transition,S0,2017,2017-03-16,2017-03-10,2017-03-16,2017-03-17,2017-03-19,2017-03-19,1,0,,0.005882352941,0.005882352941,0.01960784314,0,not_applicable_training_only_probability
temperature_transition,S0,2017,2017-03-17,2017-03-11,2017-03-17,2017-03-18,2017-03-20,2017-03-20,1,0,,0.005882352941,0.005882352941,0.01960784314,0,not_applicable_training_only_probability
temperature_transition,S0,2017,2017-03-18,2017-03-12,2017-03-18,2017-03-19,2017-03-21,2017-03-21,1,0,,0.005882352941,0.005882352941,0.01960784314,0,not_applicable_training_only_probability
temperature_transition,S0,2017,2017-03-19,2017-03-13,2017-03-19,2017-03-20,2017-03-22,2017-03-22,1,0,,0.005882352941,0.005882352941,0.01960784314,0,not_applicable_training_only_probability
temperature_transition,S0,2017,2017-03-20,2017-03-14,2017-03-20,2017-03-21,2017-03-23,2017-03-23,1,0,,0.005882352941,0.005882352941,0.01960784314,0,not_applicable_training_only_probability
temperature_transition,S0,2017,2017-03-21,2017-03-15,2017-03-21,2017-03-22,2017-03-24,2017-03-24,1,0,,0.005882352941,0.005882352941,0.01960784314,0,not_applicable_training_only_probability
temperature_transition,S0,2017,2017-03-22,2017-03-16,2017-03-22,2017-03-23,2017-03-25,2017-03-25,1,0,,0.005882352941,0.005882352941,0.01960784314,0,not_applicable_training_only_probability
temperature_transition,S0,2017,2017-03-23,2017-03-17,2017-03-23,2017-03-24,2017-03-26,2017-03-26,1,0,,0.005882352941,0.005882352941,0.01960784314,0,not_applicable_training_only_probability
temperature_transition,S0,2017,2017-03-24,2017-03-18,2017-03-24,2017-03-25,2017-03-27,2017-03-27,1,0,,0.005882352941,0.005882352941,0.01960784314,0,not_applicable_training_only_probability
temperature_transition,S0,2017,2017-03-25,2017-03-19,2017-03-25,2017-03-26,2017-03-28,2017-03-28,1,0,,0.005882352941,0.005882352941,0.01960784314,0,not_applicable_training_only_probability
temperature_transition,S0,2017,2017-03-26,2017-03-20,2017-03-26,2017-03-27,2017-03-29,2017-03-29,1,0,,0.005882352941,0.005882352941,0.01960784314,0,not_applicable_training_only_probability
temperature_transition,S0,2017,2017-03-27,2017-03-21,2017-03-27,2017-03-28,2017-03-30,2017-03-30,1,0,,0.005882352941,0.005882352941,0.01960784314,0,not_applicable_training_only_probability
temperature_transition,S0,2017,2017-03-28,2017-03-22,2017-03-28,2017-03-29,2017-03-31,2017-03-31,1,0,,0.005882352941,0.005882352941,0.01960784314,0,not_applicable_training_only_probability
temperature_transition,S0,2017,2017-03-29,2017-03-23,2017-03-29,2017-03-30,2017-04-01,2017-04-01,1,0,,0.005882352941,0.005882352941,0.01960784314,0,not_applicable_training_only_probability
temperature_transition,S0,2017,2017-03-30,2017-03-24,2017-03-30,2017-03-31,2017-04-02,2017-04-02,1,0,,0.005882352941,0.005882352941,0.01960784314,0,not_applicable_training_only_probability
temperature_transition,S0,2017,2017-03-31,2017-03-25,2017-03-31,2017-04-01,2017-04-03,2017-04-03,1,0,,0.02046035806,0.02046035806,0.01960784314,1,not_applicable_training_only_probability
temperature_transition,S0,2017,2017-04-01,2017-03-26,2017-04-01,2017-04-02,2017-04-04,2017-04-04,1,0,,0.02046035806,0.02046035806,0.01960784314,1,not_applicable_training_only_probability
temperature_transition,S0,2017,2017-04-02,2017-03-27,2017-04-02,2017-04-03,2017-04-05,2017-04-05,1,0,,0.02046035806,0.02046035806,0.01960784314,1,not_applicable_training_only_probability
temperature_transition,S0,2017,2017-04-03,2017-03-28,2017-04-03,2017-04-04,2017-04-06,2017-04-06,1,0,,0.02046035806,0.02046035806,0.01960784314,1,not_applicable_training_only_probability
temperature_transition,S0,2017,2017-04-04,2017-03-29,2017-04-04,2017-04-05,2017-04-07,2017-04-07,1,0,,0.02046035806,0.02046035806,0.01960784314,1,not_applicable_training_only_probability
temperature_transition,S0,2017,2017-04-05,2017-03-30,2017-04-05,2017-04-06,2017-04-08,2017-04-08,1,0,,0.02046035806,0.02046035806,0.01960784314,1,not_applicable_training_only_probability
temperature_transition,S0,2017,2017-04-06,2017-03-31,2017-04-06,2017-04-07,2017-04-09,2017-04-09,1,0,,0.02046035806,0.02046035806,0.01960784314,1,not_applicable_training_only_probability
temperature_transition,S0,2017,2017-04-07,2017-04-01,2017-04-07,2017-04-08,2017-04-10,2017-04-10,1,0,,0.02046035806,0.02046035806,0.01960784314,1,not_applicable_training_only_probability
temperature_transition,S0,2017,2017-04-08,2017-04-02,2017-04-08,2017-04-09,2017-04-11,2017-04-11,1,0,,0.02046035806,0.02046035806,0.01960784314,1,not_applicable_training_only_probability
temperature_transition,S0,2017,2017-04-09,2017-04-03,2017-04-09,2017-04-10,2017-04-12,2017-04-12,1,0,,0.02046035806,0.02046035806,0.01960784314,1,not_applicable_training_only_probability
temperature_transition,S0,2017,2017-04-10,2017-04-04,2017-04-10,2017-04-11,2017-04-13,2017-04-13,1,0,,0.02046035806,0.02046035806,0.01960784314,1,not_applicable_training_only_probability
temperature_transition,S0,2017,2017-04-11,2017-04-05,2017-04-11,2017-04-12,2017-04-14,2017-04-14,1,0,,0.02046035806,0.02046035806,0.01960784314,1,not_applicable_training_only_probability
temperature_transition,S0,2017,2017-04-12,2017-04-06,2017-04-12,2017-04-13,2017-04-15,2017-04-15,1,0,,0.02046035806,0.02046035806,0.01960784314,1,not_applicable_training_only_probability
temperature_transition,S0,2017,2017-04-13,2017-04-07,2017-04-13,2017-04-14,2017-04-16,2017-04-16,1,0,,0.02046035806,0.02046035806,0.01960784314,1,not_applicable_training_only_probability
temperature_transition,S0,2017,2017-04-14,2017-04-08,2017-04-14,2017-04-15,2017-04-17,2017-04-17,1,0,,0.02046035806,0.02046035806,0.01960784314,1,not_applicable_training_only_probability
temperature_transition,S0,2017,2017-04-15,2017-04-09,2017-04-15,2017-04-16,2017-04-18,2017-04-18,1,0,,0.02046035806,0.02046035806,0.01960784314,1,not_applicable_training_only_probability
temperature_transition,S0,2017,2017-04-16,2017-04-10,2017-04-16,2017-04-17,2017-04-19,2017-04-19,1,0,,0.02046035806,0.02046035806,0.01960784314,1,not_applicable_training_only_probability
temperature_transition,S0,2017,2017-04-17,2017-04-11,2017-04-17,2017-04-18,2017-04-20,2017-04-20,1,0,,0.02046035806,0.02046035806,0.01960784314,1,not_applicable_training_only_probability
temperature_transition,S0,2017,2017-04-18,2017-04-12,2017-04-18,2017-04-19,2017-04-21,2017-04-21,1,0,,0.02046035806,0.02046035806,0.01960784314,1,not_applicable_training_only_probability
temperature_transition,S0,2017,2017-04-19,2017-04-13,2017-04-19,2017-04-20,2017-04-22,2017-04-22,1,0,,0.02046035806,0.02046035806,0.01960784314,1,not_applicable_training_only_probability
temperature_transition,S0,2017,2017-04-20,2017-04-14,2017-04-20,2017-04-21,2017-04-23,2017-04-23,1,0,,0.02046035806,0.02046035806,0.01960784314,1,not_applicable_training_only_probability
temperature_transition,S0,2017,2017-04-21,2017-04-15,2017-04-21,2017-04-22,2017-04-24,2017-04-24,1,0,,0.02046035806,0.02046035806,0.01960784314,1,not_applicable_training_only_probability
temperature_transition,S0,2017,2017-04-22,2017-04-16,2017-04-22,2017-04-23,2017-04-25,2017-04-25,1,0,,0.02046035806,0.02046035806,0.01960784314,1,not_applicable_training_only_probability
temperature_transition,S0,2017,2017-04-23,2017-04-17,2017-04-23,2017-04-24,2017-04-26,2017-04-26,1,0,,0.02046035806,0.02046035806,0.01960784314,1,not_applicable_training_only_probability
temperature_transition,S0,2017,2017-04-24,2017-04-18,2017-04-24,2017-04-25,2017-04-27,2017-04-27,1,0,,0.02046035806,0.02046035806,0.01960784314,1,not_applicable_training_only_probability
temperature_transition,S0,2017,2017-04-25,2017-04-19,2017-04-25,2017-04-26,2017-04-28,2017-04-28,1,0,,0.02046035806,0.02046035806,0.01960784314,1,not_applicable_training_only_probability
temperature_transition,S0,2017,2017-04-26,2017-04-20,2017-04-26,2017-04-27,2017-04-29,2017-04-29,1,0,,0.02046035806,0.02046035806,0.01960784314,1,not_applicable_training_only_probability
temperature_transition,S0,2017,2017-04-27,2017-04-21,2017-04-27,2017-04-28,2017-04-30,2017-04-30,1,0,,0.02046035806,0.02046035806,0.01960784314,1,not_applicable_training_only_probability
temperature_transition,S0,2017,2017-04-28,2017-04-22,2017-04-28,2017-04-29,2017-05-01,2017-05-01,1,0,,0.02046035806,0.02046035806,0.01960784314,1,not_applicable_training_only_probability
temperature_transition,S0,2017,2017-04-29,2017-04-23,2017-04-29,2017-04-30,2017-05-02,2017-05-02,1,0,,0.02046035806,0.02046035806,0.01960784314,1,not_applicable_training_only_probability
temperature_transition,S0,2017,2017-04-30,2017-04-24,2017-04-30,2017-05-01,2017-05-03,2017-05-03,1,0,,0.007501875469,0.007501875469,0.01960784314,0,not_applicable_training_only_probability
temperature_transition,S0,2017,2017-05-01,2017-04-25,2017-05-01,2017-05-02,2017-05-04,2017-05-04,1,0,,0.007501875469,0.007501875469,0.01960784314,0,not_applicable_training_only_probability
temperature_transition,S0,2017,2017-05-02,2017-04-26,2017-05-02,2017-05-03,2017-05-05,2017-05-05,1,0,,0.007501875469,0.007501875469,0.01960784314,0,not_applicable_training_only_probability
temperature_transition,S0,2017,2017-05-03,2017-04-27,2017-05-03,2017-05-04,2017-05-06,2017-05-06,1,0,,0.007501875469,0.007501875469,0.01960784314,0,not_applicable_training_only_probability
temperature_transition,S0,2017,2017-05-04,2017-04-28,2017-05-04,2017-05-05,2017-05-07,2017-05-07,1,0,,0.007501875469,0.007501875469,0.01960784314,0,not_applicable_training_only_probability
temperature_transition,S0,2017,2017-05-05,2017-04-29,2017-05-05,2017-05-06,2017-05-08,2017-05-08,1,0,,0.007501875469,0.007501875469,0.01960784314,0,not_applicable_training_only_probability
temperature_transition,S0,2017,2017-05-06,2017-04-30,2017-05-06,2017-05-07,2017-05-09,2017-05-09,1,0,,0.007501875469,0.007501875469,0.01960784314,0,not_applicable_training_only_probability
temperature_transition,S0,2017,2017-05-07,2017-05-01,2017-05-07,2017-05-08,2017-05-10,2017-05-10,1,0,,0.007501875469,0.007501875469,0.01960784314,0,not_applicable_training_only_probability
temperature_transition,S0,2017,2017-05-08,2017-05-02,2017-05-08,2017-05-09,2017-05-11,2017-05-11,1,0,,0.007501875469,0.007501875469,0.01960784314,0,not_applicable_training_only_probability
temperature_transition,S0,2017,2017-05-09,2017-05-03,2017-05-09,2017-05-10,2017-05-12,2017-05-12,1,0,,0.007501875469,0.007501875469,0.01960784314,0,not_applicable_training_only_probability
temperature_transition,S0,2017,2017-05-10,2017-05-04,2017-05-10,2017-05-11,2017-05-13,2017-05-13,1,0,,0.007501875469,0.007501875469,0.01960784314,0,not_applicable_training_only_probability
temperature_transition,S0,2017,2017-05-11,2017-05-05,2017-05-11,2017-05-12,2017-05-14,2017-05-14,1,0,,0.007501875469,0.007501875469,0.01960784314,0,not_applicable_training_only_probability
temperature_transition,S0,2017,2017-05-12,2017-05-06,2017-05-12,2017-05-13,2017-05-15,2017-05-15,1,0,,0.007501875469,0.007501875469,0.01960784314,0,not_applicable_training_only_probability
temperature_transition,S0,2017,2017-05-13,2017-05-07,2017-05-13,2017-05-14,2017-05-16,2017-05-16,1,0,,0.007501875469,0.007501875469,0.01960784314,0,not_applicable_training_only_probability
temperature_transition,S0,2017,2017-05-14,2017-05-08,2017-05-14,2017-05-15,2017-05-17,2017-05-17,1,0,,0.007501875469,0.007501875469,0.01960784314,0,not_applicable_training_only_probability
temperature_transition,S0,2017,2017-05-15,2017-05-09,2017-05-15,2017-05-16,2017-05-18,2017-05-18,1,0,,0.007501875469,0.007501875469,0.01960784314,0,not_applicable_training_only_probability
temperature_transition,S0,2017,2017-05-16,2017-05-10,2017-05-16,2017-05-17,2017-05-19,2017-05-19,1,0,,0.007501875469,0.007501875469,0.01960784314,0,not_applicable_training_only_probability
temperature_transition,S0,2017,2017-05-17,2017-05-11,2017-05-17,2017-05-18,2017-05-20,2017-05-20,1,0,,0.007501875469,0.007501875469,0.01960784314,0,not_applicable_training_only_probability
temperature_transition,S0,2017,2017-05-18,2017-05-12,2017-05-18,2017-05-19,2017-05-21,2017-05-21,1,0,,0.007501875469,0.007501875469,0.01960784314,0,not_applicable_training_only_probability
temperature_transition,S0,2017,2017-05-19,2017-05-13,2017-05-19,2017-05-20,2017-05-22,2017-05-22,1,0,,0.007501875469,0.007501875469,0.01960784314,0,not_applicable_training_only_probability
temperature_transition,S0,2017,2017-05-20,2017-05-14,2017-05-20,2017-05-21,2017-05-23,2017-05-23,1,0,,0.007501875469,0.007501875469,0.01960784314,0,not_applicable_training_only_probability
temperature_transition,S0,2017,2017-05-21,2017-05-15,2017-05-21,2017-05-22,2017-05-24,2017-05-24,1,0,,0.007501875469,0.007501875469,0.01960784314,0,not_applicable_training_only_probability
temperature_transition,S0,2017,2017-05-22,2017-05-16,2017-05-22,2017-05-23,2017-05-25,2017-05-25,1,0,,0.007501875469,0.007501875469,0.01960784314,0,not_applicable_training_only_probability
temperature_transition,S0,2017,2017-05-23,2017-05-17,2017-05-23,2017-05-24,2017-05-26,2017-05-26,1,0,,0.007501875469,0.007501875469,0.01960784314,0,not_applicable_training_only_probability
temperature_transition,S0,2017,2017-05-24,2017-05-18,2017-05-24,2017-05-25,2017-05-27,2017-05-27,1,0,,0.007501875469,0.007501875469,0.01960784314,0,not_applicable_training_only_probability
temperature_transition,S0,2017,2017-05-25,2017-05-19,2017-05-25,2017-05-26,2017-05-28,2017-05-28,1,0,,0.007501875469,0.007501875469,0.01960784314,0,not_applicable_training_only_probability
temperature_transition,S0,2017,2017-05-26,2017-05-20,2017-05-26,2017-05-27,2017-05-29,2017-05-29,1,0,,0.007501875469,0.007501875469,0.01960784314,0,not_applicable_training_only_probability
temperature_transition,S0,2017,2017-05-27,2017-05-21,2017-05-27,2017-05-28,2017-05-30,2017-05-30,1,0,,0.007501875469,0.007501875469,0.01960784314,0,not_applicable_training_only_probability
temperature_transition,S0,2017,2017-05-28,2017-05-22,2017-05-28,2017-05-29,2017-05-31,2017-05-31,1,0,,0.007501875469,0.007501875469,0.01960784314,0,not_applicable_training_only_probability
temperature_transition,S0,2017,2017-05-29,2017-05-23,2017-05-29,2017-05-30,2017-06-01,2017-06-01,1,0,,0.007501875469,0.007501875469,0.01960784314,0,not_applicable_training_only_probability
temperature_transition,S0,2017,2017-05-30,2017-05-24,2017-05-30,2017-05-31,2017-06-02,2017-06-02,1,0,,0.007501875469,0.007501875469,0.01960784314,0,not_applicable_training_only_probability
temperature_transition,S0,2017,2017-05-31,2017-05-25,2017-05-31,2017-06-01,2017-06-03,2017-06-03,1,0,,0.000798084597,0.000798084597,0.01960784314,0,not_applicable_training_only_probability
temperature_transition,S0,2017,2017-06-01,2017-05-26,2017-06-01,2017-06-02,2017-06-04,2017-06-04,1,0,,0.000798084597,0.000798084597,0.01960784314,0,not_applicable_training_only_probability
temperature_transition,S0,2017,2017-06-02,2017-05-27,2017-06-02,2017-06-03,2017-06-05,2017-06-05,1,0,,0.000798084597,0.000798084597,0.01960784314,0,not_applicable_training_only_probability
temperature_transition,S0,2017,2017-06-03,2017-05-28,2017-06-03,2017-06-04,2017-06-06,2017-06-06,1,0,,0.000798084597,0.000798084597,0.01960784314,0,not_applicable_training_only_probability
temperature_transition,S0,2017,2017-06-04,2017-05-29,2017-06-04,2017-06-05,2017-06-07,2017-06-07,1,0,,0.000798084597,0.000798084597,0.01960784314,0,not_applicable_training_only_probability
temperature_transition,S0,2017,2017-06-05,2017-05-30,2017-06-05,2017-06-06,2017-06-08,2017-06-08,1,0,,0.000798084597,0.000798084597,0.01960784314,0,not_applicable_training_only_probability
temperature_transition,S0,2017,2017-06-06,2017-05-31,2017-06-06,2017-06-07,2017-06-09,2017-06-09,1,0,,0.000798084597,0.000798084597,0.01960784314,0,not_applicable_training_only_probability
temperature_transition,S0,2017,2017-06-07,2017-06-01,2017-06-07,2017-06-08,2017-06-10,2017-06-10,1,0,,0.000798084597,0.000798084597,0.01960784314,0,not_applicable_training_only_probability
temperature_transition,S0,2017,2017-06-08,2017-06-02,2017-06-08,2017-06-09,2017-06-11,2017-06-11,1,0,,0.000798084597,0.000798084597,0.01960784314,0,not_applicable_training_only_probability
temperature_transition,S0,2017,2017-06-09,2017-06-03,2017-06-09,2017-06-10,2017-06-12,2017-06-12,1,0,,0.000798084597,0.000798084597,0.01960784314,0,not_applicable_training_only_probability
temperature_transition,S0,2017,2017-06-10,2017-06-04,2017-06-10,2017-06-11,2017-06-13,2017-06-13,1,0,,0.000798084597,0.000798084597,0.01960784314,0,not_applicable_training_only_probability
temperature_transition,S0,2017,2017-06-11,2017-06-05,2017-06-11,2017-06-12,2017-06-14,2017-06-14,1,0,,0.000798084597,0.000798084597,0.01960784314,0,not_applicable_training_only_probability
temperature_transition,S0,2017,2017-06-12,2017-06-06,2017-06-12,2017-06-13,2017-06-15,2017-06-15,1,0,,0.000798084597,0.000798084597,0.01960784314,0,not_applicable_training_only_probability
temperature_transition,S0,2017,2017-06-13,2017-06-07,2017-06-13,2017-06-14,2017-06-16,2017-06-16,1,0,,0.000798084597,0.000798084597,0.01960784314,0,not_applicable_training_only_probability
temperature_transition,S0,2017,2017-06-14,2017-06-08,2017-06-14,2017-06-15,2017-06-17,2017-06-17,1,0,,0.000798084597,0.000798084597,0.01960784314,0,not_applicable_training_only_probability
temperature_transition,S0,2017,2017-06-15,2017-06-09,2017-06-15,2017-06-16,2017-06-18,2017-06-18,1,0,,0.000798084597,0.000798084597,0.01960784314,0,not_applicable_training_only_probability
temperature_transition,S0,2017,2017-06-16,2017-06-10,2017-06-16,2017-06-17,2017-06-19,2017-06-19,1,0,,0.000798084597,0.000798084597,0.01960784314,0,not_applicable_training_only_probability
temperature_transition,S0,2017,2017-06-17,2017-06-11,2017-06-17,2017-06-18,2017-06-20,2017-06-20,1,0,,0.000798084597,0.000798084597,0.01960784314,0,not_applicable_training_only_probability
temperature_transition,S0,2017,2017-06-18,2017-06-12,2017-06-18,2017-06-19,2017-06-21,2017-06-21,1,0,,0.000798084597,0.000798084597,0.01960784314,0,not_applicable_training_only_probability
temperature_transition,S0,2017,2017-06-19,2017-06-13,2017-06-19,2017-06-20,2017-06-22,2017-06-22,1,0,,0.000798084597,0.000798084597,0.01960784314,0,not_applicable_training_only_probability
temperature_transition,S0,2017,2017-06-20,2017-06-14,2017-06-20,2017-06-21,2017-06-23,2017-06-23,1,0,,0.000798084597,0.000798084597,0.01960784314,0,not_applicable_training_only_probability
temperature_transition,S0,2017,2017-06-21,2017-06-15,2017-06-21,2017-06-22,2017-06-24,2017-06-24,1,0,,0.000798084597,0.000798084597,0.01960784314,0,not_applicable_training_only_probability
temperature_transition,S0,2017,2017-06-22,2017-06-16,2017-06-22,2017-06-23,2017-06-25,2017-06-25,1,0,,0.000798084597,0.000798084597,0.01960784314,0,not_applicable_training_only_probability
temperature_transition,S0,2017,2017-06-23,2017-06-17,2017-06-23,2017-06-24,2017-06-26,2017-06-26,1,0,,0.000798084597,0.000798084597,0.01960784314,0,not_applicable_training_only_probability
temperature_transition,S0,2017,2017-06-24,2017-06-18,2017-06-24,2017-06-25,2017-06-27,2017-06-27,1,0,,0.000798084597,0.000798084597,0.01960784314,0,not_applicable_training_only_probability
temperature_transition,S0,2017,2017-06-25,2017-06-19,2017-06-25,2017-06-26,2017-06-28,2017-06-28,1,0,,0.000798084597,0.000798084597,0.01960784314,0,not_applicable_training_only_probability
temperature_transition,S0,2017,2017-06-26,2017-06-20,2017-06-26,2017-06-27,2017-06-29,2017-06-29,1,0,,0.000798084597,0.000798084597,0.01960784314,0,not_applicable_training_only_probability
temperature_transition,S0,2017,2017-06-27,2017-06-21,2017-06-27,2017-06-28,2017-06-30,2017-06-30,1,0,,0.000798084597,0.000798084597,0.01960784314,0,not_applicable_training_only_probability
temperature_transition,S0,2018,2018-02-28,2018-02-22,2018-02-28,2018-03-01,2018-03-03,2018-03-03,1,0,,0.005751258088,0.005751258088,0.01914311759,0,not_applicable_training_only_probability
temperature_transition,S0,2018,2018-03-01,2018-02-23,2018-03-01,2018-03-02,2018-03-04,2018-03-04,1,0,,0.005751258088,0.005751258088,0.01914311759,0,not_applicable_training_only_probability
temperature_transition,S0,2018,2018-03-02,2018-02-24,2018-03-02,2018-03-03,2018-03-05,2018-03-05,1,0,,0.005751258088,0.005751258088,0.01914311759,0,not_applicable_training_only_probability
temperature_transition,S0,2018,2018-03-03,2018-02-25,2018-03-03,2018-03-04,2018-03-06,2018-03-06,1,0,,0.005751258088,0.005751258088,0.01914311759,0,not_applicable_training_only_probability
temperature_transition,S0,2018,2018-03-04,2018-02-26,2018-03-04,2018-03-05,2018-03-07,2018-03-07,1,0,,0.005751258088,0.005751258088,0.01914311759,0,not_applicable_training_only_probability
temperature_transition,S0,2018,2018-03-05,2018-02-27,2018-03-05,2018-03-06,2018-03-08,2018-03-08,1,0,,0.005751258088,0.005751258088,0.01914311759,0,not_applicable_training_only_probability
temperature_transition,S0,2018,2018-03-06,2018-02-28,2018-03-06,2018-03-07,2018-03-09,2018-03-09,1,0,,0.005751258088,0.005751258088,0.01914311759,0,not_applicable_training_only_probability
temperature_transition,S0,2018,2018-03-07,2018-03-01,2018-03-07,2018-03-08,2018-03-10,2018-03-10,1,0,,0.005751258088,0.005751258088,0.01914311759,0,not_applicable_training_only_probability
temperature_transition,S0,2018,2018-03-08,2018-03-02,2018-03-08,2018-03-09,2018-03-11,2018-03-11,1,0,,0.005751258088,0.005751258088,0.01914311759,0,not_applicable_training_only_probability
temperature_transition,S0,2018,2018-03-09,2018-03-03,2018-03-09,2018-03-10,2018-03-12,2018-03-12,1,0,,0.005751258088,0.005751258088,0.01914311759,0,not_applicable_training_only_probability
temperature_transition,S0,2018,2018-03-10,2018-03-04,2018-03-10,2018-03-11,2018-03-13,2018-03-13,1,0,,0.005751258088,0.005751258088,0.01914311759,0,not_applicable_training_only_probability
temperature_transition,S0,2018,2018-03-11,2018-03-05,2018-03-11,2018-03-12,2018-03-14,2018-03-14,1,0,,0.005751258088,0.005751258088,0.01914311759,0,not_applicable_training_only_probability
temperature_transition,S0,2018,2018-03-12,2018-03-06,2018-03-12,2018-03-13,2018-03-15,2018-03-15,1,0,,0.005751258088,0.005751258088,0.01914311759,0,not_applicable_training_only_probability
temperature_transition,S0,2018,2018-03-13,2018-03-07,2018-03-13,2018-03-14,2018-03-16,2018-03-16,1,0,,0.005751258088,0.005751258088,0.01914311759,0,not_applicable_training_only_probability
temperature_transition,S0,2018,2018-03-14,2018-03-08,2018-03-14,2018-03-15,2018-03-17,2018-03-17,1,0,,0.005751258088,0.005751258088,0.01914311759,0,not_applicable_training_only_probability
temperature_transition,S0,2018,2018-03-15,2018-03-09,2018-03-15,2018-03-16,2018-03-18,2018-03-18,1,0,,0.005751258088,0.005751258088,0.01914311759,0,not_applicable_training_only_probability
temperature_transition,S0,2018,2018-03-16,2018-03-10,2018-03-16,2018-03-17,2018-03-19,2018-03-19,1,0,,0.005751258088,0.005751258088,0.01914311759,0,not_applicable_training_only_probability
temperature_transition,S0,2018,2018-03-17,2018-03-11,2018-03-17,2018-03-18,2018-03-20,2018-03-20,1,0,,0.005751258088,0.005751258088,0.01914311759,0,not_applicable_training_only_probability
temperature_transition,S0,2018,2018-03-18,2018-03-12,2018-03-18,2018-03-19,2018-03-21,2018-03-21,1,0,,0.005751258088,0.005751258088,0.01914311759,0,not_applicable_training_only_probability
temperature_transition,S0,2018,2018-03-19,2018-03-13,2018-03-19,2018-03-20,2018-03-22,2018-03-22,1,0,,0.005751258088,0.005751258088,0.01914311759,0,not_applicable_training_only_probability
temperature_transition,S0,2018,2018-03-20,2018-03-14,2018-03-20,2018-03-21,2018-03-23,2018-03-23,1,0,,0.005751258088,0.005751258088,0.01914311759,0,not_applicable_training_only_probability
temperature_transition,S0,2018,2018-03-21,2018-03-15,2018-03-21,2018-03-22,2018-03-24,2018-03-24,1,0,,0.005751258088,0.005751258088,0.01914311759,0,not_applicable_training_only_probability
temperature_transition,S0,2018,2018-03-22,2018-03-16,2018-03-22,2018-03-23,2018-03-25,2018-03-25,1,0,,0.005751258088,0.005751258088,0.01914311759,0,not_applicable_training_only_probability
temperature_transition,S0,2018,2018-03-23,2018-03-17,2018-03-23,2018-03-24,2018-03-26,2018-03-26,1,0,,0.005751258088,0.005751258088,0.01914311759,0,not_applicable_training_only_probability
temperature_transition,S0,2018,2018-03-24,2018-03-18,2018-03-24,2018-03-25,2018-03-27,2018-03-27,1,0,,0.005751258088,0.005751258088,0.01914311759,0,not_applicable_training_only_probability
temperature_transition,S0,2018,2018-03-25,2018-03-19,2018-03-25,2018-03-26,2018-03-28,2018-03-28,1,0,,0.005751258088,0.005751258088,0.01914311759,0,not_applicable_training_only_probability
temperature_transition,S0,2018,2018-03-26,2018-03-20,2018-03-26,2018-03-27,2018-03-29,2018-03-29,1,0,,0.005751258088,0.005751258088,0.01914311759,0,not_applicable_training_only_probability
temperature_transition,S0,2018,2018-03-27,2018-03-21,2018-03-27,2018-03-28,2018-03-30,2018-03-30,1,0,,0.005751258088,0.005751258088,0.01914311759,0,not_applicable_training_only_probability
temperature_transition,S0,2018,2018-03-28,2018-03-22,2018-03-28,2018-03-29,2018-03-31,2018-03-31,1,0,,0.005751258088,0.005751258088,0.01914311759,0,not_applicable_training_only_probability
temperature_transition,S0,2018,2018-03-29,2018-03-23,2018-03-29,2018-03-30,2018-04-01,2018-04-01,1,0,,0.005751258088,0.005751258088,0.01914311759,0,not_applicable_training_only_probability
temperature_transition,S0,2018,2018-03-30,2018-03-24,2018-03-30,2018-03-31,2018-04-02,2018-04-02,1,0,,0.005751258088,0.005751258088,0.01914311759,0,not_applicable_training_only_probability
temperature_transition,S0,2018,2018-03-31,2018-03-25,2018-03-31,2018-04-01,2018-04-03,2018-04-03,1,0,,0.01995012469,0.01995012469,0.01914311759,1,not_applicable_training_only_probability
temperature_transition,S0,2018,2018-04-01,2018-03-26,2018-04-01,2018-04-02,2018-04-04,2018-04-04,1,0,,0.01995012469,0.01995012469,0.01914311759,1,not_applicable_training_only_probability
temperature_transition,S0,2018,2018-04-02,2018-03-27,2018-04-02,2018-04-03,2018-04-05,2018-04-05,1,0,,0.01995012469,0.01995012469,0.01914311759,1,not_applicable_training_only_probability
temperature_transition,S0,2018,2018-04-03,2018-03-28,2018-04-03,2018-04-04,2018-04-06,2018-04-06,1,0,,0.01995012469,0.01995012469,0.01914311759,1,not_applicable_training_only_probability
temperature_transition,S0,2018,2018-04-04,2018-03-29,2018-04-04,2018-04-05,2018-04-07,2018-04-07,1,0,,0.01995012469,0.01995012469,0.01914311759,1,not_applicable_training_only_probability
temperature_transition,S0,2018,2018-04-05,2018-03-30,2018-04-05,2018-04-06,2018-04-08,2018-04-08,1,0,,0.01995012469,0.01995012469,0.01914311759,1,not_applicable_training_only_probability
temperature_transition,S0,2018,2018-04-06,2018-03-31,2018-04-06,2018-04-07,2018-04-09,2018-04-09,1,0,,0.01995012469,0.01995012469,0.01914311759,1,not_applicable_training_only_probability
temperature_transition,S0,2018,2018-04-07,2018-04-01,2018-04-07,2018-04-08,2018-04-10,2018-04-10,1,0,,0.01995012469,0.01995012469,0.01914311759,1,not_applicable_training_only_probability
temperature_transition,S0,2018,2018-04-08,2018-04-02,2018-04-08,2018-04-09,2018-04-11,2018-04-11,1,0,,0.01995012469,0.01995012469,0.01914311759,1,not_applicable_training_only_probability
temperature_transition,S0,2018,2018-04-09,2018-04-03,2018-04-09,2018-04-10,2018-04-12,2018-04-12,1,0,,0.01995012469,0.01995012469,0.01914311759,1,not_applicable_training_only_probability
temperature_transition,S0,2018,2018-04-10,2018-04-04,2018-04-10,2018-04-11,2018-04-13,2018-04-13,1,0,,0.01995012469,0.01995012469,0.01914311759,1,not_applicable_training_only_probability
temperature_transition,S0,2018,2018-04-11,2018-04-05,2018-04-11,2018-04-12,2018-04-14,2018-04-14,1,0,,0.01995012469,0.01995012469,0.01914311759,1,not_applicable_training_only_probability
temperature_transition,S0,2018,2018-04-12,2018-04-06,2018-04-12,2018-04-13,2018-04-15,2018-04-15,1,0,,0.01995012469,0.01995012469,0.01914311759,1,not_applicable_training_only_probability
temperature_transition,S0,2018,2018-04-13,2018-04-07,2018-04-13,2018-04-14,2018-04-16,2018-04-16,1,0,,0.01995012469,0.01995012469,0.01914311759,1,not_applicable_training_only_probability
temperature_transition,S0,2018,2018-04-14,2018-04-08,2018-04-14,2018-04-15,2018-04-17,2018-04-17,1,0,,0.01995012469,0.01995012469,0.01914311759,1,not_applicable_training_only_probability
temperature_transition,S0,2018,2018-04-15,2018-04-09,2018-04-15,2018-04-16,2018-04-18,2018-04-18,1,0,,0.01995012469,0.01995012469,0.01914311759,1,not_applicable_training_only_probability
temperature_transition,S0,2018,2018-04-16,2018-04-10,2018-04-16,2018-04-17,2018-04-19,2018-04-19,1,0,,0.01995012469,0.01995012469,0.01914311759,1,not_applicable_training_only_probability
temperature_transition,S0,2018,2018-04-17,2018-04-11,2018-04-17,2018-04-18,2018-04-20,2018-04-20,1,0,,0.01995012469,0.01995012469,0.01914311759,1,not_applicable_training_only_probability
temperature_transition,S0,2018,2018-04-18,2018-04-12,2018-04-18,2018-04-19,2018-04-21,2018-04-21,1,0,,0.01995012469,0.01995012469,0.01914311759,1,not_applicable_training_only_probability
temperature_transition,S0,2018,2018-04-19,2018-04-13,2018-04-19,2018-04-20,2018-04-22,2018-04-22,1,0,,0.01995012469,0.01995012469,0.01914311759,1,not_applicable_training_only_probability
temperature_transition,S0,2018,2018-04-20,2018-04-14,2018-04-20,2018-04-21,2018-04-23,2018-04-23,1,0,,0.01995012469,0.01995012469,0.01914311759,1,not_applicable_training_only_probability
temperature_transition,S0,2018,2018-04-21,2018-04-15,2018-04-21,2018-04-22,2018-04-24,2018-04-24,1,0,,0.01995012469,0.01995012469,0.01914311759,1,not_applicable_training_only_probability
temperature_transition,S0,2018,2018-04-22,2018-04-16,2018-04-22,2018-04-23,2018-04-25,2018-04-25,1,0,,0.01995012469,0.01995012469,0.01914311759,1,not_applicable_training_only_probability
temperature_transition,S0,2018,2018-04-23,2018-04-17,2018-04-23,2018-04-24,2018-04-26,2018-04-26,1,0,,0.01995012469,0.01995012469,0.01914311759,1,not_applicable_training_only_probability
temperature_transition,S0,2018,2018-04-24,2018-04-18,2018-04-24,2018-04-25,2018-04-27,2018-04-27,1,0,,0.01995012469,0.01995012469,0.01914311759,1,not_applicable_training_only_probability
temperature_transition,S0,2018,2018-04-25,2018-04-19,2018-04-25,2018-04-26,2018-04-28,2018-04-28,1,0,,0.01995012469,0.01995012469,0.01914311759,1,not_applicable_training_only_probability
temperature_transition,S0,2018,2018-04-26,2018-04-20,2018-04-26,2018-04-27,2018-04-29,2018-04-29,1,0,,0.01995012469,0.01995012469,0.01914311759,1,not_applicable_training_only_probability
temperature_transition,S0,2018,2018-04-27,2018-04-21,2018-04-27,2018-04-28,2018-04-30,2018-04-30,1,0,,0.01995012469,0.01995012469,0.01914311759,1,not_applicable_training_only_probability
temperature_transition,S0,2018,2018-04-28,2018-04-22,2018-04-28,2018-04-29,2018-05-01,2018-05-01,1,0,,0.01995012469,0.01995012469,0.01914311759,1,not_applicable_training_only_probability
temperature_transition,S0,2018,2018-04-29,2018-04-23,2018-04-29,2018-04-30,2018-05-02,2018-05-02,1,0,,0.01995012469,0.01995012469,0.01914311759,1,not_applicable_training_only_probability
temperature_transition,S0,2018,2018-04-30,2018-04-24,2018-04-30,2018-05-01,2018-05-03,2018-05-03,1,0,,0.007331378299,0.007331378299,0.01914311759,0,not_applicable_training_only_probability
temperature_transition,S0,2018,2018-05-01,2018-04-25,2018-05-01,2018-05-02,2018-05-04,2018-05-04,1,0,,0.007331378299,0.007331378299,0.01914311759,0,not_applicable_training_only_probability
temperature_transition,S0,2018,2018-05-02,2018-04-26,2018-05-02,2018-05-03,2018-05-05,2018-05-05,1,0,,0.007331378299,0.007331378299,0.01914311759,0,not_applicable_training_only_probability
temperature_transition,S0,2018,2018-05-03,2018-04-27,2018-05-03,2018-05-04,2018-05-06,2018-05-06,1,0,,0.007331378299,0.007331378299,0.01914311759,0,not_applicable_training_only_probability
temperature_transition,S0,2018,2018-05-04,2018-04-28,2018-05-04,2018-05-05,2018-05-07,2018-05-07,1,0,,0.007331378299,0.007331378299,0.01914311759,0,not_applicable_training_only_probability
temperature_transition,S0,2018,2018-05-05,2018-04-29,2018-05-05,2018-05-06,2018-05-08,2018-05-08,1,0,,0.007331378299,0.007331378299,0.01914311759,0,not_applicable_training_only_probability
temperature_transition,S0,2018,2018-05-06,2018-04-30,2018-05-06,2018-05-07,2018-05-09,2018-05-09,1,0,,0.007331378299,0.007331378299,0.01914311759,0,not_applicable_training_only_probability
temperature_transition,S0,2018,2018-05-07,2018-05-01,2018-05-07,2018-05-08,2018-05-10,2018-05-10,1,0,,0.007331378299,0.007331378299,0.01914311759,0,not_applicable_training_only_probability
temperature_transition,S0,2018,2018-05-08,2018-05-02,2018-05-08,2018-05-09,2018-05-11,2018-05-11,1,0,,0.007331378299,0.007331378299,0.01914311759,0,not_applicable_training_only_probability
temperature_transition,S0,2018,2018-05-09,2018-05-03,2018-05-09,2018-05-10,2018-05-12,2018-05-12,1,0,,0.007331378299,0.007331378299,0.01914311759,0,not_applicable_training_only_probability
temperature_transition,S0,2018,2018-05-10,2018-05-04,2018-05-10,2018-05-11,2018-05-13,2018-05-13,1,0,,0.007331378299,0.007331378299,0.01914311759,0,not_applicable_training_only_probability
temperature_transition,S0,2018,2018-05-11,2018-05-05,2018-05-11,2018-05-12,2018-05-14,2018-05-14,1,0,,0.007331378299,0.007331378299,0.01914311759,0,not_applicable_training_only_probability
temperature_transition,S0,2018,2018-05-12,2018-05-06,2018-05-12,2018-05-13,2018-05-15,2018-05-15,1,0,,0.007331378299,0.007331378299,0.01914311759,0,not_applicable_training_only_probability
temperature_transition,S0,2018,2018-05-13,2018-05-07,2018-05-13,2018-05-14,2018-05-16,2018-05-16,1,0,,0.007331378299,0.007331378299,0.01914311759,0,not_applicable_training_only_probability
temperature_transition,S0,2018,2018-05-14,2018-05-08,2018-05-14,2018-05-15,2018-05-17,2018-05-17,1,0,,0.007331378299,0.007331378299,0.01914311759,0,not_applicable_training_only_probability
temperature_transition,S0,2018,2018-05-15,2018-05-09,2018-05-15,2018-05-16,2018-05-18,2018-05-18,1,0,,0.007331378299,0.007331378299,0.01914311759,0,not_applicable_training_only_probability
temperature_transition,S0,2018,2018-05-16,2018-05-10,2018-05-16,2018-05-17,2018-05-19,2018-05-19,1,0,,0.007331378299,0.007331378299,0.01914311759,0,not_applicable_training_only_probability
temperature_transition,S0,2018,2018-05-17,2018-05-11,2018-05-17,2018-05-18,2018-05-20,2018-05-20,1,0,,0.007331378299,0.007331378299,0.01914311759,0,not_applicable_training_only_probability
temperature_transition,S0,2018,2018-05-18,2018-05-12,2018-05-18,2018-05-19,2018-05-21,2018-05-21,1,0,,0.007331378299,0.007331378299,0.01914311759,0,not_applicable_training_only_probability
temperature_transition,S0,2018,2018-05-19,2018-05-13,2018-05-19,2018-05-20,2018-05-22,2018-05-22,1,0,,0.007331378299,0.007331378299,0.01914311759,0,not_applicable_training_only_probability
temperature_transition,S0,2018,2018-05-20,2018-05-14,2018-05-20,2018-05-21,2018-05-23,2018-05-23,1,0,,0.007331378299,0.007331378299,0.01914311759,0,not_applicable_training_only_probability
temperature_transition,S0,2018,2018-05-21,2018-05-15,2018-05-21,2018-05-22,2018-05-24,2018-05-24,1,0,,0.007331378299,0.007331378299,0.01914311759,0,not_applicable_training_only_probability
temperature_transition,S0,2018,2018-05-22,2018-05-16,2018-05-22,2018-05-23,2018-05-25,2018-05-25,1,0,,0.007331378299,0.007331378299,0.01914311759,0,not_applicable_training_only_probability
temperature_transition,S0,2018,2018-05-23,2018-05-17,2018-05-23,2018-05-24,2018-05-26,2018-05-26,1,0,,0.007331378299,0.007331378299,0.01914311759,0,not_applicable_training_only_probability
temperature_transition,S0,2018,2018-05-24,2018-05-18,2018-05-24,2018-05-25,2018-05-27,2018-05-27,1,0,,0.007331378299,0.007331378299,0.01914311759,0,not_applicable_training_only_probability
temperature_transition,S0,2018,2018-05-25,2018-05-19,2018-05-25,2018-05-26,2018-05-28,2018-05-28,1,0,,0.007331378299,0.007331378299,0.01914311759,0,not_applicable_training_only_probability
temperature_transition,S0,2018,2018-05-26,2018-05-20,2018-05-26,2018-05-27,2018-05-29,2018-05-29,1,0,,0.007331378299,0.007331378299,0.01914311759,0,not_applicable_training_only_probability
temperature_transition,S0,2018,2018-05-27,2018-05-21,2018-05-27,2018-05-28,2018-05-30,2018-05-30,1,0,,0.007331378299,0.007331378299,0.01914311759,0,not_applicable_training_only_probability
temperature_transition,S0,2018,2018-05-28,2018-05-22,2018-05-28,2018-05-29,2018-05-31,2018-05-31,1,0,,0.007331378299,0.007331378299,0.01914311759,0,not_applicable_training_only_probability
temperature_transition,S0,2018,2018-05-29,2018-05-23,2018-05-29,2018-05-30,2018-06-01,2018-06-01,1,0,,0.007331378299,0.007331378299,0.01914311759,0,not_applicable_training_only_probability
temperature_transition,S0,2018,2018-05-30,2018-05-24,2018-05-30,2018-05-31,2018-06-02,2018-06-02,1,0,,0.007331378299,0.007331378299,0.01914311759,0,not_applicable_training_only_probability
temperature_transition,S0,2018,2018-05-31,2018-05-25,2018-05-31,2018-06-01,2018-06-03,2018-06-03,1,0,,0.0007806401249,0.0007806401249,0.01914311759,0,not_applicable_training_only_probability
temperature_transition,S0,2018,2018-06-01,2018-05-26,2018-06-01,2018-06-02,2018-06-04,2018-06-04,1,0,,0.0007806401249,0.0007806401249,0.01914311759,0,not_applicable_training_only_probability
temperature_transition,S0,2018,2018-06-02,2018-05-27,2018-06-02,2018-06-03,2018-06-05,2018-06-05,1,0,,0.0007806401249,0.0007806401249,0.01914311759,0,not_applicable_training_only_probability
temperature_transition,S0,2018,2018-06-03,2018-05-28,2018-06-03,2018-06-04,2018-06-06,2018-06-06,1,0,,0.0007806401249,0.0007806401249,0.01914311759,0,not_applicable_training_only_probability
temperature_transition,S0,2018,2018-06-04,2018-05-29,2018-06-04,2018-06-05,2018-06-07,2018-06-07,1,0,,0.0007806401249,0.0007806401249,0.01914311759,0,not_applicable_training_only_probability
temperature_transition,S0,2018,2018-06-05,2018-05-30,2018-06-05,2018-06-06,2018-06-08,2018-06-08,1,0,,0.0007806401249,0.0007806401249,0.01914311759,0,not_applicable_training_only_probability
temperature_transition,S0,2018,2018-06-06,2018-05-31,2018-06-06,2018-06-07,2018-06-09,2018-06-09,1,0,,0.0007806401249,0.0007806401249,0.01914311759,0,not_applicable_training_only_probability
temperature_transition,S0,2018,2018-06-07,2018-06-01,2018-06-07,2018-06-08,2018-06-10,2018-06-10,1,0,,0.0007806401249,0.0007806401249,0.01914311759,0,not_applicable_training_only_probability
temperature_transition,S0,2018,2018-06-08,2018-06-02,2018-06-08,2018-06-09,2018-06-11,2018-06-11,1,0,,0.0007806401249,0.0007806401249,0.01914311759,0,not_applicable_training_only_probability
temperature_transition,S0,2018,2018-06-09,2018-06-03,2018-06-09,2018-06-10,2018-06-12,2018-06-12,1,0,,0.0007806401249,0.0007806401249,0.01914311759,0,not_applicable_training_only_probability
temperature_transition,S0,2018,2018-06-10,2018-06-04,2018-06-10,2018-06-11,2018-06-13,2018-06-13,1,0,,0.0007806401249,0.0007806401249,0.01914311759,0,not_applicable_training_only_probability
temperature_transition,S0,2018,2018-06-11,2018-06-05,2018-06-11,2018-06-12,2018-06-14,2018-06-14,1,0,,0.0007806401249,0.0007806401249,0.01914311759,0,not_applicable_training_only_probability
temperature_transition,S0,2018,2018-06-12,2018-06-06,2018-06-12,2018-06-13,2018-06-15,2018-06-15,1,0,,0.0007806401249,0.0007806401249,0.01914311759,0,not_applicable_training_only_probability
temperature_transition,S0,2018,2018-06-13,2018-06-07,2018-06-13,2018-06-14,2018-06-16,2018-06-16,1,0,,0.0007806401249,0.0007806401249,0.01914311759,0,not_applicable_training_only_probability
temperature_transition,S0,2018,2018-06-14,2018-06-08,2018-06-14,2018-06-15,2018-06-17,2018-06-17,1,0,,0.0007806401249,0.0007806401249,0.01914311759,0,not_applicable_training_only_probability
temperature_transition,S0,2018,2018-06-15,2018-06-09,2018-06-15,2018-06-16,2018-06-18,2018-06-18,1,0,,0.0007806401249,0.0007806401249,0.01914311759,0,not_applicable_training_only_probability
temperature_transition,S0,2018,2018-06-16,2018-06-10,2018-06-16,2018-06-17,2018-06-19,2018-06-19,1,0,,0.0007806401249,0.0007806401249,0.01914311759,0,not_applicable_training_only_probability
temperature_transition,S0,2018,2018-06-17,2018-06-11,2018-06-17,2018-06-18,2018-06-20,2018-06-20,1,0,,0.0007806401249,0.0007806401249,0.01914311759,0,not_applicable_training_only_probability
temperature_transition,S0,2018,2018-06-18,2018-06-12,2018-06-18,2018-06-19,2018-06-21,2018-06-21,1,0,,0.0007806401249,0.0007806401249,0.01914311759,0,not_applicable_training_only_probability
temperature_transition,S0,2018,2018-06-19,2018-06-13,2018-06-19,2018-06-20,2018-06-22,2018-06-22,1,0,,0.0007806401249,0.0007806401249,0.01914311759,0,not_applicable_training_only_probability
temperature_transition,S0,2018,2018-06-20,2018-06-14,2018-06-20,2018-06-21,2018-06-23,2018-06-23,1,0,,0.0007806401249,0.0007806401249,0.01914311759,0,not_applicable_training_only_probability
temperature_transition,S0,2018,2018-06-21,2018-06-15,2018-06-21,2018-06-22,2018-06-24,2018-06-24,1,0,,0.0007806401249,0.0007806401249,0.01914311759,0,not_applicable_training_only_probability
temperature_transition,S0,2018,2018-06-22,2018-06-16,2018-06-22,2018-06-23,2018-06-25,2018-06-25,1,0,,0.0007806401249,0.0007806401249,0.01914311759,0,not_applicable_training_only_probability
temperature_transition,S0,2018,2018-06-23,2018-06-17,2018-06-23,2018-06-24,2018-06-26,2018-06-26,1,0,,0.0007806401249,0.0007806401249,0.01914311759,0,not_applicable_training_only_probability
temperature_transition,S0,2018,2018-06-24,2018-06-18,2018-06-24,2018-06-25,2018-06-27,2018-06-27,1,0,,0.0007806401249,0.0007806401249,0.01914311759,0,not_applicable_training_only_probability
temperature_transition,S0,2018,2018-06-25,2018-06-19,2018-06-25,2018-06-26,2018-06-28,2018-06-28,1,0,,0.0007806401249,0.0007806401249,0.01914311759,0,not_applicable_training_only_probability
temperature_transition,S0,2018,2018-06-26,2018-06-20,2018-06-26,2018-06-27,2018-06-29,2018-06-29,1,0,,0.0007806401249,0.0007806401249,0.01914311759,0,not_applicable_training_only_probability
temperature_transition,S0,2018,2018-06-27,2018-06-21,2018-06-27,2018-06-28,2018-06-30,2018-06-30,1,0,,0.0007806401249,0.0007806401249,0.01914311759,0,not_applicable_training_only_probability
temperature_transition,S0,2019,2019-02-28,2019-02-22,2019-02-28,2019-03-01,2019-03-03,2019-03-03,1,0,,0.005625879044,0.005625879044,0.01725997843,0,not_applicable_training_only_probability
temperature_transition,S0,2019,2019-03-01,2019-02-23,2019-03-01,2019-03-02,2019-03-04,2019-03-04,1,0,,0.005625879044,0.005625879044,0.01725997843,0,not_applicable_training_only_probability
temperature_transition,S0,2019,2019-03-02,2019-02-24,2019-03-02,2019-03-03,2019-03-05,2019-03-05,1,0,,0.005625879044,0.005625879044,0.01725997843,0,not_applicable_training_only_probability
temperature_transition,S0,2019,2019-03-03,2019-02-25,2019-03-03,2019-03-04,2019-03-06,2019-03-06,1,0,,0.005625879044,0.005625879044,0.01725997843,0,not_applicable_training_only_probability
temperature_transition,S0,2019,2019-03-04,2019-02-26,2019-03-04,2019-03-05,2019-03-07,2019-03-07,1,0,,0.005625879044,0.005625879044,0.01725997843,0,not_applicable_training_only_probability
temperature_transition,S0,2019,2019-03-05,2019-02-27,2019-03-05,2019-03-06,2019-03-08,2019-03-08,1,0,,0.005625879044,0.005625879044,0.01725997843,0,not_applicable_training_only_probability
temperature_transition,S0,2019,2019-03-06,2019-02-28,2019-03-06,2019-03-07,2019-03-09,2019-03-09,1,0,,0.005625879044,0.005625879044,0.01725997843,0,not_applicable_training_only_probability
temperature_transition,S0,2019,2019-03-07,2019-03-01,2019-03-07,2019-03-08,2019-03-10,2019-03-10,1,0,,0.005625879044,0.005625879044,0.01725997843,0,not_applicable_training_only_probability
temperature_transition,S0,2019,2019-03-08,2019-03-02,2019-03-08,2019-03-09,2019-03-11,2019-03-11,1,0,,0.005625879044,0.005625879044,0.01725997843,0,not_applicable_training_only_probability
temperature_transition,S0,2019,2019-03-09,2019-03-03,2019-03-09,2019-03-10,2019-03-12,2019-03-12,1,0,,0.005625879044,0.005625879044,0.01725997843,0,not_applicable_training_only_probability
temperature_transition,S0,2019,2019-03-10,2019-03-04,2019-03-10,2019-03-11,2019-03-13,2019-03-13,1,0,,0.005625879044,0.005625879044,0.01725997843,0,not_applicable_training_only_probability
temperature_transition,S0,2019,2019-03-11,2019-03-05,2019-03-11,2019-03-12,2019-03-14,2019-03-14,1,0,,0.005625879044,0.005625879044,0.01725997843,0,not_applicable_training_only_probability
temperature_transition,S0,2019,2019-03-12,2019-03-06,2019-03-12,2019-03-13,2019-03-15,2019-03-15,1,0,,0.005625879044,0.005625879044,0.01725997843,0,not_applicable_training_only_probability
temperature_transition,S0,2019,2019-03-13,2019-03-07,2019-03-13,2019-03-14,2019-03-16,2019-03-16,1,0,,0.005625879044,0.005625879044,0.01725997843,0,not_applicable_training_only_probability
temperature_transition,S0,2019,2019-03-14,2019-03-08,2019-03-14,2019-03-15,2019-03-17,2019-03-17,1,0,,0.005625879044,0.005625879044,0.01725997843,0,not_applicable_training_only_probability
temperature_transition,S0,2019,2019-03-15,2019-03-09,2019-03-15,2019-03-16,2019-03-18,2019-03-18,1,0,,0.005625879044,0.005625879044,0.01725997843,0,not_applicable_training_only_probability
temperature_transition,S0,2019,2019-03-16,2019-03-10,2019-03-16,2019-03-17,2019-03-19,2019-03-19,1,0,,0.005625879044,0.005625879044,0.01725997843,0,not_applicable_training_only_probability
temperature_transition,S0,2019,2019-03-17,2019-03-11,2019-03-17,2019-03-18,2019-03-20,2019-03-20,1,0,,0.005625879044,0.005625879044,0.01725997843,0,not_applicable_training_only_probability
temperature_transition,S0,2019,2019-03-18,2019-03-12,2019-03-18,2019-03-19,2019-03-21,2019-03-21,1,0,,0.005625879044,0.005625879044,0.01725997843,0,not_applicable_training_only_probability
temperature_transition,S0,2019,2019-03-19,2019-03-13,2019-03-19,2019-03-20,2019-03-22,2019-03-22,1,0,,0.005625879044,0.005625879044,0.01725997843,0,not_applicable_training_only_probability
temperature_transition,S0,2019,2019-03-20,2019-03-14,2019-03-20,2019-03-21,2019-03-23,2019-03-23,1,0,,0.005625879044,0.005625879044,0.01725997843,0,not_applicable_training_only_probability
temperature_transition,S0,2019,2019-03-21,2019-03-15,2019-03-21,2019-03-22,2019-03-24,2019-03-24,1,0,,0.005625879044,0.005625879044,0.01725997843,0,not_applicable_training_only_probability
temperature_transition,S0,2019,2019-03-22,2019-03-16,2019-03-22,2019-03-23,2019-03-25,2019-03-25,1,0,,0.005625879044,0.005625879044,0.01725997843,0,not_applicable_training_only_probability
temperature_transition,S0,2019,2019-03-23,2019-03-17,2019-03-23,2019-03-24,2019-03-26,2019-03-26,1,0,,0.005625879044,0.005625879044,0.01725997843,0,not_applicable_training_only_probability
temperature_transition,S0,2019,2019-03-24,2019-03-18,2019-03-24,2019-03-25,2019-03-27,2019-03-27,1,0,,0.005625879044,0.005625879044,0.01725997843,0,not_applicable_training_only_probability
temperature_transition,S0,2019,2019-03-25,2019-03-19,2019-03-25,2019-03-26,2019-03-28,2019-03-28,1,0,,0.005625879044,0.005625879044,0.01725997843,0,not_applicable_training_only_probability
temperature_transition,S0,2019,2019-03-26,2019-03-20,2019-03-26,2019-03-27,2019-03-29,2019-03-29,1,0,,0.005625879044,0.005625879044,0.01725997843,0,not_applicable_training_only_probability
temperature_transition,S0,2019,2019-03-27,2019-03-21,2019-03-27,2019-03-28,2019-03-30,2019-03-30,1,0,,0.005625879044,0.005625879044,0.01725997843,0,not_applicable_training_only_probability
temperature_transition,S0,2019,2019-03-28,2019-03-22,2019-03-28,2019-03-29,2019-03-31,2019-03-31,1,0,,0.005625879044,0.005625879044,0.01725997843,0,not_applicable_training_only_probability
temperature_transition,S0,2019,2019-03-29,2019-03-23,2019-03-29,2019-03-30,2019-04-01,2019-04-01,1,0,,0.005625879044,0.005625879044,0.01725997843,0,not_applicable_training_only_probability
temperature_transition,S0,2019,2019-03-30,2019-03-24,2019-03-30,2019-03-31,2019-04-02,2019-04-02,1,0,,0.005625879044,0.005625879044,0.01725997843,0,not_applicable_training_only_probability
temperature_transition,S0,2019,2019-03-31,2019-03-25,2019-03-31,2019-04-01,2019-04-03,2019-04-03,1,0,,0.01946472019,0.01946472019,0.01725997843,1,not_applicable_training_only_probability
temperature_transition,S0,2019,2019-04-01,2019-03-26,2019-04-01,2019-04-02,2019-04-04,2019-04-04,1,0,,0.01946472019,0.01946472019,0.01725997843,1,not_applicable_training_only_probability
temperature_transition,S0,2019,2019-04-02,2019-03-27,2019-04-02,2019-04-03,2019-04-05,2019-04-05,1,0,,0.01946472019,0.01946472019,0.01725997843,1,not_applicable_training_only_probability
temperature_transition,S0,2019,2019-04-03,2019-03-28,2019-04-03,2019-04-04,2019-04-06,2019-04-06,1,0,,0.01946472019,0.01946472019,0.01725997843,1,not_applicable_training_only_probability
temperature_transition,S0,2019,2019-04-04,2019-03-29,2019-04-04,2019-04-05,2019-04-07,2019-04-07,1,0,,0.01946472019,0.01946472019,0.01725997843,1,not_applicable_training_only_probability
temperature_transition,S0,2019,2019-04-05,2019-03-30,2019-04-05,2019-04-06,2019-04-08,2019-04-08,1,0,,0.01946472019,0.01946472019,0.01725997843,1,not_applicable_training_only_probability
temperature_transition,S0,2019,2019-04-06,2019-03-31,2019-04-06,2019-04-07,2019-04-09,2019-04-09,1,0,,0.01946472019,0.01946472019,0.01725997843,1,not_applicable_training_only_probability
temperature_transition,S0,2019,2019-04-07,2019-04-01,2019-04-07,2019-04-08,2019-04-10,2019-04-10,1,0,,0.01946472019,0.01946472019,0.01725997843,1,not_applicable_training_only_probability
temperature_transition,S0,2019,2019-04-08,2019-04-02,2019-04-08,2019-04-09,2019-04-11,2019-04-11,1,0,,0.01946472019,0.01946472019,0.01725997843,1,not_applicable_training_only_probability
temperature_transition,S0,2019,2019-04-09,2019-04-03,2019-04-09,2019-04-10,2019-04-12,2019-04-12,1,0,,0.01946472019,0.01946472019,0.01725997843,1,not_applicable_training_only_probability
temperature_transition,S0,2019,2019-04-10,2019-04-04,2019-04-10,2019-04-11,2019-04-13,2019-04-13,1,0,,0.01946472019,0.01946472019,0.01725997843,1,not_applicable_training_only_probability
temperature_transition,S0,2019,2019-04-11,2019-04-05,2019-04-11,2019-04-12,2019-04-14,2019-04-14,1,0,,0.01946472019,0.01946472019,0.01725997843,1,not_applicable_training_only_probability
temperature_transition,S0,2019,2019-04-12,2019-04-06,2019-04-12,2019-04-13,2019-04-15,2019-04-15,1,0,,0.01946472019,0.01946472019,0.01725997843,1,not_applicable_training_only_probability
temperature_transition,S0,2019,2019-04-13,2019-04-07,2019-04-13,2019-04-14,2019-04-16,2019-04-16,1,0,,0.01946472019,0.01946472019,0.01725997843,1,not_applicable_training_only_probability
temperature_transition,S0,2019,2019-04-14,2019-04-08,2019-04-14,2019-04-15,2019-04-17,2019-04-17,1,0,,0.01946472019,0.01946472019,0.01725997843,1,not_applicable_training_only_probability
temperature_transition,S0,2019,2019-04-15,2019-04-09,2019-04-15,2019-04-16,2019-04-18,2019-04-18,1,0,,0.01946472019,0.01946472019,0.01725997843,1,not_applicable_training_only_probability
temperature_transition,S0,2019,2019-04-16,2019-04-10,2019-04-16,2019-04-17,2019-04-19,2019-04-19,1,0,,0.01946472019,0.01946472019,0.01725997843,1,not_applicable_training_only_probability
temperature_transition,S0,2019,2019-04-17,2019-04-11,2019-04-17,2019-04-18,2019-04-20,2019-04-20,1,0,,0.01946472019,0.01946472019,0.01725997843,1,not_applicable_training_only_probability
temperature_transition,S0,2019,2019-04-18,2019-04-12,2019-04-18,2019-04-19,2019-04-21,2019-04-21,1,0,,0.01946472019,0.01946472019,0.01725997843,1,not_applicable_training_only_probability
temperature_transition,S0,2019,2019-04-19,2019-04-13,2019-04-19,2019-04-20,2019-04-22,2019-04-22,1,0,,0.01946472019,0.01946472019,0.01725997843,1,not_applicable_training_only_probability
temperature_transition,S0,2019,2019-04-20,2019-04-14,2019-04-20,2019-04-21,2019-04-23,2019-04-23,1,0,,0.01946472019,0.01946472019,0.01725997843,1,not_applicable_training_only_probability
temperature_transition,S0,2019,2019-04-21,2019-04-15,2019-04-21,2019-04-22,2019-04-24,2019-04-24,1,0,,0.01946472019,0.01946472019,0.01725997843,1,not_applicable_training_only_probability
temperature_transition,S0,2019,2019-04-22,2019-04-16,2019-04-22,2019-04-23,2019-04-25,2019-04-25,1,0,,0.01946472019,0.01946472019,0.01725997843,1,not_applicable_training_only_probability
temperature_transition,S0,2019,2019-04-23,2019-04-17,2019-04-23,2019-04-24,2019-04-26,2019-04-26,1,0,,0.01946472019,0.01946472019,0.01725997843,1,not_applicable_training_only_probability
temperature_transition,S0,2019,2019-04-24,2019-04-18,2019-04-24,2019-04-25,2019-04-27,2019-04-27,1,0,,0.01946472019,0.01946472019,0.01725997843,1,not_applicable_training_only_probability
temperature_transition,S0,2019,2019-04-25,2019-04-19,2019-04-25,2019-04-26,2019-04-28,2019-04-28,1,0,,0.01946472019,0.01946472019,0.01725997843,1,not_applicable_training_only_probability
temperature_transition,S0,2019,2019-04-26,2019-04-20,2019-04-26,2019-04-27,2019-04-29,2019-04-29,1,0,,0.01946472019,0.01946472019,0.01725997843,1,not_applicable_training_only_probability
temperature_transition,S0,2019,2019-04-27,2019-04-21,2019-04-27,2019-04-28,2019-04-30,2019-04-30,1,0,,0.01946472019,0.01946472019,0.01725997843,1,not_applicable_training_only_probability
temperature_transition,S0,2019,2019-04-28,2019-04-22,2019-04-28,2019-04-29,2019-05-01,2019-05-01,1,0,,0.01946472019,0.01946472019,0.01725997843,1,not_applicable_training_only_probability
temperature_transition,S0,2019,2019-04-29,2019-04-23,2019-04-29,2019-04-30,2019-05-02,2019-05-02,1,0,,0.01946472019,0.01946472019,0.01725997843,1,not_applicable_training_only_probability
temperature_transition,S0,2019,2019-04-30,2019-04-24,2019-04-30,2019-05-01,2019-05-03,2019-05-03,1,0,,0.380952381,0.380952381,0.01725997843,1,not_applicable_training_only_probability
temperature_transition,S0,2019,2019-05-01,2019-04-25,2019-05-01,2019-05-02,2019-05-04,2019-05-04,1,0,,0.3333333333,0.3333333333,0.01725997843,1,not_applicable_training_only_probability
temperature_transition,S0,2019,2019-05-02,2019-04-26,2019-05-02,2019-05-03,2019-05-05,2019-05-05,1,0,,0.007168458781,0.007168458781,0.01725997843,0,not_applicable_training_only_probability
temperature_transition,S0,2019,2019-05-03,2019-04-27,2019-05-03,2019-05-04,2019-05-06,2019-05-06,1,0,,0.007168458781,0.007168458781,0.01725997843,0,not_applicable_training_only_probability
temperature_transition,S0,2019,2019-05-04,2019-04-28,2019-05-04,2019-05-05,2019-05-07,2019-05-07,1,0,,0.007168458781,0.007168458781,0.01725997843,0,not_applicable_training_only_probability
temperature_transition,S0,2019,2019-05-05,2019-04-29,2019-05-05,2019-05-06,2019-05-08,2019-05-08,1,0,,0.007168458781,0.007168458781,0.01725997843,0,not_applicable_training_only_probability
temperature_transition,S0,2019,2019-05-06,2019-04-30,2019-05-06,2019-05-07,2019-05-09,2019-05-09,1,0,,0.007168458781,0.007168458781,0.01725997843,0,not_applicable_training_only_probability
temperature_transition,S0,2019,2019-05-07,2019-05-01,2019-05-07,2019-05-08,2019-05-10,2019-05-10,1,0,,0.007168458781,0.007168458781,0.01725997843,0,not_applicable_training_only_probability
temperature_transition,S0,2019,2019-05-08,2019-05-02,2019-05-08,2019-05-09,2019-05-11,2019-05-11,1,0,,0.007168458781,0.007168458781,0.01725997843,0,not_applicable_training_only_probability
temperature_transition,S0,2019,2019-05-09,2019-05-03,2019-05-09,2019-05-10,2019-05-12,2019-05-12,1,0,,0.007168458781,0.007168458781,0.01725997843,0,not_applicable_training_only_probability
temperature_transition,S0,2019,2019-05-10,2019-05-04,2019-05-10,2019-05-11,2019-05-13,2019-05-13,1,0,,0.007168458781,0.007168458781,0.01725997843,0,not_applicable_training_only_probability
temperature_transition,S0,2019,2019-05-11,2019-05-05,2019-05-11,2019-05-12,2019-05-14,2019-05-14,1,0,,0.380952381,0.380952381,0.01725997843,1,not_applicable_training_only_probability
temperature_transition,S0,2019,2019-05-12,2019-05-06,2019-05-12,2019-05-13,2019-05-15,2019-05-15,1,0,,0.007168458781,0.007168458781,0.01725997843,0,not_applicable_training_only_probability
temperature_transition,S0,2019,2019-05-13,2019-05-07,2019-05-13,2019-05-14,2019-05-16,2019-05-16,1,0,,0.007168458781,0.007168458781,0.01725997843,0,not_applicable_training_only_probability
temperature_transition,S0,2019,2019-05-14,2019-05-08,2019-05-14,2019-05-15,2019-05-17,2019-05-17,1,0,,0.007168458781,0.007168458781,0.01725997843,0,not_applicable_training_only_probability
temperature_transition,S0,2019,2019-05-15,2019-05-09,2019-05-15,2019-05-16,2019-05-18,2019-05-18,1,0,,0.007168458781,0.007168458781,0.01725997843,0,not_applicable_training_only_probability
temperature_transition,S0,2019,2019-05-16,2019-05-10,2019-05-16,2019-05-17,2019-05-19,2019-05-19,1,0,,0.007168458781,0.007168458781,0.01725997843,0,not_applicable_training_only_probability
temperature_transition,S0,2019,2019-05-17,2019-05-11,2019-05-17,2019-05-18,2019-05-20,2019-05-20,1,0,,0.007168458781,0.007168458781,0.01725997843,0,not_applicable_training_only_probability
temperature_transition,S0,2019,2019-05-18,2019-05-12,2019-05-18,2019-05-19,2019-05-21,2019-05-21,1,0,,0.007168458781,0.007168458781,0.01725997843,0,not_applicable_training_only_probability
temperature_transition,S0,2019,2019-05-19,2019-05-13,2019-05-19,2019-05-20,2019-05-22,2019-05-22,1,0,,0.007168458781,0.007168458781,0.01725997843,0,not_applicable_training_only_probability
temperature_transition,S0,2019,2019-05-20,2019-05-14,2019-05-20,2019-05-21,2019-05-23,2019-05-23,1,0,,0.007168458781,0.007168458781,0.01725997843,0,not_applicable_training_only_probability
temperature_transition,S0,2019,2019-05-21,2019-05-15,2019-05-21,2019-05-22,2019-05-24,2019-05-24,1,0,,0.007168458781,0.007168458781,0.01725997843,0,not_applicable_training_only_probability
temperature_transition,S0,2019,2019-05-22,2019-05-16,2019-05-22,2019-05-23,2019-05-25,2019-05-25,1,0,,0.007168458781,0.007168458781,0.01725997843,0,not_applicable_training_only_probability
temperature_transition,S0,2019,2019-05-23,2019-05-17,2019-05-23,2019-05-24,2019-05-26,2019-05-26,1,0,,0.007168458781,0.007168458781,0.01725997843,0,not_applicable_training_only_probability
temperature_transition,S0,2019,2019-05-24,2019-05-18,2019-05-24,2019-05-25,2019-05-27,2019-05-27,1,0,,0.007168458781,0.007168458781,0.01725997843,0,not_applicable_training_only_probability
temperature_transition,S0,2019,2019-05-25,2019-05-19,2019-05-25,2019-05-26,2019-05-28,2019-05-28,1,0,,0.007168458781,0.007168458781,0.01725997843,0,not_applicable_training_only_probability
temperature_transition,S0,2019,2019-05-26,2019-05-20,2019-05-26,2019-05-27,2019-05-29,2019-05-29,1,0,,0.007168458781,0.007168458781,0.01725997843,0,not_applicable_training_only_probability
temperature_transition,S0,2019,2019-05-27,2019-05-21,2019-05-27,2019-05-28,2019-05-30,2019-05-30,1,0,,0.007168458781,0.007168458781,0.01725997843,0,not_applicable_training_only_probability
temperature_transition,S0,2019,2019-05-28,2019-05-22,2019-05-28,2019-05-29,2019-05-31,2019-05-31,1,0,,0.007168458781,0.007168458781,0.01725997843,0,not_applicable_training_only_probability
temperature_transition,S0,2019,2019-05-29,2019-05-23,2019-05-29,2019-05-30,2019-06-01,2019-06-01,1,0,,0.007168458781,0.007168458781,0.01725997843,0,not_applicable_training_only_probability
temperature_transition,S0,2019,2019-05-30,2019-05-24,2019-05-30,2019-05-31,2019-06-02,2019-06-02,1,0,,0.007168458781,0.007168458781,0.01725997843,0,not_applicable_training_only_probability
temperature_transition,S0,2019,2019-05-31,2019-05-25,2019-05-31,2019-06-01,2019-06-03,2019-06-03,1,0,,0.0007639419404,0.0007639419404,0.01725997843,0,not_applicable_training_only_probability
temperature_transition,S0,2019,2019-06-01,2019-05-26,2019-06-01,2019-06-02,2019-06-04,2019-06-04,1,0,,0.0007639419404,0.0007639419404,0.01725997843,0,not_applicable_training_only_probability
temperature_transition,S0,2019,2019-06-02,2019-05-27,2019-06-02,2019-06-03,2019-06-05,2019-06-05,1,0,,0.0007639419404,0.0007639419404,0.01725997843,0,not_applicable_training_only_probability
temperature_transition,S0,2019,2019-06-03,2019-05-28,2019-06-03,2019-06-04,2019-06-06,2019-06-06,1,0,,0.0007639419404,0.0007639419404,0.01725997843,0,not_applicable_training_only_probability
temperature_transition,S0,2019,2019-06-04,2019-05-29,2019-06-04,2019-06-05,2019-06-07,2019-06-07,1,0,,0.0007639419404,0.0007639419404,0.01725997843,0,not_applicable_training_only_probability
temperature_transition,S0,2019,2019-06-05,2019-05-30,2019-06-05,2019-06-06,2019-06-08,2019-06-08,1,0,,0.0007639419404,0.0007639419404,0.01725997843,0,not_applicable_training_only_probability
temperature_transition,S0,2019,2019-06-06,2019-05-31,2019-06-06,2019-06-07,2019-06-09,2019-06-09,1,0,,0.0007639419404,0.0007639419404,0.01725997843,0,not_applicable_training_only_probability
temperature_transition,S0,2019,2019-06-07,2019-06-01,2019-06-07,2019-06-08,2019-06-10,2019-06-10,1,0,,0.0007639419404,0.0007639419404,0.01725997843,0,not_applicable_training_only_probability
temperature_transition,S0,2019,2019-06-08,2019-06-02,2019-06-08,2019-06-09,2019-06-11,2019-06-11,1,0,,0.0007639419404,0.0007639419404,0.01725997843,0,not_applicable_training_only_probability
temperature_transition,S0,2019,2019-06-09,2019-06-03,2019-06-09,2019-06-10,2019-06-12,2019-06-12,1,0,,0.0007639419404,0.0007639419404,0.01725997843,0,not_applicable_training_only_probability
temperature_transition,S0,2019,2019-06-10,2019-06-04,2019-06-10,2019-06-11,2019-06-13,2019-06-13,1,0,,0.0007639419404,0.0007639419404,0.01725997843,0,not_applicable_training_only_probability
temperature_transition,S0,2019,2019-06-11,2019-06-05,2019-06-11,2019-06-12,2019-06-14,2019-06-14,1,0,,0.0007639419404,0.0007639419404,0.01725997843,0,not_applicable_training_only_probability
temperature_transition,S0,2019,2019-06-12,2019-06-06,2019-06-12,2019-06-13,2019-06-15,2019-06-15,1,0,,0.0007639419404,0.0007639419404,0.01725997843,0,not_applicable_training_only_probability
temperature_transition,S0,2019,2019-06-13,2019-06-07,2019-06-13,2019-06-14,2019-06-16,2019-06-16,1,0,,0.0007639419404,0.0007639419404,0.01725997843,0,not_applicable_training_only_probability
temperature_transition,S0,2019,2019-06-14,2019-06-08,2019-06-14,2019-06-15,2019-06-17,2019-06-17,1,0,,0.0007639419404,0.0007639419404,0.01725997843,0,not_applicable_training_only_probability
temperature_transition,S0,2019,2019-06-15,2019-06-09,2019-06-15,2019-06-16,2019-06-18,2019-06-18,1,0,,0.0007639419404,0.0007639419404,0.01725997843,0,not_applicable_training_only_probability
temperature_transition,S0,2019,2019-06-16,2019-06-10,2019-06-16,2019-06-17,2019-06-19,2019-06-19,1,0,,0.0007639419404,0.0007639419404,0.01725997843,0,not_applicable_training_only_probability
temperature_transition,S0,2019,2019-06-17,2019-06-11,2019-06-17,2019-06-18,2019-06-20,2019-06-20,1,0,,0.0007639419404,0.0007639419404,0.01725997843,0,not_applicable_training_only_probability
temperature_transition,S0,2019,2019-06-18,2019-06-12,2019-06-18,2019-06-19,2019-06-21,2019-06-21,1,0,,0.0007639419404,0.0007639419404,0.01725997843,0,not_applicable_training_only_probability
temperature_transition,S0,2019,2019-06-19,2019-06-13,2019-06-19,2019-06-20,2019-06-22,2019-06-22,1,0,,0.2710280374,0.2710280374,0.01725997843,1,not_applicable_training_only_probability
temperature_transition,S0,2019,2019-06-20,2019-06-14,2019-06-20,2019-06-21,2019-06-23,2019-06-23,1,0,,0.0007639419404,0.0007639419404,0.01725997843,0,not_applicable_training_only_probability
temperature_transition,S0,2019,2019-06-21,2019-06-15,2019-06-21,2019-06-22,2019-06-24,2019-06-24,1,0,,0.0007639419404,0.0007639419404,0.01725997843,0,not_applicable_training_only_probability
temperature_transition,S0,2019,2019-06-22,2019-06-16,2019-06-22,2019-06-23,2019-06-25,2019-06-25,1,0,,0.0007639419404,0.0007639419404,0.01725997843,0,not_applicable_training_only_probability
temperature_transition,S0,2019,2019-06-23,2019-06-17,2019-06-23,2019-06-24,2019-06-26,2019-06-26,1,0,,0.0007639419404,0.0007639419404,0.01725997843,0,not_applicable_training_only_probability
temperature_transition,S0,2019,2019-06-24,2019-06-18,2019-06-24,2019-06-25,2019-06-27,2019-06-27,1,0,,0.0007639419404,0.0007639419404,0.01725997843,0,not_applicable_training_only_probability
temperature_transition,S0,2019,2019-06-25,2019-06-19,2019-06-25,2019-06-26,2019-06-28,2019-06-28,1,0,,0.0007639419404,0.0007639419404,0.01725997843,0,not_applicable_training_only_probability
temperature_transition,S0,2019,2019-06-26,2019-06-20,2019-06-26,2019-06-27,2019-06-29,2019-06-29,1,0,,0.0007639419404,0.0007639419404,0.01725997843,0,not_applicable_training_only_probability
temperature_transition,S0,2019,2019-06-27,2019-06-21,2019-06-27,2019-06-28,2019-06-30,2019-06-30,1,0,,0.0007639419404,0.0007639419404,0.01725997843,0,not_applicable_training_only_probability
temperature_transition,S0,2020,2020-02-29,2020-02-23,2020-02-29,2020-03-01,2020-03-03,2020-03-03,1,0,,0.005505849966,0.005505849966,0.01677148847,0,not_applicable_training_only_probability
temperature_transition,S0,2020,2020-03-01,2020-02-24,2020-03-01,2020-03-02,2020-03-04,2020-03-04,1,0,,0.005505849966,0.005505849966,0.01677148847,0,not_applicable_training_only_probability
temperature_transition,S0,2020,2020-03-02,2020-02-25,2020-03-02,2020-03-03,2020-03-05,2020-03-05,1,0,,0.005505849966,0.005505849966,0.01677148847,0,not_applicable_training_only_probability
temperature_transition,S0,2020,2020-03-03,2020-02-26,2020-03-03,2020-03-04,2020-03-06,2020-03-06,1,0,,0.005505849966,0.005505849966,0.01677148847,0,not_applicable_training_only_probability
temperature_transition,S0,2020,2020-03-04,2020-02-27,2020-03-04,2020-03-05,2020-03-07,2020-03-07,1,0,,0.005505849966,0.005505849966,0.01677148847,0,not_applicable_training_only_probability
temperature_transition,S0,2020,2020-03-05,2020-02-28,2020-03-05,2020-03-06,2020-03-08,2020-03-08,1,0,,0.005505849966,0.005505849966,0.01677148847,0,not_applicable_training_only_probability
temperature_transition,S0,2020,2020-03-06,2020-02-29,2020-03-06,2020-03-07,2020-03-09,2020-03-09,1,0,,0.005505849966,0.005505849966,0.01677148847,0,not_applicable_training_only_probability
temperature_transition,S0,2020,2020-03-07,2020-03-01,2020-03-07,2020-03-08,2020-03-10,2020-03-10,1,0,,0.005505849966,0.005505849966,0.01677148847,0,not_applicable_training_only_probability
temperature_transition,S0,2020,2020-03-08,2020-03-02,2020-03-08,2020-03-09,2020-03-11,2020-03-11,1,0,,0.005505849966,0.005505849966,0.01677148847,0,not_applicable_training_only_probability
temperature_transition,S0,2020,2020-03-09,2020-03-03,2020-03-09,2020-03-10,2020-03-12,2020-03-12,1,0,,0.005505849966,0.005505849966,0.01677148847,0,not_applicable_training_only_probability
temperature_transition,S0,2020,2020-03-10,2020-03-04,2020-03-10,2020-03-11,2020-03-13,2020-03-13,1,0,,0.005505849966,0.005505849966,0.01677148847,0,not_applicable_training_only_probability
temperature_transition,S0,2020,2020-03-11,2020-03-05,2020-03-11,2020-03-12,2020-03-14,2020-03-14,1,0,,0.005505849966,0.005505849966,0.01677148847,0,not_applicable_training_only_probability
temperature_transition,S0,2020,2020-03-12,2020-03-06,2020-03-12,2020-03-13,2020-03-15,2020-03-15,1,0,,0.005505849966,0.005505849966,0.01677148847,0,not_applicable_training_only_probability
temperature_transition,S0,2020,2020-03-13,2020-03-07,2020-03-13,2020-03-14,2020-03-16,2020-03-16,1,0,,0.005505849966,0.005505849966,0.01677148847,0,not_applicable_training_only_probability
temperature_transition,S0,2020,2020-03-14,2020-03-08,2020-03-14,2020-03-15,2020-03-17,2020-03-17,1,0,,0.005505849966,0.005505849966,0.01677148847,0,not_applicable_training_only_probability
temperature_transition,S0,2020,2020-03-15,2020-03-09,2020-03-15,2020-03-16,2020-03-18,2020-03-18,1,0,,0.005505849966,0.005505849966,0.01677148847,0,not_applicable_training_only_probability
temperature_transition,S0,2020,2020-03-16,2020-03-10,2020-03-16,2020-03-17,2020-03-19,2020-03-19,1,0,,0.005505849966,0.005505849966,0.01677148847,0,not_applicable_training_only_probability
temperature_transition,S0,2020,2020-03-17,2020-03-11,2020-03-17,2020-03-18,2020-03-20,2020-03-20,1,0,,0.005505849966,0.005505849966,0.01677148847,0,not_applicable_training_only_probability
temperature_transition,S0,2020,2020-03-18,2020-03-12,2020-03-18,2020-03-19,2020-03-21,2020-03-21,1,0,,0.005505849966,0.005505849966,0.01677148847,0,not_applicable_training_only_probability
temperature_transition,S0,2020,2020-03-19,2020-03-13,2020-03-19,2020-03-20,2020-03-22,2020-03-22,1,0,,0.005505849966,0.005505849966,0.01677148847,0,not_applicable_training_only_probability
temperature_transition,S0,2020,2020-03-20,2020-03-14,2020-03-20,2020-03-21,2020-03-23,2020-03-23,1,0,,0.005505849966,0.005505849966,0.01677148847,0,not_applicable_training_only_probability
temperature_transition,S0,2020,2020-03-21,2020-03-15,2020-03-21,2020-03-22,2020-03-24,2020-03-24,1,0,,0.005505849966,0.005505849966,0.01677148847,0,not_applicable_training_only_probability
temperature_transition,S0,2020,2020-03-22,2020-03-16,2020-03-22,2020-03-23,2020-03-25,2020-03-25,1,0,,0.005505849966,0.005505849966,0.01677148847,0,not_applicable_training_only_probability
temperature_transition,S0,2020,2020-03-23,2020-03-17,2020-03-23,2020-03-24,2020-03-26,2020-03-26,1,0,,0.005505849966,0.005505849966,0.01677148847,0,not_applicable_training_only_probability
temperature_transition,S0,2020,2020-03-24,2020-03-18,2020-03-24,2020-03-25,2020-03-27,2020-03-27,1,0,,0.005505849966,0.005505849966,0.01677148847,0,not_applicable_training_only_probability
temperature_transition,S0,2020,2020-03-25,2020-03-19,2020-03-25,2020-03-26,2020-03-28,2020-03-28,1,0,,0.005505849966,0.005505849966,0.01677148847,0,not_applicable_training_only_probability
temperature_transition,S0,2020,2020-03-26,2020-03-20,2020-03-26,2020-03-27,2020-03-29,2020-03-29,1,0,,0.005505849966,0.005505849966,0.01677148847,0,not_applicable_training_only_probability
temperature_transition,S0,2020,2020-03-27,2020-03-21,2020-03-27,2020-03-28,2020-03-30,2020-03-30,1,0,,0.005505849966,0.005505849966,0.01677148847,0,not_applicable_training_only_probability
temperature_transition,S0,2020,2020-03-28,2020-03-22,2020-03-28,2020-03-29,2020-03-31,2020-03-31,1,0,,0.005505849966,0.005505849966,0.01677148847,0,not_applicable_training_only_probability
temperature_transition,S0,2020,2020-03-29,2020-03-23,2020-03-29,2020-03-30,2020-04-01,2020-04-01,1,0,,0.005505849966,0.005505849966,0.01677148847,0,not_applicable_training_only_probability
temperature_transition,S0,2020,2020-03-30,2020-03-24,2020-03-30,2020-03-31,2020-04-02,2020-04-02,1,0,,0.005505849966,0.005505849966,0.01677148847,0,not_applicable_training_only_probability
temperature_transition,S0,2020,2020-03-31,2020-03-25,2020-03-31,2020-04-01,2020-04-03,2020-04-03,1,0,,0.0190023753,0.0190023753,0.01677148847,1,not_applicable_training_only_probability
temperature_transition,S0,2020,2020-04-01,2020-03-26,2020-04-01,2020-04-02,2020-04-04,2020-04-04,1,0,,0.0190023753,0.0190023753,0.01677148847,1,not_applicable_training_only_probability
temperature_transition,S0,2020,2020-04-02,2020-03-27,2020-04-02,2020-04-03,2020-04-05,2020-04-05,1,0,,0.0190023753,0.0190023753,0.01677148847,1,not_applicable_training_only_probability
temperature_transition,S0,2020,2020-04-03,2020-03-28,2020-04-03,2020-04-04,2020-04-06,2020-04-06,1,0,,0.0190023753,0.0190023753,0.01677148847,1,not_applicable_training_only_probability
temperature_transition,S0,2020,2020-04-04,2020-03-29,2020-04-04,2020-04-05,2020-04-07,2020-04-07,1,0,,0.0190023753,0.0190023753,0.01677148847,1,not_applicable_training_only_probability
temperature_transition,S0,2020,2020-04-05,2020-03-30,2020-04-05,2020-04-06,2020-04-08,2020-04-08,1,0,,0.0190023753,0.0190023753,0.01677148847,1,not_applicable_training_only_probability
temperature_transition,S0,2020,2020-04-06,2020-03-31,2020-04-06,2020-04-07,2020-04-09,2020-04-09,1,0,,0.0190023753,0.0190023753,0.01677148847,1,not_applicable_training_only_probability
temperature_transition,S0,2020,2020-04-07,2020-04-01,2020-04-07,2020-04-08,2020-04-10,2020-04-10,1,0,,0.2727272727,0.2727272727,0.01677148847,1,not_applicable_training_only_probability
temperature_transition,S0,2020,2020-04-08,2020-04-02,2020-04-08,2020-04-09,2020-04-11,2020-04-11,1,0,,0.0190023753,0.0190023753,0.01677148847,1,not_applicable_training_only_probability
temperature_transition,S0,2020,2020-04-09,2020-04-03,2020-04-09,2020-04-10,2020-04-12,2020-04-12,1,0,,0.0190023753,0.0190023753,0.01677148847,1,not_applicable_training_only_probability
temperature_transition,S0,2020,2020-04-10,2020-04-04,2020-04-10,2020-04-11,2020-04-13,2020-04-13,1,0,,0.0190023753,0.0190023753,0.01677148847,1,not_applicable_training_only_probability
temperature_transition,S0,2020,2020-04-11,2020-04-05,2020-04-11,2020-04-12,2020-04-14,2020-04-14,1,0,,0.0190023753,0.0190023753,0.01677148847,1,not_applicable_training_only_probability
temperature_transition,S0,2020,2020-04-12,2020-04-06,2020-04-12,2020-04-13,2020-04-15,2020-04-15,1,0,,0.0190023753,0.0190023753,0.01677148847,1,not_applicable_training_only_probability
temperature_transition,S0,2020,2020-04-13,2020-04-07,2020-04-13,2020-04-14,2020-04-16,2020-04-16,1,0,,0.0190023753,0.0190023753,0.01677148847,1,not_applicable_training_only_probability
temperature_transition,S0,2020,2020-04-14,2020-04-08,2020-04-14,2020-04-15,2020-04-17,2020-04-17,1,0,,0.0190023753,0.0190023753,0.01677148847,1,not_applicable_training_only_probability
temperature_transition,S0,2020,2020-04-15,2020-04-09,2020-04-15,2020-04-16,2020-04-18,2020-04-18,1,0,,0.0190023753,0.0190023753,0.01677148847,1,not_applicable_training_only_probability
temperature_transition,S0,2020,2020-04-16,2020-04-10,2020-04-16,2020-04-17,2020-04-19,2020-04-19,1,0,,0.0190023753,0.0190023753,0.01677148847,1,not_applicable_training_only_probability
temperature_transition,S0,2020,2020-04-17,2020-04-11,2020-04-17,2020-04-18,2020-04-20,2020-04-20,1,0,,0.0190023753,0.0190023753,0.01677148847,1,not_applicable_training_only_probability
temperature_transition,S0,2020,2020-04-18,2020-04-12,2020-04-18,2020-04-19,2020-04-21,2020-04-21,1,0,,0.0190023753,0.0190023753,0.01677148847,1,not_applicable_training_only_probability
temperature_transition,S0,2020,2020-04-19,2020-04-13,2020-04-19,2020-04-20,2020-04-22,2020-04-22,1,0,,0.0190023753,0.0190023753,0.01677148847,1,not_applicable_training_only_probability
temperature_transition,S0,2020,2020-04-20,2020-04-14,2020-04-20,2020-04-21,2020-04-23,2020-04-23,1,0,,0.0190023753,0.0190023753,0.01677148847,1,not_applicable_training_only_probability
temperature_transition,S0,2020,2020-04-21,2020-04-15,2020-04-21,2020-04-22,2020-04-24,2020-04-24,1,0,,0.0190023753,0.0190023753,0.01677148847,1,not_applicable_training_only_probability
temperature_transition,S0,2020,2020-04-22,2020-04-16,2020-04-22,2020-04-23,2020-04-25,2020-04-25,1,0,,0.0190023753,0.0190023753,0.01677148847,1,not_applicable_training_only_probability
temperature_transition,S0,2020,2020-04-23,2020-04-17,2020-04-23,2020-04-24,2020-04-26,2020-04-26,1,0,,0.0190023753,0.0190023753,0.01677148847,1,not_applicable_training_only_probability
temperature_transition,S0,2020,2020-04-24,2020-04-18,2020-04-24,2020-04-25,2020-04-27,2020-04-27,1,0,,0.0190023753,0.0190023753,0.01677148847,1,not_applicable_training_only_probability
temperature_transition,S0,2020,2020-04-25,2020-04-19,2020-04-25,2020-04-26,2020-04-28,2020-04-28,1,0,,0.0190023753,0.0190023753,0.01677148847,1,not_applicable_training_only_probability
temperature_transition,S0,2020,2020-04-26,2020-04-20,2020-04-26,2020-04-27,2020-04-29,2020-04-29,1,0,,0.0190023753,0.0190023753,0.01677148847,1,not_applicable_training_only_probability
temperature_transition,S0,2020,2020-04-27,2020-04-21,2020-04-27,2020-04-28,2020-04-30,2020-04-30,1,0,,0.0190023753,0.0190023753,0.01677148847,1,not_applicable_training_only_probability
temperature_transition,S0,2020,2020-04-28,2020-04-22,2020-04-28,2020-04-29,2020-05-01,2020-05-01,1,0,,0.0190023753,0.0190023753,0.01677148847,1,not_applicable_training_only_probability
temperature_transition,S0,2020,2020-04-29,2020-04-23,2020-04-29,2020-04-30,2020-05-02,2020-05-02,1,0,,0.0190023753,0.0190023753,0.01677148847,1,not_applicable_training_only_probability
temperature_transition,S0,2020,2020-04-30,2020-04-24,2020-04-30,2020-05-01,2020-05-03,2020-05-03,1,0,,0.007027406887,0.007027406887,0.01677148847,0,not_applicable_training_only_probability
temperature_transition,S0,2020,2020-05-01,2020-04-25,2020-05-01,2020-05-02,2020-05-04,2020-05-04,1,0,,0.007027406887,0.007027406887,0.01677148847,0,not_applicable_training_only_probability
temperature_transition,S0,2020,2020-05-02,2020-04-26,2020-05-02,2020-05-03,2020-05-05,2020-05-05,1,0,,0.007027406887,0.007027406887,0.01677148847,0,not_applicable_training_only_probability
temperature_transition,S0,2020,2020-05-03,2020-04-27,2020-05-03,2020-05-04,2020-05-06,2020-05-06,1,0,,0.007027406887,0.007027406887,0.01677148847,0,not_applicable_training_only_probability
temperature_transition,S0,2020,2020-05-04,2020-04-28,2020-05-04,2020-05-05,2020-05-07,2020-05-07,1,0,,0.007027406887,0.007027406887,0.01677148847,0,not_applicable_training_only_probability
temperature_transition,S0,2020,2020-05-05,2020-04-29,2020-05-05,2020-05-06,2020-05-08,2020-05-08,1,0,,0.007027406887,0.007027406887,0.01677148847,0,not_applicable_training_only_probability
temperature_transition,S0,2020,2020-05-06,2020-04-30,2020-05-06,2020-05-07,2020-05-09,2020-05-09,1,0,,0.007027406887,0.007027406887,0.01677148847,0,not_applicable_training_only_probability
temperature_transition,S0,2020,2020-05-07,2020-05-01,2020-05-07,2020-05-08,2020-05-10,2020-05-10,1,0,,0.007027406887,0.007027406887,0.01677148847,0,not_applicable_training_only_probability
temperature_transition,S0,2020,2020-05-08,2020-05-02,2020-05-08,2020-05-09,2020-05-11,2020-05-11,1,0,,0.007027406887,0.007027406887,0.01677148847,0,not_applicable_training_only_probability
temperature_transition,S0,2020,2020-05-09,2020-05-03,2020-05-09,2020-05-10,2020-05-12,2020-05-12,1,0,,0.007027406887,0.007027406887,0.01677148847,0,not_applicable_training_only_probability
temperature_transition,S0,2020,2020-05-10,2020-05-04,2020-05-10,2020-05-11,2020-05-13,2020-05-13,1,0,,0.007027406887,0.007027406887,0.01677148847,0,not_applicable_training_only_probability
temperature_transition,S0,2020,2020-05-11,2020-05-05,2020-05-11,2020-05-12,2020-05-14,2020-05-14,1,0,,0.007027406887,0.007027406887,0.01677148847,0,not_applicable_training_only_probability
temperature_transition,S0,2020,2020-05-12,2020-05-06,2020-05-12,2020-05-13,2020-05-15,2020-05-15,1,0,,0.007027406887,0.007027406887,0.01677148847,0,not_applicable_training_only_probability
temperature_transition,S0,2020,2020-05-13,2020-05-07,2020-05-13,2020-05-14,2020-05-16,2020-05-16,1,0,,0.007027406887,0.007027406887,0.01677148847,0,not_applicable_training_only_probability
temperature_transition,S0,2020,2020-05-14,2020-05-08,2020-05-14,2020-05-15,2020-05-17,2020-05-17,1,0,,0.007027406887,0.007027406887,0.01677148847,0,not_applicable_training_only_probability
temperature_transition,S0,2020,2020-05-15,2020-05-09,2020-05-15,2020-05-16,2020-05-18,2020-05-18,1,0,,0.007027406887,0.007027406887,0.01677148847,0,not_applicable_training_only_probability
temperature_transition,S0,2020,2020-05-16,2020-05-10,2020-05-16,2020-05-17,2020-05-19,2020-05-19,1,0,,0.007027406887,0.007027406887,0.01677148847,0,not_applicable_training_only_probability
temperature_transition,S0,2020,2020-05-17,2020-05-11,2020-05-17,2020-05-18,2020-05-20,2020-05-20,1,0,,0.007027406887,0.007027406887,0.01677148847,0,not_applicable_training_only_probability
temperature_transition,S0,2020,2020-05-18,2020-05-12,2020-05-18,2020-05-19,2020-05-21,2020-05-21,1,0,,0.007027406887,0.007027406887,0.01677148847,0,not_applicable_training_only_probability
temperature_transition,S0,2020,2020-05-19,2020-05-13,2020-05-19,2020-05-20,2020-05-22,2020-05-22,1,0,,0.007027406887,0.007027406887,0.01677148847,0,not_applicable_training_only_probability
temperature_transition,S0,2020,2020-05-20,2020-05-14,2020-05-20,2020-05-21,2020-05-23,2020-05-23,1,0,,0.007027406887,0.007027406887,0.01677148847,0,not_applicable_training_only_probability
temperature_transition,S0,2020,2020-05-21,2020-05-15,2020-05-21,2020-05-22,2020-05-24,2020-05-24,1,0,,0.007027406887,0.007027406887,0.01677148847,0,not_applicable_training_only_probability
temperature_transition,S0,2020,2020-05-22,2020-05-16,2020-05-22,2020-05-23,2020-05-25,2020-05-25,1,0,,0.007027406887,0.007027406887,0.01677148847,0,not_applicable_training_only_probability
temperature_transition,S0,2020,2020-05-23,2020-05-17,2020-05-23,2020-05-24,2020-05-26,2020-05-26,1,0,,0.007027406887,0.007027406887,0.01677148847,0,not_applicable_training_only_probability
temperature_transition,S0,2020,2020-05-24,2020-05-18,2020-05-24,2020-05-25,2020-05-27,2020-05-27,1,0,,0.007027406887,0.007027406887,0.01677148847,0,not_applicable_training_only_probability
temperature_transition,S0,2020,2020-05-25,2020-05-19,2020-05-25,2020-05-26,2020-05-28,2020-05-28,1,0,,0.007027406887,0.007027406887,0.01677148847,0,not_applicable_training_only_probability
temperature_transition,S0,2020,2020-05-26,2020-05-20,2020-05-26,2020-05-27,2020-05-29,2020-05-29,1,0,,0.007027406887,0.007027406887,0.01677148847,0,not_applicable_training_only_probability
temperature_transition,S0,2020,2020-05-27,2020-05-21,2020-05-27,2020-05-28,2020-05-30,2020-05-30,1,0,,0.007027406887,0.007027406887,0.01677148847,0,not_applicable_training_only_probability
temperature_transition,S0,2020,2020-05-28,2020-05-22,2020-05-28,2020-05-29,2020-05-31,2020-05-31,1,0,,0.007027406887,0.007027406887,0.01677148847,0,not_applicable_training_only_probability
temperature_transition,S0,2020,2020-05-29,2020-05-23,2020-05-29,2020-05-30,2020-06-01,2020-06-01,1,0,,0.007027406887,0.007027406887,0.01677148847,0,not_applicable_training_only_probability
temperature_transition,S0,2020,2020-05-30,2020-05-24,2020-05-30,2020-05-31,2020-06-02,2020-06-02,1,0,,0.007027406887,0.007027406887,0.01677148847,0,not_applicable_training_only_probability
temperature_transition,S0,2020,2020-05-31,2020-05-25,2020-05-31,2020-06-01,2020-06-03,2020-06-03,1,0,,0.000748502994,0.000748502994,0.01677148847,0,not_applicable_training_only_probability
temperature_transition,S0,2020,2020-06-01,2020-05-26,2020-06-01,2020-06-02,2020-06-04,2020-06-04,1,0,,0.000748502994,0.000748502994,0.01677148847,0,not_applicable_training_only_probability
temperature_transition,S0,2020,2020-06-02,2020-05-27,2020-06-02,2020-06-03,2020-06-05,2020-06-05,1,0,,0.000748502994,0.000748502994,0.01677148847,0,not_applicable_training_only_probability
temperature_transition,S0,2020,2020-06-03,2020-05-28,2020-06-03,2020-06-04,2020-06-06,2020-06-06,1,0,,0.000748502994,0.000748502994,0.01677148847,0,not_applicable_training_only_probability
temperature_transition,S0,2020,2020-06-04,2020-05-29,2020-06-04,2020-06-05,2020-06-07,2020-06-07,1,0,,0.000748502994,0.000748502994,0.01677148847,0,not_applicable_training_only_probability
temperature_transition,S0,2020,2020-06-05,2020-05-30,2020-06-05,2020-06-06,2020-06-08,2020-06-08,1,0,,0.000748502994,0.000748502994,0.01677148847,0,not_applicable_training_only_probability
temperature_transition,S0,2020,2020-06-06,2020-05-31,2020-06-06,2020-06-07,2020-06-09,2020-06-09,1,0,,0.000748502994,0.000748502994,0.01677148847,0,not_applicable_training_only_probability
temperature_transition,S0,2020,2020-06-07,2020-06-01,2020-06-07,2020-06-08,2020-06-10,2020-06-10,1,0,,0.000748502994,0.000748502994,0.01677148847,0,not_applicable_training_only_probability
temperature_transition,S0,2020,2020-06-08,2020-06-02,2020-06-08,2020-06-09,2020-06-11,2020-06-11,1,0,,0.000748502994,0.000748502994,0.01677148847,0,not_applicable_training_only_probability
temperature_transition,S0,2020,2020-06-09,2020-06-03,2020-06-09,2020-06-10,2020-06-12,2020-06-12,1,0,,0.000748502994,0.000748502994,0.01677148847,0,not_applicable_training_only_probability
temperature_transition,S0,2020,2020-06-10,2020-06-04,2020-06-10,2020-06-11,2020-06-13,2020-06-13,1,0,,0.000748502994,0.000748502994,0.01677148847,0,not_applicable_training_only_probability
temperature_transition,S0,2020,2020-06-11,2020-06-05,2020-06-11,2020-06-12,2020-06-14,2020-06-14,1,0,,0.000748502994,0.000748502994,0.01677148847,0,not_applicable_training_only_probability
temperature_transition,S0,2020,2020-06-12,2020-06-06,2020-06-12,2020-06-13,2020-06-15,2020-06-15,1,0,,0.000748502994,0.000748502994,0.01677148847,0,not_applicable_training_only_probability
temperature_transition,S0,2020,2020-06-13,2020-06-07,2020-06-13,2020-06-14,2020-06-16,2020-06-16,1,0,,0.000748502994,0.000748502994,0.01677148847,0,not_applicable_training_only_probability
temperature_transition,S0,2020,2020-06-14,2020-06-08,2020-06-14,2020-06-15,2020-06-17,2020-06-17,1,0,,0.000748502994,0.000748502994,0.01677148847,0,not_applicable_training_only_probability
temperature_transition,S0,2020,2020-06-15,2020-06-09,2020-06-15,2020-06-16,2020-06-18,2020-06-18,1,0,,0.000748502994,0.000748502994,0.01677148847,0,not_applicable_training_only_probability
temperature_transition,S0,2020,2020-06-16,2020-06-10,2020-06-16,2020-06-17,2020-06-19,2020-06-19,1,0,,0.000748502994,0.000748502994,0.01677148847,0,not_applicable_training_only_probability
temperature_transition,S0,2020,2020-06-17,2020-06-11,2020-06-17,2020-06-18,2020-06-20,2020-06-20,1,0,,0.000748502994,0.000748502994,0.01677148847,0,not_applicable_training_only_probability
temperature_transition,S0,2020,2020-06-18,2020-06-12,2020-06-18,2020-06-19,2020-06-21,2020-06-21,1,0,,0.000748502994,0.000748502994,0.01677148847,0,not_applicable_training_only_probability
temperature_transition,S0,2020,2020-06-19,2020-06-13,2020-06-19,2020-06-20,2020-06-22,2020-06-22,1,0,,0.000748502994,0.000748502994,0.01677148847,0,not_applicable_training_only_probability
temperature_transition,S0,2020,2020-06-20,2020-06-14,2020-06-20,2020-06-21,2020-06-23,2020-06-23,1,0,,0.000748502994,0.000748502994,0.01677148847,0,not_applicable_training_only_probability
temperature_transition,S0,2020,2020-06-21,2020-06-15,2020-06-21,2020-06-22,2020-06-24,2020-06-24,1,0,,0.000748502994,0.000748502994,0.01677148847,0,not_applicable_training_only_probability
temperature_transition,S0,2020,2020-06-22,2020-06-16,2020-06-22,2020-06-23,2020-06-25,2020-06-25,1,0,,0.000748502994,0.000748502994,0.01677148847,0,not_applicable_training_only_probability
temperature_transition,S0,2020,2020-06-23,2020-06-17,2020-06-23,2020-06-24,2020-06-26,2020-06-26,1,0,,0.000748502994,0.000748502994,0.01677148847,0,not_applicable_training_only_probability
temperature_transition,S0,2020,2020-06-24,2020-06-18,2020-06-24,2020-06-25,2020-06-27,2020-06-27,1,0,,0.000748502994,0.000748502994,0.01677148847,0,not_applicable_training_only_probability
temperature_transition,S0,2020,2020-06-25,2020-06-19,2020-06-25,2020-06-26,2020-06-28,2020-06-28,1,0,,0.000748502994,0.000748502994,0.01677148847,0,not_applicable_training_only_probability
temperature_transition,S0,2020,2020-06-26,2020-06-20,2020-06-26,2020-06-27,2020-06-29,2020-06-29,1,0,,0.000748502994,0.000748502994,0.01677148847,0,not_applicable_training_only_probability
temperature_transition,S0,2020,2020-06-27,2020-06-21,2020-06-27,2020-06-28,2020-06-30,2020-06-30,1,0,,0.000748502994,0.000748502994,0.01677148847,0,not_applicable_training_only_probability
temperature_transition,S0,2021,2021-02-28,2021-02-22,2021-02-28,2021-03-01,2021-03-03,2021-03-03,1,0,,0.00539083558,0.00539083558,0.02996365594,0,not_applicable_training_only_probability
temperature_transition,S0,2021,2021-03-01,2021-02-23,2021-03-01,2021-03-02,2021-03-04,2021-03-04,1,0,,0.00539083558,0.00539083558,0.02996365594,0,not_applicable_training_only_probability
temperature_transition,S0,2021,2021-03-02,2021-02-24,2021-03-02,2021-03-03,2021-03-05,2021-03-05,1,0,,0.00539083558,0.00539083558,0.02996365594,0,not_applicable_training_only_probability
temperature_transition,S0,2021,2021-03-03,2021-02-25,2021-03-03,2021-03-04,2021-03-06,2021-03-06,1,0,,0.00539083558,0.00539083558,0.02996365594,0,not_applicable_training_only_probability
temperature_transition,S0,2021,2021-03-04,2021-02-26,2021-03-04,2021-03-05,2021-03-07,2021-03-07,1,0,,0.00539083558,0.00539083558,0.02996365594,0,not_applicable_training_only_probability
temperature_transition,S0,2021,2021-03-05,2021-02-27,2021-03-05,2021-03-06,2021-03-08,2021-03-08,1,0,,0.00539083558,0.00539083558,0.02996365594,0,not_applicable_training_only_probability
temperature_transition,S0,2021,2021-03-06,2021-02-28,2021-03-06,2021-03-07,2021-03-09,2021-03-09,1,0,,0.00539083558,0.00539083558,0.02996365594,0,not_applicable_training_only_probability
temperature_transition,S0,2021,2021-03-07,2021-03-01,2021-03-07,2021-03-08,2021-03-10,2021-03-10,1,0,,0.00539083558,0.00539083558,0.02996365594,0,not_applicable_training_only_probability
temperature_transition,S0,2021,2021-03-08,2021-03-02,2021-03-08,2021-03-09,2021-03-11,2021-03-11,1,0,,0.00539083558,0.00539083558,0.02996365594,0,not_applicable_training_only_probability
temperature_transition,S0,2021,2021-03-09,2021-03-03,2021-03-09,2021-03-10,2021-03-12,2021-03-12,1,0,,0.00539083558,0.00539083558,0.02996365594,0,not_applicable_training_only_probability
temperature_transition,S0,2021,2021-03-10,2021-03-04,2021-03-10,2021-03-11,2021-03-13,2021-03-13,1,0,,0.00539083558,0.00539083558,0.02996365594,0,not_applicable_training_only_probability
temperature_transition,S0,2021,2021-03-11,2021-03-05,2021-03-11,2021-03-12,2021-03-14,2021-03-14,1,0,,0.00539083558,0.00539083558,0.02996365594,0,not_applicable_training_only_probability
temperature_transition,S0,2021,2021-03-12,2021-03-06,2021-03-12,2021-03-13,2021-03-15,2021-03-15,1,0,,0.00539083558,0.00539083558,0.02996365594,0,not_applicable_training_only_probability
temperature_transition,S0,2021,2021-03-13,2021-03-07,2021-03-13,2021-03-14,2021-03-16,2021-03-16,1,0,,0.00539083558,0.00539083558,0.02996365594,0,not_applicable_training_only_probability
temperature_transition,S0,2021,2021-03-14,2021-03-08,2021-03-14,2021-03-15,2021-03-17,2021-03-17,1,0,,0.00539083558,0.00539083558,0.02996365594,0,not_applicable_training_only_probability
temperature_transition,S0,2021,2021-03-15,2021-03-09,2021-03-15,2021-03-16,2021-03-18,2021-03-18,1,0,,0.00539083558,0.00539083558,0.02996365594,0,not_applicable_training_only_probability
temperature_transition,S0,2021,2021-03-16,2021-03-10,2021-03-16,2021-03-17,2021-03-19,2021-03-19,1,0,,0.00539083558,0.00539083558,0.02996365594,0,not_applicable_training_only_probability
temperature_transition,S0,2021,2021-03-17,2021-03-11,2021-03-17,2021-03-18,2021-03-20,2021-03-20,1,0,,0.00539083558,0.00539083558,0.02996365594,0,not_applicable_training_only_probability
temperature_transition,S0,2021,2021-03-18,2021-03-12,2021-03-18,2021-03-19,2021-03-21,2021-03-21,1,0,,0.00539083558,0.00539083558,0.02996365594,0,not_applicable_training_only_probability
temperature_transition,S0,2021,2021-03-19,2021-03-13,2021-03-19,2021-03-20,2021-03-22,2021-03-22,1,0,,0.00539083558,0.00539083558,0.02996365594,0,not_applicable_training_only_probability
temperature_transition,S0,2021,2021-03-20,2021-03-14,2021-03-20,2021-03-21,2021-03-23,2021-03-23,1,0,,0.00539083558,0.00539083558,0.02996365594,0,not_applicable_training_only_probability
temperature_transition,S0,2021,2021-03-21,2021-03-15,2021-03-21,2021-03-22,2021-03-24,2021-03-24,1,0,,0.00539083558,0.00539083558,0.02996365594,0,not_applicable_training_only_probability
temperature_transition,S0,2021,2021-03-22,2021-03-16,2021-03-22,2021-03-23,2021-03-25,2021-03-25,1,0,,0.00539083558,0.00539083558,0.02996365594,0,not_applicable_training_only_probability
temperature_transition,S0,2021,2021-03-23,2021-03-17,2021-03-23,2021-03-24,2021-03-26,2021-03-26,1,0,,0.00539083558,0.00539083558,0.02996365594,0,not_applicable_training_only_probability
temperature_transition,S0,2021,2021-03-24,2021-03-18,2021-03-24,2021-03-25,2021-03-27,2021-03-27,1,0,,0.00539083558,0.00539083558,0.02996365594,0,not_applicable_training_only_probability
temperature_transition,S0,2021,2021-03-25,2021-03-19,2021-03-25,2021-03-26,2021-03-28,2021-03-28,1,0,,0.00539083558,0.00539083558,0.02996365594,0,not_applicable_training_only_probability
temperature_transition,S0,2021,2021-03-26,2021-03-20,2021-03-26,2021-03-27,2021-03-29,2021-03-29,1,0,,0.00539083558,0.00539083558,0.02996365594,0,not_applicable_training_only_probability
temperature_transition,S0,2021,2021-03-27,2021-03-21,2021-03-27,2021-03-28,2021-03-30,2021-03-30,1,0,,0.00539083558,0.00539083558,0.02996365594,0,not_applicable_training_only_probability
temperature_transition,S0,2021,2021-03-28,2021-03-22,2021-03-28,2021-03-29,2021-03-31,2021-03-31,1,0,,0.00539083558,0.00539083558,0.02996365594,0,not_applicable_training_only_probability
temperature_transition,S0,2021,2021-03-29,2021-03-23,2021-03-29,2021-03-30,2021-04-01,2021-04-01,1,0,,0.00539083558,0.00539083558,0.02996365594,0,not_applicable_training_only_probability
temperature_transition,S0,2021,2021-03-30,2021-03-24,2021-03-30,2021-03-31,2021-04-02,2021-04-02,1,0,,0.00539083558,0.00539083558,0.02996365594,0,not_applicable_training_only_probability
temperature_transition,S0,2021,2021-03-31,2021-03-25,2021-03-31,2021-04-01,2021-04-03,2021-04-03,1,0,,0.01857585139,0.01857585139,0.02996365594,0,not_applicable_training_only_probability
temperature_transition,S0,2021,2021-04-01,2021-03-26,2021-04-01,2021-04-02,2021-04-04,2021-04-04,1,0,,0.2686567164,0.2686567164,0.02996365594,1,not_applicable_training_only_probability
temperature_transition,S0,2021,2021-04-02,2021-03-27,2021-04-02,2021-04-03,2021-04-05,2021-04-05,1,0,,0.01857585139,0.01857585139,0.02996365594,0,not_applicable_training_only_probability
temperature_transition,S0,2021,2021-04-03,2021-03-28,2021-04-03,2021-04-04,2021-04-06,2021-04-06,1,0,,0.01857585139,0.01857585139,0.02996365594,0,not_applicable_training_only_probability
temperature_transition,S0,2021,2021-04-04,2021-03-29,2021-04-04,2021-04-05,2021-04-07,2021-04-07,1,0,,0.01857585139,0.01857585139,0.02996365594,0,not_applicable_training_only_probability
temperature_transition,S0,2021,2021-04-05,2021-03-30,2021-04-05,2021-04-06,2021-04-08,2021-04-08,1,0,,0.01857585139,0.01857585139,0.02996365594,0,not_applicable_training_only_probability
temperature_transition,S0,2021,2021-04-06,2021-03-31,2021-04-06,2021-04-07,2021-04-09,2021-04-09,1,0,,0.01857585139,0.01857585139,0.02996365594,0,not_applicable_training_only_probability
temperature_transition,S0,2021,2021-04-07,2021-04-01,2021-04-07,2021-04-08,2021-04-10,2021-04-10,1,0,,0.01857585139,0.01857585139,0.02996365594,0,not_applicable_training_only_probability
temperature_transition,S0,2021,2021-04-08,2021-04-02,2021-04-08,2021-04-09,2021-04-11,2021-04-11,1,0,,0.01857585139,0.01857585139,0.02996365594,0,not_applicable_training_only_probability
temperature_transition,S0,2021,2021-04-09,2021-04-03,2021-04-09,2021-04-10,2021-04-12,2021-04-12,1,0,,0.01857585139,0.01857585139,0.02996365594,0,not_applicable_training_only_probability
temperature_transition,S0,2021,2021-04-10,2021-04-04,2021-04-10,2021-04-11,2021-04-13,2021-04-13,1,0,,0.01857585139,0.01857585139,0.02996365594,0,not_applicable_training_only_probability
temperature_transition,S0,2021,2021-04-11,2021-04-05,2021-04-11,2021-04-12,2021-04-14,2021-04-14,1,1,fixed36_0040,0.01857585139,0.01857585139,0.02996365594,0,not_applicable_training_only_probability
temperature_transition,S0,2021,2021-04-12,2021-04-06,2021-04-12,2021-04-13,2021-04-15,2021-04-15,1,0,,0.2686567164,0.2686567164,0.02996365594,1,not_applicable_training_only_probability
temperature_transition,S0,2021,2021-04-13,2021-04-07,2021-04-13,2021-04-14,2021-04-16,2021-04-16,1,0,,0.4166666667,0.4166666667,0.02996365594,1,not_applicable_training_only_probability
temperature_transition,S0,2021,2021-04-14,2021-04-08,2021-04-14,2021-04-15,2021-04-17,2021-04-17,1,0,,0.3493975904,0.3493975904,0.02996365594,1,not_applicable_training_only_probability
temperature_transition,S0,2021,2021-04-15,2021-04-09,2021-04-15,2021-04-16,2021-04-18,2021-04-18,1,0,,0.01857585139,0.01857585139,0.02996365594,0,not_applicable_training_only_probability
temperature_transition,S0,2021,2021-04-16,2021-04-10,2021-04-16,2021-04-17,2021-04-19,2021-04-19,1,0,,0.01857585139,0.01857585139,0.02996365594,0,not_applicable_training_only_probability
temperature_transition,S0,2021,2021-04-17,2021-04-11,2021-04-17,2021-04-18,2021-04-20,2021-04-20,1,0,,0.01857585139,0.01857585139,0.02996365594,0,not_applicable_training_only_probability
temperature_transition,S0,2021,2021-04-18,2021-04-12,2021-04-18,2021-04-19,2021-04-21,2021-04-21,1,1,fixed36_0041,0.01857585139,0.01857585139,0.02996365594,0,not_applicable_training_only_probability
temperature_transition,S0,2021,2021-04-19,2021-04-13,2021-04-19,2021-04-20,2021-04-22,2021-04-22,1,0,,0.2686567164,0.2686567164,0.02996365594,1,not_applicable_training_only_probability
temperature_transition,S0,2021,2021-04-20,2021-04-14,2021-04-20,2021-04-21,2021-04-23,2021-04-23,1,0,,0.4166666667,0.4166666667,0.02996365594,1,not_applicable_training_only_probability
temperature_transition,S0,2021,2021-04-21,2021-04-15,2021-04-21,2021-04-22,2021-04-24,2021-04-24,1,0,,0.3493975904,0.3493975904,0.02996365594,1,not_applicable_training_only_probability
temperature_transition,S0,2021,2021-04-22,2021-04-16,2021-04-22,2021-04-23,2021-04-25,2021-04-25,1,0,,0.01857585139,0.01857585139,0.02996365594,0,not_applicable_training_only_probability
temperature_transition,S0,2021,2021-04-23,2021-04-17,2021-04-23,2021-04-24,2021-04-26,2021-04-26,1,1,fixed36_0042,0.01857585139,0.01857585139,0.02996365594,0,not_applicable_training_only_probability
temperature_transition,S0,2021,2021-04-24,2021-04-18,2021-04-24,2021-04-25,2021-04-27,2021-04-27,1,1,fixed36_0042,0.2686567164,0.2686567164,0.02996365594,1,not_applicable_training_only_probability
temperature_transition,S0,2021,2021-04-25,2021-04-19,2021-04-25,2021-04-26,2021-04-28,2021-04-28,1,1,fixed36_0042,0.4166666667,0.4166666667,0.02996365594,1,not_applicable_training_only_probability
temperature_transition,S0,2021,2021-04-26,2021-04-20,2021-04-26,2021-04-27,2021-04-29,2021-04-29,1,1,fixed36_0042,0.3493975904,0.3493975904,0.02996365594,1,not_applicable_training_only_probability
temperature_transition,S0,2021,2021-04-27,2021-04-21,2021-04-27,2021-04-28,2021-04-30,2021-04-30,1,0,,0.3493975904,0.3493975904,0.02996365594,1,not_applicable_training_only_probability
temperature_transition,S0,2021,2021-04-28,2021-04-22,2021-04-28,2021-04-29,2021-05-01,2021-05-01,1,0,,0.3493975904,0.3493975904,0.02996365594,1,not_applicable_training_only_probability
temperature_transition,S0,2021,2021-04-29,2021-04-23,2021-04-29,2021-04-30,2021-05-02,2021-05-02,1,0,,0.3493975904,0.3493975904,0.02996365594,1,not_applicable_training_only_probability
temperature_transition,S0,2021,2021-04-30,2021-04-24,2021-04-30,2021-05-01,2021-05-03,2021-05-03,1,0,,0.006877579092,0.006877579092,0.02996365594,0,not_applicable_training_only_probability
temperature_transition,S0,2021,2021-05-01,2021-04-25,2021-05-01,2021-05-02,2021-05-04,2021-05-04,1,0,,0.006877579092,0.006877579092,0.02996365594,0,not_applicable_training_only_probability
temperature_transition,S0,2021,2021-05-02,2021-04-26,2021-05-02,2021-05-03,2021-05-05,2021-05-05,1,0,,0.006877579092,0.006877579092,0.02996365594,0,not_applicable_training_only_probability
temperature_transition,S0,2021,2021-05-03,2021-04-27,2021-05-03,2021-05-04,2021-05-06,2021-05-06,1,0,,0.006877579092,0.006877579092,0.02996365594,0,not_applicable_training_only_probability
temperature_transition,S0,2021,2021-05-04,2021-04-28,2021-05-04,2021-05-05,2021-05-07,2021-05-07,1,0,,0.006877579092,0.006877579092,0.02996365594,0,not_applicable_training_only_probability
temperature_transition,S0,2021,2021-05-05,2021-04-29,2021-05-05,2021-05-06,2021-05-08,2021-05-08,1,0,,0.006877579092,0.006877579092,0.02996365594,0,not_applicable_training_only_probability
temperature_transition,S0,2021,2021-05-06,2021-04-30,2021-05-06,2021-05-07,2021-05-09,2021-05-09,1,0,,0.006877579092,0.006877579092,0.02996365594,0,not_applicable_training_only_probability
temperature_transition,S0,2021,2021-05-07,2021-05-01,2021-05-07,2021-05-08,2021-05-10,2021-05-10,1,0,,0.006877579092,0.006877579092,0.02996365594,0,not_applicable_training_only_probability
temperature_transition,S0,2021,2021-05-08,2021-05-02,2021-05-08,2021-05-09,2021-05-11,2021-05-11,1,0,,0.006877579092,0.006877579092,0.02996365594,0,not_applicable_training_only_probability
temperature_transition,S0,2021,2021-05-09,2021-05-03,2021-05-09,2021-05-10,2021-05-12,2021-05-12,1,0,,0.006877579092,0.006877579092,0.02996365594,0,not_applicable_training_only_probability
temperature_transition,S0,2021,2021-05-10,2021-05-04,2021-05-10,2021-05-11,2021-05-13,2021-05-13,1,0,,0.006877579092,0.006877579092,0.02996365594,0,not_applicable_training_only_probability
temperature_transition,S0,2021,2021-05-11,2021-05-05,2021-05-11,2021-05-12,2021-05-14,2021-05-14,1,0,,0.006877579092,0.006877579092,0.02996365594,0,not_applicable_training_only_probability
temperature_transition,S0,2021,2021-05-12,2021-05-06,2021-05-12,2021-05-13,2021-05-15,2021-05-15,1,0,,0.006877579092,0.006877579092,0.02996365594,0,not_applicable_training_only_probability
temperature_transition,S0,2021,2021-05-13,2021-05-07,2021-05-13,2021-05-14,2021-05-16,2021-05-16,1,0,,0.006877579092,0.006877579092,0.02996365594,0,not_applicable_training_only_probability
temperature_transition,S0,2021,2021-05-14,2021-05-08,2021-05-14,2021-05-15,2021-05-17,2021-05-17,1,0,,0.006877579092,0.006877579092,0.02996365594,0,not_applicable_training_only_probability
temperature_transition,S0,2021,2021-05-15,2021-05-09,2021-05-15,2021-05-16,2021-05-18,2021-05-18,1,0,,0.006877579092,0.006877579092,0.02996365594,0,not_applicable_training_only_probability
temperature_transition,S0,2021,2021-05-16,2021-05-10,2021-05-16,2021-05-17,2021-05-19,2021-05-19,1,0,,0.006877579092,0.006877579092,0.02996365594,0,not_applicable_training_only_probability
temperature_transition,S0,2021,2021-05-17,2021-05-11,2021-05-17,2021-05-18,2021-05-20,2021-05-20,1,0,,0.006877579092,0.006877579092,0.02996365594,0,not_applicable_training_only_probability
temperature_transition,S0,2021,2021-05-18,2021-05-12,2021-05-18,2021-05-19,2021-05-21,2021-05-21,1,0,,0.006877579092,0.006877579092,0.02996365594,0,not_applicable_training_only_probability
temperature_transition,S0,2021,2021-05-19,2021-05-13,2021-05-19,2021-05-20,2021-05-22,2021-05-22,1,0,,0.006877579092,0.006877579092,0.02996365594,0,not_applicable_training_only_probability
temperature_transition,S0,2021,2021-05-20,2021-05-14,2021-05-20,2021-05-21,2021-05-23,2021-05-23,1,0,,0.006877579092,0.006877579092,0.02996365594,0,not_applicable_training_only_probability
temperature_transition,S0,2021,2021-05-21,2021-05-15,2021-05-21,2021-05-22,2021-05-24,2021-05-24,1,0,,0.006877579092,0.006877579092,0.02996365594,0,not_applicable_training_only_probability
temperature_transition,S0,2021,2021-05-22,2021-05-16,2021-05-22,2021-05-23,2021-05-25,2021-05-25,1,0,,0.347826087,0.347826087,0.02996365594,1,not_applicable_training_only_probability
temperature_transition,S0,2021,2021-05-23,2021-05-17,2021-05-23,2021-05-24,2021-05-26,2021-05-26,1,0,,0.3125,0.3125,0.02996365594,1,not_applicable_training_only_probability
temperature_transition,S0,2021,2021-05-24,2021-05-18,2021-05-24,2021-05-25,2021-05-27,2021-05-27,1,0,,0.006877579092,0.006877579092,0.02996365594,0,not_applicable_training_only_probability
temperature_transition,S0,2021,2021-05-25,2021-05-19,2021-05-25,2021-05-26,2021-05-28,2021-05-28,1,0,,0.006877579092,0.006877579092,0.02996365594,0,not_applicable_training_only_probability
temperature_transition,S0,2021,2021-05-26,2021-05-20,2021-05-26,2021-05-27,2021-05-29,2021-05-29,1,0,,0.006877579092,0.006877579092,0.02996365594,0,not_applicable_training_only_probability
temperature_transition,S0,2021,2021-05-27,2021-05-21,2021-05-27,2021-05-28,2021-05-30,2021-05-30,1,0,,0.006877579092,0.006877579092,0.02996365594,0,not_applicable_training_only_probability
temperature_transition,S0,2021,2021-05-28,2021-05-22,2021-05-28,2021-05-29,2021-05-31,2021-05-31,1,0,,0.006877579092,0.006877579092,0.02996365594,0,not_applicable_training_only_probability
temperature_transition,S0,2021,2021-05-29,2021-05-23,2021-05-29,2021-05-30,2021-06-01,2021-06-01,1,0,,0.006877579092,0.006877579092,0.02996365594,0,not_applicable_training_only_probability
temperature_transition,S0,2021,2021-05-30,2021-05-24,2021-05-30,2021-05-31,2021-06-02,2021-06-02,1,0,,0.006877579092,0.006877579092,0.02996365594,0,not_applicable_training_only_probability
temperature_transition,S0,2021,2021-05-31,2021-05-25,2021-05-31,2021-06-01,2021-06-03,2021-06-03,1,0,,0.0007331378299,0.0007331378299,0.02996365594,0,not_applicable_training_only_probability
temperature_transition,S0,2021,2021-06-01,2021-05-26,2021-06-01,2021-06-02,2021-06-04,2021-06-04,1,0,,0.0007331378299,0.0007331378299,0.02996365594,0,not_applicable_training_only_probability
temperature_transition,S0,2021,2021-06-02,2021-05-27,2021-06-02,2021-06-03,2021-06-05,2021-06-05,1,0,,0.0007331378299,0.0007331378299,0.02996365594,0,not_applicable_training_only_probability
temperature_transition,S0,2021,2021-06-03,2021-05-28,2021-06-03,2021-06-04,2021-06-06,2021-06-06,1,0,,0.0007331378299,0.0007331378299,0.02996365594,0,not_applicable_training_only_probability
temperature_transition,S0,2021,2021-06-04,2021-05-29,2021-06-04,2021-06-05,2021-06-07,2021-06-07,1,0,,0.0007331378299,0.0007331378299,0.02996365594,0,not_applicable_training_only_probability
temperature_transition,S0,2021,2021-06-05,2021-05-30,2021-06-05,2021-06-06,2021-06-08,2021-06-08,1,0,,0.0007331378299,0.0007331378299,0.02996365594,0,not_applicable_training_only_probability
temperature_transition,S0,2021,2021-06-06,2021-05-31,2021-06-06,2021-06-07,2021-06-09,2021-06-09,1,0,,0.0007331378299,0.0007331378299,0.02996365594,0,not_applicable_training_only_probability
temperature_transition,S0,2021,2021-06-07,2021-06-01,2021-06-07,2021-06-08,2021-06-10,2021-06-10,1,0,,0.0007331378299,0.0007331378299,0.02996365594,0,not_applicable_training_only_probability
temperature_transition,S0,2021,2021-06-08,2021-06-02,2021-06-08,2021-06-09,2021-06-11,2021-06-11,1,0,,0.0007331378299,0.0007331378299,0.02996365594,0,not_applicable_training_only_probability
temperature_transition,S0,2021,2021-06-09,2021-06-03,2021-06-09,2021-06-10,2021-06-12,2021-06-12,1,0,,0.0007331378299,0.0007331378299,0.02996365594,0,not_applicable_training_only_probability
temperature_transition,S0,2021,2021-06-10,2021-06-04,2021-06-10,2021-06-11,2021-06-13,2021-06-13,1,0,,0.0007331378299,0.0007331378299,0.02996365594,0,not_applicable_training_only_probability
temperature_transition,S0,2021,2021-06-11,2021-06-05,2021-06-11,2021-06-12,2021-06-14,2021-06-14,1,0,,0.0007331378299,0.0007331378299,0.02996365594,0,not_applicable_training_only_probability
temperature_transition,S0,2021,2021-06-12,2021-06-06,2021-06-12,2021-06-13,2021-06-15,2021-06-15,1,0,,0.0007331378299,0.0007331378299,0.02996365594,0,not_applicable_training_only_probability
temperature_transition,S0,2021,2021-06-13,2021-06-07,2021-06-13,2021-06-14,2021-06-16,2021-06-16,1,0,,0.0007331378299,0.0007331378299,0.02996365594,0,not_applicable_training_only_probability
temperature_transition,S0,2021,2021-06-14,2021-06-08,2021-06-14,2021-06-15,2021-06-17,2021-06-17,1,0,,0.0007331378299,0.0007331378299,0.02996365594,0,not_applicable_training_only_probability
temperature_transition,S0,2021,2021-06-15,2021-06-09,2021-06-15,2021-06-16,2021-06-18,2021-06-18,1,0,,0.0007331378299,0.0007331378299,0.02996365594,0,not_applicable_training_only_probability
temperature_transition,S0,2021,2021-06-16,2021-06-10,2021-06-16,2021-06-17,2021-06-19,2021-06-19,1,0,,0.0007331378299,0.0007331378299,0.02996365594,0,not_applicable_training_only_probability
temperature_transition,S0,2021,2021-06-17,2021-06-11,2021-06-17,2021-06-18,2021-06-20,2021-06-20,1,0,,0.0007331378299,0.0007331378299,0.02996365594,0,not_applicable_training_only_probability
temperature_transition,S0,2021,2021-06-18,2021-06-12,2021-06-18,2021-06-19,2021-06-21,2021-06-21,1,0,,0.0007331378299,0.0007331378299,0.02996365594,0,not_applicable_training_only_probability
temperature_transition,S0,2021,2021-06-19,2021-06-13,2021-06-19,2021-06-20,2021-06-22,2021-06-22,1,0,,0.0007331378299,0.0007331378299,0.02996365594,0,not_applicable_training_only_probability
temperature_transition,S0,2021,2021-06-20,2021-06-14,2021-06-20,2021-06-21,2021-06-23,2021-06-23,1,0,,0.0007331378299,0.0007331378299,0.02996365594,0,not_applicable_training_only_probability
temperature_transition,S0,2021,2021-06-21,2021-06-15,2021-06-21,2021-06-22,2021-06-24,2021-06-24,1,0,,0.0007331378299,0.0007331378299,0.02996365594,0,not_applicable_training_only_probability
temperature_transition,S0,2021,2021-06-22,2021-06-16,2021-06-22,2021-06-23,2021-06-25,2021-06-25,1,0,,0.0007331378299,0.0007331378299,0.02996365594,0,not_applicable_training_only_probability
temperature_transition,S0,2021,2021-06-23,2021-06-17,2021-06-23,2021-06-24,2021-06-26,2021-06-26,1,0,,0.0007331378299,0.0007331378299,0.02996365594,0,not_applicable_training_only_probability
temperature_transition,S0,2021,2021-06-24,2021-06-18,2021-06-24,2021-06-25,2021-06-27,2021-06-27,1,0,,0.0007331378299,0.0007331378299,0.02996365594,0,not_applicable_training_only_probability
temperature_transition,S0,2021,2021-06-25,2021-06-19,2021-06-25,2021-06-26,2021-06-28,2021-06-28,1,0,,0.0007331378299,0.0007331378299,0.02996365594,0,not_applicable_training_only_probability
temperature_transition,S0,2021,2021-06-26,2021-06-20,2021-06-26,2021-06-27,2021-06-29,2021-06-29,1,0,,0.0007331378299,0.0007331378299,0.02996365594,0,not_applicable_training_only_probability
temperature_transition,S0,2021,2021-06-27,2021-06-21,2021-06-27,2021-06-28,2021-06-30,2021-06-30,1,0,,0.0007331378299,0.0007331378299,0.02996365594,0,not_applicable_training_only_probability
temperature_transition,S0,2022,2022-02-28,2022-02-22,2022-02-28,2022-03-01,2022-03-03,2022-03-03,1,0,,0.005280528053,0.005280528053,0.01914311759,0,not_applicable_training_only_probability
temperature_transition,S0,2022,2022-03-01,2022-02-23,2022-03-01,2022-03-02,2022-03-04,2022-03-04,1,0,,0.005280528053,0.005280528053,0.01914311759,0,not_applicable_training_only_probability
temperature_transition,S0,2022,2022-03-02,2022-02-24,2022-03-02,2022-03-03,2022-03-05,2022-03-05,1,0,,0.005280528053,0.005280528053,0.01914311759,0,not_applicable_training_only_probability
temperature_transition,S0,2022,2022-03-03,2022-02-25,2022-03-03,2022-03-04,2022-03-06,2022-03-06,1,0,,0.005280528053,0.005280528053,0.01914311759,0,not_applicable_training_only_probability
temperature_transition,S0,2022,2022-03-04,2022-02-26,2022-03-04,2022-03-05,2022-03-07,2022-03-07,1,0,,0.005280528053,0.005280528053,0.01914311759,0,not_applicable_training_only_probability
temperature_transition,S0,2022,2022-03-05,2022-02-27,2022-03-05,2022-03-06,2022-03-08,2022-03-08,1,0,,0.005280528053,0.005280528053,0.01914311759,0,not_applicable_training_only_probability
temperature_transition,S0,2022,2022-03-06,2022-02-28,2022-03-06,2022-03-07,2022-03-09,2022-03-09,1,0,,0.005280528053,0.005280528053,0.01914311759,0,not_applicable_training_only_probability
temperature_transition,S0,2022,2022-03-07,2022-03-01,2022-03-07,2022-03-08,2022-03-10,2022-03-10,1,0,,0.005280528053,0.005280528053,0.01914311759,0,not_applicable_training_only_probability
temperature_transition,S0,2022,2022-03-08,2022-03-02,2022-03-08,2022-03-09,2022-03-11,2022-03-11,1,0,,0.005280528053,0.005280528053,0.01914311759,0,not_applicable_training_only_probability
temperature_transition,S0,2022,2022-03-09,2022-03-03,2022-03-09,2022-03-10,2022-03-12,2022-03-12,1,0,,0.005280528053,0.005280528053,0.01914311759,0,not_applicable_training_only_probability
temperature_transition,S0,2022,2022-03-10,2022-03-04,2022-03-10,2022-03-11,2022-03-13,2022-03-13,1,0,,0.005280528053,0.005280528053,0.01914311759,0,not_applicable_training_only_probability
temperature_transition,S0,2022,2022-03-11,2022-03-05,2022-03-11,2022-03-12,2022-03-14,2022-03-14,1,0,,0.005280528053,0.005280528053,0.01914311759,0,not_applicable_training_only_probability
temperature_transition,S0,2022,2022-03-12,2022-03-06,2022-03-12,2022-03-13,2022-03-15,2022-03-15,1,0,,0.005280528053,0.005280528053,0.01914311759,0,not_applicable_training_only_probability
temperature_transition,S0,2022,2022-03-13,2022-03-07,2022-03-13,2022-03-14,2022-03-16,2022-03-16,1,0,,0.005280528053,0.005280528053,0.01914311759,0,not_applicable_training_only_probability
temperature_transition,S0,2022,2022-03-14,2022-03-08,2022-03-14,2022-03-15,2022-03-17,2022-03-17,1,0,,0.005280528053,0.005280528053,0.01914311759,0,not_applicable_training_only_probability
temperature_transition,S0,2022,2022-03-15,2022-03-09,2022-03-15,2022-03-16,2022-03-18,2022-03-18,1,0,,0.005280528053,0.005280528053,0.01914311759,0,not_applicable_training_only_probability
temperature_transition,S0,2022,2022-03-16,2022-03-10,2022-03-16,2022-03-17,2022-03-19,2022-03-19,1,0,,0.005280528053,0.005280528053,0.01914311759,0,not_applicable_training_only_probability
temperature_transition,S0,2022,2022-03-17,2022-03-11,2022-03-17,2022-03-18,2022-03-20,2022-03-20,1,0,,0.005280528053,0.005280528053,0.01914311759,0,not_applicable_training_only_probability
temperature_transition,S0,2022,2022-03-18,2022-03-12,2022-03-18,2022-03-19,2022-03-21,2022-03-21,1,0,,0.005280528053,0.005280528053,0.01914311759,0,not_applicable_training_only_probability
temperature_transition,S0,2022,2022-03-19,2022-03-13,2022-03-19,2022-03-20,2022-03-22,2022-03-22,1,0,,0.005280528053,0.005280528053,0.01914311759,0,not_applicable_training_only_probability
temperature_transition,S0,2022,2022-03-20,2022-03-14,2022-03-20,2022-03-21,2022-03-23,2022-03-23,1,0,,0.005280528053,0.005280528053,0.01914311759,0,not_applicable_training_only_probability
temperature_transition,S0,2022,2022-03-21,2022-03-15,2022-03-21,2022-03-22,2022-03-24,2022-03-24,1,0,,0.005280528053,0.005280528053,0.01914311759,0,not_applicable_training_only_probability
temperature_transition,S0,2022,2022-03-22,2022-03-16,2022-03-22,2022-03-23,2022-03-25,2022-03-25,1,0,,0.005280528053,0.005280528053,0.01914311759,0,not_applicable_training_only_probability
temperature_transition,S0,2022,2022-03-23,2022-03-17,2022-03-23,2022-03-24,2022-03-26,2022-03-26,1,0,,0.005280528053,0.005280528053,0.01914311759,0,not_applicable_training_only_probability
temperature_transition,S0,2022,2022-03-24,2022-03-18,2022-03-24,2022-03-25,2022-03-27,2022-03-27,1,0,,0.005280528053,0.005280528053,0.01914311759,0,not_applicable_training_only_probability
temperature_transition,S0,2022,2022-03-25,2022-03-19,2022-03-25,2022-03-26,2022-03-28,2022-03-28,1,0,,0.005280528053,0.005280528053,0.01914311759,0,not_applicable_training_only_probability
temperature_transition,S0,2022,2022-03-26,2022-03-20,2022-03-26,2022-03-27,2022-03-29,2022-03-29,1,0,,0.005280528053,0.005280528053,0.01914311759,0,not_applicable_training_only_probability
temperature_transition,S0,2022,2022-03-27,2022-03-21,2022-03-27,2022-03-28,2022-03-30,2022-03-30,1,0,,0.005280528053,0.005280528053,0.01914311759,0,not_applicable_training_only_probability
temperature_transition,S0,2022,2022-03-28,2022-03-22,2022-03-28,2022-03-29,2022-03-31,2022-03-31,1,0,,0.005280528053,0.005280528053,0.01914311759,0,not_applicable_training_only_probability
temperature_transition,S0,2022,2022-03-29,2022-03-23,2022-03-29,2022-03-30,2022-04-01,2022-04-01,1,0,,0.005280528053,0.005280528053,0.01914311759,0,not_applicable_training_only_probability
temperature_transition,S0,2022,2022-03-30,2022-03-24,2022-03-30,2022-03-31,2022-04-02,2022-04-02,1,0,,0.005280528053,0.005280528053,0.01914311759,0,not_applicable_training_only_probability
temperature_transition,S0,2022,2022-03-31,2022-03-25,2022-03-31,2022-04-01,2022-04-03,2022-04-03,1,0,,0.02062643239,0.02062643239,0.01914311759,1,not_applicable_training_only_probability
temperature_transition,S0,2022,2022-04-01,2022-03-26,2022-04-01,2022-04-02,2022-04-04,2022-04-04,1,0,,0.02062643239,0.02062643239,0.01914311759,1,not_applicable_training_only_probability
temperature_transition,S0,2022,2022-04-02,2022-03-27,2022-04-02,2022-04-03,2022-04-05,2022-04-05,1,0,,0.02062643239,0.02062643239,0.01914311759,1,not_applicable_training_only_probability
temperature_transition,S0,2022,2022-04-03,2022-03-28,2022-04-03,2022-04-04,2022-04-06,2022-04-06,1,0,,0.02062643239,0.02062643239,0.01914311759,1,not_applicable_training_only_probability
temperature_transition,S0,2022,2022-04-04,2022-03-29,2022-04-04,2022-04-05,2022-04-07,2022-04-07,1,0,,0.02062643239,0.02062643239,0.01914311759,1,not_applicable_training_only_probability
temperature_transition,S0,2022,2022-04-05,2022-03-30,2022-04-05,2022-04-06,2022-04-08,2022-04-08,1,0,,0.02062643239,0.02062643239,0.01914311759,1,not_applicable_training_only_probability
temperature_transition,S0,2022,2022-04-06,2022-03-31,2022-04-06,2022-04-07,2022-04-09,2022-04-09,1,0,,0.02062643239,0.02062643239,0.01914311759,1,not_applicable_training_only_probability
temperature_transition,S0,2022,2022-04-07,2022-04-01,2022-04-07,2022-04-08,2022-04-10,2022-04-10,1,0,,0.02062643239,0.02062643239,0.01914311759,1,not_applicable_training_only_probability
temperature_transition,S0,2022,2022-04-08,2022-04-02,2022-04-08,2022-04-09,2022-04-11,2022-04-11,1,0,,0.02062643239,0.02062643239,0.01914311759,1,not_applicable_training_only_probability
temperature_transition,S0,2022,2022-04-09,2022-04-03,2022-04-09,2022-04-10,2022-04-12,2022-04-12,1,0,,0.02062643239,0.02062643239,0.01914311759,1,not_applicable_training_only_probability
temperature_transition,S0,2022,2022-04-10,2022-04-04,2022-04-10,2022-04-11,2022-04-13,2022-04-13,1,0,,0.02062643239,0.02062643239,0.01914311759,1,not_applicable_training_only_probability
temperature_transition,S0,2022,2022-04-11,2022-04-05,2022-04-11,2022-04-12,2022-04-14,2022-04-14,1,0,,0.02062643239,0.02062643239,0.01914311759,1,not_applicable_training_only_probability
temperature_transition,S0,2022,2022-04-12,2022-04-06,2022-04-12,2022-04-13,2022-04-15,2022-04-15,1,0,,0.02062643239,0.02062643239,0.01914311759,1,not_applicable_training_only_probability
temperature_transition,S0,2022,2022-04-13,2022-04-07,2022-04-13,2022-04-14,2022-04-16,2022-04-16,1,0,,0.02062643239,0.02062643239,0.01914311759,1,not_applicable_training_only_probability
temperature_transition,S0,2022,2022-04-14,2022-04-08,2022-04-14,2022-04-15,2022-04-17,2022-04-17,1,0,,0.02062643239,0.02062643239,0.01914311759,1,not_applicable_training_only_probability
temperature_transition,S0,2022,2022-04-15,2022-04-09,2022-04-15,2022-04-16,2022-04-18,2022-04-18,1,0,,0.02062643239,0.02062643239,0.01914311759,1,not_applicable_training_only_probability
temperature_transition,S0,2022,2022-04-16,2022-04-10,2022-04-16,2022-04-17,2022-04-19,2022-04-19,1,0,,0.02062643239,0.02062643239,0.01914311759,1,not_applicable_training_only_probability
temperature_transition,S0,2022,2022-04-17,2022-04-11,2022-04-17,2022-04-18,2022-04-20,2022-04-20,1,0,,0.02062643239,0.02062643239,0.01914311759,1,not_applicable_training_only_probability
temperature_transition,S0,2022,2022-04-18,2022-04-12,2022-04-18,2022-04-19,2022-04-21,2022-04-21,1,0,,0.02062643239,0.02062643239,0.01914311759,1,not_applicable_training_only_probability
temperature_transition,S0,2022,2022-04-19,2022-04-13,2022-04-19,2022-04-20,2022-04-22,2022-04-22,1,0,,0.02062643239,0.02062643239,0.01914311759,1,not_applicable_training_only_probability
temperature_transition,S0,2022,2022-04-20,2022-04-14,2022-04-20,2022-04-21,2022-04-23,2022-04-23,1,0,,0.02062643239,0.02062643239,0.01914311759,1,not_applicable_training_only_probability
temperature_transition,S0,2022,2022-04-21,2022-04-15,2022-04-21,2022-04-22,2022-04-24,2022-04-24,1,0,,0.02062643239,0.02062643239,0.01914311759,1,not_applicable_training_only_probability
temperature_transition,S0,2022,2022-04-22,2022-04-16,2022-04-22,2022-04-23,2022-04-25,2022-04-25,1,0,,0.02062643239,0.02062643239,0.01914311759,1,not_applicable_training_only_probability
temperature_transition,S0,2022,2022-04-23,2022-04-17,2022-04-23,2022-04-24,2022-04-26,2022-04-26,1,0,,0.02062643239,0.02062643239,0.01914311759,1,not_applicable_training_only_probability
temperature_transition,S0,2022,2022-04-24,2022-04-18,2022-04-24,2022-04-25,2022-04-27,2022-04-27,1,0,,0.02062643239,0.02062643239,0.01914311759,1,not_applicable_training_only_probability
temperature_transition,S0,2022,2022-04-25,2022-04-19,2022-04-25,2022-04-26,2022-04-28,2022-04-28,1,0,,0.02062643239,0.02062643239,0.01914311759,1,not_applicable_training_only_probability
temperature_transition,S0,2022,2022-04-26,2022-04-20,2022-04-26,2022-04-27,2022-04-29,2022-04-29,1,0,,0.02062643239,0.02062643239,0.01914311759,1,not_applicable_training_only_probability
temperature_transition,S0,2022,2022-04-27,2022-04-21,2022-04-27,2022-04-28,2022-04-30,2022-04-30,1,0,,0.02062643239,0.02062643239,0.01914311759,1,not_applicable_training_only_probability
temperature_transition,S0,2022,2022-04-28,2022-04-22,2022-04-28,2022-04-29,2022-05-01,2022-05-01,1,0,,0.02062643239,0.02062643239,0.01914311759,1,not_applicable_training_only_probability
temperature_transition,S0,2022,2022-04-29,2022-04-23,2022-04-29,2022-04-30,2022-05-02,2022-05-02,1,0,,0.02062643239,0.02062643239,0.01914311759,1,not_applicable_training_only_probability
temperature_transition,S0,2022,2022-04-30,2022-04-24,2022-04-30,2022-05-01,2022-05-03,2022-05-03,1,0,,0.006743088334,0.006743088334,0.01914311759,0,not_applicable_training_only_probability
temperature_transition,S0,2022,2022-05-01,2022-04-25,2022-05-01,2022-05-02,2022-05-04,2022-05-04,1,0,,0.006743088334,0.006743088334,0.01914311759,0,not_applicable_training_only_probability
temperature_transition,S0,2022,2022-05-02,2022-04-26,2022-05-02,2022-05-03,2022-05-05,2022-05-05,1,0,,0.006743088334,0.006743088334,0.01914311759,0,not_applicable_training_only_probability
temperature_transition,S0,2022,2022-05-03,2022-04-27,2022-05-03,2022-05-04,2022-05-06,2022-05-06,1,0,,0.006743088334,0.006743088334,0.01914311759,0,not_applicable_training_only_probability
temperature_transition,S0,2022,2022-05-04,2022-04-28,2022-05-04,2022-05-05,2022-05-07,2022-05-07,1,0,,0.006743088334,0.006743088334,0.01914311759,0,not_applicable_training_only_probability
temperature_transition,S0,2022,2022-05-05,2022-04-29,2022-05-05,2022-05-06,2022-05-08,2022-05-08,1,0,,0.006743088334,0.006743088334,0.01914311759,0,not_applicable_training_only_probability
temperature_transition,S0,2022,2022-05-06,2022-04-30,2022-05-06,2022-05-07,2022-05-09,2022-05-09,1,0,,0.006743088334,0.006743088334,0.01914311759,0,not_applicable_training_only_probability
temperature_transition,S0,2022,2022-05-07,2022-05-01,2022-05-07,2022-05-08,2022-05-10,2022-05-10,1,0,,0.006743088334,0.006743088334,0.01914311759,0,not_applicable_training_only_probability
temperature_transition,S0,2022,2022-05-08,2022-05-02,2022-05-08,2022-05-09,2022-05-11,2022-05-11,1,0,,0.006743088334,0.006743088334,0.01914311759,0,not_applicable_training_only_probability
temperature_transition,S0,2022,2022-05-09,2022-05-03,2022-05-09,2022-05-10,2022-05-12,2022-05-12,1,0,,0.006743088334,0.006743088334,0.01914311759,0,not_applicable_training_only_probability
temperature_transition,S0,2022,2022-05-10,2022-05-04,2022-05-10,2022-05-11,2022-05-13,2022-05-13,1,0,,0.006743088334,0.006743088334,0.01914311759,0,not_applicable_training_only_probability
temperature_transition,S0,2022,2022-05-11,2022-05-05,2022-05-11,2022-05-12,2022-05-14,2022-05-14,1,0,,0.006743088334,0.006743088334,0.01914311759,0,not_applicable_training_only_probability
temperature_transition,S0,2022,2022-05-12,2022-05-06,2022-05-12,2022-05-13,2022-05-15,2022-05-15,1,0,,0.006743088334,0.006743088334,0.01914311759,0,not_applicable_training_only_probability
temperature_transition,S0,2022,2022-05-13,2022-05-07,2022-05-13,2022-05-14,2022-05-16,2022-05-16,1,0,,0.006743088334,0.006743088334,0.01914311759,0,not_applicable_training_only_probability
temperature_transition,S0,2022,2022-05-14,2022-05-08,2022-05-14,2022-05-15,2022-05-17,2022-05-17,1,0,,0.006743088334,0.006743088334,0.01914311759,0,not_applicable_training_only_probability
temperature_transition,S0,2022,2022-05-15,2022-05-09,2022-05-15,2022-05-16,2022-05-18,2022-05-18,1,0,,0.006743088334,0.006743088334,0.01914311759,0,not_applicable_training_only_probability
temperature_transition,S0,2022,2022-05-16,2022-05-10,2022-05-16,2022-05-17,2022-05-19,2022-05-19,1,0,,0.006743088334,0.006743088334,0.01914311759,0,not_applicable_training_only_probability
temperature_transition,S0,2022,2022-05-17,2022-05-11,2022-05-17,2022-05-18,2022-05-20,2022-05-20,1,0,,0.006743088334,0.006743088334,0.01914311759,0,not_applicable_training_only_probability
temperature_transition,S0,2022,2022-05-18,2022-05-12,2022-05-18,2022-05-19,2022-05-21,2022-05-21,1,0,,0.006743088334,0.006743088334,0.01914311759,0,not_applicable_training_only_probability
temperature_transition,S0,2022,2022-05-19,2022-05-13,2022-05-19,2022-05-20,2022-05-22,2022-05-22,1,0,,0.006743088334,0.006743088334,0.01914311759,0,not_applicable_training_only_probability
temperature_transition,S0,2022,2022-05-20,2022-05-14,2022-05-20,2022-05-21,2022-05-23,2022-05-23,1,0,,0.006743088334,0.006743088334,0.01914311759,0,not_applicable_training_only_probability
temperature_transition,S0,2022,2022-05-21,2022-05-15,2022-05-21,2022-05-22,2022-05-24,2022-05-24,1,0,,0.006743088334,0.006743088334,0.01914311759,0,not_applicable_training_only_probability
temperature_transition,S0,2022,2022-05-22,2022-05-16,2022-05-22,2022-05-23,2022-05-25,2022-05-25,1,0,,0.006743088334,0.006743088334,0.01914311759,0,not_applicable_training_only_probability
temperature_transition,S0,2022,2022-05-23,2022-05-17,2022-05-23,2022-05-24,2022-05-26,2022-05-26,1,0,,0.006743088334,0.006743088334,0.01914311759,0,not_applicable_training_only_probability
temperature_transition,S0,2022,2022-05-24,2022-05-18,2022-05-24,2022-05-25,2022-05-27,2022-05-27,1,0,,0.006743088334,0.006743088334,0.01914311759,0,not_applicable_training_only_probability
temperature_transition,S0,2022,2022-05-25,2022-05-19,2022-05-25,2022-05-26,2022-05-28,2022-05-28,1,0,,0.006743088334,0.006743088334,0.01914311759,0,not_applicable_training_only_probability
temperature_transition,S0,2022,2022-05-26,2022-05-20,2022-05-26,2022-05-27,2022-05-29,2022-05-29,1,0,,0.006743088334,0.006743088334,0.01914311759,0,not_applicable_training_only_probability
temperature_transition,S0,2022,2022-05-27,2022-05-21,2022-05-27,2022-05-28,2022-05-30,2022-05-30,1,0,,0.006743088334,0.006743088334,0.01914311759,0,not_applicable_training_only_probability
temperature_transition,S0,2022,2022-05-28,2022-05-22,2022-05-28,2022-05-29,2022-05-31,2022-05-31,1,0,,0.006743088334,0.006743088334,0.01914311759,0,not_applicable_training_only_probability
temperature_transition,S0,2022,2022-05-29,2022-05-23,2022-05-29,2022-05-30,2022-06-01,2022-06-01,1,0,,0.006743088334,0.006743088334,0.01914311759,0,not_applicable_training_only_probability
temperature_transition,S0,2022,2022-05-30,2022-05-24,2022-05-30,2022-05-31,2022-06-02,2022-06-02,1,0,,0.006743088334,0.006743088334,0.01914311759,0,not_applicable_training_only_probability
temperature_transition,S0,2022,2022-05-31,2022-05-25,2022-05-31,2022-06-01,2022-06-03,2022-06-03,1,0,,0.0007183908046,0.0007183908046,0.01914311759,0,not_applicable_training_only_probability
temperature_transition,S0,2022,2022-06-01,2022-05-26,2022-06-01,2022-06-02,2022-06-04,2022-06-04,1,0,,0.0007183908046,0.0007183908046,0.01914311759,0,not_applicable_training_only_probability
temperature_transition,S0,2022,2022-06-02,2022-05-27,2022-06-02,2022-06-03,2022-06-05,2022-06-05,1,0,,0.0007183908046,0.0007183908046,0.01914311759,0,not_applicable_training_only_probability
temperature_transition,S0,2022,2022-06-03,2022-05-28,2022-06-03,2022-06-04,2022-06-06,2022-06-06,1,0,,0.0007183908046,0.0007183908046,0.01914311759,0,not_applicable_training_only_probability
temperature_transition,S0,2022,2022-06-04,2022-05-29,2022-06-04,2022-06-05,2022-06-07,2022-06-07,1,0,,0.0007183908046,0.0007183908046,0.01914311759,0,not_applicable_training_only_probability
temperature_transition,S0,2022,2022-06-05,2022-05-30,2022-06-05,2022-06-06,2022-06-08,2022-06-08,1,0,,0.0007183908046,0.0007183908046,0.01914311759,0,not_applicable_training_only_probability
temperature_transition,S0,2022,2022-06-06,2022-05-31,2022-06-06,2022-06-07,2022-06-09,2022-06-09,1,0,,0.0007183908046,0.0007183908046,0.01914311759,0,not_applicable_training_only_probability
temperature_transition,S0,2022,2022-06-07,2022-06-01,2022-06-07,2022-06-08,2022-06-10,2022-06-10,1,0,,0.0007183908046,0.0007183908046,0.01914311759,0,not_applicable_training_only_probability
temperature_transition,S0,2022,2022-06-08,2022-06-02,2022-06-08,2022-06-09,2022-06-11,2022-06-11,1,0,,0.0007183908046,0.0007183908046,0.01914311759,0,not_applicable_training_only_probability
temperature_transition,S0,2022,2022-06-09,2022-06-03,2022-06-09,2022-06-10,2022-06-12,2022-06-12,1,0,,0.0007183908046,0.0007183908046,0.01914311759,0,not_applicable_training_only_probability
temperature_transition,S0,2022,2022-06-10,2022-06-04,2022-06-10,2022-06-11,2022-06-13,2022-06-13,1,0,,0.0007183908046,0.0007183908046,0.01914311759,0,not_applicable_training_only_probability
temperature_transition,S0,2022,2022-06-11,2022-06-05,2022-06-11,2022-06-12,2022-06-14,2022-06-14,1,0,,0.0007183908046,0.0007183908046,0.01914311759,0,not_applicable_training_only_probability
temperature_transition,S0,2022,2022-06-12,2022-06-06,2022-06-12,2022-06-13,2022-06-15,2022-06-15,1,0,,0.0007183908046,0.0007183908046,0.01914311759,0,not_applicable_training_only_probability
temperature_transition,S0,2022,2022-06-13,2022-06-07,2022-06-13,2022-06-14,2022-06-16,2022-06-16,1,0,,0.0007183908046,0.0007183908046,0.01914311759,0,not_applicable_training_only_probability
temperature_transition,S0,2022,2022-06-14,2022-06-08,2022-06-14,2022-06-15,2022-06-17,2022-06-17,1,0,,0.0007183908046,0.0007183908046,0.01914311759,0,not_applicable_training_only_probability
temperature_transition,S0,2022,2022-06-15,2022-06-09,2022-06-15,2022-06-16,2022-06-18,2022-06-18,1,0,,0.0007183908046,0.0007183908046,0.01914311759,0,not_applicable_training_only_probability
temperature_transition,S0,2022,2022-06-16,2022-06-10,2022-06-16,2022-06-17,2022-06-19,2022-06-19,1,0,,0.0007183908046,0.0007183908046,0.01914311759,0,not_applicable_training_only_probability
temperature_transition,S0,2022,2022-06-17,2022-06-11,2022-06-17,2022-06-18,2022-06-20,2022-06-20,1,0,,0.0007183908046,0.0007183908046,0.01914311759,0,not_applicable_training_only_probability
temperature_transition,S0,2022,2022-06-18,2022-06-12,2022-06-18,2022-06-19,2022-06-21,2022-06-21,1,0,,0.0007183908046,0.0007183908046,0.01914311759,0,not_applicable_training_only_probability
temperature_transition,S0,2022,2022-06-19,2022-06-13,2022-06-19,2022-06-20,2022-06-22,2022-06-22,1,0,,0.0007183908046,0.0007183908046,0.01914311759,0,not_applicable_training_only_probability
temperature_transition,S0,2022,2022-06-20,2022-06-14,2022-06-20,2022-06-21,2022-06-23,2022-06-23,1,0,,0.0007183908046,0.0007183908046,0.01914311759,0,not_applicable_training_only_probability
temperature_transition,S0,2022,2022-06-21,2022-06-15,2022-06-21,2022-06-22,2022-06-24,2022-06-24,1,0,,0.0007183908046,0.0007183908046,0.01914311759,0,not_applicable_training_only_probability
temperature_transition,S0,2022,2022-06-22,2022-06-16,2022-06-22,2022-06-23,2022-06-25,2022-06-25,1,0,,0.0007183908046,0.0007183908046,0.01914311759,0,not_applicable_training_only_probability
temperature_transition,S0,2022,2022-06-23,2022-06-17,2022-06-23,2022-06-24,2022-06-26,2022-06-26,1,0,,0.0007183908046,0.0007183908046,0.01914311759,0,not_applicable_training_only_probability
temperature_transition,S0,2022,2022-06-24,2022-06-18,2022-06-24,2022-06-25,2022-06-27,2022-06-27,1,0,,0.0007183908046,0.0007183908046,0.01914311759,0,not_applicable_training_only_probability
temperature_transition,S0,2022,2022-06-25,2022-06-19,2022-06-25,2022-06-26,2022-06-28,2022-06-28,1,0,,0.0007183908046,0.0007183908046,0.01914311759,0,not_applicable_training_only_probability
temperature_transition,S0,2022,2022-06-26,2022-06-20,2022-06-26,2022-06-27,2022-06-29,2022-06-29,1,0,,0.0007183908046,0.0007183908046,0.01914311759,0,not_applicable_training_only_probability
temperature_transition,S0,2022,2022-06-27,2022-06-21,2022-06-27,2022-06-28,2022-06-30,2022-06-30,1,0,,0.0007183908046,0.0007183908046,0.01914311759,0,not_applicable_training_only_probability
temperature_transition,S0,2023,2023-02-28,2023-02-22,2023-02-28,2023-03-01,2023-03-03,2023-03-03,1,0,,0.005174644243,0.005174644243,0.01946472019,0,not_applicable_training_only_probability
temperature_transition,S0,2023,2023-03-01,2023-02-23,2023-03-01,2023-03-02,2023-03-04,2023-03-04,1,0,,0.005174644243,0.005174644243,0.01946472019,0,not_applicable_training_only_probability
temperature_transition,S0,2023,2023-03-02,2023-02-24,2023-03-02,2023-03-03,2023-03-05,2023-03-05,1,0,,0.005174644243,0.005174644243,0.01946472019,0,not_applicable_training_only_probability
temperature_transition,S0,2023,2023-03-03,2023-02-25,2023-03-03,2023-03-04,2023-03-06,2023-03-06,1,0,,0.005174644243,0.005174644243,0.01946472019,0,not_applicable_training_only_probability
temperature_transition,S0,2023,2023-03-04,2023-02-26,2023-03-04,2023-03-05,2023-03-07,2023-03-07,1,0,,0.005174644243,0.005174644243,0.01946472019,0,not_applicable_training_only_probability
temperature_transition,S0,2023,2023-03-05,2023-02-27,2023-03-05,2023-03-06,2023-03-08,2023-03-08,1,0,,0.005174644243,0.005174644243,0.01946472019,0,not_applicable_training_only_probability
temperature_transition,S0,2023,2023-03-06,2023-02-28,2023-03-06,2023-03-07,2023-03-09,2023-03-09,1,0,,0.005174644243,0.005174644243,0.01946472019,0,not_applicable_training_only_probability
temperature_transition,S0,2023,2023-03-07,2023-03-01,2023-03-07,2023-03-08,2023-03-10,2023-03-10,1,0,,0.005174644243,0.005174644243,0.01946472019,0,not_applicable_training_only_probability
temperature_transition,S0,2023,2023-03-08,2023-03-02,2023-03-08,2023-03-09,2023-03-11,2023-03-11,1,0,,0.005174644243,0.005174644243,0.01946472019,0,not_applicable_training_only_probability
temperature_transition,S0,2023,2023-03-09,2023-03-03,2023-03-09,2023-03-10,2023-03-12,2023-03-12,1,0,,0.005174644243,0.005174644243,0.01946472019,0,not_applicable_training_only_probability
temperature_transition,S0,2023,2023-03-10,2023-03-04,2023-03-10,2023-03-11,2023-03-13,2023-03-13,1,0,,0.005174644243,0.005174644243,0.01946472019,0,not_applicable_training_only_probability
temperature_transition,S0,2023,2023-03-11,2023-03-05,2023-03-11,2023-03-12,2023-03-14,2023-03-14,1,0,,0.005174644243,0.005174644243,0.01946472019,0,not_applicable_training_only_probability
temperature_transition,S0,2023,2023-03-12,2023-03-06,2023-03-12,2023-03-13,2023-03-15,2023-03-15,1,0,,0.005174644243,0.005174644243,0.01946472019,0,not_applicable_training_only_probability
temperature_transition,S0,2023,2023-03-13,2023-03-07,2023-03-13,2023-03-14,2023-03-16,2023-03-16,1,0,,0.005174644243,0.005174644243,0.01946472019,0,not_applicable_training_only_probability
temperature_transition,S0,2023,2023-03-14,2023-03-08,2023-03-14,2023-03-15,2023-03-17,2023-03-17,1,0,,0.005174644243,0.005174644243,0.01946472019,0,not_applicable_training_only_probability
temperature_transition,S0,2023,2023-03-15,2023-03-09,2023-03-15,2023-03-16,2023-03-18,2023-03-18,1,0,,0.005174644243,0.005174644243,0.01946472019,0,not_applicable_training_only_probability
temperature_transition,S0,2023,2023-03-16,2023-03-10,2023-03-16,2023-03-17,2023-03-19,2023-03-19,1,0,,0.005174644243,0.005174644243,0.01946472019,0,not_applicable_training_only_probability
temperature_transition,S0,2023,2023-03-17,2023-03-11,2023-03-17,2023-03-18,2023-03-20,2023-03-20,1,0,,0.005174644243,0.005174644243,0.01946472019,0,not_applicable_training_only_probability
temperature_transition,S0,2023,2023-03-18,2023-03-12,2023-03-18,2023-03-19,2023-03-21,2023-03-21,1,0,,0.005174644243,0.005174644243,0.01946472019,0,not_applicable_training_only_probability
temperature_transition,S0,2023,2023-03-19,2023-03-13,2023-03-19,2023-03-20,2023-03-22,2023-03-22,1,0,,0.005174644243,0.005174644243,0.01946472019,0,not_applicable_training_only_probability
temperature_transition,S0,2023,2023-03-20,2023-03-14,2023-03-20,2023-03-21,2023-03-23,2023-03-23,1,0,,0.005174644243,0.005174644243,0.01946472019,0,not_applicable_training_only_probability
temperature_transition,S0,2023,2023-03-21,2023-03-15,2023-03-21,2023-03-22,2023-03-24,2023-03-24,1,0,,0.005174644243,0.005174644243,0.01946472019,0,not_applicable_training_only_probability
temperature_transition,S0,2023,2023-03-22,2023-03-16,2023-03-22,2023-03-23,2023-03-25,2023-03-25,1,0,,0.005174644243,0.005174644243,0.01946472019,0,not_applicable_training_only_probability
temperature_transition,S0,2023,2023-03-23,2023-03-17,2023-03-23,2023-03-24,2023-03-26,2023-03-26,1,0,,0.005174644243,0.005174644243,0.01946472019,0,not_applicable_training_only_probability
temperature_transition,S0,2023,2023-03-24,2023-03-18,2023-03-24,2023-03-25,2023-03-27,2023-03-27,1,0,,0.005174644243,0.005174644243,0.01946472019,0,not_applicable_training_only_probability
temperature_transition,S0,2023,2023-03-25,2023-03-19,2023-03-25,2023-03-26,2023-03-28,2023-03-28,1,0,,0.005174644243,0.005174644243,0.01946472019,0,not_applicable_training_only_probability
temperature_transition,S0,2023,2023-03-26,2023-03-20,2023-03-26,2023-03-27,2023-03-29,2023-03-29,1,0,,0.005174644243,0.005174644243,0.01946472019,0,not_applicable_training_only_probability
temperature_transition,S0,2023,2023-03-27,2023-03-21,2023-03-27,2023-03-28,2023-03-30,2023-03-30,1,0,,0.005174644243,0.005174644243,0.01946472019,0,not_applicable_training_only_probability
temperature_transition,S0,2023,2023-03-28,2023-03-22,2023-03-28,2023-03-29,2023-03-31,2023-03-31,1,0,,0.005174644243,0.005174644243,0.01946472019,0,not_applicable_training_only_probability
temperature_transition,S0,2023,2023-03-29,2023-03-23,2023-03-29,2023-03-30,2023-04-01,2023-04-01,1,0,,0.005174644243,0.005174644243,0.01946472019,0,not_applicable_training_only_probability
temperature_transition,S0,2023,2023-03-30,2023-03-24,2023-03-30,2023-03-31,2023-04-02,2023-04-02,1,0,,0.005174644243,0.005174644243,0.01946472019,0,not_applicable_training_only_probability
temperature_transition,S0,2023,2023-03-31,2023-03-25,2023-03-31,2023-04-01,2023-04-03,2023-04-03,1,0,,0.02016430172,0.02016430172,0.01946472019,1,not_applicable_training_only_probability
temperature_transition,S0,2023,2023-04-01,2023-03-26,2023-04-01,2023-04-02,2023-04-04,2023-04-04,1,0,,0.02016430172,0.02016430172,0.01946472019,1,not_applicable_training_only_probability
temperature_transition,S0,2023,2023-04-02,2023-03-27,2023-04-02,2023-04-03,2023-04-05,2023-04-05,1,0,,0.02016430172,0.02016430172,0.01946472019,1,not_applicable_training_only_probability
temperature_transition,S0,2023,2023-04-03,2023-03-28,2023-04-03,2023-04-04,2023-04-06,2023-04-06,1,0,,0.02016430172,0.02016430172,0.01946472019,1,not_applicable_training_only_probability
temperature_transition,S0,2023,2023-04-04,2023-03-29,2023-04-04,2023-04-05,2023-04-07,2023-04-07,1,0,,0.02016430172,0.02016430172,0.01946472019,1,not_applicable_training_only_probability
temperature_transition,S0,2023,2023-04-05,2023-03-30,2023-04-05,2023-04-06,2023-04-08,2023-04-08,1,0,,0.02016430172,0.02016430172,0.01946472019,1,not_applicable_training_only_probability
temperature_transition,S0,2023,2023-04-06,2023-03-31,2023-04-06,2023-04-07,2023-04-09,2023-04-09,1,0,,0.02016430172,0.02016430172,0.01946472019,1,not_applicable_training_only_probability
temperature_transition,S0,2023,2023-04-07,2023-04-01,2023-04-07,2023-04-08,2023-04-10,2023-04-10,1,1,fixed36_0043,0.02016430172,0.02016430172,0.01946472019,1,not_applicable_training_only_probability
temperature_transition,S0,2023,2023-04-08,2023-04-02,2023-04-08,2023-04-09,2023-04-11,2023-04-11,1,1,fixed36_0043,0.2676056338,0.2676056338,0.01946472019,1,not_applicable_training_only_probability
temperature_transition,S0,2023,2023-04-09,2023-04-03,2023-04-09,2023-04-10,2023-04-12,2023-04-12,1,1,fixed36_0043,0.4102564103,0.4102564103,0.01946472019,1,not_applicable_training_only_probability
temperature_transition,S0,2023,2023-04-10,2023-04-04,2023-04-10,2023-04-11,2023-04-13,2023-04-13,1,1,fixed36_0043,0.3370786517,0.3370786517,0.01946472019,1,not_applicable_training_only_probability
temperature_transition,S0,2023,2023-04-11,2023-04-05,2023-04-11,2023-04-12,2023-04-14,2023-04-14,1,1,fixed36_0043,0.3370786517,0.3370786517,0.01946472019,1,not_applicable_training_only_probability
temperature_transition,S0,2023,2023-04-12,2023-04-06,2023-04-12,2023-04-13,2023-04-15,2023-04-15,1,1,fixed36_0043,0.3370786517,0.3370786517,0.01946472019,1,not_applicable_training_only_probability
temperature_transition,S0,2023,2023-04-13,2023-04-07,2023-04-13,2023-04-14,2023-04-16,2023-04-16,1,1,fixed36_0043,0.3370786517,0.3370786517,0.01946472019,1,not_applicable_training_only_probability
temperature_transition,S0,2023,2023-04-14,2023-04-08,2023-04-14,2023-04-15,2023-04-17,2023-04-17,1,1,fixed36_0043,0.3370786517,0.3370786517,0.01946472019,1,not_applicable_training_only_probability
temperature_transition,S0,2023,2023-04-15,2023-04-09,2023-04-15,2023-04-16,2023-04-18,2023-04-18,1,1,fixed36_0043,0.3370786517,0.3370786517,0.01946472019,1,not_applicable_training_only_probability
temperature_transition,S0,2023,2023-04-16,2023-04-10,2023-04-16,2023-04-17,2023-04-19,2023-04-19,1,1,fixed36_0043,0.3370786517,0.3370786517,0.01946472019,1,not_applicable_training_only_probability
temperature_transition,S0,2023,2023-04-17,2023-04-11,2023-04-17,2023-04-18,2023-04-20,2023-04-20,1,1,fixed36_0043,0.3370786517,0.3370786517,0.01946472019,1,not_applicable_training_only_probability
temperature_transition,S0,2023,2023-04-18,2023-04-12,2023-04-18,2023-04-19,2023-04-21,2023-04-21,1,0,,0.3370786517,0.3370786517,0.01946472019,1,not_applicable_training_only_probability
temperature_transition,S0,2023,2023-04-19,2023-04-13,2023-04-19,2023-04-20,2023-04-22,2023-04-22,1,0,,0.3370786517,0.3370786517,0.01946472019,1,not_applicable_training_only_probability
temperature_transition,S0,2023,2023-04-20,2023-04-14,2023-04-20,2023-04-21,2023-04-23,2023-04-23,1,0,,0.3370786517,0.3370786517,0.01946472019,1,not_applicable_training_only_probability
temperature_transition,S0,2023,2023-04-21,2023-04-15,2023-04-21,2023-04-22,2023-04-24,2023-04-24,1,0,,0.02016430172,0.02016430172,0.01946472019,1,not_applicable_training_only_probability
temperature_transition,S0,2023,2023-04-22,2023-04-16,2023-04-22,2023-04-23,2023-04-25,2023-04-25,1,0,,0.2676056338,0.2676056338,0.01946472019,1,not_applicable_training_only_probability
temperature_transition,S0,2023,2023-04-23,2023-04-17,2023-04-23,2023-04-24,2023-04-26,2023-04-26,1,0,,0.02016430172,0.02016430172,0.01946472019,1,not_applicable_training_only_probability
temperature_transition,S0,2023,2023-04-24,2023-04-18,2023-04-24,2023-04-25,2023-04-27,2023-04-27,1,0,,0.02016430172,0.02016430172,0.01946472019,1,not_applicable_training_only_probability
temperature_transition,S0,2023,2023-04-25,2023-04-19,2023-04-25,2023-04-26,2023-04-28,2023-04-28,1,0,,0.02016430172,0.02016430172,0.01946472019,1,not_applicable_training_only_probability
temperature_transition,S0,2023,2023-04-26,2023-04-20,2023-04-26,2023-04-27,2023-04-29,2023-04-29,1,0,,0.2676056338,0.2676056338,0.01946472019,1,not_applicable_training_only_probability
temperature_transition,S0,2023,2023-04-27,2023-04-21,2023-04-27,2023-04-28,2023-04-30,2023-04-30,1,0,,0.4102564103,0.4102564103,0.01946472019,1,not_applicable_training_only_probability
temperature_transition,S0,2023,2023-04-28,2023-04-22,2023-04-28,2023-04-29,2023-05-01,2023-05-01,1,0,,0.02016430172,0.02016430172,0.01946472019,1,not_applicable_training_only_probability
temperature_transition,S0,2023,2023-04-29,2023-04-23,2023-04-29,2023-04-30,2023-05-02,2023-05-02,1,0,,0.2676056338,0.2676056338,0.01946472019,1,not_applicable_training_only_probability
temperature_transition,S0,2023,2023-04-30,2023-04-24,2023-04-30,2023-05-01,2023-05-03,2023-05-03,1,0,,0.006605019815,0.006605019815,0.01946472019,0,not_applicable_training_only_probability
temperature_transition,S0,2023,2023-05-01,2023-04-25,2023-05-01,2023-05-02,2023-05-04,2023-05-04,1,0,,0.006605019815,0.006605019815,0.01946472019,0,not_applicable_training_only_probability
temperature_transition,S0,2023,2023-05-02,2023-04-26,2023-05-02,2023-05-03,2023-05-05,2023-05-05,1,0,,0.006605019815,0.006605019815,0.01946472019,0,not_applicable_training_only_probability
temperature_transition,S0,2023,2023-05-03,2023-04-27,2023-05-03,2023-05-04,2023-05-06,2023-05-06,1,0,,0.006605019815,0.006605019815,0.01946472019,0,not_applicable_training_only_probability
temperature_transition,S0,2023,2023-05-04,2023-04-28,2023-05-04,2023-05-05,2023-05-07,2023-05-07,1,0,,0.006605019815,0.006605019815,0.01946472019,0,not_applicable_training_only_probability
temperature_transition,S0,2023,2023-05-05,2023-04-29,2023-05-05,2023-05-06,2023-05-08,2023-05-08,1,1,fixed36_0044,0.006605019815,0.006605019815,0.01946472019,0,not_applicable_training_only_probability
temperature_transition,S0,2023,2023-05-06,2023-04-30,2023-05-06,2023-05-07,2023-05-09,2023-05-09,1,1,fixed36_0044,0.3333333333,0.3333333333,0.01946472019,1,not_applicable_training_only_probability
temperature_transition,S0,2023,2023-05-07,2023-05-01,2023-05-07,2023-05-08,2023-05-10,2023-05-10,1,1,fixed36_0044,0.2941176471,0.2941176471,0.01946472019,1,not_applicable_training_only_probability
temperature_transition,S0,2023,2023-05-08,2023-05-02,2023-05-08,2023-05-09,2023-05-11,2023-05-11,1,1,fixed36_0044,0.2941176471,0.2941176471,0.01946472019,1,not_applicable_training_only_probability
temperature_transition,S0,2023,2023-05-09,2023-05-03,2023-05-09,2023-05-10,2023-05-12,2023-05-12,1,1,fixed36_0044,0.2941176471,0.2941176471,0.01946472019,1,not_applicable_training_only_probability
temperature_transition,S0,2023,2023-05-10,2023-05-04,2023-05-10,2023-05-11,2023-05-13,2023-05-13,1,0,,0.2941176471,0.2941176471,0.01946472019,1,not_applicable_training_only_probability
temperature_transition,S0,2023,2023-05-11,2023-05-05,2023-05-11,2023-05-12,2023-05-14,2023-05-14,1,0,,0.2941176471,0.2941176471,0.01946472019,1,not_applicable_training_only_probability
temperature_transition,S0,2023,2023-05-12,2023-05-06,2023-05-12,2023-05-13,2023-05-15,2023-05-15,1,0,,0.2941176471,0.2941176471,0.01946472019,1,not_applicable_training_only_probability
temperature_transition,S0,2023,2023-05-13,2023-05-07,2023-05-13,2023-05-14,2023-05-16,2023-05-16,1,0,,0.006605019815,0.006605019815,0.01946472019,0,not_applicable_training_only_probability
temperature_transition,S0,2023,2023-05-14,2023-05-08,2023-05-14,2023-05-15,2023-05-17,2023-05-17,1,0,,0.006605019815,0.006605019815,0.01946472019,0,not_applicable_training_only_probability
temperature_transition,S0,2023,2023-05-15,2023-05-09,2023-05-15,2023-05-16,2023-05-18,2023-05-18,1,0,,0.006605019815,0.006605019815,0.01946472019,0,not_applicable_training_only_probability
temperature_transition,S0,2023,2023-05-16,2023-05-10,2023-05-16,2023-05-17,2023-05-19,2023-05-19,1,0,,0.006605019815,0.006605019815,0.01946472019,0,not_applicable_training_only_probability
temperature_transition,S0,2023,2023-05-17,2023-05-11,2023-05-17,2023-05-18,2023-05-20,2023-05-20,1,0,,0.006605019815,0.006605019815,0.01946472019,0,not_applicable_training_only_probability
temperature_transition,S0,2023,2023-05-18,2023-05-12,2023-05-18,2023-05-19,2023-05-21,2023-05-21,1,0,,0.006605019815,0.006605019815,0.01946472019,0,not_applicable_training_only_probability
temperature_transition,S0,2023,2023-05-19,2023-05-13,2023-05-19,2023-05-20,2023-05-22,2023-05-22,1,0,,0.006605019815,0.006605019815,0.01946472019,0,not_applicable_training_only_probability
temperature_transition,S0,2023,2023-05-20,2023-05-14,2023-05-20,2023-05-21,2023-05-23,2023-05-23,1,0,,0.006605019815,0.006605019815,0.01946472019,0,not_applicable_training_only_probability
temperature_transition,S0,2023,2023-05-21,2023-05-15,2023-05-21,2023-05-22,2023-05-24,2023-05-24,1,0,,0.006605019815,0.006605019815,0.01946472019,0,not_applicable_training_only_probability
temperature_transition,S0,2023,2023-05-22,2023-05-16,2023-05-22,2023-05-23,2023-05-25,2023-05-25,1,0,,0.006605019815,0.006605019815,0.01946472019,0,not_applicable_training_only_probability
temperature_transition,S0,2023,2023-05-23,2023-05-17,2023-05-23,2023-05-24,2023-05-26,2023-05-26,1,0,,0.006605019815,0.006605019815,0.01946472019,0,not_applicable_training_only_probability
temperature_transition,S0,2023,2023-05-24,2023-05-18,2023-05-24,2023-05-25,2023-05-27,2023-05-27,1,0,,0.006605019815,0.006605019815,0.01946472019,0,not_applicable_training_only_probability
temperature_transition,S0,2023,2023-05-25,2023-05-19,2023-05-25,2023-05-26,2023-05-28,2023-05-28,1,0,,0.006605019815,0.006605019815,0.01946472019,0,not_applicable_training_only_probability
temperature_transition,S0,2023,2023-05-26,2023-05-20,2023-05-26,2023-05-27,2023-05-29,2023-05-29,1,0,,0.006605019815,0.006605019815,0.01946472019,0,not_applicable_training_only_probability
temperature_transition,S0,2023,2023-05-27,2023-05-21,2023-05-27,2023-05-28,2023-05-30,2023-05-30,1,0,,0.006605019815,0.006605019815,0.01946472019,0,not_applicable_training_only_probability
temperature_transition,S0,2023,2023-05-28,2023-05-22,2023-05-28,2023-05-29,2023-05-31,2023-05-31,1,0,,0.006605019815,0.006605019815,0.01946472019,0,not_applicable_training_only_probability
temperature_transition,S0,2023,2023-05-29,2023-05-23,2023-05-29,2023-05-30,2023-06-01,2023-06-01,1,1,fixed36_0045,0.006605019815,0.006605019815,0.01946472019,0,not_applicable_training_only_probability
temperature_transition,S0,2023,2023-05-30,2023-05-24,2023-05-30,2023-05-31,2023-06-02,2023-06-02,1,1,fixed36_0045,0.3333333333,0.3333333333,0.01946472019,1,not_applicable_training_only_probability
temperature_transition,S0,2023,2023-05-31,2023-05-25,2023-05-31,2023-06-01,2023-06-03,2023-06-03,1,1,fixed36_0045,0.3492063492,0.3492063492,0.01946472019,1,not_applicable_training_only_probability
temperature_transition,S0,2023,2023-06-01,2023-05-26,2023-06-01,2023-06-02,2023-06-04,2023-06-04,1,1,fixed36_0045,0.3161764706,0.3161764706,0.01946472019,1,not_applicable_training_only_probability
temperature_transition,S0,2023,2023-06-02,2023-05-27,2023-06-02,2023-06-03,2023-06-05,2023-06-05,1,1,fixed36_0045,0.3161764706,0.3161764706,0.01946472019,1,not_applicable_training_only_probability
temperature_transition,S0,2023,2023-06-03,2023-05-28,2023-06-03,2023-06-04,2023-06-06,2023-06-06,1,1,fixed36_0045,0.3161764706,0.3161764706,0.01946472019,1,not_applicable_training_only_probability
temperature_transition,S0,2023,2023-06-04,2023-05-29,2023-06-04,2023-06-05,2023-06-07,2023-06-07,1,0,,0.3161764706,0.3161764706,0.01946472019,1,not_applicable_training_only_probability
temperature_transition,S0,2023,2023-06-05,2023-05-30,2023-06-05,2023-06-06,2023-06-08,2023-06-08,1,0,,0.3161764706,0.3161764706,0.01946472019,1,not_applicable_training_only_probability
temperature_transition,S0,2023,2023-06-06,2023-05-31,2023-06-06,2023-06-07,2023-06-09,2023-06-09,1,0,,0.3161764706,0.3161764706,0.01946472019,1,not_applicable_training_only_probability
temperature_transition,S0,2023,2023-06-07,2023-06-01,2023-06-07,2023-06-08,2023-06-10,2023-06-10,1,0,,0.0007042253521,0.0007042253521,0.01946472019,0,not_applicable_training_only_probability
temperature_transition,S0,2023,2023-06-08,2023-06-02,2023-06-08,2023-06-09,2023-06-11,2023-06-11,1,0,,0.0007042253521,0.0007042253521,0.01946472019,0,not_applicable_training_only_probability
temperature_transition,S0,2023,2023-06-09,2023-06-03,2023-06-09,2023-06-10,2023-06-12,2023-06-12,1,0,,0.0007042253521,0.0007042253521,0.01946472019,0,not_applicable_training_only_probability
temperature_transition,S0,2023,2023-06-10,2023-06-04,2023-06-10,2023-06-11,2023-06-13,2023-06-13,1,0,,0.0007042253521,0.0007042253521,0.01946472019,0,not_applicable_training_only_probability
temperature_transition,S0,2023,2023-06-11,2023-06-05,2023-06-11,2023-06-12,2023-06-14,2023-06-14,1,0,,0.0007042253521,0.0007042253521,0.01946472019,0,not_applicable_training_only_probability
temperature_transition,S0,2023,2023-06-12,2023-06-06,2023-06-12,2023-06-13,2023-06-15,2023-06-15,1,0,,0.0007042253521,0.0007042253521,0.01946472019,0,not_applicable_training_only_probability
temperature_transition,S0,2023,2023-06-13,2023-06-07,2023-06-13,2023-06-14,2023-06-16,2023-06-16,1,0,,0.0007042253521,0.0007042253521,0.01946472019,0,not_applicable_training_only_probability
temperature_transition,S0,2023,2023-06-14,2023-06-08,2023-06-14,2023-06-15,2023-06-17,2023-06-17,1,0,,0.0007042253521,0.0007042253521,0.01946472019,0,not_applicable_training_only_probability
temperature_transition,S0,2023,2023-06-15,2023-06-09,2023-06-15,2023-06-16,2023-06-18,2023-06-18,1,0,,0.0007042253521,0.0007042253521,0.01946472019,0,not_applicable_training_only_probability
temperature_transition,S0,2023,2023-06-16,2023-06-10,2023-06-16,2023-06-17,2023-06-19,2023-06-19,1,0,,0.0007042253521,0.0007042253521,0.01946472019,0,not_applicable_training_only_probability
temperature_transition,S0,2023,2023-06-17,2023-06-11,2023-06-17,2023-06-18,2023-06-20,2023-06-20,1,0,,0.0007042253521,0.0007042253521,0.01946472019,0,not_applicable_training_only_probability
temperature_transition,S0,2023,2023-06-18,2023-06-12,2023-06-18,2023-06-19,2023-06-21,2023-06-21,1,0,,0.0007042253521,0.0007042253521,0.01946472019,0,not_applicable_training_only_probability
temperature_transition,S0,2023,2023-06-19,2023-06-13,2023-06-19,2023-06-20,2023-06-22,2023-06-22,1,0,,0.0007042253521,0.0007042253521,0.01946472019,0,not_applicable_training_only_probability
temperature_transition,S0,2023,2023-06-20,2023-06-14,2023-06-20,2023-06-21,2023-06-23,2023-06-23,1,0,,0.0007042253521,0.0007042253521,0.01946472019,0,not_applicable_training_only_probability
temperature_transition,S0,2023,2023-06-21,2023-06-15,2023-06-21,2023-06-22,2023-06-24,2023-06-24,1,0,,0.0007042253521,0.0007042253521,0.01946472019,0,not_applicable_training_only_probability
temperature_transition,S0,2023,2023-06-22,2023-06-16,2023-06-22,2023-06-23,2023-06-25,2023-06-25,1,0,,0.0007042253521,0.0007042253521,0.01946472019,0,not_applicable_training_only_probability
temperature_transition,S0,2023,2023-06-23,2023-06-17,2023-06-23,2023-06-24,2023-06-26,2023-06-26,1,0,,0.0007042253521,0.0007042253521,0.01946472019,0,not_applicable_training_only_probability
temperature_transition,S0,2023,2023-06-24,2023-06-18,2023-06-24,2023-06-25,2023-06-27,2023-06-27,1,0,,0.0007042253521,0.0007042253521,0.01946472019,0,not_applicable_training_only_probability
temperature_transition,S0,2023,2023-06-25,2023-06-19,2023-06-25,2023-06-26,2023-06-28,2023-06-28,1,0,,0.0007042253521,0.0007042253521,0.01946472019,0,not_applicable_training_only_probability
temperature_transition,S0,2023,2023-06-26,2023-06-20,2023-06-26,2023-06-27,2023-06-29,2023-06-29,1,0,,0.0007042253521,0.0007042253521,0.01946472019,0,not_applicable_training_only_probability
temperature_transition,S0,2023,2023-06-27,2023-06-21,2023-06-27,2023-06-28,2023-06-30,2023-06-30,1,0,,0.0007042253521,0.0007042253521,0.01946472019,0,not_applicable_training_only_probability
temperature_transition,S0,2024,2024-02-29,2024-02-23,2024-02-29,2024-03-01,2024-03-03,2024-03-03,1,0,,0.005072923272,0.005072923272,0.2727272727,0,not_applicable_training_only_probability
temperature_transition,S0,2024,2024-03-01,2024-02-24,2024-03-01,2024-03-02,2024-03-04,2024-03-04,1,0,,0.005072923272,0.005072923272,0.2727272727,0,not_applicable_training_only_probability
temperature_transition,S0,2024,2024-03-02,2024-02-25,2024-03-02,2024-03-03,2024-03-05,2024-03-05,1,0,,0.005072923272,0.005072923272,0.2727272727,0,not_applicable_training_only_probability
temperature_transition,S0,2024,2024-03-03,2024-02-26,2024-03-03,2024-03-04,2024-03-06,2024-03-06,1,0,,0.005072923272,0.005072923272,0.2727272727,0,not_applicable_training_only_probability
temperature_transition,S0,2024,2024-03-04,2024-02-27,2024-03-04,2024-03-05,2024-03-07,2024-03-07,1,0,,0.005072923272,0.005072923272,0.2727272727,0,not_applicable_training_only_probability
temperature_transition,S0,2024,2024-03-05,2024-02-28,2024-03-05,2024-03-06,2024-03-08,2024-03-08,1,0,,0.005072923272,0.005072923272,0.2727272727,0,not_applicable_training_only_probability
temperature_transition,S0,2024,2024-03-06,2024-02-29,2024-03-06,2024-03-07,2024-03-09,2024-03-09,1,0,,0.005072923272,0.005072923272,0.2727272727,0,not_applicable_training_only_probability
temperature_transition,S0,2024,2024-03-07,2024-03-01,2024-03-07,2024-03-08,2024-03-10,2024-03-10,1,0,,0.005072923272,0.005072923272,0.2727272727,0,not_applicable_training_only_probability
temperature_transition,S0,2024,2024-03-08,2024-03-02,2024-03-08,2024-03-09,2024-03-11,2024-03-11,1,0,,0.005072923272,0.005072923272,0.2727272727,0,not_applicable_training_only_probability
temperature_transition,S0,2024,2024-03-09,2024-03-03,2024-03-09,2024-03-10,2024-03-12,2024-03-12,1,0,,0.005072923272,0.005072923272,0.2727272727,0,not_applicable_training_only_probability
temperature_transition,S0,2024,2024-03-10,2024-03-04,2024-03-10,2024-03-11,2024-03-13,2024-03-13,1,0,,0.005072923272,0.005072923272,0.2727272727,0,not_applicable_training_only_probability
temperature_transition,S0,2024,2024-03-11,2024-03-05,2024-03-11,2024-03-12,2024-03-14,2024-03-14,1,0,,0.005072923272,0.005072923272,0.2727272727,0,not_applicable_training_only_probability
temperature_transition,S0,2024,2024-03-12,2024-03-06,2024-03-12,2024-03-13,2024-03-15,2024-03-15,1,0,,0.005072923272,0.005072923272,0.2727272727,0,not_applicable_training_only_probability
temperature_transition,S0,2024,2024-03-13,2024-03-07,2024-03-13,2024-03-14,2024-03-16,2024-03-16,1,0,,0.005072923272,0.005072923272,0.2727272727,0,not_applicable_training_only_probability
temperature_transition,S0,2024,2024-03-14,2024-03-08,2024-03-14,2024-03-15,2024-03-17,2024-03-17,1,0,,0.005072923272,0.005072923272,0.2727272727,0,not_applicable_training_only_probability
temperature_transition,S0,2024,2024-03-15,2024-03-09,2024-03-15,2024-03-16,2024-03-18,2024-03-18,1,0,,0.005072923272,0.005072923272,0.2727272727,0,not_applicable_training_only_probability
temperature_transition,S0,2024,2024-03-16,2024-03-10,2024-03-16,2024-03-17,2024-03-19,2024-03-19,1,0,,0.005072923272,0.005072923272,0.2727272727,0,not_applicable_training_only_probability
temperature_transition,S0,2024,2024-03-17,2024-03-11,2024-03-17,2024-03-18,2024-03-20,2024-03-20,1,0,,0.005072923272,0.005072923272,0.2727272727,0,not_applicable_training_only_probability
temperature_transition,S0,2024,2024-03-18,2024-03-12,2024-03-18,2024-03-19,2024-03-21,2024-03-21,1,0,,0.005072923272,0.005072923272,0.2727272727,0,not_applicable_training_only_probability
temperature_transition,S0,2024,2024-03-19,2024-03-13,2024-03-19,2024-03-20,2024-03-22,2024-03-22,1,0,,0.005072923272,0.005072923272,0.2727272727,0,not_applicable_training_only_probability
temperature_transition,S0,2024,2024-03-20,2024-03-14,2024-03-20,2024-03-21,2024-03-23,2024-03-23,1,0,,0.005072923272,0.005072923272,0.2727272727,0,not_applicable_training_only_probability
temperature_transition,S0,2024,2024-03-21,2024-03-15,2024-03-21,2024-03-22,2024-03-24,2024-03-24,1,0,,0.005072923272,0.005072923272,0.2727272727,0,not_applicable_training_only_probability
temperature_transition,S0,2024,2024-03-22,2024-03-16,2024-03-22,2024-03-23,2024-03-25,2024-03-25,1,0,,0.005072923272,0.005072923272,0.2727272727,0,not_applicable_training_only_probability
temperature_transition,S0,2024,2024-03-23,2024-03-17,2024-03-23,2024-03-24,2024-03-26,2024-03-26,1,0,,0.005072923272,0.005072923272,0.2727272727,0,not_applicable_training_only_probability
temperature_transition,S0,2024,2024-03-24,2024-03-18,2024-03-24,2024-03-25,2024-03-27,2024-03-27,1,0,,0.005072923272,0.005072923272,0.2727272727,0,not_applicable_training_only_probability
temperature_transition,S0,2024,2024-03-25,2024-03-19,2024-03-25,2024-03-26,2024-03-28,2024-03-28,1,0,,0.005072923272,0.005072923272,0.2727272727,0,not_applicable_training_only_probability
temperature_transition,S0,2024,2024-03-26,2024-03-20,2024-03-26,2024-03-27,2024-03-29,2024-03-29,1,0,,0.005072923272,0.005072923272,0.2727272727,0,not_applicable_training_only_probability
temperature_transition,S0,2024,2024-03-27,2024-03-21,2024-03-27,2024-03-28,2024-03-30,2024-03-30,1,0,,0.005072923272,0.005072923272,0.2727272727,0,not_applicable_training_only_probability
temperature_transition,S0,2024,2024-03-28,2024-03-22,2024-03-28,2024-03-29,2024-03-31,2024-03-31,1,0,,0.005072923272,0.005072923272,0.2727272727,0,not_applicable_training_only_probability
temperature_transition,S0,2024,2024-03-29,2024-03-23,2024-03-29,2024-03-30,2024-04-01,2024-04-01,1,0,,0.005072923272,0.005072923272,0.2727272727,0,not_applicable_training_only_probability
temperature_transition,S0,2024,2024-03-30,2024-03-24,2024-03-30,2024-03-31,2024-04-02,2024-04-02,1,0,,0.005072923272,0.005072923272,0.2727272727,0,not_applicable_training_only_probability
temperature_transition,S0,2024,2024-03-31,2024-03-25,2024-03-31,2024-04-01,2024-04-03,2024-04-03,1,0,,0.02071005917,0.02071005917,0.2727272727,0,not_applicable_training_only_probability
temperature_transition,S0,2024,2024-04-01,2024-03-26,2024-04-01,2024-04-02,2024-04-04,2024-04-04,1,0,,0.02071005917,0.02071005917,0.2727272727,0,not_applicable_training_only_probability
temperature_transition,S0,2024,2024-04-02,2024-03-27,2024-04-02,2024-04-03,2024-04-05,2024-04-05,1,0,,0.02071005917,0.02071005917,0.2727272727,0,not_applicable_training_only_probability
temperature_transition,S0,2024,2024-04-03,2024-03-28,2024-04-03,2024-04-04,2024-04-06,2024-04-06,1,0,,0.02071005917,0.02071005917,0.2727272727,0,not_applicable_training_only_probability
temperature_transition,S0,2024,2024-04-04,2024-03-29,2024-04-04,2024-04-05,2024-04-07,2024-04-07,1,0,,0.02071005917,0.02071005917,0.2727272727,0,not_applicable_training_only_probability
temperature_transition,S0,2024,2024-04-05,2024-03-30,2024-04-05,2024-04-06,2024-04-08,2024-04-08,1,0,,0.02071005917,0.02071005917,0.2727272727,0,not_applicable_training_only_probability
temperature_transition,S0,2024,2024-04-06,2024-03-31,2024-04-06,2024-04-07,2024-04-09,2024-04-09,1,0,,0.2666666667,0.2666666667,0.2727272727,0,not_applicable_training_only_probability
temperature_transition,S0,2024,2024-04-07,2024-04-01,2024-04-07,2024-04-08,2024-04-10,2024-04-10,1,0,,0.02071005917,0.02071005917,0.2727272727,0,not_applicable_training_only_probability
temperature_transition,S0,2024,2024-04-08,2024-04-02,2024-04-08,2024-04-09,2024-04-11,2024-04-11,1,0,,0.02071005917,0.02071005917,0.2727272727,0,not_applicable_training_only_probability
temperature_transition,S0,2024,2024-04-09,2024-04-03,2024-04-09,2024-04-10,2024-04-12,2024-04-12,1,0,,0.02071005917,0.02071005917,0.2727272727,0,not_applicable_training_only_probability
temperature_transition,S0,2024,2024-04-10,2024-04-04,2024-04-10,2024-04-11,2024-04-13,2024-04-13,1,0,,0.02071005917,0.02071005917,0.2727272727,0,not_applicable_training_only_probability
temperature_transition,S0,2024,2024-04-11,2024-04-05,2024-04-11,2024-04-12,2024-04-14,2024-04-14,1,0,,0.02071005917,0.02071005917,0.2727272727,0,not_applicable_training_only_probability
temperature_transition,S0,2024,2024-04-12,2024-04-06,2024-04-12,2024-04-13,2024-04-15,2024-04-15,1,0,,0.02071005917,0.02071005917,0.2727272727,0,not_applicable_training_only_probability
temperature_transition,S0,2024,2024-04-13,2024-04-07,2024-04-13,2024-04-14,2024-04-16,2024-04-16,1,0,,0.2666666667,0.2666666667,0.2727272727,0,not_applicable_training_only_probability
temperature_transition,S0,2024,2024-04-14,2024-04-08,2024-04-14,2024-04-15,2024-04-17,2024-04-17,1,1,fixed36_0046,0.02071005917,0.02071005917,0.2727272727,0,not_applicable_training_only_probability
temperature_transition,S0,2024,2024-04-15,2024-04-09,2024-04-15,2024-04-16,2024-04-18,2024-04-18,1,0,,0.2666666667,0.2666666667,0.2727272727,0,not_applicable_training_only_probability
temperature_transition,S0,2024,2024-04-16,2024-04-10,2024-04-16,2024-04-17,2024-04-19,2024-04-19,1,0,,0.4146341463,0.4146341463,0.2727272727,1,not_applicable_training_only_probability
temperature_transition,S0,2024,2024-04-17,2024-04-11,2024-04-17,2024-04-18,2024-04-20,2024-04-20,1,0,,0.38,0.38,0.2727272727,1,not_applicable_training_only_probability
temperature_transition,S0,2024,2024-04-18,2024-04-12,2024-04-18,2024-04-19,2024-04-21,2024-04-21,1,1,fixed36_0047,0.02071005917,0.02071005917,0.2727272727,0,not_applicable_training_only_probability
temperature_transition,S0,2024,2024-04-19,2024-04-13,2024-04-19,2024-04-20,2024-04-22,2024-04-22,1,1,fixed36_0047,0.2666666667,0.2666666667,0.2727272727,0,not_applicable_training_only_probability
temperature_transition,S0,2024,2024-04-20,2024-04-14,2024-04-20,2024-04-21,2024-04-23,2024-04-23,1,1,fixed36_0047,0.4146341463,0.4146341463,0.2727272727,1,not_applicable_training_only_probability
temperature_transition,S0,2024,2024-04-21,2024-04-15,2024-04-21,2024-04-22,2024-04-24,2024-04-24,1,1,fixed36_0047,0.38,0.38,0.2727272727,1,not_applicable_training_only_probability
temperature_transition,S0,2024,2024-04-22,2024-04-16,2024-04-22,2024-04-23,2024-04-25,2024-04-25,1,1,fixed36_0047,0.38,0.38,0.2727272727,1,not_applicable_training_only_probability
temperature_transition,S0,2024,2024-04-23,2024-04-17,2024-04-23,2024-04-24,2024-04-26,2024-04-26,1,1,fixed36_0047,0.38,0.38,0.2727272727,1,not_applicable_training_only_probability
temperature_transition,S0,2024,2024-04-24,2024-04-18,2024-04-24,2024-04-25,2024-04-27,2024-04-27,1,1,fixed36_0047,0.38,0.38,0.2727272727,1,not_applicable_training_only_probability
temperature_transition,S0,2024,2024-04-25,2024-04-19,2024-04-25,2024-04-26,2024-04-28,2024-04-28,1,1,fixed36_0047,0.38,0.38,0.2727272727,1,not_applicable_training_only_probability
temperature_transition,S0,2024,2024-04-26,2024-04-20,2024-04-26,2024-04-27,2024-04-29,2024-04-29,1,1,fixed36_0047,0.38,0.38,0.2727272727,1,not_applicable_training_only_probability
temperature_transition,S0,2024,2024-04-27,2024-04-21,2024-04-27,2024-04-28,2024-04-30,2024-04-30,1,1,fixed36_0047,0.38,0.38,0.2727272727,1,not_applicable_training_only_probability
temperature_transition,S0,2024,2024-04-28,2024-04-22,2024-04-28,2024-04-29,2024-05-01,2024-05-01,1,1,fixed36_0047,0.38,0.38,0.2727272727,1,not_applicable_training_only_probability
temperature_transition,S0,2024,2024-04-29,2024-04-23,2024-04-29,2024-04-30,2024-05-02,2024-05-02,1,1,fixed36_0047,0.38,0.38,0.2727272727,1,not_applicable_training_only_probability
temperature_transition,S0,2024,2024-04-30,2024-04-24,2024-04-30,2024-05-01,2024-05-03,2024-05-03,1,1,fixed36_0047,0.3076923077,0.3076923077,0.2727272727,1,not_applicable_training_only_probability
temperature_transition,S0,2024,2024-05-01,2024-04-25,2024-05-01,2024-05-02,2024-05-04,2024-05-04,1,0,,0.3076923077,0.3076923077,0.2727272727,1,not_applicable_training_only_probability
temperature_transition,S0,2024,2024-05-02,2024-04-26,2024-05-02,2024-05-03,2024-05-05,2024-05-05,1,0,,0.3076923077,0.3076923077,0.2727272727,1,not_applicable_training_only_probability
temperature_transition,S0,2024,2024-05-03,2024-04-27,2024-05-03,2024-05-04,2024-05-06,2024-05-06,1,0,,0.3076923077,0.3076923077,0.2727272727,1,not_applicable_training_only_probability
temperature_transition,S0,2024,2024-05-04,2024-04-28,2024-05-04,2024-05-05,2024-05-07,2024-05-07,1,0,,0.007807417046,0.007807417046,0.2727272727,0,not_applicable_training_only_probability
temperature_transition,S0,2024,2024-05-05,2024-04-29,2024-05-05,2024-05-06,2024-05-08,2024-05-08,1,0,,0.3846153846,0.3846153846,0.2727272727,1,not_applicable_training_only_probability
temperature_transition,S0,2024,2024-05-06,2024-04-30,2024-05-06,2024-05-07,2024-05-09,2024-05-09,1,0,,0.007807417046,0.007807417046,0.2727272727,0,not_applicable_training_only_probability
temperature_transition,S0,2024,2024-05-07,2024-05-01,2024-05-07,2024-05-08,2024-05-10,2024-05-10,1,0,,0.007807417046,0.007807417046,0.2727272727,0,not_applicable_training_only_probability
temperature_transition,S0,2024,2024-05-08,2024-05-02,2024-05-08,2024-05-09,2024-05-11,2024-05-11,1,0,,0.007807417046,0.007807417046,0.2727272727,0,not_applicable_training_only_probability
temperature_transition,S0,2024,2024-05-09,2024-05-03,2024-05-09,2024-05-10,2024-05-12,2024-05-12,1,0,,0.007807417046,0.007807417046,0.2727272727,0,not_applicable_training_only_probability
temperature_transition,S0,2024,2024-05-10,2024-05-04,2024-05-10,2024-05-11,2024-05-13,2024-05-13,1,0,,0.007807417046,0.007807417046,0.2727272727,0,not_applicable_training_only_probability
temperature_transition,S0,2024,2024-05-11,2024-05-05,2024-05-11,2024-05-12,2024-05-14,2024-05-14,1,0,,0.007807417046,0.007807417046,0.2727272727,0,not_applicable_training_only_probability
temperature_transition,S0,2024,2024-05-12,2024-05-06,2024-05-12,2024-05-13,2024-05-15,2024-05-15,1,0,,0.007807417046,0.007807417046,0.2727272727,0,not_applicable_training_only_probability
temperature_transition,S0,2024,2024-05-13,2024-05-07,2024-05-13,2024-05-14,2024-05-16,2024-05-16,1,0,,0.007807417046,0.007807417046,0.2727272727,0,not_applicable_training_only_probability
temperature_transition,S0,2024,2024-05-14,2024-05-08,2024-05-14,2024-05-15,2024-05-17,2024-05-17,1,1,fixed36_0048,0.007807417046,0.007807417046,0.2727272727,0,not_applicable_training_only_probability
temperature_transition,S0,2024,2024-05-15,2024-05-09,2024-05-15,2024-05-16,2024-05-18,2024-05-18,1,0,,0.3846153846,0.3846153846,0.2727272727,1,not_applicable_training_only_probability
temperature_transition,S0,2024,2024-05-16,2024-05-10,2024-05-16,2024-05-17,2024-05-19,2024-05-19,1,0,,0.3333333333,0.3333333333,0.2727272727,1,not_applicable_training_only_probability
temperature_transition,S0,2024,2024-05-17,2024-05-11,2024-05-17,2024-05-18,2024-05-20,2024-05-20,1,0,,0.3076923077,0.3076923077,0.2727272727,1,not_applicable_training_only_probability
temperature_transition,S0,2024,2024-05-18,2024-05-12,2024-05-18,2024-05-19,2024-05-21,2024-05-21,1,0,,0.007807417046,0.007807417046,0.2727272727,0,not_applicable_training_only_probability
temperature_transition,S0,2024,2024-05-19,2024-05-13,2024-05-19,2024-05-20,2024-05-22,2024-05-22,1,0,,0.007807417046,0.007807417046,0.2727272727,0,not_applicable_training_only_probability
temperature_transition,S0,2024,2024-05-20,2024-05-14,2024-05-20,2024-05-21,2024-05-23,2024-05-23,1,0,,0.007807417046,0.007807417046,0.2727272727,0,not_applicable_training_only_probability
temperature_transition,S0,2024,2024-05-21,2024-05-15,2024-05-21,2024-05-22,2024-05-24,2024-05-24,1,0,,0.007807417046,0.007807417046,0.2727272727,0,not_applicable_training_only_probability
temperature_transition,S0,2024,2024-05-22,2024-05-16,2024-05-22,2024-05-23,2024-05-25,2024-05-25,1,1,fixed36_0049,0.007807417046,0.007807417046,0.2727272727,0,not_applicable_training_only_probability
temperature_transition,S0,2024,2024-05-23,2024-05-17,2024-05-23,2024-05-24,2024-05-26,2024-05-26,1,0,,0.3846153846,0.3846153846,0.2727272727,1,not_applicable_training_only_probability
temperature_transition,S0,2024,2024-05-24,2024-05-18,2024-05-24,2024-05-25,2024-05-27,2024-05-27,1,0,,0.3333333333,0.3333333333,0.2727272727,1,not_applicable_training_only_probability
temperature_transition,S0,2024,2024-05-25,2024-05-19,2024-05-25,2024-05-26,2024-05-28,2024-05-28,1,0,,0.3076923077,0.3076923077,0.2727272727,1,not_applicable_training_only_probability
temperature_transition,S0,2024,2024-05-26,2024-05-20,2024-05-26,2024-05-27,2024-05-29,2024-05-29,1,0,,0.007807417046,0.007807417046,0.2727272727,0,not_applicable_training_only_probability
temperature_transition,S0,2024,2024-05-27,2024-05-21,2024-05-27,2024-05-28,2024-05-30,2024-05-30,1,0,,0.007807417046,0.007807417046,0.2727272727,0,not_applicable_training_only_probability
temperature_transition,S0,2024,2024-05-28,2024-05-22,2024-05-28,2024-05-29,2024-05-31,2024-05-31,1,0,,0.007807417046,0.007807417046,0.2727272727,0,not_applicable_training_only_probability
temperature_transition,S0,2024,2024-05-29,2024-05-23,2024-05-29,2024-05-30,2024-06-01,2024-06-01,1,0,,0.007807417046,0.007807417046,0.2727272727,0,not_applicable_training_only_probability
temperature_transition,S0,2024,2024-05-30,2024-05-24,2024-05-30,2024-05-31,2024-06-02,2024-06-02,1,0,,0.007807417046,0.007807417046,0.2727272727,0,not_applicable_training_only_probability
temperature_transition,S0,2024,2024-05-31,2024-05-25,2024-05-31,2024-06-01,2024-06-03,2024-06-03,1,0,,0.000693962526,0.000693962526,0.2727272727,0,not_applicable_training_only_probability
temperature_transition,S0,2024,2024-06-01,2024-05-26,2024-06-01,2024-06-02,2024-06-04,2024-06-04,1,0,,0.000693962526,0.000693962526,0.2727272727,0,not_applicable_training_only_probability
temperature_transition,S0,2024,2024-06-02,2024-05-27,2024-06-02,2024-06-03,2024-06-05,2024-06-05,1,0,,0.2704918033,0.2704918033,0.2727272727,0,not_applicable_training_only_probability
temperature_transition,S0,2024,2024-06-03,2024-05-28,2024-06-03,2024-06-04,2024-06-06,2024-06-06,1,0,,0.000693962526,0.000693962526,0.2727272727,0,not_applicable_training_only_probability
temperature_transition,S0,2024,2024-06-04,2024-05-29,2024-06-04,2024-06-05,2024-06-07,2024-06-07,1,0,,0.000693962526,0.000693962526,0.2727272727,0,not_applicable_training_only_probability
temperature_transition,S0,2024,2024-06-05,2024-05-30,2024-06-05,2024-06-06,2024-06-08,2024-06-08,1,0,,0.000693962526,0.000693962526,0.2727272727,0,not_applicable_training_only_probability
temperature_transition,S0,2024,2024-06-06,2024-05-31,2024-06-06,2024-06-07,2024-06-09,2024-06-09,1,0,,0.000693962526,0.000693962526,0.2727272727,0,not_applicable_training_only_probability
temperature_transition,S0,2024,2024-06-07,2024-06-01,2024-06-07,2024-06-08,2024-06-10,2024-06-10,1,0,,0.000693962526,0.000693962526,0.2727272727,0,not_applicable_training_only_probability
temperature_transition,S0,2024,2024-06-08,2024-06-02,2024-06-08,2024-06-09,2024-06-11,2024-06-11,1,0,,0.000693962526,0.000693962526,0.2727272727,0,not_applicable_training_only_probability
temperature_transition,S0,2024,2024-06-09,2024-06-03,2024-06-09,2024-06-10,2024-06-12,2024-06-12,1,0,,0.000693962526,0.000693962526,0.2727272727,0,not_applicable_training_only_probability
temperature_transition,S0,2024,2024-06-10,2024-06-04,2024-06-10,2024-06-11,2024-06-13,2024-06-13,1,0,,0.000693962526,0.000693962526,0.2727272727,0,not_applicable_training_only_probability
temperature_transition,S0,2024,2024-06-11,2024-06-05,2024-06-11,2024-06-12,2024-06-14,2024-06-14,1,0,,0.000693962526,0.000693962526,0.2727272727,0,not_applicable_training_only_probability
temperature_transition,S0,2024,2024-06-12,2024-06-06,2024-06-12,2024-06-13,2024-06-15,2024-06-15,1,0,,0.000693962526,0.000693962526,0.2727272727,0,not_applicable_training_only_probability
temperature_transition,S0,2024,2024-06-13,2024-06-07,2024-06-13,2024-06-14,2024-06-16,2024-06-16,1,0,,0.000693962526,0.000693962526,0.2727272727,0,not_applicable_training_only_probability
temperature_transition,S0,2024,2024-06-14,2024-06-08,2024-06-14,2024-06-15,2024-06-17,2024-06-17,1,0,,0.000693962526,0.000693962526,0.2727272727,0,not_applicable_training_only_probability
temperature_transition,S0,2024,2024-06-15,2024-06-09,2024-06-15,2024-06-16,2024-06-18,2024-06-18,1,0,,0.000693962526,0.000693962526,0.2727272727,0,not_applicable_training_only_probability
temperature_transition,S0,2024,2024-06-16,2024-06-10,2024-06-16,2024-06-17,2024-06-19,2024-06-19,1,0,,0.000693962526,0.000693962526,0.2727272727,0,not_applicable_training_only_probability
temperature_transition,S0,2024,2024-06-17,2024-06-11,2024-06-17,2024-06-18,2024-06-20,2024-06-20,1,0,,0.000693962526,0.000693962526,0.2727272727,0,not_applicable_training_only_probability
temperature_transition,S0,2024,2024-06-18,2024-06-12,2024-06-18,2024-06-19,2024-06-21,2024-06-21,1,0,,0.000693962526,0.000693962526,0.2727272727,0,not_applicable_training_only_probability
temperature_transition,S0,2024,2024-06-19,2024-06-13,2024-06-19,2024-06-20,2024-06-22,2024-06-22,1,0,,0.000693962526,0.000693962526,0.2727272727,0,not_applicable_training_only_probability
temperature_transition,S0,2024,2024-06-20,2024-06-14,2024-06-20,2024-06-21,2024-06-23,2024-06-23,1,0,,0.000693962526,0.000693962526,0.2727272727,0,not_applicable_training_only_probability
temperature_transition,S0,2024,2024-06-21,2024-06-15,2024-06-21,2024-06-22,2024-06-24,2024-06-24,1,0,,0.000693962526,0.000693962526,0.2727272727,0,not_applicable_training_only_probability
temperature_transition,S0,2024,2024-06-22,2024-06-16,2024-06-22,2024-06-23,2024-06-25,2024-06-25,1,0,,0.000693962526,0.000693962526,0.2727272727,0,not_applicable_training_only_probability
temperature_transition,S0,2024,2024-06-23,2024-06-17,2024-06-23,2024-06-24,2024-06-26,2024-06-26,1,0,,0.000693962526,0.000693962526,0.2727272727,0,not_applicable_training_only_probability
temperature_transition,S0,2024,2024-06-24,2024-06-18,2024-06-24,2024-06-25,2024-06-27,2024-06-27,1,0,,0.000693962526,0.000693962526,0.2727272727,0,not_applicable_training_only_probability
temperature_transition,S0,2024,2024-06-25,2024-06-19,2024-06-25,2024-06-26,2024-06-28,2024-06-28,1,0,,0.000693962526,0.000693962526,0.2727272727,0,not_applicable_training_only_probability
temperature_transition,S0,2024,2024-06-26,2024-06-20,2024-06-26,2024-06-27,2024-06-29,2024-06-29,1,0,,0.000693962526,0.000693962526,0.2727272727,0,not_applicable_training_only_probability
temperature_transition,S0,2024,2024-06-27,2024-06-21,2024-06-27,2024-06-28,2024-06-30,2024-06-30,1,0,,0.000693962526,0.000693962526,0.2727272727,0,not_applicable_training_only_probability
xgboost,S1,2014,2014-02-28,2014-02-22,2014-02-28,2014-03-01,2014-03-03,2014-03-03,1,0,,0.09393598139,0.001449272435,0.0237137746,0,temporal_sigmoid
xgboost,S1,2014,2014-03-01,2014-02-23,2014-03-01,2014-03-02,2014-03-04,2014-03-04,1,0,,0.09393598139,0.001449272435,0.0237137746,0,temporal_sigmoid
xgboost,S1,2014,2014-03-02,2014-02-24,2014-03-02,2014-03-03,2014-03-05,2014-03-05,1,0,,0.08357609063,0.001198023413,0.0237137746,0,temporal_sigmoid
xgboost,S1,2014,2014-03-03,2014-02-25,2014-03-03,2014-03-04,2014-03-06,2014-03-06,1,0,,0.08357609063,0.001198023413,0.0237137746,0,temporal_sigmoid
xgboost,S1,2014,2014-03-04,2014-02-26,2014-03-04,2014-03-05,2014-03-07,2014-03-07,1,0,,0.09393598139,0.001449272435,0.0237137746,0,temporal_sigmoid
xgboost,S1,2014,2014-03-05,2014-02-27,2014-03-05,2014-03-06,2014-03-08,2014-03-08,1,0,,0.08357609063,0.001198023413,0.0237137746,0,temporal_sigmoid
xgboost,S1,2014,2014-03-06,2014-02-28,2014-03-06,2014-03-07,2014-03-09,2014-03-09,1,0,,0.08357609063,0.001198023413,0.0237137746,0,temporal_sigmoid
xgboost,S1,2014,2014-03-07,2014-03-01,2014-03-07,2014-03-08,2014-03-10,2014-03-10,1,0,,0.09393598139,0.001449272435,0.0237137746,0,temporal_sigmoid
xgboost,S1,2014,2014-03-08,2014-03-02,2014-03-08,2014-03-09,2014-03-11,2014-03-11,1,0,,0.08357609063,0.001198023413,0.0237137746,0,temporal_sigmoid
xgboost,S1,2014,2014-03-09,2014-03-03,2014-03-09,2014-03-10,2014-03-12,2014-03-12,1,0,,0.09393598139,0.001449272435,0.0237137746,0,temporal_sigmoid
xgboost,S1,2014,2014-03-10,2014-03-04,2014-03-10,2014-03-11,2014-03-13,2014-03-13,1,0,,0.08357609063,0.001198023413,0.0237137746,0,temporal_sigmoid
xgboost,S1,2014,2014-03-11,2014-03-05,2014-03-11,2014-03-12,2014-03-14,2014-03-14,1,0,,0.08357609063,0.001198023413,0.0237137746,0,temporal_sigmoid
xgboost,S1,2014,2014-03-12,2014-03-06,2014-03-12,2014-03-13,2014-03-15,2014-03-15,1,0,,0.08357609063,0.001198023413,0.0237137746,0,temporal_sigmoid
xgboost,S1,2014,2014-03-13,2014-03-07,2014-03-13,2014-03-14,2014-03-16,2014-03-16,1,0,,0.08357609063,0.001198023413,0.0237137746,0,temporal_sigmoid
xgboost,S1,2014,2014-03-14,2014-03-08,2014-03-14,2014-03-15,2014-03-17,2014-03-17,1,0,,0.08357609063,0.001198023413,0.0237137746,0,temporal_sigmoid
xgboost,S1,2014,2014-03-15,2014-03-09,2014-03-15,2014-03-16,2014-03-18,2014-03-18,1,0,,0.08357609063,0.001198023413,0.0237137746,0,temporal_sigmoid
xgboost,S1,2014,2014-03-16,2014-03-10,2014-03-16,2014-03-17,2014-03-19,2014-03-19,1,0,,0.08357609063,0.001198023413,0.0237137746,0,temporal_sigmoid
xgboost,S1,2014,2014-03-17,2014-03-11,2014-03-17,2014-03-18,2014-03-20,2014-03-20,1,0,,0.09393598139,0.001449272435,0.0237137746,0,temporal_sigmoid
xgboost,S1,2014,2014-03-18,2014-03-12,2014-03-18,2014-03-19,2014-03-21,2014-03-21,1,0,,0.09393598139,0.001449272435,0.0237137746,0,temporal_sigmoid
xgboost,S1,2014,2014-03-19,2014-03-13,2014-03-19,2014-03-20,2014-03-22,2014-03-22,1,0,,0.09393598139,0.001449272435,0.0237137746,0,temporal_sigmoid
xgboost,S1,2014,2014-03-20,2014-03-14,2014-03-20,2014-03-21,2014-03-23,2014-03-23,1,0,,0.09393598139,0.001449272435,0.0237137746,0,temporal_sigmoid
xgboost,S1,2014,2014-03-21,2014-03-15,2014-03-21,2014-03-22,2014-03-24,2014-03-24,1,0,,0.09393598139,0.001449272435,0.0237137746,0,temporal_sigmoid
xgboost,S1,2014,2014-03-22,2014-03-16,2014-03-22,2014-03-23,2014-03-25,2014-03-25,1,0,,0.09393598139,0.001449272435,0.0237137746,0,temporal_sigmoid
xgboost,S1,2014,2014-03-23,2014-03-17,2014-03-23,2014-03-24,2014-03-26,2014-03-26,1,0,,0.08357609063,0.001198023413,0.0237137746,0,temporal_sigmoid
xgboost,S1,2014,2014-03-24,2014-03-18,2014-03-24,2014-03-25,2014-03-27,2014-03-27,1,0,,0.08357609063,0.001198023413,0.0237137746,0,temporal_sigmoid
xgboost,S1,2014,2014-03-25,2014-03-19,2014-03-25,2014-03-26,2014-03-28,2014-03-28,1,0,,0.08357609063,0.001198023413,0.0237137746,0,temporal_sigmoid
xgboost,S1,2014,2014-03-26,2014-03-20,2014-03-26,2014-03-27,2014-03-29,2014-03-29,1,0,,0.08357609063,0.001198023413,0.0237137746,0,temporal_sigmoid
xgboost,S1,2014,2014-03-27,2014-03-21,2014-03-27,2014-03-28,2014-03-30,2014-03-30,1,0,,0.2607949376,0.008884948022,0.0237137746,0,temporal_sigmoid
xgboost,S1,2014,2014-03-28,2014-03-22,2014-03-28,2014-03-29,2014-03-31,2014-03-31,1,0,,0.5464378595,0.05272318299,0.0237137746,1,temporal_sigmoid
xgboost,S1,2014,2014-03-29,2014-03-23,2014-03-29,2014-03-30,2014-04-01,2014-04-01,1,0,,0.5521402359,0.05445995296,0.0237137746,1,temporal_sigmoid
xgboost,S1,2014,2014-03-30,2014-03-24,2014-03-30,2014-03-31,2014-04-02,2014-04-02,1,0,,0.5976009369,0.07059931837,0.0237137746,1,temporal_sigmoid
xgboost,S1,2014,2014-03-31,2014-03-25,2014-03-31,2014-04-01,2014-04-03,2014-04-03,1,0,,0.742962718,0.1697476837,0.0237137746,1,temporal_sigmoid
xgboost,S1,2014,2014-04-01,2014-03-26,2014-04-01,2014-04-02,2014-04-04,2014-04-04,1,0,,0.5963790417,0.07010547595,0.0237137746,1,temporal_sigmoid
xgboost,S1,2014,2014-04-02,2014-03-27,2014-04-02,2014-04-03,2014-04-05,2014-04-05,1,0,,0.4373963177,0.02820149132,0.0237137746,1,temporal_sigmoid
xgboost,S1,2014,2014-04-03,2014-03-28,2014-04-03,2014-04-04,2014-04-06,2014-04-06,1,0,,0.4283357561,0.02673590359,0.0237137746,1,temporal_sigmoid
xgboost,S1,2014,2014-04-04,2014-03-29,2014-04-04,2014-04-05,2014-04-07,2014-04-07,1,0,,0.08525536209,0.001237307348,0.0237137746,0,temporal_sigmoid
xgboost,S1,2014,2014-04-05,2014-03-30,2014-04-05,2014-04-06,2014-04-08,2014-04-08,1,0,,0.08525536209,0.001237307348,0.0237137746,0,temporal_sigmoid
xgboost,S1,2014,2014-04-06,2014-03-31,2014-04-06,2014-04-07,2014-04-09,2014-04-09,1,0,,0.08357609063,0.001198023413,0.0237137746,0,temporal_sigmoid
xgboost,S1,2014,2014-04-07,2014-04-01,2014-04-07,2014-04-08,2014-04-10,2014-04-10,1,0,,0.1216720119,0.002228108475,0.0237137746,0,temporal_sigmoid
xgboost,S1,2014,2014-04-08,2014-04-02,2014-04-08,2014-04-09,2014-04-11,2014-04-11,1,0,,0.08357609063,0.001198023413,0.0237137746,0,temporal_sigmoid
xgboost,S1,2014,2014-04-09,2014-04-03,2014-04-09,2014-04-10,2014-04-12,2014-04-12,1,0,,0.08357609063,0.001198023413,0.0237137746,0,temporal_sigmoid
xgboost,S1,2014,2014-04-10,2014-04-04,2014-04-10,2014-04-11,2014-04-13,2014-04-13,1,0,,0.08357609063,0.001198023413,0.0237137746,0,temporal_sigmoid
xgboost,S1,2014,2014-04-11,2014-04-05,2014-04-11,2014-04-12,2014-04-14,2014-04-14,1,0,,0.5442680717,0.05207714241,0.0237137746,1,temporal_sigmoid
xgboost,S1,2014,2014-04-12,2014-04-06,2014-04-12,2014-04-13,2014-04-15,2014-04-15,1,0,,0.2691573799,0.00946511797,0.0237137746,0,temporal_sigmoid
xgboost,S1,2014,2014-04-13,2014-04-07,2014-04-13,2014-04-14,2014-04-16,2014-04-16,1,0,,0.2456157804,0.007893054394,0.0237137746,0,temporal_sigmoid
xgboost,S1,2014,2014-04-14,2014-04-08,2014-04-14,2014-04-15,2014-04-17,2014-04-17,1,0,,0.3502160907,0.01655368278,0.0237137746,0,temporal_sigmoid
xgboost,S1,2014,2014-04-15,2014-04-09,2014-04-15,2014-04-16,2014-04-18,2014-04-18,1,0,,0.3229404092,0.01384158261,0.0237137746,0,temporal_sigmoid
xgboost,S1,2014,2014-04-16,2014-04-10,2014-04-16,2014-04-17,2014-04-19,2014-04-19,1,0,,0.7987381816,0.2467335081,0.0237137746,1,temporal_sigmoid
xgboost,S1,2014,2014-04-17,2014-04-11,2014-04-17,2014-04-18,2014-04-20,2014-04-20,1,0,,0.7616105676,0.1917646922,0.0237137746,1,temporal_sigmoid
xgboost,S1,2014,2014-04-18,2014-04-12,2014-04-18,2014-04-19,2014-04-21,2014-04-21,1,0,,0.7589930892,0.1884767961,0.0237137746,1,temporal_sigmoid
xgboost,S1,2014,2014-04-19,2014-04-13,2014-04-19,2014-04-20,2014-04-22,2014-04-22,1,1,fixed36_0035,0.7125871778,0.1399688944,0.0237137746,1,temporal_sigmoid
xgboost,S1,2014,2014-04-20,2014-04-14,2014-04-20,2014-04-21,2014-04-23,2014-04-23,1,1,fixed36_0035,0.8436315656,0.3408376022,0.0237137746,1,temporal_sigmoid
xgboost,S1,2014,2014-04-21,2014-04-15,2014-04-21,2014-04-22,2014-04-24,2014-04-24,1,1,fixed36_0035,0.8436315656,0.3408376022,0.0237137746,1,temporal_sigmoid
xgboost,S1,2014,2014-04-22,2014-04-16,2014-04-22,2014-04-23,2014-04-25,2014-04-25,1,1,fixed36_0035,0.8436315656,0.3408376022,0.0237137746,1,temporal_sigmoid
xgboost,S1,2014,2014-04-23,2014-04-17,2014-04-23,2014-04-24,2014-04-26,2014-04-26,1,1,fixed36_0035,0.8436315656,0.3408376022,0.0237137746,1,temporal_sigmoid
xgboost,S1,2014,2014-04-24,2014-04-18,2014-04-24,2014-04-25,2014-04-27,2014-04-27,1,0,,0.8436315656,0.3408376022,0.0237137746,1,temporal_sigmoid
xgboost,S1,2014,2014-04-25,2014-04-19,2014-04-25,2014-04-26,2014-04-28,2014-04-28,1,0,,0.8436315656,0.3408376022,0.0237137746,1,temporal_sigmoid
xgboost,S1,2014,2014-04-26,2014-04-20,2014-04-26,2014-04-27,2014-04-29,2014-04-29,1,0,,0.8436315656,0.3408376022,0.0237137746,1,temporal_sigmoid
xgboost,S1,2014,2014-04-27,2014-04-21,2014-04-27,2014-04-28,2014-04-30,2014-04-30,1,0,,0.8235708475,0.2942558014,0.0237137746,1,temporal_sigmoid
xgboost,S1,2014,2014-04-28,2014-04-22,2014-04-28,2014-04-29,2014-05-01,2014-05-01,1,0,,0.4135193825,0.02448202282,0.0237137746,1,temporal_sigmoid
xgboost,S1,2014,2014-04-29,2014-04-23,2014-04-29,2014-04-30,2014-05-02,2014-05-02,1,0,,0.2166821808,0.006205154399,0.0237137746,0,temporal_sigmoid
xgboost,S1,2014,2014-04-30,2014-04-24,2014-04-30,2014-05-01,2014-05-03,2014-05-03,1,0,,0.2145130783,0.006088659348,0.0237137746,0,temporal_sigmoid
xgboost,S1,2014,2014-05-01,2014-04-25,2014-05-01,2014-05-02,2014-05-04,2014-05-04,1,0,,0.08771467209,0.001295844078,0.0237137746,0,temporal_sigmoid
xgboost,S1,2014,2014-05-02,2014-04-26,2014-05-02,2014-05-03,2014-05-05,2014-05-05,1,0,,0.08561318368,0.001245749965,0.0237137746,0,temporal_sigmoid
xgboost,S1,2014,2014-05-03,2014-04-27,2014-05-03,2014-05-04,2014-05-06,2014-05-06,1,0,,0.08525536209,0.001237307348,0.0237137746,0,temporal_sigmoid
xgboost,S1,2014,2014-05-04,2014-04-28,2014-05-04,2014-05-05,2014-05-07,2014-05-07,1,0,,0.08357609063,0.001198023413,0.0237137746,0,temporal_sigmoid
xgboost,S1,2014,2014-05-05,2014-04-29,2014-05-05,2014-05-06,2014-05-08,2014-05-08,1,0,,0.08357609063,0.001198023413,0.0237137746,0,temporal_sigmoid
xgboost,S1,2014,2014-05-06,2014-04-30,2014-05-06,2014-05-07,2014-05-09,2014-05-09,1,0,,0.1687663496,0.003926825297,0.0237137746,0,temporal_sigmoid
xgboost,S1,2014,2014-05-07,2014-05-01,2014-05-07,2014-05-08,2014-05-10,2014-05-10,1,0,,0.08357609063,0.001198023413,0.0237137746,0,temporal_sigmoid
xgboost,S1,2014,2014-05-08,2014-05-02,2014-05-08,2014-05-09,2014-05-11,2014-05-11,1,0,,0.08357609063,0.001198023413,0.0237137746,0,temporal_sigmoid
xgboost,S1,2014,2014-05-09,2014-05-03,2014-05-09,2014-05-10,2014-05-12,2014-05-12,1,0,,0.6603888273,0.101856495,0.0237137746,1,temporal_sigmoid
xgboost,S1,2014,2014-05-10,2014-05-04,2014-05-10,2014-05-11,2014-05-13,2014-05-13,1,0,,0.1773038208,0.004289573634,0.0237137746,0,temporal_sigmoid
xgboost,S1,2014,2014-05-11,2014-05-05,2014-05-11,2014-05-12,2014-05-14,2014-05-14,1,0,,0.08392751217,0.001206198335,0.0237137746,0,temporal_sigmoid
xgboost,S1,2014,2014-05-12,2014-05-06,2014-05-12,2014-05-13,2014-05-15,2014-05-15,1,1,fixed36_0036,0.1687663496,0.003926825297,0.0237137746,0,temporal_sigmoid
xgboost,S1,2014,2014-05-13,2014-05-07,2014-05-13,2014-05-14,2014-05-16,2014-05-16,1,1,fixed36_0036,0.6401199698,0.09035576804,0.0237137746,1,temporal_sigmoid
xgboost,S1,2014,2014-05-14,2014-05-08,2014-05-14,2014-05-15,2014-05-17,2014-05-17,1,0,,0.7742413878,0.2086319957,0.0237137746,1,temporal_sigmoid
xgboost,S1,2014,2014-05-15,2014-05-09,2014-05-15,2014-05-16,2014-05-18,2014-05-18,1,0,,0.6329504848,0.08663967231,0.0237137746,1,temporal_sigmoid
xgboost,S1,2014,2014-05-16,2014-05-10,2014-05-16,2014-05-17,2014-05-19,2014-05-19,1,0,,0.8257629871,0.2989584725,0.0237137746,1,temporal_sigmoid
xgboost,S1,2014,2014-05-17,2014-05-11,2014-05-17,2014-05-18,2014-05-20,2014-05-20,1,0,,0.6282455325,0.0842926443,0.0237137746,1,temporal_sigmoid
xgboost,S1,2014,2014-05-18,2014-05-12,2014-05-18,2014-05-19,2014-05-21,2014-05-21,1,0,,0.7098255754,0.1375797703,0.0237137746,1,temporal_sigmoid
xgboost,S1,2014,2014-05-19,2014-05-13,2014-05-19,2014-05-20,2014-05-22,2014-05-22,1,1,fixed36_0037,0.6966425776,0.1268095984,0.0237137746,1,temporal_sigmoid
xgboost,S1,2014,2014-05-20,2014-05-14,2014-05-20,2014-05-21,2014-05-23,2014-05-23,1,1,fixed36_0037,0.8354602456,0.3208722581,0.0237137746,1,temporal_sigmoid
xgboost,S1,2014,2014-05-21,2014-05-15,2014-05-21,2014-05-22,2014-05-24,2014-05-24,1,0,,0.8354602456,0.3208722581,0.0237137746,1,temporal_sigmoid
xgboost,S1,2014,2014-05-22,2014-05-16,2014-05-22,2014-05-23,2014-05-25,2014-05-25,1,0,,0.8354602456,0.3208722581,0.0237137746,1,temporal_sigmoid
xgboost,S1,2014,2014-05-23,2014-05-17,2014-05-23,2014-05-24,2014-05-26,2014-05-26,1,0,,0.8354602456,0.3208722581,0.0237137746,1,temporal_sigmoid
xgboost,S1,2014,2014-05-24,2014-05-18,2014-05-24,2014-05-25,2014-05-27,2014-05-27,1,0,,0.1781008542,0.004324350505,0.0237137746,0,temporal_sigmoid
xgboost,S1,2014,2014-05-25,2014-05-19,2014-05-25,2014-05-26,2014-05-28,2014-05-28,1,0,,0.08771467209,0.001295844078,0.0237137746,0,temporal_sigmoid
xgboost,S1,2014,2014-05-26,2014-05-20,2014-05-26,2014-05-27,2014-05-29,2014-05-29,1,0,,0.08525536209,0.001237307348,0.0237137746,0,temporal_sigmoid
xgboost,S1,2014,2014-05-27,2014-05-21,2014-05-27,2014-05-28,2014-05-30,2014-05-30,1,0,,0.08525536209,0.001237307348,0.0237137746,0,temporal_sigmoid
xgboost,S1,2014,2014-05-28,2014-05-22,2014-05-28,2014-05-29,2014-05-31,2014-05-31,1,0,,0.08357609063,0.001198023413,0.0237137746,0,temporal_sigmoid
xgboost,S1,2014,2014-05-29,2014-05-23,2014-05-29,2014-05-30,2014-06-01,2014-06-01,1,0,,0.1588900983,0.003528999673,0.0237137746,0,temporal_sigmoid
xgboost,S1,2014,2014-05-30,2014-05-24,2014-05-30,2014-05-31,2014-06-02,2014-06-02,1,0,,0.08357609063,0.001198023413,0.0237137746,0,temporal_sigmoid
xgboost,S1,2014,2014-05-31,2014-05-25,2014-05-31,2014-06-01,2014-06-03,2014-06-03,1,0,,0.08357609063,0.001198023413,0.0237137746,0,temporal_sigmoid
xgboost,S1,2014,2014-06-01,2014-05-26,2014-06-01,2014-06-02,2014-06-04,2014-06-04,1,0,,0.08357609063,0.001198023413,0.0237137746,0,temporal_sigmoid
xgboost,S1,2014,2014-06-02,2014-05-27,2014-06-02,2014-06-03,2014-06-05,2014-06-05,1,0,,0.08357609063,0.001198023413,0.0237137746,0,temporal_sigmoid
xgboost,S1,2014,2014-06-03,2014-05-28,2014-06-03,2014-06-04,2014-06-06,2014-06-06,1,0,,0.08357609063,0.001198023413,0.0237137746,0,temporal_sigmoid
xgboost,S1,2014,2014-06-04,2014-05-29,2014-06-04,2014-06-05,2014-06-07,2014-06-07,1,0,,0.08357609063,0.001198023413,0.0237137746,0,temporal_sigmoid
xgboost,S1,2014,2014-06-05,2014-05-30,2014-06-05,2014-06-06,2014-06-08,2014-06-08,1,0,,0.173566103,0.00412857485,0.0237137746,0,temporal_sigmoid
xgboost,S1,2014,2014-06-06,2014-05-31,2014-06-06,2014-06-07,2014-06-09,2014-06-09,1,0,,0.3090234399,0.01259372181,0.0237137746,0,temporal_sigmoid
xgboost,S1,2014,2014-06-07,2014-06-01,2014-06-07,2014-06-08,2014-06-10,2014-06-10,1,0,,0.2110294104,0.005904359675,0.0237137746,0,temporal_sigmoid
xgboost,S1,2014,2014-06-08,2014-06-02,2014-06-08,2014-06-09,2014-06-11,2014-06-11,1,0,,0.3365381658,0.01514749514,0.0237137746,0,temporal_sigmoid
xgboost,S1,2014,2014-06-09,2014-06-03,2014-06-09,2014-06-10,2014-06-12,2014-06-12,1,0,,0.1016401574,0.001649959647,0.0237137746,0,temporal_sigmoid
xgboost,S1,2014,2014-06-10,2014-06-04,2014-06-10,2014-06-11,2014-06-13,2014-06-13,1,0,,0.1036355123,0.001703878989,0.0237137746,0,temporal_sigmoid
xgboost,S1,2014,2014-06-11,2014-06-05,2014-06-11,2014-06-12,2014-06-14,2014-06-14,1,0,,0.09929537773,0.001587621873,0.0237137746,0,temporal_sigmoid
xgboost,S1,2014,2014-06-12,2014-06-06,2014-06-12,2014-06-13,2014-06-15,2014-06-15,1,0,,0.4396737218,0.02858082701,0.0237137746,1,temporal_sigmoid
xgboost,S1,2014,2014-06-13,2014-06-07,2014-06-13,2014-06-14,2014-06-16,2014-06-16,1,0,,0.1864323914,0.004697395123,0.0237137746,0,temporal_sigmoid
xgboost,S1,2014,2014-06-14,2014-06-08,2014-06-14,2014-06-15,2014-06-17,2014-06-17,1,0,,0.2177154571,0.006261122172,0.0237137746,0,temporal_sigmoid
xgboost,S1,2014,2014-06-15,2014-06-09,2014-06-15,2014-06-16,2014-06-18,2014-06-18,1,0,,0.1008137167,0.001627862022,0.0237137746,0,temporal_sigmoid
xgboost,S1,2014,2014-06-16,2014-06-10,2014-06-16,2014-06-17,2014-06-19,2014-06-19,1,0,,0.1803723574,0.00442432856,0.0237137746,0,temporal_sigmoid
xgboost,S1,2014,2014-06-17,2014-06-11,2014-06-17,2014-06-18,2014-06-20,2014-06-20,1,0,,0.08771467209,0.001295844078,0.0237137746,0,temporal_sigmoid
xgboost,S1,2014,2014-06-18,2014-06-12,2014-06-18,2014-06-19,2014-06-21,2014-06-21,1,0,,0.08561318368,0.001245749965,0.0237137746,0,temporal_sigmoid
xgboost,S1,2014,2014-06-19,2014-06-13,2014-06-19,2014-06-20,2014-06-22,2014-06-22,1,0,,0.08525536209,0.001237307348,0.0237137746,0,temporal_sigmoid
xgboost,S1,2014,2014-06-20,2014-06-14,2014-06-20,2014-06-21,2014-06-23,2014-06-23,1,0,,0.08357609063,0.001198023413,0.0237137746,0,temporal_sigmoid
xgboost,S1,2014,2014-06-21,2014-06-15,2014-06-21,2014-06-22,2014-06-24,2014-06-24,1,0,,0.08357609063,0.001198023413,0.0237137746,0,temporal_sigmoid
xgboost,S1,2014,2014-06-22,2014-06-16,2014-06-22,2014-06-23,2014-06-25,2014-06-25,1,0,,0.08357609063,0.001198023413,0.0237137746,0,temporal_sigmoid
xgboost,S1,2014,2014-06-23,2014-06-17,2014-06-23,2014-06-24,2014-06-26,2014-06-26,1,0,,0.08357609063,0.001198023413,0.0237137746,0,temporal_sigmoid
xgboost,S1,2014,2014-06-24,2014-06-18,2014-06-24,2014-06-25,2014-06-27,2014-06-27,1,0,,0.08357609063,0.001198023413,0.0237137746,0,temporal_sigmoid
xgboost,S1,2014,2014-06-25,2014-06-19,2014-06-25,2014-06-26,2014-06-28,2014-06-28,1,0,,0.08357609063,0.001198023413,0.0237137746,0,temporal_sigmoid
xgboost,S1,2014,2014-06-26,2014-06-20,2014-06-26,2014-06-27,2014-06-29,2014-06-29,1,0,,0.08357609063,0.001198023413,0.0237137746,0,temporal_sigmoid
xgboost,S1,2014,2014-06-27,2014-06-21,2014-06-27,2014-06-28,2014-06-30,2014-06-30,1,0,,0.08357609063,0.001198023413,0.0237137746,0,temporal_sigmoid
xgboost,S1,2015,2015-02-28,2015-02-22,2015-02-28,2015-03-01,2015-03-03,2015-03-03,1,0,,0.09701076895,0.007040797838,0.01525632944,0,temporal_sigmoid
xgboost,S1,2015,2015-03-01,2015-02-23,2015-03-01,2015-03-02,2015-03-04,2015-03-04,1,0,,0.1022730991,0.007524427993,0.01525632944,0,temporal_sigmoid
xgboost,S1,2015,2015-03-02,2015-02-24,2015-03-02,2015-03-03,2015-03-05,2015-03-05,1,0,,0.09727472067,0.007064837645,0.01525632944,0,temporal_sigmoid
xgboost,S1,2015,2015-03-03,2015-02-25,2015-03-03,2015-03-04,2015-03-06,2015-03-06,1,0,,0.1022730991,0.007524427993,0.01525632944,0,temporal_sigmoid
xgboost,S1,2015,2015-03-04,2015-02-26,2015-03-04,2015-03-05,2015-03-07,2015-03-07,1,0,,0.0948792845,0.006847514837,0.01525632944,0,temporal_sigmoid
xgboost,S1,2015,2015-03-05,2015-02-27,2015-03-05,2015-03-06,2015-03-08,2015-03-08,1,0,,0.0948792845,0.006847514837,0.01525632944,0,temporal_sigmoid
xgboost,S1,2015,2015-03-06,2015-02-28,2015-03-06,2015-03-07,2015-03-09,2015-03-09,1,0,,0.0948792845,0.006847514837,0.01525632944,0,temporal_sigmoid
xgboost,S1,2015,2015-03-07,2015-03-01,2015-03-07,2015-03-08,2015-03-10,2015-03-10,1,0,,0.0948792845,0.006847514837,0.01525632944,0,temporal_sigmoid
xgboost,S1,2015,2015-03-08,2015-03-02,2015-03-08,2015-03-09,2015-03-11,2015-03-11,1,0,,0.0948792845,0.006847514837,0.01525632944,0,temporal_sigmoid
xgboost,S1,2015,2015-03-09,2015-03-03,2015-03-09,2015-03-10,2015-03-12,2015-03-12,1,0,,0.0948792845,0.006847514837,0.01525632944,0,temporal_sigmoid
xgboost,S1,2015,2015-03-10,2015-03-04,2015-03-10,2015-03-11,2015-03-13,2015-03-13,1,0,,0.09723390639,0.007061118914,0.01525632944,0,temporal_sigmoid
xgboost,S1,2015,2015-03-11,2015-03-05,2015-03-11,2015-03-12,2015-03-14,2015-03-14,1,0,,0.09549488127,0.006903182674,0.01525632944,0,temporal_sigmoid
xgboost,S1,2015,2015-03-12,2015-03-06,2015-03-12,2015-03-13,2015-03-15,2015-03-15,1,0,,0.0948792845,0.006847514837,0.01525632944,0,temporal_sigmoid
xgboost,S1,2015,2015-03-13,2015-03-07,2015-03-13,2015-03-14,2015-03-16,2015-03-16,1,0,,0.0948792845,0.006847514837,0.01525632944,0,temporal_sigmoid
xgboost,S1,2015,2015-03-14,2015-03-08,2015-03-14,2015-03-15,2015-03-17,2015-03-17,1,0,,0.0948792845,0.006847514837,0.01525632944,0,temporal_sigmoid
xgboost,S1,2015,2015-03-15,2015-03-09,2015-03-15,2015-03-16,2015-03-18,2015-03-18,1,0,,0.1604301929,0.01349134884,0.01525632944,0,temporal_sigmoid
xgboost,S1,2015,2015-03-16,2015-03-10,2015-03-16,2015-03-17,2015-03-19,2015-03-19,1,0,,0.0948792845,0.006847514837,0.01525632944,0,temporal_sigmoid
xgboost,S1,2015,2015-03-17,2015-03-11,2015-03-17,2015-03-18,2015-03-20,2015-03-20,1,0,,0.09622010589,0.006968925022,0.01525632944,0,temporal_sigmoid
xgboost,S1,2015,2015-03-18,2015-03-12,2015-03-18,2015-03-19,2015-03-21,2015-03-21,1,0,,0.0948792845,0.006847514837,0.01525632944,0,temporal_sigmoid
xgboost,S1,2015,2015-03-19,2015-03-13,2015-03-19,2015-03-20,2015-03-22,2015-03-22,1,0,,0.0948792845,0.006847514837,0.01525632944,0,temporal_sigmoid
xgboost,S1,2015,2015-03-20,2015-03-14,2015-03-20,2015-03-21,2015-03-23,2015-03-23,1,0,,0.0948792845,0.006847514837,0.01525632944,0,temporal_sigmoid
xgboost,S1,2015,2015-03-21,2015-03-15,2015-03-21,2015-03-22,2015-03-24,2015-03-24,1,0,,0.09510979801,0.006868345262,0.01525632944,0,temporal_sigmoid
xgboost,S1,2015,2015-03-22,2015-03-16,2015-03-22,2015-03-23,2015-03-25,2015-03-25,1,0,,0.09510979801,0.006868345262,0.01525632944,0,temporal_sigmoid
xgboost,S1,2015,2015-03-23,2015-03-17,2015-03-23,2015-03-24,2015-03-26,2015-03-26,1,0,,0.1377666891,0.01102807503,0.01525632944,0,temporal_sigmoid
xgboost,S1,2015,2015-03-24,2015-03-18,2015-03-24,2015-03-25,2015-03-27,2015-03-27,1,0,,0.2530378401,0.0256045796,0.01525632944,1,temporal_sigmoid
xgboost,S1,2015,2015-03-25,2015-03-19,2015-03-25,2015-03-26,2015-03-28,2015-03-28,1,0,,0.2638600767,0.02726177667,0.01525632944,1,temporal_sigmoid
xgboost,S1,2015,2015-03-26,2015-03-20,2015-03-26,2015-03-27,2015-03-29,2015-03-29,1,0,,0.157914117,0.01320890184,0.01525632944,0,temporal_sigmoid
xgboost,S1,2015,2015-03-27,2015-03-21,2015-03-27,2015-03-28,2015-03-30,2015-03-30,1,0,,0.1312701106,0.01035495152,0.01525632944,0,temporal_sigmoid
xgboost,S1,2015,2015-03-28,2015-03-22,2015-03-28,2015-03-29,2015-03-31,2015-03-31,1,0,,0.1137243956,0.008608606187,0.01525632944,0,temporal_sigmoid
xgboost,S1,2015,2015-03-29,2015-03-23,2015-03-29,2015-03-30,2015-04-01,2015-04-01,1,0,,0.108573921,0.008115577737,0.01525632944,0,temporal_sigmoid
xgboost,S1,2015,2015-03-30,2015-03-24,2015-03-30,2015-03-31,2015-04-02,2015-04-02,1,0,,0.108573921,0.008115577737,0.01525632944,0,temporal_sigmoid
xgboost,S1,2015,2015-03-31,2015-03-25,2015-03-31,2015-04-01,2015-04-03,2015-04-03,1,0,,0.09583666176,0.006934143728,0.01525632944,0,temporal_sigmoid
xgboost,S1,2015,2015-04-01,2015-03-26,2015-04-01,2015-04-02,2015-04-04,2015-04-04,1,0,,0.09606925398,0.006955235801,0.01525632944,0,temporal_sigmoid
xgboost,S1,2015,2015-04-02,2015-03-27,2015-04-02,2015-04-03,2015-04-05,2015-04-05,1,0,,0.09606925398,0.006955235801,0.01525632944,0,temporal_sigmoid
xgboost,S1,2015,2015-04-03,2015-03-28,2015-04-03,2015-04-04,2015-04-06,2015-04-06,1,0,,0.09606925398,0.006955235801,0.01525632944,0,temporal_sigmoid
xgboost,S1,2015,2015-04-04,2015-03-29,2015-04-04,2015-04-05,2015-04-07,2015-04-07,1,0,,0.09583666176,0.006934143728,0.01525632944,0,temporal_sigmoid
xgboost,S1,2015,2015-04-05,2015-03-30,2015-04-05,2015-04-06,2015-04-08,2015-04-08,1,0,,0.09583666176,0.006934143728,0.01525632944,0,temporal_sigmoid
xgboost,S1,2015,2015-04-06,2015-03-31,2015-04-06,2015-04-07,2015-04-09,2015-04-09,1,0,,0.09583666176,0.006934143728,0.01525632944,0,temporal_sigmoid
xgboost,S1,2015,2015-04-07,2015-04-01,2015-04-07,2015-04-08,2015-04-10,2015-04-10,1,0,,0.1052494422,0.007802029476,0.01525632944,0,temporal_sigmoid
xgboost,S1,2015,2015-04-08,2015-04-02,2015-04-08,2015-04-09,2015-04-11,2015-04-11,1,0,,0.0948792845,0.006847514837,0.01525632944,0,temporal_sigmoid
xgboost,S1,2015,2015-04-09,2015-04-03,2015-04-09,2015-04-10,2015-04-12,2015-04-12,1,0,,0.0948792845,0.006847514837,0.01525632944,0,temporal_sigmoid
xgboost,S1,2015,2015-04-10,2015-04-04,2015-04-10,2015-04-11,2015-04-13,2015-04-13,1,0,,0.09908010811,0.007229884572,0.01525632944,0,temporal_sigmoid
xgboost,S1,2015,2015-04-11,2015-04-05,2015-04-11,2015-04-12,2015-04-14,2015-04-14,1,0,,0.1072940528,0.007994432267,0.01525632944,0,temporal_sigmoid
xgboost,S1,2015,2015-04-12,2015-04-06,2015-04-12,2015-04-13,2015-04-15,2015-04-15,1,0,,0.1047240421,0.007752812201,0.01525632944,0,temporal_sigmoid
xgboost,S1,2015,2015-04-13,2015-04-07,2015-04-13,2015-04-14,2015-04-16,2015-04-16,1,0,,0.1060649678,0.007878605984,0.01525632944,0,temporal_sigmoid
xgboost,S1,2015,2015-04-14,2015-04-08,2015-04-14,2015-04-15,2015-04-17,2015-04-17,1,0,,0.127848208,0.01000620017,0.01525632944,0,temporal_sigmoid
xgboost,S1,2015,2015-04-15,2015-04-09,2015-04-15,2015-04-16,2015-04-18,2015-04-18,1,0,,0.2553543448,0.0259546184,0.01525632944,1,temporal_sigmoid
xgboost,S1,2015,2015-04-16,2015-04-10,2015-04-16,2015-04-17,2015-04-19,2015-04-19,1,0,,0.1203456819,0.009255448062,0.01525632944,0,temporal_sigmoid
xgboost,S1,2015,2015-04-17,2015-04-11,2015-04-17,2015-04-18,2015-04-20,2015-04-20,1,0,,0.1319641322,0.01042617099,0.01525632944,0,temporal_sigmoid
xgboost,S1,2015,2015-04-18,2015-04-12,2015-04-18,2015-04-19,2015-04-21,2015-04-21,1,0,,0.1153558567,0.00876662297,0.01525632944,0,temporal_sigmoid
xgboost,S1,2015,2015-04-19,2015-04-13,2015-04-19,2015-04-20,2015-04-22,2015-04-22,1,0,,0.09721616656,0.007059502749,0.01525632944,0,temporal_sigmoid
xgboost,S1,2015,2015-04-20,2015-04-14,2015-04-20,2015-04-21,2015-04-23,2015-04-23,1,0,,0.09721616656,0.007059502749,0.01525632944,0,temporal_sigmoid
xgboost,S1,2015,2015-04-21,2015-04-15,2015-04-21,2015-04-22,2015-04-24,2015-04-24,1,0,,0.09721616656,0.007059502749,0.01525632944,0,temporal_sigmoid
xgboost,S1,2015,2015-04-22,2015-04-16,2015-04-22,2015-04-23,2015-04-25,2015-04-25,1,0,,0.1141245365,0.008647279921,0.01525632944,0,temporal_sigmoid
xgboost,S1,2015,2015-04-23,2015-04-17,2015-04-23,2015-04-24,2015-04-26,2015-04-26,1,0,,0.09510979801,0.006868345262,0.01525632944,0,temporal_sigmoid
xgboost,S1,2015,2015-04-24,2015-04-18,2015-04-24,2015-04-25,2015-04-27,2015-04-27,1,0,,0.0948792845,0.006847514837,0.01525632944,0,temporal_sigmoid
xgboost,S1,2015,2015-04-25,2015-04-19,2015-04-25,2015-04-26,2015-04-28,2015-04-28,1,0,,0.0948792845,0.006847514837,0.01525632944,0,temporal_sigmoid
xgboost,S1,2015,2015-04-26,2015-04-20,2015-04-26,2015-04-27,2015-04-29,2015-04-29,1,0,,0.0948792845,0.006847514837,0.01525632944,0,temporal_sigmoid
xgboost,S1,2015,2015-04-27,2015-04-21,2015-04-27,2015-04-28,2015-04-30,2015-04-30,1,0,,0.0948792845,0.006847514837,0.01525632944,0,temporal_sigmoid
xgboost,S1,2015,2015-04-28,2015-04-22,2015-04-28,2015-04-29,2015-05-01,2015-05-01,1,0,,0.0948792845,0.006847514837,0.01525632944,0,temporal_sigmoid
xgboost,S1,2015,2015-04-29,2015-04-23,2015-04-29,2015-04-30,2015-05-02,2015-05-02,1,0,,0.0948792845,0.006847514837,0.01525632944,0,temporal_sigmoid
xgboost,S1,2015,2015-04-30,2015-04-24,2015-04-30,2015-05-01,2015-05-03,2015-05-03,1,0,,0.0948792845,0.006847514837,0.01525632944,0,temporal_sigmoid
xgboost,S1,2015,2015-05-01,2015-04-25,2015-05-01,2015-05-02,2015-05-04,2015-05-04,1,0,,0.0948792845,0.006847514837,0.01525632944,0,temporal_sigmoid
xgboost,S1,2015,2015-05-02,2015-04-26,2015-05-02,2015-05-03,2015-05-05,2015-05-05,1,0,,0.1000092402,0.007315245695,0.01525632944,0,temporal_sigmoid
xgboost,S1,2015,2015-05-03,2015-04-27,2015-05-03,2015-05-04,2015-05-06,2015-05-06,1,0,,0.1244526729,0.009664065216,0.01525632944,0,temporal_sigmoid
xgboost,S1,2015,2015-05-04,2015-04-28,2015-05-04,2015-05-05,2015-05-07,2015-05-07,1,0,,0.1107004732,0.008318070496,0.01525632944,0,temporal_sigmoid
xgboost,S1,2015,2015-05-05,2015-04-29,2015-05-05,2015-05-06,2015-05-08,2015-05-08,1,0,,0.2148700207,0.02018567351,0.01525632944,1,temporal_sigmoid
xgboost,S1,2015,2015-05-06,2015-04-30,2015-05-06,2015-05-07,2015-05-09,2015-05-09,1,0,,0.2260544151,0.02170760925,0.01525632944,1,temporal_sigmoid
xgboost,S1,2015,2015-05-07,2015-05-01,2015-05-07,2015-05-08,2015-05-10,2015-05-10,1,0,,0.1047240421,0.007752812201,0.01525632944,0,temporal_sigmoid
xgboost,S1,2015,2015-05-08,2015-05-02,2015-05-08,2015-05-09,2015-05-11,2015-05-11,1,0,,0.09721616656,0.007059502749,0.01525632944,0,temporal_sigmoid
xgboost,S1,2015,2015-05-09,2015-05-03,2015-05-09,2015-05-10,2015-05-12,2015-05-12,1,0,,0.09721616656,0.007059502749,0.01525632944,0,temporal_sigmoid
xgboost,S1,2015,2015-05-10,2015-05-04,2015-05-10,2015-05-11,2015-05-13,2015-05-13,1,0,,0.0948792845,0.006847514837,0.01525632944,0,temporal_sigmoid
xgboost,S1,2015,2015-05-11,2015-05-05,2015-05-11,2015-05-12,2015-05-14,2015-05-14,1,0,,0.0948792845,0.006847514837,0.01525632944,0,temporal_sigmoid
xgboost,S1,2015,2015-05-12,2015-05-06,2015-05-12,2015-05-13,2015-05-15,2015-05-15,1,0,,0.1048889309,0.00776824843,0.01525632944,0,temporal_sigmoid
xgboost,S1,2015,2015-05-13,2015-05-07,2015-05-13,2015-05-14,2015-05-16,2015-05-16,1,0,,0.1072186381,0.007987310892,0.01525632944,0,temporal_sigmoid
xgboost,S1,2015,2015-05-14,2015-05-08,2015-05-14,2015-05-15,2015-05-17,2015-05-17,1,0,,0.2163838446,0.02038858859,0.01525632944,1,temporal_sigmoid
xgboost,S1,2015,2015-05-15,2015-05-09,2015-05-15,2015-05-16,2015-05-18,2015-05-18,1,0,,0.1419196725,0.0114659878,0.01525632944,0,temporal_sigmoid
xgboost,S1,2015,2015-05-16,2015-05-10,2015-05-16,2015-05-17,2015-05-19,2015-05-19,1,0,,0.1212249324,0.009342449395,0.01525632944,0,temporal_sigmoid
xgboost,S1,2015,2015-05-17,2015-05-11,2015-05-17,2015-05-18,2015-05-20,2015-05-20,1,0,,0.1048889309,0.00776824843,0.01525632944,0,temporal_sigmoid
xgboost,S1,2015,2015-05-18,2015-05-12,2015-05-18,2015-05-19,2015-05-21,2015-05-21,1,0,,0.1054850668,0.007824131558,0.01525632944,0,temporal_sigmoid
xgboost,S1,2015,2015-05-19,2015-05-13,2015-05-19,2015-05-20,2015-05-22,2015-05-22,1,0,,0.2256919742,0.02165745618,0.01525632944,1,temporal_sigmoid
xgboost,S1,2015,2015-05-20,2015-05-14,2015-05-20,2015-05-21,2015-05-23,2015-05-23,1,0,,0.230077371,0.02226809554,0.01525632944,1,temporal_sigmoid
xgboost,S1,2015,2015-05-21,2015-05-15,2015-05-21,2015-05-22,2015-05-24,2015-05-24,1,0,,0.1780766994,0.01553715692,0.01525632944,1,temporal_sigmoid
xgboost,S1,2015,2015-05-22,2015-05-16,2015-05-22,2015-05-23,2015-05-25,2015-05-25,1,0,,0.347081989,0.04208400822,0.01525632944,1,temporal_sigmoid
xgboost,S1,2015,2015-05-23,2015-05-17,2015-05-23,2015-05-24,2015-05-26,2015-05-26,1,0,,0.3728879392,0.04754837708,0.01525632944,1,temporal_sigmoid
xgboost,S1,2015,2015-05-24,2015-05-18,2015-05-24,2015-05-25,2015-05-27,2015-05-27,1,0,,0.14521043,0.01181723382,0.01525632944,0,temporal_sigmoid
xgboost,S1,2015,2015-05-25,2015-05-19,2015-05-25,2015-05-26,2015-05-28,2015-05-28,1,0,,0.267401129,0.02781627265,0.01525632944,1,temporal_sigmoid
xgboost,S1,2015,2015-05-26,2015-05-20,2015-05-26,2015-05-27,2015-05-29,2015-05-29,1,0,,0.130825147,0.01030937649,0.01525632944,0,temporal_sigmoid
xgboost,S1,2015,2015-05-27,2015-05-21,2015-05-27,2015-05-28,2015-05-30,2015-05-30,1,0,,0.1171172187,0.008938220696,0.01525632944,0,temporal_sigmoid
xgboost,S1,2015,2015-05-28,2015-05-22,2015-05-28,2015-05-29,2015-05-31,2015-05-31,1,0,,0.2240204215,0.02142688272,0.01525632944,1,temporal_sigmoid
xgboost,S1,2015,2015-05-29,2015-05-23,2015-05-29,2015-05-30,2015-06-01,2015-06-01,1,0,,0.127284646,0.009949145143,0.01525632944,0,temporal_sigmoid
xgboost,S1,2015,2015-05-30,2015-05-24,2015-05-30,2015-05-31,2015-06-02,2015-06-02,1,0,,0.1284074634,0.01006292578,0.01525632944,0,temporal_sigmoid
xgboost,S1,2015,2015-05-31,2015-05-25,2015-05-31,2015-06-01,2015-06-03,2015-06-03,1,0,,0.1277482957,0.009996077183,0.01525632944,0,temporal_sigmoid
xgboost,S1,2015,2015-06-01,2015-05-26,2015-06-01,2015-06-02,2015-06-04,2015-06-04,1,0,,0.2141677886,0.02009186899,0.01525632944,1,temporal_sigmoid
xgboost,S1,2015,2015-06-02,2015-05-27,2015-06-02,2015-06-03,2015-06-05,2015-06-05,1,0,,0.1372797042,0.01097711504,0.01525632944,0,temporal_sigmoid
xgboost,S1,2015,2015-06-03,2015-05-28,2015-06-03,2015-06-04,2015-06-06,2015-06-06,1,0,,0.1816846132,0.01596967657,0.01525632944,1,temporal_sigmoid
xgboost,S1,2015,2015-06-04,2015-05-29,2015-06-04,2015-06-05,2015-06-07,2015-06-07,1,0,,0.2560855448,0.02606563271,0.01525632944,1,temporal_sigmoid
xgboost,S1,2015,2015-06-05,2015-05-30,2015-06-05,2015-06-06,2015-06-08,2015-06-08,1,0,,0.1841150522,0.01626381911,0.01525632944,1,temporal_sigmoid
xgboost,S1,2015,2015-06-06,2015-05-31,2015-06-06,2015-06-07,2015-06-09,2015-06-09,1,0,,0.1300233901,0.01022742752,0.01525632944,0,temporal_sigmoid
xgboost,S1,2015,2015-06-07,2015-06-01,2015-06-07,2015-06-08,2015-06-10,2015-06-10,1,0,,0.2272176594,0.02186895592,0.01525632944,1,temporal_sigmoid
xgboost,S1,2015,2015-06-08,2015-06-02,2015-06-08,2015-06-09,2015-06-11,2015-06-11,1,0,,0.205220744,0.01891447885,0.01525632944,1,temporal_sigmoid
xgboost,S1,2015,2015-06-09,2015-06-03,2015-06-09,2015-06-10,2015-06-12,2015-06-12,1,0,,0.2805713713,0.02993335028,0.01525632944,1,temporal_sigmoid
xgboost,S1,2015,2015-06-10,2015-06-04,2015-06-10,2015-06-11,2015-06-13,2015-06-13,1,0,,0.1081609428,0.008076427924,0.01525632944,0,temporal_sigmoid
xgboost,S1,2015,2015-06-11,2015-06-05,2015-06-11,2015-06-12,2015-06-14,2015-06-14,1,0,,0.1055510417,0.007830323444,0.01525632944,0,temporal_sigmoid
xgboost,S1,2015,2015-06-12,2015-06-06,2015-06-12,2015-06-13,2015-06-15,2015-06-15,1,0,,0.09542459249,0.006896820181,0.01525632944,0,temporal_sigmoid
xgboost,S1,2015,2015-06-13,2015-06-07,2015-06-13,2015-06-14,2015-06-16,2015-06-16,1,0,,0.09542459249,0.006896820181,0.01525632944,0,temporal_sigmoid
xgboost,S1,2015,2015-06-14,2015-06-08,2015-06-14,2015-06-15,2015-06-17,2015-06-17,1,0,,0.09542459249,0.006896820181,0.01525632944,0,temporal_sigmoid
xgboost,S1,2015,2015-06-15,2015-06-09,2015-06-15,2015-06-16,2015-06-18,2015-06-18,1,0,,0.09542459249,0.006896820181,0.01525632944,0,temporal_sigmoid
xgboost,S1,2015,2015-06-16,2015-06-10,2015-06-16,2015-06-17,2015-06-19,2015-06-19,1,0,,0.09510979801,0.006868345262,0.01525632944,0,temporal_sigmoid
xgboost,S1,2015,2015-06-17,2015-06-11,2015-06-17,2015-06-18,2015-06-20,2015-06-20,1,0,,0.1013738289,0.007441131439,0.01525632944,0,temporal_sigmoid
xgboost,S1,2015,2015-06-18,2015-06-12,2015-06-18,2015-06-19,2015-06-21,2015-06-21,1,0,,0.09724427015,0.00706206314,0.01525632944,0,temporal_sigmoid
xgboost,S1,2015,2015-06-19,2015-06-13,2015-06-19,2015-06-20,2015-06-22,2015-06-22,1,0,,0.1659911871,0.01412372199,0.01525632944,0,temporal_sigmoid
xgboost,S1,2015,2015-06-20,2015-06-14,2015-06-20,2015-06-21,2015-06-23,2015-06-23,1,0,,0.1116990522,0.008413675883,0.01525632944,0,temporal_sigmoid
xgboost,S1,2015,2015-06-21,2015-06-15,2015-06-21,2015-06-22,2015-06-24,2015-06-24,1,0,,0.1128184795,0.00852124663,0.01525632944,0,temporal_sigmoid
xgboost,S1,2015,2015-06-22,2015-06-16,2015-06-22,2015-06-23,2015-06-25,2015-06-25,1,0,,0.1098543108,0.008237317642,0.01525632944,0,temporal_sigmoid
xgboost,S1,2015,2015-06-23,2015-06-17,2015-06-23,2015-06-24,2015-06-26,2015-06-26,1,0,,0.09542459249,0.006896820181,0.01525632944,0,temporal_sigmoid
xgboost,S1,2015,2015-06-24,2015-06-18,2015-06-24,2015-06-25,2015-06-27,2015-06-27,1,0,,0.09542459249,0.006896820181,0.01525632944,0,temporal_sigmoid
xgboost,S1,2015,2015-06-25,2015-06-19,2015-06-25,2015-06-26,2015-06-28,2015-06-28,1,0,,0.09542459249,0.006896820181,0.01525632944,0,temporal_sigmoid
xgboost,S1,2015,2015-06-26,2015-06-20,2015-06-26,2015-06-27,2015-06-29,2015-06-29,1,0,,0.09542459249,0.006896820181,0.01525632944,0,temporal_sigmoid
xgboost,S1,2015,2015-06-27,2015-06-21,2015-06-27,2015-06-28,2015-06-30,2015-06-30,1,0,,0.09542459249,0.006896820181,0.01525632944,0,temporal_sigmoid
xgboost,S1,2016,2016-02-29,2016-02-23,2016-02-29,2016-03-01,2016-03-03,2016-03-03,1,0,,0.00032683686,0.006163320425,0.01718953736,0,temporal_sigmoid
xgboost,S1,2016,2016-03-01,2016-02-24,2016-03-01,2016-03-02,2016-03-04,2016-03-04,1,0,,0.0003953071428,0.006745452038,0.01718953736,0,temporal_sigmoid
xgboost,S1,2016,2016-03-02,2016-02-25,2016-03-02,2016-03-03,2016-03-05,2016-03-05,1,0,,0.0003953071428,0.006745452038,0.01718953736,0,temporal_sigmoid
xgboost,S1,2016,2016-03-03,2016-02-26,2016-03-03,2016-03-04,2016-03-06,2016-03-06,1,0,,0.001045438112,0.01069206169,0.01718953736,0,temporal_sigmoid
xgboost,S1,2016,2016-03-04,2016-02-27,2016-03-04,2016-03-05,2016-03-07,2016-03-07,1,0,,0.0008840379887,0.009876805286,0.01718953736,0,temporal_sigmoid
xgboost,S1,2016,2016-03-05,2016-02-28,2016-03-05,2016-03-06,2016-03-08,2016-03-08,1,0,,0.001401055255,0.01227850433,0.01718953736,0,temporal_sigmoid
xgboost,S1,2016,2016-03-06,2016-02-29,2016-03-06,2016-03-07,2016-03-09,2016-03-09,1,0,,0.0003579916665,0.006435470838,0.01718953736,0,temporal_sigmoid
xgboost,S1,2016,2016-03-07,2016-03-01,2016-03-07,2016-03-08,2016-03-10,2016-03-10,1,0,,0.0002558278211,0.005486636649,0.01718953736,0,temporal_sigmoid
xgboost,S1,2016,2016-03-08,2016-03-02,2016-03-08,2016-03-09,2016-03-11,2016-03-11,1,0,,0.0004417387827,0.00711029278,0.01718953736,0,temporal_sigmoid
xgboost,S1,2016,2016-03-09,2016-03-03,2016-03-09,2016-03-10,2016-03-12,2016-03-12,1,0,,0.0002943842846,0.0058648345,0.01718953736,0,temporal_sigmoid
xgboost,S1,2016,2016-03-10,2016-03-04,2016-03-10,2016-03-11,2016-03-13,2016-03-13,1,0,,0.0004430311383,0.007120150157,0.01718953736,0,temporal_sigmoid
xgboost,S1,2016,2016-03-11,2016-03-05,2016-03-11,2016-03-12,2016-03-14,2016-03-14,1,0,,0.0006713034236,0.008670114821,0.01718953736,0,temporal_sigmoid
xgboost,S1,2016,2016-03-12,2016-03-06,2016-03-12,2016-03-13,2016-03-15,2016-03-15,1,0,,0.006084920373,0.02450246655,0.01718953736,1,temporal_sigmoid
xgboost,S1,2016,2016-03-13,2016-03-07,2016-03-13,2016-03-14,2016-03-16,2016-03-16,1,0,,0.002436776878,0.01594043807,0.01718953736,0,temporal_sigmoid
xgboost,S1,2016,2016-03-14,2016-03-08,2016-03-14,2016-03-15,2016-03-17,2016-03-17,1,0,,0.0004448241089,0.007133800804,0.01718953736,0,temporal_sigmoid
xgboost,S1,2016,2016-03-15,2016-03-09,2016-03-15,2016-03-16,2016-03-18,2016-03-18,1,0,,0.0001463404187,0.004207534353,0.01718953736,0,temporal_sigmoid
xgboost,S1,2016,2016-03-16,2016-03-10,2016-03-16,2016-03-17,2016-03-19,2016-03-19,1,0,,0.000157062459,0.004351387805,0.01718953736,0,temporal_sigmoid
xgboost,S1,2016,2016-03-17,2016-03-11,2016-03-17,2016-03-18,2016-03-20,2016-03-20,1,0,,0.0002157510316,0.005060081728,0.01718953736,0,temporal_sigmoid
xgboost,S1,2016,2016-03-18,2016-03-12,2016-03-18,2016-03-19,2016-03-21,2016-03-21,1,0,,0.0003032560344,0.005948089162,0.01718953736,0,temporal_sigmoid
xgboost,S1,2016,2016-03-19,2016-03-13,2016-03-19,2016-03-20,2016-03-22,2016-03-22,1,0,,0.0002430789318,0.005355032338,0.01718953736,0,temporal_sigmoid
xgboost,S1,2016,2016-03-20,2016-03-14,2016-03-20,2016-03-21,2016-03-23,2016-03-23,1,0,,0.0002998652344,0.005916422819,0.01718953736,0,temporal_sigmoid
xgboost,S1,2016,2016-03-21,2016-03-15,2016-03-21,2016-03-22,2016-03-24,2016-03-24,1,0,,0.000410383509,0.006866286387,0.01718953736,0,temporal_sigmoid
xgboost,S1,2016,2016-03-22,2016-03-16,2016-03-22,2016-03-23,2016-03-25,2016-03-25,1,0,,0.003605973441,0.01916799317,0.01718953736,1,temporal_sigmoid
xgboost,S1,2016,2016-03-23,2016-03-17,2016-03-23,2016-03-24,2016-03-26,2016-03-26,1,0,,0.003106303746,0.0178698357,0.01718953736,1,temporal_sigmoid
xgboost,S1,2016,2016-03-24,2016-03-18,2016-03-24,2016-03-25,2016-03-27,2016-03-27,1,0,,0.001465705223,0.01254284189,0.01718953736,0,temporal_sigmoid
xgboost,S1,2016,2016-03-25,2016-03-19,2016-03-25,2016-03-26,2016-03-28,2016-03-28,1,0,,0.00459344266,0.02147551561,0.01718953736,1,temporal_sigmoid
xgboost,S1,2016,2016-03-26,2016-03-20,2016-03-26,2016-03-27,2016-03-29,2016-03-29,1,0,,0.0003688875295,0.006527678911,0.01718953736,0,temporal_sigmoid
xgboost,S1,2016,2016-03-27,2016-03-21,2016-03-27,2016-03-28,2016-03-30,2016-03-30,1,0,,0.0003532528062,0.006394905157,0.01718953736,0,temporal_sigmoid
xgboost,S1,2016,2016-03-28,2016-03-22,2016-03-28,2016-03-29,2016-03-31,2016-03-31,1,0,,0.0002415193158,0.005338685167,0.01718953736,0,temporal_sigmoid
xgboost,S1,2016,2016-03-29,2016-03-23,2016-03-29,2016-03-30,2016-04-01,2016-04-01,1,0,,0.0002415193158,0.005338685167,0.01718953736,0,temporal_sigmoid
xgboost,S1,2016,2016-03-30,2016-03-24,2016-03-30,2016-03-31,2016-04-02,2016-04-02,1,0,,0.0001872647554,0.004730810503,0.01718953736,0,temporal_sigmoid
xgboost,S1,2016,2016-03-31,2016-03-25,2016-03-31,2016-04-01,2016-04-03,2016-04-03,1,0,,0.0001442535286,0.004178896914,0.01718953736,0,temporal_sigmoid
xgboost,S1,2016,2016-04-01,2016-03-26,2016-04-01,2016-04-02,2016-04-04,2016-04-04,1,0,,0.0001442535286,0.004178896914,0.01718953736,0,temporal_sigmoid
xgboost,S1,2016,2016-04-02,2016-03-27,2016-04-02,2016-04-03,2016-04-05,2016-04-05,1,0,,0.0001442535286,0.004178896914,0.01718953736,0,temporal_sigmoid
xgboost,S1,2016,2016-04-03,2016-03-28,2016-04-03,2016-04-04,2016-04-06,2016-04-06,1,0,,0.0001360093593,0.004063577271,0.01718953736,0,temporal_sigmoid
xgboost,S1,2016,2016-04-04,2016-03-29,2016-04-04,2016-04-05,2016-04-07,2016-04-07,1,0,,0.0001525588741,0.004291615194,0.01718953736,0,temporal_sigmoid
xgboost,S1,2016,2016-04-05,2016-03-30,2016-04-05,2016-04-06,2016-04-08,2016-04-08,1,0,,0.0004014806473,0.006795221026,0.01718953736,0,temporal_sigmoid
xgboost,S1,2016,2016-04-06,2016-03-31,2016-04-06,2016-04-07,2016-04-09,2016-04-09,1,0,,0.002653697971,0.01659352271,0.01718953736,0,temporal_sigmoid
xgboost,S1,2016,2016-04-07,2016-04-01,2016-04-07,2016-04-08,2016-04-10,2016-04-10,1,0,,0.003042671364,0.01769670513,0.01718953736,1,temporal_sigmoid
xgboost,S1,2016,2016-04-08,2016-04-02,2016-04-08,2016-04-09,2016-04-11,2016-04-11,1,0,,0.01358541474,0.03567073332,0.01718953736,1,temporal_sigmoid
xgboost,S1,2016,2016-04-09,2016-04-03,2016-04-09,2016-04-10,2016-04-12,2016-04-12,1,0,,0.06265953183,0.07290495604,0.01718953736,1,temporal_sigmoid
xgboost,S1,2016,2016-04-10,2016-04-04,2016-04-10,2016-04-11,2016-04-13,2016-04-13,1,0,,0.09330386668,0.08810882437,0.01718953736,1,temporal_sigmoid
xgboost,S1,2016,2016-04-11,2016-04-05,2016-04-11,2016-04-12,2016-04-14,2016-04-14,1,0,,0.657410562,0.2808696622,0.01718953736,1,temporal_sigmoid
xgboost,S1,2016,2016-04-12,2016-04-06,2016-04-12,2016-04-13,2016-04-15,2016-04-15,1,0,,0.7751337886,0.3406269451,0.01718953736,1,temporal_sigmoid
xgboost,S1,2016,2016-04-13,2016-04-07,2016-04-13,2016-04-14,2016-04-16,2016-04-16,1,0,,0.8766403198,0.4218687536,0.01718953736,1,temporal_sigmoid
xgboost,S1,2016,2016-04-14,2016-04-08,2016-04-14,2016-04-15,2016-04-17,2016-04-17,1,0,,0.8595829606,0.4046036283,0.01718953736,1,temporal_sigmoid
xgboost,S1,2016,2016-04-15,2016-04-09,2016-04-15,2016-04-16,2016-04-18,2016-04-18,1,0,,0.08102360368,0.08235702583,0.01718953736,1,temporal_sigmoid
xgboost,S1,2016,2016-04-16,2016-04-10,2016-04-16,2016-04-17,2016-04-19,2016-04-19,1,0,,0.3526466191,0.1763435901,0.01718953736,1,temporal_sigmoid
xgboost,S1,2016,2016-04-17,2016-04-11,2016-04-17,2016-04-18,2016-04-20,2016-04-20,1,0,,0.001520018326,0.0127601538,0.01718953736,0,temporal_sigmoid
xgboost,S1,2016,2016-04-18,2016-04-12,2016-04-18,2016-04-19,2016-04-21,2016-04-21,1,0,,0.1142088845,0.09715064506,0.01718953736,1,temporal_sigmoid
xgboost,S1,2016,2016-04-19,2016-04-13,2016-04-19,2016-04-20,2016-04-22,2016-04-22,1,0,,0.8173112273,0.3691102948,0.01718953736,1,temporal_sigmoid
xgboost,S1,2016,2016-04-20,2016-04-14,2016-04-20,2016-04-21,2016-04-23,2016-04-23,1,0,,0.541495204,0.236512228,0.01718953736,1,temporal_sigmoid
xgboost,S1,2016,2016-04-21,2016-04-15,2016-04-21,2016-04-22,2016-04-24,2016-04-24,1,0,,0.7493303418,0.3255180077,0.01718953736,1,temporal_sigmoid
xgboost,S1,2016,2016-04-22,2016-04-16,2016-04-22,2016-04-23,2016-04-25,2016-04-25,1,0,,0.9450235963,0.5266258384,0.01718953736,1,temporal_sigmoid
xgboost,S1,2016,2016-04-23,2016-04-17,2016-04-23,2016-04-24,2016-04-26,2016-04-26,1,1,fixed36_0038,0.9164239168,0.4730172478,0.01718953736,1,temporal_sigmoid
xgboost,S1,2016,2016-04-24,2016-04-18,2016-04-24,2016-04-25,2016-04-27,2016-04-27,1,1,fixed36_0038,0.9792084098,0.6428579969,0.01718953736,1,temporal_sigmoid
xgboost,S1,2016,2016-04-25,2016-04-19,2016-04-25,2016-04-26,2016-04-28,2016-04-28,1,0,,0.9787322283,0.6403186286,0.01718953736,1,temporal_sigmoid
xgboost,S1,2016,2016-04-26,2016-04-20,2016-04-26,2016-04-27,2016-04-29,2016-04-29,1,0,,0.922121346,0.482165419,0.01718953736,1,temporal_sigmoid
xgboost,S1,2016,2016-04-27,2016-04-21,2016-04-27,2016-04-28,2016-04-30,2016-04-30,1,0,,0.9680059552,0.5930356149,0.01718953736,1,temporal_sigmoid
xgboost,S1,2016,2016-04-28,2016-04-22,2016-04-28,2016-04-29,2016-05-01,2016-05-01,1,1,fixed36_0039,0.3272638321,0.1686333248,0.01718953736,1,temporal_sigmoid
xgboost,S1,2016,2016-04-29,2016-04-23,2016-04-29,2016-04-30,2016-05-02,2016-05-02,1,0,,0.94012326,0.5158342406,0.01718953736,1,temporal_sigmoid
xgboost,S1,2016,2016-04-30,2016-04-24,2016-04-30,2016-05-01,2016-05-03,2016-05-03,1,0,,0.9423933625,0.5207286088,0.01718953736,1,temporal_sigmoid
xgboost,S1,2016,2016-05-01,2016-04-25,2016-05-01,2016-05-02,2016-05-04,2016-05-04,1,0,,0.003200293751,0.01812212686,0.01718953736,1,temporal_sigmoid
xgboost,S1,2016,2016-05-02,2016-04-26,2016-05-02,2016-05-03,2016-05-05,2016-05-05,1,0,,0.0004877627071,0.00745241359,0.01718953736,0,temporal_sigmoid
xgboost,S1,2016,2016-05-03,2016-04-27,2016-05-03,2016-05-04,2016-05-06,2016-05-06,1,0,,0.0003182567598,0.006085985978,0.01718953736,0,temporal_sigmoid
xgboost,S1,2016,2016-05-04,2016-04-28,2016-05-04,2016-05-05,2016-05-07,2016-05-07,1,0,,0.0001767933427,0.004603183553,0.01718953736,0,temporal_sigmoid
xgboost,S1,2016,2016-05-05,2016-04-29,2016-05-05,2016-05-06,2016-05-08,2016-05-08,1,0,,0.0002827216522,0.005753348528,0.01718953736,0,temporal_sigmoid
xgboost,S1,2016,2016-05-06,2016-04-30,2016-05-06,2016-05-07,2016-05-09,2016-05-09,1,0,,0.0003959590977,0.006750727215,0.01718953736,0,temporal_sigmoid
xgboost,S1,2016,2016-05-07,2016-05-01,2016-05-07,2016-05-08,2016-05-10,2016-05-10,1,0,,0.0006251857849,0.008382706377,0.01718953736,0,temporal_sigmoid
xgboost,S1,2016,2016-05-08,2016-05-02,2016-05-08,2016-05-09,2016-05-11,2016-05-11,1,0,,0.0003415702668,0.006293655407,0.01718953736,0,temporal_sigmoid
xgboost,S1,2016,2016-05-09,2016-05-03,2016-05-09,2016-05-10,2016-05-12,2016-05-12,1,0,,0.0002925614535,0.005847565304,0.01718953736,0,temporal_sigmoid
xgboost,S1,2016,2016-05-10,2016-05-04,2016-05-10,2016-05-11,2016-05-13,2016-05-13,1,0,,0.006775152404,0.02576729034,0.01718953736,1,temporal_sigmoid
xgboost,S1,2016,2016-05-11,2016-05-05,2016-05-11,2016-05-12,2016-05-14,2016-05-14,1,0,,0.08955252916,0.08639167637,0.01718953736,1,temporal_sigmoid
xgboost,S1,2016,2016-05-12,2016-05-06,2016-05-12,2016-05-13,2016-05-15,2016-05-15,1,0,,0.0342153199,0.05488686947,0.01718953736,1,temporal_sigmoid
xgboost,S1,2016,2016-05-13,2016-05-07,2016-05-13,2016-05-14,2016-05-16,2016-05-16,1,0,,0.0007495496538,0.009134758161,0.01718953736,0,temporal_sigmoid
xgboost,S1,2016,2016-05-14,2016-05-08,2016-05-14,2016-05-15,2016-05-17,2016-05-17,1,0,,0.0002008097363,0.004890443145,0.01718953736,0,temporal_sigmoid
xgboost,S1,2016,2016-05-15,2016-05-09,2016-05-15,2016-05-16,2016-05-18,2016-05-18,1,0,,0.003609492211,0.01917678127,0.01718953736,1,temporal_sigmoid
xgboost,S1,2016,2016-05-16,2016-05-10,2016-05-16,2016-05-17,2016-05-19,2016-05-19,1,0,,0.009403359145,0.03003843142,0.01718953736,1,temporal_sigmoid
xgboost,S1,2016,2016-05-17,2016-05-11,2016-05-17,2016-05-18,2016-05-20,2016-05-20,1,0,,0.04681745544,0.06356307568,0.01718953736,1,temporal_sigmoid
xgboost,S1,2016,2016-05-18,2016-05-12,2016-05-18,2016-05-19,2016-05-21,2016-05-21,1,0,,0.003935659304,0.01997231965,0.01718953736,1,temporal_sigmoid
xgboost,S1,2016,2016-05-19,2016-05-13,2016-05-19,2016-05-20,2016-05-22,2016-05-22,1,0,,0.0006317125517,0.00842404851,0.01718953736,0,temporal_sigmoid
xgboost,S1,2016,2016-05-20,2016-05-14,2016-05-20,2016-05-21,2016-05-23,2016-05-23,1,0,,0.0003270242014,0.006164996944,0.01718953736,0,temporal_sigmoid
xgboost,S1,2016,2016-05-21,2016-05-15,2016-05-21,2016-05-22,2016-05-24,2016-05-24,1,0,,9.929796943e-05,0.003498791598,0.01718953736,0,temporal_sigmoid
xgboost,S1,2016,2016-05-22,2016-05-16,2016-05-22,2016-05-23,2016-05-25,2016-05-25,1,0,,0.000139627693,0.004114631162,0.01718953736,0,temporal_sigmoid
xgboost,S1,2016,2016-05-23,2016-05-17,2016-05-23,2016-05-24,2016-05-26,2016-05-26,1,0,,0.0002810347651,0.005737023657,0.01718953736,0,temporal_sigmoid
xgboost,S1,2016,2016-05-24,2016-05-18,2016-05-24,2016-05-25,2016-05-27,2016-05-27,1,0,,0.001407155418,0.01230372012,0.01718953736,0,temporal_sigmoid
xgboost,S1,2016,2016-05-25,2016-05-19,2016-05-25,2016-05-26,2016-05-28,2016-05-28,1,0,,0.0008959574625,0.009939586536,0.01718953736,0,temporal_sigmoid
xgboost,S1,2016,2016-05-26,2016-05-20,2016-05-26,2016-05-27,2016-05-29,2016-05-29,1,0,,0.0004894564045,0.007464670727,0.01718953736,0,temporal_sigmoid
xgboost,S1,2016,2016-05-27,2016-05-21,2016-05-27,2016-05-28,2016-05-30,2016-05-30,1,0,,0.0001969101577,0.004845082658,0.01718953736,0,temporal_sigmoid
xgboost,S1,2016,2016-05-28,2016-05-22,2016-05-28,2016-05-29,2016-05-31,2016-05-31,1,0,,0.0001408289681,0.004131426616,0.01718953736,0,temporal_sigmoid
xgboost,S1,2016,2016-05-29,2016-05-23,2016-05-29,2016-05-30,2016-06-01,2016-06-01,1,0,,0.0001486420515,0.004238870427,0.01718953736,0,temporal_sigmoid
xgboost,S1,2016,2016-05-30,2016-05-24,2016-05-30,2016-05-31,2016-06-02,2016-06-02,1,0,,0.01457174961,0.03685675298,0.01718953736,1,temporal_sigmoid
xgboost,S1,2016,2016-05-31,2016-05-25,2016-05-31,2016-06-01,2016-06-03,2016-06-03,1,0,,0.001606663223,0.01309843547,0.01718953736,0,temporal_sigmoid
xgboost,S1,2016,2016-06-01,2016-05-26,2016-06-01,2016-06-02,2016-06-04,2016-06-04,1,0,,0.001659183879,0.01329877236,0.01718953736,0,temporal_sigmoid
xgboost,S1,2016,2016-06-02,2016-05-27,2016-06-02,2016-06-03,2016-06-05,2016-06-05,1,0,,0.007503109518,0.02702828937,0.01718953736,1,temporal_sigmoid
xgboost,S1,2016,2016-06-03,2016-05-28,2016-06-03,2016-06-04,2016-06-06,2016-06-06,1,0,,0.01135299262,0.03280289231,0.01718953736,1,temporal_sigmoid
xgboost,S1,2016,2016-06-04,2016-05-29,2016-06-04,2016-06-05,2016-06-07,2016-06-07,1,0,,0.02932234667,0.05107085272,0.01718953736,1,temporal_sigmoid
xgboost,S1,2016,2016-06-05,2016-05-30,2016-06-05,2016-06-06,2016-06-08,2016-06-08,1,0,,0.06193233654,0.0725042654,0.01718953736,1,temporal_sigmoid
xgboost,S1,2016,2016-06-06,2016-05-31,2016-06-06,2016-06-07,2016-06-09,2016-06-09,1,0,,0.002958667697,0.01746515452,0.01718953736,1,temporal_sigmoid
xgboost,S1,2016,2016-06-07,2016-06-01,2016-06-07,2016-06-08,2016-06-10,2016-06-10,1,0,,0.000530765974,0.007756954605,0.01718953736,0,temporal_sigmoid
xgboost,S1,2016,2016-06-08,2016-06-02,2016-06-08,2016-06-09,2016-06-11,2016-06-11,1,0,,0.0004024167429,0.006802732151,0.01718953736,0,temporal_sigmoid
xgboost,S1,2016,2016-06-09,2016-06-03,2016-06-09,2016-06-10,2016-06-12,2016-06-12,1,0,,0.0004024167429,0.006802732151,0.01718953736,0,temporal_sigmoid
xgboost,S1,2016,2016-06-10,2016-06-04,2016-06-10,2016-06-11,2016-06-13,2016-06-13,1,0,,0.006230142899,0.02477474115,0.01718953736,1,temporal_sigmoid
xgboost,S1,2016,2016-06-11,2016-06-05,2016-06-11,2016-06-12,2016-06-14,2016-06-14,1,0,,0.0001716366678,0.004538869124,0.01718953736,0,temporal_sigmoid
xgboost,S1,2016,2016-06-12,2016-06-06,2016-06-12,2016-06-13,2016-06-15,2016-06-15,1,0,,0.000173195338,0.004558415022,0.01718953736,0,temporal_sigmoid
xgboost,S1,2016,2016-06-13,2016-06-07,2016-06-13,2016-06-14,2016-06-16,2016-06-16,1,0,,0.000244165305,0.005366386539,0.01718953736,0,temporal_sigmoid
xgboost,S1,2016,2016-06-14,2016-06-08,2016-06-14,2016-06-15,2016-06-17,2016-06-17,1,0,,0.0001423075009,0.004151995323,0.01718953736,0,temporal_sigmoid
xgboost,S1,2016,2016-06-15,2016-06-09,2016-06-15,2016-06-16,2016-06-18,2016-06-18,1,0,,0.000171020467,0.004531116123,0.01718953736,0,temporal_sigmoid
xgboost,S1,2016,2016-06-16,2016-06-10,2016-06-16,2016-06-17,2016-06-19,2016-06-19,1,0,,0.0003795943921,0.006616896251,0.01718953736,0,temporal_sigmoid
xgboost,S1,2016,2016-06-17,2016-06-11,2016-06-17,2016-06-18,2016-06-20,2016-06-20,1,0,,0.0005194897531,0.007678401837,0.01718953736,0,temporal_sigmoid
xgboost,S1,2016,2016-06-18,2016-06-12,2016-06-18,2016-06-19,2016-06-21,2016-06-21,1,0,,0.0007055783644,0.008876999067,0.01718953736,0,temporal_sigmoid
xgboost,S1,2016,2016-06-19,2016-06-13,2016-06-19,2016-06-20,2016-06-22,2016-06-22,1,0,,0.001074014115,0.01082925375,0.01718953736,0,temporal_sigmoid
xgboost,S1,2016,2016-06-20,2016-06-14,2016-06-20,2016-06-21,2016-06-23,2016-06-23,1,0,,0.0009821122512,0.01038075941,0.01718953736,0,temporal_sigmoid
xgboost,S1,2016,2016-06-21,2016-06-15,2016-06-21,2016-06-22,2016-06-24,2016-06-24,1,0,,0.0009063804755,0.009994123407,0.01718953736,0,temporal_sigmoid
xgboost,S1,2016,2016-06-22,2016-06-16,2016-06-22,2016-06-23,2016-06-25,2016-06-25,1,0,,0.0009569483227,0.0102541037,0.01718953736,0,temporal_sigmoid
xgboost,S1,2016,2016-06-23,2016-06-17,2016-06-23,2016-06-24,2016-06-26,2016-06-26,1,0,,0.0006342744455,0.008440214307,0.01718953736,0,temporal_sigmoid
xgboost,S1,2016,2016-06-24,2016-06-18,2016-06-24,2016-06-25,2016-06-27,2016-06-27,1,0,,0.001734708203,0.0135810209,0.01718953736,0,temporal_sigmoid
xgboost,S1,2016,2016-06-25,2016-06-19,2016-06-25,2016-06-26,2016-06-28,2016-06-28,1,0,,0.001685452764,0.01339770609,0.01718953736,0,temporal_sigmoid
xgboost,S1,2016,2016-06-26,2016-06-20,2016-06-26,2016-06-27,2016-06-29,2016-06-29,1,0,,0.002112067305,0.01490182093,0.01718953736,0,temporal_sigmoid
xgboost,S1,2016,2016-06-27,2016-06-21,2016-06-27,2016-06-28,2016-06-30,2016-06-30,1,0,,0.0004603666603,0.007250933698,0.01718953736,0,temporal_sigmoid
xgboost,S1,2017,2017-02-28,2017-02-22,2017-02-28,2017-03-01,2017-03-03,2017-03-03,1,0,,0.08620542288,0.002835585714,0.04114238162,0,temporal_sigmoid
xgboost,S1,2017,2017-03-01,2017-02-23,2017-03-01,2017-03-02,2017-03-04,2017-03-04,1,0,,0.08550619334,0.002803047051,0.04114238162,0,temporal_sigmoid
xgboost,S1,2017,2017-03-02,2017-02-24,2017-03-02,2017-03-03,2017-03-05,2017-03-05,1,0,,0.08360343426,0.002715182757,0.04114238162,0,temporal_sigmoid
xgboost,S1,2017,2017-03-03,2017-02-25,2017-03-03,2017-03-04,2017-03-06,2017-03-06,1,0,,0.08360343426,0.002715182757,0.04114238162,0,temporal_sigmoid
xgboost,S1,2017,2017-03-04,2017-02-26,2017-03-04,2017-03-05,2017-03-07,2017-03-07,1,0,,0.08550619334,0.002803047051,0.04114238162,0,temporal_sigmoid
xgboost,S1,2017,2017-03-05,2017-02-27,2017-03-05,2017-03-06,2017-03-08,2017-03-08,1,0,,0.08550619334,0.002803047051,0.04114238162,0,temporal_sigmoid
xgboost,S1,2017,2017-03-06,2017-02-28,2017-03-06,2017-03-07,2017-03-09,2017-03-09,1,0,,0.08550619334,0.002803047051,0.04114238162,0,temporal_sigmoid
xgboost,S1,2017,2017-03-07,2017-03-01,2017-03-07,2017-03-08,2017-03-10,2017-03-10,1,0,,0.08550619334,0.002803047051,0.04114238162,0,temporal_sigmoid
xgboost,S1,2017,2017-03-08,2017-03-02,2017-03-08,2017-03-09,2017-03-11,2017-03-11,1,0,,0.08252550662,0.002665849051,0.04114238162,0,temporal_sigmoid
xgboost,S1,2017,2017-03-09,2017-03-03,2017-03-09,2017-03-10,2017-03-12,2017-03-12,1,0,,0.08252550662,0.002665849051,0.04114238162,0,temporal_sigmoid
xgboost,S1,2017,2017-03-10,2017-03-04,2017-03-10,2017-03-11,2017-03-13,2017-03-13,1,0,,0.08252550662,0.002665849051,0.04114238162,0,temporal_sigmoid
xgboost,S1,2017,2017-03-11,2017-03-05,2017-03-11,2017-03-12,2017-03-14,2017-03-14,1,0,,0.08252550662,0.002665849051,0.04114238162,0,temporal_sigmoid
xgboost,S1,2017,2017-03-12,2017-03-06,2017-03-12,2017-03-13,2017-03-15,2017-03-15,1,0,,0.08252550662,0.002665849051,0.04114238162,0,temporal_sigmoid
xgboost,S1,2017,2017-03-13,2017-03-07,2017-03-13,2017-03-14,2017-03-16,2017-03-16,1,0,,0.08252550662,0.002665849051,0.04114238162,0,temporal_sigmoid
xgboost,S1,2017,2017-03-14,2017-03-08,2017-03-14,2017-03-15,2017-03-17,2017-03-17,1,0,,0.08252550662,0.002665849051,0.04114238162,0,temporal_sigmoid
xgboost,S1,2017,2017-03-15,2017-03-09,2017-03-15,2017-03-16,2017-03-18,2017-03-18,1,0,,0.08252550662,0.002665849051,0.04114238162,0,temporal_sigmoid
xgboost,S1,2017,2017-03-16,2017-03-10,2017-03-16,2017-03-17,2017-03-19,2017-03-19,1,0,,0.08252550662,0.002665849051,0.04114238162,0,temporal_sigmoid
xgboost,S1,2017,2017-03-17,2017-03-11,2017-03-17,2017-03-18,2017-03-20,2017-03-20,1,0,,0.08188463002,0.002636669654,0.04114238162,0,temporal_sigmoid
xgboost,S1,2017,2017-03-18,2017-03-12,2017-03-18,2017-03-19,2017-03-21,2017-03-21,1,0,,0.08156067878,0.002621963083,0.04114238162,0,temporal_sigmoid
xgboost,S1,2017,2017-03-19,2017-03-13,2017-03-19,2017-03-20,2017-03-22,2017-03-22,1,0,,0.08450972289,0.002756908526,0.04114238162,0,temporal_sigmoid
xgboost,S1,2017,2017-03-20,2017-03-14,2017-03-20,2017-03-21,2017-03-23,2017-03-23,1,0,,0.08450972289,0.002756908526,0.04114238162,0,temporal_sigmoid
xgboost,S1,2017,2017-03-21,2017-03-15,2017-03-21,2017-03-22,2017-03-24,2017-03-24,1,0,,0.08450972289,0.002756908526,0.04114238162,0,temporal_sigmoid
xgboost,S1,2017,2017-03-22,2017-03-16,2017-03-22,2017-03-23,2017-03-25,2017-03-25,1,0,,0.08450972289,0.002756908526,0.04114238162,0,temporal_sigmoid
xgboost,S1,2017,2017-03-23,2017-03-17,2017-03-23,2017-03-24,2017-03-26,2017-03-26,1,0,,0.08450972289,0.002756908526,0.04114238162,0,temporal_sigmoid
xgboost,S1,2017,2017-03-24,2017-03-18,2017-03-24,2017-03-25,2017-03-27,2017-03-27,1,0,,0.08295495063,0.002685465147,0.04114238162,0,temporal_sigmoid
xgboost,S1,2017,2017-03-25,2017-03-19,2017-03-25,2017-03-26,2017-03-28,2017-03-28,1,0,,0.08262711763,0.00267048584,0.04114238162,0,temporal_sigmoid
xgboost,S1,2017,2017-03-26,2017-03-20,2017-03-26,2017-03-27,2017-03-29,2017-03-29,1,0,,0.08505322784,0.002782040018,0.04114238162,0,temporal_sigmoid
xgboost,S1,2017,2017-03-27,2017-03-21,2017-03-27,2017-03-28,2017-03-30,2017-03-30,1,0,,0.08262711763,0.00267048584,0.04114238162,0,temporal_sigmoid
xgboost,S1,2017,2017-03-28,2017-03-22,2017-03-28,2017-03-29,2017-03-31,2017-03-31,1,0,,0.08450972289,0.002756908526,0.04114238162,0,temporal_sigmoid
xgboost,S1,2017,2017-03-29,2017-03-23,2017-03-29,2017-03-30,2017-04-01,2017-04-01,1,0,,0.08450972289,0.002756908526,0.04114238162,0,temporal_sigmoid
xgboost,S1,2017,2017-03-30,2017-03-24,2017-03-30,2017-03-31,2017-04-02,2017-04-02,1,0,,0.08450972289,0.002756908526,0.04114238162,0,temporal_sigmoid
xgboost,S1,2017,2017-03-31,2017-03-25,2017-03-31,2017-04-01,2017-04-03,2017-04-03,1,0,,0.08262711763,0.00267048584,0.04114238162,0,temporal_sigmoid
xgboost,S1,2017,2017-04-01,2017-03-26,2017-04-01,2017-04-02,2017-04-04,2017-04-04,1,0,,0.1701336801,0.007734499844,0.04114238162,0,temporal_sigmoid
xgboost,S1,2017,2017-04-02,2017-03-27,2017-04-02,2017-04-03,2017-04-05,2017-04-05,1,0,,0.09519379586,0.003265809616,0.04114238162,0,temporal_sigmoid
xgboost,S1,2017,2017-04-03,2017-03-28,2017-04-03,2017-04-04,2017-04-06,2017-04-06,1,0,,0.09125813842,0.003074704011,0.04114238162,0,temporal_sigmoid
xgboost,S1,2017,2017-04-04,2017-03-29,2017-04-04,2017-04-05,2017-04-07,2017-04-07,1,0,,0.08156067878,0.002621963083,0.04114238162,0,temporal_sigmoid
xgboost,S1,2017,2017-04-05,2017-03-30,2017-04-05,2017-04-06,2017-04-08,2017-04-08,1,0,,0.08156067878,0.002621963083,0.04114238162,0,temporal_sigmoid
xgboost,S1,2017,2017-04-06,2017-03-31,2017-04-06,2017-04-07,2017-04-09,2017-04-09,1,0,,0.08156067878,0.002621963083,0.04114238162,0,temporal_sigmoid
xgboost,S1,2017,2017-04-07,2017-04-01,2017-04-07,2017-04-08,2017-04-10,2017-04-10,1,0,,0.08156067878,0.002621963083,0.04114238162,0,temporal_sigmoid
xgboost,S1,2017,2017-04-08,2017-04-02,2017-04-08,2017-04-09,2017-04-11,2017-04-11,1,0,,0.08450972289,0.002756908526,0.04114238162,0,temporal_sigmoid
xgboost,S1,2017,2017-04-09,2017-04-03,2017-04-09,2017-04-10,2017-04-12,2017-04-12,1,0,,0.08262711763,0.00267048584,0.04114238162,0,temporal_sigmoid
xgboost,S1,2017,2017-04-10,2017-04-04,2017-04-10,2017-04-11,2017-04-13,2017-04-13,1,0,,0.09776512533,0.003392960806,0.04114238162,0,temporal_sigmoid
xgboost,S1,2017,2017-04-11,2017-04-05,2017-04-11,2017-04-12,2017-04-14,2017-04-14,1,0,,0.1545843631,0.006673400667,0.04114238162,0,temporal_sigmoid
xgboost,S1,2017,2017-04-12,2017-04-06,2017-04-12,2017-04-13,2017-04-15,2017-04-15,1,0,,0.1419455111,0.005864137047,0.04114238162,0,temporal_sigmoid
xgboost,S1,2017,2017-04-13,2017-04-07,2017-04-13,2017-04-14,2017-04-16,2017-04-16,1,0,,0.1733568907,0.007963727794,0.04114238162,0,temporal_sigmoid
xgboost,S1,2017,2017-04-14,2017-04-08,2017-04-14,2017-04-15,2017-04-17,2017-04-17,1,0,,0.1860430837,0.008897749655,0.04114238162,0,temporal_sigmoid
xgboost,S1,2017,2017-04-15,2017-04-09,2017-04-15,2017-04-16,2017-04-18,2017-04-18,1,0,,0.09213362634,0.00311684819,0.04114238162,0,temporal_sigmoid
xgboost,S1,2017,2017-04-16,2017-04-10,2017-04-16,2017-04-17,2017-04-19,2017-04-19,1,0,,0.0851752013,0.002787691192,0.04114238162,0,temporal_sigmoid
xgboost,S1,2017,2017-04-17,2017-04-11,2017-04-17,2017-04-18,2017-04-20,2017-04-20,1,0,,0.0851752013,0.002787691192,0.04114238162,0,temporal_sigmoid
xgboost,S1,2017,2017-04-18,2017-04-12,2017-04-18,2017-04-19,2017-04-21,2017-04-21,1,0,,0.0851752013,0.002787691192,0.04114238162,0,temporal_sigmoid
xgboost,S1,2017,2017-04-19,2017-04-13,2017-04-19,2017-04-20,2017-04-22,2017-04-22,1,0,,0.09336810559,0.003176630587,0.04114238162,0,temporal_sigmoid
xgboost,S1,2017,2017-04-20,2017-04-14,2017-04-20,2017-04-21,2017-04-23,2017-04-23,1,0,,0.08156067878,0.002621963083,0.04114238162,0,temporal_sigmoid
xgboost,S1,2017,2017-04-21,2017-04-15,2017-04-21,2017-04-22,2017-04-24,2017-04-24,1,0,,0.08156067878,0.002621963083,0.04114238162,0,temporal_sigmoid
xgboost,S1,2017,2017-04-22,2017-04-16,2017-04-22,2017-04-23,2017-04-25,2017-04-25,1,0,,0.08156067878,0.002621963083,0.04114238162,0,temporal_sigmoid
xgboost,S1,2017,2017-04-23,2017-04-17,2017-04-23,2017-04-24,2017-04-26,2017-04-26,1,0,,0.08156067878,0.002621963083,0.04114238162,0,temporal_sigmoid
xgboost,S1,2017,2017-04-24,2017-04-18,2017-04-24,2017-04-25,2017-04-27,2017-04-27,1,0,,0.08156067878,0.002621963083,0.04114238162,0,temporal_sigmoid
xgboost,S1,2017,2017-04-25,2017-04-19,2017-04-25,2017-04-26,2017-04-28,2017-04-28,1,0,,0.08450972289,0.002756908526,0.04114238162,0,temporal_sigmoid
xgboost,S1,2017,2017-04-26,2017-04-20,2017-04-26,2017-04-27,2017-04-29,2017-04-29,1,0,,0.1477160454,0.006227804018,0.04114238162,0,temporal_sigmoid
xgboost,S1,2017,2017-04-27,2017-04-21,2017-04-27,2017-04-28,2017-04-30,2017-04-30,1,0,,0.1369432062,0.005556699957,0.04114238162,0,temporal_sigmoid
xgboost,S1,2017,2017-04-28,2017-04-22,2017-04-28,2017-04-29,2017-05-01,2017-05-01,1,0,,0.1042788923,0.003723184172,0.04114238162,0,temporal_sigmoid
xgboost,S1,2017,2017-04-29,2017-04-23,2017-04-29,2017-04-30,2017-05-02,2017-05-02,1,0,,0.08873300254,0.002954326842,0.04114238162,0,temporal_sigmoid
xgboost,S1,2017,2017-04-30,2017-04-24,2017-04-30,2017-05-01,2017-05-03,2017-05-03,1,0,,0.09304591268,0.003160987383,0.04114238162,0,temporal_sigmoid
xgboost,S1,2017,2017-05-01,2017-04-25,2017-05-01,2017-05-02,2017-05-04,2017-05-04,1,0,,0.09010090679,0.003019319843,0.04114238162,0,temporal_sigmoid
xgboost,S1,2017,2017-05-02,2017-04-26,2017-05-02,2017-05-03,2017-05-05,2017-05-05,1,0,,0.0851752013,0.002787691192,0.04114238162,0,temporal_sigmoid
xgboost,S1,2017,2017-05-03,2017-04-27,2017-05-03,2017-05-04,2017-05-06,2017-05-06,1,0,,0.1853348166,0.008844247441,0.04114238162,0,temporal_sigmoid
xgboost,S1,2017,2017-05-04,2017-04-28,2017-05-04,2017-05-05,2017-05-07,2017-05-07,1,0,,0.1156161427,0.004325812786,0.04114238162,0,temporal_sigmoid
xgboost,S1,2017,2017-05-05,2017-04-29,2017-05-05,2017-05-06,2017-05-08,2017-05-08,1,0,,0.1070591509,0.00386768445,0.04114238162,0,temporal_sigmoid
xgboost,S1,2017,2017-05-06,2017-04-30,2017-05-06,2017-05-07,2017-05-09,2017-05-09,1,0,,0.09839662164,0.003424465406,0.04114238162,0,temporal_sigmoid
xgboost,S1,2017,2017-05-07,2017-05-01,2017-05-07,2017-05-08,2017-05-10,2017-05-10,1,0,,0.08450972289,0.002756908526,0.04114238162,0,temporal_sigmoid
xgboost,S1,2017,2017-05-08,2017-05-02,2017-05-08,2017-05-09,2017-05-11,2017-05-11,1,0,,0.08450972289,0.002756908526,0.04114238162,0,temporal_sigmoid
xgboost,S1,2017,2017-05-09,2017-05-03,2017-05-09,2017-05-10,2017-05-12,2017-05-12,1,0,,0.08156067878,0.002621963083,0.04114238162,0,temporal_sigmoid
xgboost,S1,2017,2017-05-10,2017-05-04,2017-05-10,2017-05-11,2017-05-13,2017-05-13,1,0,,0.08156067878,0.002621963083,0.04114238162,0,temporal_sigmoid
xgboost,S1,2017,2017-05-11,2017-05-05,2017-05-11,2017-05-12,2017-05-14,2017-05-14,1,0,,0.08156067878,0.002621963083,0.04114238162,0,temporal_sigmoid
xgboost,S1,2017,2017-05-12,2017-05-06,2017-05-12,2017-05-13,2017-05-15,2017-05-15,1,0,,0.08450972289,0.002756908526,0.04114238162,0,temporal_sigmoid
xgboost,S1,2017,2017-05-13,2017-05-07,2017-05-13,2017-05-14,2017-05-16,2017-05-16,1,0,,0.0998666063,0.003498224979,0.04114238162,0,temporal_sigmoid
xgboost,S1,2017,2017-05-14,2017-05-08,2017-05-14,2017-05-15,2017-05-17,2017-05-17,1,0,,0.1027268022,0.003643441392,0.04114238162,0,temporal_sigmoid
xgboost,S1,2017,2017-05-15,2017-05-09,2017-05-15,2017-05-16,2017-05-18,2017-05-18,1,0,,0.08156067878,0.002621963083,0.04114238162,0,temporal_sigmoid
xgboost,S1,2017,2017-05-16,2017-05-10,2017-05-16,2017-05-17,2017-05-19,2017-05-19,1,0,,0.08156067878,0.002621963083,0.04114238162,0,temporal_sigmoid
xgboost,S1,2017,2017-05-17,2017-05-11,2017-05-17,2017-05-18,2017-05-20,2017-05-20,1,0,,0.08156067878,0.002621963083,0.04114238162,0,temporal_sigmoid
xgboost,S1,2017,2017-05-18,2017-05-12,2017-05-18,2017-05-19,2017-05-21,2017-05-21,1,0,,0.08156067878,0.002621963083,0.04114238162,0,temporal_sigmoid
xgboost,S1,2017,2017-05-19,2017-05-13,2017-05-19,2017-05-20,2017-05-22,2017-05-22,1,0,,0.08450972289,0.002756908526,0.04114238162,0,temporal_sigmoid
xgboost,S1,2017,2017-05-20,2017-05-14,2017-05-20,2017-05-21,2017-05-23,2017-05-23,1,0,,0.1752063334,0.008096720023,0.04114238162,0,temporal_sigmoid
xgboost,S1,2017,2017-05-21,2017-05-15,2017-05-21,2017-05-22,2017-05-24,2017-05-24,1,0,,0.2216416448,0.01180370893,0.04114238162,0,temporal_sigmoid
xgboost,S1,2017,2017-05-22,2017-05-16,2017-05-22,2017-05-23,2017-05-25,2017-05-25,1,0,,0.1469021887,0.006175924631,0.04114238162,0,temporal_sigmoid
xgboost,S1,2017,2017-05-23,2017-05-17,2017-05-23,2017-05-24,2017-05-26,2017-05-26,1,0,,0.3745357692,0.0304186678,0.04114238162,0,temporal_sigmoid
xgboost,S1,2017,2017-05-24,2017-05-18,2017-05-24,2017-05-25,2017-05-27,2017-05-27,1,0,,0.1862705201,0.008914964548,0.04114238162,0,temporal_sigmoid
xgboost,S1,2017,2017-05-25,2017-05-19,2017-05-25,2017-05-26,2017-05-28,2017-05-28,1,0,,0.222187236,0.01185168626,0.04114238162,0,temporal_sigmoid
xgboost,S1,2017,2017-05-26,2017-05-20,2017-05-26,2017-05-27,2017-05-29,2017-05-29,1,0,,0.09168339521,0.003095148741,0.04114238162,0,temporal_sigmoid
xgboost,S1,2017,2017-05-27,2017-05-21,2017-05-27,2017-05-28,2017-05-30,2017-05-30,1,0,,0.08761478961,0.00290157885,0.04114238162,0,temporal_sigmoid
xgboost,S1,2017,2017-05-28,2017-05-22,2017-05-28,2017-05-29,2017-05-31,2017-05-31,1,0,,0.08622594923,0.002836542938,0.04114238162,0,temporal_sigmoid
xgboost,S1,2017,2017-05-29,2017-05-23,2017-05-29,2017-05-30,2017-06-01,2017-06-01,1,0,,0.1156052873,0.00432521875,0.04114238162,0,temporal_sigmoid
xgboost,S1,2017,2017-05-30,2017-05-24,2017-05-30,2017-05-31,2017-06-02,2017-06-02,1,0,,0.08547056466,0.002801392668,0.04114238162,0,temporal_sigmoid
xgboost,S1,2017,2017-05-31,2017-05-25,2017-05-31,2017-06-01,2017-06-03,2017-06-03,1,0,,0.09939675033,0.003474584491,0.04114238162,0,temporal_sigmoid
xgboost,S1,2017,2017-06-01,2017-05-26,2017-06-01,2017-06-02,2017-06-04,2017-06-04,1,0,,0.08156067878,0.002621963083,0.04114238162,0,temporal_sigmoid
xgboost,S1,2017,2017-06-02,2017-05-27,2017-06-02,2017-06-03,2017-06-05,2017-06-05,1,0,,0.08156067878,0.002621963083,0.04114238162,0,temporal_sigmoid
xgboost,S1,2017,2017-06-03,2017-05-28,2017-06-03,2017-06-04,2017-06-06,2017-06-06,1,0,,0.08450972289,0.002756908526,0.04114238162,0,temporal_sigmoid
xgboost,S1,2017,2017-06-04,2017-05-29,2017-06-04,2017-06-05,2017-06-07,2017-06-07,1,0,,0.08450972289,0.002756908526,0.04114238162,0,temporal_sigmoid
xgboost,S1,2017,2017-06-05,2017-05-30,2017-06-05,2017-06-06,2017-06-08,2017-06-08,1,0,,0.1008737832,0.003549104588,0.04114238162,0,temporal_sigmoid
xgboost,S1,2017,2017-06-06,2017-05-31,2017-06-06,2017-06-07,2017-06-09,2017-06-09,1,0,,0.1831593812,0.008680927982,0.04114238162,0,temporal_sigmoid
xgboost,S1,2017,2017-06-07,2017-06-01,2017-06-07,2017-06-08,2017-06-10,2017-06-10,1,0,,0.3438670039,0.02570614775,0.04114238162,0,temporal_sigmoid
xgboost,S1,2017,2017-06-08,2017-06-02,2017-06-08,2017-06-09,2017-06-11,2017-06-11,1,0,,0.2116494924,0.01094391312,0.04114238162,0,temporal_sigmoid
xgboost,S1,2017,2017-06-09,2017-06-03,2017-06-09,2017-06-10,2017-06-12,2017-06-12,1,0,,0.1760105938,0.008154888635,0.04114238162,0,temporal_sigmoid
xgboost,S1,2017,2017-06-10,2017-06-04,2017-06-10,2017-06-11,2017-06-13,2017-06-13,1,0,,0.1359186769,0.005494621811,0.04114238162,0,temporal_sigmoid
xgboost,S1,2017,2017-06-11,2017-06-05,2017-06-11,2017-06-12,2017-06-14,2017-06-14,1,0,,0.1052200124,0.003771859408,0.04114238162,0,temporal_sigmoid
xgboost,S1,2017,2017-06-12,2017-06-06,2017-06-12,2017-06-13,2017-06-15,2017-06-15,1,0,,0.08861830086,0.002948900373,0.04114238162,0,temporal_sigmoid
xgboost,S1,2017,2017-06-13,2017-06-07,2017-06-13,2017-06-14,2017-06-16,2017-06-16,1,0,,0.08184463531,0.002634852429,0.04114238162,0,temporal_sigmoid
xgboost,S1,2017,2017-06-14,2017-06-08,2017-06-14,2017-06-15,2017-06-17,2017-06-17,1,0,,0.08184463531,0.002634852429,0.04114238162,0,temporal_sigmoid
xgboost,S1,2017,2017-06-15,2017-06-09,2017-06-15,2017-06-16,2017-06-18,2017-06-18,1,0,,0.08156067878,0.002621963083,0.04114238162,0,temporal_sigmoid
xgboost,S1,2017,2017-06-16,2017-06-10,2017-06-16,2017-06-17,2017-06-19,2017-06-19,1,0,,0.08156067878,0.002621963083,0.04114238162,0,temporal_sigmoid
xgboost,S1,2017,2017-06-17,2017-06-11,2017-06-17,2017-06-18,2017-06-20,2017-06-20,1,0,,0.08262711763,0.00267048584,0.04114238162,0,temporal_sigmoid
xgboost,S1,2017,2017-06-18,2017-06-12,2017-06-18,2017-06-19,2017-06-21,2017-06-21,1,0,,0.08262711763,0.00267048584,0.04114238162,0,temporal_sigmoid
xgboost,S1,2017,2017-06-19,2017-06-13,2017-06-19,2017-06-20,2017-06-22,2017-06-22,1,0,,0.08156067878,0.002621963083,0.04114238162,0,temporal_sigmoid
xgboost,S1,2017,2017-06-20,2017-06-14,2017-06-20,2017-06-21,2017-06-23,2017-06-23,1,0,,0.08156067878,0.002621963083,0.04114238162,0,temporal_sigmoid
xgboost,S1,2017,2017-06-21,2017-06-15,2017-06-21,2017-06-22,2017-06-24,2017-06-24,1,0,,0.08156067878,0.002621963083,0.04114238162,0,temporal_sigmoid
xgboost,S1,2017,2017-06-22,2017-06-16,2017-06-22,2017-06-23,2017-06-25,2017-06-25,1,0,,0.08156067878,0.002621963083,0.04114238162,0,temporal_sigmoid
xgboost,S1,2017,2017-06-23,2017-06-17,2017-06-23,2017-06-24,2017-06-26,2017-06-26,1,0,,0.08450972289,0.002756908526,0.04114238162,0,temporal_sigmoid
xgboost,S1,2017,2017-06-24,2017-06-18,2017-06-24,2017-06-25,2017-06-27,2017-06-27,1,0,,0.08262711763,0.00267048584,0.04114238162,0,temporal_sigmoid
xgboost,S1,2017,2017-06-25,2017-06-19,2017-06-25,2017-06-26,2017-06-28,2017-06-28,1,0,,0.08798982948,0.002919231858,0.04114238162,0,temporal_sigmoid
xgboost,S1,2017,2017-06-26,2017-06-20,2017-06-26,2017-06-27,2017-06-29,2017-06-29,1,0,,0.08829401433,0.002933578103,0.04114238162,0,temporal_sigmoid
xgboost,S1,2017,2017-06-27,2017-06-21,2017-06-27,2017-06-28,2017-06-30,2017-06-30,1,0,,0.08788748831,0.002914410861,0.04114238162,0,temporal_sigmoid
xgboost,S1,2018,2018-02-28,2018-02-22,2018-02-28,2018-03-01,2018-03-03,2018-03-03,1,0,,0.001582334517,0.002130365243,0.03530356853,0,temporal_sigmoid
xgboost,S1,2018,2018-03-01,2018-02-23,2018-03-01,2018-03-02,2018-03-04,2018-03-04,1,0,,0.001400036854,0.001966712062,0.03530356853,0,temporal_sigmoid
xgboost,S1,2018,2018-03-02,2018-02-24,2018-03-02,2018-03-03,2018-03-05,2018-03-05,1,0,,0.001589151565,0.002136354223,0.03530356853,0,temporal_sigmoid
xgboost,S1,2018,2018-03-03,2018-02-25,2018-03-03,2018-03-04,2018-03-06,2018-03-06,1,0,,0.002068102825,0.002537379915,0.03530356853,0,temporal_sigmoid
xgboost,S1,2018,2018-03-04,2018-02-26,2018-03-04,2018-03-05,2018-03-07,2018-03-07,1,0,,0.001657851273,0.002196220513,0.03530356853,0,temporal_sigmoid
xgboost,S1,2018,2018-03-05,2018-02-27,2018-03-05,2018-03-06,2018-03-08,2018-03-08,1,0,,0.002559258835,0.002916251432,0.03530356853,0,temporal_sigmoid
xgboost,S1,2018,2018-03-06,2018-02-28,2018-03-06,2018-03-07,2018-03-09,2018-03-09,1,0,,0.00220926106,0.002649185994,0.03530356853,0,temporal_sigmoid
xgboost,S1,2018,2018-03-07,2018-03-01,2018-03-07,2018-03-08,2018-03-10,2018-03-10,1,0,,0.001592085231,0.002138928793,0.03530356853,0,temporal_sigmoid
xgboost,S1,2018,2018-03-08,2018-03-02,2018-03-08,2018-03-09,2018-03-11,2018-03-11,1,0,,0.001849066583,0.002358491109,0.03530356853,0,temporal_sigmoid
xgboost,S1,2018,2018-03-09,2018-03-03,2018-03-09,2018-03-10,2018-03-12,2018-03-12,1,0,,0.001125240233,0.001705198322,0.03530356853,0,temporal_sigmoid
xgboost,S1,2018,2018-03-10,2018-03-04,2018-03-10,2018-03-11,2018-03-13,2018-03-13,1,0,,0.001125240233,0.001705198322,0.03530356853,0,temporal_sigmoid
xgboost,S1,2018,2018-03-11,2018-03-05,2018-03-11,2018-03-12,2018-03-14,2018-03-14,1,0,,0.001977809938,0.002464473733,0.03530356853,0,temporal_sigmoid
xgboost,S1,2018,2018-03-12,2018-03-06,2018-03-12,2018-03-13,2018-03-15,2018-03-15,1,0,,0.001816025819,0.002330883611,0.03530356853,0,temporal_sigmoid
xgboost,S1,2018,2018-03-13,2018-03-07,2018-03-13,2018-03-14,2018-03-16,2018-03-16,1,0,,0.002564168768,0.002919904433,0.03530356853,0,temporal_sigmoid
xgboost,S1,2018,2018-03-14,2018-03-08,2018-03-14,2018-03-15,2018-03-17,2018-03-17,1,0,,0.002564168768,0.002919904433,0.03530356853,0,temporal_sigmoid
xgboost,S1,2018,2018-03-15,2018-03-09,2018-03-15,2018-03-16,2018-03-18,2018-03-18,1,0,,0.001976979896,0.002463798238,0.03530356853,0,temporal_sigmoid
xgboost,S1,2018,2018-03-16,2018-03-10,2018-03-16,2018-03-17,2018-03-19,2018-03-19,1,0,,0.001653986983,0.002192876218,0.03530356853,0,temporal_sigmoid
xgboost,S1,2018,2018-03-17,2018-03-11,2018-03-17,2018-03-18,2018-03-20,2018-03-20,1,0,,0.002715481212,0.003031323888,0.03530356853,0,temporal_sigmoid
xgboost,S1,2018,2018-03-18,2018-03-12,2018-03-18,2018-03-19,2018-03-21,2018-03-21,1,0,,0.002715481212,0.003031323888,0.03530356853,0,temporal_sigmoid
xgboost,S1,2018,2018-03-19,2018-03-13,2018-03-19,2018-03-20,2018-03-22,2018-03-22,1,0,,0.002652822295,0.002985452396,0.03530356853,0,temporal_sigmoid
xgboost,S1,2018,2018-03-20,2018-03-14,2018-03-20,2018-03-21,2018-03-23,2018-03-23,1,0,,0.003314901376,0.003453162827,0.03530356853,0,temporal_sigmoid
xgboost,S1,2018,2018-03-21,2018-03-15,2018-03-21,2018-03-22,2018-03-24,2018-03-24,1,0,,0.002612308366,0.002955593145,0.03530356853,0,temporal_sigmoid
xgboost,S1,2018,2018-03-22,2018-03-16,2018-03-22,2018-03-23,2018-03-25,2018-03-25,1,0,,0.002247655764,0.002679164442,0.03530356853,0,temporal_sigmoid
xgboost,S1,2018,2018-03-23,2018-03-17,2018-03-23,2018-03-24,2018-03-26,2018-03-26,1,0,,0.008534209803,0.006408461608,0.03530356853,0,temporal_sigmoid
xgboost,S1,2018,2018-03-24,2018-03-18,2018-03-24,2018-03-25,2018-03-27,2018-03-27,1,0,,0.004375698511,0.004140013496,0.03530356853,0,temporal_sigmoid
xgboost,S1,2018,2018-03-25,2018-03-19,2018-03-25,2018-03-26,2018-03-28,2018-03-28,1,0,,0.06785343587,0.02536298009,0.03530356853,0,temporal_sigmoid
xgboost,S1,2018,2018-03-26,2018-03-20,2018-03-26,2018-03-27,2018-03-29,2018-03-29,1,0,,0.004735281225,0.004359315966,0.03530356853,0,temporal_sigmoid
xgboost,S1,2018,2018-03-27,2018-03-21,2018-03-27,2018-03-28,2018-03-30,2018-03-30,1,0,,0.002169736195,0.00261813596,0.03530356853,0,temporal_sigmoid
xgboost,S1,2018,2018-03-28,2018-03-22,2018-03-28,2018-03-29,2018-03-31,2018-03-31,1,0,,0.0007476916071,0.001305726838,0.03530356853,0,temporal_sigmoid
xgboost,S1,2018,2018-03-29,2018-03-23,2018-03-29,2018-03-30,2018-04-01,2018-04-01,1,0,,0.0007780615706,0.001340120409,0.03530356853,0,temporal_sigmoid
xgboost,S1,2018,2018-03-30,2018-03-24,2018-03-30,2018-03-31,2018-04-02,2018-04-02,1,0,,0.0008155105752,0.001381896033,0.03530356853,0,temporal_sigmoid
xgboost,S1,2018,2018-03-31,2018-03-25,2018-03-31,2018-04-01,2018-04-03,2018-04-03,1,0,,0.0006832089857,0.001231046495,0.03530356853,0,temporal_sigmoid
xgboost,S1,2018,2018-04-01,2018-03-26,2018-04-01,2018-04-02,2018-04-04,2018-04-04,1,0,,0.0009724851698,0.001550242131,0.03530356853,0,temporal_sigmoid
xgboost,S1,2018,2018-04-02,2018-03-27,2018-04-02,2018-04-03,2018-04-05,2018-04-05,1,0,,0.0008790838183,0.001451321854,0.03530356853,0,temporal_sigmoid
xgboost,S1,2018,2018-04-03,2018-03-28,2018-04-03,2018-04-04,2018-04-06,2018-04-06,1,0,,0.0009298942168,0.001505563497,0.03530356853,0,temporal_sigmoid
xgboost,S1,2018,2018-04-04,2018-03-29,2018-04-04,2018-04-05,2018-04-07,2018-04-07,1,0,,0.002005460439,0.002486920155,0.03530356853,0,temporal_sigmoid
xgboost,S1,2018,2018-04-05,2018-03-30,2018-04-05,2018-04-06,2018-04-08,2018-04-08,1,0,,0.001457739738,0.002019272182,0.03530356853,0,temporal_sigmoid
xgboost,S1,2018,2018-04-06,2018-03-31,2018-04-06,2018-04-07,2018-04-09,2018-04-09,1,0,,0.002042327542,0.002516682422,0.03530356853,0,temporal_sigmoid
xgboost,S1,2018,2018-04-07,2018-04-01,2018-04-07,2018-04-08,2018-04-10,2018-04-10,1,0,,0.001588780899,0.002136028811,0.03530356853,0,temporal_sigmoid
xgboost,S1,2018,2018-04-08,2018-04-02,2018-04-08,2018-04-09,2018-04-11,2018-04-11,1,0,,0.002626857255,0.002966334172,0.03530356853,0,temporal_sigmoid
xgboost,S1,2018,2018-04-09,2018-04-03,2018-04-09,2018-04-10,2018-04-12,2018-04-12,1,0,,0.001924328273,0.002420746585,0.03530356853,0,temporal_sigmoid
xgboost,S1,2018,2018-04-10,2018-04-04,2018-04-10,2018-04-11,2018-04-13,2018-04-13,1,0,,0.001924328273,0.002420746585,0.03530356853,0,temporal_sigmoid
xgboost,S1,2018,2018-04-11,2018-04-05,2018-04-11,2018-04-12,2018-04-14,2018-04-14,1,0,,0.004012068734,0.003911821911,0.03530356853,0,temporal_sigmoid
xgboost,S1,2018,2018-04-12,2018-04-06,2018-04-12,2018-04-13,2018-04-15,2018-04-15,1,0,,0.001818186487,0.002332694268,0.03530356853,0,temporal_sigmoid
xgboost,S1,2018,2018-04-13,2018-04-07,2018-04-13,2018-04-14,2018-04-16,2018-04-16,1,0,,0.003483010223,0.003566586051,0.03530356853,0,temporal_sigmoid
xgboost,S1,2018,2018-04-14,2018-04-08,2018-04-14,2018-04-15,2018-04-17,2018-04-17,1,0,,0.001134485123,0.001714333669,0.03530356853,0,temporal_sigmoid
xgboost,S1,2018,2018-04-15,2018-04-09,2018-04-15,2018-04-16,2018-04-18,2018-04-18,1,0,,0.001775459968,0.002296749112,0.03530356853,0,temporal_sigmoid
xgboost,S1,2018,2018-04-16,2018-04-10,2018-04-16,2018-04-17,2018-04-19,2018-04-19,1,0,,0.002119068522,0.002578044114,0.03530356853,0,temporal_sigmoid
xgboost,S1,2018,2018-04-17,2018-04-11,2018-04-17,2018-04-18,2018-04-20,2018-04-20,1,0,,0.004954176024,0.00449000356,0.03530356853,0,temporal_sigmoid
xgboost,S1,2018,2018-04-18,2018-04-12,2018-04-18,2018-04-19,2018-04-21,2018-04-21,1,0,,0.001439360902,0.002002611006,0.03530356853,0,temporal_sigmoid
xgboost,S1,2018,2018-04-19,2018-04-13,2018-04-19,2018-04-20,2018-04-22,2018-04-22,1,0,,0.001439360902,0.002002611006,0.03530356853,0,temporal_sigmoid
xgboost,S1,2018,2018-04-20,2018-04-14,2018-04-20,2018-04-21,2018-04-23,2018-04-23,1,0,,0.001437130501,0.002000584048,0.03530356853,0,temporal_sigmoid
xgboost,S1,2018,2018-04-21,2018-04-15,2018-04-21,2018-04-22,2018-04-24,2018-04-24,1,0,,0.002317894483,0.00273355168,0.03530356853,0,temporal_sigmoid
xgboost,S1,2018,2018-04-22,2018-04-16,2018-04-22,2018-04-23,2018-04-25,2018-04-25,1,0,,0.002857101848,0.003133674519,0.03530356853,0,temporal_sigmoid
xgboost,S1,2018,2018-04-23,2018-04-17,2018-04-23,2018-04-24,2018-04-26,2018-04-26,1,0,,0.002098011319,0.002561284666,0.03530356853,0,temporal_sigmoid
xgboost,S1,2018,2018-04-24,2018-04-18,2018-04-24,2018-04-25,2018-04-27,2018-04-27,1,0,,0.001919910777,0.002417116086,0.03530356853,0,temporal_sigmoid
xgboost,S1,2018,2018-04-25,2018-04-19,2018-04-25,2018-04-26,2018-04-28,2018-04-28,1,0,,0.01285313256,0.008381645911,0.03530356853,0,temporal_sigmoid
xgboost,S1,2018,2018-04-26,2018-04-20,2018-04-26,2018-04-27,2018-04-29,2018-04-29,1,0,,0.002339138649,0.002749888533,0.03530356853,0,temporal_sigmoid
xgboost,S1,2018,2018-04-27,2018-04-21,2018-04-27,2018-04-28,2018-04-30,2018-04-30,1,0,,0.00193030131,0.002425650908,0.03530356853,0,temporal_sigmoid
xgboost,S1,2018,2018-04-28,2018-04-22,2018-04-28,2018-04-29,2018-05-01,2018-05-01,1,0,,0.001437130501,0.002000584048,0.03530356853,0,temporal_sigmoid
xgboost,S1,2018,2018-04-29,2018-04-23,2018-04-29,2018-04-30,2018-05-02,2018-05-02,1,0,,0.001439360902,0.002002611006,0.03530356853,0,temporal_sigmoid
xgboost,S1,2018,2018-04-30,2018-04-24,2018-04-30,2018-05-01,2018-05-03,2018-05-03,1,0,,0.001439360902,0.002002611006,0.03530356853,0,temporal_sigmoid
xgboost,S1,2018,2018-05-01,2018-04-25,2018-05-01,2018-05-02,2018-05-04,2018-05-04,1,0,,0.001870865701,0.002376611951,0.03530356853,0,temporal_sigmoid
xgboost,S1,2018,2018-05-02,2018-04-26,2018-05-02,2018-05-03,2018-05-05,2018-05-05,1,0,,0.001554800663,0.002106084267,0.03530356853,0,temporal_sigmoid
xgboost,S1,2018,2018-05-03,2018-04-27,2018-05-03,2018-05-04,2018-05-06,2018-05-06,1,0,,0.002198720118,0.002640924169,0.03530356853,0,temporal_sigmoid
xgboost,S1,2018,2018-05-04,2018-04-28,2018-05-04,2018-05-05,2018-05-07,2018-05-07,1,0,,0.002111483365,0.002572013759,0.03530356853,0,temporal_sigmoid
xgboost,S1,2018,2018-05-05,2018-04-29,2018-05-05,2018-05-06,2018-05-08,2018-05-08,1,0,,0.002160888165,0.002611158345,0.03530356853,0,temporal_sigmoid
xgboost,S1,2018,2018-05-06,2018-04-30,2018-05-06,2018-05-07,2018-05-09,2018-05-09,1,0,,0.002137255156,0.002592472484,0.03530356853,0,temporal_sigmoid
xgboost,S1,2018,2018-05-07,2018-05-01,2018-05-07,2018-05-08,2018-05-10,2018-05-10,1,0,,0.00336709409,0.003488585729,0.03530356853,0,temporal_sigmoid
xgboost,S1,2018,2018-05-08,2018-05-02,2018-05-08,2018-05-09,2018-05-11,2018-05-11,1,0,,0.002128978027,0.002585911118,0.03530356853,0,temporal_sigmoid
xgboost,S1,2018,2018-05-09,2018-05-03,2018-05-09,2018-05-10,2018-05-12,2018-05-12,1,0,,0.002667058492,0.002995907098,0.03530356853,0,temporal_sigmoid
xgboost,S1,2018,2018-05-10,2018-05-04,2018-05-10,2018-05-11,2018-05-13,2018-05-13,1,0,,0.002780602314,0.003078611356,0.03530356853,0,temporal_sigmoid
xgboost,S1,2018,2018-05-11,2018-05-05,2018-05-11,2018-05-12,2018-05-14,2018-05-14,1,0,,0.0007808867376,0.001343295963,0.03530356853,0,temporal_sigmoid
xgboost,S1,2018,2018-05-12,2018-05-06,2018-05-12,2018-05-13,2018-05-15,2018-05-15,1,0,,0.0008827232523,0.001455242612,0.03530356853,0,temporal_sigmoid
xgboost,S1,2018,2018-05-13,2018-05-07,2018-05-13,2018-05-14,2018-05-16,2018-05-16,1,0,,0.001203925116,0.001782145325,0.03530356853,0,temporal_sigmoid
xgboost,S1,2018,2018-05-14,2018-05-08,2018-05-14,2018-05-15,2018-05-17,2018-05-17,1,0,,0.0009042924503,0.001478365048,0.03530356853,0,temporal_sigmoid
xgboost,S1,2018,2018-05-15,2018-05-09,2018-05-15,2018-05-16,2018-05-18,2018-05-18,1,0,,0.001137895975,0.001717697577,0.03530356853,0,temporal_sigmoid
xgboost,S1,2018,2018-05-16,2018-05-10,2018-05-16,2018-05-17,2018-05-19,2018-05-19,1,0,,0.004825657699,0.00441352071,0.03530356853,0,temporal_sigmoid
xgboost,S1,2018,2018-05-17,2018-05-11,2018-05-17,2018-05-18,2018-05-20,2018-05-20,1,0,,0.003603799734,0.00364691724,0.03530356853,0,temporal_sigmoid
xgboost,S1,2018,2018-05-18,2018-05-12,2018-05-18,2018-05-19,2018-05-21,2018-05-21,1,0,,0.001482321532,0.00204144316,0.03530356853,0,temporal_sigmoid
xgboost,S1,2018,2018-05-19,2018-05-13,2018-05-19,2018-05-20,2018-05-22,2018-05-22,1,0,,0.001856306219,0.002364517337,0.03530356853,0,temporal_sigmoid
xgboost,S1,2018,2018-05-20,2018-05-14,2018-05-20,2018-05-21,2018-05-23,2018-05-23,1,0,,0.00225640065,0.00268596754,0.03530356853,0,temporal_sigmoid
xgboost,S1,2018,2018-05-21,2018-05-15,2018-05-21,2018-05-22,2018-05-24,2018-05-24,1,0,,0.001832612325,0.002344764179,0.03530356853,0,temporal_sigmoid
xgboost,S1,2018,2018-05-22,2018-05-16,2018-05-22,2018-05-23,2018-05-25,2018-05-25,1,0,,0.0008744027,0.001446270597,0.03530356853,0,temporal_sigmoid
xgboost,S1,2018,2018-05-23,2018-05-17,2018-05-23,2018-05-24,2018-05-26,2018-05-26,1,0,,0.001207435969,0.001785537267,0.03530356853,0,temporal_sigmoid
xgboost,S1,2018,2018-05-24,2018-05-18,2018-05-24,2018-05-25,2018-05-27,2018-05-27,1,0,,0.001412868383,0.001978463966,0.03530356853,0,temporal_sigmoid
xgboost,S1,2018,2018-05-25,2018-05-19,2018-05-25,2018-05-26,2018-05-28,2018-05-28,1,0,,0.001302024117,0.001875676119,0.03530356853,0,temporal_sigmoid
xgboost,S1,2018,2018-05-26,2018-05-20,2018-05-26,2018-05-27,2018-05-29,2018-05-29,1,0,,0.0113188969,0.00771103542,0.03530356853,0,temporal_sigmoid
xgboost,S1,2018,2018-05-27,2018-05-21,2018-05-27,2018-05-28,2018-05-30,2018-05-30,1,0,,0.06164103374,0.02375656287,0.03530356853,0,temporal_sigmoid
xgboost,S1,2018,2018-05-28,2018-05-22,2018-05-28,2018-05-29,2018-05-31,2018-05-31,1,0,,0.007092565298,0.005677479966,0.03530356853,0,temporal_sigmoid
xgboost,S1,2018,2018-05-29,2018-05-23,2018-05-29,2018-05-30,2018-06-01,2018-06-01,1,0,,0.002482502256,0.002858824752,0.03530356853,0,temporal_sigmoid
xgboost,S1,2018,2018-05-30,2018-05-24,2018-05-30,2018-05-31,2018-06-02,2018-06-02,1,0,,0.004209095612,0.004036309854,0.03530356853,0,temporal_sigmoid
xgboost,S1,2018,2018-05-31,2018-05-25,2018-05-31,2018-06-01,2018-06-03,2018-06-03,1,0,,0.0008212438552,0.001388232356,0.03530356853,0,temporal_sigmoid
xgboost,S1,2018,2018-06-01,2018-05-26,2018-06-01,2018-06-02,2018-06-04,2018-06-04,1,0,,0.0008212438552,0.001388232356,0.03530356853,0,temporal_sigmoid
xgboost,S1,2018,2018-06-02,2018-05-27,2018-06-02,2018-06-03,2018-06-05,2018-06-05,1,0,,0.0006892469246,0.001238140158,0.03530356853,0,temporal_sigmoid
xgboost,S1,2018,2018-06-03,2018-05-28,2018-06-03,2018-06-04,2018-06-06,2018-06-06,1,0,,0.0008977327379,0.001471353415,0.03530356853,0,temporal_sigmoid
xgboost,S1,2018,2018-06-04,2018-05-29,2018-06-04,2018-06-05,2018-06-07,2018-06-07,1,0,,0.001701291651,0.002233631429,0.03530356853,0,temporal_sigmoid
xgboost,S1,2018,2018-06-05,2018-05-30,2018-06-05,2018-06-06,2018-06-08,2018-06-08,1,0,,0.001629276201,0.002171426172,0.03530356853,0,temporal_sigmoid
xgboost,S1,2018,2018-06-06,2018-05-31,2018-06-06,2018-06-07,2018-06-09,2018-06-09,1,0,,0.01286276616,0.008385768596,0.03530356853,0,temporal_sigmoid
xgboost,S1,2018,2018-06-07,2018-06-01,2018-06-07,2018-06-08,2018-06-10,2018-06-10,1,0,,0.04471627995,0.01912853921,0.03530356853,0,temporal_sigmoid
xgboost,S1,2018,2018-06-08,2018-06-02,2018-06-08,2018-06-09,2018-06-11,2018-06-11,1,0,,0.02641533315,0.01347182756,0.03530356853,0,temporal_sigmoid
xgboost,S1,2018,2018-06-09,2018-06-03,2018-06-09,2018-06-10,2018-06-12,2018-06-12,1,0,,0.03057085723,0.01484206489,0.03530356853,0,temporal_sigmoid
xgboost,S1,2018,2018-06-10,2018-06-04,2018-06-10,2018-06-11,2018-06-13,2018-06-13,1,0,,0.002472002292,0.002850921544,0.03530356853,0,temporal_sigmoid
xgboost,S1,2018,2018-06-11,2018-06-05,2018-06-11,2018-06-12,2018-06-14,2018-06-14,1,0,,0.001597831026,0.002143966511,0.03530356853,0,temporal_sigmoid
xgboost,S1,2018,2018-06-12,2018-06-06,2018-06-12,2018-06-13,2018-06-15,2018-06-15,1,0,,0.0009861242725,0.001564405372,0.03530356853,0,temporal_sigmoid
xgboost,S1,2018,2018-06-13,2018-06-07,2018-06-13,2018-06-14,2018-06-16,2018-06-16,1,0,,0.001138155116,0.001717953008,0.03530356853,0,temporal_sigmoid
xgboost,S1,2018,2018-06-14,2018-06-08,2018-06-14,2018-06-15,2018-06-17,2018-06-17,1,0,,0.001724685659,0.002253641041,0.03530356853,0,temporal_sigmoid
xgboost,S1,2018,2018-06-15,2018-06-09,2018-06-15,2018-06-16,2018-06-18,2018-06-18,1,0,,0.001374069485,0.001942814564,0.03530356853,0,temporal_sigmoid
xgboost,S1,2018,2018-06-16,2018-06-10,2018-06-16,2018-06-17,2018-06-19,2018-06-19,1,0,,0.001849998836,0.00235926757,0.03530356853,0,temporal_sigmoid
xgboost,S1,2018,2018-06-17,2018-06-11,2018-06-17,2018-06-18,2018-06-20,2018-06-20,1,0,,0.001348577207,0.001919201411,0.03530356853,0,temporal_sigmoid
xgboost,S1,2018,2018-06-18,2018-06-12,2018-06-18,2018-06-19,2018-06-21,2018-06-21,1,0,,0.008791361935,0.00653425801,0.03530356853,0,temporal_sigmoid
xgboost,S1,2018,2018-06-19,2018-06-13,2018-06-19,2018-06-20,2018-06-22,2018-06-22,1,0,,0.001077505178,0.001657607334,0.03530356853,0,temporal_sigmoid
xgboost,S1,2018,2018-06-20,2018-06-14,2018-06-20,2018-06-21,2018-06-23,2018-06-23,1,0,,0.001275384449,0.001850526344,0.03530356853,0,temporal_sigmoid
xgboost,S1,2018,2018-06-21,2018-06-15,2018-06-21,2018-06-22,2018-06-24,2018-06-24,1,0,,0.03011511825,0.01469480652,0.03530356853,0,temporal_sigmoid
xgboost,S1,2018,2018-06-22,2018-06-16,2018-06-22,2018-06-23,2018-06-25,2018-06-25,1,0,,0.005788431969,0.004970913331,0.03530356853,0,temporal_sigmoid
xgboost,S1,2018,2018-06-23,2018-06-17,2018-06-23,2018-06-24,2018-06-26,2018-06-26,1,0,,0.0008715192089,0.001443154436,0.03530356853,0,temporal_sigmoid
xgboost,S1,2018,2018-06-24,2018-06-18,2018-06-24,2018-06-25,2018-06-27,2018-06-27,1,0,,0.0005854559713,0.00111296906,0.03530356853,0,temporal_sigmoid
xgboost,S1,2018,2018-06-25,2018-06-19,2018-06-25,2018-06-26,2018-06-28,2018-06-28,1,0,,0.0006785706501,0.001225582366,0.03530356853,0,temporal_sigmoid
xgboost,S1,2018,2018-06-26,2018-06-20,2018-06-26,2018-06-27,2018-06-29,2018-06-29,1,0,,0.0008514719084,0.001421389642,0.03530356853,0,temporal_sigmoid
xgboost,S1,2018,2018-06-27,2018-06-21,2018-06-27,2018-06-28,2018-06-30,2018-06-30,1,0,,0.0008947614115,0.001468171535,0.03530356853,0,temporal_sigmoid
xgboost,S1,2019,2019-02-28,2019-02-22,2019-02-28,2019-03-01,2019-03-03,2019-03-03,1,0,,0.00022788551,0.002771501221,0.02182030204,0,temporal_sigmoid
xgboost,S1,2019,2019-03-01,2019-02-23,2019-03-01,2019-03-02,2019-03-04,2019-03-04,1,0,,0.0001675595704,0.002374422033,0.02182030204,0,temporal_sigmoid
xgboost,S1,2019,2019-03-02,2019-02-24,2019-03-02,2019-03-03,2019-03-05,2019-03-05,1,0,,0.0001675595704,0.002374422033,0.02182030204,0,temporal_sigmoid
xgboost,S1,2019,2019-03-03,2019-02-25,2019-03-03,2019-03-04,2019-03-06,2019-03-06,1,0,,0.0001815587893,0.002472203115,0.02182030204,0,temporal_sigmoid
xgboost,S1,2019,2019-03-04,2019-02-26,2019-03-04,2019-03-05,2019-03-07,2019-03-07,1,0,,0.0001815587893,0.002472203115,0.02182030204,0,temporal_sigmoid
xgboost,S1,2019,2019-03-05,2019-02-27,2019-03-05,2019-03-06,2019-03-08,2019-03-08,1,0,,0.0004648136965,0.003965397522,0.02182030204,0,temporal_sigmoid
xgboost,S1,2019,2019-03-06,2019-02-28,2019-03-06,2019-03-07,2019-03-09,2019-03-09,1,0,,0.000391506037,0.003637810908,0.02182030204,0,temporal_sigmoid
xgboost,S1,2019,2019-03-07,2019-03-01,2019-03-07,2019-03-08,2019-03-10,2019-03-10,1,0,,0.001012519002,0.005861602379,0.02182030204,0,temporal_sigmoid
xgboost,S1,2019,2019-03-08,2019-03-02,2019-03-08,2019-03-09,2019-03-11,2019-03-11,1,0,,0.0004119297373,0.003731949114,0.02182030204,0,temporal_sigmoid
xgboost,S1,2019,2019-03-09,2019-03-03,2019-03-09,2019-03-10,2019-03-12,2019-03-12,1,0,,0.0002538289991,0.002925877956,0.02182030204,0,temporal_sigmoid
xgboost,S1,2019,2019-03-10,2019-03-04,2019-03-10,2019-03-11,2019-03-13,2019-03-13,1,0,,0.0001500265498,0.002246022994,0.02182030204,0,temporal_sigmoid
xgboost,S1,2019,2019-03-11,2019-03-05,2019-03-11,2019-03-12,2019-03-14,2019-03-14,1,0,,0.000254604849,0.002930370455,0.02182030204,0,temporal_sigmoid
xgboost,S1,2019,2019-03-12,2019-03-06,2019-03-12,2019-03-13,2019-03-15,2019-03-15,1,0,,0.0002452389745,0.002875673097,0.02182030204,0,temporal_sigmoid
xgboost,S1,2019,2019-03-13,2019-03-07,2019-03-13,2019-03-14,2019-03-16,2019-03-16,1,0,,0.0003813546209,0.003590108425,0.02182030204,0,temporal_sigmoid
xgboost,S1,2019,2019-03-14,2019-03-08,2019-03-14,2019-03-15,2019-03-17,2019-03-17,1,0,,0.0003813546209,0.003590108425,0.02182030204,0,temporal_sigmoid
xgboost,S1,2019,2019-03-15,2019-03-09,2019-03-15,2019-03-16,2019-03-18,2019-03-18,1,0,,0.0002452389745,0.002875673097,0.02182030204,0,temporal_sigmoid
xgboost,S1,2019,2019-03-16,2019-03-10,2019-03-16,2019-03-17,2019-03-19,2019-03-19,1,0,,0.003410452511,0.01077064909,0.02182030204,0,temporal_sigmoid
xgboost,S1,2019,2019-03-17,2019-03-11,2019-03-17,2019-03-18,2019-03-20,2019-03-20,1,0,,0.008796844631,0.01729753931,0.02182030204,0,temporal_sigmoid
xgboost,S1,2019,2019-03-18,2019-03-12,2019-03-18,2019-03-19,2019-03-21,2019-03-21,1,0,,0.001249385066,0.006513303395,0.02182030204,0,temporal_sigmoid
xgboost,S1,2019,2019-03-19,2019-03-13,2019-03-19,2019-03-20,2019-03-22,2019-03-22,1,0,,0.001310586464,0.00667136605,0.02182030204,0,temporal_sigmoid
xgboost,S1,2019,2019-03-20,2019-03-14,2019-03-20,2019-03-21,2019-03-23,2019-03-23,1,0,,0.0008704076754,0.00543331558,0.02182030204,0,temporal_sigmoid
xgboost,S1,2019,2019-03-21,2019-03-15,2019-03-21,2019-03-22,2019-03-24,2019-03-24,1,0,,0.04503086954,0.03924663685,0.02182030204,1,temporal_sigmoid
xgboost,S1,2019,2019-03-22,2019-03-16,2019-03-22,2019-03-23,2019-03-25,2019-03-25,1,0,,0.05473348871,0.0433410348,0.02182030204,1,temporal_sigmoid
xgboost,S1,2019,2019-03-23,2019-03-17,2019-03-23,2019-03-24,2019-03-26,2019-03-26,1,0,,0.05163302273,0.0420719255,0.02182030204,1,temporal_sigmoid
xgboost,S1,2019,2019-03-24,2019-03-18,2019-03-24,2019-03-25,2019-03-27,2019-03-27,1,0,,0.003508351278,0.01092424577,0.02182030204,0,temporal_sigmoid
xgboost,S1,2019,2019-03-25,2019-03-19,2019-03-25,2019-03-26,2019-03-28,2019-03-28,1,0,,0.008954493329,0.01745176683,0.02182030204,0,temporal_sigmoid
xgboost,S1,2019,2019-03-26,2019-03-20,2019-03-26,2019-03-27,2019-03-29,2019-03-29,1,0,,0.009002088569,0.01749806184,0.02182030204,0,temporal_sigmoid
xgboost,S1,2019,2019-03-27,2019-03-21,2019-03-27,2019-03-28,2019-03-30,2019-03-30,1,0,,0.0005559245474,0.004338390389,0.02182030204,0,temporal_sigmoid
xgboost,S1,2019,2019-03-28,2019-03-22,2019-03-28,2019-03-29,2019-03-31,2019-03-31,1,0,,0.005663366057,0.01388024268,0.02182030204,0,temporal_sigmoid
xgboost,S1,2019,2019-03-29,2019-03-23,2019-03-29,2019-03-30,2019-04-01,2019-04-01,1,0,,0.0006827003672,0.004809730216,0.02182030204,0,temporal_sigmoid
xgboost,S1,2019,2019-03-30,2019-03-24,2019-03-30,2019-03-31,2019-04-02,2019-04-02,1,0,,0.001467768103,0.007061138298,0.02182030204,0,temporal_sigmoid
xgboost,S1,2019,2019-03-31,2019-03-25,2019-03-31,2019-04-01,2019-04-03,2019-04-03,1,0,,0.0004636558297,0.003960432729,0.02182030204,0,temporal_sigmoid
xgboost,S1,2019,2019-04-01,2019-03-26,2019-04-01,2019-04-02,2019-04-04,2019-04-04,1,0,,9.376136586e-05,0.001772986466,0.02182030204,0,temporal_sigmoid
xgboost,S1,2019,2019-04-02,2019-03-27,2019-04-02,2019-04-03,2019-04-05,2019-04-05,1,0,,0.000111202673,0.001931910733,0.02182030204,0,temporal_sigmoid
xgboost,S1,2019,2019-04-03,2019-03-28,2019-04-03,2019-04-04,2019-04-06,2019-04-06,1,0,,0.000111202673,0.001931910733,0.02182030204,0,temporal_sigmoid
xgboost,S1,2019,2019-04-04,2019-03-29,2019-04-04,2019-04-05,2019-04-07,2019-04-07,1,0,,9.144480282e-05,0.001750805609,0.02182030204,0,temporal_sigmoid
xgboost,S1,2019,2019-04-05,2019-03-30,2019-04-05,2019-04-06,2019-04-08,2019-04-08,1,0,,0.0002243220224,0.002749625738,0.02182030204,0,temporal_sigmoid
xgboost,S1,2019,2019-04-06,2019-03-31,2019-04-06,2019-04-07,2019-04-09,2019-04-09,1,0,,0.0008095488301,0.00523924227,0.02182030204,0,temporal_sigmoid
xgboost,S1,2019,2019-04-07,2019-04-01,2019-04-07,2019-04-08,2019-04-10,2019-04-10,1,0,,0.002531373641,0.009277893334,0.02182030204,0,temporal_sigmoid
xgboost,S1,2019,2019-04-08,2019-04-02,2019-04-08,2019-04-09,2019-04-11,2019-04-11,1,0,,0.003735522972,0.01127258138,0.02182030204,0,temporal_sigmoid
xgboost,S1,2019,2019-04-09,2019-04-03,2019-04-09,2019-04-10,2019-04-12,2019-04-12,1,0,,0.0004710794019,0.003992157651,0.02182030204,0,temporal_sigmoid
xgboost,S1,2019,2019-04-10,2019-04-04,2019-04-10,2019-04-11,2019-04-13,2019-04-13,1,0,,0.0004710794019,0.003992157651,0.02182030204,0,temporal_sigmoid
xgboost,S1,2019,2019-04-11,2019-04-05,2019-04-11,2019-04-12,2019-04-14,2019-04-14,1,0,,0.001030803658,0.005914462241,0.02182030204,0,temporal_sigmoid
xgboost,S1,2019,2019-04-12,2019-04-06,2019-04-12,2019-04-13,2019-04-15,2019-04-15,1,0,,0.0009176185122,0.005579233911,0.02182030204,0,temporal_sigmoid
xgboost,S1,2019,2019-04-13,2019-04-07,2019-04-13,2019-04-14,2019-04-16,2019-04-16,1,0,,0.0006617709296,0.004735136084,0.02182030204,0,temporal_sigmoid
xgboost,S1,2019,2019-04-14,2019-04-08,2019-04-14,2019-04-15,2019-04-17,2019-04-17,1,0,,0.0003560977639,0.003468598897,0.02182030204,0,temporal_sigmoid
xgboost,S1,2019,2019-04-15,2019-04-09,2019-04-15,2019-04-16,2019-04-18,2019-04-18,1,0,,0.0004187002778,0.003762639952,0.02182030204,0,temporal_sigmoid
xgboost,S1,2019,2019-04-16,2019-04-10,2019-04-16,2019-04-17,2019-04-19,2019-04-19,1,0,,0.005528753158,0.0137143203,0.02182030204,0,temporal_sigmoid
xgboost,S1,2019,2019-04-17,2019-04-11,2019-04-17,2019-04-18,2019-04-20,2019-04-20,1,0,,0.06940381229,0.048950152,0.02182030204,1,temporal_sigmoid
xgboost,S1,2019,2019-04-18,2019-04-12,2019-04-18,2019-04-19,2019-04-21,2019-04-21,1,0,,0.00104323891,0.005950144209,0.02182030204,0,temporal_sigmoid
xgboost,S1,2019,2019-04-19,2019-04-13,2019-04-19,2019-04-20,2019-04-22,2019-04-22,1,0,,0.00213196245,0.008513439877,0.02182030204,0,temporal_sigmoid
xgboost,S1,2019,2019-04-20,2019-04-14,2019-04-20,2019-04-21,2019-04-23,2019-04-23,1,0,,0.002104331041,0.008457996695,0.02182030204,0,temporal_sigmoid
xgboost,S1,2019,2019-04-21,2019-04-15,2019-04-21,2019-04-22,2019-04-24,2019-04-24,1,0,,0.007758406922,0.01624504598,0.02182030204,0,temporal_sigmoid
xgboost,S1,2019,2019-04-22,2019-04-16,2019-04-22,2019-04-23,2019-04-25,2019-04-25,1,0,,0.0005779755302,0.004423964513,0.02182030204,0,temporal_sigmoid
xgboost,S1,2019,2019-04-23,2019-04-17,2019-04-23,2019-04-24,2019-04-26,2019-04-26,1,0,,0.002357098274,0.008952380535,0.02182030204,0,temporal_sigmoid
xgboost,S1,2019,2019-04-24,2019-04-18,2019-04-24,2019-04-25,2019-04-27,2019-04-27,1,0,,0.707534492,0.2291790246,0.02182030204,1,temporal_sigmoid
xgboost,S1,2019,2019-04-25,2019-04-19,2019-04-25,2019-04-26,2019-04-28,2019-04-28,1,0,,0.3866775632,0.1311542965,0.02182030204,1,temporal_sigmoid
xgboost,S1,2019,2019-04-26,2019-04-20,2019-04-26,2019-04-27,2019-04-29,2019-04-29,1,0,,0.217907697,0.09092332891,0.02182030204,1,temporal_sigmoid
xgboost,S1,2019,2019-04-27,2019-04-21,2019-04-27,2019-04-28,2019-04-30,2019-04-30,1,0,,0.2373462915,0.09563844973,0.02182030204,1,temporal_sigmoid
xgboost,S1,2019,2019-04-28,2019-04-22,2019-04-28,2019-04-29,2019-05-01,2019-05-01,1,0,,0.5104449987,0.1628461062,0.02182030204,1,temporal_sigmoid
xgboost,S1,2019,2019-04-29,2019-04-23,2019-04-29,2019-04-30,2019-05-02,2019-05-02,1,0,,0.7491839528,0.2484898449,0.02182030204,1,temporal_sigmoid
xgboost,S1,2019,2019-04-30,2019-04-24,2019-04-30,2019-05-01,2019-05-03,2019-05-03,1,0,,0.9202238917,0.3951717863,0.02182030204,1,temporal_sigmoid
xgboost,S1,2019,2019-05-01,2019-04-25,2019-05-01,2019-05-02,2019-05-04,2019-05-04,1,0,,0.878395617,0.3403888457,0.02182030204,1,temporal_sigmoid
xgboost,S1,2019,2019-05-02,2019-04-26,2019-05-02,2019-05-03,2019-05-05,2019-05-05,1,0,,0.6174588203,0.1951432903,0.02182030204,1,temporal_sigmoid
xgboost,S1,2019,2019-05-03,2019-04-27,2019-05-03,2019-05-04,2019-05-06,2019-05-06,1,0,,0.000788486388,0.00517038571,0.02182030204,0,temporal_sigmoid
xgboost,S1,2019,2019-05-04,2019-04-28,2019-05-04,2019-05-05,2019-05-07,2019-05-07,1,0,,0.004505947232,0.0123809547,0.02182030204,0,temporal_sigmoid
xgboost,S1,2019,2019-05-05,2019-04-29,2019-05-05,2019-05-06,2019-05-08,2019-05-08,1,0,,0.002011722187,0.008269461861,0.02182030204,0,temporal_sigmoid
xgboost,S1,2019,2019-05-06,2019-04-30,2019-05-06,2019-05-07,2019-05-09,2019-05-09,1,0,,0.02588025481,0.02968304519,0.02182030204,1,temporal_sigmoid
xgboost,S1,2019,2019-05-07,2019-05-01,2019-05-07,2019-05-08,2019-05-10,2019-05-10,1,0,,0.1381074488,0.07035419354,0.02182030204,1,temporal_sigmoid
xgboost,S1,2019,2019-05-08,2019-05-02,2019-05-08,2019-05-09,2019-05-11,2019-05-11,1,0,,0.2115724683,0.08937001093,0.02182030204,1,temporal_sigmoid
xgboost,S1,2019,2019-05-09,2019-05-03,2019-05-09,2019-05-10,2019-05-12,2019-05-12,1,0,,0.1108375043,0.06251228255,0.02182030204,1,temporal_sigmoid
xgboost,S1,2019,2019-05-10,2019-05-04,2019-05-10,2019-05-11,2019-05-13,2019-05-13,1,0,,0.5996767282,0.189300364,0.02182030204,1,temporal_sigmoid
xgboost,S1,2019,2019-05-11,2019-05-05,2019-05-11,2019-05-12,2019-05-14,2019-05-14,1,0,,0.8282407522,0.2962410736,0.02182030204,1,temporal_sigmoid
xgboost,S1,2019,2019-05-12,2019-05-06,2019-05-12,2019-05-13,2019-05-15,2019-05-15,1,0,,0.6552505493,0.2084071277,0.02182030204,1,temporal_sigmoid
xgboost,S1,2019,2019-05-13,2019-05-07,2019-05-13,2019-05-14,2019-05-16,2019-05-16,1,0,,0.02901076898,0.03143582817,0.02182030204,1,temporal_sigmoid
xgboost,S1,2019,2019-05-14,2019-05-08,2019-05-14,2019-05-15,2019-05-17,2019-05-17,1,0,,0.001272423309,0.00657324889,0.02182030204,0,temporal_sigmoid
xgboost,S1,2019,2019-05-15,2019-05-09,2019-05-15,2019-05-16,2019-05-18,2019-05-18,1,0,,0.001192496507,0.006362864746,0.02182030204,0,temporal_sigmoid
xgboost,S1,2019,2019-05-16,2019-05-10,2019-05-16,2019-05-17,2019-05-19,2019-05-19,1,0,,0.0002609961375,0.002967122055,0.02182030204,0,temporal_sigmoid
xgboost,S1,2019,2019-05-17,2019-05-11,2019-05-17,2019-05-18,2019-05-20,2019-05-20,1,0,,0.005628156476,0.01383703647,0.02182030204,0,temporal_sigmoid
xgboost,S1,2019,2019-05-18,2019-05-12,2019-05-18,2019-05-19,2019-05-21,2019-05-21,1,0,,0.3239985406,0.1161931834,0.02182030204,1,temporal_sigmoid
xgboost,S1,2019,2019-05-19,2019-05-13,2019-05-19,2019-05-20,2019-05-22,2019-05-22,1,0,,0.001897504204,0.008030837067,0.02182030204,0,temporal_sigmoid
xgboost,S1,2019,2019-05-20,2019-05-14,2019-05-20,2019-05-21,2019-05-23,2019-05-23,1,0,,0.04999637604,0.04138791235,0.02182030204,1,temporal_sigmoid
xgboost,S1,2019,2019-05-21,2019-05-15,2019-05-21,2019-05-22,2019-05-24,2019-05-24,1,0,,0.02297165804,0.02795940323,0.02182030204,1,temporal_sigmoid
xgboost,S1,2019,2019-05-22,2019-05-16,2019-05-22,2019-05-23,2019-05-25,2019-05-25,1,0,,0.02716536075,0.0304143855,0.02182030204,1,temporal_sigmoid
xgboost,S1,2019,2019-05-23,2019-05-17,2019-05-23,2019-05-24,2019-05-26,2019-05-26,1,0,,0.0005601894227,0.004355071723,0.02182030204,0,temporal_sigmoid
xgboost,S1,2019,2019-05-24,2019-05-18,2019-05-24,2019-05-25,2019-05-27,2019-05-27,1,0,,0.0003539570316,0.003458105075,0.02182030204,0,temporal_sigmoid
xgboost,S1,2019,2019-05-25,2019-05-19,2019-05-25,2019-05-26,2019-05-28,2019-05-28,1,0,,0.0001838872849,0.002488097859,0.02182030204,0,temporal_sigmoid
xgboost,S1,2019,2019-05-26,2019-05-20,2019-05-26,2019-05-27,2019-05-29,2019-05-29,1,0,,0.004148201086,0.01187918958,0.02182030204,0,temporal_sigmoid
xgboost,S1,2019,2019-05-27,2019-05-21,2019-05-27,2019-05-28,2019-05-30,2019-05-30,1,0,,0.007156569045,0.01560253982,0.02182030204,0,temporal_sigmoid
xgboost,S1,2019,2019-05-28,2019-05-22,2019-05-28,2019-05-29,2019-05-31,2019-05-31,1,0,,0.09043831378,0.05615744909,0.02182030204,1,temporal_sigmoid
xgboost,S1,2019,2019-05-29,2019-05-23,2019-05-29,2019-05-30,2019-06-01,2019-06-01,1,0,,0.05327278376,0.04274733521,0.02182030204,1,temporal_sigmoid
xgboost,S1,2019,2019-05-30,2019-05-24,2019-05-30,2019-05-31,2019-06-02,2019-06-02,1,0,,0.07264485955,0.05011600897,0.02182030204,1,temporal_sigmoid
xgboost,S1,2019,2019-05-31,2019-05-25,2019-05-31,2019-06-01,2019-06-03,2019-06-03,1,0,,0.02444791608,0.0288467596,0.02182030204,1,temporal_sigmoid
xgboost,S1,2019,2019-06-01,2019-05-26,2019-06-01,2019-06-02,2019-06-04,2019-06-04,1,0,,0.0003730588942,0.003550653503,0.02182030204,0,temporal_sigmoid
xgboost,S1,2019,2019-06-02,2019-05-27,2019-06-02,2019-06-03,2019-06-05,2019-06-05,1,0,,0.0008747089305,0.005446771144,0.02182030204,0,temporal_sigmoid
xgboost,S1,2019,2019-06-03,2019-05-28,2019-06-03,2019-06-04,2019-06-06,2019-06-06,1,0,,0.0008648920921,0.005416012491,0.02182030204,0,temporal_sigmoid
xgboost,S1,2019,2019-06-04,2019-05-29,2019-06-04,2019-06-05,2019-06-07,2019-06-07,1,0,,0.0004364396445,0.00384189733,0.02182030204,0,temporal_sigmoid
xgboost,S1,2019,2019-06-05,2019-05-30,2019-06-05,2019-06-06,2019-06-08,2019-06-08,1,0,,0.0002119498095,0.002672298131,0.02182030204,0,temporal_sigmoid
xgboost,S1,2019,2019-06-06,2019-05-31,2019-06-06,2019-06-07,2019-06-09,2019-06-09,1,0,,0.0002744319208,0.00304294607,0.02182030204,0,temporal_sigmoid
xgboost,S1,2019,2019-06-07,2019-06-01,2019-06-07,2019-06-08,2019-06-10,2019-06-10,1,0,,0.0006991918781,0.004867705613,0.02182030204,0,temporal_sigmoid
xgboost,S1,2019,2019-06-08,2019-06-02,2019-06-08,2019-06-09,2019-06-11,2019-06-11,1,0,,0.0003439699358,0.00340872478,0.02182030204,0,temporal_sigmoid
xgboost,S1,2019,2019-06-09,2019-06-03,2019-06-09,2019-06-10,2019-06-12,2019-06-12,1,0,,0.0002119223209,0.002672123855,0.02182030204,0,temporal_sigmoid
xgboost,S1,2019,2019-06-10,2019-06-04,2019-06-10,2019-06-11,2019-06-13,2019-06-13,1,0,,0.00112935307,0.006191614637,0.02182030204,0,temporal_sigmoid
xgboost,S1,2019,2019-06-11,2019-06-05,2019-06-11,2019-06-12,2019-06-14,2019-06-14,1,0,,0.006853273604,0.01526848364,0.02182030204,0,temporal_sigmoid
xgboost,S1,2019,2019-06-12,2019-06-06,2019-06-12,2019-06-13,2019-06-15,2019-06-15,1,0,,0.01378383487,0.02165085787,0.02182030204,0,temporal_sigmoid
xgboost,S1,2019,2019-06-13,2019-06-07,2019-06-13,2019-06-14,2019-06-16,2019-06-16,1,0,,0.01766570099,0.02451235463,0.02182030204,1,temporal_sigmoid
xgboost,S1,2019,2019-06-14,2019-06-08,2019-06-14,2019-06-15,2019-06-17,2019-06-17,1,0,,0.002651954535,0.009496576418,0.02182030204,0,temporal_sigmoid
xgboost,S1,2019,2019-06-15,2019-06-09,2019-06-15,2019-06-16,2019-06-18,2019-06-18,1,0,,0.0004888616968,0.004067150726,0.02182030204,0,temporal_sigmoid
xgboost,S1,2019,2019-06-16,2019-06-10,2019-06-16,2019-06-17,2019-06-19,2019-06-19,1,0,,0.002912423573,0.009952541153,0.02182030204,0,temporal_sigmoid
xgboost,S1,2019,2019-06-17,2019-06-11,2019-06-17,2019-06-18,2019-06-20,2019-06-20,1,0,,0.000636919227,0.004645014542,0.02182030204,0,temporal_sigmoid
xgboost,S1,2019,2019-06-18,2019-06-12,2019-06-18,2019-06-19,2019-06-21,2019-06-21,1,0,,0.002212928375,0.008673857829,0.02182030204,0,temporal_sigmoid
xgboost,S1,2019,2019-06-19,2019-06-13,2019-06-19,2019-06-20,2019-06-22,2019-06-22,1,0,,0.006420390215,0.01477858836,0.02182030204,0,temporal_sigmoid
xgboost,S1,2019,2019-06-20,2019-06-14,2019-06-20,2019-06-21,2019-06-23,2019-06-23,1,0,,0.001807477442,0.007837632019,0.02182030204,0,temporal_sigmoid
xgboost,S1,2019,2019-06-21,2019-06-15,2019-06-21,2019-06-22,2019-06-24,2019-06-24,1,0,,0.001365930424,0.006811147502,0.02182030204,0,temporal_sigmoid
xgboost,S1,2019,2019-06-22,2019-06-16,2019-06-22,2019-06-23,2019-06-25,2019-06-25,1,0,,0.0008528582985,0.005378068371,0.02182030204,0,temporal_sigmoid
xgboost,S1,2019,2019-06-23,2019-06-17,2019-06-23,2019-06-24,2019-06-26,2019-06-26,1,0,,0.03491277993,0.03450798132,0.02182030204,1,temporal_sigmoid
xgboost,S1,2019,2019-06-24,2019-06-18,2019-06-24,2019-06-25,2019-06-27,2019-06-27,1,0,,0.04995991662,0.04137255828,0.02182030204,1,temporal_sigmoid
xgboost,S1,2019,2019-06-25,2019-06-19,2019-06-25,2019-06-26,2019-06-28,2019-06-28,1,0,,0.07305122912,0.05026057996,0.02182030204,1,temporal_sigmoid
xgboost,S1,2019,2019-06-26,2019-06-20,2019-06-26,2019-06-27,2019-06-29,2019-06-29,1,0,,0.01034853607,0.01876044846,0.02182030204,0,temporal_sigmoid
xgboost,S1,2019,2019-06-27,2019-06-21,2019-06-27,2019-06-28,2019-06-30,2019-06-30,1,0,,0.002464828314,0.009154967628,0.02182030204,0,temporal_sigmoid
xgboost,S1,2020,2020-02-29,2020-02-23,2020-02-29,2020-03-01,2020-03-03,2020-03-03,1,0,,0.007050422952,0.007639733431,0.02434303376,0,temporal_sigmoid
xgboost,S1,2020,2020-03-01,2020-02-24,2020-03-01,2020-03-02,2020-03-04,2020-03-04,1,0,,0.007050422952,0.007639733431,0.02434303376,0,temporal_sigmoid
xgboost,S1,2020,2020-03-02,2020-02-25,2020-03-02,2020-03-03,2020-03-05,2020-03-05,1,0,,0.007050422952,0.007639733431,0.02434303376,0,temporal_sigmoid
xgboost,S1,2020,2020-03-03,2020-02-26,2020-03-03,2020-03-04,2020-03-06,2020-03-06,1,0,,0.007050422952,0.007639733431,0.02434303376,0,temporal_sigmoid
xgboost,S1,2020,2020-03-04,2020-02-27,2020-03-04,2020-03-05,2020-03-07,2020-03-07,1,0,,0.007050422952,0.007639733431,0.02434303376,0,temporal_sigmoid
xgboost,S1,2020,2020-03-05,2020-02-28,2020-03-05,2020-03-06,2020-03-08,2020-03-08,1,0,,0.007050422952,0.007639733431,0.02434303376,0,temporal_sigmoid
xgboost,S1,2020,2020-03-06,2020-02-29,2020-03-06,2020-03-07,2020-03-09,2020-03-09,1,0,,0.007050422952,0.007639733431,0.02434303376,0,temporal_sigmoid
xgboost,S1,2020,2020-03-07,2020-03-01,2020-03-07,2020-03-08,2020-03-10,2020-03-10,1,0,,0.007050422952,0.007639733431,0.02434303376,0,temporal_sigmoid
xgboost,S1,2020,2020-03-08,2020-03-02,2020-03-08,2020-03-09,2020-03-11,2020-03-11,1,0,,0.007050422952,0.007639733431,0.02434303376,0,temporal_sigmoid
xgboost,S1,2020,2020-03-09,2020-03-03,2020-03-09,2020-03-10,2020-03-12,2020-03-12,1,0,,0.007050422952,0.007639733431,0.02434303376,0,temporal_sigmoid
xgboost,S1,2020,2020-03-10,2020-03-04,2020-03-10,2020-03-11,2020-03-13,2020-03-13,1,0,,0.007050422952,0.007639733431,0.02434303376,0,temporal_sigmoid
xgboost,S1,2020,2020-03-11,2020-03-05,2020-03-11,2020-03-12,2020-03-14,2020-03-14,1,0,,0.007050422952,0.007639733431,0.02434303376,0,temporal_sigmoid
xgboost,S1,2020,2020-03-12,2020-03-06,2020-03-12,2020-03-13,2020-03-15,2020-03-15,1,0,,0.007050422952,0.007639733431,0.02434303376,0,temporal_sigmoid
xgboost,S1,2020,2020-03-13,2020-03-07,2020-03-13,2020-03-14,2020-03-16,2020-03-16,1,0,,0.007050422952,0.007639733431,0.02434303376,0,temporal_sigmoid
xgboost,S1,2020,2020-03-14,2020-03-08,2020-03-14,2020-03-15,2020-03-17,2020-03-17,1,0,,0.007050422952,0.007639733431,0.02434303376,0,temporal_sigmoid
xgboost,S1,2020,2020-03-15,2020-03-09,2020-03-15,2020-03-16,2020-03-18,2020-03-18,1,0,,0.007050422952,0.007639733431,0.02434303376,0,temporal_sigmoid
xgboost,S1,2020,2020-03-16,2020-03-10,2020-03-16,2020-03-17,2020-03-19,2020-03-19,1,0,,0.007050422952,0.007639733431,0.02434303376,0,temporal_sigmoid
xgboost,S1,2020,2020-03-17,2020-03-11,2020-03-17,2020-03-18,2020-03-20,2020-03-20,1,0,,0.006881072186,0.007535322724,0.02434303376,0,temporal_sigmoid
xgboost,S1,2020,2020-03-18,2020-03-12,2020-03-18,2020-03-19,2020-03-21,2020-03-21,1,0,,0.006057447288,0.007010851188,0.02434303376,0,temporal_sigmoid
xgboost,S1,2020,2020-03-19,2020-03-13,2020-03-19,2020-03-20,2020-03-22,2020-03-22,1,0,,0.006057447288,0.007010851188,0.02434303376,0,temporal_sigmoid
xgboost,S1,2020,2020-03-20,2020-03-14,2020-03-20,2020-03-21,2020-03-23,2020-03-23,1,0,,0.007046417799,0.007637276684,0.02434303376,0,temporal_sigmoid
xgboost,S1,2020,2020-03-21,2020-03-15,2020-03-21,2020-03-22,2020-03-24,2020-03-24,1,0,,0.007046417799,0.007637276684,0.02434303376,0,temporal_sigmoid
xgboost,S1,2020,2020-03-22,2020-03-16,2020-03-22,2020-03-23,2020-03-25,2020-03-25,1,0,,0.006019982509,0.006986284194,0.02434303376,0,temporal_sigmoid
xgboost,S1,2020,2020-03-23,2020-03-17,2020-03-23,2020-03-24,2020-03-26,2020-03-26,1,0,,0.006019982509,0.006986284194,0.02434303376,0,temporal_sigmoid
xgboost,S1,2020,2020-03-24,2020-03-18,2020-03-24,2020-03-25,2020-03-27,2020-03-27,1,0,,0.006019982509,0.006986284194,0.02434303376,0,temporal_sigmoid
xgboost,S1,2020,2020-03-25,2020-03-19,2020-03-25,2020-03-26,2020-03-28,2020-03-28,1,0,,0.006881072186,0.007535322724,0.02434303376,0,temporal_sigmoid
xgboost,S1,2020,2020-03-26,2020-03-20,2020-03-26,2020-03-27,2020-03-29,2020-03-29,1,0,,0.006881072186,0.007535322724,0.02434303376,0,temporal_sigmoid
xgboost,S1,2020,2020-03-27,2020-03-21,2020-03-27,2020-03-28,2020-03-30,2020-03-30,1,0,,0.05113255978,0.02368641689,0.02434303376,0,temporal_sigmoid
xgboost,S1,2020,2020-03-28,2020-03-22,2020-03-28,2020-03-29,2020-03-31,2020-03-31,1,0,,0.07422123104,0.02948648033,0.02434303376,1,temporal_sigmoid
xgboost,S1,2020,2020-03-29,2020-03-23,2020-03-29,2020-03-30,2020-04-01,2020-04-01,1,0,,0.01585548557,0.01209618443,0.02434303376,0,temporal_sigmoid
xgboost,S1,2020,2020-03-30,2020-03-24,2020-03-30,2020-03-31,2020-04-02,2020-04-02,1,0,,0.02054130659,0.01401721978,0.02434303376,0,temporal_sigmoid
xgboost,S1,2020,2020-03-31,2020-03-25,2020-03-31,2020-04-01,2020-04-03,2020-04-03,1,0,,0.06919973344,0.02828773162,0.02434303376,1,temporal_sigmoid
xgboost,S1,2020,2020-04-01,2020-03-26,2020-04-01,2020-04-02,2020-04-04,2020-04-04,1,0,,0.0416979976,0.02104129808,0.02434303376,0,temporal_sigmoid
xgboost,S1,2020,2020-04-02,2020-03-27,2020-04-02,2020-04-03,2020-04-05,2020-04-05,1,0,,0.2214682102,0.05859961251,0.02434303376,1,temporal_sigmoid
xgboost,S1,2020,2020-04-03,2020-03-28,2020-04-03,2020-04-04,2020-04-06,2020-04-06,1,0,,0.04406432062,0.02172469845,0.02434303376,0,temporal_sigmoid
xgboost,S1,2020,2020-04-04,2020-03-29,2020-04-04,2020-04-05,2020-04-07,2020-04-07,1,0,,0.03233946115,0.01817346699,0.02434303376,0,temporal_sigmoid
xgboost,S1,2020,2020-04-05,2020-03-30,2020-04-05,2020-04-06,2020-04-08,2020-04-08,1,0,,0.0324203074,0.01819956102,0.02434303376,0,temporal_sigmoid
xgboost,S1,2020,2020-04-06,2020-03-31,2020-04-06,2020-04-07,2020-04-09,2020-04-09,1,0,,0.5057611465,0.1138891975,0.02434303376,1,temporal_sigmoid
xgboost,S1,2020,2020-04-07,2020-04-01,2020-04-07,2020-04-08,2020-04-10,2020-04-10,1,0,,0.6625064015,0.156741479,0.02434303376,1,temporal_sigmoid
xgboost,S1,2020,2020-04-08,2020-04-02,2020-04-08,2020-04-09,2020-04-11,2020-04-11,1,0,,0.03779148683,0.01987889441,0.02434303376,0,temporal_sigmoid
xgboost,S1,2020,2020-04-09,2020-04-03,2020-04-09,2020-04-10,2020-04-12,2020-04-12,1,0,,0.02770095505,0.01662892455,0.02434303376,0,temporal_sigmoid
xgboost,S1,2020,2020-04-10,2020-04-04,2020-04-10,2020-04-11,2020-04-13,2020-04-13,1,0,,0.07208411396,0.02897986104,0.02434303376,1,temporal_sigmoid
xgboost,S1,2020,2020-04-11,2020-04-05,2020-04-11,2020-04-12,2020-04-14,2020-04-14,1,0,,0.05553867295,0.02485728705,0.02434303376,1,temporal_sigmoid
xgboost,S1,2020,2020-04-12,2020-04-06,2020-04-12,2020-04-13,2020-04-15,2020-04-15,1,0,,0.009025745094,0.008786516224,0.02434303376,0,temporal_sigmoid
xgboost,S1,2020,2020-04-13,2020-04-07,2020-04-13,2020-04-14,2020-04-16,2020-04-16,1,0,,0.00871860981,0.008615882222,0.02434303376,0,temporal_sigmoid
xgboost,S1,2020,2020-04-14,2020-04-08,2020-04-14,2020-04-15,2020-04-17,2020-04-17,1,0,,0.06667356193,0.02767318384,0.02434303376,1,temporal_sigmoid
xgboost,S1,2020,2020-04-15,2020-04-09,2020-04-15,2020-04-16,2020-04-18,2020-04-18,1,0,,0.01262699999,0.01062887613,0.02434303376,0,temporal_sigmoid
xgboost,S1,2020,2020-04-16,2020-04-10,2020-04-16,2020-04-17,2020-04-19,2020-04-19,1,0,,0.01262699999,0.01062887613,0.02434303376,0,temporal_sigmoid
xgboost,S1,2020,2020-04-17,2020-04-11,2020-04-17,2020-04-18,2020-04-20,2020-04-20,1,0,,0.009204146452,0.008884485498,0.02434303376,0,temporal_sigmoid
xgboost,S1,2020,2020-04-18,2020-04-12,2020-04-18,2020-04-19,2020-04-21,2020-04-21,1,0,,0.007169394288,0.007712437733,0.02434303376,0,temporal_sigmoid
xgboost,S1,2020,2020-04-19,2020-04-13,2020-04-19,2020-04-20,2020-04-22,2020-04-22,1,0,,0.00846966356,0.008475672093,0.02434303376,0,temporal_sigmoid
xgboost,S1,2020,2020-04-20,2020-04-14,2020-04-20,2020-04-21,2020-04-23,2020-04-23,1,0,,0.007169394288,0.007712437733,0.02434303376,0,temporal_sigmoid
xgboost,S1,2020,2020-04-21,2020-04-15,2020-04-21,2020-04-22,2020-04-24,2020-04-24,1,0,,0.007169394288,0.007712437733,0.02434303376,0,temporal_sigmoid
xgboost,S1,2020,2020-04-22,2020-04-16,2020-04-22,2020-04-23,2020-04-25,2020-04-25,1,0,,0.007169394288,0.007712437733,0.02434303376,0,temporal_sigmoid
xgboost,S1,2020,2020-04-23,2020-04-17,2020-04-23,2020-04-24,2020-04-26,2020-04-26,1,0,,0.007169394288,0.007712437733,0.02434303376,0,temporal_sigmoid
xgboost,S1,2020,2020-04-24,2020-04-18,2020-04-24,2020-04-25,2020-04-27,2020-04-27,1,0,,0.007169394288,0.007712437733,0.02434303376,0,temporal_sigmoid
xgboost,S1,2020,2020-04-25,2020-04-19,2020-04-25,2020-04-26,2020-04-28,2020-04-28,1,0,,0.007169394288,0.007712437733,0.02434303376,0,temporal_sigmoid
xgboost,S1,2020,2020-04-26,2020-04-20,2020-04-26,2020-04-27,2020-04-29,2020-04-29,1,0,,0.007169394288,0.007712437733,0.02434303376,0,temporal_sigmoid
xgboost,S1,2020,2020-04-27,2020-04-21,2020-04-27,2020-04-28,2020-04-30,2020-04-30,1,0,,0.007169394288,0.007712437733,0.02434303376,0,temporal_sigmoid
xgboost,S1,2020,2020-04-28,2020-04-22,2020-04-28,2020-04-29,2020-05-01,2020-05-01,1,0,,0.007169394288,0.007712437733,0.02434303376,0,temporal_sigmoid
xgboost,S1,2020,2020-04-29,2020-04-23,2020-04-29,2020-04-30,2020-05-02,2020-05-02,1,0,,0.007169394288,0.007712437733,0.02434303376,0,temporal_sigmoid
xgboost,S1,2020,2020-04-30,2020-04-24,2020-04-30,2020-05-01,2020-05-03,2020-05-03,1,0,,0.006652046461,0.007392339838,0.02434303376,0,temporal_sigmoid
xgboost,S1,2020,2020-05-01,2020-04-25,2020-05-01,2020-05-02,2020-05-04,2020-05-04,1,0,,0.006667086389,0.007401793929,0.02434303376,0,temporal_sigmoid
xgboost,S1,2020,2020-05-02,2020-04-26,2020-05-02,2020-05-03,2020-05-05,2020-05-05,1,0,,0.006667086389,0.007401793929,0.02434303376,0,temporal_sigmoid
xgboost,S1,2020,2020-05-03,2020-04-27,2020-05-03,2020-05-04,2020-05-06,2020-05-06,1,0,,0.006667086389,0.007401793929,0.02434303376,0,temporal_sigmoid
xgboost,S1,2020,2020-05-04,2020-04-28,2020-05-04,2020-05-05,2020-05-07,2020-05-07,1,0,,0.006844231393,0.007512462846,0.02434303376,0,temporal_sigmoid
xgboost,S1,2020,2020-05-05,2020-04-29,2020-05-05,2020-05-06,2020-05-08,2020-05-08,1,0,,0.006667086389,0.007401793929,0.02434303376,0,temporal_sigmoid
xgboost,S1,2020,2020-05-06,2020-04-30,2020-05-06,2020-05-07,2020-05-09,2020-05-09,1,0,,0.007226127665,0.007746924655,0.02434303376,0,temporal_sigmoid
xgboost,S1,2020,2020-05-07,2020-05-01,2020-05-07,2020-05-08,2020-05-10,2020-05-10,1,0,,0.007226127665,0.007746924655,0.02434303376,0,temporal_sigmoid
xgboost,S1,2020,2020-05-08,2020-05-02,2020-05-08,2020-05-09,2020-05-11,2020-05-11,1,0,,0.007226127665,0.007746924655,0.02434303376,0,temporal_sigmoid
xgboost,S1,2020,2020-05-09,2020-05-03,2020-05-09,2020-05-10,2020-05-12,2020-05-12,1,0,,0.03506544977,0.01903941743,0.02434303376,0,temporal_sigmoid
xgboost,S1,2020,2020-05-10,2020-05-04,2020-05-10,2020-05-11,2020-05-13,2020-05-13,1,0,,0.07337987423,0.02928764026,0.02434303376,1,temporal_sigmoid
xgboost,S1,2020,2020-05-11,2020-05-05,2020-05-11,2020-05-12,2020-05-14,2020-05-14,1,0,,0.01647555269,0.01236293919,0.02434303376,0,temporal_sigmoid
xgboost,S1,2020,2020-05-12,2020-05-06,2020-05-12,2020-05-13,2020-05-15,2020-05-15,1,0,,0.09762727469,0.03475189498,0.02434303376,1,temporal_sigmoid
xgboost,S1,2020,2020-05-13,2020-05-07,2020-05-13,2020-05-14,2020-05-16,2020-05-16,1,0,,0.02592717297,0.01601076902,0.02434303376,0,temporal_sigmoid
xgboost,S1,2020,2020-05-14,2020-05-08,2020-05-14,2020-05-15,2020-05-17,2020-05-17,1,0,,0.1804685891,0.05109359681,0.02434303376,1,temporal_sigmoid
xgboost,S1,2020,2020-05-15,2020-05-09,2020-05-15,2020-05-16,2020-05-18,2020-05-18,1,0,,0.01663964055,0.01243281789,0.02434303376,0,temporal_sigmoid
xgboost,S1,2020,2020-05-16,2020-05-10,2020-05-16,2020-05-17,2020-05-19,2020-05-19,1,0,,0.1369017065,0.04280043884,0.02434303376,1,temporal_sigmoid
xgboost,S1,2020,2020-05-17,2020-05-11,2020-05-17,2020-05-18,2020-05-20,2020-05-20,1,0,,0.08745750785,0.03252128857,0.02434303376,1,temporal_sigmoid
xgboost,S1,2020,2020-05-18,2020-05-12,2020-05-18,2020-05-19,2020-05-21,2020-05-21,1,0,,0.3489058614,0.08181150912,0.02434303376,1,temporal_sigmoid
xgboost,S1,2020,2020-05-19,2020-05-13,2020-05-19,2020-05-20,2020-05-22,2020-05-22,1,0,,0.0138743883,0.01121277829,0.02434303376,0,temporal_sigmoid
xgboost,S1,2020,2020-05-20,2020-05-14,2020-05-20,2020-05-21,2020-05-23,2020-05-23,1,0,,0.007928833365,0.008164816294,0.02434303376,0,temporal_sigmoid
xgboost,S1,2020,2020-05-21,2020-05-15,2020-05-21,2020-05-22,2020-05-24,2020-05-24,1,0,,0.007034158334,0.007629753026,0.02434303376,0,temporal_sigmoid
xgboost,S1,2020,2020-05-22,2020-05-16,2020-05-22,2020-05-23,2020-05-25,2020-05-25,1,0,,0.007034158334,0.007629753026,0.02434303376,0,temporal_sigmoid
xgboost,S1,2020,2020-05-23,2020-05-17,2020-05-23,2020-05-24,2020-05-26,2020-05-26,1,0,,0.007034158334,0.007629753026,0.02434303376,0,temporal_sigmoid
xgboost,S1,2020,2020-05-24,2020-05-18,2020-05-24,2020-05-25,2020-05-27,2020-05-27,1,0,,0.007270748261,0.007773966564,0.02434303376,0,temporal_sigmoid
xgboost,S1,2020,2020-05-25,2020-05-19,2020-05-25,2020-05-26,2020-05-28,2020-05-28,1,0,,0.007270748261,0.007773966564,0.02434303376,0,temporal_sigmoid
xgboost,S1,2020,2020-05-26,2020-05-20,2020-05-26,2020-05-27,2020-05-29,2020-05-29,1,0,,0.007034158334,0.007629753026,0.02434303376,0,temporal_sigmoid
xgboost,S1,2020,2020-05-27,2020-05-21,2020-05-27,2020-05-28,2020-05-30,2020-05-30,1,0,,0.007034158334,0.007629753026,0.02434303376,0,temporal_sigmoid
xgboost,S1,2020,2020-05-28,2020-05-22,2020-05-28,2020-05-29,2020-05-31,2020-05-31,1,0,,0.007034158334,0.007629753026,0.02434303376,0,temporal_sigmoid
xgboost,S1,2020,2020-05-29,2020-05-23,2020-05-29,2020-05-30,2020-06-01,2020-06-01,1,0,,0.007034158334,0.007629753026,0.02434303376,0,temporal_sigmoid
xgboost,S1,2020,2020-05-30,2020-05-24,2020-05-30,2020-05-31,2020-06-02,2020-06-02,1,0,,0.007034158334,0.007629753026,0.02434303376,0,temporal_sigmoid
xgboost,S1,2020,2020-05-31,2020-05-25,2020-05-31,2020-06-01,2020-06-03,2020-06-03,1,0,,0.007034158334,0.007629753026,0.02434303376,0,temporal_sigmoid
xgboost,S1,2020,2020-06-01,2020-05-26,2020-06-01,2020-06-02,2020-06-04,2020-06-04,1,0,,0.007034158334,0.007629753026,0.02434303376,0,temporal_sigmoid
xgboost,S1,2020,2020-06-02,2020-05-27,2020-06-02,2020-06-03,2020-06-05,2020-06-05,1,0,,0.02504485846,0.01569683554,0.02434303376,0,temporal_sigmoid
xgboost,S1,2020,2020-06-03,2020-05-28,2020-06-03,2020-06-04,2020-06-06,2020-06-06,1,0,,0.007034158334,0.007629753026,0.02434303376,0,temporal_sigmoid
xgboost,S1,2020,2020-06-04,2020-05-29,2020-06-04,2020-06-05,2020-06-07,2020-06-07,1,0,,0.007034158334,0.007629753026,0.02434303376,0,temporal_sigmoid
xgboost,S1,2020,2020-06-05,2020-05-30,2020-06-05,2020-06-06,2020-06-08,2020-06-08,1,0,,0.007220984902,0.007743803309,0.02434303376,0,temporal_sigmoid
xgboost,S1,2020,2020-06-06,2020-05-31,2020-06-06,2020-06-07,2020-06-09,2020-06-09,1,0,,0.007034158334,0.007629753026,0.02434303376,0,temporal_sigmoid
xgboost,S1,2020,2020-06-07,2020-06-01,2020-06-07,2020-06-08,2020-06-10,2020-06-10,1,0,,0.01045499183,0.009549775003,0.02434303376,0,temporal_sigmoid
xgboost,S1,2020,2020-06-08,2020-06-02,2020-06-08,2020-06-09,2020-06-11,2020-06-11,1,0,,0.01080538332,0.009729921816,0.02434303376,0,temporal_sigmoid
xgboost,S1,2020,2020-06-09,2020-06-03,2020-06-09,2020-06-10,2020-06-12,2020-06-12,1,0,,0.03924134374,0.02031558337,0.02434303376,0,temporal_sigmoid
xgboost,S1,2020,2020-06-10,2020-06-04,2020-06-10,2020-06-11,2020-06-13,2020-06-13,1,0,,0.0125331711,0.01058398365,0.02434303376,0,temporal_sigmoid
xgboost,S1,2020,2020-06-11,2020-06-05,2020-06-11,2020-06-12,2020-06-14,2020-06-14,1,0,,0.008504428901,0.008495357847,0.02434303376,0,temporal_sigmoid
xgboost,S1,2020,2020-06-12,2020-06-06,2020-06-12,2020-06-13,2020-06-15,2020-06-15,1,0,,0.007691609673,0.008025595781,0.02434303376,0,temporal_sigmoid
xgboost,S1,2020,2020-06-13,2020-06-07,2020-06-13,2020-06-14,2020-06-16,2020-06-16,1,0,,0.007950136438,0.008177230188,0.02434303376,0,temporal_sigmoid
xgboost,S1,2020,2020-06-14,2020-06-08,2020-06-14,2020-06-15,2020-06-17,2020-06-17,1,0,,0.007950136438,0.008177230188,0.02434303376,0,temporal_sigmoid
xgboost,S1,2020,2020-06-15,2020-06-09,2020-06-15,2020-06-16,2020-06-18,2020-06-18,1,0,,0.007950136438,0.008177230188,0.02434303376,0,temporal_sigmoid
xgboost,S1,2020,2020-06-16,2020-06-10,2020-06-16,2020-06-17,2020-06-19,2020-06-19,1,0,,0.01032570098,0.009482651899,0.02434303376,0,temporal_sigmoid
xgboost,S1,2020,2020-06-17,2020-06-11,2020-06-17,2020-06-18,2020-06-20,2020-06-20,1,0,,0.007950136438,0.008177230188,0.02434303376,0,temporal_sigmoid
xgboost,S1,2020,2020-06-18,2020-06-12,2020-06-18,2020-06-19,2020-06-21,2020-06-21,1,0,,0.007691609673,0.008025595781,0.02434303376,0,temporal_sigmoid
xgboost,S1,2020,2020-06-19,2020-06-13,2020-06-19,2020-06-20,2020-06-22,2020-06-22,1,0,,0.007691609673,0.008025595781,0.02434303376,0,temporal_sigmoid
xgboost,S1,2020,2020-06-20,2020-06-14,2020-06-20,2020-06-21,2020-06-23,2020-06-23,1,0,,0.007691609673,0.008025595781,0.02434303376,0,temporal_sigmoid
xgboost,S1,2020,2020-06-21,2020-06-15,2020-06-21,2020-06-22,2020-06-24,2020-06-24,1,0,,0.007950136438,0.008177230188,0.02434303376,0,temporal_sigmoid
xgboost,S1,2020,2020-06-22,2020-06-16,2020-06-22,2020-06-23,2020-06-25,2020-06-25,1,0,,0.007950136438,0.008177230188,0.02434303376,0,temporal_sigmoid
xgboost,S1,2020,2020-06-23,2020-06-17,2020-06-23,2020-06-24,2020-06-26,2020-06-26,1,0,,0.007950136438,0.008177230188,0.02434303376,0,temporal_sigmoid
xgboost,S1,2020,2020-06-24,2020-06-18,2020-06-24,2020-06-25,2020-06-27,2020-06-27,1,0,,0.03706986085,0.01965907968,0.02434303376,0,temporal_sigmoid
xgboost,S1,2020,2020-06-25,2020-06-19,2020-06-25,2020-06-26,2020-06-28,2020-06-28,1,0,,0.0312281251,0.01781206435,0.02434303376,0,temporal_sigmoid
xgboost,S1,2020,2020-06-26,2020-06-20,2020-06-26,2020-06-27,2020-06-29,2020-06-29,1,0,,0.01258980948,0.01061109937,0.02434303376,0,temporal_sigmoid
xgboost,S1,2020,2020-06-27,2020-06-21,2020-06-27,2020-06-28,2020-06-30,2020-06-30,1,0,,0.007744591217,0.008056847851,0.02434303376,0,temporal_sigmoid
xgboost,S1,2021,2021-02-28,2021-02-22,2021-02-28,2021-03-01,2021-03-03,2021-03-03,1,0,,0.009445284493,0.001252588544,0.01538539072,0,temporal_sigmoid
xgboost,S1,2021,2021-03-01,2021-02-23,2021-03-01,2021-03-02,2021-03-04,2021-03-04,1,0,,0.009445284493,0.001252588544,0.01538539072,0,temporal_sigmoid
xgboost,S1,2021,2021-03-02,2021-02-24,2021-03-02,2021-03-03,2021-03-05,2021-03-05,1,0,,0.009445284493,0.001252588544,0.01538539072,0,temporal_sigmoid
xgboost,S1,2021,2021-03-03,2021-02-25,2021-03-03,2021-03-04,2021-03-06,2021-03-06,1,0,,0.009649546817,0.001275476887,0.01538539072,0,temporal_sigmoid
xgboost,S1,2021,2021-03-04,2021-02-26,2021-03-04,2021-03-05,2021-03-07,2021-03-07,1,0,,0.009459829889,0.001254220768,0.01538539072,0,temporal_sigmoid
xgboost,S1,2021,2021-03-05,2021-02-27,2021-03-05,2021-03-06,2021-03-08,2021-03-08,1,0,,0.009459829889,0.001254220768,0.01538539072,0,temporal_sigmoid
xgboost,S1,2021,2021-03-06,2021-02-28,2021-03-06,2021-03-07,2021-03-09,2021-03-09,1,0,,0.01058722846,0.00137967515,0.01538539072,0,temporal_sigmoid
xgboost,S1,2021,2021-03-07,2021-03-01,2021-03-07,2021-03-08,2021-03-10,2021-03-10,1,0,,0.01058722846,0.00137967515,0.01538539072,0,temporal_sigmoid
xgboost,S1,2021,2021-03-08,2021-03-02,2021-03-08,2021-03-09,2021-03-11,2021-03-11,1,0,,0.01058722846,0.00137967515,0.01538539072,0,temporal_sigmoid
xgboost,S1,2021,2021-03-09,2021-03-03,2021-03-09,2021-03-10,2021-03-12,2021-03-12,1,0,,0.009649546817,0.001275476887,0.01538539072,0,temporal_sigmoid
xgboost,S1,2021,2021-03-10,2021-03-04,2021-03-10,2021-03-11,2021-03-13,2021-03-13,1,0,,0.009649546817,0.001275476887,0.01538539072,0,temporal_sigmoid
xgboost,S1,2021,2021-03-11,2021-03-05,2021-03-11,2021-03-12,2021-03-14,2021-03-14,1,0,,0.009649546817,0.001275476887,0.01538539072,0,temporal_sigmoid
xgboost,S1,2021,2021-03-12,2021-03-06,2021-03-12,2021-03-13,2021-03-15,2021-03-15,1,0,,0.009269502014,0.00123283389,0.01538539072,0,temporal_sigmoid
xgboost,S1,2021,2021-03-13,2021-03-07,2021-03-13,2021-03-14,2021-03-16,2021-03-16,1,0,,0.009459829889,0.001254220768,0.01538539072,0,temporal_sigmoid
xgboost,S1,2021,2021-03-14,2021-03-08,2021-03-14,2021-03-15,2021-03-17,2021-03-17,1,0,,0.009459829889,0.001254220768,0.01538539072,0,temporal_sigmoid
xgboost,S1,2021,2021-03-15,2021-03-09,2021-03-15,2021-03-16,2021-03-18,2021-03-18,1,0,,0.009459829889,0.001254220768,0.01538539072,0,temporal_sigmoid
xgboost,S1,2021,2021-03-16,2021-03-10,2021-03-16,2021-03-17,2021-03-19,2021-03-19,1,0,,0.008813453838,0.001181324721,0.01538539072,0,temporal_sigmoid
xgboost,S1,2021,2021-03-17,2021-03-11,2021-03-17,2021-03-18,2021-03-20,2021-03-20,1,0,,0.009636136703,0.001273976405,0.01538539072,0,temporal_sigmoid
xgboost,S1,2021,2021-03-18,2021-03-12,2021-03-18,2021-03-19,2021-03-21,2021-03-21,1,0,,0.01307807676,0.001650425934,0.01538539072,0,temporal_sigmoid
xgboost,S1,2021,2021-03-19,2021-03-13,2021-03-19,2021-03-20,2021-03-22,2021-03-22,1,0,,0.01921825483,0.002290356716,0.01538539072,0,temporal_sigmoid
xgboost,S1,2021,2021-03-20,2021-03-14,2021-03-20,2021-03-21,2021-03-23,2021-03-23,1,0,,0.1249761209,0.01201460173,0.01538539072,0,temporal_sigmoid
xgboost,S1,2021,2021-03-21,2021-03-15,2021-03-21,2021-03-22,2021-03-24,2021-03-24,1,0,,0.3360406458,0.03397130775,0.01538539072,1,temporal_sigmoid
xgboost,S1,2021,2021-03-22,2021-03-16,2021-03-22,2021-03-23,2021-03-25,2021-03-25,1,0,,0.5521293283,0.06910939956,0.01538539072,1,temporal_sigmoid
xgboost,S1,2021,2021-03-23,2021-03-17,2021-03-23,2021-03-24,2021-03-26,2021-03-26,1,0,,0.5353810191,0.06555153878,0.01538539072,1,temporal_sigmoid
xgboost,S1,2021,2021-03-24,2021-03-18,2021-03-24,2021-03-25,2021-03-27,2021-03-27,1,0,,0.4320948422,0.04717801038,0.01538539072,1,temporal_sigmoid
xgboost,S1,2021,2021-03-25,2021-03-19,2021-03-25,2021-03-26,2021-03-28,2021-03-28,1,0,,0.5509918332,0.06886148717,0.01538539072,1,temporal_sigmoid
xgboost,S1,2021,2021-03-26,2021-03-20,2021-03-26,2021-03-27,2021-03-29,2021-03-29,1,0,,0.3922085464,0.04133778618,0.01538539072,1,temporal_sigmoid
xgboost,S1,2021,2021-03-27,2021-03-21,2021-03-27,2021-03-28,2021-03-30,2021-03-30,1,0,,0.1460107416,0.01394545097,0.01538539072,0,temporal_sigmoid
xgboost,S1,2021,2021-03-28,2021-03-22,2021-03-28,2021-03-29,2021-03-31,2021-03-31,1,0,,0.2650233805,0.02577502213,0.01538539072,1,temporal_sigmoid
xgboost,S1,2021,2021-03-29,2021-03-23,2021-03-29,2021-03-30,2021-04-01,2021-04-01,1,0,,0.02379428595,0.002749558418,0.01538539072,0,temporal_sigmoid
xgboost,S1,2021,2021-03-30,2021-03-24,2021-03-30,2021-03-31,2021-04-02,2021-04-02,1,0,,0.3035986423,0.03009231962,0.01538539072,1,temporal_sigmoid
xgboost,S1,2021,2021-03-31,2021-03-25,2021-03-31,2021-04-01,2021-04-03,2021-04-03,1,0,,0.5931204557,0.07872647952,0.01538539072,1,temporal_sigmoid
xgboost,S1,2021,2021-04-01,2021-03-26,2021-04-01,2021-04-02,2021-04-04,2021-04-04,1,0,,0.5779146552,0.07499545528,0.01538539072,1,temporal_sigmoid
xgboost,S1,2021,2021-04-02,2021-03-27,2021-04-02,2021-04-03,2021-04-05,2021-04-05,1,0,,0.4812611043,0.05525032875,0.01538539072,1,temporal_sigmoid
xgboost,S1,2021,2021-04-03,2021-03-28,2021-04-03,2021-04-04,2021-04-06,2021-04-06,1,0,,0.4352809489,0.04766988504,0.01538539072,1,temporal_sigmoid
xgboost,S1,2021,2021-04-04,2021-03-29,2021-04-04,2021-04-05,2021-04-07,2021-04-07,1,0,,0.1111698002,0.01076171807,0.01538539072,0,temporal_sigmoid
xgboost,S1,2021,2021-04-05,2021-03-30,2021-04-05,2021-04-06,2021-04-08,2021-04-08,1,0,,0.01468834747,0.001821559535,0.01538539072,0,temporal_sigmoid
xgboost,S1,2021,2021-04-06,2021-03-31,2021-04-06,2021-04-07,2021-04-09,2021-04-09,1,0,,0.01208391227,0.001543320653,0.01538539072,0,temporal_sigmoid
xgboost,S1,2021,2021-04-07,2021-04-01,2021-04-07,2021-04-08,2021-04-10,2021-04-10,1,0,,0.05456902459,0.005652349901,0.01538539072,0,temporal_sigmoid
xgboost,S1,2021,2021-04-08,2021-04-02,2021-04-08,2021-04-09,2021-04-11,2021-04-11,1,0,,0.01316341851,0.001659565992,0.01538539072,0,temporal_sigmoid
xgboost,S1,2021,2021-04-09,2021-04-03,2021-04-09,2021-04-10,2021-04-12,2021-04-12,1,0,,0.2583803236,0.02506018893,0.01538539072,1,temporal_sigmoid
xgboost,S1,2021,2021-04-10,2021-04-04,2021-04-10,2021-04-11,2021-04-13,2021-04-13,1,0,,0.6423316002,0.09239987128,0.01538539072,1,temporal_sigmoid
xgboost,S1,2021,2021-04-11,2021-04-05,2021-04-11,2021-04-12,2021-04-14,2021-04-14,1,1,fixed36_0040,0.4864267409,0.05616355917,0.01538539072,1,temporal_sigmoid
xgboost,S1,2021,2021-04-12,2021-04-06,2021-04-12,2021-04-13,2021-04-15,2021-04-15,1,0,,0.6841094494,0.1064491284,0.01538539072,1,temporal_sigmoid
xgboost,S1,2021,2021-04-13,2021-04-07,2021-04-13,2021-04-14,2021-04-16,2021-04-16,1,0,,0.7601281404,0.1408755153,0.01538539072,1,temporal_sigmoid
xgboost,S1,2021,2021-04-14,2021-04-08,2021-04-14,2021-04-15,2021-04-17,2021-04-17,1,0,,0.7714482546,0.1474107795,0.01538539072,1,temporal_sigmoid
xgboost,S1,2021,2021-04-15,2021-04-09,2021-04-15,2021-04-16,2021-04-18,2021-04-18,1,0,,0.7577759027,0.1395744305,0.01538539072,1,temporal_sigmoid
xgboost,S1,2021,2021-04-16,2021-04-10,2021-04-16,2021-04-17,2021-04-19,2021-04-19,1,0,,0.2514740527,0.02432523462,0.01538539072,1,temporal_sigmoid
xgboost,S1,2021,2021-04-17,2021-04-11,2021-04-17,2021-04-18,2021-04-20,2021-04-20,1,0,,0.01707349531,0.002070466568,0.01538539072,0,temporal_sigmoid
xgboost,S1,2021,2021-04-18,2021-04-12,2021-04-18,2021-04-19,2021-04-21,2021-04-21,1,1,fixed36_0041,0.1269172281,0.01219155734,0.01538539072,0,temporal_sigmoid
xgboost,S1,2021,2021-04-19,2021-04-13,2021-04-19,2021-04-20,2021-04-22,2021-04-22,1,0,,0.4623104334,0.05201137467,0.01538539072,1,temporal_sigmoid
xgboost,S1,2021,2021-04-20,2021-04-14,2021-04-20,2021-04-21,2021-04-23,2021-04-23,1,0,,0.8291372061,0.1899456299,0.01538539072,1,temporal_sigmoid
xgboost,S1,2021,2021-04-21,2021-04-15,2021-04-21,2021-04-22,2021-04-24,2021-04-24,1,0,,0.7986335754,0.1652466555,0.01538539072,1,temporal_sigmoid
xgboost,S1,2021,2021-04-22,2021-04-16,2021-04-22,2021-04-23,2021-04-25,2021-04-25,1,0,,0.03781500459,0.004100278891,0.01538539072,0,temporal_sigmoid
xgboost,S1,2021,2021-04-23,2021-04-17,2021-04-23,2021-04-24,2021-04-26,2021-04-26,1,1,fixed36_0042,0.322676599,0.03234348477,0.01538539072,1,temporal_sigmoid
xgboost,S1,2021,2021-04-24,2021-04-18,2021-04-24,2021-04-25,2021-04-27,2021-04-27,1,1,fixed36_0042,0.15802899,0.01506393857,0.01538539072,0,temporal_sigmoid
xgboost,S1,2021,2021-04-25,2021-04-19,2021-04-25,2021-04-26,2021-04-28,2021-04-28,1,1,fixed36_0042,0.2695052326,0.02626179707,0.01538539072,1,temporal_sigmoid
xgboost,S1,2021,2021-04-26,2021-04-20,2021-04-26,2021-04-27,2021-04-29,2021-04-29,1,1,fixed36_0042,0.8187810779,0.1808938642,0.01538539072,1,temporal_sigmoid
xgboost,S1,2021,2021-04-27,2021-04-21,2021-04-27,2021-04-28,2021-04-30,2021-04-30,1,0,,0.830961287,0.1916211736,0.01538539072,1,temporal_sigmoid
xgboost,S1,2021,2021-04-28,2021-04-22,2021-04-28,2021-04-29,2021-05-01,2021-05-01,1,0,,0.7555242181,0.1383463483,0.01538539072,1,temporal_sigmoid
xgboost,S1,2021,2021-04-29,2021-04-23,2021-04-29,2021-04-30,2021-05-02,2021-05-02,1,0,,0.7859148979,0.1564902107,0.01538539072,1,temporal_sigmoid
xgboost,S1,2021,2021-04-30,2021-04-24,2021-04-30,2021-05-01,2021-05-03,2021-05-03,1,0,,0.7798473239,0.1525757281,0.01538539072,1,temporal_sigmoid
xgboost,S1,2021,2021-05-01,2021-04-25,2021-05-01,2021-05-02,2021-05-04,2021-05-04,1,0,,0.4251715243,0.04612279021,0.01538539072,1,temporal_sigmoid
xgboost,S1,2021,2021-05-02,2021-04-26,2021-05-02,2021-05-03,2021-05-05,2021-05-05,1,0,,0.1098013073,0.01063800306,0.01538539072,0,temporal_sigmoid
xgboost,S1,2021,2021-05-03,2021-04-27,2021-05-03,2021-05-04,2021-05-06,2021-05-06,1,0,,0.01171358116,0.001503111173,0.01538539072,0,temporal_sigmoid
xgboost,S1,2021,2021-05-04,2021-04-28,2021-05-04,2021-05-05,2021-05-07,2021-05-07,1,0,,0.009570403956,0.001266617061,0.01538539072,0,temporal_sigmoid
xgboost,S1,2021,2021-05-05,2021-04-29,2021-05-05,2021-05-06,2021-05-08,2021-05-08,1,0,,0.009570403956,0.001266617061,0.01538539072,0,temporal_sigmoid
xgboost,S1,2021,2021-05-06,2021-04-30,2021-05-06,2021-05-07,2021-05-09,2021-05-09,1,0,,0.0102714086,0.001344734721,0.01538539072,0,temporal_sigmoid
xgboost,S1,2021,2021-05-07,2021-05-01,2021-05-07,2021-05-08,2021-05-10,2021-05-10,1,0,,0.008990325965,0.001201346978,0.01538539072,0,temporal_sigmoid
xgboost,S1,2021,2021-05-08,2021-05-02,2021-05-08,2021-05-09,2021-05-11,2021-05-11,1,0,,0.008990325965,0.001201346978,0.01538539072,0,temporal_sigmoid
xgboost,S1,2021,2021-05-09,2021-05-03,2021-05-09,2021-05-10,2021-05-12,2021-05-12,1,0,,0.008990325965,0.001201346978,0.01538539072,0,temporal_sigmoid
xgboost,S1,2021,2021-05-10,2021-05-04,2021-05-10,2021-05-11,2021-05-13,2021-05-13,1,0,,0.008990325965,0.001201346978,0.01538539072,0,temporal_sigmoid
xgboost,S1,2021,2021-05-11,2021-05-05,2021-05-11,2021-05-12,2021-05-14,2021-05-14,1,0,,0.008990325965,0.001201346978,0.01538539072,0,temporal_sigmoid
xgboost,S1,2021,2021-05-12,2021-05-06,2021-05-12,2021-05-13,2021-05-15,2021-05-15,1,0,,0.009193120524,0.001224233101,0.01538539072,0,temporal_sigmoid
xgboost,S1,2021,2021-05-13,2021-05-07,2021-05-13,2021-05-14,2021-05-16,2021-05-16,1,0,,0.009658246301,0.001276450126,0.01538539072,0,temporal_sigmoid
xgboost,S1,2021,2021-05-14,2021-05-08,2021-05-14,2021-05-15,2021-05-17,2021-05-17,1,0,,0.009658246301,0.001276450126,0.01538539072,0,temporal_sigmoid
xgboost,S1,2021,2021-05-15,2021-05-09,2021-05-15,2021-05-16,2021-05-18,2021-05-18,1,0,,0.07135052979,0.007175173215,0.01538539072,0,temporal_sigmoid
xgboost,S1,2021,2021-05-16,2021-05-10,2021-05-16,2021-05-17,2021-05-19,2021-05-19,1,0,,0.05999878794,0.006147372175,0.01538539072,0,temporal_sigmoid
xgboost,S1,2021,2021-05-17,2021-05-11,2021-05-17,2021-05-18,2021-05-20,2021-05-20,1,0,,0.1833809912,0.01746854113,0.01538539072,1,temporal_sigmoid
xgboost,S1,2021,2021-05-18,2021-05-12,2021-05-18,2021-05-19,2021-05-21,2021-05-21,1,0,,0.08851762861,0.00872059014,0.01538539072,0,temporal_sigmoid
xgboost,S1,2021,2021-05-19,2021-05-13,2021-05-19,2021-05-20,2021-05-22,2021-05-22,1,0,,0.01944590174,0.00231350324,0.01538539072,0,temporal_sigmoid
xgboost,S1,2021,2021-05-20,2021-05-14,2021-05-20,2021-05-21,2021-05-23,2021-05-23,1,0,,0.01932518929,0.002301233882,0.01538539072,0,temporal_sigmoid
xgboost,S1,2021,2021-05-21,2021-05-15,2021-05-21,2021-05-22,2021-05-24,2021-05-24,1,0,,0.07950866222,0.007910246964,0.01538539072,0,temporal_sigmoid
xgboost,S1,2021,2021-05-22,2021-05-16,2021-05-22,2021-05-23,2021-05-25,2021-05-25,1,0,,0.3796750307,0.03961396583,0.01538539072,1,temporal_sigmoid
xgboost,S1,2021,2021-05-23,2021-05-17,2021-05-23,2021-05-24,2021-05-26,2021-05-26,1,0,,0.6994993091,0.1123515755,0.01538539072,1,temporal_sigmoid
xgboost,S1,2021,2021-05-24,2021-05-18,2021-05-24,2021-05-25,2021-05-27,2021-05-27,1,0,,0.4052065909,0.0431793939,0.01538539072,1,temporal_sigmoid
xgboost,S1,2021,2021-05-25,2021-05-19,2021-05-25,2021-05-26,2021-05-28,2021-05-28,1,0,,0.01410764921,0.001760158268,0.01538539072,0,temporal_sigmoid
xgboost,S1,2021,2021-05-26,2021-05-20,2021-05-26,2021-05-27,2021-05-29,2021-05-29,1,0,,0.01337035,0.001681694212,0.01538539072,0,temporal_sigmoid
xgboost,S1,2021,2021-05-27,2021-05-21,2021-05-27,2021-05-28,2021-05-30,2021-05-30,1,0,,0.01071479451,0.001393745708,0.01538539072,0,temporal_sigmoid
xgboost,S1,2021,2021-05-28,2021-05-22,2021-05-28,2021-05-29,2021-05-31,2021-05-31,1,0,,0.009813287295,0.001293773894,0.01538539072,0,temporal_sigmoid
xgboost,S1,2021,2021-05-29,2021-05-23,2021-05-29,2021-05-30,2021-06-01,2021-06-01,1,0,,0.06405312568,0.006515374687,0.01538539072,0,temporal_sigmoid
xgboost,S1,2021,2021-05-30,2021-05-24,2021-05-30,2021-05-31,2021-06-02,2021-06-02,1,0,,0.08722507954,0.008604354382,0.01538539072,0,temporal_sigmoid
xgboost,S1,2021,2021-05-31,2021-05-25,2021-05-31,2021-06-01,2021-06-03,2021-06-03,1,0,,0.01061205193,0.001382415078,0.01538539072,0,temporal_sigmoid
xgboost,S1,2021,2021-06-01,2021-05-26,2021-06-01,2021-06-02,2021-06-04,2021-06-04,1,0,,0.008813453838,0.001181324721,0.01538539072,0,temporal_sigmoid
xgboost,S1,2021,2021-06-02,2021-05-27,2021-06-02,2021-06-03,2021-06-05,2021-06-05,1,0,,0.008813453838,0.001181324721,0.01538539072,0,temporal_sigmoid
xgboost,S1,2021,2021-06-03,2021-05-28,2021-06-03,2021-06-04,2021-06-06,2021-06-06,1,0,,0.01967118122,0.002336374887,0.01538539072,0,temporal_sigmoid
xgboost,S1,2021,2021-06-04,2021-05-29,2021-06-04,2021-06-05,2021-06-07,2021-06-07,1,0,,0.04336086288,0.004619325083,0.01538539072,0,temporal_sigmoid
xgboost,S1,2021,2021-06-05,2021-05-30,2021-06-05,2021-06-06,2021-06-08,2021-06-08,1,0,,0.01140270848,0.00146921868,0.01538539072,0,temporal_sigmoid
xgboost,S1,2021,2021-06-06,2021-05-31,2021-06-06,2021-06-07,2021-06-09,2021-06-09,1,0,,0.008833583444,0.001183606372,0.01538539072,0,temporal_sigmoid
xgboost,S1,2021,2021-06-07,2021-06-01,2021-06-07,2021-06-08,2021-06-10,2021-06-10,1,0,,0.008833583444,0.001183606372,0.01538539072,0,temporal_sigmoid
xgboost,S1,2021,2021-06-08,2021-06-02,2021-06-08,2021-06-09,2021-06-11,2021-06-11,1,0,,0.008974463679,0.001199553703,0.01538539072,0,temporal_sigmoid
xgboost,S1,2021,2021-06-09,2021-06-03,2021-06-09,2021-06-10,2021-06-12,2021-06-12,1,0,,0.008974463679,0.001199553703,0.01538539072,0,temporal_sigmoid
xgboost,S1,2021,2021-06-10,2021-06-04,2021-06-10,2021-06-11,2021-06-13,2021-06-13,1,0,,0.008974463679,0.001199553703,0.01538539072,0,temporal_sigmoid
xgboost,S1,2021,2021-06-11,2021-06-05,2021-06-11,2021-06-12,2021-06-14,2021-06-14,1,0,,0.009428626858,0.001250718846,0.01538539072,0,temporal_sigmoid
xgboost,S1,2021,2021-06-12,2021-06-06,2021-06-12,2021-06-13,2021-06-15,2021-06-15,1,0,,0.009428626858,0.001250718846,0.01538539072,0,temporal_sigmoid
xgboost,S1,2021,2021-06-13,2021-06-07,2021-06-13,2021-06-14,2021-06-16,2021-06-16,1,0,,0.009030140005,0.001205846031,0.01538539072,0,temporal_sigmoid
xgboost,S1,2021,2021-06-14,2021-06-08,2021-06-14,2021-06-15,2021-06-17,2021-06-17,1,0,,0.009259440005,0.001231701469,0.01538539072,0,temporal_sigmoid
xgboost,S1,2021,2021-06-15,2021-06-09,2021-06-15,2021-06-16,2021-06-18,2021-06-18,1,0,,0.009752834216,0.001287023813,0.01538539072,0,temporal_sigmoid
xgboost,S1,2021,2021-06-16,2021-06-10,2021-06-16,2021-06-17,2021-06-19,2021-06-19,1,0,,0.009030140005,0.001205846031,0.01538539072,0,temporal_sigmoid
xgboost,S1,2021,2021-06-17,2021-06-11,2021-06-17,2021-06-18,2021-06-20,2021-06-20,1,0,,0.008813453838,0.001181324721,0.01538539072,0,temporal_sigmoid
xgboost,S1,2021,2021-06-18,2021-06-12,2021-06-18,2021-06-19,2021-06-21,2021-06-21,1,0,,0.008813453838,0.001181324721,0.01538539072,0,temporal_sigmoid
xgboost,S1,2021,2021-06-19,2021-06-13,2021-06-19,2021-06-20,2021-06-22,2021-06-22,1,0,,0.008813453838,0.001181324721,0.01538539072,0,temporal_sigmoid
xgboost,S1,2021,2021-06-20,2021-06-14,2021-06-20,2021-06-21,2021-06-23,2021-06-23,1,0,,0.00895401556,0.001197241304,0.01538539072,0,temporal_sigmoid
xgboost,S1,2021,2021-06-21,2021-06-15,2021-06-21,2021-06-22,2021-06-24,2021-06-24,1,0,,0.008974463679,0.001199553703,0.01538539072,0,temporal_sigmoid
xgboost,S1,2021,2021-06-22,2021-06-16,2021-06-22,2021-06-23,2021-06-25,2021-06-25,1,0,,0.009428626858,0.001250718846,0.01538539072,0,temporal_sigmoid
xgboost,S1,2021,2021-06-23,2021-06-17,2021-06-23,2021-06-24,2021-06-26,2021-06-26,1,0,,0.009428626858,0.001250718846,0.01538539072,0,temporal_sigmoid
xgboost,S1,2021,2021-06-24,2021-06-18,2021-06-24,2021-06-25,2021-06-27,2021-06-27,1,0,,0.009428626858,0.001250718846,0.01538539072,0,temporal_sigmoid
xgboost,S1,2021,2021-06-25,2021-06-19,2021-06-25,2021-06-26,2021-06-28,2021-06-28,1,0,,0.009667946957,0.00127753522,0.01538539072,0,temporal_sigmoid
xgboost,S1,2021,2021-06-26,2021-06-20,2021-06-26,2021-06-27,2021-06-29,2021-06-29,1,0,,0.009667946957,0.00127753522,0.01538539072,0,temporal_sigmoid
xgboost,S1,2021,2021-06-27,2021-06-21,2021-06-27,2021-06-28,2021-06-30,2021-06-30,1,0,,0.009259440005,0.001231701469,0.01538539072,0,temporal_sigmoid
xgboost,S1,2022,2022-02-28,2022-02-22,2022-02-28,2022-03-01,2022-03-03,2022-03-03,1,0,,0.00759964576,0.002221161683,0.0150736805,0,temporal_sigmoid
xgboost,S1,2022,2022-03-01,2022-02-23,2022-03-01,2022-03-02,2022-03-04,2022-03-04,1,0,,0.006917582359,0.002075532425,0.0150736805,0,temporal_sigmoid
xgboost,S1,2022,2022-03-02,2022-02-24,2022-03-02,2022-03-03,2022-03-05,2022-03-05,1,0,,0.006917582359,0.002075532425,0.0150736805,0,temporal_sigmoid
xgboost,S1,2022,2022-03-03,2022-02-25,2022-03-03,2022-03-04,2022-03-06,2022-03-06,1,0,,0.006917582359,0.002075532425,0.0150736805,0,temporal_sigmoid
xgboost,S1,2022,2022-03-04,2022-02-26,2022-03-04,2022-03-05,2022-03-07,2022-03-07,1,0,,0.008018074557,0.002308731143,0.0150736805,0,temporal_sigmoid
xgboost,S1,2022,2022-03-05,2022-02-27,2022-03-05,2022-03-06,2022-03-08,2022-03-08,1,0,,0.008018074557,0.002308731143,0.0150736805,0,temporal_sigmoid
xgboost,S1,2022,2022-03-06,2022-02-28,2022-03-06,2022-03-07,2022-03-09,2022-03-09,1,0,,0.007507098373,0.002201617645,0.0150736805,0,temporal_sigmoid
xgboost,S1,2022,2022-03-07,2022-03-01,2022-03-07,2022-03-08,2022-03-10,2022-03-10,1,0,,0.007507098373,0.002201617645,0.0150736805,0,temporal_sigmoid
xgboost,S1,2022,2022-03-08,2022-03-02,2022-03-08,2022-03-09,2022-03-11,2022-03-11,1,0,,0.007507098373,0.002201617645,0.0150736805,0,temporal_sigmoid
xgboost,S1,2022,2022-03-09,2022-03-03,2022-03-09,2022-03-10,2022-03-12,2022-03-12,1,0,,0.01161014289,0.00301674115,0.0150736805,0,temporal_sigmoid
xgboost,S1,2022,2022-03-10,2022-03-04,2022-03-10,2022-03-11,2022-03-13,2022-03-13,1,0,,0.01196143124,0.003082534598,0.0150736805,0,temporal_sigmoid
xgboost,S1,2022,2022-03-11,2022-03-05,2022-03-11,2022-03-12,2022-03-14,2022-03-14,1,0,,0.01196143124,0.003082534598,0.0150736805,0,temporal_sigmoid
xgboost,S1,2022,2022-03-12,2022-03-06,2022-03-12,2022-03-13,2022-03-15,2022-03-15,1,0,,0.01387882698,0.00343309603,0.0150736805,0,temporal_sigmoid
xgboost,S1,2022,2022-03-13,2022-03-07,2022-03-13,2022-03-14,2022-03-16,2022-03-16,1,0,,0.01283194311,0.003243406655,0.0150736805,0,temporal_sigmoid
xgboost,S1,2022,2022-03-14,2022-03-08,2022-03-14,2022-03-15,2022-03-17,2022-03-17,1,0,,0.4707322121,0.06320064291,0.0150736805,1,temporal_sigmoid
xgboost,S1,2022,2022-03-15,2022-03-09,2022-03-15,2022-03-16,2022-03-18,2022-03-18,1,0,,0.346719265,0.04450770185,0.0150736805,1,temporal_sigmoid
xgboost,S1,2022,2022-03-16,2022-03-10,2022-03-16,2022-03-17,2022-03-19,2022-03-19,1,0,,0.4712702036,0.06329242385,0.0150736805,1,temporal_sigmoid
xgboost,S1,2022,2022-03-17,2022-03-11,2022-03-17,2022-03-18,2022-03-20,2022-03-20,1,0,,0.5939545631,0.08792866213,0.0150736805,1,temporal_sigmoid
xgboost,S1,2022,2022-03-18,2022-03-12,2022-03-18,2022-03-19,2022-03-21,2022-03-21,1,0,,0.6023797393,0.08996652721,0.0150736805,1,temporal_sigmoid
xgboost,S1,2022,2022-03-19,2022-03-13,2022-03-19,2022-03-20,2022-03-22,2022-03-22,1,0,,0.7428625822,0.1357646191,0.0150736805,1,temporal_sigmoid
xgboost,S1,2022,2022-03-20,2022-03-14,2022-03-20,2022-03-21,2022-03-23,2022-03-23,1,0,,0.7060108185,0.1209444717,0.0150736805,1,temporal_sigmoid
xgboost,S1,2022,2022-03-21,2022-03-15,2022-03-21,2022-03-22,2022-03-24,2022-03-24,1,0,,0.06421130151,0.01062077192,0.0150736805,0,temporal_sigmoid
xgboost,S1,2022,2022-03-22,2022-03-16,2022-03-22,2022-03-23,2022-03-25,2022-03-25,1,0,,0.04614523053,0.008284745127,0.0150736805,0,temporal_sigmoid
xgboost,S1,2022,2022-03-23,2022-03-17,2022-03-23,2022-03-24,2022-03-26,2022-03-26,1,0,,0.8134841323,0.1743080211,0.0150736805,1,temporal_sigmoid
xgboost,S1,2022,2022-03-24,2022-03-18,2022-03-24,2022-03-25,2022-03-27,2022-03-27,1,0,,0.05237155408,0.009107444586,0.0150736805,0,temporal_sigmoid
xgboost,S1,2022,2022-03-25,2022-03-19,2022-03-25,2022-03-26,2022-03-28,2022-03-28,1,0,,0.03776656836,0.007138774841,0.0150736805,0,temporal_sigmoid
xgboost,S1,2022,2022-03-26,2022-03-20,2022-03-26,2022-03-27,2022-03-29,2022-03-29,1,0,,0.02525592782,0.005309186275,0.0150736805,0,temporal_sigmoid
xgboost,S1,2022,2022-03-27,2022-03-21,2022-03-27,2022-03-28,2022-03-30,2022-03-30,1,0,,0.02525592782,0.005309186275,0.0150736805,0,temporal_sigmoid
xgboost,S1,2022,2022-03-28,2022-03-22,2022-03-28,2022-03-29,2022-03-31,2022-03-31,1,0,,0.02525592782,0.005309186275,0.0150736805,0,temporal_sigmoid
xgboost,S1,2022,2022-03-29,2022-03-23,2022-03-29,2022-03-30,2022-04-01,2022-04-01,1,0,,0.02224875428,0.00483918502,0.0150736805,0,temporal_sigmoid
xgboost,S1,2022,2022-03-30,2022-03-24,2022-03-30,2022-03-31,2022-04-02,2022-04-02,1,0,,0.008604110219,0.002429319923,0.0150736805,0,temporal_sigmoid
xgboost,S1,2022,2022-03-31,2022-03-25,2022-03-31,2022-04-01,2022-04-03,2022-04-03,1,0,,0.2059639841,0.02711410088,0.0150736805,1,temporal_sigmoid
xgboost,S1,2022,2022-04-01,2022-03-26,2022-04-01,2022-04-02,2022-04-04,2022-04-04,1,0,,0.4286576807,0.05634800072,0.0150736805,1,temporal_sigmoid
xgboost,S1,2022,2022-04-02,2022-03-27,2022-04-02,2022-04-03,2022-04-05,2022-04-05,1,0,,0.02769131586,0.005679753077,0.0150736805,0,temporal_sigmoid
xgboost,S1,2022,2022-04-03,2022-03-28,2022-04-03,2022-04-04,2022-04-06,2022-04-06,1,0,,0.02387895994,0.005095805555,0.0150736805,0,temporal_sigmoid
xgboost,S1,2022,2022-04-04,2022-03-29,2022-04-04,2022-04-05,2022-04-07,2022-04-07,1,0,,0.01976056583,0.004438150912,0.0150736805,0,temporal_sigmoid
xgboost,S1,2022,2022-04-05,2022-03-30,2022-04-05,2022-04-06,2022-04-08,2022-04-08,1,0,,0.3168371916,0.04056981573,0.0150736805,1,temporal_sigmoid
xgboost,S1,2022,2022-04-06,2022-03-31,2022-04-06,2022-04-07,2022-04-09,2022-04-09,1,0,,0.01985061727,0.004452879798,0.0150736805,0,temporal_sigmoid
xgboost,S1,2022,2022-04-07,2022-04-01,2022-04-07,2022-04-08,2022-04-10,2022-04-10,1,0,,0.3728085756,0.04809560152,0.0150736805,1,temporal_sigmoid
xgboost,S1,2022,2022-04-08,2022-04-02,2022-04-08,2022-04-09,2022-04-11,2022-04-11,1,0,,0.3728085756,0.04809560152,0.0150736805,1,temporal_sigmoid
xgboost,S1,2022,2022-04-09,2022-04-03,2022-04-09,2022-04-10,2022-04-12,2022-04-12,1,0,,0.3728085756,0.04809560152,0.0150736805,1,temporal_sigmoid
xgboost,S1,2022,2022-04-10,2022-04-04,2022-04-10,2022-04-11,2022-04-13,2022-04-13,1,0,,0.3712786138,0.0478809538,0.0150736805,1,temporal_sigmoid
xgboost,S1,2022,2022-04-11,2022-04-05,2022-04-11,2022-04-12,2022-04-14,2022-04-14,1,0,,0.3712786138,0.0478809538,0.0150736805,1,temporal_sigmoid
xgboost,S1,2022,2022-04-12,2022-04-06,2022-04-12,2022-04-13,2022-04-15,2022-04-15,1,0,,0.03860647231,0.007256012175,0.0150736805,0,temporal_sigmoid
xgboost,S1,2022,2022-04-13,2022-04-07,2022-04-13,2022-04-14,2022-04-16,2022-04-16,1,0,,0.04025366157,0.007484292668,0.0150736805,0,temporal_sigmoid
xgboost,S1,2022,2022-04-14,2022-04-08,2022-04-14,2022-04-15,2022-04-17,2022-04-17,1,0,,0.02850899473,0.005802369713,0.0150736805,0,temporal_sigmoid
xgboost,S1,2022,2022-04-15,2022-04-09,2022-04-15,2022-04-16,2022-04-18,2022-04-18,1,0,,0.7192329764,0.1259570023,0.0150736805,1,temporal_sigmoid
xgboost,S1,2022,2022-04-16,2022-04-10,2022-04-16,2022-04-17,2022-04-19,2022-04-19,1,0,,0.7741882801,0.1508326123,0.0150736805,1,temporal_sigmoid
xgboost,S1,2022,2022-04-17,2022-04-11,2022-04-17,2022-04-18,2022-04-20,2022-04-20,1,0,,0.7912540436,0.1602912594,0.0150736805,1,temporal_sigmoid
xgboost,S1,2022,2022-04-18,2022-04-12,2022-04-18,2022-04-19,2022-04-21,2022-04-21,1,0,,0.4204867184,0.05508557968,0.0150736805,1,temporal_sigmoid
xgboost,S1,2022,2022-04-19,2022-04-13,2022-04-19,2022-04-20,2022-04-22,2022-04-22,1,0,,0.4890069962,0.06638341372,0.0150736805,1,temporal_sigmoid
xgboost,S1,2022,2022-04-20,2022-04-14,2022-04-20,2022-04-21,2022-04-23,2022-04-23,1,0,,0.01093858574,0.002889460974,0.0150736805,0,temporal_sigmoid
xgboost,S1,2022,2022-04-21,2022-04-15,2022-04-21,2022-04-22,2022-04-24,2022-04-24,1,0,,0.01093858574,0.002889460974,0.0150736805,0,temporal_sigmoid
xgboost,S1,2022,2022-04-22,2022-04-16,2022-04-22,2022-04-23,2022-04-25,2022-04-25,1,0,,0.007624142338,0.002226323954,0.0150736805,0,temporal_sigmoid
xgboost,S1,2022,2022-04-23,2022-04-17,2022-04-23,2022-04-24,2022-04-26,2022-04-26,1,0,,0.2025942206,0.02672450018,0.0150736805,1,temporal_sigmoid
xgboost,S1,2022,2022-04-24,2022-04-18,2022-04-24,2022-04-25,2022-04-27,2022-04-27,1,0,,0.6330044866,0.09788367769,0.0150736805,1,temporal_sigmoid
xgboost,S1,2022,2022-04-25,2022-04-19,2022-04-25,2022-04-26,2022-04-28,2022-04-28,1,0,,0.4718360007,0.06338907017,0.0150736805,1,temporal_sigmoid
xgboost,S1,2022,2022-04-26,2022-04-20,2022-04-26,2022-04-27,2022-04-29,2022-04-29,1,0,,0.4163089693,0.05444794345,0.0150736805,1,temporal_sigmoid
xgboost,S1,2022,2022-04-27,2022-04-21,2022-04-27,2022-04-28,2022-04-30,2022-04-30,1,0,,0.5110672116,0.07041709645,0.0150736805,1,temporal_sigmoid
xgboost,S1,2022,2022-04-28,2022-04-22,2022-04-28,2022-04-29,2022-05-01,2022-05-01,1,0,,0.623627305,0.0953690687,0.0150736805,1,temporal_sigmoid
xgboost,S1,2022,2022-04-29,2022-04-23,2022-04-29,2022-04-30,2022-05-02,2022-05-02,1,0,,0.8203793764,0.1791206802,0.0150736805,1,temporal_sigmoid
xgboost,S1,2022,2022-04-30,2022-04-24,2022-04-30,2022-05-01,2022-05-03,2022-05-03,1,0,,0.4321125448,0.05688803985,0.0150736805,1,temporal_sigmoid
xgboost,S1,2022,2022-05-01,2022-04-25,2022-05-01,2022-05-02,2022-05-04,2022-05-04,1,0,,0.01736732945,0.004040090292,0.0150736805,0,temporal_sigmoid
xgboost,S1,2022,2022-05-02,2022-04-26,2022-05-02,2022-05-03,2022-05-05,2022-05-05,1,0,,0.01481453143,0.003599467885,0.0150736805,0,temporal_sigmoid
xgboost,S1,2022,2022-05-03,2022-04-27,2022-05-03,2022-05-04,2022-05-06,2022-05-06,1,0,,0.01093858574,0.002889460974,0.0150736805,0,temporal_sigmoid
xgboost,S1,2022,2022-05-04,2022-04-28,2022-05-04,2022-05-05,2022-05-07,2022-05-07,1,0,,0.0110053001,0.002902196974,0.0150736805,0,temporal_sigmoid
xgboost,S1,2022,2022-05-05,2022-04-29,2022-05-05,2022-05-06,2022-05-08,2022-05-08,1,0,,0.007624142338,0.002226323954,0.0150736805,0,temporal_sigmoid
xgboost,S1,2022,2022-05-06,2022-04-30,2022-05-06,2022-05-07,2022-05-09,2022-05-09,1,0,,0.007507098373,0.002201617645,0.0150736805,0,temporal_sigmoid
xgboost,S1,2022,2022-05-07,2022-05-01,2022-05-07,2022-05-08,2022-05-10,2022-05-10,1,0,,0.007507098373,0.002201617645,0.0150736805,0,temporal_sigmoid
xgboost,S1,2022,2022-05-08,2022-05-02,2022-05-08,2022-05-09,2022-05-11,2022-05-11,1,0,,0.2157726288,0.02825243187,0.0150736805,1,temporal_sigmoid
xgboost,S1,2022,2022-05-09,2022-05-03,2022-05-09,2022-05-10,2022-05-12,2022-05-12,1,0,,0.007507098373,0.002201617645,0.0150736805,0,temporal_sigmoid
xgboost,S1,2022,2022-05-10,2022-05-04,2022-05-10,2022-05-11,2022-05-13,2022-05-13,1,0,,0.007507098373,0.002201617645,0.0150736805,0,temporal_sigmoid
xgboost,S1,2022,2022-05-11,2022-05-05,2022-05-11,2022-05-12,2022-05-14,2022-05-14,1,0,,0.00759964576,0.002221161683,0.0150736805,0,temporal_sigmoid
xgboost,S1,2022,2022-05-12,2022-05-06,2022-05-12,2022-05-13,2022-05-15,2022-05-15,1,0,,0.007624142338,0.002226323954,0.0150736805,0,temporal_sigmoid
xgboost,S1,2022,2022-05-13,2022-05-07,2022-05-13,2022-05-14,2022-05-16,2022-05-16,1,0,,0.00759964576,0.002221161683,0.0150736805,0,temporal_sigmoid
xgboost,S1,2022,2022-05-14,2022-05-08,2022-05-14,2022-05-15,2022-05-17,2022-05-17,1,0,,0.007507098373,0.002201617645,0.0150736805,0,temporal_sigmoid
xgboost,S1,2022,2022-05-15,2022-05-09,2022-05-15,2022-05-16,2022-05-18,2022-05-18,1,0,,0.04674029723,0.008364328924,0.0150736805,0,temporal_sigmoid
xgboost,S1,2022,2022-05-16,2022-05-10,2022-05-16,2022-05-17,2022-05-19,2022-05-19,1,0,,0.1681375504,0.02277205031,0.0150736805,1,temporal_sigmoid
xgboost,S1,2022,2022-05-17,2022-05-11,2022-05-17,2022-05-18,2022-05-20,2022-05-20,1,0,,0.01116800494,0.002933171635,0.0150736805,0,temporal_sigmoid
xgboost,S1,2022,2022-05-18,2022-05-12,2022-05-18,2022-05-19,2022-05-21,2022-05-21,1,0,,0.1125102937,0.01640136689,0.0150736805,1,temporal_sigmoid
xgboost,S1,2022,2022-05-19,2022-05-13,2022-05-19,2022-05-20,2022-05-22,2022-05-22,1,0,,0.01427829545,0.003504472549,0.0150736805,0,temporal_sigmoid
xgboost,S1,2022,2022-05-20,2022-05-14,2022-05-20,2022-05-21,2022-05-23,2022-05-23,1,0,,0.01333859563,0.003335700089,0.0150736805,0,temporal_sigmoid
xgboost,S1,2022,2022-05-21,2022-05-15,2022-05-21,2022-05-22,2022-05-24,2022-05-24,1,0,,0.01093858574,0.002889460974,0.0150736805,0,temporal_sigmoid
xgboost,S1,2022,2022-05-22,2022-05-16,2022-05-22,2022-05-23,2022-05-25,2022-05-25,1,0,,0.01093858574,0.002889460974,0.0150736805,0,temporal_sigmoid
xgboost,S1,2022,2022-05-23,2022-05-17,2022-05-23,2022-05-24,2022-05-26,2022-05-26,1,0,,0.01093858574,0.002889460974,0.0150736805,0,temporal_sigmoid
xgboost,S1,2022,2022-05-24,2022-05-18,2022-05-24,2022-05-25,2022-05-27,2022-05-27,1,0,,0.06943885237,0.01127203884,0.0150736805,0,temporal_sigmoid
xgboost,S1,2022,2022-05-25,2022-05-19,2022-05-25,2022-05-26,2022-05-28,2022-05-28,1,0,,0.01001321618,0.002710579654,0.0150736805,0,temporal_sigmoid
xgboost,S1,2022,2022-05-26,2022-05-20,2022-05-26,2022-05-27,2022-05-29,2022-05-29,1,0,,0.008776735514,0.002464411177,0.0150736805,0,temporal_sigmoid
xgboost,S1,2022,2022-05-27,2022-05-21,2022-05-27,2022-05-28,2022-05-30,2022-05-30,1,0,,0.007624142338,0.002226323954,0.0150736805,0,temporal_sigmoid
xgboost,S1,2022,2022-05-28,2022-05-22,2022-05-28,2022-05-29,2022-05-31,2022-05-31,1,0,,0.007624142338,0.002226323954,0.0150736805,0,temporal_sigmoid
xgboost,S1,2022,2022-05-29,2022-05-23,2022-05-29,2022-05-30,2022-06-01,2022-06-01,1,0,,0.007624142338,0.002226323954,0.0150736805,0,temporal_sigmoid
xgboost,S1,2022,2022-05-30,2022-05-24,2022-05-30,2022-05-31,2022-06-02,2022-06-02,1,0,,0.007624142338,0.002226323954,0.0150736805,0,temporal_sigmoid
xgboost,S1,2022,2022-05-31,2022-05-25,2022-05-31,2022-06-01,2022-06-03,2022-06-03,1,0,,0.007507098373,0.002201617645,0.0150736805,0,temporal_sigmoid
xgboost,S1,2022,2022-06-01,2022-05-26,2022-06-01,2022-06-02,2022-06-04,2022-06-04,1,0,,0.007507098373,0.002201617645,0.0150736805,0,temporal_sigmoid
xgboost,S1,2022,2022-06-02,2022-05-27,2022-06-02,2022-06-03,2022-06-05,2022-06-05,1,0,,0.007507098373,0.002201617645,0.0150736805,0,temporal_sigmoid
xgboost,S1,2022,2022-06-03,2022-05-28,2022-06-03,2022-06-04,2022-06-06,2022-06-06,1,0,,0.007884013467,0.002280813166,0.0150736805,0,temporal_sigmoid
xgboost,S1,2022,2022-06-04,2022-05-29,2022-06-04,2022-06-05,2022-06-07,2022-06-07,1,0,,0.007909645326,0.00228616088,0.0150736805,0,temporal_sigmoid
xgboost,S1,2022,2022-06-05,2022-05-30,2022-06-05,2022-06-06,2022-06-08,2022-06-08,1,0,,0.008306601085,0.002368390086,0.0150736805,0,temporal_sigmoid
xgboost,S1,2022,2022-06-06,2022-05-31,2022-06-06,2022-06-07,2022-06-09,2022-06-09,1,0,,0.007981169969,0.002301058586,0.0150736805,0,temporal_sigmoid
xgboost,S1,2022,2022-06-07,2022-06-01,2022-06-07,2022-06-08,2022-06-10,2022-06-10,1,0,,0.01064384542,0.002832942592,0.0150736805,0,temporal_sigmoid
xgboost,S1,2022,2022-06-08,2022-06-02,2022-06-08,2022-06-09,2022-06-11,2022-06-11,1,0,,0.01092446037,0.002886761728,0.0150736805,0,temporal_sigmoid
xgboost,S1,2022,2022-06-09,2022-06-03,2022-06-09,2022-06-10,2022-06-12,2022-06-12,1,0,,0.007624142338,0.002226323954,0.0150736805,0,temporal_sigmoid
xgboost,S1,2022,2022-06-10,2022-06-04,2022-06-10,2022-06-11,2022-06-13,2022-06-13,1,0,,0.007624142338,0.002226323954,0.0150736805,0,temporal_sigmoid
xgboost,S1,2022,2022-06-11,2022-06-05,2022-06-11,2022-06-12,2022-06-14,2022-06-14,1,0,,0.007624142338,0.002226323954,0.0150736805,0,temporal_sigmoid
xgboost,S1,2022,2022-06-12,2022-06-06,2022-06-12,2022-06-13,2022-06-15,2022-06-15,1,0,,0.00842042733,0.002391770532,0.0150736805,0,temporal_sigmoid
xgboost,S1,2022,2022-06-13,2022-06-07,2022-06-13,2022-06-14,2022-06-16,2022-06-16,1,0,,0.00842042733,0.002391770532,0.0150736805,0,temporal_sigmoid
xgboost,S1,2022,2022-06-14,2022-06-08,2022-06-14,2022-06-15,2022-06-17,2022-06-17,1,0,,0.008306601085,0.002368390086,0.0150736805,0,temporal_sigmoid
xgboost,S1,2022,2022-06-15,2022-06-09,2022-06-15,2022-06-16,2022-06-18,2022-06-18,1,0,,0.008306601085,0.002368390086,0.0150736805,0,temporal_sigmoid
xgboost,S1,2022,2022-06-16,2022-06-10,2022-06-16,2022-06-17,2022-06-19,2022-06-19,1,0,,0.00842042733,0.002391770532,0.0150736805,0,temporal_sigmoid
xgboost,S1,2022,2022-06-17,2022-06-11,2022-06-17,2022-06-18,2022-06-20,2022-06-20,1,0,,0.007624142338,0.002226323954,0.0150736805,0,temporal_sigmoid
xgboost,S1,2022,2022-06-18,2022-06-12,2022-06-18,2022-06-19,2022-06-21,2022-06-21,1,0,,0.007624142338,0.002226323954,0.0150736805,0,temporal_sigmoid
xgboost,S1,2022,2022-06-19,2022-06-13,2022-06-19,2022-06-20,2022-06-22,2022-06-22,1,0,,0.007624142338,0.002226323954,0.0150736805,0,temporal_sigmoid
xgboost,S1,2022,2022-06-20,2022-06-14,2022-06-20,2022-06-21,2022-06-23,2022-06-23,1,0,,0.007624142338,0.002226323954,0.0150736805,0,temporal_sigmoid
xgboost,S1,2022,2022-06-21,2022-06-15,2022-06-21,2022-06-22,2022-06-24,2022-06-24,1,0,,0.007624142338,0.002226323954,0.0150736805,0,temporal_sigmoid
xgboost,S1,2022,2022-06-22,2022-06-16,2022-06-22,2022-06-23,2022-06-25,2022-06-25,1,0,,0.00759964576,0.002221161683,0.0150736805,0,temporal_sigmoid
xgboost,S1,2022,2022-06-23,2022-06-17,2022-06-23,2022-06-24,2022-06-26,2022-06-26,1,0,,0.007507098373,0.002201617645,0.0150736805,0,temporal_sigmoid
xgboost,S1,2022,2022-06-24,2022-06-18,2022-06-24,2022-06-25,2022-06-27,2022-06-27,1,0,,0.007507098373,0.002201617645,0.0150736805,0,temporal_sigmoid
xgboost,S1,2022,2022-06-25,2022-06-19,2022-06-25,2022-06-26,2022-06-28,2022-06-28,1,0,,0.007507098373,0.002201617645,0.0150736805,0,temporal_sigmoid
xgboost,S1,2022,2022-06-26,2022-06-20,2022-06-26,2022-06-27,2022-06-29,2022-06-29,1,0,,0.008306601085,0.002368390086,0.0150736805,0,temporal_sigmoid
xgboost,S1,2022,2022-06-27,2022-06-21,2022-06-27,2022-06-28,2022-06-30,2022-06-30,1,0,,0.008306601085,0.002368390086,0.0150736805,0,temporal_sigmoid
xgboost,S1,2023,2023-02-28,2023-02-22,2023-02-28,2023-03-01,2023-03-03,2023-03-03,1,0,,0.008675682358,0.001663035681,0.01663754178,0,temporal_sigmoid
xgboost,S1,2023,2023-03-01,2023-02-23,2023-03-01,2023-03-02,2023-03-04,2023-03-04,1,0,,0.008675682358,0.001663035681,0.01663754178,0,temporal_sigmoid
xgboost,S1,2023,2023-03-02,2023-02-24,2023-03-02,2023-03-03,2023-03-05,2023-03-05,1,0,,0.008675682358,0.001663035681,0.01663754178,0,temporal_sigmoid
xgboost,S1,2023,2023-03-03,2023-02-25,2023-03-03,2023-03-04,2023-03-06,2023-03-06,1,0,,0.008675682358,0.001663035681,0.01663754178,0,temporal_sigmoid
xgboost,S1,2023,2023-03-04,2023-02-26,2023-03-04,2023-03-05,2023-03-07,2023-03-07,1,0,,0.008675682358,0.001663035681,0.01663754178,0,temporal_sigmoid
xgboost,S1,2023,2023-03-05,2023-02-27,2023-03-05,2023-03-06,2023-03-08,2023-03-08,1,0,,0.008675682358,0.001663035681,0.01663754178,0,temporal_sigmoid
xgboost,S1,2023,2023-03-06,2023-02-28,2023-03-06,2023-03-07,2023-03-09,2023-03-09,1,0,,0.008675682358,0.001663035681,0.01663754178,0,temporal_sigmoid
xgboost,S1,2023,2023-03-07,2023-03-01,2023-03-07,2023-03-08,2023-03-10,2023-03-10,1,0,,0.008675682358,0.001663035681,0.01663754178,0,temporal_sigmoid
xgboost,S1,2023,2023-03-08,2023-03-02,2023-03-08,2023-03-09,2023-03-11,2023-03-11,1,0,,0.009128133766,0.001722771569,0.01663754178,0,temporal_sigmoid
xgboost,S1,2023,2023-03-09,2023-03-03,2023-03-09,2023-03-10,2023-03-12,2023-03-12,1,0,,0.009128133766,0.001722771569,0.01663754178,0,temporal_sigmoid
xgboost,S1,2023,2023-03-10,2023-03-04,2023-03-10,2023-03-11,2023-03-13,2023-03-13,1,0,,0.00883896742,0.001684698445,0.01663754178,0,temporal_sigmoid
xgboost,S1,2023,2023-03-11,2023-03-05,2023-03-11,2023-03-12,2023-03-14,2023-03-14,1,0,,0.008770026267,0.001675566819,0.01663754178,0,temporal_sigmoid
xgboost,S1,2023,2023-03-12,2023-03-06,2023-03-12,2023-03-13,2023-03-15,2023-03-15,1,0,,0.008770026267,0.001675566819,0.01663754178,0,temporal_sigmoid
xgboost,S1,2023,2023-03-13,2023-03-07,2023-03-13,2023-03-14,2023-03-16,2023-03-16,1,0,,0.01064928528,0.001917493954,0.01663754178,0,temporal_sigmoid
xgboost,S1,2023,2023-03-14,2023-03-08,2023-03-14,2023-03-15,2023-03-17,2023-03-17,1,0,,0.01064928528,0.001917493954,0.01663754178,0,temporal_sigmoid
xgboost,S1,2023,2023-03-15,2023-03-09,2023-03-15,2023-03-16,2023-03-18,2023-03-18,1,0,,0.008770026267,0.001675566819,0.01663754178,0,temporal_sigmoid
xgboost,S1,2023,2023-03-16,2023-03-10,2023-03-16,2023-03-17,2023-03-19,2023-03-19,1,0,,0.00883896742,0.001684698445,0.01663754178,0,temporal_sigmoid
xgboost,S1,2023,2023-03-17,2023-03-11,2023-03-17,2023-03-18,2023-03-20,2023-03-20,1,0,,0.00883896742,0.001684698445,0.01663754178,0,temporal_sigmoid
xgboost,S1,2023,2023-03-18,2023-03-12,2023-03-18,2023-03-19,2023-03-21,2023-03-21,1,0,,0.00883896742,0.001684698445,0.01663754178,0,temporal_sigmoid
xgboost,S1,2023,2023-03-19,2023-03-13,2023-03-19,2023-03-20,2023-03-22,2023-03-22,1,0,,0.00883896742,0.001684698445,0.01663754178,0,temporal_sigmoid
xgboost,S1,2023,2023-03-20,2023-03-14,2023-03-20,2023-03-21,2023-03-23,2023-03-23,1,0,,0.00883896742,0.001684698445,0.01663754178,0,temporal_sigmoid
xgboost,S1,2023,2023-03-21,2023-03-15,2023-03-21,2023-03-22,2023-03-24,2023-03-24,1,0,,0.00883896742,0.001684698445,0.01663754178,0,temporal_sigmoid
xgboost,S1,2023,2023-03-22,2023-03-16,2023-03-22,2023-03-23,2023-03-25,2023-03-25,1,0,,0.008770026267,0.001675566819,0.01663754178,0,temporal_sigmoid
xgboost,S1,2023,2023-03-23,2023-03-17,2023-03-23,2023-03-24,2023-03-26,2023-03-26,1,0,,0.008056083694,0.001579697457,0.01663754178,0,temporal_sigmoid
xgboost,S1,2023,2023-03-24,2023-03-18,2023-03-24,2023-03-25,2023-03-27,2023-03-27,1,0,,0.008056083694,0.001579697457,0.01663754178,0,temporal_sigmoid
xgboost,S1,2023,2023-03-25,2023-03-19,2023-03-25,2023-03-26,2023-03-28,2023-03-28,1,0,,0.007419781759,0.001492088257,0.01663754178,0,temporal_sigmoid
xgboost,S1,2023,2023-03-26,2023-03-20,2023-03-26,2023-03-27,2023-03-29,2023-03-29,1,0,,0.007419781759,0.001492088257,0.01663754178,0,temporal_sigmoid
xgboost,S1,2023,2023-03-27,2023-03-21,2023-03-27,2023-03-28,2023-03-30,2023-03-30,1,0,,0.007419781759,0.001492088257,0.01663754178,0,temporal_sigmoid
xgboost,S1,2023,2023-03-28,2023-03-22,2023-03-28,2023-03-29,2023-03-31,2023-03-31,1,0,,0.007419781759,0.001492088257,0.01663754178,0,temporal_sigmoid
xgboost,S1,2023,2023-03-29,2023-03-23,2023-03-29,2023-03-30,2023-04-01,2023-04-01,1,0,,0.007419781759,0.001492088257,0.01663754178,0,temporal_sigmoid
xgboost,S1,2023,2023-03-30,2023-03-24,2023-03-30,2023-03-31,2023-04-02,2023-04-02,1,0,,0.007419781759,0.001492088257,0.01663754178,0,temporal_sigmoid
xgboost,S1,2023,2023-03-31,2023-03-25,2023-03-31,2023-04-01,2023-04-03,2023-04-03,1,0,,0.008550306782,0.001646319668,0.01663754178,0,temporal_sigmoid
xgboost,S1,2023,2023-04-01,2023-03-26,2023-04-01,2023-04-02,2023-04-04,2023-04-04,1,0,,0.008550306782,0.001646319668,0.01663754178,0,temporal_sigmoid
xgboost,S1,2023,2023-04-02,2023-03-27,2023-04-02,2023-04-03,2023-04-05,2023-04-05,1,0,,0.007478188258,0.001500221387,0.01663754178,0,temporal_sigmoid
xgboost,S1,2023,2023-04-03,2023-03-28,2023-04-03,2023-04-04,2023-04-06,2023-04-06,1,0,,0.007419781759,0.001492088257,0.01663754178,0,temporal_sigmoid
xgboost,S1,2023,2023-04-04,2023-03-29,2023-04-04,2023-04-05,2023-04-07,2023-04-07,1,0,,0.007419781759,0.001492088257,0.01663754178,0,temporal_sigmoid
xgboost,S1,2023,2023-04-05,2023-03-30,2023-04-05,2023-04-06,2023-04-08,2023-04-08,1,0,,0.04275364429,0.005096056935,0.01663754178,0,temporal_sigmoid
xgboost,S1,2023,2023-04-06,2023-03-31,2023-04-06,2023-04-07,2023-04-09,2023-04-09,1,0,,0.05841715261,0.006383183078,0.01663754178,0,temporal_sigmoid
xgboost,S1,2023,2023-04-07,2023-04-01,2023-04-07,2023-04-08,2023-04-10,2023-04-10,1,1,fixed36_0043,0.2785219848,0.02214388104,0.01663754178,1,temporal_sigmoid
xgboost,S1,2023,2023-04-08,2023-04-02,2023-04-08,2023-04-09,2023-04-11,2023-04-11,1,1,fixed36_0043,0.3699990809,0.02935091171,0.01663754178,1,temporal_sigmoid
xgboost,S1,2023,2023-04-09,2023-04-03,2023-04-09,2023-04-10,2023-04-12,2023-04-12,1,1,fixed36_0043,0.8345350027,0.1174586276,0.01663754178,1,temporal_sigmoid
xgboost,S1,2023,2023-04-10,2023-04-04,2023-04-10,2023-04-11,2023-04-13,2023-04-13,1,1,fixed36_0043,0.8633224964,0.134513757,0.01663754178,1,temporal_sigmoid
xgboost,S1,2023,2023-04-11,2023-04-05,2023-04-11,2023-04-12,2023-04-14,2023-04-14,1,1,fixed36_0043,0.8935092688,0.1589650176,0.01663754178,1,temporal_sigmoid
xgboost,S1,2023,2023-04-12,2023-04-06,2023-04-12,2023-04-13,2023-04-15,2023-04-15,1,1,fixed36_0043,0.782756567,0.09547965639,0.01663754178,1,temporal_sigmoid
xgboost,S1,2023,2023-04-13,2023-04-07,2023-04-13,2023-04-14,2023-04-16,2023-04-16,1,1,fixed36_0043,0.8094701767,0.1057468983,0.01663754178,1,temporal_sigmoid
xgboost,S1,2023,2023-04-14,2023-04-08,2023-04-14,2023-04-15,2023-04-17,2023-04-17,1,1,fixed36_0043,0.8116217256,0.1066634854,0.01663754178,1,temporal_sigmoid
xgboost,S1,2023,2023-04-15,2023-04-09,2023-04-15,2023-04-16,2023-04-18,2023-04-18,1,1,fixed36_0043,0.8563504815,0.129938765,0.01663754178,1,temporal_sigmoid
xgboost,S1,2023,2023-04-16,2023-04-10,2023-04-16,2023-04-17,2023-04-19,2023-04-19,1,1,fixed36_0043,0.8440384865,0.1225875313,0.01663754178,1,temporal_sigmoid
xgboost,S1,2023,2023-04-17,2023-04-11,2023-04-17,2023-04-18,2023-04-20,2023-04-20,1,1,fixed36_0043,0.8398814797,0.120290425,0.01663754178,1,temporal_sigmoid
xgboost,S1,2023,2023-04-18,2023-04-12,2023-04-18,2023-04-19,2023-04-21,2023-04-21,1,0,,0.8580483198,0.1310232713,0.01663754178,1,temporal_sigmoid
xgboost,S1,2023,2023-04-19,2023-04-13,2023-04-19,2023-04-20,2023-04-22,2023-04-22,1,0,,0.8847384453,0.1509343526,0.01663754178,1,temporal_sigmoid
xgboost,S1,2023,2023-04-20,2023-04-14,2023-04-20,2023-04-21,2023-04-23,2023-04-23,1,0,,0.8660707474,0.1364096358,0.01663754178,1,temporal_sigmoid
xgboost,S1,2023,2023-04-21,2023-04-15,2023-04-21,2023-04-22,2023-04-24,2023-04-24,1,0,,0.7090933323,0.07461782017,0.01663754178,1,temporal_sigmoid
xgboost,S1,2023,2023-04-22,2023-04-16,2023-04-22,2023-04-23,2023-04-25,2023-04-25,1,0,,0.5622262955,0.04929280508,0.01663754178,1,temporal_sigmoid
xgboost,S1,2023,2023-04-23,2023-04-17,2023-04-23,2023-04-24,2023-04-26,2023-04-26,1,0,,0.01459593885,0.00238824678,0.01663754178,0,temporal_sigmoid
xgboost,S1,2023,2023-04-24,2023-04-18,2023-04-24,2023-04-25,2023-04-27,2023-04-27,1,0,,0.01322844811,0.002229923939,0.01663754178,0,temporal_sigmoid
xgboost,S1,2023,2023-04-25,2023-04-19,2023-04-25,2023-04-26,2023-04-28,2023-04-28,1,0,,0.350718528,0.02775214911,0.01663754178,1,temporal_sigmoid
xgboost,S1,2023,2023-04-26,2023-04-20,2023-04-26,2023-04-27,2023-04-29,2023-04-29,1,0,,0.7401058078,0.08236493491,0.01663754178,1,temporal_sigmoid
xgboost,S1,2023,2023-04-27,2023-04-21,2023-04-27,2023-04-28,2023-04-30,2023-04-30,1,0,,0.8807254434,0.1475420907,0.01663754178,1,temporal_sigmoid
xgboost,S1,2023,2023-04-28,2023-04-22,2023-04-28,2023-04-29,2023-05-01,2023-05-01,1,0,,0.4542987943,0.03703366504,0.01663754178,1,temporal_sigmoid
xgboost,S1,2023,2023-04-29,2023-04-23,2023-04-29,2023-04-30,2023-05-02,2023-05-02,1,0,,0.8685619831,0.1381767193,0.01663754178,1,temporal_sigmoid
xgboost,S1,2023,2023-04-30,2023-04-24,2023-04-30,2023-05-01,2023-05-03,2023-05-03,1,0,,0.1740166396,0.01469898721,0.01663754178,0,temporal_sigmoid
xgboost,S1,2023,2023-05-01,2023-04-25,2023-05-01,2023-05-02,2023-05-04,2023-05-04,1,0,,0.3610793352,0.02860510996,0.01663754178,1,temporal_sigmoid
xgboost,S1,2023,2023-05-02,2023-04-26,2023-05-02,2023-05-03,2023-05-05,2023-05-05,1,0,,0.5692436695,0.05022352718,0.01663754178,1,temporal_sigmoid
xgboost,S1,2023,2023-05-03,2023-04-27,2023-05-03,2023-05-04,2023-05-06,2023-05-06,1,0,,0.3907334507,0.03112868679,0.01663754178,1,temporal_sigmoid
xgboost,S1,2023,2023-05-04,2023-04-28,2023-05-04,2023-05-05,2023-05-07,2023-05-07,1,0,,0.01945407875,0.002919572688,0.01663754178,0,temporal_sigmoid
xgboost,S1,2023,2023-05-05,2023-04-29,2023-05-05,2023-05-06,2023-05-08,2023-05-08,1,1,fixed36_0044,0.01586507075,0.002531378102,0.01663754178,0,temporal_sigmoid
xgboost,S1,2023,2023-05-06,2023-04-30,2023-05-06,2023-05-07,2023-05-09,2023-05-09,1,1,fixed36_0044,0.7741271853,0.09254269085,0.01663754178,1,temporal_sigmoid
xgboost,S1,2023,2023-05-07,2023-05-01,2023-05-07,2023-05-08,2023-05-10,2023-05-10,1,1,fixed36_0044,0.8636409044,0.134730618,0.01663754178,1,temporal_sigmoid
xgboost,S1,2023,2023-05-08,2023-05-02,2023-05-08,2023-05-09,2023-05-11,2023-05-11,1,1,fixed36_0044,0.7673434019,0.09034452804,0.01663754178,1,temporal_sigmoid
xgboost,S1,2023,2023-05-09,2023-05-03,2023-05-09,2023-05-10,2023-05-12,2023-05-12,1,1,fixed36_0044,0.7563393116,0.0869674165,0.01663754178,1,temporal_sigmoid
xgboost,S1,2023,2023-05-10,2023-05-04,2023-05-10,2023-05-11,2023-05-13,2023-05-13,1,0,,0.7045847774,0.07358902123,0.01663754178,1,temporal_sigmoid
xgboost,S1,2023,2023-05-11,2023-05-05,2023-05-11,2023-05-12,2023-05-14,2023-05-14,1,0,,0.7230914235,0.07796166676,0.01663754178,1,temporal_sigmoid
xgboost,S1,2023,2023-05-12,2023-05-06,2023-05-12,2023-05-13,2023-05-15,2023-05-15,1,0,,0.6875824928,0.06990039474,0.01663754178,1,temporal_sigmoid
xgboost,S1,2023,2023-05-13,2023-05-07,2023-05-13,2023-05-14,2023-05-16,2023-05-16,1,0,,0.6036382318,0.05509819179,0.01663754178,1,temporal_sigmoid
xgboost,S1,2023,2023-05-14,2023-05-08,2023-05-14,2023-05-15,2023-05-17,2023-05-17,1,0,,0.01494285371,0.002427715893,0.01663754178,0,temporal_sigmoid
xgboost,S1,2023,2023-05-15,2023-05-09,2023-05-15,2023-05-16,2023-05-18,2023-05-18,1,0,,0.1642602086,0.01402174456,0.01663754178,0,temporal_sigmoid
xgboost,S1,2023,2023-05-16,2023-05-10,2023-05-16,2023-05-17,2023-05-19,2023-05-19,1,0,,0.01271795947,0.002169615522,0.01663754178,0,temporal_sigmoid
xgboost,S1,2023,2023-05-17,2023-05-11,2023-05-17,2023-05-18,2023-05-20,2023-05-20,1,0,,0.01505366806,0.002440267486,0.01663754178,0,temporal_sigmoid
xgboost,S1,2023,2023-05-18,2023-05-12,2023-05-18,2023-05-19,2023-05-21,2023-05-21,1,0,,0.01171814185,0.002049399322,0.01663754178,0,temporal_sigmoid
xgboost,S1,2023,2023-05-19,2023-05-13,2023-05-19,2023-05-20,2023-05-22,2023-05-22,1,0,,0.00874420628,0.001672141318,0.01663754178,0,temporal_sigmoid
xgboost,S1,2023,2023-05-20,2023-05-14,2023-05-20,2023-05-21,2023-05-23,2023-05-23,1,0,,0.02612653375,0.003591957973,0.01663754178,0,temporal_sigmoid
xgboost,S1,2023,2023-05-21,2023-05-15,2023-05-21,2023-05-22,2023-05-24,2023-05-24,1,0,,0.07636950165,0.007769559963,0.01663754178,0,temporal_sigmoid
xgboost,S1,2023,2023-05-22,2023-05-16,2023-05-22,2023-05-23,2023-05-25,2023-05-25,1,0,,0.05923332274,0.006447943285,0.01663754178,0,temporal_sigmoid
xgboost,S1,2023,2023-05-23,2023-05-17,2023-05-23,2023-05-24,2023-05-26,2023-05-26,1,0,,0.01576291583,0.002519982419,0.01663754178,0,temporal_sigmoid
xgboost,S1,2023,2023-05-24,2023-05-18,2023-05-24,2023-05-25,2023-05-27,2023-05-27,1,0,,0.008335174993,0.001617464968,0.01663754178,0,temporal_sigmoid
xgboost,S1,2023,2023-05-25,2023-05-19,2023-05-25,2023-05-26,2023-05-28,2023-05-28,1,0,,0.01154898945,0.00202876839,0.01663754178,0,temporal_sigmoid
xgboost,S1,2023,2023-05-26,2023-05-20,2023-05-26,2023-05-27,2023-05-29,2023-05-29,1,0,,0.01154898945,0.00202876839,0.01663754178,0,temporal_sigmoid
xgboost,S1,2023,2023-05-27,2023-05-21,2023-05-27,2023-05-28,2023-05-30,2023-05-30,1,0,,0.008400726132,0.001626280379,0.01663754178,0,temporal_sigmoid
xgboost,S1,2023,2023-05-28,2023-05-22,2023-05-28,2023-05-29,2023-05-31,2023-05-31,1,0,,0.008335174993,0.001617464968,0.01663754178,0,temporal_sigmoid
xgboost,S1,2023,2023-05-29,2023-05-23,2023-05-29,2023-05-30,2023-06-01,2023-06-01,1,1,fixed36_0045,0.05302673578,0.005950341598,0.01663754178,0,temporal_sigmoid
xgboost,S1,2023,2023-05-30,2023-05-24,2023-05-30,2023-05-31,2023-06-02,2023-06-02,1,1,fixed36_0045,0.2064953595,0.01696338404,0.01663754178,1,temporal_sigmoid
xgboost,S1,2023,2023-05-31,2023-05-25,2023-05-31,2023-06-01,2023-06-03,2023-06-03,1,1,fixed36_0045,0.5749653578,0.05099747633,0.01663754178,1,temporal_sigmoid
xgboost,S1,2023,2023-06-01,2023-05-26,2023-06-01,2023-06-02,2023-06-04,2023-06-04,1,1,fixed36_0045,0.4878439307,0.04048977716,0.01663754178,1,temporal_sigmoid
xgboost,S1,2023,2023-06-02,2023-05-27,2023-06-02,2023-06-03,2023-06-05,2023-06-05,1,1,fixed36_0045,0.6344665885,0.05998301427,0.01663754178,1,temporal_sigmoid
xgboost,S1,2023,2023-06-03,2023-05-28,2023-06-03,2023-06-04,2023-06-06,2023-06-06,1,1,fixed36_0045,0.5342596769,0.04577036928,0.01663754178,1,temporal_sigmoid
xgboost,S1,2023,2023-06-04,2023-05-29,2023-06-04,2023-06-05,2023-06-07,2023-06-07,1,0,,0.5261417031,0.04479933489,0.01663754178,1,temporal_sigmoid
xgboost,S1,2023,2023-06-05,2023-05-30,2023-06-05,2023-06-06,2023-06-08,2023-06-08,1,0,,0.6102867126,0.05610672731,0.01663754178,1,temporal_sigmoid
xgboost,S1,2023,2023-06-06,2023-05-31,2023-06-06,2023-06-07,2023-06-09,2023-06-09,1,0,,0.725671947,0.07860437915,0.01663754178,1,temporal_sigmoid
xgboost,S1,2023,2023-06-07,2023-06-01,2023-06-07,2023-06-08,2023-06-10,2023-06-10,1,0,,0.3466775417,0.02742319247,0.01663754178,1,temporal_sigmoid
xgboost,S1,2023,2023-06-08,2023-06-02,2023-06-08,2023-06-09,2023-06-11,2023-06-11,1,0,,0.02436720952,0.003419803231,0.01663754178,0,temporal_sigmoid
xgboost,S1,2023,2023-06-09,2023-06-03,2023-06-09,2023-06-10,2023-06-12,2023-06-12,1,0,,0.009229371324,0.001736015781,0.01663754178,0,temporal_sigmoid
xgboost,S1,2023,2023-06-10,2023-06-04,2023-06-10,2023-06-11,2023-06-13,2023-06-13,1,0,,0.009798614308,0.001809700058,0.01663754178,0,temporal_sigmoid
xgboost,S1,2023,2023-06-11,2023-06-05,2023-06-11,2023-06-12,2023-06-14,2023-06-14,1,0,,0.01009073015,0.001847017054,0.01663754178,0,temporal_sigmoid
xgboost,S1,2023,2023-06-12,2023-06-06,2023-06-12,2023-06-13,2023-06-15,2023-06-15,1,0,,0.008400726132,0.001626280379,0.01663754178,0,temporal_sigmoid
xgboost,S1,2023,2023-06-13,2023-06-07,2023-06-13,2023-06-14,2023-06-16,2023-06-16,1,0,,0.008335174993,0.001617464968,0.01663754178,0,temporal_sigmoid
xgboost,S1,2023,2023-06-14,2023-06-08,2023-06-14,2023-06-15,2023-06-17,2023-06-17,1,0,,0.01775794476,0.00273890928,0.01663754178,0,temporal_sigmoid
xgboost,S1,2023,2023-06-15,2023-06-09,2023-06-15,2023-06-16,2023-06-18,2023-06-18,1,0,,0.0114744585,0.002019649962,0.01663754178,0,temporal_sigmoid
xgboost,S1,2023,2023-06-16,2023-06-10,2023-06-16,2023-06-17,2023-06-19,2023-06-19,1,0,,0.01532072108,0.002470406869,0.01663754178,0,temporal_sigmoid
xgboost,S1,2023,2023-06-17,2023-06-11,2023-06-17,2023-06-18,2023-06-20,2023-06-20,1,0,,0.01285570301,0.002185956834,0.01663754178,0,temporal_sigmoid
xgboost,S1,2023,2023-06-18,2023-06-12,2023-06-18,2023-06-19,2023-06-21,2023-06-21,1,0,,0.01162922755,0.002038565743,0.01663754178,0,temporal_sigmoid
xgboost,S1,2023,2023-06-19,2023-06-13,2023-06-19,2023-06-20,2023-06-22,2023-06-22,1,0,,0.0115677407,0.00203105977,0.01663754178,0,temporal_sigmoid
xgboost,S1,2023,2023-06-20,2023-06-14,2023-06-20,2023-06-21,2023-06-23,2023-06-23,1,0,,0.0115677407,0.00203105977,0.01663754178,0,temporal_sigmoid
xgboost,S1,2023,2023-06-21,2023-06-15,2023-06-21,2023-06-22,2023-06-24,2023-06-24,1,0,,0.009606058709,0.001784921146,0.01663754178,0,temporal_sigmoid
xgboost,S1,2023,2023-06-22,2023-06-16,2023-06-22,2023-06-23,2023-06-25,2023-06-25,1,0,,0.009606058709,0.001784921146,0.01663754178,0,temporal_sigmoid
xgboost,S1,2023,2023-06-23,2023-06-17,2023-06-23,2023-06-24,2023-06-26,2023-06-26,1,0,,0.01062145364,0.001914008532,0.01663754178,0,temporal_sigmoid
xgboost,S1,2023,2023-06-24,2023-06-18,2023-06-24,2023-06-25,2023-06-27,2023-06-27,1,0,,0.009606058709,0.001784921146,0.01663754178,0,temporal_sigmoid
xgboost,S1,2023,2023-06-25,2023-06-19,2023-06-25,2023-06-26,2023-06-28,2023-06-28,1,0,,0.009606058709,0.001784921146,0.01663754178,0,temporal_sigmoid
xgboost,S1,2023,2023-06-26,2023-06-20,2023-06-26,2023-06-27,2023-06-29,2023-06-29,1,0,,0.008675682358,0.001663035681,0.01663754178,0,temporal_sigmoid
xgboost,S1,2023,2023-06-27,2023-06-21,2023-06-27,2023-06-28,2023-06-30,2023-06-30,1,0,,0.008400726132,0.001626280379,0.01663754178,0,temporal_sigmoid
xgboost,S1,2024,2024-02-29,2024-02-23,2024-02-29,2024-03-01,2024-03-03,2024-03-03,1,0,,0.004793078639,0.006428582767,0.03806720665,0,temporal_sigmoid
xgboost,S1,2024,2024-03-01,2024-02-24,2024-03-01,2024-03-02,2024-03-04,2024-03-04,1,0,,0.004793078639,0.006428582767,0.03806720665,0,temporal_sigmoid
xgboost,S1,2024,2024-03-02,2024-02-25,2024-03-02,2024-03-03,2024-03-05,2024-03-05,1,0,,0.008651311509,0.008894440071,0.03806720665,0,temporal_sigmoid
xgboost,S1,2024,2024-03-03,2024-02-26,2024-03-03,2024-03-04,2024-03-06,2024-03-06,1,0,,0.006666698493,0.007706793908,0.03806720665,0,temporal_sigmoid
xgboost,S1,2024,2024-03-04,2024-02-27,2024-03-04,2024-03-05,2024-03-07,2024-03-07,1,0,,0.02264240757,0.01512679447,0.03806720665,0,temporal_sigmoid
xgboost,S1,2024,2024-03-05,2024-02-28,2024-03-05,2024-03-06,2024-03-08,2024-03-08,1,0,,0.01496716496,0.01203071884,0.03806720665,0,temporal_sigmoid
xgboost,S1,2024,2024-03-06,2024-02-29,2024-03-06,2024-03-07,2024-03-09,2024-03-09,1,0,,0.006365316454,0.007513259374,0.03806720665,0,temporal_sigmoid
xgboost,S1,2024,2024-03-07,2024-03-01,2024-03-07,2024-03-08,2024-03-10,2024-03-10,1,0,,0.003889492713,0.005731544824,0.03806720665,0,temporal_sigmoid
xgboost,S1,2024,2024-03-08,2024-03-02,2024-03-08,2024-03-09,2024-03-11,2024-03-11,1,0,,0.003889492713,0.005731544824,0.03806720665,0,temporal_sigmoid
xgboost,S1,2024,2024-03-09,2024-03-03,2024-03-09,2024-03-10,2024-03-12,2024-03-12,1,0,,0.003889492713,0.005731544824,0.03806720665,0,temporal_sigmoid
xgboost,S1,2024,2024-03-10,2024-03-04,2024-03-10,2024-03-11,2024-03-13,2024-03-13,1,0,,0.004503672011,0.006212318858,0.03806720665,0,temporal_sigmoid
xgboost,S1,2024,2024-03-11,2024-03-05,2024-03-11,2024-03-12,2024-03-14,2024-03-14,1,0,,0.006062944885,0.007314917509,0.03806720665,0,temporal_sigmoid
xgboost,S1,2024,2024-03-12,2024-03-06,2024-03-12,2024-03-13,2024-03-15,2024-03-15,1,0,,0.02246621251,0.01506140073,0.03806720665,0,temporal_sigmoid
xgboost,S1,2024,2024-03-13,2024-03-07,2024-03-13,2024-03-14,2024-03-16,2024-03-16,1,0,,0.01116860565,0.01023726242,0.03806720665,0,temporal_sigmoid
xgboost,S1,2024,2024-03-14,2024-03-08,2024-03-14,2024-03-15,2024-03-17,2024-03-17,1,0,,0.01104846038,0.01017644864,0.03806720665,0,temporal_sigmoid
xgboost,S1,2024,2024-03-15,2024-03-09,2024-03-15,2024-03-16,2024-03-18,2024-03-18,1,0,,0.01619940624,0.01256797466,0.03806720665,0,temporal_sigmoid
xgboost,S1,2024,2024-03-16,2024-03-10,2024-03-16,2024-03-17,2024-03-19,2024-03-19,1,0,,0.01663144864,0.0127520697,0.03806720665,0,temporal_sigmoid
xgboost,S1,2024,2024-03-17,2024-03-11,2024-03-17,2024-03-18,2024-03-20,2024-03-20,1,0,,0.01363017876,0.0114252879,0.03806720665,0,temporal_sigmoid
xgboost,S1,2024,2024-03-18,2024-03-12,2024-03-18,2024-03-19,2024-03-21,2024-03-21,1,0,,0.009576918557,0.009406182638,0.03806720665,0,temporal_sigmoid
xgboost,S1,2024,2024-03-19,2024-03-13,2024-03-19,2024-03-20,2024-03-22,2024-03-22,1,0,,0.0052653905,0.006769303826,0.03806720665,0,temporal_sigmoid
xgboost,S1,2024,2024-03-20,2024-03-14,2024-03-20,2024-03-21,2024-03-23,2024-03-23,1,0,,0.007949022576,0.008489659033,0.03806720665,0,temporal_sigmoid
xgboost,S1,2024,2024-03-21,2024-03-15,2024-03-21,2024-03-22,2024-03-24,2024-03-24,1,0,,0.008384678513,0.008742551464,0.03806720665,0,temporal_sigmoid
xgboost,S1,2024,2024-03-22,2024-03-16,2024-03-22,2024-03-23,2024-03-25,2024-03-25,1,0,,0.007245086133,0.008067550982,0.03806720665,0,temporal_sigmoid
xgboost,S1,2024,2024-03-23,2024-03-17,2024-03-23,2024-03-24,2024-03-26,2024-03-26,1,0,,0.008384678513,0.008742551464,0.03806720665,0,temporal_sigmoid
xgboost,S1,2024,2024-03-24,2024-03-18,2024-03-24,2024-03-25,2024-03-27,2024-03-27,1,0,,0.005721068475,0.007085240645,0.03806720665,0,temporal_sigmoid
xgboost,S1,2024,2024-03-25,2024-03-19,2024-03-25,2024-03-26,2024-03-28,2024-03-28,1,0,,0.004152988549,0.005941706097,0.03806720665,0,temporal_sigmoid
xgboost,S1,2024,2024-03-26,2024-03-20,2024-03-26,2024-03-27,2024-03-29,2024-03-29,1,0,,0.01835213229,0.0134653493,0.03806720665,0,temporal_sigmoid
xgboost,S1,2024,2024-03-27,2024-03-21,2024-03-27,2024-03-28,2024-03-30,2024-03-30,1,0,,0.01699050143,0.01290347641,0.03806720665,0,temporal_sigmoid
xgboost,S1,2024,2024-03-28,2024-03-22,2024-03-28,2024-03-29,2024-03-31,2024-03-31,1,0,,0.008241357282,0.008660017282,0.03806720665,0,temporal_sigmoid
xgboost,S1,2024,2024-03-29,2024-03-23,2024-03-29,2024-03-30,2024-04-01,2024-04-01,1,0,,0.008933288977,0.009052815396,0.03806720665,0,temporal_sigmoid
xgboost,S1,2024,2024-03-30,2024-03-24,2024-03-30,2024-03-31,2024-04-02,2024-04-02,1,0,,0.009015025571,0.009098305324,0.03806720665,0,temporal_sigmoid
xgboost,S1,2024,2024-03-31,2024-03-25,2024-03-31,2024-04-01,2024-04-03,2024-04-03,1,0,,0.01178990304,0.01054722318,0.03806720665,0,temporal_sigmoid
xgboost,S1,2024,2024-04-01,2024-03-26,2024-04-01,2024-04-02,2024-04-04,2024-04-04,1,0,,0.2415692806,0.06102296813,0.03806720665,1,temporal_sigmoid
xgboost,S1,2024,2024-04-02,2024-03-27,2024-04-02,2024-04-03,2024-04-05,2024-04-05,1,0,,0.5139020681,0.1117248813,0.03806720665,1,temporal_sigmoid
xgboost,S1,2024,2024-04-03,2024-03-28,2024-04-03,2024-04-04,2024-04-06,2024-04-06,1,0,,0.6017694473,0.1327757964,0.03806720665,1,temporal_sigmoid
xgboost,S1,2024,2024-04-04,2024-03-29,2024-04-04,2024-04-05,2024-04-07,2024-04-07,1,0,,0.4328037798,0.09511774155,0.03806720665,1,temporal_sigmoid
xgboost,S1,2024,2024-04-05,2024-03-30,2024-04-05,2024-04-06,2024-04-08,2024-04-08,1,0,,0.3677626848,0.0830153377,0.03806720665,1,temporal_sigmoid
xgboost,S1,2024,2024-04-06,2024-03-31,2024-04-06,2024-04-07,2024-04-09,2024-04-09,1,0,,0.9227697253,0.3233117492,0.03806720665,1,temporal_sigmoid
xgboost,S1,2024,2024-04-07,2024-04-01,2024-04-07,2024-04-08,2024-04-10,2024-04-10,1,0,,0.2399022728,0.06073598379,0.03806720665,1,temporal_sigmoid
xgboost,S1,2024,2024-04-08,2024-04-02,2024-04-08,2024-04-09,2024-04-11,2024-04-11,1,0,,0.02054047585,0.01433165112,0.03806720665,0,temporal_sigmoid
xgboost,S1,2024,2024-04-09,2024-04-03,2024-04-09,2024-04-10,2024-04-12,2024-04-12,1,0,,0.03867956996,0.02038782269,0.03806720665,0,temporal_sigmoid
xgboost,S1,2024,2024-04-10,2024-04-04,2024-04-10,2024-04-11,2024-04-13,2024-04-13,1,0,,0.01376499049,0.01148748653,0.03806720665,0,temporal_sigmoid
xgboost,S1,2024,2024-04-11,2024-04-05,2024-04-11,2024-04-12,2024-04-14,2024-04-14,1,0,,0.1075970531,0.0366785749,0.03806720665,0,temporal_sigmoid
xgboost,S1,2024,2024-04-12,2024-04-06,2024-04-12,2024-04-13,2024-04-15,2024-04-15,1,0,,0.4766117036,0.1038292907,0.03806720665,1,temporal_sigmoid
xgboost,S1,2024,2024-04-13,2024-04-07,2024-04-13,2024-04-14,2024-04-16,2024-04-16,1,0,,0.657425344,0.1486667933,0.03806720665,1,temporal_sigmoid
xgboost,S1,2024,2024-04-14,2024-04-08,2024-04-14,2024-04-15,2024-04-17,2024-04-17,1,1,fixed36_0046,0.7608280778,0.1874075325,0.03806720665,1,temporal_sigmoid
xgboost,S1,2024,2024-04-15,2024-04-09,2024-04-15,2024-04-16,2024-04-18,2024-04-18,1,0,,0.964877367,0.4303638542,0.03806720665,1,temporal_sigmoid
xgboost,S1,2024,2024-04-16,2024-04-10,2024-04-16,2024-04-17,2024-04-19,2024-04-19,1,0,,0.9697035551,0.4510903093,0.03806720665,1,temporal_sigmoid
xgboost,S1,2024,2024-04-17,2024-04-11,2024-04-17,2024-04-18,2024-04-20,2024-04-20,1,0,,0.9848756194,0.5485065404,0.03806720665,1,temporal_sigmoid
xgboost,S1,2024,2024-04-18,2024-04-12,2024-04-18,2024-04-19,2024-04-21,2024-04-21,1,1,fixed36_0047,0.9166471362,0.3134053395,0.03806720665,1,temporal_sigmoid
xgboost,S1,2024,2024-04-19,2024-04-13,2024-04-19,2024-04-20,2024-04-22,2024-04-22,1,1,fixed36_0047,0.9679920077,0.4433727825,0.03806720665,1,temporal_sigmoid
xgboost,S1,2024,2024-04-20,2024-04-14,2024-04-20,2024-04-21,2024-04-23,2024-04-23,1,1,fixed36_0047,0.9868996739,0.5682811277,0.03806720665,1,temporal_sigmoid
xgboost,S1,2024,2024-04-21,2024-04-15,2024-04-21,2024-04-22,2024-04-24,2024-04-24,1,1,fixed36_0047,0.9686653614,0.446357182,0.03806720665,1,temporal_sigmoid
xgboost,S1,2024,2024-04-22,2024-04-16,2024-04-22,2024-04-23,2024-04-25,2024-04-25,1,1,fixed36_0047,0.9412273765,0.3595364562,0.03806720665,1,temporal_sigmoid
xgboost,S1,2024,2024-04-23,2024-04-17,2024-04-23,2024-04-24,2024-04-26,2024-04-26,1,1,fixed36_0047,0.8441820741,0.2361521454,0.03806720665,1,temporal_sigmoid
xgboost,S1,2024,2024-04-24,2024-04-18,2024-04-24,2024-04-25,2024-04-27,2024-04-27,1,1,fixed36_0047,0.9344903827,0.3450074824,0.03806720665,1,temporal_sigmoid
xgboost,S1,2024,2024-04-25,2024-04-19,2024-04-25,2024-04-26,2024-04-28,2024-04-28,1,1,fixed36_0047,0.8783152699,0.265808616,0.03806720665,1,temporal_sigmoid
xgboost,S1,2024,2024-04-26,2024-04-20,2024-04-26,2024-04-27,2024-04-29,2024-04-29,1,1,fixed36_0047,0.860948801,0.2496631207,0.03806720665,1,temporal_sigmoid
xgboost,S1,2024,2024-04-27,2024-04-21,2024-04-27,2024-04-28,2024-04-30,2024-04-30,1,1,fixed36_0047,0.8391028643,0.2323893673,0.03806720665,1,temporal_sigmoid
xgboost,S1,2024,2024-04-28,2024-04-22,2024-04-28,2024-04-29,2024-05-01,2024-05-01,1,1,fixed36_0047,0.9593686461,0.4100629821,0.03806720665,1,temporal_sigmoid
xgboost,S1,2024,2024-04-29,2024-04-23,2024-04-29,2024-04-30,2024-05-02,2024-05-02,1,1,fixed36_0047,0.9473587871,0.3744521039,0.03806720665,1,temporal_sigmoid
xgboost,S1,2024,2024-04-30,2024-04-24,2024-04-30,2024-05-01,2024-05-03,2024-05-03,1,1,fixed36_0047,0.9494662285,0.3800222114,0.03806720665,1,temporal_sigmoid
xgboost,S1,2024,2024-05-01,2024-04-25,2024-05-01,2024-05-02,2024-05-04,2024-05-04,1,0,,0.9613010287,0.4168351086,0.03806720665,1,temporal_sigmoid
xgboost,S1,2024,2024-05-02,2024-04-26,2024-05-02,2024-05-03,2024-05-05,2024-05-05,1,0,,0.8976788521,0.2872861591,0.03806720665,1,temporal_sigmoid
xgboost,S1,2024,2024-05-03,2024-04-27,2024-05-03,2024-05-04,2024-05-06,2024-05-06,1,0,,0.7361728549,0.1766700139,0.03806720665,1,temporal_sigmoid
xgboost,S1,2024,2024-05-04,2024-04-28,2024-05-04,2024-05-05,2024-05-07,2024-05-07,1,0,,0.4093861878,0.09066261582,0.03806720665,1,temporal_sigmoid
xgboost,S1,2024,2024-05-05,2024-04-29,2024-05-05,2024-05-06,2024-05-08,2024-05-08,1,0,,0.3070321679,0.07230024749,0.03806720665,1,temporal_sigmoid
xgboost,S1,2024,2024-05-06,2024-04-30,2024-05-06,2024-05-07,2024-05-09,2024-05-09,1,0,,0.1159946397,0.03835983503,0.03806720665,1,temporal_sigmoid
xgboost,S1,2024,2024-05-07,2024-05-01,2024-05-07,2024-05-08,2024-05-10,2024-05-10,1,0,,0.1125492007,0.03767461267,0.03806720665,0,temporal_sigmoid
xgboost,S1,2024,2024-05-08,2024-05-02,2024-05-08,2024-05-09,2024-05-11,2024-05-11,1,0,,0.01717299037,0.01297989246,0.03806720665,0,temporal_sigmoid
xgboost,S1,2024,2024-05-09,2024-05-03,2024-05-09,2024-05-10,2024-05-12,2024-05-12,1,0,,0.01026907656,0.009774589023,0.03806720665,0,temporal_sigmoid
xgboost,S1,2024,2024-05-10,2024-05-04,2024-05-10,2024-05-11,2024-05-13,2024-05-13,1,0,,0.04693732038,0.02273234592,0.03806720665,0,temporal_sigmoid
xgboost,S1,2024,2024-05-11,2024-05-05,2024-05-11,2024-05-12,2024-05-14,2024-05-14,1,0,,0.02790123969,0.01698771349,0.03806720665,0,temporal_sigmoid
xgboost,S1,2024,2024-05-12,2024-05-06,2024-05-12,2024-05-13,2024-05-15,2024-05-15,1,0,,0.02369439602,0.01551276534,0.03806720665,0,temporal_sigmoid
xgboost,S1,2024,2024-05-13,2024-05-07,2024-05-13,2024-05-14,2024-05-16,2024-05-16,1,0,,0.06409500539,0.02713288675,0.03806720665,0,temporal_sigmoid
xgboost,S1,2024,2024-05-14,2024-05-08,2024-05-14,2024-05-15,2024-05-17,2024-05-17,1,1,fixed36_0048,0.1899030209,0.0520421251,0.03806720665,1,temporal_sigmoid
xgboost,S1,2024,2024-05-15,2024-05-09,2024-05-15,2024-05-16,2024-05-18,2024-05-18,1,0,,0.8686310649,0.2564998031,0.03806720665,1,temporal_sigmoid
xgboost,S1,2024,2024-05-16,2024-05-10,2024-05-16,2024-05-17,2024-05-19,2024-05-19,1,0,,0.9508138895,0.3837181143,0.03806720665,1,temporal_sigmoid
xgboost,S1,2024,2024-05-17,2024-05-11,2024-05-17,2024-05-18,2024-05-20,2024-05-20,1,0,,0.9648807645,0.4303773816,0.03806720665,1,temporal_sigmoid
xgboost,S1,2024,2024-05-18,2024-05-12,2024-05-18,2024-05-19,2024-05-21,2024-05-21,1,0,,0.4767613709,0.1038600205,0.03806720665,1,temporal_sigmoid
xgboost,S1,2024,2024-05-19,2024-05-13,2024-05-19,2024-05-20,2024-05-22,2024-05-22,1,0,,0.104359515,0.03601978891,0.03806720665,0,temporal_sigmoid
xgboost,S1,2024,2024-05-20,2024-05-14,2024-05-20,2024-05-21,2024-05-23,2024-05-23,1,0,,0.03487538174,0.01923929845,0.03806720665,0,temporal_sigmoid
xgboost,S1,2024,2024-05-21,2024-05-15,2024-05-21,2024-05-22,2024-05-24,2024-05-24,1,0,,0.1558185071,0.04592133342,0.03806720665,1,temporal_sigmoid
xgboost,S1,2024,2024-05-22,2024-05-16,2024-05-22,2024-05-23,2024-05-25,2024-05-25,1,1,fixed36_0049,0.1105063558,0.03726537618,0.03806720665,0,temporal_sigmoid
xgboost,S1,2024,2024-05-23,2024-05-17,2024-05-23,2024-05-24,2024-05-26,2024-05-26,1,0,,0.7407786846,0.1785873897,0.03806720665,1,temporal_sigmoid
xgboost,S1,2024,2024-05-24,2024-05-18,2024-05-24,2024-05-25,2024-05-27,2024-05-27,1,0,,0.9710415006,0.4574410351,0.03806720665,1,temporal_sigmoid
xgboost,S1,2024,2024-05-25,2024-05-19,2024-05-25,2024-05-26,2024-05-28,2024-05-28,1,0,,0.9679772258,0.4433079948,0.03806720665,1,temporal_sigmoid
xgboost,S1,2024,2024-05-26,2024-05-20,2024-05-26,2024-05-27,2024-05-29,2024-05-29,1,0,,0.464489907,0.101363702,0.03806720665,1,temporal_sigmoid
xgboost,S1,2024,2024-05-27,2024-05-21,2024-05-27,2024-05-28,2024-05-30,2024-05-30,1,0,,0.02577227168,0.01625414039,0.03806720665,0,temporal_sigmoid
xgboost,S1,2024,2024-05-28,2024-05-22,2024-05-28,2024-05-29,2024-05-31,2024-05-31,1,0,,0.02019696869,0.01419841848,0.03806720665,0,temporal_sigmoid
xgboost,S1,2024,2024-05-29,2024-05-23,2024-05-29,2024-05-30,2024-06-01,2024-06-01,1,0,,0.0709463954,0.02876073816,0.03806720665,0,temporal_sigmoid
xgboost,S1,2024,2024-05-30,2024-05-24,2024-05-30,2024-05-31,2024-06-02,2024-06-02,1,0,,0.02299835905,0.01525823878,0.03806720665,0,temporal_sigmoid
xgboost,S1,2024,2024-05-31,2024-05-25,2024-05-31,2024-06-01,2024-06-03,2024-06-03,1,0,,0.1025069803,0.03563995799,0.03806720665,0,temporal_sigmoid
xgboost,S1,2024,2024-06-01,2024-05-26,2024-06-01,2024-06-02,2024-06-04,2024-06-04,1,0,,0.1113284305,0.03743033173,0.03806720665,0,temporal_sigmoid
xgboost,S1,2024,2024-06-02,2024-05-27,2024-06-02,2024-06-03,2024-06-05,2024-06-05,1,0,,0.8510915637,0.2415056203,0.03806720665,1,temporal_sigmoid
xgboost,S1,2024,2024-06-03,2024-05-28,2024-06-03,2024-06-04,2024-06-06,2024-06-06,1,0,,0.1238595918,0.03990221041,0.03806720665,1,temporal_sigmoid
xgboost,S1,2024,2024-06-04,2024-05-29,2024-06-04,2024-06-05,2024-06-07,2024-06-07,1,0,,0.01372897439,0.01147089603,0.03806720665,0,temporal_sigmoid
xgboost,S1,2024,2024-06-05,2024-05-30,2024-06-05,2024-06-06,2024-06-08,2024-06-08,1,0,,0.03922730684,0.02054927833,0.03806720665,0,temporal_sigmoid
xgboost,S1,2024,2024-06-06,2024-05-31,2024-06-06,2024-06-07,2024-06-09,2024-06-09,1,0,,0.01835660823,0.0134671657,0.03806720665,0,temporal_sigmoid
xgboost,S1,2024,2024-06-07,2024-06-01,2024-06-07,2024-06-08,2024-06-10,2024-06-10,1,0,,0.04690035433,0.02272224058,0.03806720665,0,temporal_sigmoid
xgboost,S1,2024,2024-06-08,2024-06-02,2024-06-08,2024-06-09,2024-06-11,2024-06-11,1,0,,0.05857245997,0.02577269216,0.03806720665,0,temporal_sigmoid
xgboost,S1,2024,2024-06-09,2024-06-03,2024-06-09,2024-06-10,2024-06-12,2024-06-12,1,0,,0.04955236986,0.02343937223,0.03806720665,0,temporal_sigmoid
xgboost,S1,2024,2024-06-10,2024-06-04,2024-06-10,2024-06-11,2024-06-13,2024-06-13,1,0,,0.01263306011,0.01095652673,0.03806720665,0,temporal_sigmoid
xgboost,S1,2024,2024-06-11,2024-06-05,2024-06-11,2024-06-12,2024-06-14,2024-06-14,1,0,,0.4685897231,0.102192547,0.03806720665,1,temporal_sigmoid
xgboost,S1,2024,2024-06-12,2024-06-06,2024-06-12,2024-06-13,2024-06-15,2024-06-15,1,0,,0.06704380363,0.02784103684,0.03806720665,0,temporal_sigmoid
xgboost,S1,2024,2024-06-13,2024-06-07,2024-06-13,2024-06-14,2024-06-16,2024-06-16,1,0,,0.06456432492,0.02724639531,0.03806720665,0,temporal_sigmoid
xgboost,S1,2024,2024-06-14,2024-06-08,2024-06-14,2024-06-15,2024-06-17,2024-06-17,1,0,,0.009823021479,0.00953848898,0.03806720665,0,temporal_sigmoid
xgboost,S1,2024,2024-06-15,2024-06-09,2024-06-15,2024-06-16,2024-06-18,2024-06-18,1,0,,0.009823021479,0.00953848898,0.03806720665,0,temporal_sigmoid
xgboost,S1,2024,2024-06-16,2024-06-10,2024-06-16,2024-06-17,2024-06-19,2024-06-19,1,0,,0.04897072166,0.0232834211,0.03806720665,0,temporal_sigmoid
xgboost,S1,2024,2024-06-17,2024-06-11,2024-06-17,2024-06-18,2024-06-20,2024-06-20,1,0,,0.1160918549,0.03837908093,0.03806720665,1,temporal_sigmoid
xgboost,S1,2024,2024-06-18,2024-06-12,2024-06-18,2024-06-19,2024-06-21,2024-06-21,1,0,,0.02336957864,0.01539439202,0.03806720665,0,temporal_sigmoid
xgboost,S1,2024,2024-06-19,2024-06-13,2024-06-19,2024-06-20,2024-06-22,2024-06-22,1,0,,0.004326121416,0.006076540648,0.03806720665,0,temporal_sigmoid
xgboost,S1,2024,2024-06-20,2024-06-14,2024-06-20,2024-06-21,2024-06-23,2024-06-23,1,0,,0.004326121416,0.006076540648,0.03806720665,0,temporal_sigmoid
xgboost,S1,2024,2024-06-21,2024-06-15,2024-06-21,2024-06-22,2024-06-24,2024-06-24,1,0,,0.0028867207,0.004865659894,0.03806720665,0,temporal_sigmoid
xgboost,S1,2024,2024-06-22,2024-06-16,2024-06-22,2024-06-23,2024-06-25,2024-06-25,1,0,,0.004326121416,0.006076540648,0.03806720665,0,temporal_sigmoid
xgboost,S1,2024,2024-06-23,2024-06-17,2024-06-23,2024-06-24,2024-06-26,2024-06-26,1,0,,0.006943404209,0.007881060135,0.03806720665,0,temporal_sigmoid
xgboost,S1,2024,2024-06-24,2024-06-18,2024-06-24,2024-06-25,2024-06-27,2024-06-27,1,0,,0.02838035487,0.01714948033,0.03806720665,0,temporal_sigmoid
xgboost,S1,2024,2024-06-25,2024-06-19,2024-06-25,2024-06-26,2024-06-28,2024-06-28,1,0,,0.03290895745,0.01862525962,0.03806720665,0,temporal_sigmoid
xgboost,S1,2024,2024-06-26,2024-06-20,2024-06-26,2024-06-27,2024-06-29,2024-06-29,1,0,,0.04371234402,0.02183832962,0.03806720665,0,temporal_sigmoid
xgboost,S1,2024,2024-06-27,2024-06-21,2024-06-27,2024-06-28,2024-06-30,2024-06-30,1,0,,0.08048344404,0.0309343507,0.03806720665,0,temporal_sigmoid
xgboost,S2,2014,2014-02-28,2014-02-22,2014-02-28,2014-03-01,2014-03-03,2014-03-03,1,0,,0.003193966113,0.002078776124,0.02354311311,0,temporal_sigmoid
xgboost,S2,2014,2014-03-01,2014-02-23,2014-03-01,2014-03-02,2014-03-04,2014-03-04,1,0,,0.005188984331,0.002876638884,0.02354311311,0,temporal_sigmoid
xgboost,S2,2014,2014-03-02,2014-02-24,2014-03-02,2014-03-03,2014-03-05,2014-03-05,1,0,,0.006262749899,0.003263008649,0.02354311311,0,temporal_sigmoid
xgboost,S2,2014,2014-03-03,2014-02-25,2014-03-03,2014-03-04,2014-03-06,2014-03-06,1,0,,0.005685184617,0.00305813715,0.02354311311,0,temporal_sigmoid
xgboost,S2,2014,2014-03-04,2014-02-26,2014-03-04,2014-03-05,2014-03-07,2014-03-07,1,0,,0.006488546263,0.003341410876,0.02354311311,0,temporal_sigmoid
xgboost,S2,2014,2014-03-05,2014-02-27,2014-03-05,2014-03-06,2014-03-08,2014-03-08,1,0,,0.002626421396,0.00182377645,0.02354311311,0,temporal_sigmoid
xgboost,S2,2014,2014-03-06,2014-02-28,2014-03-06,2014-03-07,2014-03-09,2014-03-09,1,0,,0.002666693181,0.00184243297,0.02354311311,0,temporal_sigmoid
xgboost,S2,2014,2014-03-07,2014-03-01,2014-03-07,2014-03-08,2014-03-10,2014-03-10,1,0,,0.002093172865,0.001566974629,0.02354311311,0,temporal_sigmoid
xgboost,S2,2014,2014-03-08,2014-03-02,2014-03-08,2014-03-09,2014-03-11,2014-03-11,1,0,,0.001648775768,0.001335885741,0.02354311311,0,temporal_sigmoid
xgboost,S2,2014,2014-03-09,2014-03-03,2014-03-09,2014-03-10,2014-03-12,2014-03-12,1,0,,0.001471300959,0.001237960029,0.02354311311,0,temporal_sigmoid
xgboost,S2,2014,2014-03-10,2014-03-04,2014-03-10,2014-03-11,2014-03-13,2014-03-13,1,0,,0.001147027826,0.001048176234,0.02354311311,0,temporal_sigmoid
xgboost,S2,2014,2014-03-11,2014-03-05,2014-03-11,2014-03-12,2014-03-14,2014-03-14,1,0,,0.003630851163,0.002264973213,0.02354311311,0,temporal_sigmoid
xgboost,S2,2014,2014-03-12,2014-03-06,2014-03-12,2014-03-13,2014-03-15,2014-03-15,1,0,,0.003940841183,0.002392631971,0.02354311311,0,temporal_sigmoid
xgboost,S2,2014,2014-03-13,2014-03-07,2014-03-13,2014-03-14,2014-03-16,2014-03-16,1,0,,0.003294243943,0.00212221857,0.02354311311,0,temporal_sigmoid
xgboost,S2,2014,2014-03-14,2014-03-08,2014-03-14,2014-03-15,2014-03-17,2014-03-17,1,0,,0.003940841183,0.002392631971,0.02354311311,0,temporal_sigmoid
xgboost,S2,2014,2014-03-15,2014-03-09,2014-03-15,2014-03-16,2014-03-18,2014-03-18,1,0,,0.003940841183,0.002392631971,0.02354311311,0,temporal_sigmoid
xgboost,S2,2014,2014-03-16,2014-03-10,2014-03-16,2014-03-17,2014-03-19,2014-03-19,1,0,,0.003940841183,0.002392631971,0.02354311311,0,temporal_sigmoid
xgboost,S2,2014,2014-03-17,2014-03-11,2014-03-17,2014-03-18,2014-03-20,2014-03-20,1,0,,0.00808831118,0.003873717421,0.02354311311,0,temporal_sigmoid
xgboost,S2,2014,2014-03-18,2014-03-12,2014-03-18,2014-03-19,2014-03-21,2014-03-21,1,0,,0.00791767519,0.003818682277,0.02354311311,0,temporal_sigmoid
xgboost,S2,2014,2014-03-19,2014-03-13,2014-03-19,2014-03-20,2014-03-22,2014-03-22,1,0,,0.004484661855,0.002608906825,0.02354311311,0,temporal_sigmoid
xgboost,S2,2014,2014-03-20,2014-03-14,2014-03-20,2014-03-21,2014-03-23,2014-03-23,1,0,,0.005010136869,0.002809844935,0.02354311311,0,temporal_sigmoid
xgboost,S2,2014,2014-03-21,2014-03-15,2014-03-21,2014-03-22,2014-03-24,2014-03-24,1,0,,0.00656204205,0.00336673805,0.02354311311,0,temporal_sigmoid
xgboost,S2,2014,2014-03-22,2014-03-16,2014-03-22,2014-03-23,2014-03-25,2014-03-25,1,0,,0.003807001514,0.002337934995,0.02354311311,0,temporal_sigmoid
xgboost,S2,2014,2014-03-23,2014-03-17,2014-03-23,2014-03-24,2014-03-26,2014-03-26,1,0,,0.002276570303,0.001657495916,0.02354311311,0,temporal_sigmoid
xgboost,S2,2014,2014-03-24,2014-03-18,2014-03-24,2014-03-25,2014-03-27,2014-03-27,1,0,,0.001002029749,0.0009576511854,0.02354311311,0,temporal_sigmoid
xgboost,S2,2014,2014-03-25,2014-03-19,2014-03-25,2014-03-26,2014-03-28,2014-03-28,1,0,,0.002857074607,0.001929405764,0.02354311311,0,temporal_sigmoid
xgboost,S2,2014,2014-03-26,2014-03-20,2014-03-26,2014-03-27,2014-03-29,2014-03-29,1,0,,0.007991505787,0.003842541436,0.02354311311,0,temporal_sigmoid
xgboost,S2,2014,2014-03-27,2014-03-21,2014-03-27,2014-03-28,2014-03-30,2014-03-30,1,0,,0.07185851783,0.01719961194,0.02354311311,0,temporal_sigmoid
xgboost,S2,2014,2014-03-28,2014-03-22,2014-03-28,2014-03-29,2014-03-31,2014-03-31,1,0,,0.3543351293,0.06084174354,0.02354311311,1,temporal_sigmoid
xgboost,S2,2014,2014-03-29,2014-03-23,2014-03-29,2014-03-30,2014-04-01,2014-04-01,1,0,,0.3178633749,0.05488737745,0.02354311311,1,temporal_sigmoid
xgboost,S2,2014,2014-03-30,2014-03-24,2014-03-30,2014-03-31,2014-04-02,2014-04-02,1,0,,0.5550695062,0.1008423952,0.02354311311,1,temporal_sigmoid
xgboost,S2,2014,2014-03-31,2014-03-25,2014-03-31,2014-04-01,2014-04-03,2014-04-03,1,0,,0.5919650793,0.110362726,0.02354311311,1,temporal_sigmoid
xgboost,S2,2014,2014-04-01,2014-03-26,2014-04-01,2014-04-02,2014-04-04,2014-04-04,1,0,,0.5060577989,0.08951962453,0.02354311311,1,temporal_sigmoid
xgboost,S2,2014,2014-04-02,2014-03-27,2014-04-02,2014-04-03,2014-04-05,2014-04-05,1,0,,0.4909876287,0.08628973603,0.02354311311,1,temporal_sigmoid
xgboost,S2,2014,2014-04-03,2014-03-28,2014-04-03,2014-04-04,2014-04-06,2014-04-06,1,0,,0.08998206258,0.02019270185,0.02354311311,0,temporal_sigmoid
xgboost,S2,2014,2014-04-04,2014-03-29,2014-04-04,2014-04-05,2014-04-07,2014-04-07,1,0,,0.002681090264,0.001849080055,0.02354311311,0,temporal_sigmoid
xgboost,S2,2014,2014-04-05,2014-03-30,2014-04-05,2014-04-06,2014-04-08,2014-04-08,1,0,,0.002982929582,0.001985852486,0.02354311311,0,temporal_sigmoid
xgboost,S2,2014,2014-04-06,2014-03-31,2014-04-06,2014-04-07,2014-04-09,2014-04-09,1,0,,0.00245545269,0.001743495238,0.02354311311,0,temporal_sigmoid
xgboost,S2,2014,2014-04-07,2014-04-01,2014-04-07,2014-04-08,2014-04-10,2014-04-10,1,0,,0.03904193267,0.01124593307,0.02354311311,0,temporal_sigmoid
xgboost,S2,2014,2014-04-08,2014-04-02,2014-04-08,2014-04-09,2014-04-11,2014-04-11,1,0,,0.02201528288,0.007607081885,0.02354311311,0,temporal_sigmoid
xgboost,S2,2014,2014-04-09,2014-04-03,2014-04-09,2014-04-10,2014-04-12,2014-04-12,1,0,,0.005319799762,0.002925018485,0.02354311311,0,temporal_sigmoid
xgboost,S2,2014,2014-04-10,2014-04-04,2014-04-10,2014-04-11,2014-04-13,2014-04-13,1,0,,0.01056004129,0.004633550119,0.02354311311,0,temporal_sigmoid
xgboost,S2,2014,2014-04-11,2014-04-05,2014-04-11,2014-04-12,2014-04-14,2014-04-14,1,0,,0.4228213131,0.07285207267,0.02354311311,1,temporal_sigmoid
xgboost,S2,2014,2014-04-12,2014-04-06,2014-04-12,2014-04-13,2014-04-15,2014-04-15,1,0,,0.04010438919,0.01145558128,0.02354311311,0,temporal_sigmoid
xgboost,S2,2014,2014-04-13,2014-04-07,2014-04-13,2014-04-14,2014-04-16,2014-04-16,1,0,,0.0506031625,0.01345297783,0.02354311311,0,temporal_sigmoid
xgboost,S2,2014,2014-04-14,2014-04-08,2014-04-14,2014-04-15,2014-04-17,2014-04-17,1,0,,0.1427126676,0.02836255704,0.02354311311,1,temporal_sigmoid
xgboost,S2,2014,2014-04-15,2014-04-09,2014-04-15,2014-04-16,2014-04-18,2014-04-18,1,0,,0.2865218818,0.04995368203,0.02354311311,1,temporal_sigmoid
xgboost,S2,2014,2014-04-16,2014-04-10,2014-04-16,2014-04-17,2014-04-19,2014-04-19,1,0,,0.5383844972,0.09683484652,0.02354311311,1,temporal_sigmoid
xgboost,S2,2014,2014-04-17,2014-04-11,2014-04-17,2014-04-18,2014-04-20,2014-04-20,1,0,,0.3917586505,0.06725083775,0.02354311311,1,temporal_sigmoid
xgboost,S2,2014,2014-04-18,2014-04-12,2014-04-18,2014-04-19,2014-04-21,2014-04-21,1,0,,0.4811645746,0.08424013553,0.02354311311,1,temporal_sigmoid
xgboost,S2,2014,2014-04-19,2014-04-13,2014-04-19,2014-04-20,2014-04-22,2014-04-22,1,1,fixed36_0035,0.5016704202,0.08856823816,0.02354311311,1,temporal_sigmoid
xgboost,S2,2014,2014-04-20,2014-04-14,2014-04-20,2014-04-21,2014-04-23,2014-04-23,1,1,fixed36_0035,0.9110696316,0.3141573924,0.02354311311,1,temporal_sigmoid
xgboost,S2,2014,2014-04-21,2014-04-15,2014-04-21,2014-04-22,2014-04-24,2014-04-24,1,1,fixed36_0035,0.9113254547,0.31461281,0.02354311311,1,temporal_sigmoid
xgboost,S2,2014,2014-04-22,2014-04-16,2014-04-22,2014-04-23,2014-04-25,2014-04-25,1,1,fixed36_0035,0.8856167793,0.2752994386,0.02354311311,1,temporal_sigmoid
xgboost,S2,2014,2014-04-23,2014-04-17,2014-04-23,2014-04-24,2014-04-26,2014-04-26,1,1,fixed36_0035,0.8852693439,0.2748429837,0.02354311311,1,temporal_sigmoid
xgboost,S2,2014,2014-04-24,2014-04-18,2014-04-24,2014-04-25,2014-04-27,2014-04-27,1,0,,0.8086955547,0.2022435456,0.02354311311,1,temporal_sigmoid
xgboost,S2,2014,2014-04-25,2014-04-19,2014-04-25,2014-04-26,2014-04-28,2014-04-28,1,0,,0.7514702082,0.1685040765,0.02354311311,1,temporal_sigmoid
xgboost,S2,2014,2014-04-26,2014-04-20,2014-04-26,2014-04-27,2014-04-29,2014-04-29,1,0,,0.4875324368,0.08556395291,0.02354311311,1,temporal_sigmoid
xgboost,S2,2014,2014-04-27,2014-04-21,2014-04-27,2014-04-28,2014-04-30,2014-04-30,1,0,,0.5213003755,0.09289950489,0.02354311311,1,temporal_sigmoid
xgboost,S2,2014,2014-04-28,2014-04-22,2014-04-28,2014-04-29,2014-05-01,2014-05-01,1,0,,0.3664318323,0.06287698028,0.02354311311,1,temporal_sigmoid
xgboost,S2,2014,2014-04-29,2014-04-23,2014-04-29,2014-04-30,2014-05-02,2014-05-02,1,0,,0.02399957925,0.008065918119,0.02354311311,0,temporal_sigmoid
xgboost,S2,2014,2014-04-30,2014-04-24,2014-04-30,2014-05-01,2014-05-03,2014-05-03,1,0,,0.04112977907,0.01165645587,0.02354311311,0,temporal_sigmoid
xgboost,S2,2014,2014-05-01,2014-04-25,2014-05-01,2014-05-02,2014-05-04,2014-05-04,1,0,,0.002470731502,0.001750743084,0.02354311311,0,temporal_sigmoid
xgboost,S2,2014,2014-05-02,2014-04-26,2014-05-02,2014-05-03,2014-05-05,2014-05-05,1,0,,0.00125651143,0.001114029689,0.02354311311,0,temporal_sigmoid
xgboost,S2,2014,2014-05-03,2014-04-27,2014-05-03,2014-05-04,2014-05-06,2014-05-06,1,0,,0.001033934648,0.0009779235172,0.02354311311,0,temporal_sigmoid
xgboost,S2,2014,2014-05-04,2014-04-28,2014-05-04,2014-05-05,2014-05-07,2014-05-07,1,0,,0.001127741067,0.001036363664,0.02354311311,0,temporal_sigmoid
xgboost,S2,2014,2014-05-05,2014-04-29,2014-05-05,2014-05-06,2014-05-08,2014-05-08,1,0,,0.0009413069929,0.0009184660591,0.02354311311,0,temporal_sigmoid
xgboost,S2,2014,2014-05-06,2014-04-30,2014-05-06,2014-05-07,2014-05-09,2014-05-09,1,0,,0.01796410605,0.006628630356,0.02354311311,0,temporal_sigmoid
xgboost,S2,2014,2014-05-07,2014-05-01,2014-05-07,2014-05-08,2014-05-10,2014-05-10,1,0,,0.001341422438,0.001163800814,0.02354311311,0,temporal_sigmoid
xgboost,S2,2014,2014-05-08,2014-05-02,2014-05-08,2014-05-09,2014-05-11,2014-05-11,1,0,,0.001037800219,0.0009803655207,0.02354311311,0,temporal_sigmoid
xgboost,S2,2014,2014-05-09,2014-05-03,2014-05-09,2014-05-10,2014-05-12,2014-05-12,1,0,,0.205844596,0.03776027897,0.02354311311,1,temporal_sigmoid
xgboost,S2,2014,2014-05-10,2014-05-04,2014-05-10,2014-05-11,2014-05-13,2014-05-13,1,0,,0.1734692156,0.03295608034,0.02354311311,1,temporal_sigmoid
xgboost,S2,2014,2014-05-11,2014-05-05,2014-05-11,2014-05-12,2014-05-14,2014-05-14,1,0,,0.007789221127,0.003776998584,0.02354311311,0,temporal_sigmoid
xgboost,S2,2014,2014-05-12,2014-05-06,2014-05-12,2014-05-13,2014-05-15,2014-05-15,1,1,fixed36_0036,0.03259341419,0.009936517774,0.02354311311,0,temporal_sigmoid
xgboost,S2,2014,2014-05-13,2014-05-07,2014-05-13,2014-05-14,2014-05-16,2014-05-16,1,1,fixed36_0036,0.3271356821,0.05637735866,0.02354311311,1,temporal_sigmoid
xgboost,S2,2014,2014-05-14,2014-05-08,2014-05-14,2014-05-15,2014-05-17,2014-05-17,1,0,,0.6429774761,0.1253683766,0.02354311311,1,temporal_sigmoid
xgboost,S2,2014,2014-05-15,2014-05-09,2014-05-15,2014-05-16,2014-05-18,2014-05-18,1,0,,0.08805302531,0.01988055321,0.02354311311,0,temporal_sigmoid
xgboost,S2,2014,2014-05-16,2014-05-10,2014-05-16,2014-05-17,2014-05-19,2014-05-19,1,0,,0.5193553567,0.0924615636,0.02354311311,1,temporal_sigmoid
xgboost,S2,2014,2014-05-17,2014-05-11,2014-05-17,2014-05-18,2014-05-20,2014-05-20,1,0,,0.3011364341,0.05223583309,0.02354311311,1,temporal_sigmoid
xgboost,S2,2014,2014-05-18,2014-05-12,2014-05-18,2014-05-19,2014-05-21,2014-05-21,1,0,,0.2989547849,0.05189321237,0.02354311311,1,temporal_sigmoid
xgboost,S2,2014,2014-05-19,2014-05-13,2014-05-19,2014-05-20,2014-05-22,2014-05-22,1,1,fixed36_0037,0.4027510285,0.06920116842,0.02354311311,1,temporal_sigmoid
xgboost,S2,2014,2014-05-20,2014-05-14,2014-05-20,2014-05-21,2014-05-23,2014-05-23,1,1,fixed36_0037,0.7298544049,0.1582235213,0.02354311311,1,temporal_sigmoid
xgboost,S2,2014,2014-05-21,2014-05-15,2014-05-21,2014-05-22,2014-05-24,2014-05-24,1,0,,0.6521081924,0.1283296088,0.02354311311,1,temporal_sigmoid
xgboost,S2,2014,2014-05-22,2014-05-16,2014-05-22,2014-05-23,2014-05-25,2014-05-25,1,0,,0.5178738832,0.09212932813,0.02354311311,1,temporal_sigmoid
xgboost,S2,2014,2014-05-23,2014-05-17,2014-05-23,2014-05-24,2014-05-26,2014-05-26,1,0,,0.7312040329,0.1588347141,0.02354311311,1,temporal_sigmoid
xgboost,S2,2014,2014-05-24,2014-05-18,2014-05-24,2014-05-25,2014-05-27,2014-05-27,1,0,,0.01297213323,0.005321461627,0.02354311311,0,temporal_sigmoid
xgboost,S2,2014,2014-05-25,2014-05-19,2014-05-25,2014-05-26,2014-05-28,2014-05-28,1,0,,0.003069294151,0.002024134031,0.02354311311,0,temporal_sigmoid
xgboost,S2,2014,2014-05-26,2014-05-20,2014-05-26,2014-05-27,2014-05-29,2014-05-29,1,0,,0.002652935917,0.001836070223,0.02354311311,0,temporal_sigmoid
xgboost,S2,2014,2014-05-27,2014-05-21,2014-05-27,2014-05-28,2014-05-30,2014-05-30,1,0,,0.0007753681275,0.0008068221352,0.02354311311,0,temporal_sigmoid
xgboost,S2,2014,2014-05-28,2014-05-22,2014-05-28,2014-05-29,2014-05-31,2014-05-31,1,0,,0.0003205982794,0.0004471790932,0.02354311311,0,temporal_sigmoid
xgboost,S2,2014,2014-05-29,2014-05-23,2014-05-29,2014-05-30,2014-06-01,2014-06-01,1,0,,0.00269812718,0.00185693076,0.02354311311,0,temporal_sigmoid
xgboost,S2,2014,2014-05-30,2014-05-24,2014-05-30,2014-05-31,2014-06-02,2014-06-02,1,0,,0.0009185479139,0.0009035650151,0.02354311311,0,temporal_sigmoid
xgboost,S2,2014,2014-05-31,2014-05-25,2014-05-31,2014-06-01,2014-06-03,2014-06-03,1,0,,0.0004202027339,0.0005357898239,0.02354311311,0,temporal_sigmoid
xgboost,S2,2014,2014-06-01,2014-05-26,2014-06-01,2014-06-02,2014-06-04,2014-06-04,1,0,,0.0003268963774,0.0004530301521,0.02354311311,0,temporal_sigmoid
xgboost,S2,2014,2014-06-02,2014-05-27,2014-06-02,2014-06-03,2014-06-05,2014-06-05,1,0,,0.000260263856,0.0003890248551,0.02354311311,0,temporal_sigmoid
xgboost,S2,2014,2014-06-03,2014-05-28,2014-06-03,2014-06-04,2014-06-06,2014-06-06,1,0,,0.0005344457459,0.000629196717,0.02354311311,0,temporal_sigmoid
xgboost,S2,2014,2014-06-04,2014-05-29,2014-06-04,2014-06-05,2014-06-07,2014-06-07,1,0,,0.001969040139,0.001504214274,0.02354311311,0,temporal_sigmoid
xgboost,S2,2014,2014-06-05,2014-05-30,2014-06-05,2014-06-06,2014-06-08,2014-06-08,1,0,,0.01024149917,0.004539123383,0.02354311311,0,temporal_sigmoid
xgboost,S2,2014,2014-06-06,2014-05-31,2014-06-06,2014-06-07,2014-06-09,2014-06-09,1,0,,0.0217209477,0.007537971784,0.02354311311,0,temporal_sigmoid
xgboost,S2,2014,2014-06-07,2014-06-01,2014-06-07,2014-06-08,2014-06-10,2014-06-10,1,0,,0.04911966249,0.01317802878,0.02354311311,0,temporal_sigmoid
xgboost,S2,2014,2014-06-08,2014-06-02,2014-06-08,2014-06-09,2014-06-11,2014-06-11,1,0,,0.1060323343,0.02274385764,0.02354311311,0,temporal_sigmoid
xgboost,S2,2014,2014-06-09,2014-06-03,2014-06-09,2014-06-10,2014-06-12,2014-06-12,1,0,,0.003689580597,0.002289425689,0.02354311311,0,temporal_sigmoid
xgboost,S2,2014,2014-06-10,2014-06-04,2014-06-10,2014-06-11,2014-06-13,2014-06-13,1,0,,0.003608223749,0.002255517477,0.02354311311,0,temporal_sigmoid
xgboost,S2,2014,2014-06-11,2014-06-05,2014-06-11,2014-06-12,2014-06-14,2014-06-14,1,0,,0.001335964422,0.001160633558,0.02354311311,0,temporal_sigmoid
xgboost,S2,2014,2014-06-12,2014-06-06,2014-06-12,2014-06-13,2014-06-15,2014-06-15,1,0,,0.01886609383,0.006851910313,0.02354311311,0,temporal_sigmoid
xgboost,S2,2014,2014-06-13,2014-06-07,2014-06-13,2014-06-14,2014-06-16,2014-06-16,1,0,,0.006657023448,0.003399333113,0.02354311311,0,temporal_sigmoid
xgboost,S2,2014,2014-06-14,2014-06-08,2014-06-14,2014-06-15,2014-06-17,2014-06-17,1,0,,0.001246557804,0.001108123465,0.02354311311,0,temporal_sigmoid
xgboost,S2,2014,2014-06-15,2014-06-09,2014-06-15,2014-06-16,2014-06-18,2014-06-18,1,0,,0.0007838184829,0.0008126877673,0.02354311311,0,temporal_sigmoid
xgboost,S2,2014,2014-06-16,2014-06-10,2014-06-16,2014-06-17,2014-06-19,2014-06-19,1,0,,0.005293421913,0.002915294718,0.02354311311,0,temporal_sigmoid
xgboost,S2,2014,2014-06-17,2014-06-11,2014-06-17,2014-06-18,2014-06-20,2014-06-20,1,0,,0.000842459267,0.0008528312773,0.02354311311,0,temporal_sigmoid
xgboost,S2,2014,2014-06-18,2014-06-12,2014-06-18,2014-06-19,2014-06-21,2014-06-21,1,0,,0.001369343721,0.001179937181,0.02354311311,0,temporal_sigmoid
xgboost,S2,2014,2014-06-19,2014-06-13,2014-06-19,2014-06-20,2014-06-22,2014-06-22,1,0,,0.0005629346706,0.0006514152654,0.02354311311,0,temporal_sigmoid
xgboost,S2,2014,2014-06-20,2014-06-14,2014-06-20,2014-06-21,2014-06-23,2014-06-23,1,0,,0.0006478219875,0.0007155152314,0.02354311311,0,temporal_sigmoid
xgboost,S2,2014,2014-06-21,2014-06-15,2014-06-21,2014-06-22,2014-06-24,2014-06-24,1,0,,0.0004401033802,0.0005526151345,0.02354311311,0,temporal_sigmoid
xgboost,S2,2014,2014-06-22,2014-06-16,2014-06-22,2014-06-23,2014-06-25,2014-06-25,1,0,,0.0003505923087,0.0004747177004,0.02354311311,0,temporal_sigmoid
xgboost,S2,2014,2014-06-23,2014-06-17,2014-06-23,2014-06-24,2014-06-26,2014-06-26,1,0,,0.0002896265942,0.0004178288752,0.02354311311,0,temporal_sigmoid
xgboost,S2,2014,2014-06-24,2014-06-18,2014-06-24,2014-06-25,2014-06-27,2014-06-27,1,0,,0.0003635779431,0.0004863958505,0.02354311311,0,temporal_sigmoid
xgboost,S2,2014,2014-06-25,2014-06-19,2014-06-25,2014-06-26,2014-06-28,2014-06-28,1,0,,0.000434495043,0.0005478994954,0.02354311311,0,temporal_sigmoid
xgboost,S2,2014,2014-06-26,2014-06-20,2014-06-26,2014-06-27,2014-06-29,2014-06-29,1,0,,0.00111420732,0.00102803467,0.02354311311,0,temporal_sigmoid
xgboost,S2,2014,2014-06-27,2014-06-21,2014-06-27,2014-06-28,2014-06-30,2014-06-30,1,0,,0.001022425247,0.0009706346841,0.02354311311,0,temporal_sigmoid
xgboost,S2,2015,2015-02-28,2015-02-22,2015-02-28,2015-03-01,2015-03-03,2015-03-03,1,0,,0.002971656853,0.008553534252,0.01744897897,0,temporal_sigmoid
xgboost,S2,2015,2015-03-01,2015-02-23,2015-03-01,2015-03-02,2015-03-04,2015-03-04,1,0,,0.001761255087,0.006448932945,0.01744897897,0,temporal_sigmoid
xgboost,S2,2015,2015-03-02,2015-02-24,2015-03-02,2015-03-03,2015-03-05,2015-03-05,1,0,,0.009304815903,0.01582991727,0.01744897897,0,temporal_sigmoid
xgboost,S2,2015,2015-03-03,2015-02-25,2015-03-03,2015-03-04,2015-03-06,2015-03-06,1,0,,0.008104451932,0.0146939902,0.01744897897,0,temporal_sigmoid
xgboost,S2,2015,2015-03-04,2015-02-26,2015-03-04,2015-03-05,2015-03-07,2015-03-07,1,0,,0.001230776194,0.005313593108,0.01744897897,0,temporal_sigmoid
xgboost,S2,2015,2015-03-05,2015-02-27,2015-03-05,2015-03-06,2015-03-08,2015-03-08,1,0,,0.009288460948,0.01581491005,0.01744897897,0,temporal_sigmoid
xgboost,S2,2015,2015-03-06,2015-02-28,2015-03-06,2015-03-07,2015-03-09,2015-03-09,1,0,,0.009811882861,0.01628933058,0.01744897897,0,temporal_sigmoid
xgboost,S2,2015,2015-03-07,2015-03-01,2015-03-07,2015-03-08,2015-03-10,2015-03-10,1,0,,0.007097903639,0.0136801319,0.01744897897,0,temporal_sigmoid
xgboost,S2,2015,2015-03-08,2015-03-02,2015-03-08,2015-03-09,2015-03-11,2015-03-11,1,0,,0.01380015258,0.01957912603,0.01744897897,1,temporal_sigmoid
xgboost,S2,2015,2015-03-09,2015-03-03,2015-03-09,2015-03-10,2015-03-12,2015-03-12,1,0,,0.004165112972,0.01026257477,0.01744897897,0,temporal_sigmoid
xgboost,S2,2015,2015-03-10,2015-03-04,2015-03-10,2015-03-11,2015-03-13,2015-03-13,1,0,,0.008079169318,0.01466925987,0.01744897897,0,temporal_sigmoid
xgboost,S2,2015,2015-03-11,2015-03-05,2015-03-11,2015-03-12,2015-03-14,2015-03-14,1,0,,0.001467878581,0.005844352062,0.01744897897,0,temporal_sigmoid
xgboost,S2,2015,2015-03-12,2015-03-06,2015-03-12,2015-03-13,2015-03-15,2015-03-15,1,0,,0.001725576702,0.006378032899,0.01744897897,0,temporal_sigmoid
xgboost,S2,2015,2015-03-13,2015-03-07,2015-03-13,2015-03-14,2015-03-16,2015-03-16,1,0,,0.003232888645,0.008951425778,0.01744897897,0,temporal_sigmoid
xgboost,S2,2015,2015-03-14,2015-03-08,2015-03-14,2015-03-15,2015-03-17,2015-03-17,1,0,,0.005828703754,0.01230160661,0.01744897897,0,temporal_sigmoid
xgboost,S2,2015,2015-03-15,2015-03-09,2015-03-15,2015-03-16,2015-03-18,2015-03-18,1,0,,0.01934284158,0.02349449237,0.01744897897,1,temporal_sigmoid
xgboost,S2,2015,2015-03-16,2015-03-10,2015-03-16,2015-03-17,2015-03-19,2015-03-19,1,0,,0.006638778839,0.01319571744,0.01744897897,0,temporal_sigmoid
xgboost,S2,2015,2015-03-17,2015-03-11,2015-03-17,2015-03-18,2015-03-20,2015-03-20,1,0,,0.005290194415,0.01167510974,0.01744897897,0,temporal_sigmoid
xgboost,S2,2015,2015-03-18,2015-03-12,2015-03-18,2015-03-19,2015-03-21,2015-03-21,1,0,,0.004722125828,0.01098137332,0.01744897897,0,temporal_sigmoid
xgboost,S2,2015,2015-03-19,2015-03-13,2015-03-19,2015-03-20,2015-03-22,2015-03-22,1,0,,0.004025912844,0.01007612091,0.01744897897,0,temporal_sigmoid
xgboost,S2,2015,2015-03-20,2015-03-14,2015-03-20,2015-03-21,2015-03-23,2015-03-23,1,0,,0.002351967152,0.007539122968,0.01744897897,0,temporal_sigmoid
xgboost,S2,2015,2015-03-21,2015-03-15,2015-03-21,2015-03-22,2015-03-24,2015-03-24,1,0,,0.003084953176,0.008728006723,0.01744897897,0,temporal_sigmoid
xgboost,S2,2015,2015-03-22,2015-03-16,2015-03-22,2015-03-23,2015-03-25,2015-03-25,1,0,,0.002694795839,0.008113757285,0.01744897897,0,temporal_sigmoid
xgboost,S2,2015,2015-03-23,2015-03-17,2015-03-23,2015-03-24,2015-03-26,2015-03-26,1,0,,0.02553507686,0.02730376654,0.01744897897,1,temporal_sigmoid
xgboost,S2,2015,2015-03-24,2015-03-18,2015-03-24,2015-03-25,2015-03-27,2015-03-27,1,0,,0.07406393439,0.04892072515,0.01744897897,1,temporal_sigmoid
xgboost,S2,2015,2015-03-25,2015-03-19,2015-03-25,2015-03-26,2015-03-28,2015-03-28,1,0,,0.02514257468,0.02707561967,0.01744897897,1,temporal_sigmoid
xgboost,S2,2015,2015-03-26,2015-03-20,2015-03-26,2015-03-27,2015-03-29,2015-03-29,1,0,,0.01756591909,0.02230266142,0.01744897897,1,temporal_sigmoid
xgboost,S2,2015,2015-03-27,2015-03-21,2015-03-27,2015-03-28,2015-03-30,2015-03-30,1,0,,0.002265065443,0.007387422998,0.01744897897,0,temporal_sigmoid
xgboost,S2,2015,2015-03-28,2015-03-22,2015-03-28,2015-03-29,2015-03-31,2015-03-31,1,0,,0.005383171141,0.01178531187,0.01744897897,0,temporal_sigmoid
xgboost,S2,2015,2015-03-29,2015-03-23,2015-03-29,2015-03-30,2015-04-01,2015-04-01,1,0,,0.07153578848,0.04798350156,0.01744897897,1,temporal_sigmoid
xgboost,S2,2015,2015-03-30,2015-03-24,2015-03-30,2015-03-31,2015-04-02,2015-04-02,1,0,,0.07022215426,0.04749136846,0.01744897897,1,temporal_sigmoid
xgboost,S2,2015,2015-03-31,2015-03-25,2015-03-31,2015-04-01,2015-04-03,2015-04-03,1,0,,0.008490440436,0.0150672296,0.01744897897,0,temporal_sigmoid
xgboost,S2,2015,2015-04-01,2015-03-26,2015-04-01,2015-04-02,2015-04-04,2015-04-04,1,0,,0.001846419415,0.006615539244,0.01744897897,0,temporal_sigmoid
xgboost,S2,2015,2015-04-02,2015-03-27,2015-04-02,2015-04-03,2015-04-05,2015-04-05,1,0,,0.001644595875,0.006214551763,0.01744897897,0,temporal_sigmoid
xgboost,S2,2015,2015-04-03,2015-03-28,2015-04-03,2015-04-04,2015-04-06,2015-04-06,1,0,,0.001804581378,0.006534145505,0.01744897897,0,temporal_sigmoid
xgboost,S2,2015,2015-04-04,2015-03-29,2015-04-04,2015-04-05,2015-04-07,2015-04-07,1,0,,0.001332564512,0.005546758254,0.01744897897,0,temporal_sigmoid
xgboost,S2,2015,2015-04-05,2015-03-30,2015-04-05,2015-04-06,2015-04-08,2015-04-08,1,0,,0.001914986642,0.006747114263,0.01744897897,0,temporal_sigmoid
xgboost,S2,2015,2015-04-06,2015-03-31,2015-04-06,2015-04-07,2015-04-09,2015-04-09,1,0,,0.001937638619,0.006790101964,0.01744897897,0,temporal_sigmoid
xgboost,S2,2015,2015-04-07,2015-04-01,2015-04-07,2015-04-08,2015-04-10,2015-04-10,1,0,,0.002983390354,0.00857174446,0.01744897897,0,temporal_sigmoid
xgboost,S2,2015,2015-04-08,2015-04-02,2015-04-08,2015-04-09,2015-04-11,2015-04-11,1,0,,0.003650722327,0.009558155676,0.01744897897,0,temporal_sigmoid
xgboost,S2,2015,2015-04-09,2015-04-03,2015-04-09,2015-04-10,2015-04-12,2015-04-12,1,0,,0.004315855913,0.01046127131,0.01744897897,0,temporal_sigmoid
xgboost,S2,2015,2015-04-10,2015-04-04,2015-04-10,2015-04-11,2015-04-13,2015-04-13,1,0,,0.0009653671877,0.00465973928,0.01744897897,0,temporal_sigmoid
xgboost,S2,2015,2015-04-11,2015-04-05,2015-04-11,2015-04-12,2015-04-14,2015-04-14,1,0,,0.00273810979,0.008183891363,0.01744897897,0,temporal_sigmoid
xgboost,S2,2015,2015-04-12,2015-04-06,2015-04-12,2015-04-13,2015-04-15,2015-04-15,1,0,,0.002315290272,0.007475419189,0.01744897897,0,temporal_sigmoid
xgboost,S2,2015,2015-04-13,2015-04-07,2015-04-13,2015-04-14,2015-04-16,2015-04-16,1,0,,0.006608286407,0.01316300629,0.01744897897,0,temporal_sigmoid
xgboost,S2,2015,2015-04-14,2015-04-08,2015-04-14,2015-04-15,2015-04-17,2015-04-17,1,0,,0.0483219251,0.03864068364,0.01744897897,1,temporal_sigmoid
xgboost,S2,2015,2015-04-15,2015-04-09,2015-04-15,2015-04-16,2015-04-18,2015-04-18,1,0,,0.1330036372,0.06824482235,0.01744897897,1,temporal_sigmoid
xgboost,S2,2015,2015-04-16,2015-04-10,2015-04-16,2015-04-17,2015-04-19,2015-04-19,1,0,,0.05218277499,0.0403058051,0.01744897897,1,temporal_sigmoid
xgboost,S2,2015,2015-04-17,2015-04-11,2015-04-17,2015-04-18,2015-04-20,2015-04-20,1,0,,0.007219531573,0.01380601683,0.01744897897,0,temporal_sigmoid
xgboost,S2,2015,2015-04-18,2015-04-12,2015-04-18,2015-04-19,2015-04-21,2015-04-21,1,0,,0.003472853452,0.009304019747,0.01744897897,0,temporal_sigmoid
xgboost,S2,2015,2015-04-19,2015-04-13,2015-04-19,2015-04-20,2015-04-22,2015-04-22,1,0,,0.0008710440015,0.004407736561,0.01744897897,0,temporal_sigmoid
xgboost,S2,2015,2015-04-20,2015-04-14,2015-04-20,2015-04-21,2015-04-23,2015-04-23,1,0,,0.0009324738639,0.004573203492,0.01744897897,0,temporal_sigmoid
xgboost,S2,2015,2015-04-21,2015-04-15,2015-04-21,2015-04-22,2015-04-24,2015-04-24,1,0,,0.002939027734,0.008502718981,0.01744897897,0,temporal_sigmoid
xgboost,S2,2015,2015-04-22,2015-04-16,2015-04-22,2015-04-23,2015-04-25,2015-04-25,1,0,,0.001740988577,0.006408741579,0.01744897897,0,temporal_sigmoid
xgboost,S2,2015,2015-04-23,2015-04-17,2015-04-23,2015-04-24,2015-04-26,2015-04-26,1,0,,0.001475583878,0.005860908894,0.01744897897,0,temporal_sigmoid
xgboost,S2,2015,2015-04-24,2015-04-18,2015-04-24,2015-04-25,2015-04-27,2015-04-27,1,0,,0.001659130212,0.00624416219,0.01744897897,0,temporal_sigmoid
xgboost,S2,2015,2015-04-25,2015-04-19,2015-04-25,2015-04-26,2015-04-28,2015-04-28,1,0,,0.000721293618,0.003980182432,0.01744897897,0,temporal_sigmoid
xgboost,S2,2015,2015-04-26,2015-04-20,2015-04-26,2015-04-27,2015-04-29,2015-04-29,1,0,,0.0007654261426,0.004110115971,0.01744897897,0,temporal_sigmoid
xgboost,S2,2015,2015-04-27,2015-04-21,2015-04-27,2015-04-28,2015-04-30,2015-04-30,1,0,,0.001065777149,0.004915823103,0.01744897897,0,temporal_sigmoid
xgboost,S2,2015,2015-04-28,2015-04-22,2015-04-28,2015-04-29,2015-05-01,2015-05-01,1,0,,0.0007979684742,0.004203727856,0.01744897897,0,temporal_sigmoid
xgboost,S2,2015,2015-04-29,2015-04-23,2015-04-29,2015-04-30,2015-05-02,2015-05-02,1,0,,0.0035964977,0.009481298945,0.01744897897,0,temporal_sigmoid
xgboost,S2,2015,2015-04-30,2015-04-24,2015-04-30,2015-05-01,2015-05-03,2015-05-03,1,0,,0.00142503134,0.005751542624,0.01744897897,0,temporal_sigmoid
xgboost,S2,2015,2015-05-01,2015-04-25,2015-05-01,2015-05-02,2015-05-04,2015-05-04,1,0,,0.0006466955529,0.003751918922,0.01744897897,0,temporal_sigmoid
xgboost,S2,2015,2015-05-02,2015-04-26,2015-05-02,2015-05-03,2015-05-05,2015-05-05,1,0,,0.001616637688,0.006157251623,0.01744897897,0,temporal_sigmoid
xgboost,S2,2015,2015-05-03,2015-04-27,2015-05-03,2015-05-04,2015-05-06,2015-05-06,1,0,,0.001343923737,0.005572260956,0.01744897897,0,temporal_sigmoid
xgboost,S2,2015,2015-05-04,2015-04-28,2015-05-04,2015-05-05,2015-05-07,2015-05-07,1,0,,0.001656283741,0.006238372604,0.01744897897,0,temporal_sigmoid
xgboost,S2,2015,2015-05-05,2015-04-29,2015-05-05,2015-05-06,2015-05-08,2015-05-08,1,0,,0.007649926934,0.0142438103,0.01744897897,0,temporal_sigmoid
xgboost,S2,2015,2015-05-06,2015-04-30,2015-05-06,2015-05-07,2015-05-09,2015-05-09,1,0,,0.008818132803,0.01537800602,0.01744897897,0,temporal_sigmoid
xgboost,S2,2015,2015-05-07,2015-05-01,2015-05-07,2015-05-08,2015-05-10,2015-05-10,1,0,,0.001771714189,0.006469591313,0.01744897897,0,temporal_sigmoid
xgboost,S2,2015,2015-05-08,2015-05-02,2015-05-08,2015-05-09,2015-05-11,2015-05-11,1,0,,0.00680140499,0.01336901842,0.01744897897,0,temporal_sigmoid
xgboost,S2,2015,2015-05-09,2015-05-03,2015-05-09,2015-05-10,2015-05-12,2015-05-12,1,0,,0.003247077577,0.008972603875,0.01744897897,0,temporal_sigmoid
xgboost,S2,2015,2015-05-10,2015-05-04,2015-05-10,2015-05-11,2015-05-13,2015-05-13,1,0,,0.001453038538,0.005812350989,0.01744897897,0,temporal_sigmoid
xgboost,S2,2015,2015-05-11,2015-05-05,2015-05-11,2015-05-12,2015-05-14,2015-05-14,1,0,,0.0009832376381,0.004706183303,0.01744897897,0,temporal_sigmoid
xgboost,S2,2015,2015-05-12,2015-05-06,2015-05-12,2015-05-13,2015-05-15,2015-05-15,1,0,,0.001030868501,0.004828107029,0.01744897897,0,temporal_sigmoid
xgboost,S2,2015,2015-05-13,2015-05-07,2015-05-13,2015-05-14,2015-05-16,2015-05-16,1,0,,0.002058528131,0.00701569984,0.01744897897,0,temporal_sigmoid
xgboost,S2,2015,2015-05-14,2015-05-08,2015-05-14,2015-05-15,2015-05-17,2015-05-17,1,0,,0.003014331916,0.008619607242,0.01744897897,0,temporal_sigmoid
xgboost,S2,2015,2015-05-15,2015-05-09,2015-05-15,2015-05-16,2015-05-18,2015-05-18,1,0,,0.003058937611,0.008688209087,0.01744897897,0,temporal_sigmoid
xgboost,S2,2015,2015-05-16,2015-05-10,2015-05-16,2015-05-17,2015-05-19,2015-05-19,1,0,,0.001706876676,0.006340601971,0.01744897897,0,temporal_sigmoid
xgboost,S2,2015,2015-05-17,2015-05-11,2015-05-17,2015-05-18,2015-05-20,2015-05-20,1,0,,0.002846944844,0.00835788936,0.01744897897,0,temporal_sigmoid
xgboost,S2,2015,2015-05-18,2015-05-12,2015-05-18,2015-05-19,2015-05-21,2015-05-21,1,0,,0.00662970962,0.01318599558,0.01744897897,0,temporal_sigmoid
xgboost,S2,2015,2015-05-19,2015-05-13,2015-05-19,2015-05-20,2015-05-22,2015-05-22,1,0,,0.04377991706,0.03660783209,0.01744897897,1,temporal_sigmoid
xgboost,S2,2015,2015-05-20,2015-05-14,2015-05-20,2015-05-21,2015-05-23,2015-05-23,1,0,,0.02606392838,0.02760870262,0.01744897897,1,temporal_sigmoid
xgboost,S2,2015,2015-05-21,2015-05-15,2015-05-21,2015-05-22,2015-05-24,2015-05-24,1,0,,0.002328676172,0.007498722691,0.01744897897,0,temporal_sigmoid
xgboost,S2,2015,2015-05-22,2015-05-16,2015-05-22,2015-05-23,2015-05-25,2015-05-25,1,0,,0.008880210109,0.01543627597,0.01744897897,0,temporal_sigmoid
xgboost,S2,2015,2015-05-23,2015-05-17,2015-05-23,2015-05-24,2015-05-26,2015-05-26,1,0,,0.01418368984,0.01987087402,0.01744897897,1,temporal_sigmoid
xgboost,S2,2015,2015-05-24,2015-05-18,2015-05-24,2015-05-25,2015-05-27,2015-05-27,1,0,,0.005652766209,0.01209998071,0.01744897897,0,temporal_sigmoid
xgboost,S2,2015,2015-05-25,2015-05-19,2015-05-25,2015-05-26,2015-05-28,2015-05-28,1,0,,0.01827285625,0.02278309236,0.01744897897,1,temporal_sigmoid
xgboost,S2,2015,2015-05-26,2015-05-20,2015-05-26,2015-05-27,2015-05-29,2015-05-29,1,0,,0.01401825622,0.01974548039,0.01744897897,1,temporal_sigmoid
xgboost,S2,2015,2015-05-27,2015-05-21,2015-05-27,2015-05-28,2015-05-30,2015-05-30,1,0,,0.002841420472,0.008349132214,0.01744897897,0,temporal_sigmoid
xgboost,S2,2015,2015-05-28,2015-05-22,2015-05-28,2015-05-29,2015-05-31,2015-05-31,1,0,,0.0206466876,0.02433771113,0.01744897897,1,temporal_sigmoid
xgboost,S2,2015,2015-05-29,2015-05-23,2015-05-29,2015-05-30,2015-06-01,2015-06-01,1,0,,0.0291839391,0.02935429067,0.01744897897,1,temporal_sigmoid
xgboost,S2,2015,2015-05-30,2015-05-24,2015-05-30,2015-05-31,2015-06-02,2015-06-02,1,0,,0.01006451901,0.01651414472,0.01744897897,0,temporal_sigmoid
xgboost,S2,2015,2015-05-31,2015-05-25,2015-05-31,2015-06-01,2015-06-03,2015-06-03,1,0,,0.009619441815,0.01611629099,0.01744897897,0,temporal_sigmoid
xgboost,S2,2015,2015-06-01,2015-05-26,2015-06-01,2015-06-02,2015-06-04,2015-06-04,1,0,,0.02944120578,0.02949443085,0.01744897897,1,temporal_sigmoid
xgboost,S2,2015,2015-06-02,2015-05-27,2015-06-02,2015-06-03,2015-06-05,2015-06-05,1,0,,0.01315476745,0.01907969221,0.01744897897,1,temporal_sigmoid
xgboost,S2,2015,2015-06-03,2015-05-28,2015-06-03,2015-06-04,2015-06-06,2015-06-06,1,0,,0.1127935499,0.06204025161,0.01744897897,1,temporal_sigmoid
xgboost,S2,2015,2015-06-04,2015-05-29,2015-06-04,2015-06-05,2015-06-07,2015-06-07,1,0,,0.135352388,0.06894585824,0.01744897897,1,temporal_sigmoid
xgboost,S2,2015,2015-06-05,2015-05-30,2015-06-05,2015-06-06,2015-06-08,2015-06-08,1,0,,0.05668551475,0.04218394481,0.01744897897,1,temporal_sigmoid
xgboost,S2,2015,2015-06-06,2015-05-31,2015-06-06,2015-06-07,2015-06-09,2015-06-09,1,0,,0.003923602402,0.009937173341,0.01744897897,0,temporal_sigmoid
xgboost,S2,2015,2015-06-07,2015-06-01,2015-06-07,2015-06-08,2015-06-10,2015-06-10,1,0,,0.06246378273,0.04450615765,0.01744897897,1,temporal_sigmoid
xgboost,S2,2015,2015-06-08,2015-06-02,2015-06-08,2015-06-09,2015-06-11,2015-06-11,1,0,,0.07429718226,0.04900655661,0.01744897897,1,temporal_sigmoid
xgboost,S2,2015,2015-06-09,2015-06-03,2015-06-09,2015-06-10,2015-06-12,2015-06-12,1,0,,0.08293332905,0.052114687,0.01744897897,1,temporal_sigmoid
xgboost,S2,2015,2015-06-10,2015-06-04,2015-06-10,2015-06-11,2015-06-13,2015-06-13,1,0,,0.005517813377,0.01194335252,0.01744897897,0,temporal_sigmoid
xgboost,S2,2015,2015-06-11,2015-06-05,2015-06-11,2015-06-12,2015-06-14,2015-06-14,1,0,,0.002217524685,0.007303295412,0.01744897897,0,temporal_sigmoid
xgboost,S2,2015,2015-06-12,2015-06-06,2015-06-12,2015-06-13,2015-06-15,2015-06-15,1,0,,0.001546774525,0.006012034249,0.01744897897,0,temporal_sigmoid
xgboost,S2,2015,2015-06-13,2015-06-07,2015-06-13,2015-06-14,2015-06-16,2015-06-16,1,0,,0.00150087208,0.005914968823,0.01744897897,0,temporal_sigmoid
xgboost,S2,2015,2015-06-14,2015-06-08,2015-06-14,2015-06-15,2015-06-17,2015-06-17,1,0,,0.001546930638,0.006012362081,0.01744897897,0,temporal_sigmoid
xgboost,S2,2015,2015-06-15,2015-06-09,2015-06-15,2015-06-16,2015-06-18,2015-06-18,1,0,,0.002654686337,0.008048346001,0.01744897897,0,temporal_sigmoid
xgboost,S2,2015,2015-06-16,2015-06-10,2015-06-16,2015-06-17,2015-06-19,2015-06-19,1,0,,0.000972854381,0.004679245781,0.01744897897,0,temporal_sigmoid
xgboost,S2,2015,2015-06-17,2015-06-11,2015-06-17,2015-06-18,2015-06-20,2015-06-20,1,0,,0.001700463356,0.006327721197,0.01744897897,0,temporal_sigmoid
xgboost,S2,2015,2015-06-18,2015-06-12,2015-06-18,2015-06-19,2015-06-21,2015-06-21,1,0,,0.0008937482489,0.004469500341,0.01744897897,0,temporal_sigmoid
xgboost,S2,2015,2015-06-19,2015-06-13,2015-06-19,2015-06-20,2015-06-22,2015-06-22,1,0,,0.00104511797,0.004864075001,0.01744897897,0,temporal_sigmoid
xgboost,S2,2015,2015-06-20,2015-06-14,2015-06-20,2015-06-21,2015-06-23,2015-06-23,1,0,,0.0008011028403,0.004212650583,0.01744897897,0,temporal_sigmoid
xgboost,S2,2015,2015-06-21,2015-06-15,2015-06-21,2015-06-22,2015-06-24,2015-06-24,1,0,,0.0008340302156,0.004305432462,0.01744897897,0,temporal_sigmoid
xgboost,S2,2015,2015-06-22,2015-06-16,2015-06-22,2015-06-23,2015-06-25,2015-06-25,1,0,,0.001006817212,0.004766873703,0.01744897897,0,temporal_sigmoid
xgboost,S2,2015,2015-06-23,2015-06-17,2015-06-23,2015-06-24,2015-06-26,2015-06-26,1,0,,0.0007785402704,0.004148056685,0.01744897897,0,temporal_sigmoid
xgboost,S2,2015,2015-06-24,2015-06-18,2015-06-24,2015-06-25,2015-06-27,2015-06-27,1,0,,0.0008545999881,0.004362538529,0.01744897897,0,temporal_sigmoid
xgboost,S2,2015,2015-06-25,2015-06-19,2015-06-25,2015-06-26,2015-06-28,2015-06-28,1,0,,0.0006381402491,0.003724982457,0.01744897897,0,temporal_sigmoid
xgboost,S2,2015,2015-06-26,2015-06-20,2015-06-26,2015-06-27,2015-06-29,2015-06-29,1,0,,0.0009367718012,0.004584589517,0.01744897897,0,temporal_sigmoid
xgboost,S2,2015,2015-06-27,2015-06-21,2015-06-27,2015-06-28,2015-06-30,2015-06-30,1,0,,0.0009061110904,0.004502827797,0.01744897897,0,temporal_sigmoid
xgboost,S2,2016,2016-02-29,2016-02-23,2016-02-29,2016-03-01,2016-03-03,2016-03-03,1,0,,0.002764530946,0.01233852587,0.01735781577,0,temporal_sigmoid
xgboost,S2,2016,2016-03-01,2016-02-24,2016-03-01,2016-03-02,2016-03-04,2016-03-04,1,0,,0.001174482168,0.008113577534,0.01735781577,0,temporal_sigmoid
xgboost,S2,2016,2016-03-02,2016-02-25,2016-03-02,2016-03-03,2016-03-05,2016-03-05,1,0,,0.0005559073761,0.005620550268,0.01735781577,0,temporal_sigmoid
xgboost,S2,2016,2016-03-03,2016-02-26,2016-03-03,2016-03-04,2016-03-06,2016-03-06,1,0,,0.006427791901,0.01862971946,0.01735781577,1,temporal_sigmoid
xgboost,S2,2016,2016-03-04,2016-02-27,2016-03-04,2016-03-05,2016-03-07,2016-03-07,1,0,,0.005429049022,0.01715662244,0.01735781577,0,temporal_sigmoid
xgboost,S2,2016,2016-03-05,2016-02-28,2016-03-05,2016-03-06,2016-03-08,2016-03-08,1,0,,0.004745627753,0.01606631518,0.01735781577,0,temporal_sigmoid
xgboost,S2,2016,2016-03-06,2016-02-29,2016-03-06,2016-03-07,2016-03-09,2016-03-09,1,0,,0.0004322515742,0.004966928548,0.01735781577,0,temporal_sigmoid
xgboost,S2,2016,2016-03-07,2016-03-01,2016-03-07,2016-03-08,2016-03-10,2016-03-10,1,0,,0.0007555478369,0.006534597988,0.01735781577,0,temporal_sigmoid
xgboost,S2,2016,2016-03-08,2016-03-02,2016-03-08,2016-03-09,2016-03-11,2016-03-11,1,0,,0.001066549099,0.007738952561,0.01735781577,0,temporal_sigmoid
xgboost,S2,2016,2016-03-09,2016-03-03,2016-03-09,2016-03-10,2016-03-12,2016-03-12,1,0,,0.002279886976,0.01122835857,0.01735781577,0,temporal_sigmoid
xgboost,S2,2016,2016-03-10,2016-03-04,2016-03-10,2016-03-11,2016-03-13,2016-03-13,1,0,,0.001161261695,0.008068666973,0.01735781577,0,temporal_sigmoid
xgboost,S2,2016,2016-03-11,2016-03-05,2016-03-11,2016-03-12,2016-03-14,2016-03-14,1,0,,0.00153055496,0.009238010809,0.01735781577,0,temporal_sigmoid
xgboost,S2,2016,2016-03-12,2016-03-06,2016-03-12,2016-03-13,2016-03-15,2016-03-15,1,0,,0.009404821321,0.02242729471,0.01735781577,1,temporal_sigmoid
xgboost,S2,2016,2016-03-13,2016-03-07,2016-03-13,2016-03-14,2016-03-16,2016-03-16,1,0,,0.00135634758,0.008706887783,0.01735781577,0,temporal_sigmoid
xgboost,S2,2016,2016-03-14,2016-03-08,2016-03-14,2016-03-15,2016-03-17,2016-03-17,1,0,,0.001169973286,0.008098289905,0.01735781577,0,temporal_sigmoid
xgboost,S2,2016,2016-03-15,2016-03-09,2016-03-15,2016-03-16,2016-03-18,2016-03-18,1,0,,0.0004921387299,0.005293966119,0.01735781577,0,temporal_sigmoid
xgboost,S2,2016,2016-03-16,2016-03-10,2016-03-16,2016-03-17,2016-03-19,2016-03-19,1,0,,0.0002343381639,0.003675567264,0.01735781577,0,temporal_sigmoid
xgboost,S2,2016,2016-03-17,2016-03-11,2016-03-17,2016-03-18,2016-03-20,2016-03-20,1,0,,0.0006146277301,0.005904722658,0.01735781577,0,temporal_sigmoid
xgboost,S2,2016,2016-03-18,2016-03-12,2016-03-18,2016-03-19,2016-03-21,2016-03-21,1,0,,0.0009050251683,0.007139954085,0.01735781577,0,temporal_sigmoid
xgboost,S2,2016,2016-03-19,2016-03-13,2016-03-19,2016-03-20,2016-03-22,2016-03-22,1,0,,0.0004346244968,0.004980311688,0.01735781577,0,temporal_sigmoid
xgboost,S2,2016,2016-03-20,2016-03-14,2016-03-20,2016-03-21,2016-03-23,2016-03-23,1,0,,0.0005859064404,0.005767548717,0.01735781577,0,temporal_sigmoid
xgboost,S2,2016,2016-03-21,2016-03-15,2016-03-21,2016-03-22,2016-03-24,2016-03-24,1,0,,0.001614233595,0.00948208029,0.01735781577,0,temporal_sigmoid
xgboost,S2,2016,2016-03-22,2016-03-16,2016-03-22,2016-03-23,2016-03-25,2016-03-25,1,0,,0.09697376937,0.0706285367,0.01735781577,1,temporal_sigmoid
xgboost,S2,2016,2016-03-23,2016-03-17,2016-03-23,2016-03-24,2016-03-26,2016-03-26,1,0,,0.003314809874,0.01348352783,0.01735781577,0,temporal_sigmoid
xgboost,S2,2016,2016-03-24,2016-03-18,2016-03-24,2016-03-25,2016-03-27,2016-03-27,1,0,,0.002864960581,0.01255570402,0.01735781577,0,temporal_sigmoid
xgboost,S2,2016,2016-03-25,2016-03-19,2016-03-25,2016-03-26,2016-03-28,2016-03-28,1,0,,0.001340743038,0.008657646834,0.01735781577,0,temporal_sigmoid
xgboost,S2,2016,2016-03-26,2016-03-20,2016-03-26,2016-03-27,2016-03-29,2016-03-29,1,0,,0.001229676418,0.00829833283,0.01735781577,0,temporal_sigmoid
xgboost,S2,2016,2016-03-27,2016-03-21,2016-03-27,2016-03-28,2016-03-30,2016-03-30,1,0,,0.0009809484472,0.007427793408,0.01735781577,0,temporal_sigmoid
xgboost,S2,2016,2016-03-28,2016-03-22,2016-03-28,2016-03-29,2016-03-31,2016-03-31,1,0,,0.002422258025,0.01156611646,0.01735781577,0,temporal_sigmoid
xgboost,S2,2016,2016-03-29,2016-03-23,2016-03-29,2016-03-30,2016-04-01,2016-04-01,1,0,,0.001015904243,0.007556474682,0.01735781577,0,temporal_sigmoid
xgboost,S2,2016,2016-03-30,2016-03-24,2016-03-30,2016-03-31,2016-04-02,2016-04-02,1,0,,0.000783924188,0.006653937683,0.01735781577,0,temporal_sigmoid
xgboost,S2,2016,2016-03-31,2016-03-25,2016-03-31,2016-04-01,2016-04-03,2016-04-03,1,0,,0.0001954846666,0.003361861688,0.01735781577,0,temporal_sigmoid
xgboost,S2,2016,2016-04-01,2016-03-26,2016-04-01,2016-04-02,2016-04-04,2016-04-04,1,0,,0.0002498008544,0.003792961719,0.01735781577,0,temporal_sigmoid
xgboost,S2,2016,2016-04-02,2016-03-27,2016-04-02,2016-04-03,2016-04-05,2016-04-05,1,0,,0.0001842943457,0.0032657208,0.01735781577,0,temporal_sigmoid
xgboost,S2,2016,2016-04-03,2016-03-28,2016-04-03,2016-04-04,2016-04-06,2016-04-06,1,0,,0.0002492113854,0.003788555459,0.01735781577,0,temporal_sigmoid
xgboost,S2,2016,2016-04-04,2016-03-29,2016-04-04,2016-04-05,2016-04-07,2016-04-07,1,0,,0.0002808491408,0.004017986655,0.01735781577,0,temporal_sigmoid
xgboost,S2,2016,2016-04-05,2016-03-30,2016-04-05,2016-04-06,2016-04-08,2016-04-08,1,0,,0.0002786904515,0.004002765153,0.01735781577,0,temporal_sigmoid
xgboost,S2,2016,2016-04-06,2016-03-31,2016-04-06,2016-04-07,2016-04-09,2016-04-09,1,0,,0.002121332334,0.01083918235,0.01735781577,0,temporal_sigmoid
xgboost,S2,2016,2016-04-07,2016-04-01,2016-04-07,2016-04-08,2016-04-10,2016-04-10,1,0,,0.001093671541,0.007834853358,0.01735781577,0,temporal_sigmoid
xgboost,S2,2016,2016-04-08,2016-04-02,2016-04-08,2016-04-09,2016-04-11,2016-04-11,1,0,,0.004104135092,0.01496654641,0.01735781577,0,temporal_sigmoid
xgboost,S2,2016,2016-04-09,2016-04-03,2016-04-09,2016-04-10,2016-04-12,2016-04-12,1,0,,0.003874985734,0.01455241415,0.01735781577,0,temporal_sigmoid
xgboost,S2,2016,2016-04-10,2016-04-04,2016-04-10,2016-04-11,2016-04-13,2016-04-13,1,0,,0.00658907555,0.0188562324,0.01735781577,1,temporal_sigmoid
xgboost,S2,2016,2016-04-11,2016-04-05,2016-04-11,2016-04-12,2016-04-14,2016-04-14,1,0,,0.090109393,0.06804835784,0.01735781577,1,temporal_sigmoid
xgboost,S2,2016,2016-04-12,2016-04-06,2016-04-12,2016-04-13,2016-04-15,2016-04-15,1,0,,0.1663177609,0.0935307237,0.01735781577,1,temporal_sigmoid
xgboost,S2,2016,2016-04-13,2016-04-07,2016-04-13,2016-04-14,2016-04-16,2016-04-16,1,0,,0.4137528837,0.1614570119,0.01735781577,1,temporal_sigmoid
xgboost,S2,2016,2016-04-14,2016-04-08,2016-04-14,2016-04-15,2016-04-17,2016-04-17,1,0,,0.1210608855,0.07913298564,0.01735781577,1,temporal_sigmoid
xgboost,S2,2016,2016-04-15,2016-04-09,2016-04-15,2016-04-16,2016-04-18,2016-04-18,1,0,,0.01656066999,0.02954507878,0.01735781577,1,temporal_sigmoid
xgboost,S2,2016,2016-04-16,2016-04-10,2016-04-16,2016-04-17,2016-04-19,2016-04-19,1,0,,0.3332375288,0.139695403,0.01735781577,1,temporal_sigmoid
xgboost,S2,2016,2016-04-17,2016-04-11,2016-04-17,2016-04-18,2016-04-20,2016-04-20,1,0,,0.001111553865,0.007897417309,0.01735781577,0,temporal_sigmoid
xgboost,S2,2016,2016-04-18,2016-04-12,2016-04-18,2016-04-19,2016-04-21,2016-04-21,1,0,,0.007953871973,0.02066867454,0.01735781577,1,temporal_sigmoid
xgboost,S2,2016,2016-04-19,2016-04-13,2016-04-19,2016-04-20,2016-04-22,2016-04-22,1,0,,0.0180503279,0.0308114979,0.01735781577,1,temporal_sigmoid
xgboost,S2,2016,2016-04-20,2016-04-14,2016-04-20,2016-04-21,2016-04-23,2016-04-23,1,0,,0.1032099128,0.07290626116,0.01735781577,1,temporal_sigmoid
xgboost,S2,2016,2016-04-21,2016-04-15,2016-04-21,2016-04-22,2016-04-24,2016-04-24,1,0,,0.2880689502,0.1276272275,0.01735781577,1,temporal_sigmoid
xgboost,S2,2016,2016-04-22,2016-04-16,2016-04-22,2016-04-23,2016-04-25,2016-04-25,1,0,,0.7119047642,0.2633364094,0.01735781577,1,temporal_sigmoid
xgboost,S2,2016,2016-04-23,2016-04-17,2016-04-23,2016-04-24,2016-04-26,2016-04-26,1,1,fixed36_0038,0.6263585091,0.2278860534,0.01735781577,1,temporal_sigmoid
xgboost,S2,2016,2016-04-24,2016-04-18,2016-04-24,2016-04-25,2016-04-27,2016-04-27,1,1,fixed36_0038,0.9881945848,0.6705360573,0.01735781577,1,temporal_sigmoid
xgboost,S2,2016,2016-04-25,2016-04-19,2016-04-25,2016-04-26,2016-04-28,2016-04-28,1,0,,0.9359587431,0.4622926684,0.01735781577,1,temporal_sigmoid
xgboost,S2,2016,2016-04-26,2016-04-20,2016-04-26,2016-04-27,2016-04-29,2016-04-29,1,0,,0.6996027827,0.2577011089,0.01735781577,1,temporal_sigmoid
xgboost,S2,2016,2016-04-27,2016-04-21,2016-04-27,2016-04-28,2016-04-30,2016-04-30,1,0,,0.5596069098,0.2047146708,0.01735781577,1,temporal_sigmoid
xgboost,S2,2016,2016-04-28,2016-04-22,2016-04-28,2016-04-29,2016-05-01,2016-05-01,1,1,fixed36_0039,0.9271538258,0.4453717048,0.01735781577,1,temporal_sigmoid
xgboost,S2,2016,2016-04-29,2016-04-23,2016-04-29,2016-04-30,2016-05-02,2016-05-02,1,0,,0.9706885815,0.5628561684,0.01735781577,1,temporal_sigmoid
xgboost,S2,2016,2016-04-30,2016-04-24,2016-04-30,2016-05-01,2016-05-03,2016-05-03,1,0,,0.9668662548,0.547430104,0.01735781577,1,temporal_sigmoid
xgboost,S2,2016,2016-05-01,2016-04-25,2016-05-01,2016-05-02,2016-05-04,2016-05-04,1,0,,0.01922607049,0.03177383603,0.01735781577,1,temporal_sigmoid
xgboost,S2,2016,2016-05-02,2016-04-26,2016-05-02,2016-05-03,2016-05-05,2016-05-05,1,0,,0.0007032348076,0.006308419099,0.01735781577,0,temporal_sigmoid
xgboost,S2,2016,2016-05-03,2016-04-27,2016-05-03,2016-05-04,2016-05-06,2016-05-06,1,0,,0.0007914674352,0.006685288152,0.01735781577,0,temporal_sigmoid
xgboost,S2,2016,2016-05-04,2016-04-28,2016-05-04,2016-05-05,2016-05-07,2016-05-07,1,0,,0.000925227534,0.007217715168,0.01735781577,0,temporal_sigmoid
xgboost,S2,2016,2016-05-05,2016-04-29,2016-05-05,2016-05-06,2016-05-08,2016-05-08,1,0,,0.0006100801402,0.00588322494,0.01735781577,0,temporal_sigmoid
xgboost,S2,2016,2016-05-06,2016-04-30,2016-05-06,2016-05-07,2016-05-09,2016-05-09,1,0,,0.0006123117637,0.005893784641,0.01735781577,0,temporal_sigmoid
xgboost,S2,2016,2016-05-07,2016-05-01,2016-05-07,2016-05-08,2016-05-10,2016-05-10,1,0,,0.0008089041221,0.006757176591,0.01735781577,0,temporal_sigmoid
xgboost,S2,2016,2016-05-08,2016-05-02,2016-05-08,2016-05-09,2016-05-11,2016-05-11,1,0,,0.0008555805543,0.006945802044,0.01735781577,0,temporal_sigmoid
xgboost,S2,2016,2016-05-09,2016-05-03,2016-05-09,2016-05-10,2016-05-12,2016-05-12,1,0,,0.000619515602,0.005927738519,0.01735781577,0,temporal_sigmoid
xgboost,S2,2016,2016-05-10,2016-05-04,2016-05-10,2016-05-11,2016-05-13,2016-05-13,1,0,,0.004546752665,0.01573403641,0.01735781577,0,temporal_sigmoid
xgboost,S2,2016,2016-05-11,2016-05-05,2016-05-11,2016-05-12,2016-05-14,2016-05-14,1,0,,0.0533070378,0.05235981272,0.01735781577,1,temporal_sigmoid
xgboost,S2,2016,2016-05-12,2016-05-06,2016-05-12,2016-05-13,2016-05-15,2016-05-15,1,0,,0.00758943148,0.02020150233,0.01735781577,1,temporal_sigmoid
xgboost,S2,2016,2016-05-13,2016-05-07,2016-05-13,2016-05-14,2016-05-16,2016-05-16,1,0,,0.0005796793848,0.005737357713,0.01735781577,0,temporal_sigmoid
xgboost,S2,2016,2016-05-14,2016-05-08,2016-05-14,2016-05-15,2016-05-17,2016-05-17,1,0,,0.0002019612584,0.003416227013,0.01735781577,0,temporal_sigmoid
xgboost,S2,2016,2016-05-15,2016-05-09,2016-05-15,2016-05-16,2016-05-18,2016-05-18,1,0,,0.001478563761,0.00908290327,0.01735781577,0,temporal_sigmoid
xgboost,S2,2016,2016-05-16,2016-05-10,2016-05-16,2016-05-17,2016-05-19,2016-05-19,1,0,,0.01401169412,0.02723472433,0.01735781577,1,temporal_sigmoid
xgboost,S2,2016,2016-05-17,2016-05-11,2016-05-17,2016-05-18,2016-05-20,2016-05-20,1,0,,0.007293388247,0.01981343479,0.01735781577,1,temporal_sigmoid
xgboost,S2,2016,2016-05-18,2016-05-12,2016-05-18,2016-05-19,2016-05-21,2016-05-21,1,0,,0.0004673458752,0.005161187053,0.01735781577,0,temporal_sigmoid
xgboost,S2,2016,2016-05-19,2016-05-13,2016-05-19,2016-05-20,2016-05-22,2016-05-22,1,0,,0.000389342109,0.004718115546,0.01735781577,0,temporal_sigmoid
xgboost,S2,2016,2016-05-20,2016-05-14,2016-05-20,2016-05-21,2016-05-23,2016-05-23,1,0,,0.0007454334409,0.006491507875,0.01735781577,0,temporal_sigmoid
xgboost,S2,2016,2016-05-21,2016-05-15,2016-05-21,2016-05-22,2016-05-24,2016-05-24,1,0,,0.0004514175525,0.005073976186,0.01735781577,0,temporal_sigmoid
xgboost,S2,2016,2016-05-22,2016-05-16,2016-05-22,2016-05-23,2016-05-25,2016-05-25,1,0,,0.0003867963387,0.004702923959,0.01735781577,0,temporal_sigmoid
xgboost,S2,2016,2016-05-23,2016-05-17,2016-05-23,2016-05-24,2016-05-26,2016-05-26,1,0,,0.001327708131,0.008616288761,0.01735781577,0,temporal_sigmoid
xgboost,S2,2016,2016-05-24,2016-05-18,2016-05-24,2016-05-25,2016-05-27,2016-05-27,1,0,,0.0006733672926,0.006175411895,0.01735781577,0,temporal_sigmoid
xgboost,S2,2016,2016-05-25,2016-05-19,2016-05-25,2016-05-26,2016-05-28,2016-05-28,1,0,,0.0002000752575,0.0034004885,0.01735781577,0,temporal_sigmoid
xgboost,S2,2016,2016-05-26,2016-05-20,2016-05-26,2016-05-27,2016-05-29,2016-05-29,1,0,,0.0001754358382,0.003187485009,0.01735781577,0,temporal_sigmoid
xgboost,S2,2016,2016-05-27,2016-05-21,2016-05-27,2016-05-28,2016-05-30,2016-05-30,1,0,,0.0001375049469,0.002827212438,0.01735781577,0,temporal_sigmoid
xgboost,S2,2016,2016-05-28,2016-05-22,2016-05-28,2016-05-29,2016-05-31,2016-05-31,1,0,,0.0002949587943,0.004116041863,0.01735781577,0,temporal_sigmoid
xgboost,S2,2016,2016-05-29,2016-05-23,2016-05-29,2016-05-30,2016-06-01,2016-06-01,1,0,,0.0003404704039,0.00441700266,0.01735781577,0,temporal_sigmoid
xgboost,S2,2016,2016-05-30,2016-05-24,2016-05-30,2016-05-31,2016-06-02,2016-06-02,1,0,,0.002363539999,0.0114280858,0.01735781577,0,temporal_sigmoid
xgboost,S2,2016,2016-05-31,2016-05-25,2016-05-31,2016-06-01,2016-06-03,2016-06-03,1,0,,0.001022075536,0.007578955952,0.01735781577,0,temporal_sigmoid
xgboost,S2,2016,2016-06-01,2016-05-26,2016-06-01,2016-06-02,2016-06-04,2016-06-04,1,0,,0.001022075536,0.007578955952,0.01735781577,0,temporal_sigmoid
xgboost,S2,2016,2016-06-02,2016-05-27,2016-06-02,2016-06-03,2016-06-05,2016-06-05,1,0,,0.003732463112,0.0142884508,0.01735781577,0,temporal_sigmoid
xgboost,S2,2016,2016-06-03,2016-05-28,2016-06-03,2016-06-04,2016-06-06,2016-06-06,1,0,,0.006303731352,0.01845348472,0.01735781577,1,temporal_sigmoid
xgboost,S2,2016,2016-06-04,2016-05-29,2016-06-04,2016-06-05,2016-06-07,2016-06-07,1,0,,0.01505361963,0.0282031435,0.01735781577,1,temporal_sigmoid
xgboost,S2,2016,2016-06-05,2016-05-30,2016-06-05,2016-06-06,2016-06-08,2016-06-08,1,0,,0.008290167898,0.02109008504,0.01735781577,1,temporal_sigmoid
xgboost,S2,2016,2016-06-06,2016-05-31,2016-06-06,2016-06-07,2016-06-09,2016-06-09,1,0,,0.001826017629,0.01007221192,0.01735781577,0,temporal_sigmoid
xgboost,S2,2016,2016-06-07,2016-06-01,2016-06-07,2016-06-08,2016-06-10,2016-06-10,1,0,,0.003018497489,0.01288028996,0.01735781577,0,temporal_sigmoid
xgboost,S2,2016,2016-06-08,2016-06-02,2016-06-08,2016-06-09,2016-06-11,2016-06-11,1,0,,0.0009385912563,0.007268676711,0.01735781577,0,temporal_sigmoid
xgboost,S2,2016,2016-06-09,2016-06-03,2016-06-09,2016-06-10,2016-06-12,2016-06-12,1,0,,0.0009721590322,0.007395069372,0.01735781577,0,temporal_sigmoid
xgboost,S2,2016,2016-06-10,2016-06-04,2016-06-10,2016-06-11,2016-06-13,2016-06-13,1,0,,0.005442090333,0.01717671866,0.01735781577,0,temporal_sigmoid
xgboost,S2,2016,2016-06-11,2016-06-05,2016-06-11,2016-06-12,2016-06-14,2016-06-14,1,0,,0.0008750252891,0.007022822948,0.01735781577,0,temporal_sigmoid
xgboost,S2,2016,2016-06-12,2016-06-06,2016-06-12,2016-06-13,2016-06-15,2016-06-15,1,0,,0.0007739954162,0.006612436507,0.01735781577,0,temporal_sigmoid
xgboost,S2,2016,2016-06-13,2016-06-07,2016-06-13,2016-06-14,2016-06-16,2016-06-16,1,0,,0.0008554510423,0.006945286057,0.01735781577,0,temporal_sigmoid
xgboost,S2,2016,2016-06-14,2016-06-08,2016-06-14,2016-06-15,2016-06-17,2016-06-17,1,0,,0.000296832266,0.004128880118,0.01735781577,0,temporal_sigmoid
xgboost,S2,2016,2016-06-15,2016-06-09,2016-06-15,2016-06-16,2016-06-18,2016-06-18,1,0,,0.0004023233487,0.004794802987,0.01735781577,0,temporal_sigmoid
xgboost,S2,2016,2016-06-16,2016-06-10,2016-06-16,2016-06-17,2016-06-19,2016-06-19,1,0,,0.00210619811,0.01080126479,0.01735781577,0,temporal_sigmoid
xgboost,S2,2016,2016-06-17,2016-06-11,2016-06-17,2016-06-18,2016-06-20,2016-06-20,1,0,,0.0006492147804,0.006065632463,0.01735781577,0,temporal_sigmoid
xgboost,S2,2016,2016-06-18,2016-06-12,2016-06-18,2016-06-19,2016-06-21,2016-06-21,1,0,,0.0006437776028,0.00604063253,0.01735781577,0,temporal_sigmoid
xgboost,S2,2016,2016-06-19,2016-06-13,2016-06-19,2016-06-20,2016-06-22,2016-06-22,1,0,,0.0007559914957,0.00653648132,0.01735781577,0,temporal_sigmoid
xgboost,S2,2016,2016-06-20,2016-06-14,2016-06-20,2016-06-21,2016-06-23,2016-06-23,1,0,,0.001138146967,0.007989511002,0.01735781577,0,temporal_sigmoid
xgboost,S2,2016,2016-06-21,2016-06-15,2016-06-21,2016-06-22,2016-06-24,2016-06-24,1,0,,0.001435655868,0.008952773852,0.01735781577,0,temporal_sigmoid
xgboost,S2,2016,2016-06-22,2016-06-16,2016-06-22,2016-06-23,2016-06-25,2016-06-25,1,0,,0.001036330592,0.007630621054,0.01735781577,0,temporal_sigmoid
xgboost,S2,2016,2016-06-23,2016-06-17,2016-06-23,2016-06-24,2016-06-26,2016-06-26,1,0,,0.001036330592,0.007630621054,0.01735781577,0,temporal_sigmoid
xgboost,S2,2016,2016-06-24,2016-06-18,2016-06-24,2016-06-25,2016-06-27,2016-06-27,1,0,,0.01198616158,0.02524010885,0.01735781577,1,temporal_sigmoid
xgboost,S2,2016,2016-06-25,2016-06-19,2016-06-25,2016-06-26,2016-06-28,2016-06-28,1,0,,0.0009983601049,0.007492178648,0.01735781577,0,temporal_sigmoid
xgboost,S2,2016,2016-06-26,2016-06-20,2016-06-26,2016-06-27,2016-06-29,2016-06-29,1,0,,0.007127516903,0.01959245114,0.01735781577,1,temporal_sigmoid
xgboost,S2,2016,2016-06-27,2016-06-21,2016-06-27,2016-06-28,2016-06-30,2016-06-30,1,0,,0.002260684967,0.01118198346,0.01735781577,0,temporal_sigmoid
xgboost,S2,2017,2017-02-28,2017-02-22,2017-02-28,2017-03-01,2017-03-03,2017-03-03,1,0,,0.012520466,0.004586240425,0.01816110413,0,temporal_sigmoid
xgboost,S2,2017,2017-03-01,2017-02-23,2017-03-01,2017-03-02,2017-03-04,2017-03-04,1,0,,0.01732989587,0.005752753996,0.01816110413,0,temporal_sigmoid
xgboost,S2,2017,2017-03-02,2017-02-24,2017-03-02,2017-03-03,2017-03-05,2017-03-05,1,0,,0.01409401372,0.004980331035,0.01816110413,0,temporal_sigmoid
xgboost,S2,2017,2017-03-03,2017-02-25,2017-03-03,2017-03-04,2017-03-06,2017-03-06,1,0,,0.01251511928,0.00458487737,0.01816110413,0,temporal_sigmoid
xgboost,S2,2017,2017-03-04,2017-02-26,2017-03-04,2017-03-05,2017-03-07,2017-03-07,1,0,,0.01239143871,0.004553299031,0.01816110413,0,temporal_sigmoid
xgboost,S2,2017,2017-03-05,2017-02-27,2017-03-05,2017-03-06,2017-03-08,2017-03-08,1,0,,0.01153833698,0.004332879123,0.01816110413,0,temporal_sigmoid
xgboost,S2,2017,2017-03-06,2017-02-28,2017-03-06,2017-03-07,2017-03-09,2017-03-09,1,0,,0.01467752364,0.005123143488,0.01816110413,0,temporal_sigmoid
xgboost,S2,2017,2017-03-07,2017-03-01,2017-03-07,2017-03-08,2017-03-10,2017-03-10,1,0,,0.01650651172,0.005560497138,0.01816110413,0,temporal_sigmoid
xgboost,S2,2017,2017-03-08,2017-03-02,2017-03-08,2017-03-09,2017-03-11,2017-03-11,1,0,,0.01316222828,0.004748628997,0.01816110413,0,temporal_sigmoid
xgboost,S2,2017,2017-03-09,2017-03-03,2017-03-09,2017-03-10,2017-03-12,2017-03-12,1,0,,0.01199299656,0.00445092891,0.01816110413,0,temporal_sigmoid
xgboost,S2,2017,2017-03-10,2017-03-04,2017-03-10,2017-03-11,2017-03-13,2017-03-13,1,0,,0.00997601822,0.003916179445,0.01816110413,0,temporal_sigmoid
xgboost,S2,2017,2017-03-11,2017-03-05,2017-03-11,2017-03-12,2017-03-14,2017-03-14,1,0,,0.007034734357,0.003073290553,0.01816110413,0,temporal_sigmoid
xgboost,S2,2017,2017-03-12,2017-03-06,2017-03-12,2017-03-13,2017-03-15,2017-03-15,1,0,,0.008032283746,0.00336926987,0.01816110413,0,temporal_sigmoid
xgboost,S2,2017,2017-03-13,2017-03-07,2017-03-13,2017-03-14,2017-03-16,2017-03-16,1,0,,0.009689016268,0.003837581833,0.01816110413,0,temporal_sigmoid
xgboost,S2,2017,2017-03-14,2017-03-08,2017-03-14,2017-03-15,2017-03-17,2017-03-17,1,0,,0.01063604467,0.00409442703,0.01816110413,0,temporal_sigmoid
xgboost,S2,2017,2017-03-15,2017-03-09,2017-03-15,2017-03-16,2017-03-18,2017-03-18,1,0,,0.01063604467,0.00409442703,0.01816110413,0,temporal_sigmoid
xgboost,S2,2017,2017-03-16,2017-03-10,2017-03-16,2017-03-17,2017-03-19,2017-03-19,1,0,,0.01063604467,0.00409442703,0.01816110413,0,temporal_sigmoid
xgboost,S2,2017,2017-03-17,2017-03-11,2017-03-17,2017-03-18,2017-03-20,2017-03-20,1,0,,0.01380521525,0.004909010808,0.01816110413,0,temporal_sigmoid
xgboost,S2,2017,2017-03-18,2017-03-12,2017-03-18,2017-03-19,2017-03-21,2017-03-21,1,0,,0.007878286764,0.003324334022,0.01816110413,0,temporal_sigmoid
xgboost,S2,2017,2017-03-19,2017-03-13,2017-03-19,2017-03-20,2017-03-22,2017-03-22,1,0,,0.01405114308,0.004969771136,0.01816110413,0,temporal_sigmoid
xgboost,S2,2017,2017-03-20,2017-03-14,2017-03-20,2017-03-21,2017-03-23,2017-03-23,1,0,,0.01467752364,0.005123143488,0.01816110413,0,temporal_sigmoid
xgboost,S2,2017,2017-03-21,2017-03-15,2017-03-21,2017-03-22,2017-03-24,2017-03-24,1,0,,0.01650651172,0.005560497138,0.01816110413,0,temporal_sigmoid
xgboost,S2,2017,2017-03-22,2017-03-16,2017-03-22,2017-03-23,2017-03-25,2017-03-25,1,0,,0.01859005727,0.006041992609,0.01816110413,0,temporal_sigmoid
xgboost,S2,2017,2017-03-23,2017-03-17,2017-03-23,2017-03-24,2017-03-26,2017-03-26,1,0,,0.02069710754,0.006513435694,0.01816110413,0,temporal_sigmoid
xgboost,S2,2017,2017-03-24,2017-03-18,2017-03-24,2017-03-25,2017-03-27,2017-03-27,1,0,,0.01913019083,0.006164234449,0.01816110413,0,temporal_sigmoid
xgboost,S2,2017,2017-03-25,2017-03-19,2017-03-25,2017-03-26,2017-03-28,2017-03-28,1,0,,0.01080490369,0.004139494961,0.01816110413,0,temporal_sigmoid
xgboost,S2,2017,2017-03-26,2017-03-20,2017-03-26,2017-03-27,2017-03-29,2017-03-29,1,0,,0.01080490369,0.004139494961,0.01816110413,0,temporal_sigmoid
xgboost,S2,2017,2017-03-27,2017-03-21,2017-03-27,2017-03-28,2017-03-30,2017-03-30,1,0,,0.01546220854,0.005312612538,0.01816110413,0,temporal_sigmoid
xgboost,S2,2017,2017-03-28,2017-03-22,2017-03-28,2017-03-29,2017-03-31,2017-03-31,1,0,,0.01246384811,0.004571797936,0.01816110413,0,temporal_sigmoid
xgboost,S2,2017,2017-03-29,2017-03-23,2017-03-29,2017-03-30,2017-04-01,2017-04-01,1,0,,0.01521184761,0.005252471355,0.01816110413,0,temporal_sigmoid
xgboost,S2,2017,2017-03-30,2017-03-24,2017-03-30,2017-03-31,2017-04-02,2017-04-02,1,0,,0.01592634059,0.005423363323,0.01816110413,0,temporal_sigmoid
xgboost,S2,2017,2017-03-31,2017-03-25,2017-03-31,2017-04-01,2017-04-03,2017-04-03,1,0,,0.01283046976,0.004664980568,0.01816110413,0,temporal_sigmoid
xgboost,S2,2017,2017-04-01,2017-03-26,2017-04-01,2017-04-02,2017-04-04,2017-04-04,1,0,,0.04985569417,0.01213385634,0.01816110413,0,temporal_sigmoid
xgboost,S2,2017,2017-04-02,2017-03-27,2017-04-02,2017-04-03,2017-04-05,2017-04-05,1,0,,0.0102220485,0.003983021397,0.01816110413,0,temporal_sigmoid
xgboost,S2,2017,2017-04-03,2017-03-28,2017-04-03,2017-04-04,2017-04-06,2017-04-06,1,0,,0.007034734357,0.003073290553,0.01816110413,0,temporal_sigmoid
xgboost,S2,2017,2017-04-04,2017-03-29,2017-04-04,2017-04-05,2017-04-07,2017-04-07,1,0,,0.007034734357,0.003073290553,0.01816110413,0,temporal_sigmoid
xgboost,S2,2017,2017-04-05,2017-03-30,2017-04-05,2017-04-06,2017-04-08,2017-04-08,1,0,,0.007034734357,0.003073290553,0.01816110413,0,temporal_sigmoid
xgboost,S2,2017,2017-04-06,2017-03-31,2017-04-06,2017-04-07,2017-04-09,2017-04-09,1,0,,0.007135461085,0.003103726211,0.01816110413,0,temporal_sigmoid
xgboost,S2,2017,2017-04-07,2017-04-01,2017-04-07,2017-04-08,2017-04-10,2017-04-10,1,0,,0.008032283746,0.00336926987,0.01816110413,0,temporal_sigmoid
xgboost,S2,2017,2017-04-08,2017-04-02,2017-04-08,2017-04-09,2017-04-11,2017-04-11,1,0,,0.008962355554,0.003635393223,0.01816110413,0,temporal_sigmoid
xgboost,S2,2017,2017-04-09,2017-04-03,2017-04-09,2017-04-10,2017-04-12,2017-04-12,1,0,,0.007454671431,0.003199335604,0.01816110413,0,temporal_sigmoid
xgboost,S2,2017,2017-04-10,2017-04-04,2017-04-10,2017-04-11,2017-04-13,2017-04-13,1,0,,0.01012970414,0.003957989904,0.01816110413,0,temporal_sigmoid
xgboost,S2,2017,2017-04-11,2017-04-05,2017-04-11,2017-04-12,2017-04-14,2017-04-14,1,0,,0.05111311749,0.0123528691,0.01816110413,0,temporal_sigmoid
xgboost,S2,2017,2017-04-12,2017-04-06,2017-04-12,2017-04-13,2017-04-15,2017-04-15,1,0,,0.01600161381,0.005441236162,0.01816110413,0,temporal_sigmoid
xgboost,S2,2017,2017-04-13,2017-04-07,2017-04-13,2017-04-14,2017-04-16,2017-04-16,1,0,,0.09679718316,0.01971404276,0.01816110413,1,temporal_sigmoid
xgboost,S2,2017,2017-04-14,2017-04-08,2017-04-14,2017-04-15,2017-04-17,2017-04-17,1,0,,0.1579153538,0.0287417561,0.01816110413,1,temporal_sigmoid
xgboost,S2,2017,2017-04-15,2017-04-09,2017-04-15,2017-04-16,2017-04-18,2017-04-18,1,0,,0.01627171971,0.005505170668,0.01816110413,0,temporal_sigmoid
xgboost,S2,2017,2017-04-16,2017-04-10,2017-04-16,2017-04-17,2017-04-19,2017-04-19,1,0,,0.01094254386,0.004176076116,0.01816110413,0,temporal_sigmoid
xgboost,S2,2017,2017-04-17,2017-04-11,2017-04-17,2017-04-18,2017-04-20,2017-04-20,1,0,,0.01898491383,0.006131453719,0.01816110413,0,temporal_sigmoid
xgboost,S2,2017,2017-04-18,2017-04-12,2017-04-18,2017-04-19,2017-04-21,2017-04-21,1,0,,0.02218873426,0.006838959501,0.01816110413,0,temporal_sigmoid
xgboost,S2,2017,2017-04-19,2017-04-13,2017-04-19,2017-04-20,2017-04-22,2017-04-22,1,0,,0.007294831332,0.003151618272,0.01816110413,0,temporal_sigmoid
xgboost,S2,2017,2017-04-20,2017-04-14,2017-04-20,2017-04-21,2017-04-23,2017-04-23,1,0,,0.007294831332,0.003151618272,0.01816110413,0,temporal_sigmoid
xgboost,S2,2017,2017-04-21,2017-04-15,2017-04-21,2017-04-22,2017-04-24,2017-04-24,1,0,,0.007034734357,0.003073290553,0.01816110413,0,temporal_sigmoid
xgboost,S2,2017,2017-04-22,2017-04-16,2017-04-22,2017-04-23,2017-04-25,2017-04-25,1,0,,0.007034734357,0.003073290553,0.01816110413,0,temporal_sigmoid
xgboost,S2,2017,2017-04-23,2017-04-17,2017-04-23,2017-04-24,2017-04-26,2017-04-26,1,0,,0.007034734357,0.003073290553,0.01816110413,0,temporal_sigmoid
xgboost,S2,2017,2017-04-24,2017-04-18,2017-04-24,2017-04-25,2017-04-27,2017-04-27,1,0,,0.007034734357,0.003073290553,0.01816110413,0,temporal_sigmoid
xgboost,S2,2017,2017-04-25,2017-04-19,2017-04-25,2017-04-26,2017-04-28,2017-04-28,1,0,,0.008962355554,0.003635393223,0.01816110413,0,temporal_sigmoid
xgboost,S2,2017,2017-04-26,2017-04-20,2017-04-26,2017-04-27,2017-04-29,2017-04-29,1,0,,0.03125149757,0.008702655246,0.01816110413,0,temporal_sigmoid
xgboost,S2,2017,2017-04-27,2017-04-21,2017-04-27,2017-04-28,2017-04-30,2017-04-30,1,0,,0.009086553007,0.003670288,0.01816110413,0,temporal_sigmoid
xgboost,S2,2017,2017-04-28,2017-04-22,2017-04-28,2017-04-29,2017-05-01,2017-05-01,1,0,,0.009086553007,0.003670288,0.01816110413,0,temporal_sigmoid
xgboost,S2,2017,2017-04-29,2017-04-23,2017-04-29,2017-04-30,2017-05-02,2017-05-02,1,0,,0.01054084674,0.00406892535,0.01816110413,0,temporal_sigmoid
xgboost,S2,2017,2017-04-30,2017-04-24,2017-04-30,2017-05-01,2017-05-03,2017-05-03,1,0,,0.009169475175,0.00369350653,0.01816110413,0,temporal_sigmoid
xgboost,S2,2017,2017-05-01,2017-04-25,2017-05-01,2017-05-02,2017-05-04,2017-05-04,1,0,,0.0101020243,0.003950473598,0.01816110413,0,temporal_sigmoid
xgboost,S2,2017,2017-05-02,2017-04-26,2017-05-02,2017-05-03,2017-05-05,2017-05-05,1,0,,0.01566769928,0.005361763906,0.01816110413,0,temporal_sigmoid
xgboost,S2,2017,2017-05-03,2017-04-27,2017-05-03,2017-05-04,2017-05-06,2017-05-06,1,0,,0.1087156683,0.02151664213,0.01816110413,1,temporal_sigmoid
xgboost,S2,2017,2017-05-04,2017-04-28,2017-05-04,2017-05-05,2017-05-07,2017-05-07,1,0,,0.01236527041,0.00454660581,0.01816110413,0,temporal_sigmoid
xgboost,S2,2017,2017-05-05,2017-04-29,2017-05-05,2017-05-06,2017-05-08,2017-05-08,1,0,,0.01065214351,0.004098732879,0.01816110413,0,temporal_sigmoid
xgboost,S2,2017,2017-05-06,2017-04-30,2017-05-06,2017-05-07,2017-05-09,2017-05-09,1,0,,0.01012289803,0.003956142312,0.01816110413,0,temporal_sigmoid
xgboost,S2,2017,2017-05-07,2017-05-01,2017-05-07,2017-05-08,2017-05-10,2017-05-10,1,0,,0.008827314712,0.003597287138,0.01816110413,0,temporal_sigmoid
xgboost,S2,2017,2017-05-08,2017-05-02,2017-05-08,2017-05-09,2017-05-11,2017-05-11,1,0,,0.0113554541,0.004285008162,0.01816110413,0,temporal_sigmoid
xgboost,S2,2017,2017-05-09,2017-05-03,2017-05-09,2017-05-10,2017-05-12,2017-05-12,1,0,,0.007034734357,0.003073290553,0.01816110413,0,temporal_sigmoid
xgboost,S2,2017,2017-05-10,2017-05-04,2017-05-10,2017-05-11,2017-05-13,2017-05-13,1,0,,0.007034734357,0.003073290553,0.01816110413,0,temporal_sigmoid
xgboost,S2,2017,2017-05-11,2017-05-05,2017-05-11,2017-05-12,2017-05-14,2017-05-14,1,0,,0.007034734357,0.003073290553,0.01816110413,0,temporal_sigmoid
xgboost,S2,2017,2017-05-12,2017-05-06,2017-05-12,2017-05-13,2017-05-15,2017-05-15,1,0,,0.007962522097,0.003348946031,0.01816110413,0,temporal_sigmoid
xgboost,S2,2017,2017-05-13,2017-05-07,2017-05-13,2017-05-14,2017-05-16,2017-05-16,1,0,,0.007349471096,0.003167965101,0.01816110413,0,temporal_sigmoid
xgboost,S2,2017,2017-05-14,2017-05-08,2017-05-14,2017-05-15,2017-05-17,2017-05-17,1,0,,0.007349471096,0.003167965101,0.01816110413,0,temporal_sigmoid
xgboost,S2,2017,2017-05-15,2017-05-09,2017-05-15,2017-05-16,2017-05-18,2017-05-18,1,0,,0.007034734357,0.003073290553,0.01816110413,0,temporal_sigmoid
xgboost,S2,2017,2017-05-16,2017-05-10,2017-05-16,2017-05-17,2017-05-19,2017-05-19,1,0,,0.007034734357,0.003073290553,0.01816110413,0,temporal_sigmoid
xgboost,S2,2017,2017-05-17,2017-05-11,2017-05-17,2017-05-18,2017-05-20,2017-05-20,1,0,,0.007034734357,0.003073290553,0.01816110413,0,temporal_sigmoid
xgboost,S2,2017,2017-05-18,2017-05-12,2017-05-18,2017-05-19,2017-05-21,2017-05-21,1,0,,0.007034734357,0.003073290553,0.01816110413,0,temporal_sigmoid
xgboost,S2,2017,2017-05-19,2017-05-13,2017-05-19,2017-05-20,2017-05-22,2017-05-22,1,0,,0.007962522097,0.003348946031,0.01816110413,0,temporal_sigmoid
xgboost,S2,2017,2017-05-20,2017-05-14,2017-05-20,2017-05-21,2017-05-23,2017-05-23,1,0,,0.022938326,0.007000209558,0.01816110413,0,temporal_sigmoid
xgboost,S2,2017,2017-05-21,2017-05-15,2017-05-21,2017-05-22,2017-05-24,2017-05-24,1,0,,0.02628908493,0.007703941912,0.01816110413,0,temporal_sigmoid
xgboost,S2,2017,2017-05-22,2017-05-16,2017-05-22,2017-05-23,2017-05-25,2017-05-25,1,0,,0.04901733622,0.01198710341,0.01816110413,0,temporal_sigmoid
xgboost,S2,2017,2017-05-23,2017-05-17,2017-05-23,2017-05-24,2017-05-26,2017-05-26,1,0,,0.04026019201,0.0104147127,0.01816110413,0,temporal_sigmoid
xgboost,S2,2017,2017-05-24,2017-05-18,2017-05-24,2017-05-25,2017-05-27,2017-05-27,1,0,,0.04473077133,0.01122695345,0.01816110413,0,temporal_sigmoid
xgboost,S2,2017,2017-05-25,2017-05-19,2017-05-25,2017-05-26,2017-05-28,2017-05-28,1,0,,0.07485245168,0.01629317175,0.01816110413,0,temporal_sigmoid
xgboost,S2,2017,2017-05-26,2017-05-20,2017-05-26,2017-05-27,2017-05-29,2017-05-29,1,0,,0.01980658434,0.006315935333,0.01816110413,0,temporal_sigmoid
xgboost,S2,2017,2017-05-27,2017-05-21,2017-05-27,2017-05-28,2017-05-30,2017-05-30,1,0,,0.01090546977,0.004166236301,0.01816110413,0,temporal_sigmoid
xgboost,S2,2017,2017-05-28,2017-05-22,2017-05-28,2017-05-29,2017-05-31,2017-05-31,1,0,,0.01628083736,0.005507323445,0.01816110413,0,temporal_sigmoid
xgboost,S2,2017,2017-05-29,2017-05-23,2017-05-29,2017-05-30,2017-06-01,2017-06-01,1,0,,0.03856030479,0.01009997565,0.01816110413,0,temporal_sigmoid
xgboost,S2,2017,2017-05-30,2017-05-24,2017-05-30,2017-05-31,2017-06-02,2017-06-02,1,0,,0.008516390808,0.003508878483,0.01816110413,0,temporal_sigmoid
xgboost,S2,2017,2017-05-31,2017-05-25,2017-05-31,2017-06-01,2017-06-03,2017-06-03,1,0,,0.008098416962,0.003388487684,0.01816110413,0,temporal_sigmoid
xgboost,S2,2017,2017-06-01,2017-05-26,2017-06-01,2017-06-02,2017-06-04,2017-06-04,1,0,,0.007034734357,0.003073290553,0.01816110413,0,temporal_sigmoid
xgboost,S2,2017,2017-06-02,2017-05-27,2017-06-02,2017-06-03,2017-06-05,2017-06-05,1,0,,0.007034734357,0.003073290553,0.01816110413,0,temporal_sigmoid
xgboost,S2,2017,2017-06-03,2017-05-28,2017-06-03,2017-06-04,2017-06-06,2017-06-06,1,0,,0.008735225536,0.003571201067,0.01816110413,0,temporal_sigmoid
xgboost,S2,2017,2017-06-04,2017-05-29,2017-06-04,2017-06-05,2017-06-07,2017-06-07,1,0,,0.007850212045,0.003316113545,0.01816110413,0,temporal_sigmoid
xgboost,S2,2017,2017-06-05,2017-05-30,2017-06-05,2017-06-06,2017-06-08,2017-06-08,1,0,,0.007349471096,0.003167965101,0.01816110413,0,temporal_sigmoid
xgboost,S2,2017,2017-06-06,2017-05-31,2017-06-06,2017-06-07,2017-06-09,2017-06-09,1,0,,0.01263718773,0.004615954074,0.01816110413,0,temporal_sigmoid
xgboost,S2,2017,2017-06-07,2017-06-01,2017-06-07,2017-06-08,2017-06-10,2017-06-10,1,0,,0.05107129365,0.01234560511,0.01816110413,0,temporal_sigmoid
xgboost,S2,2017,2017-06-08,2017-06-02,2017-06-08,2017-06-09,2017-06-11,2017-06-11,1,0,,0.0320895724,0.008866942066,0.01816110413,0,temporal_sigmoid
xgboost,S2,2017,2017-06-09,2017-06-03,2017-06-09,2017-06-10,2017-06-12,2017-06-12,1,0,,0.03887229785,0.0101580029,0.01816110413,0,temporal_sigmoid
xgboost,S2,2017,2017-06-10,2017-06-04,2017-06-10,2017-06-11,2017-06-13,2017-06-13,1,0,,0.008893263526,0.003615918349,0.01816110413,0,temporal_sigmoid
xgboost,S2,2017,2017-06-11,2017-06-05,2017-06-11,2017-06-12,2017-06-14,2017-06-14,1,0,,0.009738090448,0.003851069868,0.01816110413,0,temporal_sigmoid
xgboost,S2,2017,2017-06-12,2017-06-06,2017-06-12,2017-06-13,2017-06-15,2017-06-15,1,0,,0.008888994344,0.003614713518,0.01816110413,0,temporal_sigmoid
xgboost,S2,2017,2017-06-13,2017-06-07,2017-06-13,2017-06-14,2017-06-16,2017-06-16,1,0,,0.007034734357,0.003073290553,0.01816110413,0,temporal_sigmoid
xgboost,S2,2017,2017-06-14,2017-06-08,2017-06-14,2017-06-15,2017-06-17,2017-06-17,1,0,,0.007034734357,0.003073290553,0.01816110413,0,temporal_sigmoid
xgboost,S2,2017,2017-06-15,2017-06-09,2017-06-15,2017-06-16,2017-06-18,2017-06-18,1,0,,0.007034734357,0.003073290553,0.01816110413,0,temporal_sigmoid
xgboost,S2,2017,2017-06-16,2017-06-10,2017-06-16,2017-06-17,2017-06-19,2017-06-19,1,0,,0.007034734357,0.003073290553,0.01816110413,0,temporal_sigmoid
xgboost,S2,2017,2017-06-17,2017-06-11,2017-06-17,2017-06-18,2017-06-20,2017-06-20,1,0,,0.007349471096,0.003167965101,0.01816110413,0,temporal_sigmoid
xgboost,S2,2017,2017-06-18,2017-06-12,2017-06-18,2017-06-19,2017-06-21,2017-06-21,1,0,,0.007349471096,0.003167965101,0.01816110413,0,temporal_sigmoid
xgboost,S2,2017,2017-06-19,2017-06-13,2017-06-19,2017-06-20,2017-06-22,2017-06-22,1,0,,0.007034734357,0.003073290553,0.01816110413,0,temporal_sigmoid
xgboost,S2,2017,2017-06-20,2017-06-14,2017-06-20,2017-06-21,2017-06-23,2017-06-23,1,0,,0.007034734357,0.003073290553,0.01816110413,0,temporal_sigmoid
xgboost,S2,2017,2017-06-21,2017-06-15,2017-06-21,2017-06-22,2017-06-24,2017-06-24,1,0,,0.007034734357,0.003073290553,0.01816110413,0,temporal_sigmoid
xgboost,S2,2017,2017-06-22,2017-06-16,2017-06-22,2017-06-23,2017-06-25,2017-06-25,1,0,,0.007034734357,0.003073290553,0.01816110413,0,temporal_sigmoid
xgboost,S2,2017,2017-06-23,2017-06-17,2017-06-23,2017-06-24,2017-06-26,2017-06-26,1,0,,0.007454671431,0.003199335604,0.01816110413,0,temporal_sigmoid
xgboost,S2,2017,2017-06-24,2017-06-18,2017-06-24,2017-06-25,2017-06-27,2017-06-27,1,0,,0.007349471096,0.003167965101,0.01816110413,0,temporal_sigmoid
xgboost,S2,2017,2017-06-25,2017-06-19,2017-06-25,2017-06-26,2017-06-28,2017-06-28,1,0,,0.008072977886,0.003381100884,0.01816110413,0,temporal_sigmoid
xgboost,S2,2017,2017-06-26,2017-06-20,2017-06-26,2017-06-27,2017-06-29,2017-06-29,1,0,,0.009086553007,0.003670288,0.01816110413,0,temporal_sigmoid
xgboost,S2,2017,2017-06-27,2017-06-21,2017-06-27,2017-06-28,2017-06-30,2017-06-30,1,0,,0.01063352171,0.004093752057,0.01816110413,0,temporal_sigmoid
xgboost,S2,2018,2018-02-28,2018-02-22,2018-02-28,2018-03-01,2018-03-03,2018-03-03,1,0,,0.001959326211,0.003860498992,0.02788403879,0,temporal_sigmoid
xgboost,S2,2018,2018-03-01,2018-02-23,2018-03-01,2018-03-02,2018-03-04,2018-03-04,1,0,,0.001237065182,0.002846513159,0.02788403879,0,temporal_sigmoid
xgboost,S2,2018,2018-03-02,2018-02-24,2018-03-02,2018-03-03,2018-03-05,2018-03-05,1,0,,0.002885081107,0.004988451057,0.02788403879,0,temporal_sigmoid
xgboost,S2,2018,2018-03-03,2018-02-25,2018-03-03,2018-03-04,2018-03-06,2018-03-06,1,0,,0.002451379783,0.004478197522,0.02788403879,0,temporal_sigmoid
xgboost,S2,2018,2018-03-04,2018-02-26,2018-03-04,2018-03-05,2018-03-07,2018-03-07,1,0,,0.001332912245,0.00299081807,0.02788403879,0,temporal_sigmoid
xgboost,S2,2018,2018-03-05,2018-02-27,2018-03-05,2018-03-06,2018-03-08,2018-03-08,1,0,,0.0004322734312,0.00141776575,0.02788403879,0,temporal_sigmoid
xgboost,S2,2018,2018-03-06,2018-02-28,2018-03-06,2018-03-07,2018-03-09,2018-03-09,1,0,,0.001329458668,0.002985680691,0.02788403879,0,temporal_sigmoid
xgboost,S2,2018,2018-03-07,2018-03-01,2018-03-07,2018-03-08,2018-03-10,2018-03-10,1,0,,0.0005160897272,0.001594555544,0.02788403879,0,temporal_sigmoid
xgboost,S2,2018,2018-03-08,2018-03-02,2018-03-08,2018-03-09,2018-03-11,2018-03-11,1,0,,0.0007841050392,0.00210410683,0.02788403879,0,temporal_sigmoid
xgboost,S2,2018,2018-03-09,2018-03-03,2018-03-09,2018-03-10,2018-03-12,2018-03-12,1,0,,0.0005107756588,0.001583650048,0.02788403879,0,temporal_sigmoid
xgboost,S2,2018,2018-03-10,2018-03-04,2018-03-10,2018-03-11,2018-03-13,2018-03-13,1,0,,0.0008272289415,0.002180121474,0.02788403879,0,temporal_sigmoid
xgboost,S2,2018,2018-03-11,2018-03-05,2018-03-11,2018-03-12,2018-03-14,2018-03-14,1,0,,0.0009707835852,0.00242407192,0.02788403879,0,temporal_sigmoid
xgboost,S2,2018,2018-03-12,2018-03-06,2018-03-12,2018-03-13,2018-03-15,2018-03-15,1,0,,0.0006714534247,0.001898517222,0.02788403879,0,temporal_sigmoid
xgboost,S2,2018,2018-03-13,2018-03-07,2018-03-13,2018-03-14,2018-03-16,2018-03-16,1,0,,0.0003684037947,0.001275145751,0.02788403879,0,temporal_sigmoid
xgboost,S2,2018,2018-03-14,2018-03-08,2018-03-14,2018-03-15,2018-03-17,2018-03-17,1,0,,0.0004370318202,0.001428095492,0.02788403879,0,temporal_sigmoid
xgboost,S2,2018,2018-03-15,2018-03-09,2018-03-15,2018-03-16,2018-03-18,2018-03-18,1,0,,0.000477279129,0.001514003177,0.02788403879,0,temporal_sigmoid
xgboost,S2,2018,2018-03-16,2018-03-10,2018-03-16,2018-03-17,2018-03-19,2018-03-19,1,0,,0.0007966483245,0.00212635937,0.02788403879,0,temporal_sigmoid
xgboost,S2,2018,2018-03-17,2018-03-11,2018-03-17,2018-03-18,2018-03-20,2018-03-20,1,0,,0.001554325572,0.003311420242,0.02788403879,0,temporal_sigmoid
xgboost,S2,2018,2018-03-18,2018-03-12,2018-03-18,2018-03-19,2018-03-21,2018-03-21,1,0,,0.002744490746,0.004826081932,0.02788403879,0,temporal_sigmoid
xgboost,S2,2018,2018-03-19,2018-03-13,2018-03-19,2018-03-20,2018-03-22,2018-03-22,1,0,,0.001384807169,0.003067481618,0.02788403879,0,temporal_sigmoid
xgboost,S2,2018,2018-03-20,2018-03-14,2018-03-20,2018-03-21,2018-03-23,2018-03-23,1,0,,0.001133761718,0.002686678048,0.02788403879,0,temporal_sigmoid
xgboost,S2,2018,2018-03-21,2018-03-15,2018-03-21,2018-03-22,2018-03-24,2018-03-24,1,0,,0.0007430840633,0.002030477325,0.02788403879,0,temporal_sigmoid
xgboost,S2,2018,2018-03-22,2018-03-16,2018-03-22,2018-03-23,2018-03-25,2018-03-25,1,0,,0.0004395715368,0.001433593294,0.02788403879,0,temporal_sigmoid
xgboost,S2,2018,2018-03-23,2018-03-17,2018-03-23,2018-03-24,2018-03-26,2018-03-26,1,0,,0.001454316895,0.003168663333,0.02788403879,0,temporal_sigmoid
xgboost,S2,2018,2018-03-24,2018-03-18,2018-03-24,2018-03-25,2018-03-27,2018-03-27,1,0,,0.004215948284,0.006413210193,0.02788403879,0,temporal_sigmoid
xgboost,S2,2018,2018-03-25,2018-03-19,2018-03-25,2018-03-26,2018-03-28,2018-03-28,1,0,,0.02734657191,0.02217628142,0.02788403879,0,temporal_sigmoid
xgboost,S2,2018,2018-03-26,2018-03-20,2018-03-26,2018-03-27,2018-03-29,2018-03-29,1,0,,0.001012655557,0.00249287589,0.02788403879,0,temporal_sigmoid
xgboost,S2,2018,2018-03-27,2018-03-21,2018-03-27,2018-03-28,2018-03-30,2018-03-30,1,0,,0.00184956484,0.003715831097,0.02788403879,0,temporal_sigmoid
xgboost,S2,2018,2018-03-28,2018-03-22,2018-03-28,2018-03-29,2018-03-31,2018-03-31,1,0,,0.00343155209,0.005595795141,0.02788403879,0,temporal_sigmoid
xgboost,S2,2018,2018-03-29,2018-03-23,2018-03-29,2018-03-30,2018-04-01,2018-04-01,1,0,,0.001710370881,0.003528119526,0.02788403879,0,temporal_sigmoid
xgboost,S2,2018,2018-03-30,2018-03-24,2018-03-30,2018-03-31,2018-04-02,2018-04-02,1,0,,0.0006186987157,0.001798269949,0.02788403879,0,temporal_sigmoid
xgboost,S2,2018,2018-03-31,2018-03-25,2018-03-31,2018-04-01,2018-04-03,2018-04-03,1,0,,0.0004614981008,0.001480621625,0.02788403879,0,temporal_sigmoid
xgboost,S2,2018,2018-04-01,2018-03-26,2018-04-01,2018-04-02,2018-04-04,2018-04-04,1,0,,0.001201902749,0.002792633841,0.02788403879,0,temporal_sigmoid
xgboost,S2,2018,2018-04-02,2018-03-27,2018-04-02,2018-04-03,2018-04-05,2018-04-05,1,0,,0.0007183302077,0.001985382041,0.02788403879,0,temporal_sigmoid
xgboost,S2,2018,2018-04-03,2018-03-28,2018-04-03,2018-04-04,2018-04-06,2018-04-06,1,0,,0.001476546866,0.003200675064,0.02788403879,0,temporal_sigmoid
xgboost,S2,2018,2018-04-04,2018-03-29,2018-04-04,2018-04-05,2018-04-07,2018-04-07,1,0,,0.004673816729,0.006866429741,0.02788403879,0,temporal_sigmoid
xgboost,S2,2018,2018-04-05,2018-03-30,2018-04-05,2018-04-06,2018-04-08,2018-04-08,1,0,,0.007450826932,0.009351532216,0.02788403879,0,temporal_sigmoid
xgboost,S2,2018,2018-04-06,2018-03-31,2018-04-06,2018-04-07,2018-04-09,2018-04-09,1,0,,0.001418790198,0.003117158261,0.02788403879,0,temporal_sigmoid
xgboost,S2,2018,2018-04-07,2018-04-01,2018-04-07,2018-04-08,2018-04-10,2018-04-10,1,0,,0.003140192712,0.005276418451,0.02788403879,0,temporal_sigmoid
xgboost,S2,2018,2018-04-08,2018-04-02,2018-04-08,2018-04-09,2018-04-11,2018-04-11,1,0,,0.004160463344,0.006357185294,0.02788403879,0,temporal_sigmoid
xgboost,S2,2018,2018-04-09,2018-04-03,2018-04-09,2018-04-10,2018-04-12,2018-04-12,1,0,,0.01020095311,0.01151581256,0.02788403879,0,temporal_sigmoid
xgboost,S2,2018,2018-04-10,2018-04-04,2018-04-10,2018-04-11,2018-04-13,2018-04-13,1,0,,0.003530757036,0.005702424288,0.02788403879,0,temporal_sigmoid
xgboost,S2,2018,2018-04-11,2018-04-05,2018-04-11,2018-04-12,2018-04-14,2018-04-14,1,0,,0.005615646485,0.007754187932,0.02788403879,0,temporal_sigmoid
xgboost,S2,2018,2018-04-12,2018-04-06,2018-04-12,2018-04-13,2018-04-15,2018-04-15,1,0,,0.000717800227,0.001984410864,0.02788403879,0,temporal_sigmoid
xgboost,S2,2018,2018-04-13,2018-04-07,2018-04-13,2018-04-14,2018-04-16,2018-04-16,1,0,,0.001220378443,0.002821009544,0.02788403879,0,temporal_sigmoid
xgboost,S2,2018,2018-04-14,2018-04-08,2018-04-14,2018-04-15,2018-04-17,2018-04-17,1,0,,0.001260632183,0.002882335278,0.02788403879,0,temporal_sigmoid
xgboost,S2,2018,2018-04-15,2018-04-09,2018-04-15,2018-04-16,2018-04-18,2018-04-18,1,0,,0.0008136592223,0.002156349625,0.02788403879,0,temporal_sigmoid
xgboost,S2,2018,2018-04-16,2018-04-10,2018-04-16,2018-04-17,2018-04-19,2018-04-19,1,0,,0.000656998076,0.001871321555,0.02788403879,0,temporal_sigmoid
xgboost,S2,2018,2018-04-17,2018-04-11,2018-04-17,2018-04-18,2018-04-20,2018-04-20,1,0,,0.0005440833629,0.00165139117,0.02788403879,0,temporal_sigmoid
xgboost,S2,2018,2018-04-18,2018-04-12,2018-04-18,2018-04-19,2018-04-21,2018-04-21,1,0,,0.0004862199421,0.001532750207,0.02788403879,0,temporal_sigmoid
xgboost,S2,2018,2018-04-19,2018-04-13,2018-04-19,2018-04-20,2018-04-22,2018-04-22,1,0,,0.0004477622861,0.00145125152,0.02788403879,0,temporal_sigmoid
xgboost,S2,2018,2018-04-20,2018-04-14,2018-04-20,2018-04-21,2018-04-23,2018-04-23,1,0,,0.0005051714252,0.001572107508,0.02788403879,0,temporal_sigmoid
xgboost,S2,2018,2018-04-21,2018-04-15,2018-04-21,2018-04-22,2018-04-24,2018-04-24,1,0,,0.0008754142909,0.002263491862,0.02788403879,0,temporal_sigmoid
xgboost,S2,2018,2018-04-22,2018-04-16,2018-04-22,2018-04-23,2018-04-25,2018-04-25,1,0,,0.0008037037333,0.002138824067,0.02788403879,0,temporal_sigmoid
xgboost,S2,2018,2018-04-23,2018-04-17,2018-04-23,2018-04-24,2018-04-26,2018-04-26,1,0,,0.001232977957,0.002840277148,0.02788403879,0,temporal_sigmoid
xgboost,S2,2018,2018-04-24,2018-04-18,2018-04-24,2018-04-25,2018-04-27,2018-04-27,1,0,,0.001330214087,0.002986804802,0.02788403879,0,temporal_sigmoid
xgboost,S2,2018,2018-04-25,2018-04-19,2018-04-25,2018-04-26,2018-04-28,2018-04-28,1,0,,0.0006706943386,0.00189709406,0.02788403879,0,temporal_sigmoid
xgboost,S2,2018,2018-04-26,2018-04-20,2018-04-26,2018-04-27,2018-04-29,2018-04-29,1,0,,0.0006179743796,0.001796873889,0.02788403879,0,temporal_sigmoid
xgboost,S2,2018,2018-04-27,2018-04-21,2018-04-27,2018-04-28,2018-04-30,2018-04-30,1,0,,0.0007997242501,0.002131798132,0.02788403879,0,temporal_sigmoid
xgboost,S2,2018,2018-04-28,2018-04-22,2018-04-28,2018-04-29,2018-05-01,2018-05-01,1,0,,0.001545552514,0.003299024034,0.02788403879,0,temporal_sigmoid
xgboost,S2,2018,2018-04-29,2018-04-23,2018-04-29,2018-04-30,2018-05-02,2018-05-02,1,0,,0.0004614981008,0.001480621625,0.02788403879,0,temporal_sigmoid
xgboost,S2,2018,2018-04-30,2018-04-24,2018-04-30,2018-05-01,2018-05-03,2018-05-03,1,0,,0.0004275495012,0.001407472794,0.02788403879,0,temporal_sigmoid
xgboost,S2,2018,2018-05-01,2018-04-25,2018-05-01,2018-05-02,2018-05-04,2018-05-04,1,0,,0.0005323731457,0.001627738881,0.02788403879,0,temporal_sigmoid
xgboost,S2,2018,2018-05-02,2018-04-26,2018-05-02,2018-05-03,2018-05-05,2018-05-05,1,0,,0.0004614981008,0.001480621625,0.02788403879,0,temporal_sigmoid
xgboost,S2,2018,2018-05-03,2018-04-27,2018-05-03,2018-05-04,2018-05-06,2018-05-06,1,0,,0.0007069298299,0.001964437352,0.02788403879,0,temporal_sigmoid
xgboost,S2,2018,2018-05-04,2018-04-28,2018-05-04,2018-05-05,2018-05-07,2018-05-07,1,0,,0.0005371476291,0.00163740337,0.02788403879,0,temporal_sigmoid
xgboost,S2,2018,2018-05-05,2018-04-29,2018-05-05,2018-05-06,2018-05-08,2018-05-08,1,0,,0.0006621737266,0.001881081797,0.02788403879,0,temporal_sigmoid
xgboost,S2,2018,2018-05-06,2018-04-30,2018-05-06,2018-05-07,2018-05-09,2018-05-09,1,0,,0.0007906789542,0.002115784221,0.02788403879,0,temporal_sigmoid
xgboost,S2,2018,2018-05-07,2018-05-01,2018-05-07,2018-05-08,2018-05-10,2018-05-10,1,0,,0.0008234056877,0.002173437196,0.02788403879,0,temporal_sigmoid
xgboost,S2,2018,2018-05-08,2018-05-02,2018-05-08,2018-05-09,2018-05-11,2018-05-11,1,0,,0.001294334768,0.002933172933,0.02788403879,0,temporal_sigmoid
xgboost,S2,2018,2018-05-09,2018-05-03,2018-05-09,2018-05-10,2018-05-12,2018-05-12,1,0,,0.0006542512565,0.001866131061,0.02788403879,0,temporal_sigmoid
xgboost,S2,2018,2018-05-10,2018-05-04,2018-05-10,2018-05-11,2018-05-13,2018-05-13,1,0,,0.0007053283043,0.001961485936,0.02788403879,0,temporal_sigmoid
xgboost,S2,2018,2018-05-11,2018-05-05,2018-05-11,2018-05-12,2018-05-14,2018-05-14,1,0,,0.0005224246997,0.001607506743,0.02788403879,0,temporal_sigmoid
xgboost,S2,2018,2018-05-12,2018-05-06,2018-05-12,2018-05-13,2018-05-15,2018-05-15,1,0,,0.0007593250484,0.002059788806,0.02788403879,0,temporal_sigmoid
xgboost,S2,2018,2018-05-13,2018-05-07,2018-05-13,2018-05-14,2018-05-16,2018-05-16,1,0,,0.0005488371826,0.001660943794,0.02788403879,0,temporal_sigmoid
xgboost,S2,2018,2018-05-14,2018-05-08,2018-05-14,2018-05-15,2018-05-17,2018-05-17,1,0,,0.0005189380026,0.00160038515,0.02788403879,0,temporal_sigmoid
xgboost,S2,2018,2018-05-15,2018-05-09,2018-05-15,2018-05-16,2018-05-18,2018-05-18,1,0,,0.0005257524317,0.001614288703,0.02788403879,0,temporal_sigmoid
xgboost,S2,2018,2018-05-16,2018-05-10,2018-05-16,2018-05-17,2018-05-19,2018-05-19,1,0,,0.001072580577,0.002589696277,0.02788403879,0,temporal_sigmoid
xgboost,S2,2018,2018-05-17,2018-05-11,2018-05-17,2018-05-18,2018-05-20,2018-05-20,1,0,,0.0007330434746,0.002012248005,0.02788403879,0,temporal_sigmoid
xgboost,S2,2018,2018-05-18,2018-05-12,2018-05-18,2018-05-19,2018-05-21,2018-05-21,1,0,,0.001030839514,0.00252245531,0.02788403879,0,temporal_sigmoid
xgboost,S2,2018,2018-05-19,2018-05-13,2018-05-19,2018-05-20,2018-05-22,2018-05-22,1,0,,0.001135443454,0.002689318525,0.02788403879,0,temporal_sigmoid
xgboost,S2,2018,2018-05-20,2018-05-14,2018-05-20,2018-05-21,2018-05-23,2018-05-23,1,0,,0.0008472456248,0.002214948353,0.02788403879,0,temporal_sigmoid
xgboost,S2,2018,2018-05-21,2018-05-15,2018-05-21,2018-05-22,2018-05-24,2018-05-24,1,0,,0.0006437417469,0.001846203557,0.02788403879,0,temporal_sigmoid
xgboost,S2,2018,2018-05-22,2018-05-16,2018-05-22,2018-05-23,2018-05-25,2018-05-25,1,0,,0.0005118249683,0.001585806456,0.02788403879,0,temporal_sigmoid
xgboost,S2,2018,2018-05-23,2018-05-17,2018-05-23,2018-05-24,2018-05-26,2018-05-26,1,0,,0.0004875911982,0.001535615117,0.02788403879,0,temporal_sigmoid
xgboost,S2,2018,2018-05-24,2018-05-18,2018-05-24,2018-05-25,2018-05-27,2018-05-27,1,0,,0.0008839907823,0.002278166601,0.02788403879,0,temporal_sigmoid
xgboost,S2,2018,2018-05-25,2018-05-19,2018-05-25,2018-05-26,2018-05-28,2018-05-28,1,0,,0.0008030074532,0.002137595606,0.02788403879,0,temporal_sigmoid
xgboost,S2,2018,2018-05-26,2018-05-20,2018-05-26,2018-05-27,2018-05-29,2018-05-29,1,0,,0.001443102257,0.003152451247,0.02788403879,0,temporal_sigmoid
xgboost,S2,2018,2018-05-27,2018-05-21,2018-05-27,2018-05-28,2018-05-30,2018-05-30,1,0,,0.00686256215,0.008855656758,0.02788403879,0,temporal_sigmoid
xgboost,S2,2018,2018-05-28,2018-05-22,2018-05-28,2018-05-29,2018-05-31,2018-05-31,1,0,,0.003360809758,0.005519121516,0.02788403879,0,temporal_sigmoid
xgboost,S2,2018,2018-05-29,2018-05-23,2018-05-29,2018-05-30,2018-06-01,2018-06-01,1,0,,0.002256770153,0.004239420593,0.02788403879,0,temporal_sigmoid
xgboost,S2,2018,2018-05-30,2018-05-24,2018-05-30,2018-05-31,2018-06-02,2018-06-02,1,0,,0.001461905311,0.003179609321,0.02788403879,0,temporal_sigmoid
xgboost,S2,2018,2018-05-31,2018-05-25,2018-05-31,2018-06-01,2018-06-03,2018-06-03,1,0,,0.0005291556008,0.001621209437,0.02788403879,0,temporal_sigmoid
xgboost,S2,2018,2018-06-01,2018-05-26,2018-06-01,2018-06-02,2018-06-04,2018-06-04,1,0,,0.0003185949172,0.001158037209,0.02788403879,0,temporal_sigmoid
xgboost,S2,2018,2018-06-02,2018-05-27,2018-06-02,2018-06-03,2018-06-05,2018-06-05,1,0,,0.0003778648097,0.001296769489,0.02788403879,0,temporal_sigmoid
xgboost,S2,2018,2018-06-03,2018-05-28,2018-06-03,2018-06-04,2018-06-06,2018-06-06,1,0,,0.0005084285513,0.001578821148,0.02788403879,0,temporal_sigmoid
xgboost,S2,2018,2018-06-04,2018-05-29,2018-06-04,2018-06-05,2018-06-07,2018-06-07,1,0,,0.0006315954961,0.001823035194,0.02788403879,0,temporal_sigmoid
xgboost,S2,2018,2018-06-05,2018-05-30,2018-06-05,2018-06-06,2018-06-08,2018-06-08,1,0,,0.0004700452264,0.001498748313,0.02788403879,0,temporal_sigmoid
xgboost,S2,2018,2018-06-06,2018-05-31,2018-06-06,2018-06-07,2018-06-09,2018-06-09,1,0,,0.003046823898,0.005171976568,0.02788403879,0,temporal_sigmoid
xgboost,S2,2018,2018-06-07,2018-06-01,2018-06-07,2018-06-08,2018-06-10,2018-06-10,1,0,,0.007101385854,0.009058631968,0.02788403879,0,temporal_sigmoid
xgboost,S2,2018,2018-06-08,2018-06-02,2018-06-08,2018-06-09,2018-06-11,2018-06-11,1,0,,0.003720015287,0.005903081646,0.02788403879,0,temporal_sigmoid
xgboost,S2,2018,2018-06-09,2018-06-03,2018-06-09,2018-06-10,2018-06-12,2018-06-12,1,0,,0.001850958914,0.003717686419,0.02788403879,0,temporal_sigmoid
xgboost,S2,2018,2018-06-10,2018-06-04,2018-06-10,2018-06-11,2018-06-13,2018-06-13,1,0,,0.000481781055,0.001523457457,0.02788403879,0,temporal_sigmoid
xgboost,S2,2018,2018-06-11,2018-06-05,2018-06-11,2018-06-12,2018-06-14,2018-06-14,1,0,,0.0004198461247,0.001390605216,0.02788403879,0,temporal_sigmoid
xgboost,S2,2018,2018-06-12,2018-06-06,2018-06-12,2018-06-13,2018-06-15,2018-06-15,1,0,,0.000400864752,0.001348590425,0.02788403879,0,temporal_sigmoid
xgboost,S2,2018,2018-06-13,2018-06-07,2018-06-13,2018-06-14,2018-06-16,2018-06-16,1,0,,0.0004121554084,0.001373660872,0.02788403879,0,temporal_sigmoid
xgboost,S2,2018,2018-06-14,2018-06-08,2018-06-14,2018-06-15,2018-06-17,2018-06-17,1,0,,0.0004306995543,0.00141434067,0.02788403879,0,temporal_sigmoid
xgboost,S2,2018,2018-06-15,2018-06-09,2018-06-15,2018-06-16,2018-06-18,2018-06-18,1,0,,0.0007373670815,0.002020108056,0.02788403879,0,temporal_sigmoid
xgboost,S2,2018,2018-06-16,2018-06-10,2018-06-16,2018-06-17,2018-06-19,2018-06-19,1,0,,0.00049396744,0.001548901207,0.02788403879,0,temporal_sigmoid
xgboost,S2,2018,2018-06-17,2018-06-11,2018-06-17,2018-06-18,2018-06-20,2018-06-20,1,0,,0.0006900714361,0.001933254897,0.02788403879,0,temporal_sigmoid
xgboost,S2,2018,2018-06-18,2018-06-12,2018-06-18,2018-06-19,2018-06-21,2018-06-21,1,0,,0.002730355132,0.004809602803,0.02788403879,0,temporal_sigmoid
xgboost,S2,2018,2018-06-19,2018-06-13,2018-06-19,2018-06-20,2018-06-22,2018-06-22,1,0,,0.0004882953945,0.00153708531,0.02788403879,0,temporal_sigmoid
xgboost,S2,2018,2018-06-20,2018-06-14,2018-06-20,2018-06-21,2018-06-23,2018-06-23,1,0,,0.000474192726,0.001507504177,0.02788403879,0,temporal_sigmoid
xgboost,S2,2018,2018-06-21,2018-06-15,2018-06-21,2018-06-22,2018-06-24,2018-06-24,1,0,,0.001457505161,0.003173264626,0.02788403879,0,temporal_sigmoid
xgboost,S2,2018,2018-06-22,2018-06-16,2018-06-22,2018-06-23,2018-06-25,2018-06-25,1,0,,0.001685287571,0.003493752338,0.02788403879,0,temporal_sigmoid
xgboost,S2,2018,2018-06-23,2018-06-17,2018-06-23,2018-06-24,2018-06-26,2018-06-26,1,0,,0.0005436810316,0.001650581409,0.02788403879,0,temporal_sigmoid
xgboost,S2,2018,2018-06-24,2018-06-18,2018-06-24,2018-06-25,2018-06-27,2018-06-27,1,0,,0.0004255848471,0.00140318073,0.02788403879,0,temporal_sigmoid
xgboost,S2,2018,2018-06-25,2018-06-19,2018-06-25,2018-06-26,2018-06-28,2018-06-28,1,0,,0.0004583921691,0.001474006583,0.02788403879,0,temporal_sigmoid
xgboost,S2,2018,2018-06-26,2018-06-20,2018-06-26,2018-06-27,2018-06-29,2018-06-29,1,0,,0.0004566224816,0.001470230723,0.02788403879,0,temporal_sigmoid
xgboost,S2,2018,2018-06-27,2018-06-21,2018-06-27,2018-06-28,2018-06-30,2018-06-30,1,0,,0.0005208058283,0.001604202192,0.02788403879,0,temporal_sigmoid
xgboost,S2,2019,2019-02-28,2019-02-22,2019-02-28,2019-03-01,2019-03-03,2019-03-03,1,0,,0.0004411608097,0.004330728984,0.02604767798,0,temporal_sigmoid
xgboost,S2,2019,2019-03-01,2019-02-23,2019-03-01,2019-03-02,2019-03-04,2019-03-04,1,0,,0.0004933554446,0.004587410619,0.02604767798,0,temporal_sigmoid
xgboost,S2,2019,2019-03-02,2019-02-24,2019-03-02,2019-03-03,2019-03-05,2019-03-05,1,0,,0.0004933554446,0.004587410619,0.02604767798,0,temporal_sigmoid
xgboost,S2,2019,2019-03-03,2019-02-25,2019-03-03,2019-03-04,2019-03-06,2019-03-06,1,0,,0.001035051304,0.006716294335,0.02604767798,0,temporal_sigmoid
xgboost,S2,2019,2019-03-04,2019-02-26,2019-03-04,2019-03-05,2019-03-07,2019-03-07,1,0,,0.0003808287729,0.004014820914,0.02604767798,0,temporal_sigmoid
xgboost,S2,2019,2019-03-05,2019-02-27,2019-03-05,2019-03-06,2019-03-08,2019-03-08,1,0,,0.0007330256631,0.005624332716,0.02604767798,0,temporal_sigmoid
xgboost,S2,2019,2019-03-06,2019-02-28,2019-03-06,2019-03-07,2019-03-09,2019-03-09,1,0,,0.0009862257866,0.006551509362,0.02604767798,0,temporal_sigmoid
xgboost,S2,2019,2019-03-07,2019-03-01,2019-03-07,2019-03-08,2019-03-10,2019-03-10,1,0,,0.001241813414,0.007375296106,0.02604767798,0,temporal_sigmoid
xgboost,S2,2019,2019-03-08,2019-03-02,2019-03-08,2019-03-09,2019-03-11,2019-03-11,1,0,,0.001861622673,0.009079846635,0.02604767798,0,temporal_sigmoid
xgboost,S2,2019,2019-03-09,2019-03-03,2019-03-09,2019-03-10,2019-03-12,2019-03-12,1,0,,0.001533646951,0.008219925371,0.02604767798,0,temporal_sigmoid
xgboost,S2,2019,2019-03-10,2019-03-04,2019-03-10,2019-03-11,2019-03-13,2019-03-13,1,0,,0.0009610824054,0.00646509644,0.02604767798,0,temporal_sigmoid
xgboost,S2,2019,2019-03-11,2019-03-05,2019-03-11,2019-03-12,2019-03-14,2019-03-14,1,0,,0.001294706482,0.007535061637,0.02604767798,0,temporal_sigmoid
xgboost,S2,2019,2019-03-12,2019-03-06,2019-03-12,2019-03-13,2019-03-15,2019-03-15,1,0,,0.000545644958,0.004831605657,0.02604767798,0,temporal_sigmoid
xgboost,S2,2019,2019-03-13,2019-03-07,2019-03-13,2019-03-14,2019-03-16,2019-03-16,1,0,,0.0005640585441,0.004914861416,0.02604767798,0,temporal_sigmoid
xgboost,S2,2019,2019-03-14,2019-03-08,2019-03-14,2019-03-15,2019-03-17,2019-03-17,1,0,,0.001052769134,0.006775149477,0.02604767798,0,temporal_sigmoid
xgboost,S2,2019,2019-03-15,2019-03-09,2019-03-15,2019-03-16,2019-03-18,2019-03-18,1,0,,0.0009337224765,0.006369801989,0.02604767798,0,temporal_sigmoid
xgboost,S2,2019,2019-03-16,2019-03-10,2019-03-16,2019-03-17,2019-03-19,2019-03-19,1,0,,0.0407281667,0.04407158957,0.02604767798,1,temporal_sigmoid
xgboost,S2,2019,2019-03-17,2019-03-11,2019-03-17,2019-03-18,2019-03-20,2019-03-20,1,0,,0.05505515635,0.05150207973,0.02604767798,1,temporal_sigmoid
xgboost,S2,2019,2019-03-18,2019-03-12,2019-03-18,2019-03-19,2019-03-21,2019-03-21,1,0,,0.0007491136785,0.005687501798,0.02604767798,0,temporal_sigmoid
xgboost,S2,2019,2019-03-19,2019-03-13,2019-03-19,2019-03-20,2019-03-22,2019-03-22,1,0,,0.0009837351972,0.006542998062,0.02604767798,0,temporal_sigmoid
xgboost,S2,2019,2019-03-20,2019-03-14,2019-03-20,2019-03-21,2019-03-23,2019-03-23,1,0,,0.0009198696353,0.006321032767,0.02604767798,0,temporal_sigmoid
xgboost,S2,2019,2019-03-21,2019-03-15,2019-03-21,2019-03-22,2019-03-24,2019-03-24,1,0,,0.07190601528,0.05919469053,0.02604767798,1,temporal_sigmoid
xgboost,S2,2019,2019-03-22,2019-03-16,2019-03-22,2019-03-23,2019-03-25,2019-03-25,1,0,,0.09349752218,0.06798989597,0.02604767798,1,temporal_sigmoid
xgboost,S2,2019,2019-03-23,2019-03-17,2019-03-23,2019-03-24,2019-03-26,2019-03-26,1,0,,0.2495809644,0.1178779489,0.02604767798,1,temporal_sigmoid
xgboost,S2,2019,2019-03-24,2019-03-18,2019-03-24,2019-03-25,2019-03-27,2019-03-27,1,0,,0.02542961948,0.03460445785,0.02604767798,1,temporal_sigmoid
xgboost,S2,2019,2019-03-25,2019-03-19,2019-03-25,2019-03-26,2019-03-28,2019-03-28,1,0,,0.0321373418,0.0390171985,0.02604767798,1,temporal_sigmoid
xgboost,S2,2019,2019-03-26,2019-03-20,2019-03-26,2019-03-27,2019-03-29,2019-03-29,1,0,,0.02753256261,0.03604206846,0.02604767798,1,temporal_sigmoid
xgboost,S2,2019,2019-03-27,2019-03-21,2019-03-27,2019-03-28,2019-03-30,2019-03-30,1,0,,0.001076715067,0.006853929704,0.02604767798,0,temporal_sigmoid
xgboost,S2,2019,2019-03-28,2019-03-22,2019-03-28,2019-03-29,2019-03-31,2019-03-31,1,0,,0.06218148023,0.05486697236,0.02604767798,1,temporal_sigmoid
xgboost,S2,2019,2019-03-29,2019-03-23,2019-03-29,2019-03-30,2019-04-01,2019-04-01,1,0,,0.003500649473,0.0125519945,0.02604767798,0,temporal_sigmoid
xgboost,S2,2019,2019-03-30,2019-03-24,2019-03-30,2019-03-31,2019-04-02,2019-04-02,1,0,,0.001853489084,0.009059463588,0.02604767798,0,temporal_sigmoid
xgboost,S2,2019,2019-03-31,2019-03-25,2019-03-31,2019-04-01,2019-04-03,2019-04-03,1,0,,0.003781835781,0.01305871599,0.02604767798,0,temporal_sigmoid
xgboost,S2,2019,2019-04-01,2019-03-26,2019-04-01,2019-04-02,2019-04-04,2019-04-04,1,0,,0.0007789261872,0.005802834823,0.02604767798,0,temporal_sigmoid
xgboost,S2,2019,2019-04-02,2019-03-27,2019-04-02,2019-04-03,2019-04-05,2019-04-05,1,0,,0.000505745993,0.004646372474,0.02604767798,0,temporal_sigmoid
xgboost,S2,2019,2019-04-03,2019-03-28,2019-04-03,2019-04-04,2019-04-06,2019-04-06,1,0,,0.0003640727082,0.003922830897,0.02604767798,0,temporal_sigmoid
xgboost,S2,2019,2019-04-04,2019-03-29,2019-04-04,2019-04-05,2019-04-07,2019-04-07,1,0,,0.00044832821,0.00436682109,0.02604767798,0,temporal_sigmoid
xgboost,S2,2019,2019-04-05,2019-03-30,2019-04-05,2019-04-06,2019-04-08,2019-04-08,1,0,,0.0002976861724,0.003536327766,0.02604767798,0,temporal_sigmoid
xgboost,S2,2019,2019-04-06,2019-03-31,2019-04-06,2019-04-07,2019-04-09,2019-04-09,1,0,,0.001131027238,0.00702950014,0.02604767798,0,temporal_sigmoid
xgboost,S2,2019,2019-04-07,2019-04-01,2019-04-07,2019-04-08,2019-04-10,2019-04-10,1,0,,0.0009588708635,0.006457443271,0.02604767798,0,temporal_sigmoid
xgboost,S2,2019,2019-04-08,2019-04-02,2019-04-08,2019-04-09,2019-04-11,2019-04-11,1,0,,0.001288395957,0.007516170242,0.02604767798,0,temporal_sigmoid
xgboost,S2,2019,2019-04-09,2019-04-03,2019-04-09,2019-04-10,2019-04-12,2019-04-12,1,0,,0.0004649572656,0.004449491461,0.02604767798,0,temporal_sigmoid
xgboost,S2,2019,2019-04-10,2019-04-04,2019-04-10,2019-04-11,2019-04-13,2019-04-13,1,0,,0.0003347062157,0.00375649298,0.02604767798,0,temporal_sigmoid
xgboost,S2,2019,2019-04-11,2019-04-05,2019-04-11,2019-04-12,2019-04-14,2019-04-14,1,0,,0.0004811091931,0.004528422465,0.02604767798,0,temporal_sigmoid
xgboost,S2,2019,2019-04-12,2019-04-06,2019-04-12,2019-04-13,2019-04-15,2019-04-15,1,0,,0.0004353609111,0.004301313586,0.02604767798,0,temporal_sigmoid
xgboost,S2,2019,2019-04-13,2019-04-07,2019-04-13,2019-04-14,2019-04-16,2019-04-16,1,0,,0.0004318508436,0.004283418826,0.02604767798,0,temporal_sigmoid
xgboost,S2,2019,2019-04-14,2019-04-08,2019-04-14,2019-04-15,2019-04-17,2019-04-17,1,0,,0.0004892735742,0.004567828987,0.02604767798,0,temporal_sigmoid
xgboost,S2,2019,2019-04-15,2019-04-09,2019-04-15,2019-04-16,2019-04-18,2019-04-18,1,0,,0.001217444544,0.007300570716,0.02604767798,0,temporal_sigmoid
xgboost,S2,2019,2019-04-16,2019-04-10,2019-04-16,2019-04-17,2019-04-19,2019-04-19,1,0,,0.001070413506,0.00683328175,0.02604767798,0,temporal_sigmoid
xgboost,S2,2019,2019-04-17,2019-04-11,2019-04-17,2019-04-18,2019-04-20,2019-04-20,1,0,,0.02426181361,0.03378142486,0.02604767798,1,temporal_sigmoid
xgboost,S2,2019,2019-04-18,2019-04-12,2019-04-18,2019-04-19,2019-04-21,2019-04-21,1,0,,0.001564008999,0.008303093077,0.02604767798,0,temporal_sigmoid
xgboost,S2,2019,2019-04-19,2019-04-13,2019-04-19,2019-04-20,2019-04-22,2019-04-22,1,0,,0.001649363665,0.008532755722,0.02604767798,0,temporal_sigmoid
xgboost,S2,2019,2019-04-20,2019-04-14,2019-04-20,2019-04-21,2019-04-23,2019-04-23,1,0,,0.001511352952,0.008158343642,0.02604767798,0,temporal_sigmoid
xgboost,S2,2019,2019-04-21,2019-04-15,2019-04-21,2019-04-22,2019-04-24,2019-04-24,1,0,,0.0009349158499,0.006373986709,0.02604767798,0,temporal_sigmoid
xgboost,S2,2019,2019-04-22,2019-04-16,2019-04-22,2019-04-23,2019-04-25,2019-04-25,1,0,,0.001359431306,0.00772628486,0.02604767798,0,temporal_sigmoid
xgboost,S2,2019,2019-04-23,2019-04-17,2019-04-23,2019-04-24,2019-04-26,2019-04-26,1,0,,0.002235306427,0.009973410938,0.02604767798,0,temporal_sigmoid
xgboost,S2,2019,2019-04-24,2019-04-18,2019-04-24,2019-04-25,2019-04-27,2019-04-27,1,0,,0.1395438313,0.08440053217,0.02604767798,1,temporal_sigmoid
xgboost,S2,2019,2019-04-25,2019-04-19,2019-04-25,2019-04-26,2019-04-28,2019-04-28,1,0,,0.3082839847,0.1345447284,0.02604767798,1,temporal_sigmoid
xgboost,S2,2019,2019-04-26,2019-04-20,2019-04-26,2019-04-27,2019-04-29,2019-04-29,1,0,,0.09710682184,0.06937434969,0.02604767798,1,temporal_sigmoid
xgboost,S2,2019,2019-04-27,2019-04-21,2019-04-27,2019-04-28,2019-04-30,2019-04-30,1,0,,0.1212618575,0.07817001953,0.02604767798,1,temporal_sigmoid
xgboost,S2,2019,2019-04-28,2019-04-22,2019-04-28,2019-04-29,2019-05-01,2019-05-01,1,0,,0.4806089401,0.1848741266,0.02604767798,1,temporal_sigmoid
xgboost,S2,2019,2019-04-29,2019-04-23,2019-04-29,2019-04-30,2019-05-02,2019-05-02,1,0,,0.7737984061,0.3083804448,0.02604767798,1,temporal_sigmoid
xgboost,S2,2019,2019-04-30,2019-04-24,2019-04-30,2019-05-01,2019-05-03,2019-05-03,1,0,,0.9265174866,0.4667290764,0.02604767798,1,temporal_sigmoid
xgboost,S2,2019,2019-05-01,2019-04-25,2019-05-01,2019-05-02,2019-05-04,2019-05-04,1,0,,0.9552716613,0.5347383496,0.02604767798,1,temporal_sigmoid
xgboost,S2,2019,2019-05-02,2019-04-26,2019-05-02,2019-05-03,2019-05-05,2019-05-05,1,0,,0.7302283645,0.2831820017,0.02604767798,1,temporal_sigmoid
xgboost,S2,2019,2019-05-03,2019-04-27,2019-05-03,2019-05-04,2019-05-06,2019-05-06,1,0,,0.001534407376,0.00822201811,0.02604767798,0,temporal_sigmoid
xgboost,S2,2019,2019-05-04,2019-04-28,2019-05-04,2019-05-05,2019-05-07,2019-05-07,1,0,,0.001055034692,0.00678264022,0.02604767798,0,temporal_sigmoid
xgboost,S2,2019,2019-05-05,2019-04-29,2019-05-05,2019-05-06,2019-05-08,2019-05-08,1,0,,0.002717711031,0.01102468902,0.02604767798,0,temporal_sigmoid
xgboost,S2,2019,2019-05-06,2019-04-30,2019-05-06,2019-05-07,2019-05-09,2019-05-09,1,0,,0.00897764042,0.02032250934,0.02604767798,0,temporal_sigmoid
xgboost,S2,2019,2019-05-07,2019-05-01,2019-05-07,2019-05-08,2019-05-10,2019-05-10,1,0,,0.01335181203,0.02489194525,0.02604767798,0,temporal_sigmoid
xgboost,S2,2019,2019-05-08,2019-05-02,2019-05-08,2019-05-09,2019-05-11,2019-05-11,1,0,,0.2183053344,0.1088045391,0.02604767798,1,temporal_sigmoid
xgboost,S2,2019,2019-05-09,2019-05-03,2019-05-09,2019-05-10,2019-05-12,2019-05-12,1,0,,0.1754463613,0.09590275954,0.02604767798,1,temporal_sigmoid
xgboost,S2,2019,2019-05-10,2019-05-04,2019-05-10,2019-05-11,2019-05-13,2019-05-13,1,0,,0.4713821411,0.1820093511,0.02604767798,1,temporal_sigmoid
xgboost,S2,2019,2019-05-11,2019-05-05,2019-05-11,2019-05-12,2019-05-14,2019-05-14,1,0,,0.3801166117,0.1549379588,0.02604767798,1,temporal_sigmoid
xgboost,S2,2019,2019-05-12,2019-05-06,2019-05-12,2019-05-13,2019-05-15,2019-05-15,1,0,,0.6271615624,0.2360103427,0.02604767798,1,temporal_sigmoid
xgboost,S2,2019,2019-05-13,2019-05-07,2019-05-13,2019-05-14,2019-05-16,2019-05-16,1,0,,0.003403538838,0.01237237976,0.02604767798,0,temporal_sigmoid
xgboost,S2,2019,2019-05-14,2019-05-08,2019-05-14,2019-05-15,2019-05-17,2019-05-17,1,0,,0.000805675867,0.005904499052,0.02604767798,0,temporal_sigmoid
xgboost,S2,2019,2019-05-15,2019-05-09,2019-05-15,2019-05-16,2019-05-18,2019-05-18,1,0,,0.001040928648,0.006735871868,0.02604767798,0,temporal_sigmoid
xgboost,S2,2019,2019-05-16,2019-05-10,2019-05-16,2019-05-17,2019-05-19,2019-05-19,1,0,,0.000649963913,0.005286850914,0.02604767798,0,temporal_sigmoid
xgboost,S2,2019,2019-05-17,2019-05-11,2019-05-17,2019-05-18,2019-05-20,2019-05-20,1,0,,0.0115055237,0.02306931405,0.02604767798,0,temporal_sigmoid
xgboost,S2,2019,2019-05-18,2019-05-12,2019-05-18,2019-05-19,2019-05-21,2019-05-21,1,0,,0.04043361545,0.04390710339,0.02604767798,1,temporal_sigmoid
xgboost,S2,2019,2019-05-19,2019-05-13,2019-05-19,2019-05-20,2019-05-22,2019-05-22,1,0,,0.004346139729,0.01402265913,0.02604767798,0,temporal_sigmoid
xgboost,S2,2019,2019-05-20,2019-05-14,2019-05-20,2019-05-21,2019-05-23,2019-05-23,1,0,,0.01181480102,0.02338410643,0.02604767798,0,temporal_sigmoid
xgboost,S2,2019,2019-05-21,2019-05-15,2019-05-21,2019-05-22,2019-05-24,2019-05-24,1,0,,0.008005652577,0.01916641524,0.02604767798,0,temporal_sigmoid
xgboost,S2,2019,2019-05-22,2019-05-16,2019-05-22,2019-05-23,2019-05-25,2019-05-25,1,0,,0.002954292344,0.01150665544,0.02604767798,0,temporal_sigmoid
xgboost,S2,2019,2019-05-23,2019-05-17,2019-05-23,2019-05-24,2019-05-26,2019-05-26,1,0,,0.0004086539266,0.004163332852,0.02604767798,0,temporal_sigmoid
xgboost,S2,2019,2019-05-24,2019-05-18,2019-05-24,2019-05-25,2019-05-27,2019-05-27,1,0,,0.0003284032573,0.00371987756,0.02604767798,0,temporal_sigmoid
xgboost,S2,2019,2019-05-25,2019-05-19,2019-05-25,2019-05-26,2019-05-28,2019-05-28,1,0,,0.000279653701,0.003424262312,0.02604767798,0,temporal_sigmoid
xgboost,S2,2019,2019-05-26,2019-05-20,2019-05-26,2019-05-27,2019-05-29,2019-05-29,1,0,,0.001839579083,0.009024502909,0.02604767798,0,temporal_sigmoid
xgboost,S2,2019,2019-05-27,2019-05-21,2019-05-27,2019-05-28,2019-05-30,2019-05-30,1,0,,0.004734099377,0.01465005975,0.02604767798,0,temporal_sigmoid
xgboost,S2,2019,2019-05-28,2019-05-22,2019-05-28,2019-05-29,2019-05-31,2019-05-31,1,0,,0.02107621171,0.03143371912,0.02604767798,1,temporal_sigmoid
xgboost,S2,2019,2019-05-29,2019-05-23,2019-05-29,2019-05-30,2019-06-01,2019-06-01,1,0,,0.02650659531,0.03534753248,0.02604767798,1,temporal_sigmoid
xgboost,S2,2019,2019-05-30,2019-05-24,2019-05-30,2019-05-31,2019-06-02,2019-06-02,1,0,,0.007702965755,0.01879247848,0.02604767798,0,temporal_sigmoid
xgboost,S2,2019,2019-05-31,2019-05-25,2019-05-31,2019-06-01,2019-06-03,2019-06-03,1,0,,0.002758271527,0.01110873952,0.02604767798,0,temporal_sigmoid
xgboost,S2,2019,2019-06-01,2019-05-26,2019-06-01,2019-06-02,2019-06-04,2019-06-04,1,0,,0.001124131377,0.007007440271,0.02604767798,0,temporal_sigmoid
xgboost,S2,2019,2019-06-02,2019-05-27,2019-06-02,2019-06-03,2019-06-05,2019-06-05,1,0,,0.0003030280059,0.003568887423,0.02604767798,0,temporal_sigmoid
xgboost,S2,2019,2019-06-03,2019-05-28,2019-06-03,2019-06-04,2019-06-06,2019-06-06,1,0,,0.0005387060228,0.004799877387,0.02604767798,0,temporal_sigmoid
xgboost,S2,2019,2019-06-04,2019-05-29,2019-06-04,2019-06-05,2019-06-07,2019-06-07,1,0,,0.0004914331948,0.004578199032,0.02604767798,0,temporal_sigmoid
xgboost,S2,2019,2019-06-05,2019-05-30,2019-06-05,2019-06-06,2019-06-08,2019-06-08,1,0,,0.0005568295601,0.00488233629,0.02604767798,0,temporal_sigmoid
xgboost,S2,2019,2019-06-06,2019-05-31,2019-06-06,2019-06-07,2019-06-09,2019-06-09,1,0,,0.0006988338428,0.005487793325,0.02604767798,0,temporal_sigmoid
xgboost,S2,2019,2019-06-07,2019-06-01,2019-06-07,2019-06-08,2019-06-10,2019-06-10,1,0,,0.001347285928,0.007690747484,0.02604767798,0,temporal_sigmoid
xgboost,S2,2019,2019-06-08,2019-06-02,2019-06-08,2019-06-09,2019-06-11,2019-06-11,1,0,,0.0007617202937,0.005736540191,0.02604767798,0,temporal_sigmoid
xgboost,S2,2019,2019-06-09,2019-06-03,2019-06-09,2019-06-10,2019-06-12,2019-06-12,1,0,,0.0007617202937,0.005736540191,0.02604767798,0,temporal_sigmoid
xgboost,S2,2019,2019-06-10,2019-06-04,2019-06-10,2019-06-11,2019-06-13,2019-06-13,1,0,,0.008038668893,0.01920678043,0.02604767798,0,temporal_sigmoid
xgboost,S2,2019,2019-06-11,2019-06-05,2019-06-11,2019-06-12,2019-06-14,2019-06-14,1,0,,0.01134515926,0.02290445908,0.02604767798,0,temporal_sigmoid
xgboost,S2,2019,2019-06-12,2019-06-06,2019-06-12,2019-06-13,2019-06-15,2019-06-15,1,0,,0.02264522575,0.03260995814,0.02604767798,1,temporal_sigmoid
xgboost,S2,2019,2019-06-13,2019-06-07,2019-06-13,2019-06-14,2019-06-16,2019-06-16,1,0,,0.003575693583,0.01268912646,0.02604767798,0,temporal_sigmoid
xgboost,S2,2019,2019-06-14,2019-06-08,2019-06-14,2019-06-15,2019-06-17,2019-06-17,1,0,,0.002342790132,0.01021659132,0.02604767798,0,temporal_sigmoid
xgboost,S2,2019,2019-06-15,2019-06-09,2019-06-15,2019-06-16,2019-06-18,2019-06-18,1,0,,0.0009549195529,0.006443748045,0.02604767798,0,temporal_sigmoid
xgboost,S2,2019,2019-06-16,2019-06-10,2019-06-16,2019-06-17,2019-06-19,2019-06-19,1,0,,0.00427752221,0.01390887013,0.02604767798,0,temporal_sigmoid
xgboost,S2,2019,2019-06-17,2019-06-11,2019-06-17,2019-06-18,2019-06-20,2019-06-20,1,0,,0.00312391296,0.01184064448,0.02604767798,0,temporal_sigmoid
xgboost,S2,2019,2019-06-18,2019-06-12,2019-06-18,2019-06-19,2019-06-21,2019-06-21,1,0,,0.004604610614,0.01444356026,0.02604767798,0,temporal_sigmoid
xgboost,S2,2019,2019-06-19,2019-06-13,2019-06-19,2019-06-20,2019-06-22,2019-06-22,1,0,,0.0006289018202,0.005197982195,0.02604767798,0,temporal_sigmoid
xgboost,S2,2019,2019-06-20,2019-06-14,2019-06-20,2019-06-21,2019-06-23,2019-06-23,1,0,,0.001117954031,0.006987622729,0.02604767798,0,temporal_sigmoid
xgboost,S2,2019,2019-06-21,2019-06-15,2019-06-21,2019-06-22,2019-06-24,2019-06-24,1,0,,0.001307412283,0.007572962082,0.02604767798,0,temporal_sigmoid
xgboost,S2,2019,2019-06-22,2019-06-16,2019-06-22,2019-06-23,2019-06-25,2019-06-25,1,0,,0.001515292795,0.008169258662,0.02604767798,0,temporal_sigmoid
xgboost,S2,2019,2019-06-23,2019-06-17,2019-06-23,2019-06-24,2019-06-26,2019-06-26,1,0,,0.006429571193,0.01713396382,0.02604767798,0,temporal_sigmoid
xgboost,S2,2019,2019-06-24,2019-06-18,2019-06-24,2019-06-25,2019-06-27,2019-06-27,1,0,,0.04537728056,0.04659826477,0.02604767798,1,temporal_sigmoid
xgboost,S2,2019,2019-06-25,2019-06-19,2019-06-25,2019-06-26,2019-06-28,2019-06-28,1,0,,0.02064648084,0.03110424222,0.02604767798,1,temporal_sigmoid
xgboost,S2,2019,2019-06-26,2019-06-20,2019-06-26,2019-06-27,2019-06-29,2019-06-29,1,0,,0.008572016843,0.019847917,0.02604767798,0,temporal_sigmoid
xgboost,S2,2019,2019-06-27,2019-06-21,2019-06-27,2019-06-28,2019-06-30,2019-06-30,1,0,,0.003122604918,0.01183810341,0.02604767798,0,temporal_sigmoid
xgboost,S2,2020,2020-02-29,2020-02-23,2020-02-29,2020-03-01,2020-03-03,2020-03-03,1,0,,0.008804273792,0.01149656707,0.02079113909,0,temporal_sigmoid
xgboost,S2,2020,2020-03-01,2020-02-24,2020-03-01,2020-03-02,2020-03-04,2020-03-04,1,0,,0.01000255812,0.01227347675,0.02079113909,0,temporal_sigmoid
xgboost,S2,2020,2020-03-02,2020-02-25,2020-03-02,2020-03-03,2020-03-05,2020-03-05,1,0,,0.01507021487,0.01514608166,0.02079113909,0,temporal_sigmoid
xgboost,S2,2020,2020-03-03,2020-02-26,2020-03-03,2020-03-04,2020-03-06,2020-03-06,1,0,,0.003451123601,0.007117464746,0.02079113909,0,temporal_sigmoid
xgboost,S2,2020,2020-03-04,2020-02-27,2020-03-04,2020-03-05,2020-03-07,2020-03-07,1,0,,0.003146821167,0.006788991254,0.02079113909,0,temporal_sigmoid
xgboost,S2,2020,2020-03-05,2020-02-28,2020-03-05,2020-03-06,2020-03-08,2020-03-08,1,0,,0.03493983299,0.02337897389,0.02079113909,1,temporal_sigmoid
xgboost,S2,2020,2020-03-06,2020-02-29,2020-03-06,2020-03-07,2020-03-09,2020-03-09,1,0,,0.006898975,0.0101466159,0.02079113909,0,temporal_sigmoid
xgboost,S2,2020,2020-03-07,2020-03-01,2020-03-07,2020-03-08,2020-03-10,2020-03-10,1,0,,0.006221617106,0.009623665572,0.02079113909,0,temporal_sigmoid
xgboost,S2,2020,2020-03-08,2020-03-02,2020-03-08,2020-03-09,2020-03-11,2020-03-11,1,0,,0.006221617106,0.009623665572,0.02079113909,0,temporal_sigmoid
xgboost,S2,2020,2020-03-09,2020-03-03,2020-03-09,2020-03-10,2020-03-12,2020-03-12,1,0,,0.004688431043,0.008326017166,0.02079113909,0,temporal_sigmoid
xgboost,S2,2020,2020-03-10,2020-03-04,2020-03-10,2020-03-11,2020-03-13,2020-03-13,1,0,,0.004370197188,0.008031778054,0.02079113909,0,temporal_sigmoid
xgboost,S2,2020,2020-03-11,2020-03-05,2020-03-11,2020-03-12,2020-03-14,2020-03-14,1,0,,0.002708277665,0.006286959482,0.02079113909,0,temporal_sigmoid
xgboost,S2,2020,2020-03-12,2020-03-06,2020-03-12,2020-03-13,2020-03-15,2020-03-15,1,0,,0.003478848841,0.007146675676,0.02079113909,0,temporal_sigmoid
xgboost,S2,2020,2020-03-13,2020-03-07,2020-03-13,2020-03-14,2020-03-16,2020-03-16,1,0,,0.009111880325,0.01170065372,0.02079113909,0,temporal_sigmoid
xgboost,S2,2020,2020-03-14,2020-03-08,2020-03-14,2020-03-15,2020-03-17,2020-03-17,1,0,,0.005124489777,0.008713808059,0.02079113909,0,temporal_sigmoid
xgboost,S2,2020,2020-03-15,2020-03-09,2020-03-15,2020-03-16,2020-03-18,2020-03-18,1,0,,0.004434522707,0.008092075417,0.02079113909,0,temporal_sigmoid
xgboost,S2,2020,2020-03-16,2020-03-10,2020-03-16,2020-03-17,2020-03-19,2020-03-19,1,0,,0.005950084887,0.009406287831,0.02079113909,0,temporal_sigmoid
xgboost,S2,2020,2020-03-17,2020-03-11,2020-03-17,2020-03-18,2020-03-20,2020-03-20,1,0,,0.008238914423,0.01111223847,0.02079113909,0,temporal_sigmoid
xgboost,S2,2020,2020-03-18,2020-03-12,2020-03-18,2020-03-19,2020-03-21,2020-03-21,1,0,,0.004827824421,0.008451823652,0.02079113909,0,temporal_sigmoid
xgboost,S2,2020,2020-03-19,2020-03-13,2020-03-19,2020-03-20,2020-03-22,2020-03-22,1,0,,0.003446758958,0.007112855793,0.02079113909,0,temporal_sigmoid
xgboost,S2,2020,2020-03-20,2020-03-14,2020-03-20,2020-03-21,2020-03-23,2020-03-23,1,0,,0.003164748196,0.006808761141,0.02079113909,0,temporal_sigmoid
xgboost,S2,2020,2020-03-21,2020-03-15,2020-03-21,2020-03-22,2020-03-24,2020-03-24,1,0,,0.003717381041,0.007393438009,0.02079113909,0,temporal_sigmoid
xgboost,S2,2020,2020-03-22,2020-03-16,2020-03-22,2020-03-23,2020-03-25,2020-03-25,1,0,,0.006622309331,0.009936177797,0.02079113909,0,temporal_sigmoid
xgboost,S2,2020,2020-03-23,2020-03-17,2020-03-23,2020-03-24,2020-03-26,2020-03-26,1,0,,0.01958939806,0.01733318282,0.02079113909,0,temporal_sigmoid
xgboost,S2,2020,2020-03-24,2020-03-18,2020-03-24,2020-03-25,2020-03-27,2020-03-27,1,0,,0.0244771596,0.01944288001,0.02079113909,0,temporal_sigmoid
xgboost,S2,2020,2020-03-25,2020-03-19,2020-03-25,2020-03-26,2020-03-28,2020-03-28,1,0,,0.04973830283,0.0281161703,0.02079113909,1,temporal_sigmoid
xgboost,S2,2020,2020-03-26,2020-03-20,2020-03-26,2020-03-27,2020-03-29,2020-03-29,1,0,,0.03357297182,0.02289913553,0.02079113909,1,temporal_sigmoid
xgboost,S2,2020,2020-03-27,2020-03-21,2020-03-27,2020-03-28,2020-03-30,2020-03-30,1,0,,0.4446744919,0.1051283373,0.02079113909,1,temporal_sigmoid
xgboost,S2,2020,2020-03-28,2020-03-22,2020-03-28,2020-03-29,2020-03-31,2020-03-31,1,0,,0.0898873657,0.03854272949,0.02079113909,1,temporal_sigmoid
xgboost,S2,2020,2020-03-29,2020-03-23,2020-03-29,2020-03-30,2020-04-01,2020-04-01,1,0,,0.007697464898,0.01073197257,0.02079113909,0,temporal_sigmoid
xgboost,S2,2020,2020-03-30,2020-03-24,2020-03-30,2020-03-31,2020-04-02,2020-04-02,1,0,,0.009829401039,0.01216411006,0.02079113909,0,temporal_sigmoid
xgboost,S2,2020,2020-03-31,2020-03-25,2020-03-31,2020-04-01,2020-04-03,2020-04-03,1,0,,0.05762478709,0.03038362211,0.02079113909,1,temporal_sigmoid
xgboost,S2,2020,2020-04-01,2020-03-26,2020-04-01,2020-04-02,2020-04-04,2020-04-04,1,0,,0.02884502336,0.02116575925,0.02079113909,1,temporal_sigmoid
xgboost,S2,2020,2020-04-02,2020-03-27,2020-04-02,2020-04-03,2020-04-05,2020-04-05,1,0,,0.1936820745,0.05951970891,0.02079113909,1,temporal_sigmoid
xgboost,S2,2020,2020-04-03,2020-03-28,2020-04-03,2020-04-04,2020-04-06,2020-04-06,1,0,,0.01353390515,0.01433246037,0.02079113909,0,temporal_sigmoid
xgboost,S2,2020,2020-04-04,2020-03-29,2020-04-04,2020-04-05,2020-04-07,2020-04-07,1,0,,0.01581715234,0.01552726012,0.02079113909,0,temporal_sigmoid
xgboost,S2,2020,2020-04-05,2020-03-30,2020-04-05,2020-04-06,2020-04-08,2020-04-08,1,0,,0.009298128076,0.01182260282,0.02079113909,0,temporal_sigmoid
xgboost,S2,2020,2020-04-06,2020-03-31,2020-04-06,2020-04-07,2020-04-09,2020-04-09,1,0,,0.5977483988,0.138973481,0.02079113909,1,temporal_sigmoid
xgboost,S2,2020,2020-04-07,2020-04-01,2020-04-07,2020-04-08,2020-04-10,2020-04-10,1,0,,0.8551926613,0.2469494756,0.02079113909,1,temporal_sigmoid
xgboost,S2,2020,2020-04-08,2020-04-02,2020-04-08,2020-04-09,2020-04-11,2020-04-11,1,0,,0.0296186693,0.02145791132,0.02079113909,1,temporal_sigmoid
xgboost,S2,2020,2020-04-09,2020-04-03,2020-04-09,2020-04-10,2020-04-12,2020-04-12,1,0,,0.02486370876,0.01960085834,0.02079113909,0,temporal_sigmoid
xgboost,S2,2020,2020-04-10,2020-04-04,2020-04-10,2020-04-11,2020-04-13,2020-04-13,1,0,,0.1608857214,0.0533588859,0.02079113909,1,temporal_sigmoid
xgboost,S2,2020,2020-04-11,2020-04-05,2020-04-11,2020-04-12,2020-04-14,2020-04-14,1,0,,0.07332053781,0.03453586175,0.02079113909,1,temporal_sigmoid
xgboost,S2,2020,2020-04-12,2020-04-06,2020-04-12,2020-04-13,2020-04-15,2020-04-15,1,0,,0.002982923761,0.006605630476,0.02079113909,0,temporal_sigmoid
xgboost,S2,2020,2020-04-13,2020-04-07,2020-04-13,2020-04-14,2020-04-16,2020-04-16,1,0,,0.001927538891,0.005282366332,0.02079113909,0,temporal_sigmoid
xgboost,S2,2020,2020-04-14,2020-04-08,2020-04-14,2020-04-15,2020-04-17,2020-04-17,1,0,,0.04848945886,0.0277431691,0.02079113909,1,temporal_sigmoid
xgboost,S2,2020,2020-04-15,2020-04-09,2020-04-15,2020-04-16,2020-04-18,2020-04-18,1,0,,0.01230697613,0.01365024222,0.02079113909,0,temporal_sigmoid
xgboost,S2,2020,2020-04-16,2020-04-10,2020-04-16,2020-04-17,2020-04-19,2020-04-19,1,0,,0.01468390319,0.01494538839,0.02079113909,0,temporal_sigmoid
xgboost,S2,2020,2020-04-17,2020-04-11,2020-04-17,2020-04-18,2020-04-20,2020-04-20,1,0,,0.006095819641,0.009523543776,0.02079113909,0,temporal_sigmoid
xgboost,S2,2020,2020-04-18,2020-04-12,2020-04-18,2020-04-19,2020-04-21,2020-04-21,1,0,,0.002042261185,0.005441069539,0.02079113909,0,temporal_sigmoid
xgboost,S2,2020,2020-04-19,2020-04-13,2020-04-19,2020-04-20,2020-04-22,2020-04-22,1,0,,0.004855739418,0.008476803889,0.02079113909,0,temporal_sigmoid
xgboost,S2,2020,2020-04-20,2020-04-14,2020-04-20,2020-04-21,2020-04-23,2020-04-23,1,0,,0.001117162989,0.003994916347,0.02079113909,0,temporal_sigmoid
xgboost,S2,2020,2020-04-21,2020-04-15,2020-04-21,2020-04-22,2020-04-24,2020-04-24,1,0,,0.003810774069,0.007487938708,0.02079113909,0,temporal_sigmoid
xgboost,S2,2020,2020-04-22,2020-04-16,2020-04-22,2020-04-23,2020-04-25,2020-04-25,1,0,,0.002657886129,0.006226802332,0.02079113909,0,temporal_sigmoid
xgboost,S2,2020,2020-04-23,2020-04-17,2020-04-23,2020-04-24,2020-04-26,2020-04-26,1,0,,0.002095422242,0.005513131189,0.02079113909,0,temporal_sigmoid
xgboost,S2,2020,2020-04-24,2020-04-18,2020-04-24,2020-04-25,2020-04-27,2020-04-27,1,0,,0.001291651861,0.004303220423,0.02079113909,0,temporal_sigmoid
xgboost,S2,2020,2020-04-25,2020-04-19,2020-04-25,2020-04-26,2020-04-28,2020-04-28,1,0,,0.001291651861,0.004303220423,0.02079113909,0,temporal_sigmoid
xgboost,S2,2020,2020-04-26,2020-04-20,2020-04-26,2020-04-27,2020-04-29,2020-04-29,1,0,,0.001291651861,0.004303220423,0.02079113909,0,temporal_sigmoid
xgboost,S2,2020,2020-04-27,2020-04-21,2020-04-27,2020-04-28,2020-04-30,2020-04-30,1,0,,0.002342582913,0.005837002395,0.02079113909,0,temporal_sigmoid
xgboost,S2,2020,2020-04-28,2020-04-22,2020-04-28,2020-04-29,2020-05-01,2020-05-01,1,0,,0.002247870667,0.005714965964,0.02079113909,0,temporal_sigmoid
xgboost,S2,2020,2020-04-29,2020-04-23,2020-04-29,2020-04-30,2020-05-02,2020-05-02,1,0,,0.001876412425,0.005210154615,0.02079113909,0,temporal_sigmoid
xgboost,S2,2020,2020-04-30,2020-04-24,2020-04-30,2020-05-01,2020-05-03,2020-05-03,1,0,,0.001380215981,0.004451900552,0.02079113909,0,temporal_sigmoid
xgboost,S2,2020,2020-05-01,2020-04-25,2020-05-01,2020-05-02,2020-05-04,2020-05-04,1,0,,0.0007090616855,0.003164802292,0.02079113909,0,temporal_sigmoid
xgboost,S2,2020,2020-05-02,2020-04-26,2020-05-02,2020-05-03,2020-05-05,2020-05-05,1,0,,0.001588898944,0.004784785922,0.02079113909,0,temporal_sigmoid
xgboost,S2,2020,2020-05-03,2020-04-27,2020-05-03,2020-05-04,2020-05-06,2020-05-06,1,0,,0.003516011173,0.007185651665,0.02079113909,0,temporal_sigmoid
xgboost,S2,2020,2020-05-04,2020-04-28,2020-05-04,2020-05-05,2020-05-07,2020-05-07,1,0,,0.002670693677,0.006242144361,0.02079113909,0,temporal_sigmoid
xgboost,S2,2020,2020-05-05,2020-04-29,2020-05-05,2020-05-06,2020-05-08,2020-05-08,1,0,,0.0006429599598,0.003009987359,0.02079113909,0,temporal_sigmoid
xgboost,S2,2020,2020-05-06,2020-04-30,2020-05-06,2020-05-07,2020-05-09,2020-05-09,1,0,,0.0003731359029,0.002277270996,0.02079113909,0,temporal_sigmoid
xgboost,S2,2020,2020-05-07,2020-05-01,2020-05-07,2020-05-08,2020-05-10,2020-05-10,1,0,,0.0007069564308,0.003159983156,0.02079113909,0,temporal_sigmoid
xgboost,S2,2020,2020-05-08,2020-05-02,2020-05-08,2020-05-09,2020-05-11,2020-05-11,1,0,,0.001080478309,0.003927166829,0.02079113909,0,temporal_sigmoid
xgboost,S2,2020,2020-05-09,2020-05-03,2020-05-09,2020-05-10,2020-05-12,2020-05-12,1,0,,0.007958128117,0.01091660618,0.02079113909,0,temporal_sigmoid
xgboost,S2,2020,2020-05-10,2020-05-04,2020-05-10,2020-05-11,2020-05-13,2020-05-13,1,0,,0.02125257999,0.0180763452,0.02079113909,0,temporal_sigmoid
xgboost,S2,2020,2020-05-11,2020-05-05,2020-05-11,2020-05-12,2020-05-14,2020-05-14,1,0,,0.003702083835,0.007377849365,0.02079113909,0,temporal_sigmoid
xgboost,S2,2020,2020-05-12,2020-05-06,2020-05-12,2020-05-13,2020-05-15,2020-05-15,1,0,,0.06678675115,0.03285729977,0.02079113909,1,temporal_sigmoid
xgboost,S2,2020,2020-05-13,2020-05-07,2020-05-13,2020-05-14,2020-05-16,2020-05-16,1,0,,0.007730799727,0.01075575189,0.02079113909,0,temporal_sigmoid
xgboost,S2,2020,2020-05-14,2020-05-08,2020-05-14,2020-05-15,2020-05-17,2020-05-17,1,0,,0.2523005903,0.07007953118,0.02079113909,1,temporal_sigmoid
xgboost,S2,2020,2020-05-15,2020-05-09,2020-05-15,2020-05-16,2020-05-18,2020-05-18,1,0,,0.0121570034,0.01356464771,0.02079113909,0,temporal_sigmoid
xgboost,S2,2020,2020-05-16,2020-05-10,2020-05-16,2020-05-17,2020-05-19,2020-05-19,1,0,,0.04691739008,0.02726757468,0.02079113909,1,temporal_sigmoid
xgboost,S2,2020,2020-05-17,2020-05-11,2020-05-17,2020-05-18,2020-05-20,2020-05-20,1,0,,0.09956045449,0.04075048814,0.02079113909,1,temporal_sigmoid
xgboost,S2,2020,2020-05-18,2020-05-12,2020-05-18,2020-05-19,2020-05-21,2020-05-21,1,0,,0.1405094415,0.04937016807,0.02079113909,1,temporal_sigmoid
xgboost,S2,2020,2020-05-19,2020-05-13,2020-05-19,2020-05-20,2020-05-22,2020-05-22,1,0,,0.01663360931,0.01593419717,0.02079113909,0,temporal_sigmoid
xgboost,S2,2020,2020-05-20,2020-05-14,2020-05-20,2020-05-21,2020-05-23,2020-05-23,1,0,,0.00107745023,0.003921524685,0.02079113909,0,temporal_sigmoid
xgboost,S2,2020,2020-05-21,2020-05-15,2020-05-21,2020-05-22,2020-05-24,2020-05-24,1,0,,0.0006810743944,0.003100153621,0.02079113909,0,temporal_sigmoid
xgboost,S2,2020,2020-05-22,2020-05-16,2020-05-22,2020-05-23,2020-05-25,2020-05-25,1,0,,0.0008889375022,0.003553541894,0.02079113909,0,temporal_sigmoid
xgboost,S2,2020,2020-05-23,2020-05-17,2020-05-23,2020-05-24,2020-05-26,2020-05-26,1,0,,0.001043144031,0.003857053324,0.02079113909,0,temporal_sigmoid
xgboost,S2,2020,2020-05-24,2020-05-18,2020-05-24,2020-05-25,2020-05-27,2020-05-27,1,0,,0.003966405056,0.007642938118,0.02079113909,0,temporal_sigmoid
xgboost,S2,2020,2020-05-25,2020-05-19,2020-05-25,2020-05-26,2020-05-28,2020-05-28,1,0,,0.003079290269,0.006714019763,0.02079113909,0,temporal_sigmoid
xgboost,S2,2020,2020-05-26,2020-05-20,2020-05-26,2020-05-27,2020-05-29,2020-05-29,1,0,,0.002751867753,0.006338557357,0.02079113909,0,temporal_sigmoid
xgboost,S2,2020,2020-05-27,2020-05-21,2020-05-27,2020-05-28,2020-05-30,2020-05-30,1,0,,0.002264954615,0.005737161718,0.02079113909,0,temporal_sigmoid
xgboost,S2,2020,2020-05-28,2020-05-22,2020-05-28,2020-05-29,2020-05-31,2020-05-31,1,0,,0.0009811513592,0.003737865322,0.02079113909,0,temporal_sigmoid
xgboost,S2,2020,2020-05-29,2020-05-23,2020-05-29,2020-05-30,2020-06-01,2020-06-01,1,0,,0.0006538578891,0.00303602874,0.02079113909,0,temporal_sigmoid
xgboost,S2,2020,2020-05-30,2020-05-24,2020-05-30,2020-05-31,2020-06-02,2020-06-02,1,0,,0.0006738972152,0.003083366847,0.02079113909,0,temporal_sigmoid
xgboost,S2,2020,2020-05-31,2020-05-25,2020-05-31,2020-06-01,2020-06-03,2020-06-03,1,0,,0.0003621649812,0.002242687518,0.02079113909,0,temporal_sigmoid
xgboost,S2,2020,2020-06-01,2020-05-26,2020-06-01,2020-06-02,2020-06-04,2020-06-04,1,0,,0.0007024762454,0.003149704182,0.02079113909,0,temporal_sigmoid
xgboost,S2,2020,2020-06-02,2020-05-27,2020-06-02,2020-06-03,2020-06-05,2020-06-05,1,0,,0.002458174247,0.005982719147,0.02079113909,0,temporal_sigmoid
xgboost,S2,2020,2020-06-03,2020-05-28,2020-06-03,2020-06-04,2020-06-06,2020-06-06,1,0,,0.000798278721,0.003362972838,0.02079113909,0,temporal_sigmoid
xgboost,S2,2020,2020-06-04,2020-05-29,2020-06-04,2020-06-05,2020-06-07,2020-06-07,1,0,,0.0009896868141,0.00375448986,0.02079113909,0,temporal_sigmoid
xgboost,S2,2020,2020-06-05,2020-05-30,2020-06-05,2020-06-06,2020-06-08,2020-06-08,1,0,,0.0009896868141,0.00375448986,0.02079113909,0,temporal_sigmoid
xgboost,S2,2020,2020-06-06,2020-05-31,2020-06-06,2020-06-07,2020-06-09,2020-06-09,1,0,,0.002615701174,0.006176012252,0.02079113909,0,temporal_sigmoid
xgboost,S2,2020,2020-06-07,2020-06-01,2020-06-07,2020-06-08,2020-06-10,2020-06-10,1,0,,0.001486778841,0.004624744739,0.02079113909,0,temporal_sigmoid
xgboost,S2,2020,2020-06-08,2020-06-02,2020-06-08,2020-06-09,2020-06-11,2020-06-11,1,0,,0.001424756483,0.004524911289,0.02079113909,0,temporal_sigmoid
xgboost,S2,2020,2020-06-09,2020-06-03,2020-06-09,2020-06-10,2020-06-12,2020-06-12,1,0,,0.01154517476,0.01321006603,0.02079113909,0,temporal_sigmoid
xgboost,S2,2020,2020-06-10,2020-06-04,2020-06-10,2020-06-11,2020-06-13,2020-06-13,1,0,,0.001263643615,0.00425516993,0.02079113909,0,temporal_sigmoid
xgboost,S2,2020,2020-06-11,2020-06-05,2020-06-11,2020-06-12,2020-06-14,2020-06-14,1,0,,0.004805531818,0.008431824091,0.02079113909,0,temporal_sigmoid
xgboost,S2,2020,2020-06-12,2020-06-06,2020-06-12,2020-06-13,2020-06-15,2020-06-15,1,0,,0.0009555089055,0.003687491735,0.02079113909,0,temporal_sigmoid
xgboost,S2,2020,2020-06-13,2020-06-07,2020-06-13,2020-06-14,2020-06-16,2020-06-16,1,0,,0.0009555089055,0.003687491735,0.02079113909,0,temporal_sigmoid
xgboost,S2,2020,2020-06-14,2020-06-08,2020-06-14,2020-06-15,2020-06-17,2020-06-17,1,0,,0.001755914418,0.00503605814,0.02079113909,0,temporal_sigmoid
xgboost,S2,2020,2020-06-15,2020-06-09,2020-06-15,2020-06-16,2020-06-18,2020-06-18,1,0,,0.002961854218,0.00658170542,0.02079113909,0,temporal_sigmoid
xgboost,S2,2020,2020-06-16,2020-06-10,2020-06-16,2020-06-17,2020-06-19,2020-06-19,1,0,,0.00145927933,0.004580736758,0.02079113909,0,temporal_sigmoid
xgboost,S2,2020,2020-06-17,2020-06-11,2020-06-17,2020-06-18,2020-06-20,2020-06-20,1,0,,0.0009843613952,0.003744125781,0.02079113909,0,temporal_sigmoid
xgboost,S2,2020,2020-06-18,2020-06-12,2020-06-18,2020-06-19,2020-06-21,2020-06-21,1,0,,0.0009564292268,0.003689311015,0.02079113909,0,temporal_sigmoid
xgboost,S2,2020,2020-06-19,2020-06-13,2020-06-19,2020-06-20,2020-06-22,2020-06-22,1,0,,0.00124514685,0.004223151314,0.02079113909,0,temporal_sigmoid
xgboost,S2,2020,2020-06-20,2020-06-14,2020-06-20,2020-06-21,2020-06-23,2020-06-23,1,0,,0.001073079417,0.003913366977,0.02079113909,0,temporal_sigmoid
xgboost,S2,2020,2020-06-21,2020-06-15,2020-06-21,2020-06-22,2020-06-24,2020-06-24,1,0,,0.003839188488,0.007516465237,0.02079113909,0,temporal_sigmoid
xgboost,S2,2020,2020-06-22,2020-06-16,2020-06-22,2020-06-23,2020-06-25,2020-06-25,1,0,,0.00145927933,0.004580736758,0.02079113909,0,temporal_sigmoid
xgboost,S2,2020,2020-06-23,2020-06-17,2020-06-23,2020-06-24,2020-06-26,2020-06-26,1,0,,0.001000492019,0.003775435045,0.02079113909,0,temporal_sigmoid
xgboost,S2,2020,2020-06-24,2020-06-18,2020-06-24,2020-06-25,2020-06-27,2020-06-27,1,0,,0.01016628928,0.01237605072,0.02079113909,0,temporal_sigmoid
xgboost,S2,2020,2020-06-25,2020-06-19,2020-06-25,2020-06-26,2020-06-28,2020-06-28,1,0,,0.02244289406,0.01859145487,0.02079113909,0,temporal_sigmoid
xgboost,S2,2020,2020-06-26,2020-06-20,2020-06-26,2020-06-27,2020-06-29,2020-06-29,1,0,,0.00329775922,0.006953769203,0.02079113909,0,temporal_sigmoid
xgboost,S2,2020,2020-06-27,2020-06-21,2020-06-27,2020-06-28,2020-06-30,2020-06-30,1,0,,0.0007701923023,0.003301810156,0.02079113909,0,temporal_sigmoid
xgboost,S2,2021,2021-02-28,2021-02-22,2021-02-28,2021-03-01,2021-03-03,2021-03-03,1,0,,0.006790162995,0.004762271042,0.009779965221,0,temporal_sigmoid
xgboost,S2,2021,2021-03-01,2021-02-23,2021-03-01,2021-03-02,2021-03-04,2021-03-04,1,0,,0.00679918332,0.004766481122,0.009779965221,0,temporal_sigmoid
xgboost,S2,2021,2021-03-02,2021-02-24,2021-03-02,2021-03-03,2021-03-05,2021-03-05,1,0,,0.006790162995,0.004762271042,0.009779965221,0,temporal_sigmoid
xgboost,S2,2021,2021-03-03,2021-02-25,2021-03-03,2021-03-04,2021-03-06,2021-03-06,1,0,,0.007093193475,0.00490271281,0.009779965221,0,temporal_sigmoid
xgboost,S2,2021,2021-03-04,2021-02-26,2021-03-04,2021-03-05,2021-03-07,2021-03-07,1,0,,0.007093193475,0.00490271281,0.009779965221,0,temporal_sigmoid
xgboost,S2,2021,2021-03-05,2021-02-27,2021-03-05,2021-03-06,2021-03-08,2021-03-08,1,0,,0.007102612872,0.004907046156,0.009779965221,0,temporal_sigmoid
xgboost,S2,2021,2021-03-06,2021-02-28,2021-03-06,2021-03-07,2021-03-09,2021-03-09,1,0,,0.007102612872,0.004907046156,0.009779965221,0,temporal_sigmoid
xgboost,S2,2021,2021-03-07,2021-03-01,2021-03-07,2021-03-08,2021-03-10,2021-03-10,1,0,,0.00679918332,0.004766481122,0.009779965221,0,temporal_sigmoid
xgboost,S2,2021,2021-03-08,2021-03-02,2021-03-08,2021-03-09,2021-03-11,2021-03-11,1,0,,0.0079795653,0.005302595992,0.009779965221,0,temporal_sigmoid
xgboost,S2,2021,2021-03-09,2021-03-03,2021-03-09,2021-03-10,2021-03-12,2021-03-12,1,0,,0.0079795653,0.005302595992,0.009779965221,0,temporal_sigmoid
xgboost,S2,2021,2021-03-10,2021-03-04,2021-03-10,2021-03-11,2021-03-13,2021-03-13,1,0,,0.00801117532,0.005316577862,0.009779965221,0,temporal_sigmoid
xgboost,S2,2021,2021-03-11,2021-03-05,2021-03-11,2021-03-12,2021-03-14,2021-03-14,1,0,,0.00801117532,0.005316577862,0.009779965221,0,temporal_sigmoid
xgboost,S2,2021,2021-03-12,2021-03-06,2021-03-12,2021-03-13,2021-03-15,2021-03-15,1,0,,0.007130774204,0.004919990327,0.009779965221,0,temporal_sigmoid
xgboost,S2,2021,2021-03-13,2021-03-07,2021-03-13,2021-03-14,2021-03-16,2021-03-16,1,0,,0.008058206178,0.005337347156,0.009779965221,0,temporal_sigmoid
xgboost,S2,2021,2021-03-14,2021-03-08,2021-03-14,2021-03-15,2021-03-17,2021-03-17,1,0,,0.007093193475,0.00490271281,0.009779965221,0,temporal_sigmoid
xgboost,S2,2021,2021-03-15,2021-03-09,2021-03-15,2021-03-16,2021-03-18,2021-03-18,1,0,,0.007093193475,0.00490271281,0.009779965221,0,temporal_sigmoid
xgboost,S2,2021,2021-03-16,2021-03-10,2021-03-16,2021-03-17,2021-03-19,2021-03-19,1,0,,0.007093193475,0.00490271281,0.009779965221,0,temporal_sigmoid
xgboost,S2,2021,2021-03-17,2021-03-11,2021-03-17,2021-03-18,2021-03-20,2021-03-20,1,0,,0.008026411757,0.005323310811,0.009779965221,0,temporal_sigmoid
xgboost,S2,2021,2021-03-18,2021-03-12,2021-03-18,2021-03-19,2021-03-21,2021-03-21,1,0,,0.008026411757,0.005323310811,0.009779965221,0,temporal_sigmoid
xgboost,S2,2021,2021-03-19,2021-03-13,2021-03-19,2021-03-20,2021-03-22,2021-03-22,1,0,,0.007683821954,0.005170883517,0.009779965221,0,temporal_sigmoid
xgboost,S2,2021,2021-03-20,2021-03-14,2021-03-20,2021-03-21,2021-03-23,2021-03-23,1,0,,0.09529083222,0.02859189338,0.009779965221,1,temporal_sigmoid
xgboost,S2,2021,2021-03-21,2021-03-15,2021-03-21,2021-03-22,2021-03-24,2021-03-24,1,0,,0.4777550101,0.1101007088,0.009779965221,1,temporal_sigmoid
xgboost,S2,2021,2021-03-22,2021-03-16,2021-03-22,2021-03-23,2021-03-25,2021-03-25,1,0,,0.6390330195,0.1609526331,0.009779965221,1,temporal_sigmoid
xgboost,S2,2021,2021-03-23,2021-03-17,2021-03-23,2021-03-24,2021-03-26,2021-03-26,1,0,,0.6377642751,0.1604602046,0.009779965221,1,temporal_sigmoid
xgboost,S2,2021,2021-03-24,2021-03-18,2021-03-24,2021-03-25,2021-03-27,2021-03-27,1,0,,0.4948875904,0.1146446547,0.009779965221,1,temporal_sigmoid
xgboost,S2,2021,2021-03-25,2021-03-19,2021-03-25,2021-03-26,2021-03-28,2021-03-28,1,0,,0.6405892968,0.1615593611,0.009779965221,1,temporal_sigmoid
xgboost,S2,2021,2021-03-26,2021-03-20,2021-03-26,2021-03-27,2021-03-29,2021-03-29,1,0,,0.5022046566,0.1166329274,0.009779965221,1,temporal_sigmoid
xgboost,S2,2021,2021-03-27,2021-03-21,2021-03-27,2021-03-28,2021-03-30,2021-03-30,1,0,,0.1526247859,0.04034018494,0.009779965221,1,temporal_sigmoid
xgboost,S2,2021,2021-03-28,2021-03-22,2021-03-28,2021-03-29,2021-03-31,2021-03-31,1,0,,0.05460958928,0.01936647477,0.009779965221,1,temporal_sigmoid
xgboost,S2,2021,2021-03-29,2021-03-23,2021-03-29,2021-03-30,2021-04-01,2021-04-01,1,0,,0.0056767161,0.004227225973,0.009779965221,0,temporal_sigmoid
xgboost,S2,2021,2021-03-30,2021-03-24,2021-03-30,2021-03-31,2021-04-02,2021-04-02,1,0,,0.0462985225,0.01729077902,0.009779965221,1,temporal_sigmoid
xgboost,S2,2021,2021-03-31,2021-03-25,2021-03-31,2021-04-01,2021-04-03,2021-04-03,1,0,,0.2831529975,0.06613771545,0.009779965221,1,temporal_sigmoid
xgboost,S2,2021,2021-04-01,2021-03-26,2021-04-01,2021-04-02,2021-04-04,2021-04-04,1,0,,0.5426617265,0.1282036898,0.009779965221,1,temporal_sigmoid
xgboost,S2,2021,2021-04-02,2021-03-27,2021-04-02,2021-04-03,2021-04-05,2021-04-05,1,0,,0.3654354811,0.08339078989,0.009779965221,1,temporal_sigmoid
xgboost,S2,2021,2021-04-03,2021-03-28,2021-04-03,2021-04-04,2021-04-06,2021-04-06,1,0,,0.3280083835,0.07536994378,0.009779965221,1,temporal_sigmoid
xgboost,S2,2021,2021-04-04,2021-03-29,2021-04-04,2021-04-05,2021-04-07,2021-04-07,1,0,,0.07310668379,0.02371247857,0.009779965221,1,temporal_sigmoid
xgboost,S2,2021,2021-04-05,2021-03-30,2021-04-05,2021-04-06,2021-04-08,2021-04-08,1,0,,0.01064746175,0.006426658632,0.009779965221,0,temporal_sigmoid
xgboost,S2,2021,2021-04-06,2021-03-31,2021-04-06,2021-04-07,2021-04-09,2021-04-09,1,0,,0.006451959256,0.004603055182,0.009779965221,0,temporal_sigmoid
xgboost,S2,2021,2021-04-07,2021-04-01,2021-04-07,2021-04-08,2021-04-10,2021-04-10,1,0,,0.02144280449,0.01026667728,0.009779965221,1,temporal_sigmoid
xgboost,S2,2021,2021-04-08,2021-04-02,2021-04-08,2021-04-09,2021-04-11,2021-04-11,1,0,,0.006640304346,0.004692053867,0.009779965221,0,temporal_sigmoid
xgboost,S2,2021,2021-04-09,2021-04-03,2021-04-09,2021-04-10,2021-04-12,2021-04-12,1,0,,0.07590949535,0.02434570462,0.009779965221,1,temporal_sigmoid
xgboost,S2,2021,2021-04-10,2021-04-04,2021-04-10,2021-04-11,2021-04-13,2021-04-13,1,0,,0.492205441,0.1139231511,0.009779965221,1,temporal_sigmoid
xgboost,S2,2021,2021-04-11,2021-04-05,2021-04-11,2021-04-12,2021-04-14,2021-04-14,1,1,fixed36_0040,0.3261310756,0.07497603904,0.009779965221,1,temporal_sigmoid
xgboost,S2,2021,2021-04-12,2021-04-06,2021-04-12,2021-04-13,2021-04-15,2021-04-15,1,0,,0.7569602132,0.218248757,0.009779965221,1,temporal_sigmoid
xgboost,S2,2021,2021-04-13,2021-04-07,2021-04-13,2021-04-14,2021-04-16,2021-04-16,1,0,,0.7803844213,0.2335567543,0.009779965221,1,temporal_sigmoid
xgboost,S2,2021,2021-04-14,2021-04-08,2021-04-14,2021-04-15,2021-04-17,2021-04-17,1,0,,0.7998681664,0.2478257036,0.009779965221,1,temporal_sigmoid
xgboost,S2,2021,2021-04-15,2021-04-09,2021-04-15,2021-04-16,2021-04-18,2021-04-18,1,0,,0.596547544,0.1454464141,0.009779965221,1,temporal_sigmoid
xgboost,S2,2021,2021-04-16,2021-04-10,2021-04-16,2021-04-17,2021-04-19,2021-04-19,1,0,,0.06472376734,0.02178221383,0.009779965221,1,temporal_sigmoid
xgboost,S2,2021,2021-04-17,2021-04-11,2021-04-17,2021-04-18,2021-04-20,2021-04-20,1,0,,0.006225598045,0.004494945827,0.009779965221,0,temporal_sigmoid
xgboost,S2,2021,2021-04-18,2021-04-12,2021-04-18,2021-04-19,2021-04-21,2021-04-21,1,1,fixed36_0041,0.02780380659,0.01222908413,0.009779965221,1,temporal_sigmoid
xgboost,S2,2021,2021-04-19,2021-04-13,2021-04-19,2021-04-20,2021-04-22,2021-04-22,1,0,,0.4697289765,0.1080228214,0.009779965221,1,temporal_sigmoid
xgboost,S2,2021,2021-04-20,2021-04-14,2021-04-20,2021-04-21,2021-04-23,2021-04-23,1,0,,0.8447556496,0.2879698067,0.009779965221,1,temporal_sigmoid
xgboost,S2,2021,2021-04-21,2021-04-15,2021-04-21,2021-04-22,2021-04-24,2021-04-24,1,0,,0.8035238981,0.2506840805,0.009779965221,1,temporal_sigmoid
xgboost,S2,2021,2021-04-22,2021-04-16,2021-04-22,2021-04-23,2021-04-25,2021-04-25,1,0,,0.01386288553,0.00766501372,0.009779965221,0,temporal_sigmoid
xgboost,S2,2021,2021-04-23,2021-04-17,2021-04-23,2021-04-24,2021-04-26,2021-04-26,1,1,fixed36_0042,0.09918306023,0.02942150574,0.009779965221,1,temporal_sigmoid
xgboost,S2,2021,2021-04-24,2021-04-18,2021-04-24,2021-04-25,2021-04-27,2021-04-27,1,1,fixed36_0042,0.1665232331,0.04309270974,0.009779965221,1,temporal_sigmoid
xgboost,S2,2021,2021-04-25,2021-04-19,2021-04-25,2021-04-26,2021-04-28,2021-04-28,1,1,fixed36_0042,0.3163784742,0.07294121534,0.009779965221,1,temporal_sigmoid
xgboost,S2,2021,2021-04-26,2021-04-20,2021-04-26,2021-04-27,2021-04-29,2021-04-29,1,1,fixed36_0042,0.7813442349,0.2342243997,0.009779965221,1,temporal_sigmoid
xgboost,S2,2021,2021-04-27,2021-04-21,2021-04-27,2021-04-28,2021-04-30,2021-04-30,1,0,,0.7297612429,0.2025108213,0.009779965221,1,temporal_sigmoid
xgboost,S2,2021,2021-04-28,2021-04-22,2021-04-28,2021-04-29,2021-05-01,2021-05-01,1,0,,0.654558599,0.1671436261,0.009779965221,1,temporal_sigmoid
xgboost,S2,2021,2021-04-29,2021-04-23,2021-04-29,2021-04-30,2021-05-02,2021-05-02,1,0,,0.8032637835,0.2504786541,0.009779965221,1,temporal_sigmoid
xgboost,S2,2021,2021-04-30,2021-04-24,2021-04-30,2021-05-01,2021-05-03,2021-05-03,1,0,,0.7549210787,0.2169987011,0.009779965221,1,temporal_sigmoid
xgboost,S2,2021,2021-05-01,2021-04-25,2021-05-01,2021-05-02,2021-05-04,2021-05-04,1,0,,0.1618752778,0.04217444037,0.009779965221,1,temporal_sigmoid
xgboost,S2,2021,2021-05-02,2021-04-26,2021-05-02,2021-05-03,2021-05-05,2021-05-05,1,0,,0.09877473861,0.02933478095,0.009779965221,1,temporal_sigmoid
xgboost,S2,2021,2021-05-03,2021-04-27,2021-05-03,2021-05-04,2021-05-06,2021-05-06,1,0,,0.006999926642,0.004859702684,0.009779965221,0,temporal_sigmoid
xgboost,S2,2021,2021-05-04,2021-04-28,2021-05-04,2021-05-05,2021-05-07,2021-05-07,1,0,,0.008708914742,0.00562074532,0.009779965221,0,temporal_sigmoid
xgboost,S2,2021,2021-05-05,2021-04-29,2021-05-05,2021-05-06,2021-05-08,2021-05-08,1,0,,0.008713052608,0.005622524694,0.009779965221,0,temporal_sigmoid
xgboost,S2,2021,2021-05-06,2021-04-30,2021-05-06,2021-05-07,2021-05-09,2021-05-09,1,0,,0.008403236978,0.005488516413,0.009779965221,0,temporal_sigmoid
xgboost,S2,2021,2021-05-07,2021-05-01,2021-05-07,2021-05-08,2021-05-10,2021-05-10,1,0,,0.008136441,0.005371808222,0.009779965221,0,temporal_sigmoid
xgboost,S2,2021,2021-05-08,2021-05-02,2021-05-08,2021-05-09,2021-05-11,2021-05-11,1,0,,0.009118664078,0.005795626168,0.009779965221,0,temporal_sigmoid
xgboost,S2,2021,2021-05-09,2021-05-03,2021-05-09,2021-05-10,2021-05-12,2021-05-12,1,0,,0.008127691224,0.005367959536,0.009779965221,0,temporal_sigmoid
xgboost,S2,2021,2021-05-10,2021-05-04,2021-05-10,2021-05-11,2021-05-13,2021-05-13,1,0,,0.008127691224,0.005367959536,0.009779965221,0,temporal_sigmoid
xgboost,S2,2021,2021-05-11,2021-05-05,2021-05-11,2021-05-12,2021-05-14,2021-05-14,1,0,,0.007251430769,0.00497525937,0.009779965221,0,temporal_sigmoid
xgboost,S2,2021,2021-05-12,2021-05-06,2021-05-12,2021-05-13,2021-05-15,2021-05-15,1,0,,0.007251430769,0.00497525937,0.009779965221,0,temporal_sigmoid
xgboost,S2,2021,2021-05-13,2021-05-07,2021-05-13,2021-05-14,2021-05-16,2021-05-16,1,0,,0.007192902267,0.004948487522,0.009779965221,0,temporal_sigmoid
xgboost,S2,2021,2021-05-14,2021-05-08,2021-05-14,2021-05-15,2021-05-17,2021-05-17,1,0,,0.007096125744,0.004904061989,0.009779965221,0,temporal_sigmoid
xgboost,S2,2021,2021-05-15,2021-05-09,2021-05-15,2021-05-16,2021-05-18,2021-05-18,1,0,,0.02159361728,0.01031513749,0.009779965221,1,temporal_sigmoid
xgboost,S2,2021,2021-05-16,2021-05-10,2021-05-16,2021-05-17,2021-05-19,2021-05-19,1,0,,0.01938492805,0.009594277836,0.009779965221,0,temporal_sigmoid
xgboost,S2,2021,2021-05-17,2021-05-11,2021-05-17,2021-05-18,2021-05-20,2021-05-20,1,0,,0.008277263492,0.005433564487,0.009779965221,0,temporal_sigmoid
xgboost,S2,2021,2021-05-18,2021-05-12,2021-05-18,2021-05-19,2021-05-21,2021-05-21,1,0,,0.009605151601,0.005999945672,0.009779965221,0,temporal_sigmoid
xgboost,S2,2021,2021-05-19,2021-05-13,2021-05-19,2021-05-20,2021-05-22,2021-05-22,1,0,,0.01365240477,0.007587029548,0.009779965221,0,temporal_sigmoid
xgboost,S2,2021,2021-05-20,2021-05-14,2021-05-20,2021-05-21,2021-05-23,2021-05-23,1,0,,0.01048945729,0.006362882382,0.009779965221,0,temporal_sigmoid
xgboost,S2,2021,2021-05-21,2021-05-15,2021-05-21,2021-05-22,2021-05-24,2021-05-24,1,0,,0.09637550265,0.02882375521,0.009779965221,1,temporal_sigmoid
xgboost,S2,2021,2021-05-22,2021-05-16,2021-05-22,2021-05-23,2021-05-25,2021-05-25,1,0,,0.4786937833,0.1103458088,0.009779965221,1,temporal_sigmoid
xgboost,S2,2021,2021-05-23,2021-05-17,2021-05-23,2021-05-24,2021-05-26,2021-05-26,1,0,,0.45369941,0.1039631743,0.009779965221,1,temporal_sigmoid
xgboost,S2,2021,2021-05-24,2021-05-18,2021-05-24,2021-05-25,2021-05-27,2021-05-27,1,0,,0.01901938766,0.009472534673,0.009779965221,0,temporal_sigmoid
xgboost,S2,2021,2021-05-25,2021-05-19,2021-05-25,2021-05-26,2021-05-28,2021-05-28,1,0,,0.008800030686,0.005659863186,0.009779965221,0,temporal_sigmoid
xgboost,S2,2021,2021-05-26,2021-05-20,2021-05-26,2021-05-27,2021-05-29,2021-05-29,1,0,,0.009679902345,0.006031036219,0.009779965221,0,temporal_sigmoid
xgboost,S2,2021,2021-05-27,2021-05-21,2021-05-27,2021-05-28,2021-05-30,2021-05-30,1,0,,0.01030072849,0.006286291863,0.009779965221,0,temporal_sigmoid
xgboost,S2,2021,2021-05-28,2021-05-22,2021-05-28,2021-05-29,2021-05-31,2021-05-31,1,0,,0.007855212316,0.005247413538,0.009779965221,0,temporal_sigmoid
xgboost,S2,2021,2021-05-29,2021-05-23,2021-05-29,2021-05-30,2021-06-01,2021-06-01,1,0,,0.0360685885,0.01458474506,0.009779965221,1,temporal_sigmoid
xgboost,S2,2021,2021-05-30,2021-05-24,2021-05-30,2021-05-31,2021-06-02,2021-06-02,1,0,,0.01890210062,0.009433315887,0.009779965221,0,temporal_sigmoid
xgboost,S2,2021,2021-05-31,2021-05-25,2021-05-31,2021-06-01,2021-06-03,2021-06-03,1,0,,0.00817479752,0.005388663712,0.009779965221,0,temporal_sigmoid
xgboost,S2,2021,2021-06-01,2021-05-26,2021-06-01,2021-06-02,2021-06-04,2021-06-04,1,0,,0.007078646682,0.004896016894,0.009779965221,0,temporal_sigmoid
xgboost,S2,2021,2021-06-02,2021-05-27,2021-06-02,2021-06-03,2021-06-05,2021-06-05,1,0,,0.007127381861,0.004918431955,0.009779965221,0,temporal_sigmoid
xgboost,S2,2021,2021-06-03,2021-05-28,2021-06-03,2021-06-04,2021-06-06,2021-06-06,1,0,,0.009374531917,0.005903521712,0.009779965221,0,temporal_sigmoid
xgboost,S2,2021,2021-06-04,2021-05-29,2021-06-04,2021-06-05,2021-06-07,2021-06-07,1,0,,0.007563645486,0.005116885774,0.009779965221,0,temporal_sigmoid
xgboost,S2,2021,2021-06-05,2021-05-30,2021-06-05,2021-06-06,2021-06-08,2021-06-08,1,0,,0.007239522412,0.004969818102,0.009779965221,0,temporal_sigmoid
xgboost,S2,2021,2021-06-06,2021-05-31,2021-06-06,2021-06-07,2021-06-09,2021-06-09,1,0,,0.007047603372,0.004881712374,0.009779965221,0,temporal_sigmoid
xgboost,S2,2021,2021-06-07,2021-06-01,2021-06-07,2021-06-08,2021-06-10,2021-06-10,1,0,,0.007285948377,0.004991014804,0.009779965221,0,temporal_sigmoid
xgboost,S2,2021,2021-06-08,2021-06-02,2021-06-08,2021-06-09,2021-06-11,2021-06-11,1,0,,0.007118887268,0.004914528639,0.009779965221,0,temporal_sigmoid
xgboost,S2,2021,2021-06-09,2021-06-03,2021-06-09,2021-06-10,2021-06-12,2021-06-12,1,0,,0.007118887268,0.004914528639,0.009779965221,0,temporal_sigmoid
xgboost,S2,2021,2021-06-10,2021-06-04,2021-06-10,2021-06-11,2021-06-13,2021-06-13,1,0,,0.007078646682,0.004896016894,0.009779965221,0,temporal_sigmoid
xgboost,S2,2021,2021-06-11,2021-06-05,2021-06-11,2021-06-12,2021-06-14,2021-06-14,1,0,,0.0070923944,0.004902345112,0.009779965221,0,temporal_sigmoid
xgboost,S2,2021,2021-06-12,2021-06-06,2021-06-12,2021-06-13,2021-06-15,2021-06-15,1,0,,0.0070923944,0.004902345112,0.009779965221,0,temporal_sigmoid
xgboost,S2,2021,2021-06-13,2021-06-07,2021-06-13,2021-06-14,2021-06-16,2021-06-16,1,0,,0.007257031277,0.004977817381,0.009779965221,0,temporal_sigmoid
xgboost,S2,2021,2021-06-14,2021-06-08,2021-06-14,2021-06-15,2021-06-17,2021-06-17,1,0,,0.007253579795,0.004976241007,0.009779965221,0,temporal_sigmoid
xgboost,S2,2021,2021-06-15,2021-06-09,2021-06-15,2021-06-16,2021-06-18,2021-06-18,1,0,,0.007244349457,0.004972024073,0.009779965221,0,temporal_sigmoid
xgboost,S2,2021,2021-06-16,2021-06-10,2021-06-16,2021-06-17,2021-06-19,2021-06-19,1,0,,0.007083367091,0.004898190205,0.009779965221,0,temporal_sigmoid
xgboost,S2,2021,2021-06-17,2021-06-11,2021-06-17,2021-06-18,2021-06-20,2021-06-20,1,0,,0.007115584798,0.004913010719,0.009779965221,0,temporal_sigmoid
xgboost,S2,2021,2021-06-18,2021-06-12,2021-06-18,2021-06-19,2021-06-21,2021-06-21,1,0,,0.007164569572,0.004935501873,0.009779965221,0,temporal_sigmoid
xgboost,S2,2021,2021-06-19,2021-06-13,2021-06-19,2021-06-20,2021-06-22,2021-06-22,1,0,,0.007127381861,0.004918431955,0.009779965221,0,temporal_sigmoid
xgboost,S2,2021,2021-06-20,2021-06-14,2021-06-20,2021-06-21,2021-06-23,2021-06-23,1,0,,0.007078646682,0.004896016894,0.009779965221,0,temporal_sigmoid
xgboost,S2,2021,2021-06-21,2021-06-15,2021-06-21,2021-06-22,2021-06-24,2021-06-24,1,0,,0.007078646682,0.004896016894,0.009779965221,0,temporal_sigmoid
xgboost,S2,2021,2021-06-22,2021-06-16,2021-06-22,2021-06-23,2021-06-25,2021-06-25,1,0,,0.007091041189,0.004901722395,0.009779965221,0,temporal_sigmoid
xgboost,S2,2021,2021-06-23,2021-06-17,2021-06-23,2021-06-24,2021-06-26,2021-06-26,1,0,,0.007087667938,0.00490016993,0.009779965221,0,temporal_sigmoid
xgboost,S2,2021,2021-06-24,2021-06-18,2021-06-24,2021-06-25,2021-06-27,2021-06-27,1,0,,0.007248746697,0.004974033199,0.009779965221,0,temporal_sigmoid
xgboost,S2,2021,2021-06-25,2021-06-19,2021-06-25,2021-06-26,2021-06-28,2021-06-28,1,0,,0.007257031277,0.004977817381,0.009779965221,0,temporal_sigmoid
xgboost,S2,2021,2021-06-26,2021-06-20,2021-06-26,2021-06-27,2021-06-29,2021-06-29,1,0,,0.00725219585,0.004975608856,0.009779965221,0,temporal_sigmoid
xgboost,S2,2021,2021-06-27,2021-06-21,2021-06-27,2021-06-28,2021-06-30,2021-06-30,1,0,,0.007299273275,0.004997090308,0.009779965221,0,temporal_sigmoid
xgboost,S2,2022,2022-02-28,2022-02-22,2022-02-28,2022-03-01,2022-03-03,2022-03-03,1,0,,0.01053559035,0.002152952902,0.03012381009,0,temporal_sigmoid
xgboost,S2,2022,2022-03-01,2022-02-23,2022-03-01,2022-03-02,2022-03-04,2022-03-04,1,0,,0.009740490466,0.002017047158,0.03012381009,0,temporal_sigmoid
xgboost,S2,2022,2022-03-02,2022-02-24,2022-03-02,2022-03-03,2022-03-05,2022-03-05,1,0,,0.009740490466,0.002017047158,0.03012381009,0,temporal_sigmoid
xgboost,S2,2022,2022-03-03,2022-02-25,2022-03-03,2022-03-04,2022-03-06,2022-03-06,1,0,,0.009729412384,0.002015141294,0.03012381009,0,temporal_sigmoid
xgboost,S2,2022,2022-03-04,2022-02-26,2022-03-04,2022-03-05,2022-03-07,2022-03-07,1,0,,0.01109637134,0.002247816489,0.03012381009,0,temporal_sigmoid
xgboost,S2,2022,2022-03-05,2022-02-27,2022-03-05,2022-03-06,2022-03-08,2022-03-08,1,0,,0.009712140076,0.002012169082,0.03012381009,0,temporal_sigmoid
xgboost,S2,2022,2022-03-06,2022-02-28,2022-03-06,2022-03-07,2022-03-09,2022-03-09,1,0,,0.01109637134,0.002247816489,0.03012381009,0,temporal_sigmoid
xgboost,S2,2022,2022-03-07,2022-03-01,2022-03-07,2022-03-08,2022-03-10,2022-03-10,1,0,,0.009626422077,0.001997406122,0.03012381009,0,temporal_sigmoid
xgboost,S2,2022,2022-03-08,2022-03-02,2022-03-08,2022-03-09,2022-03-11,2022-03-11,1,0,,0.008904454298,0.001872197392,0.03012381009,0,temporal_sigmoid
xgboost,S2,2022,2022-03-09,2022-03-03,2022-03-09,2022-03-10,2022-03-12,2022-03-12,1,0,,0.008904454298,0.001872197392,0.03012381009,0,temporal_sigmoid
xgboost,S2,2022,2022-03-10,2022-03-04,2022-03-10,2022-03-11,2022-03-13,2022-03-13,1,0,,0.008904454298,0.001872197392,0.03012381009,0,temporal_sigmoid
xgboost,S2,2022,2022-03-11,2022-03-05,2022-03-11,2022-03-12,2022-03-14,2022-03-14,1,0,,0.01167660579,0.002345171928,0.03012381009,0,temporal_sigmoid
xgboost,S2,2022,2022-03-12,2022-03-06,2022-03-12,2022-03-13,2022-03-15,2022-03-15,1,0,,0.01002437808,0.002065769178,0.03012381009,0,temporal_sigmoid
xgboost,S2,2022,2022-03-13,2022-03-07,2022-03-13,2022-03-14,2022-03-16,2022-03-16,1,0,,0.01002437808,0.002065769178,0.03012381009,0,temporal_sigmoid
xgboost,S2,2022,2022-03-14,2022-03-08,2022-03-14,2022-03-15,2022-03-17,2022-03-17,1,0,,0.2064841092,0.0291926067,0.03012381009,0,temporal_sigmoid
xgboost,S2,2022,2022-03-15,2022-03-09,2022-03-15,2022-03-16,2022-03-18,2022-03-18,1,0,,0.1193863153,0.01726512206,0.03012381009,0,temporal_sigmoid
xgboost,S2,2022,2022-03-16,2022-03-10,2022-03-16,2022-03-17,2022-03-19,2022-03-19,1,0,,0.318266362,0.04642334436,0.03012381009,1,temporal_sigmoid
xgboost,S2,2022,2022-03-17,2022-03-11,2022-03-17,2022-03-18,2022-03-20,2022-03-20,1,0,,0.4717787206,0.07672741006,0.03012381009,1,temporal_sigmoid
xgboost,S2,2022,2022-03-18,2022-03-12,2022-03-18,2022-03-19,2022-03-21,2022-03-21,1,0,,0.548073709,0.09660585061,0.03012381009,1,temporal_sigmoid
xgboost,S2,2022,2022-03-19,2022-03-13,2022-03-19,2022-03-20,2022-03-22,2022-03-22,1,0,,0.4130831659,0.06392204724,0.03012381009,1,temporal_sigmoid
xgboost,S2,2022,2022-03-20,2022-03-14,2022-03-20,2022-03-21,2022-03-23,2022-03-23,1,0,,0.3595315814,0.05363339911,0.03012381009,1,temporal_sigmoid
xgboost,S2,2022,2022-03-21,2022-03-15,2022-03-21,2022-03-22,2022-03-24,2022-03-24,1,0,,0.01488244347,0.002870475874,0.03012381009,0,temporal_sigmoid
xgboost,S2,2022,2022-03-22,2022-03-16,2022-03-22,2022-03-23,2022-03-25,2022-03-25,1,0,,0.01218696684,0.00243017203,0.03012381009,0,temporal_sigmoid
xgboost,S2,2022,2022-03-23,2022-03-17,2022-03-23,2022-03-24,2022-03-26,2022-03-26,1,0,,0.7142513394,0.1625508599,0.03012381009,1,temporal_sigmoid
xgboost,S2,2022,2022-03-24,2022-03-18,2022-03-24,2022-03-25,2022-03-27,2022-03-27,1,0,,0.01302304491,0.002568227091,0.03012381009,0,temporal_sigmoid
xgboost,S2,2022,2022-03-25,2022-03-19,2022-03-25,2022-03-26,2022-03-28,2022-03-28,1,0,,0.01266751904,0.002509696779,0.03012381009,0,temporal_sigmoid
xgboost,S2,2022,2022-03-26,2022-03-20,2022-03-26,2022-03-27,2022-03-29,2022-03-29,1,0,,0.01228781603,0.002446901373,0.03012381009,0,temporal_sigmoid
xgboost,S2,2022,2022-03-27,2022-03-21,2022-03-27,2022-03-28,2022-03-30,2022-03-30,1,0,,0.01126770489,0.00227664613,0.03012381009,0,temporal_sigmoid
xgboost,S2,2022,2022-03-28,2022-03-22,2022-03-28,2022-03-29,2022-03-31,2022-03-31,1,0,,0.01126770489,0.00227664613,0.03012381009,0,temporal_sigmoid
xgboost,S2,2022,2022-03-29,2022-03-23,2022-03-29,2022-03-30,2022-04-01,2022-04-01,1,0,,0.01056995522,0.002158788956,0.03012381009,0,temporal_sigmoid
xgboost,S2,2022,2022-03-30,2022-03-24,2022-03-30,2022-03-31,2022-04-02,2022-04-02,1,0,,0.01250773761,0.002483308553,0.03012381009,0,temporal_sigmoid
xgboost,S2,2022,2022-03-31,2022-03-25,2022-03-31,2022-04-01,2022-04-03,2022-04-03,1,0,,0.257370919,0.03668560415,0.03012381009,1,temporal_sigmoid
xgboost,S2,2022,2022-04-01,2022-03-26,2022-04-01,2022-04-02,2022-04-04,2022-04-04,1,0,,0.358490169,0.05344437615,0.03012381009,1,temporal_sigmoid
xgboost,S2,2022,2022-04-02,2022-03-27,2022-04-02,2022-04-03,2022-04-05,2022-04-05,1,0,,0.01343357563,0.002635504065,0.03012381009,0,temporal_sigmoid
xgboost,S2,2022,2022-04-03,2022-03-28,2022-04-03,2022-04-04,2022-04-06,2022-04-06,1,0,,0.01121226139,0.002267324536,0.03012381009,0,temporal_sigmoid
xgboost,S2,2022,2022-04-04,2022-03-29,2022-04-04,2022-04-05,2022-04-07,2022-04-07,1,0,,0.01611561701,0.003067709279,0.03012381009,0,temporal_sigmoid
xgboost,S2,2022,2022-04-05,2022-03-30,2022-04-05,2022-04-06,2022-04-08,2022-04-08,1,0,,0.3333677351,0.04899779499,0.03012381009,1,temporal_sigmoid
xgboost,S2,2022,2022-04-06,2022-03-31,2022-04-06,2022-04-07,2022-04-09,2022-04-09,1,0,,0.0194649417,0.003592549825,0.03012381009,0,temporal_sigmoid
xgboost,S2,2022,2022-04-07,2022-04-01,2022-04-07,2022-04-08,2022-04-10,2022-04-10,1,0,,0.3244397938,0.04746729892,0.03012381009,1,temporal_sigmoid
xgboost,S2,2022,2022-04-08,2022-04-02,2022-04-08,2022-04-09,2022-04-11,2022-04-11,1,0,,0.3497569859,0.05187432351,0.03012381009,1,temporal_sigmoid
xgboost,S2,2022,2022-04-09,2022-04-03,2022-04-09,2022-04-10,2022-04-12,2022-04-12,1,0,,0.2815492451,0.04043827131,0.03012381009,1,temporal_sigmoid
xgboost,S2,2022,2022-04-10,2022-04-04,2022-04-10,2022-04-11,2022-04-13,2022-04-13,1,0,,0.2056349069,0.02907159133,0.03012381009,0,temporal_sigmoid
xgboost,S2,2022,2022-04-11,2022-04-05,2022-04-11,2022-04-12,2022-04-14,2022-04-14,1,0,,0.2021318972,0.02857363525,0.03012381009,0,temporal_sigmoid
xgboost,S2,2022,2022-04-12,2022-04-06,2022-04-12,2022-04-13,2022-04-15,2022-04-15,1,0,,0.0186881721,0.003472108204,0.03012381009,0,temporal_sigmoid
xgboost,S2,2022,2022-04-13,2022-04-07,2022-04-13,2022-04-14,2022-04-16,2022-04-16,1,0,,0.02305145003,0.004140146361,0.03012381009,0,temporal_sigmoid
xgboost,S2,2022,2022-04-14,2022-04-08,2022-04-14,2022-04-15,2022-04-17,2022-04-17,1,0,,0.02116285823,0.003853439897,0.03012381009,0,temporal_sigmoid
xgboost,S2,2022,2022-04-15,2022-04-09,2022-04-15,2022-04-16,2022-04-18,2022-04-18,1,0,,0.7572874427,0.1889894221,0.03012381009,1,temporal_sigmoid
xgboost,S2,2022,2022-04-16,2022-04-10,2022-04-16,2022-04-17,2022-04-19,2022-04-19,1,0,,0.792764008,0.2160901175,0.03012381009,1,temporal_sigmoid
xgboost,S2,2022,2022-04-17,2022-04-11,2022-04-17,2022-04-18,2022-04-20,2022-04-20,1,0,,0.7259408236,0.1691646397,0.03012381009,1,temporal_sigmoid
xgboost,S2,2022,2022-04-18,2022-04-12,2022-04-18,2022-04-19,2022-04-21,2022-04-21,1,0,,0.1824329793,0.02580846582,0.03012381009,0,temporal_sigmoid
xgboost,S2,2022,2022-04-19,2022-04-13,2022-04-19,2022-04-20,2022-04-22,2022-04-22,1,0,,0.1315342337,0.01888493103,0.03012381009,0,temporal_sigmoid
xgboost,S2,2022,2022-04-20,2022-04-14,2022-04-20,2022-04-21,2022-04-23,2022-04-23,1,0,,0.008989399299,0.001887012188,0.03012381009,0,temporal_sigmoid
xgboost,S2,2022,2022-04-21,2022-04-15,2022-04-21,2022-04-22,2022-04-24,2022-04-24,1,0,,0.009800076485,0.002027292308,0.03012381009,0,temporal_sigmoid
xgboost,S2,2022,2022-04-22,2022-04-16,2022-04-22,2022-04-23,2022-04-25,2022-04-25,1,0,,0.008317989297,0.001769273103,0.03012381009,0,temporal_sigmoid
xgboost,S2,2022,2022-04-23,2022-04-17,2022-04-23,2022-04-24,2022-04-26,2022-04-26,1,0,,0.04667575285,0.007531008326,0.03012381009,0,temporal_sigmoid
xgboost,S2,2022,2022-04-24,2022-04-18,2022-04-24,2022-04-25,2022-04-27,2022-04-27,1,0,,0.06896115094,0.01056136906,0.03012381009,0,temporal_sigmoid
xgboost,S2,2022,2022-04-25,2022-04-19,2022-04-25,2022-04-26,2022-04-28,2022-04-28,1,0,,0.08817994595,0.0131239962,0.03012381009,0,temporal_sigmoid
xgboost,S2,2022,2022-04-26,2022-04-20,2022-04-26,2022-04-27,2022-04-29,2022-04-29,1,0,,0.1033055708,0.01513015704,0.03012381009,0,temporal_sigmoid
xgboost,S2,2022,2022-04-27,2022-04-21,2022-04-27,2022-04-28,2022-04-30,2022-04-30,1,0,,0.1044691652,0.01528445207,0.03012381009,0,temporal_sigmoid
xgboost,S2,2022,2022-04-28,2022-04-22,2022-04-28,2022-04-29,2022-05-01,2022-05-01,1,0,,0.1488321722,0.02120885758,0.03012381009,0,temporal_sigmoid
xgboost,S2,2022,2022-04-29,2022-04-23,2022-04-29,2022-04-30,2022-05-02,2022-05-02,1,0,,0.5096181035,0.08605367394,0.03012381009,1,temporal_sigmoid
xgboost,S2,2022,2022-04-30,2022-04-24,2022-04-30,2022-05-01,2022-05-03,2022-05-03,1,0,,0.2449492663,0.03480920215,0.03012381009,1,temporal_sigmoid
xgboost,S2,2022,2022-05-01,2022-04-25,2022-05-01,2022-05-02,2022-05-04,2022-05-04,1,0,,0.01672806032,0.003164806275,0.03012381009,0,temporal_sigmoid
xgboost,S2,2022,2022-05-02,2022-04-26,2022-05-02,2022-05-03,2022-05-05,2022-05-05,1,0,,0.01464882772,0.002832836002,0.03012381009,0,temporal_sigmoid
xgboost,S2,2022,2022-05-03,2022-04-27,2022-05-03,2022-05-04,2022-05-06,2022-05-06,1,0,,0.009160039946,0.00191670435,0.03012381009,0,temporal_sigmoid
xgboost,S2,2022,2022-05-04,2022-04-28,2022-05-04,2022-05-05,2022-05-07,2022-05-07,1,0,,0.008475992829,0.001797115776,0.03012381009,0,temporal_sigmoid
xgboost,S2,2022,2022-05-05,2022-04-29,2022-05-05,2022-05-06,2022-05-08,2022-05-08,1,0,,0.008422231302,0.001787651748,0.03012381009,0,temporal_sigmoid
xgboost,S2,2022,2022-05-06,2022-04-30,2022-05-06,2022-05-07,2022-05-09,2022-05-09,1,0,,0.009224026464,0.001927815078,0.03012381009,0,temporal_sigmoid
xgboost,S2,2022,2022-05-07,2022-05-01,2022-05-07,2022-05-08,2022-05-10,2022-05-10,1,0,,0.01040580403,0.002130884228,0.03012381009,0,temporal_sigmoid
xgboost,S2,2022,2022-05-08,2022-05-02,2022-05-08,2022-05-09,2022-05-11,2022-05-11,1,0,,0.06771893799,0.01039462615,0.03012381009,0,temporal_sigmoid
xgboost,S2,2022,2022-05-09,2022-05-03,2022-05-09,2022-05-10,2022-05-12,2022-05-12,1,0,,0.008475992829,0.001797115776,0.03012381009,0,temporal_sigmoid
xgboost,S2,2022,2022-05-10,2022-05-04,2022-05-10,2022-05-11,2022-05-13,2022-05-13,1,0,,0.008475992829,0.001797115776,0.03012381009,0,temporal_sigmoid
xgboost,S2,2022,2022-05-11,2022-05-05,2022-05-11,2022-05-12,2022-05-14,2022-05-14,1,0,,0.008475992829,0.001797115776,0.03012381009,0,temporal_sigmoid
xgboost,S2,2022,2022-05-12,2022-05-06,2022-05-12,2022-05-13,2022-05-15,2022-05-15,1,0,,0.008719117381,0.001839793659,0.03012381009,0,temporal_sigmoid
xgboost,S2,2022,2022-05-13,2022-05-07,2022-05-13,2022-05-14,2022-05-16,2022-05-16,1,0,,0.008719117381,0.001839793659,0.03012381009,0,temporal_sigmoid
xgboost,S2,2022,2022-05-14,2022-05-08,2022-05-14,2022-05-15,2022-05-17,2022-05-17,1,0,,0.009505652823,0.001976570321,0.03012381009,0,temporal_sigmoid
xgboost,S2,2022,2022-05-15,2022-05-09,2022-05-15,2022-05-16,2022-05-18,2022-05-18,1,0,,0.03494113311,0.00588216047,0.03012381009,0,temporal_sigmoid
xgboost,S2,2022,2022-05-16,2022-05-10,2022-05-16,2022-05-17,2022-05-19,2022-05-19,1,0,,0.05129272863,0.008167309127,0.03012381009,0,temporal_sigmoid
xgboost,S2,2022,2022-05-17,2022-05-11,2022-05-17,2022-05-18,2022-05-20,2022-05-20,1,0,,0.01307568792,0.002576872375,0.03012381009,0,temporal_sigmoid
xgboost,S2,2022,2022-05-18,2022-05-12,2022-05-18,2022-05-19,2022-05-21,2022-05-21,1,0,,0.04147267714,0.006806308366,0.03012381009,0,temporal_sigmoid
xgboost,S2,2022,2022-05-19,2022-05-13,2022-05-19,2022-05-20,2022-05-22,2022-05-22,1,0,,0.008894158527,0.001870400207,0.03012381009,0,temporal_sigmoid
xgboost,S2,2022,2022-05-20,2022-05-14,2022-05-20,2022-05-21,2022-05-23,2022-05-23,1,0,,0.008891712874,0.001869973254,0.03012381009,0,temporal_sigmoid
xgboost,S2,2022,2022-05-21,2022-05-15,2022-05-21,2022-05-22,2022-05-24,2022-05-24,1,0,,0.00974780228,0.002018304885,0.03012381009,0,temporal_sigmoid
xgboost,S2,2022,2022-05-22,2022-05-16,2022-05-22,2022-05-23,2022-05-25,2022-05-25,1,0,,0.008475992829,0.001797115776,0.03012381009,0,temporal_sigmoid
xgboost,S2,2022,2022-05-23,2022-05-17,2022-05-23,2022-05-24,2022-05-26,2022-05-26,1,0,,0.009240802377,0.001930726008,0.03012381009,0,temporal_sigmoid
xgboost,S2,2022,2022-05-24,2022-05-18,2022-05-24,2022-05-25,2022-05-27,2022-05-27,1,0,,0.0221903827,0.004009856428,0.03012381009,0,temporal_sigmoid
xgboost,S2,2022,2022-05-25,2022-05-19,2022-05-25,2022-05-26,2022-05-28,2022-05-28,1,0,,0.008475992829,0.001797115776,0.03012381009,0,temporal_sigmoid
xgboost,S2,2022,2022-05-26,2022-05-20,2022-05-26,2022-05-27,2022-05-29,2022-05-29,1,0,,0.008475992829,0.001797115776,0.03012381009,0,temporal_sigmoid
xgboost,S2,2022,2022-05-27,2022-05-21,2022-05-27,2022-05-28,2022-05-30,2022-05-30,1,0,,0.008475992829,0.001797115776,0.03012381009,0,temporal_sigmoid
xgboost,S2,2022,2022-05-28,2022-05-22,2022-05-28,2022-05-29,2022-05-31,2022-05-31,1,0,,0.008475992829,0.001797115776,0.03012381009,0,temporal_sigmoid
xgboost,S2,2022,2022-05-29,2022-05-23,2022-05-29,2022-05-30,2022-06-01,2022-06-01,1,0,,0.008475992829,0.001797115776,0.03012381009,0,temporal_sigmoid
xgboost,S2,2022,2022-05-30,2022-05-24,2022-05-30,2022-05-31,2022-06-02,2022-06-02,1,0,,0.008422231302,0.001787651748,0.03012381009,0,temporal_sigmoid
xgboost,S2,2022,2022-05-31,2022-05-25,2022-05-31,2022-06-01,2022-06-03,2022-06-03,1,0,,0.008475992829,0.001797115776,0.03012381009,0,temporal_sigmoid
xgboost,S2,2022,2022-06-01,2022-05-26,2022-06-01,2022-06-02,2022-06-04,2022-06-04,1,0,,0.008475992829,0.001797115776,0.03012381009,0,temporal_sigmoid
xgboost,S2,2022,2022-06-02,2022-05-27,2022-06-02,2022-06-03,2022-06-05,2022-06-05,1,0,,0.008475992829,0.001797115776,0.03012381009,0,temporal_sigmoid
xgboost,S2,2022,2022-06-03,2022-05-28,2022-06-03,2022-06-04,2022-06-06,2022-06-06,1,0,,0.008719117381,0.001839793659,0.03012381009,0,temporal_sigmoid
xgboost,S2,2022,2022-06-04,2022-05-29,2022-06-04,2022-06-05,2022-06-07,2022-06-07,1,0,,0.008719117381,0.001839793659,0.03012381009,0,temporal_sigmoid
xgboost,S2,2022,2022-06-05,2022-05-30,2022-06-05,2022-06-06,2022-06-08,2022-06-08,1,0,,0.008719117381,0.001839793659,0.03012381009,0,temporal_sigmoid
xgboost,S2,2022,2022-06-06,2022-05-31,2022-06-06,2022-06-07,2022-06-09,2022-06-09,1,0,,0.008475992829,0.001797115776,0.03012381009,0,temporal_sigmoid
xgboost,S2,2022,2022-06-07,2022-06-01,2022-06-07,2022-06-08,2022-06-10,2022-06-10,1,0,,0.008874122985,0.00186690192,0.03012381009,0,temporal_sigmoid
xgboost,S2,2022,2022-06-08,2022-06-02,2022-06-08,2022-06-09,2022-06-11,2022-06-11,1,0,,0.009494372644,0.001974622025,0.03012381009,0,temporal_sigmoid
xgboost,S2,2022,2022-06-09,2022-06-03,2022-06-09,2022-06-10,2022-06-12,2022-06-12,1,0,,0.008556619287,0.001811290712,0.03012381009,0,temporal_sigmoid
xgboost,S2,2022,2022-06-10,2022-06-04,2022-06-10,2022-06-11,2022-06-13,2022-06-13,1,0,,0.009328634478,0.001945952576,0.03012381009,0,temporal_sigmoid
xgboost,S2,2022,2022-06-11,2022-06-05,2022-06-11,2022-06-12,2022-06-14,2022-06-14,1,0,,0.01033305191,0.002118494317,0.03012381009,0,temporal_sigmoid
xgboost,S2,2022,2022-06-12,2022-06-06,2022-06-12,2022-06-13,2022-06-15,2022-06-15,1,0,,0.009095749818,0.001905528228,0.03012381009,0,temporal_sigmoid
xgboost,S2,2022,2022-06-13,2022-06-07,2022-06-13,2022-06-14,2022-06-16,2022-06-16,1,0,,0.01118726283,0.00226311919,0.03012381009,0,temporal_sigmoid
xgboost,S2,2022,2022-06-14,2022-06-08,2022-06-14,2022-06-15,2022-06-17,2022-06-17,1,0,,0.01025575306,0.002105314762,0.03012381009,0,temporal_sigmoid
xgboost,S2,2022,2022-06-15,2022-06-09,2022-06-15,2022-06-16,2022-06-18,2022-06-18,1,0,,0.009554601274,0.001985020307,0.03012381009,0,temporal_sigmoid
xgboost,S2,2022,2022-06-16,2022-06-10,2022-06-16,2022-06-17,2022-06-19,2022-06-19,1,0,,0.009554601274,0.001985020307,0.03012381009,0,temporal_sigmoid
xgboost,S2,2022,2022-06-17,2022-06-11,2022-06-17,2022-06-18,2022-06-20,2022-06-20,1,0,,0.009554601274,0.001985020307,0.03012381009,0,temporal_sigmoid
xgboost,S2,2022,2022-06-18,2022-06-12,2022-06-18,2022-06-19,2022-06-21,2022-06-21,1,0,,0.00928839948,0.001938980332,0.03012381009,0,temporal_sigmoid
xgboost,S2,2022,2022-06-19,2022-06-13,2022-06-19,2022-06-20,2022-06-22,2022-06-22,1,0,,0.00928839948,0.001938980332,0.03012381009,0,temporal_sigmoid
xgboost,S2,2022,2022-06-20,2022-06-14,2022-06-20,2022-06-21,2022-06-23,2022-06-23,1,0,,0.008317989297,0.001769273103,0.03012381009,0,temporal_sigmoid
xgboost,S2,2022,2022-06-21,2022-06-15,2022-06-21,2022-06-22,2022-06-24,2022-06-24,1,0,,0.008317989297,0.001769273103,0.03012381009,0,temporal_sigmoid
xgboost,S2,2022,2022-06-22,2022-06-16,2022-06-22,2022-06-23,2022-06-25,2022-06-25,1,0,,0.009068670683,0.001900816993,0.03012381009,0,temporal_sigmoid
xgboost,S2,2022,2022-06-23,2022-06-17,2022-06-23,2022-06-24,2022-06-26,2022-06-26,1,0,,0.009328634478,0.001945952576,0.03012381009,0,temporal_sigmoid
xgboost,S2,2022,2022-06-24,2022-06-18,2022-06-24,2022-06-25,2022-06-27,2022-06-27,1,0,,0.009328634478,0.001945952576,0.03012381009,0,temporal_sigmoid
xgboost,S2,2022,2022-06-25,2022-06-19,2022-06-25,2022-06-26,2022-06-28,2022-06-28,1,0,,0.009515468031,0.001978265285,0.03012381009,0,temporal_sigmoid
xgboost,S2,2022,2022-06-26,2022-06-20,2022-06-26,2022-06-27,2022-06-29,2022-06-29,1,0,,0.0094623724,0.001969092954,0.03012381009,0,temporal_sigmoid
xgboost,S2,2022,2022-06-27,2022-06-21,2022-06-27,2022-06-28,2022-06-30,2022-06-30,1,0,,0.01162768248,0.002336993359,0.03012381009,0,temporal_sigmoid
xgboost,S2,2023,2023-02-28,2023-02-22,2023-02-28,2023-03-01,2023-03-03,2023-03-03,1,0,,0.01599448361,0.001053689765,0.005539413763,0,temporal_sigmoid
xgboost,S2,2023,2023-03-01,2023-02-23,2023-03-01,2023-03-02,2023-03-04,2023-03-04,1,0,,0.01599448361,0.001053689765,0.005539413763,0,temporal_sigmoid
xgboost,S2,2023,2023-03-02,2023-02-24,2023-03-02,2023-03-03,2023-03-05,2023-03-05,1,0,,0.02019083686,0.001291129936,0.005539413763,0,temporal_sigmoid
xgboost,S2,2023,2023-03-03,2023-02-25,2023-03-03,2023-03-04,2023-03-06,2023-03-06,1,0,,0.02019083686,0.001291129936,0.005539413763,0,temporal_sigmoid
xgboost,S2,2023,2023-03-04,2023-02-26,2023-03-04,2023-03-05,2023-03-07,2023-03-07,1,0,,0.02019083686,0.001291129936,0.005539413763,0,temporal_sigmoid
xgboost,S2,2023,2023-03-05,2023-02-27,2023-03-05,2023-03-06,2023-03-08,2023-03-08,1,0,,0.02019083686,0.001291129936,0.005539413763,0,temporal_sigmoid
xgboost,S2,2023,2023-03-06,2023-02-28,2023-03-06,2023-03-07,2023-03-09,2023-03-09,1,0,,0.02019083686,0.001291129936,0.005539413763,0,temporal_sigmoid
xgboost,S2,2023,2023-03-07,2023-03-01,2023-03-07,2023-03-08,2023-03-10,2023-03-10,1,0,,0.02019083686,0.001291129936,0.005539413763,0,temporal_sigmoid
xgboost,S2,2023,2023-03-08,2023-03-02,2023-03-08,2023-03-09,2023-03-11,2023-03-11,1,0,,0.02019083686,0.001291129936,0.005539413763,0,temporal_sigmoid
xgboost,S2,2023,2023-03-09,2023-03-03,2023-03-09,2023-03-10,2023-03-12,2023-03-12,1,0,,0.01599448361,0.001053689765,0.005539413763,0,temporal_sigmoid
xgboost,S2,2023,2023-03-10,2023-03-04,2023-03-10,2023-03-11,2023-03-13,2023-03-13,1,0,,0.01495167799,0.00099365483,0.005539413763,0,temporal_sigmoid
xgboost,S2,2023,2023-03-11,2023-03-05,2023-03-11,2023-03-12,2023-03-14,2023-03-14,1,0,,0.01599448361,0.001053689765,0.005539413763,0,temporal_sigmoid
xgboost,S2,2023,2023-03-12,2023-03-06,2023-03-12,2023-03-13,2023-03-15,2023-03-15,1,0,,0.0134212384,0.0009046487649,0.005539413763,0,temporal_sigmoid
xgboost,S2,2023,2023-03-13,2023-03-07,2023-03-13,2023-03-14,2023-03-16,2023-03-16,1,0,,0.0134212384,0.0009046487649,0.005539413763,0,temporal_sigmoid
xgboost,S2,2023,2023-03-14,2023-03-08,2023-03-14,2023-03-15,2023-03-17,2023-03-17,1,0,,0.01140740141,0.0007856432016,0.005539413763,0,temporal_sigmoid
xgboost,S2,2023,2023-03-15,2023-03-09,2023-03-15,2023-03-16,2023-03-18,2023-03-18,1,0,,0.01313683391,0.0008879800635,0.005539413763,0,temporal_sigmoid
xgboost,S2,2023,2023-03-16,2023-03-10,2023-03-16,2023-03-17,2023-03-19,2023-03-19,1,0,,0.009901485406,0.0006949782655,0.005539413763,0,temporal_sigmoid
xgboost,S2,2023,2023-03-17,2023-03-11,2023-03-17,2023-03-18,2023-03-20,2023-03-20,1,0,,0.009901485406,0.0006949782655,0.005539413763,0,temporal_sigmoid
xgboost,S2,2023,2023-03-18,2023-03-12,2023-03-18,2023-03-19,2023-03-21,2023-03-21,1,0,,0.01575134136,0.001039733214,0.005539413763,0,temporal_sigmoid
xgboost,S2,2023,2023-03-19,2023-03-13,2023-03-19,2023-03-20,2023-03-22,2023-03-22,1,0,,0.01091586985,0.0007562228325,0.005539413763,0,temporal_sigmoid
xgboost,S2,2023,2023-03-20,2023-03-14,2023-03-20,2023-03-21,2023-03-23,2023-03-23,1,0,,0.008291696198,0.000596115179,0.005539413763,0,temporal_sigmoid
xgboost,S2,2023,2023-03-21,2023-03-15,2023-03-21,2023-03-22,2023-03-24,2023-03-24,1,0,,0.008291696198,0.000596115179,0.005539413763,0,temporal_sigmoid
xgboost,S2,2023,2023-03-22,2023-03-16,2023-03-22,2023-03-23,2023-03-25,2023-03-25,1,0,,0.008291696198,0.000596115179,0.005539413763,0,temporal_sigmoid
xgboost,S2,2023,2023-03-23,2023-03-17,2023-03-23,2023-03-24,2023-03-26,2023-03-26,1,0,,0.008980721235,0.0006387036052,0.005539413763,0,temporal_sigmoid
xgboost,S2,2023,2023-03-24,2023-03-18,2023-03-24,2023-03-25,2023-03-27,2023-03-27,1,0,,0.008980721235,0.0006387036052,0.005539413763,0,temporal_sigmoid
xgboost,S2,2023,2023-03-25,2023-03-19,2023-03-25,2023-03-26,2023-03-28,2023-03-28,1,0,,0.008405788802,0.0006031974481,0.005539413763,0,temporal_sigmoid
xgboost,S2,2023,2023-03-26,2023-03-20,2023-03-26,2023-03-27,2023-03-29,2023-03-29,1,0,,0.01039804984,0.0007250515811,0.005539413763,0,temporal_sigmoid
xgboost,S2,2023,2023-03-27,2023-03-21,2023-03-27,2023-03-28,2023-03-30,2023-03-30,1,0,,0.01460998412,0.000973879389,0.005539413763,0,temporal_sigmoid
xgboost,S2,2023,2023-03-28,2023-03-22,2023-03-28,2023-03-29,2023-03-31,2023-03-31,1,0,,0.0156293381,0.001032720859,0.005539413763,0,temporal_sigmoid
xgboost,S2,2023,2023-03-29,2023-03-23,2023-03-29,2023-03-30,2023-04-01,2023-04-01,1,0,,0.01103483886,0.0007633583324,0.005539413763,0,temporal_sigmoid
xgboost,S2,2023,2023-03-30,2023-03-24,2023-03-30,2023-03-31,2023-04-02,2023-04-02,1,0,,0.01103483886,0.0007633583324,0.005539413763,0,temporal_sigmoid
xgboost,S2,2023,2023-03-31,2023-03-25,2023-03-31,2023-04-01,2023-04-03,2023-04-03,1,0,,0.01088544913,0.0007543967296,0.005539413763,0,temporal_sigmoid
xgboost,S2,2023,2023-04-01,2023-03-26,2023-04-01,2023-04-02,2023-04-04,2023-04-04,1,0,,0.008291696198,0.000596115179,0.005539413763,0,temporal_sigmoid
xgboost,S2,2023,2023-04-02,2023-03-27,2023-04-02,2023-04-03,2023-04-05,2023-04-05,1,0,,0.008291696198,0.000596115179,0.005539413763,0,temporal_sigmoid
xgboost,S2,2023,2023-04-03,2023-03-28,2023-04-03,2023-04-04,2023-04-06,2023-04-06,1,0,,0.01180196553,0.0008091472209,0.005539413763,0,temporal_sigmoid
xgboost,S2,2023,2023-04-04,2023-03-29,2023-04-04,2023-04-05,2023-04-07,2023-04-07,1,0,,0.01184070017,0.0008114494151,0.005539413763,0,temporal_sigmoid
xgboost,S2,2023,2023-04-05,2023-03-30,2023-04-05,2023-04-06,2023-04-08,2023-04-08,1,0,,0.1931151897,0.01047669023,0.005539413763,1,temporal_sigmoid
xgboost,S2,2023,2023-04-06,2023-03-31,2023-04-06,2023-04-07,2023-04-09,2023-04-09,1,0,,0.202519536,0.01101695417,0.005539413763,1,temporal_sigmoid
xgboost,S2,2023,2023-04-07,2023-04-01,2023-04-07,2023-04-08,2023-04-10,2023-04-10,1,1,fixed36_0043,0.547115922,0.04070715164,0.005539413763,1,temporal_sigmoid
xgboost,S2,2023,2023-04-08,2023-04-02,2023-04-08,2023-04-09,2023-04-11,2023-04-11,1,1,fixed36_0043,0.593981266,0.04762323164,0.005539413763,1,temporal_sigmoid
xgboost,S2,2023,2023-04-09,2023-04-03,2023-04-09,2023-04-10,2023-04-12,2023-04-12,1,1,fixed36_0043,0.8241966367,0.1195224224,0.005539413763,1,temporal_sigmoid
xgboost,S2,2023,2023-04-10,2023-04-04,2023-04-10,2023-04-11,2023-04-13,2023-04-13,1,1,fixed36_0043,0.8831031919,0.1696901891,0.005539413763,1,temporal_sigmoid
xgboost,S2,2023,2023-04-11,2023-04-05,2023-04-11,2023-04-12,2023-04-14,2023-04-14,1,1,fixed36_0043,0.9166033268,0.219887622,0.005539413763,1,temporal_sigmoid
xgboost,S2,2023,2023-04-12,2023-04-06,2023-04-12,2023-04-13,2023-04-15,2023-04-15,1,1,fixed36_0043,0.9395281672,0.2749801955,0.005539413763,1,temporal_sigmoid
xgboost,S2,2023,2023-04-13,2023-04-07,2023-04-13,2023-04-14,2023-04-16,2023-04-16,1,1,fixed36_0043,0.9328949451,0.2563876518,0.005539413763,1,temporal_sigmoid
xgboost,S2,2023,2023-04-14,2023-04-08,2023-04-14,2023-04-15,2023-04-17,2023-04-17,1,1,fixed36_0043,0.9411773086,0.2800355691,0.005539413763,1,temporal_sigmoid
xgboost,S2,2023,2023-04-15,2023-04-09,2023-04-15,2023-04-16,2023-04-18,2023-04-18,1,1,fixed36_0043,0.9333254695,0.2575169962,0.005539413763,1,temporal_sigmoid
xgboost,S2,2023,2023-04-16,2023-04-10,2023-04-16,2023-04-17,2023-04-19,2023-04-19,1,1,fixed36_0043,0.9322541952,0.2547251844,0.005539413763,1,temporal_sigmoid
xgboost,S2,2023,2023-04-17,2023-04-11,2023-04-17,2023-04-18,2023-04-20,2023-04-20,1,1,fixed36_0043,0.8878622055,0.1754369467,0.005539413763,1,temporal_sigmoid
xgboost,S2,2023,2023-04-18,2023-04-12,2023-04-18,2023-04-19,2023-04-21,2023-04-21,1,0,,0.8992069364,0.1907379195,0.005539413763,1,temporal_sigmoid
xgboost,S2,2023,2023-04-19,2023-04-13,2023-04-19,2023-04-20,2023-04-22,2023-04-22,1,0,,0.8790263534,0.1650408517,0.005539413763,1,temporal_sigmoid
xgboost,S2,2023,2023-04-20,2023-04-14,2023-04-20,2023-04-21,2023-04-23,2023-04-23,1,0,,0.8756009936,0.1613142823,0.005539413763,1,temporal_sigmoid
xgboost,S2,2023,2023-04-21,2023-04-15,2023-04-21,2023-04-22,2023-04-24,2023-04-24,1,0,,0.7770861983,0.09526082698,0.005539413763,1,temporal_sigmoid
xgboost,S2,2023,2023-04-22,2023-04-16,2023-04-22,2023-04-23,2023-04-25,2023-04-25,1,0,,0.9043059945,0.1984745972,0.005539413763,1,temporal_sigmoid
xgboost,S2,2023,2023-04-23,2023-04-17,2023-04-23,2023-04-24,2023-04-26,2023-04-26,1,0,,0.03220236301,0.001945941104,0.005539413763,0,temporal_sigmoid
xgboost,S2,2023,2023-04-24,2023-04-18,2023-04-24,2023-04-25,2023-04-27,2023-04-27,1,0,,0.05017405748,0.002889704103,0.005539413763,0,temporal_sigmoid
xgboost,S2,2023,2023-04-25,2023-04-19,2023-04-25,2023-04-26,2023-04-28,2023-04-28,1,0,,0.8237502575,0.1192449654,0.005539413763,1,temporal_sigmoid
xgboost,S2,2023,2023-04-26,2023-04-20,2023-04-26,2023-04-27,2023-04-29,2023-04-29,1,0,,0.8595651388,0.145752906,0.005539413763,1,temporal_sigmoid
xgboost,S2,2023,2023-04-27,2023-04-21,2023-04-27,2023-04-28,2023-04-30,2023-04-30,1,0,,0.9049993157,0.1995734037,0.005539413763,1,temporal_sigmoid
xgboost,S2,2023,2023-04-28,2023-04-22,2023-04-28,2023-04-29,2023-05-01,2023-05-01,1,0,,0.7930939794,0.1025102718,0.005539413763,1,temporal_sigmoid
xgboost,S2,2023,2023-04-29,2023-04-23,2023-04-29,2023-04-30,2023-05-02,2023-05-02,1,0,,0.7241333127,0.0762574984,0.005539413763,1,temporal_sigmoid
xgboost,S2,2023,2023-04-30,2023-04-24,2023-04-30,2023-05-01,2023-05-03,2023-05-03,1,0,,0.715877533,0.07382012415,0.005539413763,1,temporal_sigmoid
xgboost,S2,2023,2023-05-01,2023-04-25,2023-05-01,2023-05-02,2023-05-04,2023-05-04,1,0,,0.7066982985,0.07124169405,0.005539413763,1,temporal_sigmoid
xgboost,S2,2023,2023-05-02,2023-04-26,2023-05-02,2023-05-03,2023-05-05,2023-05-05,1,0,,0.8827473521,0.1692746687,0.005539413763,1,temporal_sigmoid
xgboost,S2,2023,2023-05-03,2023-04-27,2023-05-03,2023-05-04,2023-05-06,2023-05-06,1,0,,0.4709485471,0.0316256456,0.005539413763,1,temporal_sigmoid
xgboost,S2,2023,2023-05-04,2023-04-28,2023-05-04,2023-05-05,2023-05-07,2023-05-07,1,0,,0.01403643936,0.0009405633278,0.005539413763,0,temporal_sigmoid
xgboost,S2,2023,2023-05-05,2023-04-29,2023-05-05,2023-05-06,2023-05-08,2023-05-08,1,1,fixed36_0044,0.02543107234,0.001580429282,0.005539413763,0,temporal_sigmoid
xgboost,S2,2023,2023-05-06,2023-04-30,2023-05-06,2023-05-07,2023-05-09,2023-05-09,1,1,fixed36_0044,0.8710728884,0.1566210568,0.005539413763,1,temporal_sigmoid
xgboost,S2,2023,2023-05-07,2023-05-01,2023-05-07,2023-05-08,2023-05-10,2023-05-10,1,1,fixed36_0044,0.8958001733,0.1858835878,0.005539413763,1,temporal_sigmoid
xgboost,S2,2023,2023-05-08,2023-05-02,2023-05-08,2023-05-09,2023-05-11,2023-05-11,1,1,fixed36_0044,0.9114881754,0.2104579279,0.005539413763,1,temporal_sigmoid
xgboost,S2,2023,2023-05-09,2023-05-03,2023-05-09,2023-05-10,2023-05-12,2023-05-12,1,1,fixed36_0044,0.9244277477,0.2360337786,0.005539413763,1,temporal_sigmoid
xgboost,S2,2023,2023-05-10,2023-05-04,2023-05-10,2023-05-11,2023-05-13,2023-05-13,1,0,,0.9210344553,0.2287527696,0.005539413763,1,temporal_sigmoid
xgboost,S2,2023,2023-05-11,2023-05-05,2023-05-11,2023-05-12,2023-05-14,2023-05-14,1,0,,0.9369753003,0.2675102747,0.005539413763,1,temporal_sigmoid
xgboost,S2,2023,2023-05-12,2023-05-06,2023-05-12,2023-05-13,2023-05-15,2023-05-15,1,0,,0.9231154919,0.2331642571,0.005539413763,1,temporal_sigmoid
xgboost,S2,2023,2023-05-13,2023-05-07,2023-05-13,2023-05-14,2023-05-16,2023-05-16,1,0,,0.8094866872,0.1109265464,0.005539413763,1,temporal_sigmoid
xgboost,S2,2023,2023-05-14,2023-05-08,2023-05-14,2023-05-15,2023-05-17,2023-05-17,1,0,,0.04354097694,0.002544509543,0.005539413763,0,temporal_sigmoid
xgboost,S2,2023,2023-05-15,2023-05-09,2023-05-15,2023-05-16,2023-05-18,2023-05-18,1,0,,0.6415420771,0.05610720973,0.005539413763,1,temporal_sigmoid
xgboost,S2,2023,2023-05-16,2023-05-10,2023-05-16,2023-05-17,2023-05-19,2023-05-19,1,0,,0.01341894642,0.0009045146027,0.005539413763,0,temporal_sigmoid
xgboost,S2,2023,2023-05-17,2023-05-11,2023-05-17,2023-05-18,2023-05-20,2023-05-20,1,0,,0.009952437133,0.0006980725579,0.005539413763,0,temporal_sigmoid
xgboost,S2,2023,2023-05-18,2023-05-12,2023-05-18,2023-05-19,2023-05-21,2023-05-21,1,0,,0.008494961075,0.0006087242401,0.005539413763,0,temporal_sigmoid
xgboost,S2,2023,2023-05-19,2023-05-13,2023-05-19,2023-05-20,2023-05-22,2023-05-22,1,0,,0.009152089246,0.0006492302124,0.005539413763,0,temporal_sigmoid
xgboost,S2,2023,2023-05-20,2023-05-14,2023-05-20,2023-05-21,2023-05-23,2023-05-23,1,0,,0.1084894016,0.005892989022,0.005539413763,1,temporal_sigmoid
xgboost,S2,2023,2023-05-21,2023-05-15,2023-05-21,2023-05-22,2023-05-24,2023-05-24,1,0,,0.3062567711,0.0175831548,0.005539413763,1,temporal_sigmoid
xgboost,S2,2023,2023-05-22,2023-05-16,2023-05-22,2023-05-23,2023-05-25,2023-05-25,1,0,,0.1506087333,0.00811993722,0.005539413763,1,temporal_sigmoid
xgboost,S2,2023,2023-05-23,2023-05-17,2023-05-23,2023-05-24,2023-05-26,2023-05-26,1,0,,0.008413955569,0.000603703925,0.005539413763,0,temporal_sigmoid
xgboost,S2,2023,2023-05-24,2023-05-18,2023-05-24,2023-05-25,2023-05-27,2023-05-27,1,0,,0.008291696198,0.000596115179,0.005539413763,0,temporal_sigmoid
xgboost,S2,2023,2023-05-25,2023-05-19,2023-05-25,2023-05-26,2023-05-28,2023-05-28,1,0,,0.008413955569,0.000603703925,0.005539413763,0,temporal_sigmoid
xgboost,S2,2023,2023-05-26,2023-05-20,2023-05-26,2023-05-27,2023-05-29,2023-05-29,1,0,,0.01109342463,0.0007668686939,0.005539413763,0,temporal_sigmoid
xgboost,S2,2023,2023-05-27,2023-05-21,2023-05-27,2023-05-28,2023-05-30,2023-05-30,1,0,,0.008291696198,0.000596115179,0.005539413763,0,temporal_sigmoid
xgboost,S2,2023,2023-05-28,2023-05-22,2023-05-28,2023-05-29,2023-05-31,2023-05-31,1,0,,0.008858894929,0.0006312047261,0.005539413763,0,temporal_sigmoid
xgboost,S2,2023,2023-05-29,2023-05-23,2023-05-29,2023-05-30,2023-06-01,2023-06-01,1,1,fixed36_0045,0.09112523496,0.004995585854,0.005539413763,0,temporal_sigmoid
xgboost,S2,2023,2023-05-30,2023-05-24,2023-05-30,2023-05-31,2023-06-02,2023-06-02,1,1,fixed36_0045,0.1477157176,0.007963999781,0.005539413763,1,temporal_sigmoid
xgboost,S2,2023,2023-05-31,2023-05-25,2023-05-31,2023-06-01,2023-06-03,2023-06-03,1,1,fixed36_0045,0.5791457295,0.04529936595,0.005539413763,1,temporal_sigmoid
xgboost,S2,2023,2023-06-01,2023-05-26,2023-06-01,2023-06-02,2023-06-04,2023-06-04,1,1,fixed36_0045,0.7521784306,0.08550494626,0.005539413763,1,temporal_sigmoid
xgboost,S2,2023,2023-06-02,2023-05-27,2023-06-02,2023-06-03,2023-06-05,2023-06-05,1,1,fixed36_0045,0.8245364428,0.1197343831,0.005539413763,1,temporal_sigmoid
xgboost,S2,2023,2023-06-03,2023-05-28,2023-06-03,2023-06-04,2023-06-06,2023-06-06,1,1,fixed36_0045,0.7861677408,0.09926690439,0.005539413763,1,temporal_sigmoid
xgboost,S2,2023,2023-06-04,2023-05-29,2023-06-04,2023-06-05,2023-06-07,2023-06-07,1,0,,0.7861677408,0.09926690439,0.005539413763,1,temporal_sigmoid
xgboost,S2,2023,2023-06-05,2023-05-30,2023-06-05,2023-06-06,2023-06-08,2023-06-08,1,0,,0.9039142132,0.1978588308,0.005539413763,1,temporal_sigmoid
xgboost,S2,2023,2023-06-06,2023-05-31,2023-06-06,2023-06-07,2023-06-09,2023-06-09,1,0,,0.8190559745,0.1163928624,0.005539413763,1,temporal_sigmoid
xgboost,S2,2023,2023-06-07,2023-06-01,2023-06-07,2023-06-08,2023-06-10,2023-06-10,1,0,,0.5591855049,0.04237421798,0.005539413763,1,temporal_sigmoid
xgboost,S2,2023,2023-06-08,2023-06-02,2023-06-08,2023-06-09,2023-06-11,2023-06-11,1,0,,0.01731195115,0.001128905115,0.005539413763,0,temporal_sigmoid
xgboost,S2,2023,2023-06-09,2023-06-03,2023-06-09,2023-06-10,2023-06-12,2023-06-12,1,0,,0.0113656735,0.0007831517335,0.005539413763,0,temporal_sigmoid
xgboost,S2,2023,2023-06-10,2023-06-04,2023-06-10,2023-06-11,2023-06-13,2023-06-13,1,0,,0.008413955569,0.000603703925,0.005539413763,0,temporal_sigmoid
xgboost,S2,2023,2023-06-11,2023-06-05,2023-06-11,2023-06-12,2023-06-14,2023-06-14,1,0,,0.008413955569,0.000603703925,0.005539413763,0,temporal_sigmoid
xgboost,S2,2023,2023-06-12,2023-06-06,2023-06-12,2023-06-13,2023-06-15,2023-06-15,1,0,,0.008291696198,0.000596115179,0.005539413763,0,temporal_sigmoid
xgboost,S2,2023,2023-06-13,2023-06-07,2023-06-13,2023-06-14,2023-06-16,2023-06-16,1,0,,0.008291696198,0.000596115179,0.005539413763,0,temporal_sigmoid
xgboost,S2,2023,2023-06-14,2023-06-08,2023-06-14,2023-06-15,2023-06-17,2023-06-17,1,0,,0.04146506637,0.00243585079,0.005539413763,0,temporal_sigmoid
xgboost,S2,2023,2023-06-15,2023-06-09,2023-06-15,2023-06-16,2023-06-18,2023-06-18,1,0,,0.009444369003,0.0006671269327,0.005539413763,0,temporal_sigmoid
xgboost,S2,2023,2023-06-16,2023-06-10,2023-06-16,2023-06-17,2023-06-19,2023-06-19,1,0,,0.0458830148,0.002666711694,0.005539413763,0,temporal_sigmoid
xgboost,S2,2023,2023-06-17,2023-06-11,2023-06-17,2023-06-18,2023-06-20,2023-06-20,1,0,,0.01750524342,0.001139885095,0.005539413763,0,temporal_sigmoid
xgboost,S2,2023,2023-06-18,2023-06-12,2023-06-18,2023-06-19,2023-06-21,2023-06-21,1,0,,0.009562243707,0.000674324724,0.005539413763,0,temporal_sigmoid
xgboost,S2,2023,2023-06-19,2023-06-13,2023-06-19,2023-06-20,2023-06-22,2023-06-22,1,0,,0.009562243707,0.000674324724,0.005539413763,0,temporal_sigmoid
xgboost,S2,2023,2023-06-20,2023-06-14,2023-06-20,2023-06-21,2023-06-23,2023-06-23,1,0,,0.009562243707,0.000674324724,0.005539413763,0,temporal_sigmoid
xgboost,S2,2023,2023-06-21,2023-06-15,2023-06-21,2023-06-22,2023-06-24,2023-06-24,1,0,,0.009423452429,0.000665848525,0.005539413763,0,temporal_sigmoid
xgboost,S2,2023,2023-06-22,2023-06-16,2023-06-22,2023-06-23,2023-06-25,2023-06-25,1,0,,0.008291696198,0.000596115179,0.005539413763,0,temporal_sigmoid
xgboost,S2,2023,2023-06-23,2023-06-17,2023-06-23,2023-06-24,2023-06-26,2023-06-26,1,0,,0.008291696198,0.000596115179,0.005539413763,0,temporal_sigmoid
xgboost,S2,2023,2023-06-24,2023-06-18,2023-06-24,2023-06-25,2023-06-27,2023-06-27,1,0,,0.008291696198,0.000596115179,0.005539413763,0,temporal_sigmoid
xgboost,S2,2023,2023-06-25,2023-06-19,2023-06-25,2023-06-26,2023-06-28,2023-06-28,1,0,,0.01054407936,0.0007338611939,0.005539413763,0,temporal_sigmoid
xgboost,S2,2023,2023-06-26,2023-06-20,2023-06-26,2023-06-27,2023-06-29,2023-06-29,1,0,,0.008291696198,0.000596115179,0.005539413763,0,temporal_sigmoid
xgboost,S2,2023,2023-06-27,2023-06-21,2023-06-27,2023-06-28,2023-06-30,2023-06-30,1,0,,0.008291696198,0.000596115179,0.005539413763,0,temporal_sigmoid
xgboost,S2,2024,2024-02-29,2024-02-23,2024-02-29,2024-03-01,2024-03-03,2024-03-03,1,0,,0.01251664571,0.00406725548,0.02563865386,0,temporal_sigmoid
xgboost,S2,2024,2024-03-01,2024-02-24,2024-03-01,2024-03-02,2024-03-04,2024-03-04,1,0,,0.01249257009,0.00406153777,0.02563865386,0,temporal_sigmoid
xgboost,S2,2024,2024-03-02,2024-02-25,2024-03-02,2024-03-03,2024-03-05,2024-03-05,1,0,,0.02199704014,0.006149419537,0.02563865386,0,temporal_sigmoid
xgboost,S2,2024,2024-03-03,2024-02-26,2024-03-03,2024-03-04,2024-03-06,2024-03-06,1,0,,0.03201414272,0.008114962827,0.02563865386,0,temporal_sigmoid
xgboost,S2,2024,2024-03-04,2024-02-27,2024-03-04,2024-03-05,2024-03-07,2024-03-07,1,0,,0.06540539861,0.01388612164,0.02563865386,0,temporal_sigmoid
xgboost,S2,2024,2024-03-05,2024-02-28,2024-03-05,2024-03-06,2024-03-08,2024-03-08,1,0,,0.1485541463,0.02656956612,0.02563865386,1,temporal_sigmoid
xgboost,S2,2024,2024-03-06,2024-02-29,2024-03-06,2024-03-07,2024-03-09,2024-03-09,1,0,,0.1011247635,0.01947491816,0.02563865386,0,temporal_sigmoid
xgboost,S2,2024,2024-03-07,2024-03-01,2024-03-07,2024-03-08,2024-03-10,2024-03-10,1,0,,0.02685320191,0.007124207634,0.02563865386,0,temporal_sigmoid
xgboost,S2,2024,2024-03-08,2024-03-02,2024-03-08,2024-03-09,2024-03-11,2024-03-11,1,0,,0.02099531703,0.005942072813,0.02563865386,0,temporal_sigmoid
xgboost,S2,2024,2024-03-09,2024-03-03,2024-03-09,2024-03-10,2024-03-12,2024-03-12,1,0,,0.01805219054,0.005317972229,0.02563865386,0,temporal_sigmoid
xgboost,S2,2024,2024-03-10,2024-03-04,2024-03-10,2024-03-11,2024-03-13,2024-03-13,1,0,,0.01176226325,0.003886702112,0.02563865386,0,temporal_sigmoid
xgboost,S2,2024,2024-03-11,2024-03-05,2024-03-11,2024-03-12,2024-03-14,2024-03-14,1,0,,0.02774272487,0.007297965146,0.02563865386,0,temporal_sigmoid
xgboost,S2,2024,2024-03-12,2024-03-06,2024-03-12,2024-03-13,2024-03-15,2024-03-15,1,0,,0.01431409083,0.004486535147,0.02563865386,0,temporal_sigmoid
xgboost,S2,2024,2024-03-13,2024-03-07,2024-03-13,2024-03-14,2024-03-16,2024-03-16,1,0,,0.0163471736,0.00494478688,0.02563865386,0,temporal_sigmoid
xgboost,S2,2024,2024-03-14,2024-03-08,2024-03-14,2024-03-15,2024-03-17,2024-03-17,1,0,,0.01238893531,0.004036892818,0.02563865386,0,temporal_sigmoid
xgboost,S2,2024,2024-03-15,2024-03-09,2024-03-15,2024-03-16,2024-03-18,2024-03-18,1,0,,0.04358517379,0.01021473421,0.02563865386,0,temporal_sigmoid
xgboost,S2,2024,2024-03-16,2024-03-10,2024-03-16,2024-03-17,2024-03-19,2024-03-19,1,0,,0.04358517379,0.01021473421,0.02563865386,0,temporal_sigmoid
xgboost,S2,2024,2024-03-17,2024-03-11,2024-03-17,2024-03-18,2024-03-20,2024-03-20,1,0,,0.08222237974,0.01656187742,0.02563865386,0,temporal_sigmoid
xgboost,S2,2024,2024-03-18,2024-03-12,2024-03-18,2024-03-19,2024-03-21,2024-03-21,1,0,,0.1496239007,0.02672802777,0.02563865386,1,temporal_sigmoid
xgboost,S2,2024,2024-03-19,2024-03-13,2024-03-19,2024-03-20,2024-03-22,2024-03-22,1,0,,0.02335648052,0.006427143061,0.02563865386,0,temporal_sigmoid
xgboost,S2,2024,2024-03-20,2024-03-14,2024-03-20,2024-03-21,2024-03-23,2024-03-23,1,0,,0.00702524092,0.002669613493,0.02563865386,0,temporal_sigmoid
xgboost,S2,2024,2024-03-21,2024-03-15,2024-03-21,2024-03-22,2024-03-24,2024-03-24,1,0,,0.00702524092,0.002669613493,0.02563865386,0,temporal_sigmoid
xgboost,S2,2024,2024-03-22,2024-03-16,2024-03-22,2024-03-23,2024-03-25,2024-03-25,1,0,,0.02585888468,0.006928344748,0.02563865386,0,temporal_sigmoid
xgboost,S2,2024,2024-03-23,2024-03-17,2024-03-23,2024-03-24,2024-03-26,2024-03-26,1,0,,0.006034943741,0.002390285836,0.02563865386,0,temporal_sigmoid
xgboost,S2,2024,2024-03-24,2024-03-18,2024-03-24,2024-03-25,2024-03-27,2024-03-27,1,0,,0.005542821251,0.002246946579,0.02563865386,0,temporal_sigmoid
xgboost,S2,2024,2024-03-25,2024-03-19,2024-03-25,2024-03-26,2024-03-28,2024-03-28,1,0,,0.001812972827,0.000998486983,0.02563865386,0,temporal_sigmoid
xgboost,S2,2024,2024-03-26,2024-03-20,2024-03-26,2024-03-27,2024-03-29,2024-03-29,1,0,,0.006891573314,0.002632558359,0.02563865386,0,temporal_sigmoid
xgboost,S2,2024,2024-03-27,2024-03-21,2024-03-27,2024-03-28,2024-03-30,2024-03-30,1,0,,0.009230007418,0.003256654773,0.02563865386,0,temporal_sigmoid
xgboost,S2,2024,2024-03-28,2024-03-22,2024-03-28,2024-03-29,2024-03-31,2024-03-31,1,0,,0.005183333531,0.002140068342,0.02563865386,0,temporal_sigmoid
xgboost,S2,2024,2024-03-29,2024-03-23,2024-03-29,2024-03-30,2024-04-01,2024-04-01,1,0,,0.02740974724,0.007233079435,0.02563865386,0,temporal_sigmoid
xgboost,S2,2024,2024-03-30,2024-03-24,2024-03-30,2024-03-31,2024-04-02,2024-04-02,1,0,,0.01179533824,0.003894680235,0.02563865386,0,temporal_sigmoid
xgboost,S2,2024,2024-03-31,2024-03-25,2024-03-31,2024-04-01,2024-04-03,2024-04-03,1,0,,0.0293333903,0.007605437584,0.02563865386,0,temporal_sigmoid
xgboost,S2,2024,2024-04-01,2024-03-26,2024-04-01,2024-04-02,2024-04-04,2024-04-04,1,0,,0.226123929,0.03814461185,0.02563865386,1,temporal_sigmoid
xgboost,S2,2024,2024-04-02,2024-03-27,2024-04-02,2024-04-03,2024-04-05,2024-04-05,1,0,,0.3225311637,0.0534631487,0.02563865386,1,temporal_sigmoid
xgboost,S2,2024,2024-04-03,2024-03-28,2024-04-03,2024-04-04,2024-04-06,2024-04-06,1,0,,0.2295284122,0.0386623599,0.02563865386,1,temporal_sigmoid
xgboost,S2,2024,2024-04-04,2024-03-29,2024-04-04,2024-04-05,2024-04-07,2024-04-07,1,0,,0.05069774389,0.01144451222,0.02563865386,0,temporal_sigmoid
xgboost,S2,2024,2024-04-05,2024-03-30,2024-04-05,2024-04-06,2024-04-08,2024-04-08,1,0,,0.03621396422,0.008894007083,0.02563865386,0,temporal_sigmoid
xgboost,S2,2024,2024-04-06,2024-03-31,2024-04-06,2024-04-07,2024-04-09,2024-04-09,1,0,,0.7082855701,0.1553187972,0.02563865386,1,temporal_sigmoid
xgboost,S2,2024,2024-04-07,2024-04-01,2024-04-07,2024-04-08,2024-04-10,2024-04-10,1,0,,0.1570966691,0.02783454903,0.02563865386,1,temporal_sigmoid
xgboost,S2,2024,2024-04-08,2024-04-02,2024-04-08,2024-04-09,2024-04-11,2024-04-11,1,0,,0.04017551616,0.009610423717,0.02563865386,0,temporal_sigmoid
xgboost,S2,2024,2024-04-09,2024-04-03,2024-04-09,2024-04-10,2024-04-12,2024-04-12,1,0,,0.0343589671,0.008552596928,0.02563865386,0,temporal_sigmoid
xgboost,S2,2024,2024-04-10,2024-04-04,2024-04-10,2024-04-11,2024-04-13,2024-04-13,1,0,,0.01817164756,0.005343776129,0.02563865386,0,temporal_sigmoid
xgboost,S2,2024,2024-04-11,2024-04-05,2024-04-11,2024-04-12,2024-04-14,2024-04-14,1,0,,0.05818549171,0.01270218305,0.02563865386,0,temporal_sigmoid
xgboost,S2,2024,2024-04-12,2024-04-06,2024-04-12,2024-04-13,2024-04-15,2024-04-15,1,0,,0.6431111097,0.1290367833,0.02563865386,1,temporal_sigmoid
xgboost,S2,2024,2024-04-13,2024-04-07,2024-04-13,2024-04-14,2024-04-16,2024-04-16,1,0,,0.8023236394,0.210612278,0.02563865386,1,temporal_sigmoid
xgboost,S2,2024,2024-04-14,2024-04-08,2024-04-14,2024-04-15,2024-04-17,2024-04-17,1,1,fixed36_0046,0.5732908845,0.1069568642,0.02563865386,1,temporal_sigmoid
xgboost,S2,2024,2024-04-15,2024-04-09,2024-04-15,2024-04-16,2024-04-18,2024-04-18,1,0,,0.9853106737,0.6705947277,0.02563865386,1,temporal_sigmoid
xgboost,S2,2024,2024-04-16,2024-04-10,2024-04-16,2024-04-17,2024-04-19,2024-04-19,1,0,,0.8013605475,0.2098831356,0.02563865386,1,temporal_sigmoid
xgboost,S2,2024,2024-04-17,2024-04-11,2024-04-17,2024-04-18,2024-04-20,2024-04-20,1,0,,0.5602449179,0.103335216,0.02563865386,1,temporal_sigmoid
xgboost,S2,2024,2024-04-18,2024-04-12,2024-04-18,2024-04-19,2024-04-21,2024-04-21,1,1,fixed36_0047,0.6688318253,0.1386076701,0.02563865386,1,temporal_sigmoid
xgboost,S2,2024,2024-04-19,2024-04-13,2024-04-19,2024-04-20,2024-04-22,2024-04-22,1,1,fixed36_0047,0.9721387029,0.559067369,0.02563865386,1,temporal_sigmoid
xgboost,S2,2024,2024-04-20,2024-04-14,2024-04-20,2024-04-21,2024-04-23,2024-04-23,1,1,fixed36_0047,0.9784697294,0.6055953081,0.02563865386,1,temporal_sigmoid
xgboost,S2,2024,2024-04-21,2024-04-15,2024-04-21,2024-04-22,2024-04-24,2024-04-24,1,1,fixed36_0047,0.9080184698,0.3368575302,0.02563865386,1,temporal_sigmoid
xgboost,S2,2024,2024-04-22,2024-04-16,2024-04-22,2024-04-23,2024-04-25,2024-04-25,1,1,fixed36_0047,0.9754178524,0.5818894585,0.02563865386,1,temporal_sigmoid
xgboost,S2,2024,2024-04-23,2024-04-17,2024-04-23,2024-04-24,2024-04-26,2024-04-26,1,1,fixed36_0047,0.9814291,0.6313809862,0.02563865386,1,temporal_sigmoid
xgboost,S2,2024,2024-04-24,2024-04-18,2024-04-24,2024-04-25,2024-04-27,2024-04-27,1,1,fixed36_0047,0.9432694316,0.4256511,0.02563865386,1,temporal_sigmoid
xgboost,S2,2024,2024-04-25,2024-04-19,2024-04-25,2024-04-26,2024-04-28,2024-04-28,1,1,fixed36_0047,0.973492384,0.5681898117,0.02563865386,1,temporal_sigmoid
xgboost,S2,2024,2024-04-26,2024-04-20,2024-04-26,2024-04-27,2024-04-29,2024-04-29,1,1,fixed36_0047,0.9291143417,0.3841545259,0.02563865386,1,temporal_sigmoid
xgboost,S2,2024,2024-04-27,2024-04-21,2024-04-27,2024-04-28,2024-04-30,2024-04-30,1,1,fixed36_0047,0.9139108658,0.3487177664,0.02563865386,1,temporal_sigmoid
xgboost,S2,2024,2024-04-28,2024-04-22,2024-04-28,2024-04-29,2024-05-01,2024-05-01,1,1,fixed36_0047,0.9707773924,0.5502800605,0.02563865386,1,temporal_sigmoid
xgboost,S2,2024,2024-04-29,2024-04-23,2024-04-29,2024-04-30,2024-05-02,2024-05-02,1,1,fixed36_0047,0.9606976509,0.494887445,0.02563865386,1,temporal_sigmoid
xgboost,S2,2024,2024-04-30,2024-04-24,2024-04-30,2024-05-01,2024-05-03,2024-05-03,1,1,fixed36_0047,0.9541003704,0.4655890603,0.02563865386,1,temporal_sigmoid
xgboost,S2,2024,2024-05-01,2024-04-25,2024-05-01,2024-05-02,2024-05-04,2024-05-04,1,0,,0.9596950412,0.4901370178,0.02563865386,1,temporal_sigmoid
xgboost,S2,2024,2024-05-02,2024-04-26,2024-05-02,2024-05-03,2024-05-05,2024-05-05,1,0,,0.79780972,0.2072333658,0.02563865386,1,temporal_sigmoid
xgboost,S2,2024,2024-05-03,2024-04-27,2024-05-03,2024-05-04,2024-05-06,2024-05-06,1,0,,0.8146407008,0.2203561227,0.02563865386,1,temporal_sigmoid
xgboost,S2,2024,2024-05-04,2024-04-28,2024-05-04,2024-05-05,2024-05-07,2024-05-07,1,0,,0.6668460965,0.1378351801,0.02563865386,1,temporal_sigmoid
xgboost,S2,2024,2024-05-05,2024-04-29,2024-05-05,2024-05-06,2024-05-08,2024-05-08,1,0,,0.1954201162,0.03352411661,0.02563865386,1,temporal_sigmoid
xgboost,S2,2024,2024-05-06,2024-04-30,2024-05-06,2024-05-07,2024-05-09,2024-05-09,1,0,,0.01692603342,0.005072541894,0.02563865386,0,temporal_sigmoid
xgboost,S2,2024,2024-05-07,2024-05-01,2024-05-07,2024-05-08,2024-05-10,2024-05-10,1,0,,0.01550308708,0.004756410019,0.02563865386,0,temporal_sigmoid
xgboost,S2,2024,2024-05-08,2024-05-02,2024-05-08,2024-05-09,2024-05-11,2024-05-11,1,0,,0.008232495748,0.002996288053,0.02563865386,0,temporal_sigmoid
xgboost,S2,2024,2024-05-09,2024-05-03,2024-05-09,2024-05-10,2024-05-12,2024-05-12,1,0,,0.0113348579,0.003783072063,0.02563865386,0,temporal_sigmoid
xgboost,S2,2024,2024-05-10,2024-05-04,2024-05-10,2024-05-11,2024-05-13,2024-05-13,1,0,,0.01491888147,0.004624497896,0.02563865386,0,temporal_sigmoid
xgboost,S2,2024,2024-05-11,2024-05-05,2024-05-11,2024-05-12,2024-05-14,2024-05-14,1,0,,0.01586731896,0.00483800909,0.02563865386,0,temporal_sigmoid
xgboost,S2,2024,2024-05-12,2024-05-06,2024-05-12,2024-05-13,2024-05-15,2024-05-15,1,0,,0.04329015687,0.01016285833,0.02563865386,0,temporal_sigmoid
xgboost,S2,2024,2024-05-13,2024-05-07,2024-05-13,2024-05-14,2024-05-16,2024-05-16,1,0,,0.1763915569,0.03069305964,0.02563865386,1,temporal_sigmoid
xgboost,S2,2024,2024-05-14,2024-05-08,2024-05-14,2024-05-15,2024-05-17,2024-05-17,1,1,fixed36_0048,0.6127276421,0.1188090558,0.02563865386,1,temporal_sigmoid
xgboost,S2,2024,2024-05-15,2024-05-09,2024-05-15,2024-05-16,2024-05-18,2024-05-18,1,0,,0.8985316753,0.319503984,0.02563865386,1,temporal_sigmoid
xgboost,S2,2024,2024-05-16,2024-05-10,2024-05-16,2024-05-17,2024-05-19,2024-05-19,1,0,,0.9717810154,0.5567221663,0.02563865386,1,temporal_sigmoid
xgboost,S2,2024,2024-05-17,2024-05-11,2024-05-17,2024-05-18,2024-05-20,2024-05-20,1,0,,0.96401757,0.5114943899,0.02563865386,1,temporal_sigmoid
xgboost,S2,2024,2024-05-18,2024-05-12,2024-05-18,2024-05-19,2024-05-21,2024-05-21,1,0,,0.05985574797,0.01297836422,0.02563865386,0,temporal_sigmoid
xgboost,S2,2024,2024-05-19,2024-05-13,2024-05-19,2024-05-20,2024-05-22,2024-05-22,1,0,,0.03101535328,0.007926330198,0.02563865386,0,temporal_sigmoid
xgboost,S2,2024,2024-05-20,2024-05-14,2024-05-20,2024-05-21,2024-05-23,2024-05-23,1,0,,0.007231117226,0.002726320181,0.02563865386,0,temporal_sigmoid
xgboost,S2,2024,2024-05-21,2024-05-15,2024-05-21,2024-05-22,2024-05-24,2024-05-24,1,0,,0.4447226822,0.07606983562,0.02563865386,1,temporal_sigmoid
xgboost,S2,2024,2024-05-22,2024-05-16,2024-05-22,2024-05-23,2024-05-25,2024-05-25,1,1,fixed36_0049,0.007529108319,0.002807642538,0.02563865386,0,temporal_sigmoid
xgboost,S2,2024,2024-05-23,2024-05-17,2024-05-23,2024-05-24,2024-05-26,2024-05-26,1,0,,0.807182312,0.2143610743,0.02563865386,1,temporal_sigmoid
xgboost,S2,2024,2024-05-24,2024-05-18,2024-05-24,2024-05-25,2024-05-27,2024-05-27,1,0,,0.9527164102,0.4599771308,0.02563865386,1,temporal_sigmoid
xgboost,S2,2024,2024-05-25,2024-05-19,2024-05-25,2024-05-26,2024-05-28,2024-05-28,1,0,,0.5736430883,0.1070565457,0.02563865386,1,temporal_sigmoid
xgboost,S2,2024,2024-05-26,2024-05-20,2024-05-26,2024-05-27,2024-05-29,2024-05-29,1,0,,0.2362294793,0.0396852112,0.02563865386,1,temporal_sigmoid
xgboost,S2,2024,2024-05-27,2024-05-21,2024-05-27,2024-05-28,2024-05-30,2024-05-30,1,0,,0.01305987127,0.00419552061,0.02563865386,0,temporal_sigmoid
xgboost,S2,2024,2024-05-28,2024-05-22,2024-05-28,2024-05-29,2024-05-31,2024-05-31,1,0,,0.003873342881,0.001731922741,0.02563865386,0,temporal_sigmoid
xgboost,S2,2024,2024-05-29,2024-05-23,2024-05-29,2024-05-30,2024-06-01,2024-06-01,1,0,,0.01777907461,0.005258814276,0.02563865386,0,temporal_sigmoid
xgboost,S2,2024,2024-05-30,2024-05-24,2024-05-30,2024-05-31,2024-06-02,2024-06-02,1,0,,0.02242870256,0.006238048953,0.02563865386,0,temporal_sigmoid
xgboost,S2,2024,2024-05-31,2024-05-25,2024-05-31,2024-06-01,2024-06-03,2024-06-03,1,0,,0.06157298386,0.0132608254,0.02563865386,0,temporal_sigmoid
xgboost,S2,2024,2024-06-01,2024-05-26,2024-06-01,2024-06-02,2024-06-04,2024-06-04,1,0,,0.06388363242,0.01363863928,0.02563865386,0,temporal_sigmoid
xgboost,S2,2024,2024-06-02,2024-05-27,2024-06-02,2024-06-03,2024-06-05,2024-06-05,1,0,,0.0870995149,0.01732131886,0.02563865386,0,temporal_sigmoid
xgboost,S2,2024,2024-06-03,2024-05-28,2024-06-03,2024-06-04,2024-06-06,2024-06-06,1,0,,0.06173130125,0.01328679296,0.02563865386,0,temporal_sigmoid
xgboost,S2,2024,2024-06-04,2024-05-29,2024-06-04,2024-06-05,2024-06-07,2024-06-07,1,0,,0.004928715993,0.002063157967,0.02563865386,0,temporal_sigmoid
xgboost,S2,2024,2024-06-05,2024-05-30,2024-06-05,2024-06-06,2024-06-08,2024-06-08,1,0,,0.01565098576,0.004789602193,0.02563865386,0,temporal_sigmoid
xgboost,S2,2024,2024-06-06,2024-05-31,2024-06-06,2024-06-07,2024-06-09,2024-06-09,1,0,,0.002967479406,0.00142742959,0.02563865386,0,temporal_sigmoid
xgboost,S2,2024,2024-06-07,2024-06-01,2024-06-07,2024-06-08,2024-06-10,2024-06-10,1,0,,0.01224424504,0.004002394806,0.02563865386,0,temporal_sigmoid
xgboost,S2,2024,2024-06-08,2024-06-02,2024-06-08,2024-06-09,2024-06-11,2024-06-11,1,0,,0.08405647427,0.01684821008,0.02563865386,0,temporal_sigmoid
xgboost,S2,2024,2024-06-09,2024-06-03,2024-06-09,2024-06-10,2024-06-12,2024-06-12,1,0,,0.07051009685,0.01470912146,0.02563865386,0,temporal_sigmoid
xgboost,S2,2024,2024-06-10,2024-06-04,2024-06-10,2024-06-11,2024-06-13,2024-06-13,1,0,,0.04499588907,0.01046177784,0.02563865386,0,temporal_sigmoid
xgboost,S2,2024,2024-06-11,2024-06-05,2024-06-11,2024-06-12,2024-06-14,2024-06-14,1,0,,0.3800256848,0.06352287045,0.02563865386,1,temporal_sigmoid
xgboost,S2,2024,2024-06-12,2024-06-06,2024-06-12,2024-06-13,2024-06-15,2024-06-15,1,0,,0.01961590163,0.005652482695,0.02563865386,0,temporal_sigmoid
xgboost,S2,2024,2024-06-13,2024-06-07,2024-06-13,2024-06-14,2024-06-16,2024-06-16,1,0,,0.01295821927,0.004171625594,0.02563865386,0,temporal_sigmoid
xgboost,S2,2024,2024-06-14,2024-06-08,2024-06-14,2024-06-15,2024-06-17,2024-06-17,1,0,,0.007359023206,0.002761333409,0.02563865386,0,temporal_sigmoid
xgboost,S2,2024,2024-06-15,2024-06-09,2024-06-15,2024-06-16,2024-06-18,2024-06-18,1,0,,0.01288121566,0.004153492271,0.02563865386,0,temporal_sigmoid
xgboost,S2,2024,2024-06-16,2024-06-10,2024-06-16,2024-06-17,2024-06-19,2024-06-19,1,0,,0.04799259081,0.01098126859,0.02563865386,0,temporal_sigmoid
xgboost,S2,2024,2024-06-17,2024-06-11,2024-06-17,2024-06-18,2024-06-20,2024-06-20,1,0,,0.03688403964,0.009016359823,0.02563865386,0,temporal_sigmoid
xgboost,S2,2024,2024-06-18,2024-06-12,2024-06-18,2024-06-19,2024-06-21,2024-06-21,1,0,,0.009628598578,0.003358582261,0.02563865386,0,temporal_sigmoid
xgboost,S2,2024,2024-06-19,2024-06-13,2024-06-19,2024-06-20,2024-06-22,2024-06-22,1,0,,0.004010344855,0.001776188357,0.02563865386,0,temporal_sigmoid
xgboost,S2,2024,2024-06-20,2024-06-14,2024-06-20,2024-06-21,2024-06-23,2024-06-23,1,0,,0.003110102145,0.001476889446,0.02563865386,0,temporal_sigmoid
xgboost,S2,2024,2024-06-21,2024-06-15,2024-06-21,2024-06-22,2024-06-24,2024-06-24,1,0,,0.002477440517,0.00125224359,0.02563865386,0,temporal_sigmoid
xgboost,S2,2024,2024-06-22,2024-06-16,2024-06-22,2024-06-23,2024-06-25,2024-06-25,1,0,,0.004374342505,0.001891859357,0.02563865386,0,temporal_sigmoid
xgboost,S2,2024,2024-06-23,2024-06-17,2024-06-23,2024-06-24,2024-06-26,2024-06-26,1,0,,0.003803039435,0.001709043021,0.02563865386,0,temporal_sigmoid
xgboost,S2,2024,2024-06-24,2024-06-18,2024-06-24,2024-06-25,2024-06-27,2024-06-27,1,0,,0.02704428695,0.00716164787,0.02563865386,0,temporal_sigmoid
xgboost,S2,2024,2024-06-25,2024-06-19,2024-06-25,2024-06-26,2024-06-28,2024-06-28,1,0,,0.02151973173,0.006050918505,0.02563865386,0,temporal_sigmoid
xgboost,S2,2024,2024-06-26,2024-06-20,2024-06-26,2024-06-27,2024-06-29,2024-06-29,1,0,,0.01146831084,0.003815537302,0.02563865386,0,temporal_sigmoid
xgboost,S2,2024,2024-06-27,2024-06-21,2024-06-27,2024-06-28,2024-06-30,2024-06-30,1,0,,0.007291890215,0.002742976727,0.02563865386,0,temporal_sigmoid
