model,feature_set,outer_fold,issue_date,feature_start,feature_end,target_start,target_end,label_available_date,lead,outcome,associated_event_id,raw_score,probability,threshold,predicted_class,calibration
xgboost,S2,2014,2014-02-28,2014-02-22,2014-02-28,2014-03-01,2014-03-03,2014-03-03,1,0,,0.003193966113,0.002078776124,0.02354311311,0,temporal_sigmoid
xgboost,S2,2014,2014-03-01,2014-02-23,2014-03-01,2014-03-02,2014-03-04,2014-03-04,1,0,,0.005188984331,0.002876638884,0.02354311311,0,temporal_sigmoid
xgboost,S2,2014,2014-03-02,2014-02-24,2014-03-02,2014-03-03,2014-03-05,2014-03-05,1,0,,0.006262749899,0.003263008649,0.02354311311,0,temporal_sigmoid
xgboost,S2,2014,2014-03-03,2014-02-25,2014-03-03,2014-03-04,2014-03-06,2014-03-06,1,0,,0.005685184617,0.00305813715,0.02354311311,0,temporal_sigmoid
xgboost,S2,2014,2014-03-04,2014-02-26,2014-03-04,2014-03-05,2014-03-07,2014-03-07,1,0,,0.006488546263,0.003341410876,0.02354311311,0,temporal_sigmoid
xgboost,S2,2014,2014-03-05,2014-02-27,2014-03-05,2014-03-06,2014-03-08,2014-03-08,1,0,,0.002626421396,0.00182377645,0.02354311311,0,temporal_sigmoid
xgboost,S2,2014,2014-03-06,2014-02-28,2014-03-06,2014-03-07,2014-03-09,2014-03-09,1,0,,0.002666693181,0.00184243297,0.02354311311,0,temporal_sigmoid
xgboost,S2,2014,2014-03-07,2014-03-01,2014-03-07,2014-03-08,2014-03-10,2014-03-10,1,0,,0.002093172865,0.001566974629,0.02354311311,0,temporal_sigmoid
xgboost,S2,2014,2014-03-08,2014-03-02,2014-03-08,2014-03-09,2014-03-11,2014-03-11,1,0,,0.001648775768,0.001335885741,0.02354311311,0,temporal_sigmoid
xgboost,S2,2014,2014-03-09,2014-03-03,2014-03-09,2014-03-10,2014-03-12,2014-03-12,1,0,,0.001471300959,0.001237960029,0.02354311311,0,temporal_sigmoid
xgboost,S2,2014,2014-03-10,2014-03-04,2014-03-10,2014-03-11,2014-03-13,2014-03-13,1,0,,0.001147027826,0.001048176234,0.02354311311,0,temporal_sigmoid
xgboost,S2,2014,2014-03-11,2014-03-05,2014-03-11,2014-03-12,2014-03-14,2014-03-14,1,0,,0.003630851163,0.002264973213,0.02354311311,0,temporal_sigmoid
xgboost,S2,2014,2014-03-12,2014-03-06,2014-03-12,2014-03-13,2014-03-15,2014-03-15,1,0,,0.003940841183,0.002392631971,0.02354311311,0,temporal_sigmoid
xgboost,S2,2014,2014-03-13,2014-03-07,2014-03-13,2014-03-14,2014-03-16,2014-03-16,1,0,,0.003294243943,0.00212221857,0.02354311311,0,temporal_sigmoid
xgboost,S2,2014,2014-03-14,2014-03-08,2014-03-14,2014-03-15,2014-03-17,2014-03-17,1,0,,0.003940841183,0.002392631971,0.02354311311,0,temporal_sigmoid
xgboost,S2,2014,2014-03-15,2014-03-09,2014-03-15,2014-03-16,2014-03-18,2014-03-18,1,0,,0.003940841183,0.002392631971,0.02354311311,0,temporal_sigmoid
xgboost,S2,2014,2014-03-16,2014-03-10,2014-03-16,2014-03-17,2014-03-19,2014-03-19,1,0,,0.003940841183,0.002392631971,0.02354311311,0,temporal_sigmoid
xgboost,S2,2014,2014-03-17,2014-03-11,2014-03-17,2014-03-18,2014-03-20,2014-03-20,1,0,,0.00808831118,0.003873717421,0.02354311311,0,temporal_sigmoid
xgboost,S2,2014,2014-03-18,2014-03-12,2014-03-18,2014-03-19,2014-03-21,2014-03-21,1,0,,0.00791767519,0.003818682277,0.02354311311,0,temporal_sigmoid
xgboost,S2,2014,2014-03-19,2014-03-13,2014-03-19,2014-03-20,2014-03-22,2014-03-22,1,0,,0.004484661855,0.002608906825,0.02354311311,0,temporal_sigmoid
xgboost,S2,2014,2014-03-20,2014-03-14,2014-03-20,2014-03-21,2014-03-23,2014-03-23,1,0,,0.005010136869,0.002809844935,0.02354311311,0,temporal_sigmoid
xgboost,S2,2014,2014-03-21,2014-03-15,2014-03-21,2014-03-22,2014-03-24,2014-03-24,1,0,,0.00656204205,0.00336673805,0.02354311311,0,temporal_sigmoid
xgboost,S2,2014,2014-03-22,2014-03-16,2014-03-22,2014-03-23,2014-03-25,2014-03-25,1,0,,0.003807001514,0.002337934995,0.02354311311,0,temporal_sigmoid
xgboost,S2,2014,2014-03-23,2014-03-17,2014-03-23,2014-03-24,2014-03-26,2014-03-26,1,0,,0.002276570303,0.001657495916,0.02354311311,0,temporal_sigmoid
xgboost,S2,2014,2014-03-24,2014-03-18,2014-03-24,2014-03-25,2014-03-27,2014-03-27,1,0,,0.001002029749,0.0009576511854,0.02354311311,0,temporal_sigmoid
xgboost,S2,2014,2014-03-25,2014-03-19,2014-03-25,2014-03-26,2014-03-28,2014-03-28,1,0,,0.002857074607,0.001929405764,0.02354311311,0,temporal_sigmoid
xgboost,S2,2014,2014-03-26,2014-03-20,2014-03-26,2014-03-27,2014-03-29,2014-03-29,1,0,,0.007991505787,0.003842541436,0.02354311311,0,temporal_sigmoid
xgboost,S2,2014,2014-03-27,2014-03-21,2014-03-27,2014-03-28,2014-03-30,2014-03-30,1,0,,0.07185851783,0.01719961194,0.02354311311,0,temporal_sigmoid
xgboost,S2,2014,2014-03-28,2014-03-22,2014-03-28,2014-03-29,2014-03-31,2014-03-31,1,0,,0.3543351293,0.06084174354,0.02354311311,1,temporal_sigmoid
xgboost,S2,2014,2014-03-29,2014-03-23,2014-03-29,2014-03-30,2014-04-01,2014-04-01,1,0,,0.3178633749,0.05488737745,0.02354311311,1,temporal_sigmoid
xgboost,S2,2014,2014-03-30,2014-03-24,2014-03-30,2014-03-31,2014-04-02,2014-04-02,1,0,,0.5550695062,0.1008423952,0.02354311311,1,temporal_sigmoid
xgboost,S2,2014,2014-03-31,2014-03-25,2014-03-31,2014-04-01,2014-04-03,2014-04-03,1,0,,0.5919650793,0.110362726,0.02354311311,1,temporal_sigmoid
xgboost,S2,2014,2014-04-01,2014-03-26,2014-04-01,2014-04-02,2014-04-04,2014-04-04,1,0,,0.5060577989,0.08951962453,0.02354311311,1,temporal_sigmoid
xgboost,S2,2014,2014-04-02,2014-03-27,2014-04-02,2014-04-03,2014-04-05,2014-04-05,1,0,,0.4909876287,0.08628973603,0.02354311311,1,temporal_sigmoid
xgboost,S2,2014,2014-04-03,2014-03-28,2014-04-03,2014-04-04,2014-04-06,2014-04-06,1,0,,0.08998206258,0.02019270185,0.02354311311,0,temporal_sigmoid
xgboost,S2,2014,2014-04-04,2014-03-29,2014-04-04,2014-04-05,2014-04-07,2014-04-07,1,0,,0.002681090264,0.001849080055,0.02354311311,0,temporal_sigmoid
xgboost,S2,2014,2014-04-05,2014-03-30,2014-04-05,2014-04-06,2014-04-08,2014-04-08,1,0,,0.002982929582,0.001985852486,0.02354311311,0,temporal_sigmoid
xgboost,S2,2014,2014-04-06,2014-03-31,2014-04-06,2014-04-07,2014-04-09,2014-04-09,1,0,,0.00245545269,0.001743495238,0.02354311311,0,temporal_sigmoid
xgboost,S2,2014,2014-04-07,2014-04-01,2014-04-07,2014-04-08,2014-04-10,2014-04-10,1,0,,0.03904193267,0.01124593307,0.02354311311,0,temporal_sigmoid
xgboost,S2,2014,2014-04-08,2014-04-02,2014-04-08,2014-04-09,2014-04-11,2014-04-11,1,0,,0.02201528288,0.007607081885,0.02354311311,0,temporal_sigmoid
xgboost,S2,2014,2014-04-09,2014-04-03,2014-04-09,2014-04-10,2014-04-12,2014-04-12,1,0,,0.005319799762,0.002925018485,0.02354311311,0,temporal_sigmoid
xgboost,S2,2014,2014-04-10,2014-04-04,2014-04-10,2014-04-11,2014-04-13,2014-04-13,1,0,,0.01056004129,0.004633550119,0.02354311311,0,temporal_sigmoid
xgboost,S2,2014,2014-04-11,2014-04-05,2014-04-11,2014-04-12,2014-04-14,2014-04-14,1,0,,0.4228213131,0.07285207267,0.02354311311,1,temporal_sigmoid
xgboost,S2,2014,2014-04-12,2014-04-06,2014-04-12,2014-04-13,2014-04-15,2014-04-15,1,0,,0.04010438919,0.01145558128,0.02354311311,0,temporal_sigmoid
xgboost,S2,2014,2014-04-13,2014-04-07,2014-04-13,2014-04-14,2014-04-16,2014-04-16,1,0,,0.0506031625,0.01345297783,0.02354311311,0,temporal_sigmoid
xgboost,S2,2014,2014-04-14,2014-04-08,2014-04-14,2014-04-15,2014-04-17,2014-04-17,1,0,,0.1427126676,0.02836255704,0.02354311311,1,temporal_sigmoid
xgboost,S2,2014,2014-04-15,2014-04-09,2014-04-15,2014-04-16,2014-04-18,2014-04-18,1,0,,0.2865218818,0.04995368203,0.02354311311,1,temporal_sigmoid
xgboost,S2,2014,2014-04-16,2014-04-10,2014-04-16,2014-04-17,2014-04-19,2014-04-19,1,0,,0.5383844972,0.09683484652,0.02354311311,1,temporal_sigmoid
xgboost,S2,2014,2014-04-17,2014-04-11,2014-04-17,2014-04-18,2014-04-20,2014-04-20,1,0,,0.3917586505,0.06725083775,0.02354311311,1,temporal_sigmoid
xgboost,S2,2014,2014-04-18,2014-04-12,2014-04-18,2014-04-19,2014-04-21,2014-04-21,1,0,,0.4811645746,0.08424013553,0.02354311311,1,temporal_sigmoid
xgboost,S2,2014,2014-04-19,2014-04-13,2014-04-19,2014-04-20,2014-04-22,2014-04-22,1,1,fixed36_0035,0.5016704202,0.08856823816,0.02354311311,1,temporal_sigmoid
xgboost,S2,2014,2014-04-20,2014-04-14,2014-04-20,2014-04-21,2014-04-23,2014-04-23,1,1,fixed36_0035,0.9110696316,0.3141573924,0.02354311311,1,temporal_sigmoid
xgboost,S2,2014,2014-04-21,2014-04-15,2014-04-21,2014-04-22,2014-04-24,2014-04-24,1,1,fixed36_0035,0.9113254547,0.31461281,0.02354311311,1,temporal_sigmoid
xgboost,S2,2014,2014-04-22,2014-04-16,2014-04-22,2014-04-23,2014-04-25,2014-04-25,1,1,fixed36_0035,0.8856167793,0.2752994386,0.02354311311,1,temporal_sigmoid
xgboost,S2,2014,2014-04-23,2014-04-17,2014-04-23,2014-04-24,2014-04-26,2014-04-26,1,1,fixed36_0035,0.8852693439,0.2748429837,0.02354311311,1,temporal_sigmoid
xgboost,S2,2014,2014-04-24,2014-04-18,2014-04-24,2014-04-25,2014-04-27,2014-04-27,1,0,,0.8086955547,0.2022435456,0.02354311311,1,temporal_sigmoid
xgboost,S2,2014,2014-04-25,2014-04-19,2014-04-25,2014-04-26,2014-04-28,2014-04-28,1,0,,0.7514702082,0.1685040765,0.02354311311,1,temporal_sigmoid
xgboost,S2,2014,2014-04-26,2014-04-20,2014-04-26,2014-04-27,2014-04-29,2014-04-29,1,0,,0.4875324368,0.08556395291,0.02354311311,1,temporal_sigmoid
xgboost,S2,2014,2014-04-27,2014-04-21,2014-04-27,2014-04-28,2014-04-30,2014-04-30,1,0,,0.5213003755,0.09289950489,0.02354311311,1,temporal_sigmoid
xgboost,S2,2014,2014-04-28,2014-04-22,2014-04-28,2014-04-29,2014-05-01,2014-05-01,1,0,,0.3664318323,0.06287698028,0.02354311311,1,temporal_sigmoid
xgboost,S2,2014,2014-04-29,2014-04-23,2014-04-29,2014-04-30,2014-05-02,2014-05-02,1,0,,0.02399957925,0.008065918119,0.02354311311,0,temporal_sigmoid
xgboost,S2,2014,2014-04-30,2014-04-24,2014-04-30,2014-05-01,2014-05-03,2014-05-03,1,0,,0.04112977907,0.01165645587,0.02354311311,0,temporal_sigmoid
xgboost,S2,2014,2014-05-01,2014-04-25,2014-05-01,2014-05-02,2014-05-04,2014-05-04,1,0,,0.002470731502,0.001750743084,0.02354311311,0,temporal_sigmoid
xgboost,S2,2014,2014-05-02,2014-04-26,2014-05-02,2014-05-03,2014-05-05,2014-05-05,1,0,,0.00125651143,0.001114029689,0.02354311311,0,temporal_sigmoid
xgboost,S2,2014,2014-05-03,2014-04-27,2014-05-03,2014-05-04,2014-05-06,2014-05-06,1,0,,0.001033934648,0.0009779235172,0.02354311311,0,temporal_sigmoid
xgboost,S2,2014,2014-05-04,2014-04-28,2014-05-04,2014-05-05,2014-05-07,2014-05-07,1,0,,0.001127741067,0.001036363664,0.02354311311,0,temporal_sigmoid
xgboost,S2,2014,2014-05-05,2014-04-29,2014-05-05,2014-05-06,2014-05-08,2014-05-08,1,0,,0.0009413069929,0.0009184660591,0.02354311311,0,temporal_sigmoid
xgboost,S2,2014,2014-05-06,2014-04-30,2014-05-06,2014-05-07,2014-05-09,2014-05-09,1,0,,0.01796410605,0.006628630356,0.02354311311,0,temporal_sigmoid
xgboost,S2,2014,2014-05-07,2014-05-01,2014-05-07,2014-05-08,2014-05-10,2014-05-10,1,0,,0.001341422438,0.001163800814,0.02354311311,0,temporal_sigmoid
xgboost,S2,2014,2014-05-08,2014-05-02,2014-05-08,2014-05-09,2014-05-11,2014-05-11,1,0,,0.001037800219,0.0009803655207,0.02354311311,0,temporal_sigmoid
xgboost,S2,2014,2014-05-09,2014-05-03,2014-05-09,2014-05-10,2014-05-12,2014-05-12,1,0,,0.205844596,0.03776027897,0.02354311311,1,temporal_sigmoid
xgboost,S2,2014,2014-05-10,2014-05-04,2014-05-10,2014-05-11,2014-05-13,2014-05-13,1,0,,0.1734692156,0.03295608034,0.02354311311,1,temporal_sigmoid
xgboost,S2,2014,2014-05-11,2014-05-05,2014-05-11,2014-05-12,2014-05-14,2014-05-14,1,0,,0.007789221127,0.003776998584,0.02354311311,0,temporal_sigmoid
xgboost,S2,2014,2014-05-12,2014-05-06,2014-05-12,2014-05-13,2014-05-15,2014-05-15,1,1,fixed36_0036,0.03259341419,0.009936517774,0.02354311311,0,temporal_sigmoid
xgboost,S2,2014,2014-05-13,2014-05-07,2014-05-13,2014-05-14,2014-05-16,2014-05-16,1,1,fixed36_0036,0.3271356821,0.05637735866,0.02354311311,1,temporal_sigmoid
xgboost,S2,2014,2014-05-14,2014-05-08,2014-05-14,2014-05-15,2014-05-17,2014-05-17,1,0,,0.6429774761,0.1253683766,0.02354311311,1,temporal_sigmoid
xgboost,S2,2014,2014-05-15,2014-05-09,2014-05-15,2014-05-16,2014-05-18,2014-05-18,1,0,,0.08805302531,0.01988055321,0.02354311311,0,temporal_sigmoid
xgboost,S2,2014,2014-05-16,2014-05-10,2014-05-16,2014-05-17,2014-05-19,2014-05-19,1,0,,0.5193553567,0.0924615636,0.02354311311,1,temporal_sigmoid
xgboost,S2,2014,2014-05-17,2014-05-11,2014-05-17,2014-05-18,2014-05-20,2014-05-20,1,0,,0.3011364341,0.05223583309,0.02354311311,1,temporal_sigmoid
xgboost,S2,2014,2014-05-18,2014-05-12,2014-05-18,2014-05-19,2014-05-21,2014-05-21,1,0,,0.2989547849,0.05189321237,0.02354311311,1,temporal_sigmoid
xgboost,S2,2014,2014-05-19,2014-05-13,2014-05-19,2014-05-20,2014-05-22,2014-05-22,1,1,fixed36_0037,0.4027510285,0.06920116842,0.02354311311,1,temporal_sigmoid
xgboost,S2,2014,2014-05-20,2014-05-14,2014-05-20,2014-05-21,2014-05-23,2014-05-23,1,1,fixed36_0037,0.7298544049,0.1582235213,0.02354311311,1,temporal_sigmoid
xgboost,S2,2014,2014-05-21,2014-05-15,2014-05-21,2014-05-22,2014-05-24,2014-05-24,1,0,,0.6521081924,0.1283296088,0.02354311311,1,temporal_sigmoid
xgboost,S2,2014,2014-05-22,2014-05-16,2014-05-22,2014-05-23,2014-05-25,2014-05-25,1,0,,0.5178738832,0.09212932813,0.02354311311,1,temporal_sigmoid
xgboost,S2,2014,2014-05-23,2014-05-17,2014-05-23,2014-05-24,2014-05-26,2014-05-26,1,0,,0.7312040329,0.1588347141,0.02354311311,1,temporal_sigmoid
xgboost,S2,2014,2014-05-24,2014-05-18,2014-05-24,2014-05-25,2014-05-27,2014-05-27,1,0,,0.01297213323,0.005321461627,0.02354311311,0,temporal_sigmoid
xgboost,S2,2014,2014-05-25,2014-05-19,2014-05-25,2014-05-26,2014-05-28,2014-05-28,1,0,,0.003069294151,0.002024134031,0.02354311311,0,temporal_sigmoid
xgboost,S2,2014,2014-05-26,2014-05-20,2014-05-26,2014-05-27,2014-05-29,2014-05-29,1,0,,0.002652935917,0.001836070223,0.02354311311,0,temporal_sigmoid
xgboost,S2,2014,2014-05-27,2014-05-21,2014-05-27,2014-05-28,2014-05-30,2014-05-30,1,0,,0.0007753681275,0.0008068221352,0.02354311311,0,temporal_sigmoid
xgboost,S2,2014,2014-05-28,2014-05-22,2014-05-28,2014-05-29,2014-05-31,2014-05-31,1,0,,0.0003205982794,0.0004471790932,0.02354311311,0,temporal_sigmoid
xgboost,S2,2014,2014-05-29,2014-05-23,2014-05-29,2014-05-30,2014-06-01,2014-06-01,1,0,,0.00269812718,0.00185693076,0.02354311311,0,temporal_sigmoid
xgboost,S2,2014,2014-05-30,2014-05-24,2014-05-30,2014-05-31,2014-06-02,2014-06-02,1,0,,0.0009185479139,0.0009035650151,0.02354311311,0,temporal_sigmoid
xgboost,S2,2014,2014-05-31,2014-05-25,2014-05-31,2014-06-01,2014-06-03,2014-06-03,1,0,,0.0004202027339,0.0005357898239,0.02354311311,0,temporal_sigmoid
xgboost,S2,2014,2014-06-01,2014-05-26,2014-06-01,2014-06-02,2014-06-04,2014-06-04,1,0,,0.0003268963774,0.0004530301521,0.02354311311,0,temporal_sigmoid
xgboost,S2,2014,2014-06-02,2014-05-27,2014-06-02,2014-06-03,2014-06-05,2014-06-05,1,0,,0.000260263856,0.0003890248551,0.02354311311,0,temporal_sigmoid
xgboost,S2,2014,2014-06-03,2014-05-28,2014-06-03,2014-06-04,2014-06-06,2014-06-06,1,0,,0.0005344457459,0.000629196717,0.02354311311,0,temporal_sigmoid
xgboost,S2,2014,2014-06-04,2014-05-29,2014-06-04,2014-06-05,2014-06-07,2014-06-07,1,0,,0.001969040139,0.001504214274,0.02354311311,0,temporal_sigmoid
xgboost,S2,2014,2014-06-05,2014-05-30,2014-06-05,2014-06-06,2014-06-08,2014-06-08,1,0,,0.01024149917,0.004539123383,0.02354311311,0,temporal_sigmoid
xgboost,S2,2014,2014-06-06,2014-05-31,2014-06-06,2014-06-07,2014-06-09,2014-06-09,1,0,,0.0217209477,0.007537971784,0.02354311311,0,temporal_sigmoid
xgboost,S2,2014,2014-06-07,2014-06-01,2014-06-07,2014-06-08,2014-06-10,2014-06-10,1,0,,0.04911966249,0.01317802878,0.02354311311,0,temporal_sigmoid
xgboost,S2,2014,2014-06-08,2014-06-02,2014-06-08,2014-06-09,2014-06-11,2014-06-11,1,0,,0.1060323343,0.02274385764,0.02354311311,0,temporal_sigmoid
xgboost,S2,2014,2014-06-09,2014-06-03,2014-06-09,2014-06-10,2014-06-12,2014-06-12,1,0,,0.003689580597,0.002289425689,0.02354311311,0,temporal_sigmoid
xgboost,S2,2014,2014-06-10,2014-06-04,2014-06-10,2014-06-11,2014-06-13,2014-06-13,1,0,,0.003608223749,0.002255517477,0.02354311311,0,temporal_sigmoid
xgboost,S2,2014,2014-06-11,2014-06-05,2014-06-11,2014-06-12,2014-06-14,2014-06-14,1,0,,0.001335964422,0.001160633558,0.02354311311,0,temporal_sigmoid
xgboost,S2,2014,2014-06-12,2014-06-06,2014-06-12,2014-06-13,2014-06-15,2014-06-15,1,0,,0.01886609383,0.006851910313,0.02354311311,0,temporal_sigmoid
xgboost,S2,2014,2014-06-13,2014-06-07,2014-06-13,2014-06-14,2014-06-16,2014-06-16,1,0,,0.006657023448,0.003399333113,0.02354311311,0,temporal_sigmoid
xgboost,S2,2014,2014-06-14,2014-06-08,2014-06-14,2014-06-15,2014-06-17,2014-06-17,1,0,,0.001246557804,0.001108123465,0.02354311311,0,temporal_sigmoid
xgboost,S2,2014,2014-06-15,2014-06-09,2014-06-15,2014-06-16,2014-06-18,2014-06-18,1,0,,0.0007838184829,0.0008126877673,0.02354311311,0,temporal_sigmoid
xgboost,S2,2014,2014-06-16,2014-06-10,2014-06-16,2014-06-17,2014-06-19,2014-06-19,1,0,,0.005293421913,0.002915294718,0.02354311311,0,temporal_sigmoid
xgboost,S2,2014,2014-06-17,2014-06-11,2014-06-17,2014-06-18,2014-06-20,2014-06-20,1,0,,0.000842459267,0.0008528312773,0.02354311311,0,temporal_sigmoid
xgboost,S2,2014,2014-06-18,2014-06-12,2014-06-18,2014-06-19,2014-06-21,2014-06-21,1,0,,0.001369343721,0.001179937181,0.02354311311,0,temporal_sigmoid
xgboost,S2,2014,2014-06-19,2014-06-13,2014-06-19,2014-06-20,2014-06-22,2014-06-22,1,0,,0.0005629346706,0.0006514152654,0.02354311311,0,temporal_sigmoid
xgboost,S2,2014,2014-06-20,2014-06-14,2014-06-20,2014-06-21,2014-06-23,2014-06-23,1,0,,0.0006478219875,0.0007155152314,0.02354311311,0,temporal_sigmoid
xgboost,S2,2014,2014-06-21,2014-06-15,2014-06-21,2014-06-22,2014-06-24,2014-06-24,1,0,,0.0004401033802,0.0005526151345,0.02354311311,0,temporal_sigmoid
xgboost,S2,2014,2014-06-22,2014-06-16,2014-06-22,2014-06-23,2014-06-25,2014-06-25,1,0,,0.0003505923087,0.0004747177004,0.02354311311,0,temporal_sigmoid
xgboost,S2,2014,2014-06-23,2014-06-17,2014-06-23,2014-06-24,2014-06-26,2014-06-26,1,0,,0.0002896265942,0.0004178288752,0.02354311311,0,temporal_sigmoid
xgboost,S2,2014,2014-06-24,2014-06-18,2014-06-24,2014-06-25,2014-06-27,2014-06-27,1,0,,0.0003635779431,0.0004863958505,0.02354311311,0,temporal_sigmoid
xgboost,S2,2014,2014-06-25,2014-06-19,2014-06-25,2014-06-26,2014-06-28,2014-06-28,1,0,,0.000434495043,0.0005478994954,0.02354311311,0,temporal_sigmoid
xgboost,S2,2014,2014-06-26,2014-06-20,2014-06-26,2014-06-27,2014-06-29,2014-06-29,1,0,,0.00111420732,0.00102803467,0.02354311311,0,temporal_sigmoid
xgboost,S2,2014,2014-06-27,2014-06-21,2014-06-27,2014-06-28,2014-06-30,2014-06-30,1,0,,0.001022425247,0.0009706346841,0.02354311311,0,temporal_sigmoid
xgboost,S2,2015,2015-02-28,2015-02-22,2015-02-28,2015-03-01,2015-03-03,2015-03-03,1,0,,0.002971656853,0.008553534252,0.01744897897,0,temporal_sigmoid
xgboost,S2,2015,2015-03-01,2015-02-23,2015-03-01,2015-03-02,2015-03-04,2015-03-04,1,0,,0.001761255087,0.006448932945,0.01744897897,0,temporal_sigmoid
xgboost,S2,2015,2015-03-02,2015-02-24,2015-03-02,2015-03-03,2015-03-05,2015-03-05,1,0,,0.009304815903,0.01582991727,0.01744897897,0,temporal_sigmoid
xgboost,S2,2015,2015-03-03,2015-02-25,2015-03-03,2015-03-04,2015-03-06,2015-03-06,1,0,,0.008104451932,0.0146939902,0.01744897897,0,temporal_sigmoid
xgboost,S2,2015,2015-03-04,2015-02-26,2015-03-04,2015-03-05,2015-03-07,2015-03-07,1,0,,0.001230776194,0.005313593108,0.01744897897,0,temporal_sigmoid
xgboost,S2,2015,2015-03-05,2015-02-27,2015-03-05,2015-03-06,2015-03-08,2015-03-08,1,0,,0.009288460948,0.01581491005,0.01744897897,0,temporal_sigmoid
xgboost,S2,2015,2015-03-06,2015-02-28,2015-03-06,2015-03-07,2015-03-09,2015-03-09,1,0,,0.009811882861,0.01628933058,0.01744897897,0,temporal_sigmoid
xgboost,S2,2015,2015-03-07,2015-03-01,2015-03-07,2015-03-08,2015-03-10,2015-03-10,1,0,,0.007097903639,0.0136801319,0.01744897897,0,temporal_sigmoid
xgboost,S2,2015,2015-03-08,2015-03-02,2015-03-08,2015-03-09,2015-03-11,2015-03-11,1,0,,0.01380015258,0.01957912603,0.01744897897,1,temporal_sigmoid
xgboost,S2,2015,2015-03-09,2015-03-03,2015-03-09,2015-03-10,2015-03-12,2015-03-12,1,0,,0.004165112972,0.01026257477,0.01744897897,0,temporal_sigmoid
xgboost,S2,2015,2015-03-10,2015-03-04,2015-03-10,2015-03-11,2015-03-13,2015-03-13,1,0,,0.008079169318,0.01466925987,0.01744897897,0,temporal_sigmoid
xgboost,S2,2015,2015-03-11,2015-03-05,2015-03-11,2015-03-12,2015-03-14,2015-03-14,1,0,,0.001467878581,0.005844352062,0.01744897897,0,temporal_sigmoid
xgboost,S2,2015,2015-03-12,2015-03-06,2015-03-12,2015-03-13,2015-03-15,2015-03-15,1,0,,0.001725576702,0.006378032899,0.01744897897,0,temporal_sigmoid
xgboost,S2,2015,2015-03-13,2015-03-07,2015-03-13,2015-03-14,2015-03-16,2015-03-16,1,0,,0.003232888645,0.008951425778,0.01744897897,0,temporal_sigmoid
xgboost,S2,2015,2015-03-14,2015-03-08,2015-03-14,2015-03-15,2015-03-17,2015-03-17,1,0,,0.005828703754,0.01230160661,0.01744897897,0,temporal_sigmoid
xgboost,S2,2015,2015-03-15,2015-03-09,2015-03-15,2015-03-16,2015-03-18,2015-03-18,1,0,,0.01934284158,0.02349449237,0.01744897897,1,temporal_sigmoid
xgboost,S2,2015,2015-03-16,2015-03-10,2015-03-16,2015-03-17,2015-03-19,2015-03-19,1,0,,0.006638778839,0.01319571744,0.01744897897,0,temporal_sigmoid
xgboost,S2,2015,2015-03-17,2015-03-11,2015-03-17,2015-03-18,2015-03-20,2015-03-20,1,0,,0.005290194415,0.01167510974,0.01744897897,0,temporal_sigmoid
xgboost,S2,2015,2015-03-18,2015-03-12,2015-03-18,2015-03-19,2015-03-21,2015-03-21,1,0,,0.004722125828,0.01098137332,0.01744897897,0,temporal_sigmoid
xgboost,S2,2015,2015-03-19,2015-03-13,2015-03-19,2015-03-20,2015-03-22,2015-03-22,1,0,,0.004025912844,0.01007612091,0.01744897897,0,temporal_sigmoid
xgboost,S2,2015,2015-03-20,2015-03-14,2015-03-20,2015-03-21,2015-03-23,2015-03-23,1,0,,0.002351967152,0.007539122968,0.01744897897,0,temporal_sigmoid
xgboost,S2,2015,2015-03-21,2015-03-15,2015-03-21,2015-03-22,2015-03-24,2015-03-24,1,0,,0.003084953176,0.008728006723,0.01744897897,0,temporal_sigmoid
xgboost,S2,2015,2015-03-22,2015-03-16,2015-03-22,2015-03-23,2015-03-25,2015-03-25,1,0,,0.002694795839,0.008113757285,0.01744897897,0,temporal_sigmoid
xgboost,S2,2015,2015-03-23,2015-03-17,2015-03-23,2015-03-24,2015-03-26,2015-03-26,1,0,,0.02553507686,0.02730376654,0.01744897897,1,temporal_sigmoid
xgboost,S2,2015,2015-03-24,2015-03-18,2015-03-24,2015-03-25,2015-03-27,2015-03-27,1,0,,0.07406393439,0.04892072515,0.01744897897,1,temporal_sigmoid
xgboost,S2,2015,2015-03-25,2015-03-19,2015-03-25,2015-03-26,2015-03-28,2015-03-28,1,0,,0.02514257468,0.02707561967,0.01744897897,1,temporal_sigmoid
xgboost,S2,2015,2015-03-26,2015-03-20,2015-03-26,2015-03-27,2015-03-29,2015-03-29,1,0,,0.01756591909,0.02230266142,0.01744897897,1,temporal_sigmoid
xgboost,S2,2015,2015-03-27,2015-03-21,2015-03-27,2015-03-28,2015-03-30,2015-03-30,1,0,,0.002265065443,0.007387422998,0.01744897897,0,temporal_sigmoid
xgboost,S2,2015,2015-03-28,2015-03-22,2015-03-28,2015-03-29,2015-03-31,2015-03-31,1,0,,0.005383171141,0.01178531187,0.01744897897,0,temporal_sigmoid
xgboost,S2,2015,2015-03-29,2015-03-23,2015-03-29,2015-03-30,2015-04-01,2015-04-01,1,0,,0.07153578848,0.04798350156,0.01744897897,1,temporal_sigmoid
xgboost,S2,2015,2015-03-30,2015-03-24,2015-03-30,2015-03-31,2015-04-02,2015-04-02,1,0,,0.07022215426,0.04749136846,0.01744897897,1,temporal_sigmoid
xgboost,S2,2015,2015-03-31,2015-03-25,2015-03-31,2015-04-01,2015-04-03,2015-04-03,1,0,,0.008490440436,0.0150672296,0.01744897897,0,temporal_sigmoid
xgboost,S2,2015,2015-04-01,2015-03-26,2015-04-01,2015-04-02,2015-04-04,2015-04-04,1,0,,0.001846419415,0.006615539244,0.01744897897,0,temporal_sigmoid
xgboost,S2,2015,2015-04-02,2015-03-27,2015-04-02,2015-04-03,2015-04-05,2015-04-05,1,0,,0.001644595875,0.006214551763,0.01744897897,0,temporal_sigmoid
xgboost,S2,2015,2015-04-03,2015-03-28,2015-04-03,2015-04-04,2015-04-06,2015-04-06,1,0,,0.001804581378,0.006534145505,0.01744897897,0,temporal_sigmoid
xgboost,S2,2015,2015-04-04,2015-03-29,2015-04-04,2015-04-05,2015-04-07,2015-04-07,1,0,,0.001332564512,0.005546758254,0.01744897897,0,temporal_sigmoid
xgboost,S2,2015,2015-04-05,2015-03-30,2015-04-05,2015-04-06,2015-04-08,2015-04-08,1,0,,0.001914986642,0.006747114263,0.01744897897,0,temporal_sigmoid
xgboost,S2,2015,2015-04-06,2015-03-31,2015-04-06,2015-04-07,2015-04-09,2015-04-09,1,0,,0.001937638619,0.006790101964,0.01744897897,0,temporal_sigmoid
xgboost,S2,2015,2015-04-07,2015-04-01,2015-04-07,2015-04-08,2015-04-10,2015-04-10,1,0,,0.002983390354,0.00857174446,0.01744897897,0,temporal_sigmoid
xgboost,S2,2015,2015-04-08,2015-04-02,2015-04-08,2015-04-09,2015-04-11,2015-04-11,1,0,,0.003650722327,0.009558155676,0.01744897897,0,temporal_sigmoid
xgboost,S2,2015,2015-04-09,2015-04-03,2015-04-09,2015-04-10,2015-04-12,2015-04-12,1,0,,0.004315855913,0.01046127131,0.01744897897,0,temporal_sigmoid
xgboost,S2,2015,2015-04-10,2015-04-04,2015-04-10,2015-04-11,2015-04-13,2015-04-13,1,0,,0.0009653671877,0.00465973928,0.01744897897,0,temporal_sigmoid
xgboost,S2,2015,2015-04-11,2015-04-05,2015-04-11,2015-04-12,2015-04-14,2015-04-14,1,0,,0.00273810979,0.008183891363,0.01744897897,0,temporal_sigmoid
xgboost,S2,2015,2015-04-12,2015-04-06,2015-04-12,2015-04-13,2015-04-15,2015-04-15,1,0,,0.002315290272,0.007475419189,0.01744897897,0,temporal_sigmoid
xgboost,S2,2015,2015-04-13,2015-04-07,2015-04-13,2015-04-14,2015-04-16,2015-04-16,1,0,,0.006608286407,0.01316300629,0.01744897897,0,temporal_sigmoid
xgboost,S2,2015,2015-04-14,2015-04-08,2015-04-14,2015-04-15,2015-04-17,2015-04-17,1,0,,0.0483219251,0.03864068364,0.01744897897,1,temporal_sigmoid
xgboost,S2,2015,2015-04-15,2015-04-09,2015-04-15,2015-04-16,2015-04-18,2015-04-18,1,0,,0.1330036372,0.06824482235,0.01744897897,1,temporal_sigmoid
xgboost,S2,2015,2015-04-16,2015-04-10,2015-04-16,2015-04-17,2015-04-19,2015-04-19,1,0,,0.05218277499,0.0403058051,0.01744897897,1,temporal_sigmoid
xgboost,S2,2015,2015-04-17,2015-04-11,2015-04-17,2015-04-18,2015-04-20,2015-04-20,1,0,,0.007219531573,0.01380601683,0.01744897897,0,temporal_sigmoid
xgboost,S2,2015,2015-04-18,2015-04-12,2015-04-18,2015-04-19,2015-04-21,2015-04-21,1,0,,0.003472853452,0.009304019747,0.01744897897,0,temporal_sigmoid
xgboost,S2,2015,2015-04-19,2015-04-13,2015-04-19,2015-04-20,2015-04-22,2015-04-22,1,0,,0.0008710440015,0.004407736561,0.01744897897,0,temporal_sigmoid
xgboost,S2,2015,2015-04-20,2015-04-14,2015-04-20,2015-04-21,2015-04-23,2015-04-23,1,0,,0.0009324738639,0.004573203492,0.01744897897,0,temporal_sigmoid
xgboost,S2,2015,2015-04-21,2015-04-15,2015-04-21,2015-04-22,2015-04-24,2015-04-24,1,0,,0.002939027734,0.008502718981,0.01744897897,0,temporal_sigmoid
xgboost,S2,2015,2015-04-22,2015-04-16,2015-04-22,2015-04-23,2015-04-25,2015-04-25,1,0,,0.001740988577,0.006408741579,0.01744897897,0,temporal_sigmoid
xgboost,S2,2015,2015-04-23,2015-04-17,2015-04-23,2015-04-24,2015-04-26,2015-04-26,1,0,,0.001475583878,0.005860908894,0.01744897897,0,temporal_sigmoid
xgboost,S2,2015,2015-04-24,2015-04-18,2015-04-24,2015-04-25,2015-04-27,2015-04-27,1,0,,0.001659130212,0.00624416219,0.01744897897,0,temporal_sigmoid
xgboost,S2,2015,2015-04-25,2015-04-19,2015-04-25,2015-04-26,2015-04-28,2015-04-28,1,0,,0.000721293618,0.003980182432,0.01744897897,0,temporal_sigmoid
xgboost,S2,2015,2015-04-26,2015-04-20,2015-04-26,2015-04-27,2015-04-29,2015-04-29,1,0,,0.0007654261426,0.004110115971,0.01744897897,0,temporal_sigmoid
xgboost,S2,2015,2015-04-27,2015-04-21,2015-04-27,2015-04-28,2015-04-30,2015-04-30,1,0,,0.001065777149,0.004915823103,0.01744897897,0,temporal_sigmoid
xgboost,S2,2015,2015-04-28,2015-04-22,2015-04-28,2015-04-29,2015-05-01,2015-05-01,1,0,,0.0007979684742,0.004203727856,0.01744897897,0,temporal_sigmoid
xgboost,S2,2015,2015-04-29,2015-04-23,2015-04-29,2015-04-30,2015-05-02,2015-05-02,1,0,,0.0035964977,0.009481298945,0.01744897897,0,temporal_sigmoid
xgboost,S2,2015,2015-04-30,2015-04-24,2015-04-30,2015-05-01,2015-05-03,2015-05-03,1,0,,0.00142503134,0.005751542624,0.01744897897,0,temporal_sigmoid
xgboost,S2,2015,2015-05-01,2015-04-25,2015-05-01,2015-05-02,2015-05-04,2015-05-04,1,0,,0.0006466955529,0.003751918922,0.01744897897,0,temporal_sigmoid
xgboost,S2,2015,2015-05-02,2015-04-26,2015-05-02,2015-05-03,2015-05-05,2015-05-05,1,0,,0.001616637688,0.006157251623,0.01744897897,0,temporal_sigmoid
xgboost,S2,2015,2015-05-03,2015-04-27,2015-05-03,2015-05-04,2015-05-06,2015-05-06,1,0,,0.001343923737,0.005572260956,0.01744897897,0,temporal_sigmoid
xgboost,S2,2015,2015-05-04,2015-04-28,2015-05-04,2015-05-05,2015-05-07,2015-05-07,1,0,,0.001656283741,0.006238372604,0.01744897897,0,temporal_sigmoid
xgboost,S2,2015,2015-05-05,2015-04-29,2015-05-05,2015-05-06,2015-05-08,2015-05-08,1,0,,0.007649926934,0.0142438103,0.01744897897,0,temporal_sigmoid
xgboost,S2,2015,2015-05-06,2015-04-30,2015-05-06,2015-05-07,2015-05-09,2015-05-09,1,0,,0.008818132803,0.01537800602,0.01744897897,0,temporal_sigmoid
xgboost,S2,2015,2015-05-07,2015-05-01,2015-05-07,2015-05-08,2015-05-10,2015-05-10,1,0,,0.001771714189,0.006469591313,0.01744897897,0,temporal_sigmoid
xgboost,S2,2015,2015-05-08,2015-05-02,2015-05-08,2015-05-09,2015-05-11,2015-05-11,1,0,,0.00680140499,0.01336901842,0.01744897897,0,temporal_sigmoid
xgboost,S2,2015,2015-05-09,2015-05-03,2015-05-09,2015-05-10,2015-05-12,2015-05-12,1,0,,0.003247077577,0.008972603875,0.01744897897,0,temporal_sigmoid
xgboost,S2,2015,2015-05-10,2015-05-04,2015-05-10,2015-05-11,2015-05-13,2015-05-13,1,0,,0.001453038538,0.005812350989,0.01744897897,0,temporal_sigmoid
xgboost,S2,2015,2015-05-11,2015-05-05,2015-05-11,2015-05-12,2015-05-14,2015-05-14,1,0,,0.0009832376381,0.004706183303,0.01744897897,0,temporal_sigmoid
xgboost,S2,2015,2015-05-12,2015-05-06,2015-05-12,2015-05-13,2015-05-15,2015-05-15,1,0,,0.001030868501,0.004828107029,0.01744897897,0,temporal_sigmoid
xgboost,S2,2015,2015-05-13,2015-05-07,2015-05-13,2015-05-14,2015-05-16,2015-05-16,1,0,,0.002058528131,0.00701569984,0.01744897897,0,temporal_sigmoid
xgboost,S2,2015,2015-05-14,2015-05-08,2015-05-14,2015-05-15,2015-05-17,2015-05-17,1,0,,0.003014331916,0.008619607242,0.01744897897,0,temporal_sigmoid
xgboost,S2,2015,2015-05-15,2015-05-09,2015-05-15,2015-05-16,2015-05-18,2015-05-18,1,0,,0.003058937611,0.008688209087,0.01744897897,0,temporal_sigmoid
xgboost,S2,2015,2015-05-16,2015-05-10,2015-05-16,2015-05-17,2015-05-19,2015-05-19,1,0,,0.001706876676,0.006340601971,0.01744897897,0,temporal_sigmoid
xgboost,S2,2015,2015-05-17,2015-05-11,2015-05-17,2015-05-18,2015-05-20,2015-05-20,1,0,,0.002846944844,0.00835788936,0.01744897897,0,temporal_sigmoid
xgboost,S2,2015,2015-05-18,2015-05-12,2015-05-18,2015-05-19,2015-05-21,2015-05-21,1,0,,0.00662970962,0.01318599558,0.01744897897,0,temporal_sigmoid
xgboost,S2,2015,2015-05-19,2015-05-13,2015-05-19,2015-05-20,2015-05-22,2015-05-22,1,0,,0.04377991706,0.03660783209,0.01744897897,1,temporal_sigmoid
xgboost,S2,2015,2015-05-20,2015-05-14,2015-05-20,2015-05-21,2015-05-23,2015-05-23,1,0,,0.02606392838,0.02760870262,0.01744897897,1,temporal_sigmoid
xgboost,S2,2015,2015-05-21,2015-05-15,2015-05-21,2015-05-22,2015-05-24,2015-05-24,1,0,,0.002328676172,0.007498722691,0.01744897897,0,temporal_sigmoid
xgboost,S2,2015,2015-05-22,2015-05-16,2015-05-22,2015-05-23,2015-05-25,2015-05-25,1,0,,0.008880210109,0.01543627597,0.01744897897,0,temporal_sigmoid
xgboost,S2,2015,2015-05-23,2015-05-17,2015-05-23,2015-05-24,2015-05-26,2015-05-26,1,0,,0.01418368984,0.01987087402,0.01744897897,1,temporal_sigmoid
xgboost,S2,2015,2015-05-24,2015-05-18,2015-05-24,2015-05-25,2015-05-27,2015-05-27,1,0,,0.005652766209,0.01209998071,0.01744897897,0,temporal_sigmoid
xgboost,S2,2015,2015-05-25,2015-05-19,2015-05-25,2015-05-26,2015-05-28,2015-05-28,1,0,,0.01827285625,0.02278309236,0.01744897897,1,temporal_sigmoid
xgboost,S2,2015,2015-05-26,2015-05-20,2015-05-26,2015-05-27,2015-05-29,2015-05-29,1,0,,0.01401825622,0.01974548039,0.01744897897,1,temporal_sigmoid
xgboost,S2,2015,2015-05-27,2015-05-21,2015-05-27,2015-05-28,2015-05-30,2015-05-30,1,0,,0.002841420472,0.008349132214,0.01744897897,0,temporal_sigmoid
xgboost,S2,2015,2015-05-28,2015-05-22,2015-05-28,2015-05-29,2015-05-31,2015-05-31,1,0,,0.0206466876,0.02433771113,0.01744897897,1,temporal_sigmoid
xgboost,S2,2015,2015-05-29,2015-05-23,2015-05-29,2015-05-30,2015-06-01,2015-06-01,1,0,,0.0291839391,0.02935429067,0.01744897897,1,temporal_sigmoid
xgboost,S2,2015,2015-05-30,2015-05-24,2015-05-30,2015-05-31,2015-06-02,2015-06-02,1,0,,0.01006451901,0.01651414472,0.01744897897,0,temporal_sigmoid
xgboost,S2,2015,2015-05-31,2015-05-25,2015-05-31,2015-06-01,2015-06-03,2015-06-03,1,0,,0.009619441815,0.01611629099,0.01744897897,0,temporal_sigmoid
xgboost,S2,2015,2015-06-01,2015-05-26,2015-06-01,2015-06-02,2015-06-04,2015-06-04,1,0,,0.02944120578,0.02949443085,0.01744897897,1,temporal_sigmoid
xgboost,S2,2015,2015-06-02,2015-05-27,2015-06-02,2015-06-03,2015-06-05,2015-06-05,1,0,,0.01315476745,0.01907969221,0.01744897897,1,temporal_sigmoid
xgboost,S2,2015,2015-06-03,2015-05-28,2015-06-03,2015-06-04,2015-06-06,2015-06-06,1,0,,0.1127935499,0.06204025161,0.01744897897,1,temporal_sigmoid
xgboost,S2,2015,2015-06-04,2015-05-29,2015-06-04,2015-06-05,2015-06-07,2015-06-07,1,0,,0.135352388,0.06894585824,0.01744897897,1,temporal_sigmoid
xgboost,S2,2015,2015-06-05,2015-05-30,2015-06-05,2015-06-06,2015-06-08,2015-06-08,1,0,,0.05668551475,0.04218394481,0.01744897897,1,temporal_sigmoid
xgboost,S2,2015,2015-06-06,2015-05-31,2015-06-06,2015-06-07,2015-06-09,2015-06-09,1,0,,0.003923602402,0.009937173341,0.01744897897,0,temporal_sigmoid
xgboost,S2,2015,2015-06-07,2015-06-01,2015-06-07,2015-06-08,2015-06-10,2015-06-10,1,0,,0.06246378273,0.04450615765,0.01744897897,1,temporal_sigmoid
xgboost,S2,2015,2015-06-08,2015-06-02,2015-06-08,2015-06-09,2015-06-11,2015-06-11,1,0,,0.07429718226,0.04900655661,0.01744897897,1,temporal_sigmoid
xgboost,S2,2015,2015-06-09,2015-06-03,2015-06-09,2015-06-10,2015-06-12,2015-06-12,1,0,,0.08293332905,0.052114687,0.01744897897,1,temporal_sigmoid
xgboost,S2,2015,2015-06-10,2015-06-04,2015-06-10,2015-06-11,2015-06-13,2015-06-13,1,0,,0.005517813377,0.01194335252,0.01744897897,0,temporal_sigmoid
xgboost,S2,2015,2015-06-11,2015-06-05,2015-06-11,2015-06-12,2015-06-14,2015-06-14,1,0,,0.002217524685,0.007303295412,0.01744897897,0,temporal_sigmoid
xgboost,S2,2015,2015-06-12,2015-06-06,2015-06-12,2015-06-13,2015-06-15,2015-06-15,1,0,,0.001546774525,0.006012034249,0.01744897897,0,temporal_sigmoid
xgboost,S2,2015,2015-06-13,2015-06-07,2015-06-13,2015-06-14,2015-06-16,2015-06-16,1,0,,0.00150087208,0.005914968823,0.01744897897,0,temporal_sigmoid
xgboost,S2,2015,2015-06-14,2015-06-08,2015-06-14,2015-06-15,2015-06-17,2015-06-17,1,0,,0.001546930638,0.006012362081,0.01744897897,0,temporal_sigmoid
xgboost,S2,2015,2015-06-15,2015-06-09,2015-06-15,2015-06-16,2015-06-18,2015-06-18,1,0,,0.002654686337,0.008048346001,0.01744897897,0,temporal_sigmoid
xgboost,S2,2015,2015-06-16,2015-06-10,2015-06-16,2015-06-17,2015-06-19,2015-06-19,1,0,,0.000972854381,0.004679245781,0.01744897897,0,temporal_sigmoid
xgboost,S2,2015,2015-06-17,2015-06-11,2015-06-17,2015-06-18,2015-06-20,2015-06-20,1,0,,0.001700463356,0.006327721197,0.01744897897,0,temporal_sigmoid
xgboost,S2,2015,2015-06-18,2015-06-12,2015-06-18,2015-06-19,2015-06-21,2015-06-21,1,0,,0.0008937482489,0.004469500341,0.01744897897,0,temporal_sigmoid
xgboost,S2,2015,2015-06-19,2015-06-13,2015-06-19,2015-06-20,2015-06-22,2015-06-22,1,0,,0.00104511797,0.004864075001,0.01744897897,0,temporal_sigmoid
xgboost,S2,2015,2015-06-20,2015-06-14,2015-06-20,2015-06-21,2015-06-23,2015-06-23,1,0,,0.0008011028403,0.004212650583,0.01744897897,0,temporal_sigmoid
xgboost,S2,2015,2015-06-21,2015-06-15,2015-06-21,2015-06-22,2015-06-24,2015-06-24,1,0,,0.0008340302156,0.004305432462,0.01744897897,0,temporal_sigmoid
xgboost,S2,2015,2015-06-22,2015-06-16,2015-06-22,2015-06-23,2015-06-25,2015-06-25,1,0,,0.001006817212,0.004766873703,0.01744897897,0,temporal_sigmoid
xgboost,S2,2015,2015-06-23,2015-06-17,2015-06-23,2015-06-24,2015-06-26,2015-06-26,1,0,,0.0007785402704,0.004148056685,0.01744897897,0,temporal_sigmoid
xgboost,S2,2015,2015-06-24,2015-06-18,2015-06-24,2015-06-25,2015-06-27,2015-06-27,1,0,,0.0008545999881,0.004362538529,0.01744897897,0,temporal_sigmoid
xgboost,S2,2015,2015-06-25,2015-06-19,2015-06-25,2015-06-26,2015-06-28,2015-06-28,1,0,,0.0006381402491,0.003724982457,0.01744897897,0,temporal_sigmoid
xgboost,S2,2015,2015-06-26,2015-06-20,2015-06-26,2015-06-27,2015-06-29,2015-06-29,1,0,,0.0009367718012,0.004584589517,0.01744897897,0,temporal_sigmoid
xgboost,S2,2015,2015-06-27,2015-06-21,2015-06-27,2015-06-28,2015-06-30,2015-06-30,1,0,,0.0009061110904,0.004502827797,0.01744897897,0,temporal_sigmoid
xgboost,S2,2016,2016-02-29,2016-02-23,2016-02-29,2016-03-01,2016-03-03,2016-03-03,1,0,,0.002764530946,0.01233852587,0.01735781577,0,temporal_sigmoid
xgboost,S2,2016,2016-03-01,2016-02-24,2016-03-01,2016-03-02,2016-03-04,2016-03-04,1,0,,0.001174482168,0.008113577534,0.01735781577,0,temporal_sigmoid
xgboost,S2,2016,2016-03-02,2016-02-25,2016-03-02,2016-03-03,2016-03-05,2016-03-05,1,0,,0.0005559073761,0.005620550268,0.01735781577,0,temporal_sigmoid
xgboost,S2,2016,2016-03-03,2016-02-26,2016-03-03,2016-03-04,2016-03-06,2016-03-06,1,0,,0.006427791901,0.01862971946,0.01735781577,1,temporal_sigmoid
xgboost,S2,2016,2016-03-04,2016-02-27,2016-03-04,2016-03-05,2016-03-07,2016-03-07,1,0,,0.005429049022,0.01715662244,0.01735781577,0,temporal_sigmoid
xgboost,S2,2016,2016-03-05,2016-02-28,2016-03-05,2016-03-06,2016-03-08,2016-03-08,1,0,,0.004745627753,0.01606631518,0.01735781577,0,temporal_sigmoid
xgboost,S2,2016,2016-03-06,2016-02-29,2016-03-06,2016-03-07,2016-03-09,2016-03-09,1,0,,0.0004322515742,0.004966928548,0.01735781577,0,temporal_sigmoid
xgboost,S2,2016,2016-03-07,2016-03-01,2016-03-07,2016-03-08,2016-03-10,2016-03-10,1,0,,0.0007555478369,0.006534597988,0.01735781577,0,temporal_sigmoid
xgboost,S2,2016,2016-03-08,2016-03-02,2016-03-08,2016-03-09,2016-03-11,2016-03-11,1,0,,0.001066549099,0.007738952561,0.01735781577,0,temporal_sigmoid
xgboost,S2,2016,2016-03-09,2016-03-03,2016-03-09,2016-03-10,2016-03-12,2016-03-12,1,0,,0.002279886976,0.01122835857,0.01735781577,0,temporal_sigmoid
xgboost,S2,2016,2016-03-10,2016-03-04,2016-03-10,2016-03-11,2016-03-13,2016-03-13,1,0,,0.001161261695,0.008068666973,0.01735781577,0,temporal_sigmoid
xgboost,S2,2016,2016-03-11,2016-03-05,2016-03-11,2016-03-12,2016-03-14,2016-03-14,1,0,,0.00153055496,0.009238010809,0.01735781577,0,temporal_sigmoid
xgboost,S2,2016,2016-03-12,2016-03-06,2016-03-12,2016-03-13,2016-03-15,2016-03-15,1,0,,0.009404821321,0.02242729471,0.01735781577,1,temporal_sigmoid
xgboost,S2,2016,2016-03-13,2016-03-07,2016-03-13,2016-03-14,2016-03-16,2016-03-16,1,0,,0.00135634758,0.008706887783,0.01735781577,0,temporal_sigmoid
xgboost,S2,2016,2016-03-14,2016-03-08,2016-03-14,2016-03-15,2016-03-17,2016-03-17,1,0,,0.001169973286,0.008098289905,0.01735781577,0,temporal_sigmoid
xgboost,S2,2016,2016-03-15,2016-03-09,2016-03-15,2016-03-16,2016-03-18,2016-03-18,1,0,,0.0004921387299,0.005293966119,0.01735781577,0,temporal_sigmoid
xgboost,S2,2016,2016-03-16,2016-03-10,2016-03-16,2016-03-17,2016-03-19,2016-03-19,1,0,,0.0002343381639,0.003675567264,0.01735781577,0,temporal_sigmoid
xgboost,S2,2016,2016-03-17,2016-03-11,2016-03-17,2016-03-18,2016-03-20,2016-03-20,1,0,,0.0006146277301,0.005904722658,0.01735781577,0,temporal_sigmoid
xgboost,S2,2016,2016-03-18,2016-03-12,2016-03-18,2016-03-19,2016-03-21,2016-03-21,1,0,,0.0009050251683,0.007139954085,0.01735781577,0,temporal_sigmoid
xgboost,S2,2016,2016-03-19,2016-03-13,2016-03-19,2016-03-20,2016-03-22,2016-03-22,1,0,,0.0004346244968,0.004980311688,0.01735781577,0,temporal_sigmoid
xgboost,S2,2016,2016-03-20,2016-03-14,2016-03-20,2016-03-21,2016-03-23,2016-03-23,1,0,,0.0005859064404,0.005767548717,0.01735781577,0,temporal_sigmoid
xgboost,S2,2016,2016-03-21,2016-03-15,2016-03-21,2016-03-22,2016-03-24,2016-03-24,1,0,,0.001614233595,0.00948208029,0.01735781577,0,temporal_sigmoid
xgboost,S2,2016,2016-03-22,2016-03-16,2016-03-22,2016-03-23,2016-03-25,2016-03-25,1,0,,0.09697376937,0.0706285367,0.01735781577,1,temporal_sigmoid
xgboost,S2,2016,2016-03-23,2016-03-17,2016-03-23,2016-03-24,2016-03-26,2016-03-26,1,0,,0.003314809874,0.01348352783,0.01735781577,0,temporal_sigmoid
xgboost,S2,2016,2016-03-24,2016-03-18,2016-03-24,2016-03-25,2016-03-27,2016-03-27,1,0,,0.002864960581,0.01255570402,0.01735781577,0,temporal_sigmoid
xgboost,S2,2016,2016-03-25,2016-03-19,2016-03-25,2016-03-26,2016-03-28,2016-03-28,1,0,,0.001340743038,0.008657646834,0.01735781577,0,temporal_sigmoid
xgboost,S2,2016,2016-03-26,2016-03-20,2016-03-26,2016-03-27,2016-03-29,2016-03-29,1,0,,0.001229676418,0.00829833283,0.01735781577,0,temporal_sigmoid
xgboost,S2,2016,2016-03-27,2016-03-21,2016-03-27,2016-03-28,2016-03-30,2016-03-30,1,0,,0.0009809484472,0.007427793408,0.01735781577,0,temporal_sigmoid
xgboost,S2,2016,2016-03-28,2016-03-22,2016-03-28,2016-03-29,2016-03-31,2016-03-31,1,0,,0.002422258025,0.01156611646,0.01735781577,0,temporal_sigmoid
xgboost,S2,2016,2016-03-29,2016-03-23,2016-03-29,2016-03-30,2016-04-01,2016-04-01,1,0,,0.001015904243,0.007556474682,0.01735781577,0,temporal_sigmoid
xgboost,S2,2016,2016-03-30,2016-03-24,2016-03-30,2016-03-31,2016-04-02,2016-04-02,1,0,,0.000783924188,0.006653937683,0.01735781577,0,temporal_sigmoid
xgboost,S2,2016,2016-03-31,2016-03-25,2016-03-31,2016-04-01,2016-04-03,2016-04-03,1,0,,0.0001954846666,0.003361861688,0.01735781577,0,temporal_sigmoid
xgboost,S2,2016,2016-04-01,2016-03-26,2016-04-01,2016-04-02,2016-04-04,2016-04-04,1,0,,0.0002498008544,0.003792961719,0.01735781577,0,temporal_sigmoid
xgboost,S2,2016,2016-04-02,2016-03-27,2016-04-02,2016-04-03,2016-04-05,2016-04-05,1,0,,0.0001842943457,0.0032657208,0.01735781577,0,temporal_sigmoid
xgboost,S2,2016,2016-04-03,2016-03-28,2016-04-03,2016-04-04,2016-04-06,2016-04-06,1,0,,0.0002492113854,0.003788555459,0.01735781577,0,temporal_sigmoid
xgboost,S2,2016,2016-04-04,2016-03-29,2016-04-04,2016-04-05,2016-04-07,2016-04-07,1,0,,0.0002808491408,0.004017986655,0.01735781577,0,temporal_sigmoid
xgboost,S2,2016,2016-04-05,2016-03-30,2016-04-05,2016-04-06,2016-04-08,2016-04-08,1,0,,0.0002786904515,0.004002765153,0.01735781577,0,temporal_sigmoid
xgboost,S2,2016,2016-04-06,2016-03-31,2016-04-06,2016-04-07,2016-04-09,2016-04-09,1,0,,0.002121332334,0.01083918235,0.01735781577,0,temporal_sigmoid
xgboost,S2,2016,2016-04-07,2016-04-01,2016-04-07,2016-04-08,2016-04-10,2016-04-10,1,0,,0.001093671541,0.007834853358,0.01735781577,0,temporal_sigmoid
xgboost,S2,2016,2016-04-08,2016-04-02,2016-04-08,2016-04-09,2016-04-11,2016-04-11,1,0,,0.004104135092,0.01496654641,0.01735781577,0,temporal_sigmoid
xgboost,S2,2016,2016-04-09,2016-04-03,2016-04-09,2016-04-10,2016-04-12,2016-04-12,1,0,,0.003874985734,0.01455241415,0.01735781577,0,temporal_sigmoid
xgboost,S2,2016,2016-04-10,2016-04-04,2016-04-10,2016-04-11,2016-04-13,2016-04-13,1,0,,0.00658907555,0.0188562324,0.01735781577,1,temporal_sigmoid
xgboost,S2,2016,2016-04-11,2016-04-05,2016-04-11,2016-04-12,2016-04-14,2016-04-14,1,0,,0.090109393,0.06804835784,0.01735781577,1,temporal_sigmoid
xgboost,S2,2016,2016-04-12,2016-04-06,2016-04-12,2016-04-13,2016-04-15,2016-04-15,1,0,,0.1663177609,0.0935307237,0.01735781577,1,temporal_sigmoid
xgboost,S2,2016,2016-04-13,2016-04-07,2016-04-13,2016-04-14,2016-04-16,2016-04-16,1,0,,0.4137528837,0.1614570119,0.01735781577,1,temporal_sigmoid
xgboost,S2,2016,2016-04-14,2016-04-08,2016-04-14,2016-04-15,2016-04-17,2016-04-17,1,0,,0.1210608855,0.07913298564,0.01735781577,1,temporal_sigmoid
xgboost,S2,2016,2016-04-15,2016-04-09,2016-04-15,2016-04-16,2016-04-18,2016-04-18,1,0,,0.01656066999,0.02954507878,0.01735781577,1,temporal_sigmoid
xgboost,S2,2016,2016-04-16,2016-04-10,2016-04-16,2016-04-17,2016-04-19,2016-04-19,1,0,,0.3332375288,0.139695403,0.01735781577,1,temporal_sigmoid
xgboost,S2,2016,2016-04-17,2016-04-11,2016-04-17,2016-04-18,2016-04-20,2016-04-20,1,0,,0.001111553865,0.007897417309,0.01735781577,0,temporal_sigmoid
xgboost,S2,2016,2016-04-18,2016-04-12,2016-04-18,2016-04-19,2016-04-21,2016-04-21,1,0,,0.007953871973,0.02066867454,0.01735781577,1,temporal_sigmoid
xgboost,S2,2016,2016-04-19,2016-04-13,2016-04-19,2016-04-20,2016-04-22,2016-04-22,1,0,,0.0180503279,0.0308114979,0.01735781577,1,temporal_sigmoid
xgboost,S2,2016,2016-04-20,2016-04-14,2016-04-20,2016-04-21,2016-04-23,2016-04-23,1,0,,0.1032099128,0.07290626116,0.01735781577,1,temporal_sigmoid
xgboost,S2,2016,2016-04-21,2016-04-15,2016-04-21,2016-04-22,2016-04-24,2016-04-24,1,0,,0.2880689502,0.1276272275,0.01735781577,1,temporal_sigmoid
xgboost,S2,2016,2016-04-22,2016-04-16,2016-04-22,2016-04-23,2016-04-25,2016-04-25,1,0,,0.7119047642,0.2633364094,0.01735781577,1,temporal_sigmoid
xgboost,S2,2016,2016-04-23,2016-04-17,2016-04-23,2016-04-24,2016-04-26,2016-04-26,1,1,fixed36_0038,0.6263585091,0.2278860534,0.01735781577,1,temporal_sigmoid
xgboost,S2,2016,2016-04-24,2016-04-18,2016-04-24,2016-04-25,2016-04-27,2016-04-27,1,1,fixed36_0038,0.9881945848,0.6705360573,0.01735781577,1,temporal_sigmoid
xgboost,S2,2016,2016-04-25,2016-04-19,2016-04-25,2016-04-26,2016-04-28,2016-04-28,1,0,,0.9359587431,0.4622926684,0.01735781577,1,temporal_sigmoid
xgboost,S2,2016,2016-04-26,2016-04-20,2016-04-26,2016-04-27,2016-04-29,2016-04-29,1,0,,0.6996027827,0.2577011089,0.01735781577,1,temporal_sigmoid
xgboost,S2,2016,2016-04-27,2016-04-21,2016-04-27,2016-04-28,2016-04-30,2016-04-30,1,0,,0.5596069098,0.2047146708,0.01735781577,1,temporal_sigmoid
xgboost,S2,2016,2016-04-28,2016-04-22,2016-04-28,2016-04-29,2016-05-01,2016-05-01,1,1,fixed36_0039,0.9271538258,0.4453717048,0.01735781577,1,temporal_sigmoid
xgboost,S2,2016,2016-04-29,2016-04-23,2016-04-29,2016-04-30,2016-05-02,2016-05-02,1,0,,0.9706885815,0.5628561684,0.01735781577,1,temporal_sigmoid
xgboost,S2,2016,2016-04-30,2016-04-24,2016-04-30,2016-05-01,2016-05-03,2016-05-03,1,0,,0.9668662548,0.547430104,0.01735781577,1,temporal_sigmoid
xgboost,S2,2016,2016-05-01,2016-04-25,2016-05-01,2016-05-02,2016-05-04,2016-05-04,1,0,,0.01922607049,0.03177383603,0.01735781577,1,temporal_sigmoid
xgboost,S2,2016,2016-05-02,2016-04-26,2016-05-02,2016-05-03,2016-05-05,2016-05-05,1,0,,0.0007032348076,0.006308419099,0.01735781577,0,temporal_sigmoid
xgboost,S2,2016,2016-05-03,2016-04-27,2016-05-03,2016-05-04,2016-05-06,2016-05-06,1,0,,0.0007914674352,0.006685288152,0.01735781577,0,temporal_sigmoid
xgboost,S2,2016,2016-05-04,2016-04-28,2016-05-04,2016-05-05,2016-05-07,2016-05-07,1,0,,0.000925227534,0.007217715168,0.01735781577,0,temporal_sigmoid
xgboost,S2,2016,2016-05-05,2016-04-29,2016-05-05,2016-05-06,2016-05-08,2016-05-08,1,0,,0.0006100801402,0.00588322494,0.01735781577,0,temporal_sigmoid
xgboost,S2,2016,2016-05-06,2016-04-30,2016-05-06,2016-05-07,2016-05-09,2016-05-09,1,0,,0.0006123117637,0.005893784641,0.01735781577,0,temporal_sigmoid
xgboost,S2,2016,2016-05-07,2016-05-01,2016-05-07,2016-05-08,2016-05-10,2016-05-10,1,0,,0.0008089041221,0.006757176591,0.01735781577,0,temporal_sigmoid
xgboost,S2,2016,2016-05-08,2016-05-02,2016-05-08,2016-05-09,2016-05-11,2016-05-11,1,0,,0.0008555805543,0.006945802044,0.01735781577,0,temporal_sigmoid
xgboost,S2,2016,2016-05-09,2016-05-03,2016-05-09,2016-05-10,2016-05-12,2016-05-12,1,0,,0.000619515602,0.005927738519,0.01735781577,0,temporal_sigmoid
xgboost,S2,2016,2016-05-10,2016-05-04,2016-05-10,2016-05-11,2016-05-13,2016-05-13,1,0,,0.004546752665,0.01573403641,0.01735781577,0,temporal_sigmoid
xgboost,S2,2016,2016-05-11,2016-05-05,2016-05-11,2016-05-12,2016-05-14,2016-05-14,1,0,,0.0533070378,0.05235981272,0.01735781577,1,temporal_sigmoid
xgboost,S2,2016,2016-05-12,2016-05-06,2016-05-12,2016-05-13,2016-05-15,2016-05-15,1,0,,0.00758943148,0.02020150233,0.01735781577,1,temporal_sigmoid
xgboost,S2,2016,2016-05-13,2016-05-07,2016-05-13,2016-05-14,2016-05-16,2016-05-16,1,0,,0.0005796793848,0.005737357713,0.01735781577,0,temporal_sigmoid
xgboost,S2,2016,2016-05-14,2016-05-08,2016-05-14,2016-05-15,2016-05-17,2016-05-17,1,0,,0.0002019612584,0.003416227013,0.01735781577,0,temporal_sigmoid
xgboost,S2,2016,2016-05-15,2016-05-09,2016-05-15,2016-05-16,2016-05-18,2016-05-18,1,0,,0.001478563761,0.00908290327,0.01735781577,0,temporal_sigmoid
xgboost,S2,2016,2016-05-16,2016-05-10,2016-05-16,2016-05-17,2016-05-19,2016-05-19,1,0,,0.01401169412,0.02723472433,0.01735781577,1,temporal_sigmoid
xgboost,S2,2016,2016-05-17,2016-05-11,2016-05-17,2016-05-18,2016-05-20,2016-05-20,1,0,,0.007293388247,0.01981343479,0.01735781577,1,temporal_sigmoid
xgboost,S2,2016,2016-05-18,2016-05-12,2016-05-18,2016-05-19,2016-05-21,2016-05-21,1,0,,0.0004673458752,0.005161187053,0.01735781577,0,temporal_sigmoid
xgboost,S2,2016,2016-05-19,2016-05-13,2016-05-19,2016-05-20,2016-05-22,2016-05-22,1,0,,0.000389342109,0.004718115546,0.01735781577,0,temporal_sigmoid
xgboost,S2,2016,2016-05-20,2016-05-14,2016-05-20,2016-05-21,2016-05-23,2016-05-23,1,0,,0.0007454334409,0.006491507875,0.01735781577,0,temporal_sigmoid
xgboost,S2,2016,2016-05-21,2016-05-15,2016-05-21,2016-05-22,2016-05-24,2016-05-24,1,0,,0.0004514175525,0.005073976186,0.01735781577,0,temporal_sigmoid
xgboost,S2,2016,2016-05-22,2016-05-16,2016-05-22,2016-05-23,2016-05-25,2016-05-25,1,0,,0.0003867963387,0.004702923959,0.01735781577,0,temporal_sigmoid
xgboost,S2,2016,2016-05-23,2016-05-17,2016-05-23,2016-05-24,2016-05-26,2016-05-26,1,0,,0.001327708131,0.008616288761,0.01735781577,0,temporal_sigmoid
xgboost,S2,2016,2016-05-24,2016-05-18,2016-05-24,2016-05-25,2016-05-27,2016-05-27,1,0,,0.0006733672926,0.006175411895,0.01735781577,0,temporal_sigmoid
xgboost,S2,2016,2016-05-25,2016-05-19,2016-05-25,2016-05-26,2016-05-28,2016-05-28,1,0,,0.0002000752575,0.0034004885,0.01735781577,0,temporal_sigmoid
xgboost,S2,2016,2016-05-26,2016-05-20,2016-05-26,2016-05-27,2016-05-29,2016-05-29,1,0,,0.0001754358382,0.003187485009,0.01735781577,0,temporal_sigmoid
xgboost,S2,2016,2016-05-27,2016-05-21,2016-05-27,2016-05-28,2016-05-30,2016-05-30,1,0,,0.0001375049469,0.002827212438,0.01735781577,0,temporal_sigmoid
xgboost,S2,2016,2016-05-28,2016-05-22,2016-05-28,2016-05-29,2016-05-31,2016-05-31,1,0,,0.0002949587943,0.004116041863,0.01735781577,0,temporal_sigmoid
xgboost,S2,2016,2016-05-29,2016-05-23,2016-05-29,2016-05-30,2016-06-01,2016-06-01,1,0,,0.0003404704039,0.00441700266,0.01735781577,0,temporal_sigmoid
xgboost,S2,2016,2016-05-30,2016-05-24,2016-05-30,2016-05-31,2016-06-02,2016-06-02,1,0,,0.002363539999,0.0114280858,0.01735781577,0,temporal_sigmoid
xgboost,S2,2016,2016-05-31,2016-05-25,2016-05-31,2016-06-01,2016-06-03,2016-06-03,1,0,,0.001022075536,0.007578955952,0.01735781577,0,temporal_sigmoid
xgboost,S2,2016,2016-06-01,2016-05-26,2016-06-01,2016-06-02,2016-06-04,2016-06-04,1,0,,0.001022075536,0.007578955952,0.01735781577,0,temporal_sigmoid
xgboost,S2,2016,2016-06-02,2016-05-27,2016-06-02,2016-06-03,2016-06-05,2016-06-05,1,0,,0.003732463112,0.0142884508,0.01735781577,0,temporal_sigmoid
xgboost,S2,2016,2016-06-03,2016-05-28,2016-06-03,2016-06-04,2016-06-06,2016-06-06,1,0,,0.006303731352,0.01845348472,0.01735781577,1,temporal_sigmoid
xgboost,S2,2016,2016-06-04,2016-05-29,2016-06-04,2016-06-05,2016-06-07,2016-06-07,1,0,,0.01505361963,0.0282031435,0.01735781577,1,temporal_sigmoid
xgboost,S2,2016,2016-06-05,2016-05-30,2016-06-05,2016-06-06,2016-06-08,2016-06-08,1,0,,0.008290167898,0.02109008504,0.01735781577,1,temporal_sigmoid
xgboost,S2,2016,2016-06-06,2016-05-31,2016-06-06,2016-06-07,2016-06-09,2016-06-09,1,0,,0.001826017629,0.01007221192,0.01735781577,0,temporal_sigmoid
xgboost,S2,2016,2016-06-07,2016-06-01,2016-06-07,2016-06-08,2016-06-10,2016-06-10,1,0,,0.003018497489,0.01288028996,0.01735781577,0,temporal_sigmoid
xgboost,S2,2016,2016-06-08,2016-06-02,2016-06-08,2016-06-09,2016-06-11,2016-06-11,1,0,,0.0009385912563,0.007268676711,0.01735781577,0,temporal_sigmoid
xgboost,S2,2016,2016-06-09,2016-06-03,2016-06-09,2016-06-10,2016-06-12,2016-06-12,1,0,,0.0009721590322,0.007395069372,0.01735781577,0,temporal_sigmoid
xgboost,S2,2016,2016-06-10,2016-06-04,2016-06-10,2016-06-11,2016-06-13,2016-06-13,1,0,,0.005442090333,0.01717671866,0.01735781577,0,temporal_sigmoid
xgboost,S2,2016,2016-06-11,2016-06-05,2016-06-11,2016-06-12,2016-06-14,2016-06-14,1,0,,0.0008750252891,0.007022822948,0.01735781577,0,temporal_sigmoid
xgboost,S2,2016,2016-06-12,2016-06-06,2016-06-12,2016-06-13,2016-06-15,2016-06-15,1,0,,0.0007739954162,0.006612436507,0.01735781577,0,temporal_sigmoid
xgboost,S2,2016,2016-06-13,2016-06-07,2016-06-13,2016-06-14,2016-06-16,2016-06-16,1,0,,0.0008554510423,0.006945286057,0.01735781577,0,temporal_sigmoid
xgboost,S2,2016,2016-06-14,2016-06-08,2016-06-14,2016-06-15,2016-06-17,2016-06-17,1,0,,0.000296832266,0.004128880118,0.01735781577,0,temporal_sigmoid
xgboost,S2,2016,2016-06-15,2016-06-09,2016-06-15,2016-06-16,2016-06-18,2016-06-18,1,0,,0.0004023233487,0.004794802987,0.01735781577,0,temporal_sigmoid
xgboost,S2,2016,2016-06-16,2016-06-10,2016-06-16,2016-06-17,2016-06-19,2016-06-19,1,0,,0.00210619811,0.01080126479,0.01735781577,0,temporal_sigmoid
xgboost,S2,2016,2016-06-17,2016-06-11,2016-06-17,2016-06-18,2016-06-20,2016-06-20,1,0,,0.0006492147804,0.006065632463,0.01735781577,0,temporal_sigmoid
xgboost,S2,2016,2016-06-18,2016-06-12,2016-06-18,2016-06-19,2016-06-21,2016-06-21,1,0,,0.0006437776028,0.00604063253,0.01735781577,0,temporal_sigmoid
xgboost,S2,2016,2016-06-19,2016-06-13,2016-06-19,2016-06-20,2016-06-22,2016-06-22,1,0,,0.0007559914957,0.00653648132,0.01735781577,0,temporal_sigmoid
xgboost,S2,2016,2016-06-20,2016-06-14,2016-06-20,2016-06-21,2016-06-23,2016-06-23,1,0,,0.001138146967,0.007989511002,0.01735781577,0,temporal_sigmoid
xgboost,S2,2016,2016-06-21,2016-06-15,2016-06-21,2016-06-22,2016-06-24,2016-06-24,1,0,,0.001435655868,0.008952773852,0.01735781577,0,temporal_sigmoid
xgboost,S2,2016,2016-06-22,2016-06-16,2016-06-22,2016-06-23,2016-06-25,2016-06-25,1,0,,0.001036330592,0.007630621054,0.01735781577,0,temporal_sigmoid
xgboost,S2,2016,2016-06-23,2016-06-17,2016-06-23,2016-06-24,2016-06-26,2016-06-26,1,0,,0.001036330592,0.007630621054,0.01735781577,0,temporal_sigmoid
xgboost,S2,2016,2016-06-24,2016-06-18,2016-06-24,2016-06-25,2016-06-27,2016-06-27,1,0,,0.01198616158,0.02524010885,0.01735781577,1,temporal_sigmoid
xgboost,S2,2016,2016-06-25,2016-06-19,2016-06-25,2016-06-26,2016-06-28,2016-06-28,1,0,,0.0009983601049,0.007492178648,0.01735781577,0,temporal_sigmoid
xgboost,S2,2016,2016-06-26,2016-06-20,2016-06-26,2016-06-27,2016-06-29,2016-06-29,1,0,,0.007127516903,0.01959245114,0.01735781577,1,temporal_sigmoid
xgboost,S2,2016,2016-06-27,2016-06-21,2016-06-27,2016-06-28,2016-06-30,2016-06-30,1,0,,0.002260684967,0.01118198346,0.01735781577,0,temporal_sigmoid
xgboost,S2,2017,2017-02-28,2017-02-22,2017-02-28,2017-03-01,2017-03-03,2017-03-03,1,0,,0.012520466,0.004586240425,0.01816110413,0,temporal_sigmoid
xgboost,S2,2017,2017-03-01,2017-02-23,2017-03-01,2017-03-02,2017-03-04,2017-03-04,1,0,,0.01732989587,0.005752753996,0.01816110413,0,temporal_sigmoid
xgboost,S2,2017,2017-03-02,2017-02-24,2017-03-02,2017-03-03,2017-03-05,2017-03-05,1,0,,0.01409401372,0.004980331035,0.01816110413,0,temporal_sigmoid
xgboost,S2,2017,2017-03-03,2017-02-25,2017-03-03,2017-03-04,2017-03-06,2017-03-06,1,0,,0.01251511928,0.00458487737,0.01816110413,0,temporal_sigmoid
xgboost,S2,2017,2017-03-04,2017-02-26,2017-03-04,2017-03-05,2017-03-07,2017-03-07,1,0,,0.01239143871,0.004553299031,0.01816110413,0,temporal_sigmoid
xgboost,S2,2017,2017-03-05,2017-02-27,2017-03-05,2017-03-06,2017-03-08,2017-03-08,1,0,,0.01153833698,0.004332879123,0.01816110413,0,temporal_sigmoid
xgboost,S2,2017,2017-03-06,2017-02-28,2017-03-06,2017-03-07,2017-03-09,2017-03-09,1,0,,0.01467752364,0.005123143488,0.01816110413,0,temporal_sigmoid
xgboost,S2,2017,2017-03-07,2017-03-01,2017-03-07,2017-03-08,2017-03-10,2017-03-10,1,0,,0.01650651172,0.005560497138,0.01816110413,0,temporal_sigmoid
xgboost,S2,2017,2017-03-08,2017-03-02,2017-03-08,2017-03-09,2017-03-11,2017-03-11,1,0,,0.01316222828,0.004748628997,0.01816110413,0,temporal_sigmoid
xgboost,S2,2017,2017-03-09,2017-03-03,2017-03-09,2017-03-10,2017-03-12,2017-03-12,1,0,,0.01199299656,0.00445092891,0.01816110413,0,temporal_sigmoid
xgboost,S2,2017,2017-03-10,2017-03-04,2017-03-10,2017-03-11,2017-03-13,2017-03-13,1,0,,0.00997601822,0.003916179445,0.01816110413,0,temporal_sigmoid
xgboost,S2,2017,2017-03-11,2017-03-05,2017-03-11,2017-03-12,2017-03-14,2017-03-14,1,0,,0.007034734357,0.003073290553,0.01816110413,0,temporal_sigmoid
xgboost,S2,2017,2017-03-12,2017-03-06,2017-03-12,2017-03-13,2017-03-15,2017-03-15,1,0,,0.008032283746,0.00336926987,0.01816110413,0,temporal_sigmoid
xgboost,S2,2017,2017-03-13,2017-03-07,2017-03-13,2017-03-14,2017-03-16,2017-03-16,1,0,,0.009689016268,0.003837581833,0.01816110413,0,temporal_sigmoid
xgboost,S2,2017,2017-03-14,2017-03-08,2017-03-14,2017-03-15,2017-03-17,2017-03-17,1,0,,0.01063604467,0.00409442703,0.01816110413,0,temporal_sigmoid
xgboost,S2,2017,2017-03-15,2017-03-09,2017-03-15,2017-03-16,2017-03-18,2017-03-18,1,0,,0.01063604467,0.00409442703,0.01816110413,0,temporal_sigmoid
xgboost,S2,2017,2017-03-16,2017-03-10,2017-03-16,2017-03-17,2017-03-19,2017-03-19,1,0,,0.01063604467,0.00409442703,0.01816110413,0,temporal_sigmoid
xgboost,S2,2017,2017-03-17,2017-03-11,2017-03-17,2017-03-18,2017-03-20,2017-03-20,1,0,,0.01380521525,0.004909010808,0.01816110413,0,temporal_sigmoid
xgboost,S2,2017,2017-03-18,2017-03-12,2017-03-18,2017-03-19,2017-03-21,2017-03-21,1,0,,0.007878286764,0.003324334022,0.01816110413,0,temporal_sigmoid
xgboost,S2,2017,2017-03-19,2017-03-13,2017-03-19,2017-03-20,2017-03-22,2017-03-22,1,0,,0.01405114308,0.004969771136,0.01816110413,0,temporal_sigmoid
xgboost,S2,2017,2017-03-20,2017-03-14,2017-03-20,2017-03-21,2017-03-23,2017-03-23,1,0,,0.01467752364,0.005123143488,0.01816110413,0,temporal_sigmoid
xgboost,S2,2017,2017-03-21,2017-03-15,2017-03-21,2017-03-22,2017-03-24,2017-03-24,1,0,,0.01650651172,0.005560497138,0.01816110413,0,temporal_sigmoid
xgboost,S2,2017,2017-03-22,2017-03-16,2017-03-22,2017-03-23,2017-03-25,2017-03-25,1,0,,0.01859005727,0.006041992609,0.01816110413,0,temporal_sigmoid
xgboost,S2,2017,2017-03-23,2017-03-17,2017-03-23,2017-03-24,2017-03-26,2017-03-26,1,0,,0.02069710754,0.006513435694,0.01816110413,0,temporal_sigmoid
xgboost,S2,2017,2017-03-24,2017-03-18,2017-03-24,2017-03-25,2017-03-27,2017-03-27,1,0,,0.01913019083,0.006164234449,0.01816110413,0,temporal_sigmoid
xgboost,S2,2017,2017-03-25,2017-03-19,2017-03-25,2017-03-26,2017-03-28,2017-03-28,1,0,,0.01080490369,0.004139494961,0.01816110413,0,temporal_sigmoid
xgboost,S2,2017,2017-03-26,2017-03-20,2017-03-26,2017-03-27,2017-03-29,2017-03-29,1,0,,0.01080490369,0.004139494961,0.01816110413,0,temporal_sigmoid
xgboost,S2,2017,2017-03-27,2017-03-21,2017-03-27,2017-03-28,2017-03-30,2017-03-30,1,0,,0.01546220854,0.005312612538,0.01816110413,0,temporal_sigmoid
xgboost,S2,2017,2017-03-28,2017-03-22,2017-03-28,2017-03-29,2017-03-31,2017-03-31,1,0,,0.01246384811,0.004571797936,0.01816110413,0,temporal_sigmoid
xgboost,S2,2017,2017-03-29,2017-03-23,2017-03-29,2017-03-30,2017-04-01,2017-04-01,1,0,,0.01521184761,0.005252471355,0.01816110413,0,temporal_sigmoid
xgboost,S2,2017,2017-03-30,2017-03-24,2017-03-30,2017-03-31,2017-04-02,2017-04-02,1,0,,0.01592634059,0.005423363323,0.01816110413,0,temporal_sigmoid
xgboost,S2,2017,2017-03-31,2017-03-25,2017-03-31,2017-04-01,2017-04-03,2017-04-03,1,0,,0.01283046976,0.004664980568,0.01816110413,0,temporal_sigmoid
xgboost,S2,2017,2017-04-01,2017-03-26,2017-04-01,2017-04-02,2017-04-04,2017-04-04,1,0,,0.04985569417,0.01213385634,0.01816110413,0,temporal_sigmoid
xgboost,S2,2017,2017-04-02,2017-03-27,2017-04-02,2017-04-03,2017-04-05,2017-04-05,1,0,,0.0102220485,0.003983021397,0.01816110413,0,temporal_sigmoid
xgboost,S2,2017,2017-04-03,2017-03-28,2017-04-03,2017-04-04,2017-04-06,2017-04-06,1,0,,0.007034734357,0.003073290553,0.01816110413,0,temporal_sigmoid
xgboost,S2,2017,2017-04-04,2017-03-29,2017-04-04,2017-04-05,2017-04-07,2017-04-07,1,0,,0.007034734357,0.003073290553,0.01816110413,0,temporal_sigmoid
xgboost,S2,2017,2017-04-05,2017-03-30,2017-04-05,2017-04-06,2017-04-08,2017-04-08,1,0,,0.007034734357,0.003073290553,0.01816110413,0,temporal_sigmoid
xgboost,S2,2017,2017-04-06,2017-03-31,2017-04-06,2017-04-07,2017-04-09,2017-04-09,1,0,,0.007135461085,0.003103726211,0.01816110413,0,temporal_sigmoid
xgboost,S2,2017,2017-04-07,2017-04-01,2017-04-07,2017-04-08,2017-04-10,2017-04-10,1,0,,0.008032283746,0.00336926987,0.01816110413,0,temporal_sigmoid
xgboost,S2,2017,2017-04-08,2017-04-02,2017-04-08,2017-04-09,2017-04-11,2017-04-11,1,0,,0.008962355554,0.003635393223,0.01816110413,0,temporal_sigmoid
xgboost,S2,2017,2017-04-09,2017-04-03,2017-04-09,2017-04-10,2017-04-12,2017-04-12,1,0,,0.007454671431,0.003199335604,0.01816110413,0,temporal_sigmoid
xgboost,S2,2017,2017-04-10,2017-04-04,2017-04-10,2017-04-11,2017-04-13,2017-04-13,1,0,,0.01012970414,0.003957989904,0.01816110413,0,temporal_sigmoid
xgboost,S2,2017,2017-04-11,2017-04-05,2017-04-11,2017-04-12,2017-04-14,2017-04-14,1,0,,0.05111311749,0.0123528691,0.01816110413,0,temporal_sigmoid
xgboost,S2,2017,2017-04-12,2017-04-06,2017-04-12,2017-04-13,2017-04-15,2017-04-15,1,0,,0.01600161381,0.005441236162,0.01816110413,0,temporal_sigmoid
xgboost,S2,2017,2017-04-13,2017-04-07,2017-04-13,2017-04-14,2017-04-16,2017-04-16,1,0,,0.09679718316,0.01971404276,0.01816110413,1,temporal_sigmoid
xgboost,S2,2017,2017-04-14,2017-04-08,2017-04-14,2017-04-15,2017-04-17,2017-04-17,1,0,,0.1579153538,0.0287417561,0.01816110413,1,temporal_sigmoid
xgboost,S2,2017,2017-04-15,2017-04-09,2017-04-15,2017-04-16,2017-04-18,2017-04-18,1,0,,0.01627171971,0.005505170668,0.01816110413,0,temporal_sigmoid
xgboost,S2,2017,2017-04-16,2017-04-10,2017-04-16,2017-04-17,2017-04-19,2017-04-19,1,0,,0.01094254386,0.004176076116,0.01816110413,0,temporal_sigmoid
xgboost,S2,2017,2017-04-17,2017-04-11,2017-04-17,2017-04-18,2017-04-20,2017-04-20,1,0,,0.01898491383,0.006131453719,0.01816110413,0,temporal_sigmoid
xgboost,S2,2017,2017-04-18,2017-04-12,2017-04-18,2017-04-19,2017-04-21,2017-04-21,1,0,,0.02218873426,0.006838959501,0.01816110413,0,temporal_sigmoid
xgboost,S2,2017,2017-04-19,2017-04-13,2017-04-19,2017-04-20,2017-04-22,2017-04-22,1,0,,0.007294831332,0.003151618272,0.01816110413,0,temporal_sigmoid
xgboost,S2,2017,2017-04-20,2017-04-14,2017-04-20,2017-04-21,2017-04-23,2017-04-23,1,0,,0.007294831332,0.003151618272,0.01816110413,0,temporal_sigmoid
xgboost,S2,2017,2017-04-21,2017-04-15,2017-04-21,2017-04-22,2017-04-24,2017-04-24,1,0,,0.007034734357,0.003073290553,0.01816110413,0,temporal_sigmoid
xgboost,S2,2017,2017-04-22,2017-04-16,2017-04-22,2017-04-23,2017-04-25,2017-04-25,1,0,,0.007034734357,0.003073290553,0.01816110413,0,temporal_sigmoid
xgboost,S2,2017,2017-04-23,2017-04-17,2017-04-23,2017-04-24,2017-04-26,2017-04-26,1,0,,0.007034734357,0.003073290553,0.01816110413,0,temporal_sigmoid
xgboost,S2,2017,2017-04-24,2017-04-18,2017-04-24,2017-04-25,2017-04-27,2017-04-27,1,0,,0.007034734357,0.003073290553,0.01816110413,0,temporal_sigmoid
xgboost,S2,2017,2017-04-25,2017-04-19,2017-04-25,2017-04-26,2017-04-28,2017-04-28,1,0,,0.008962355554,0.003635393223,0.01816110413,0,temporal_sigmoid
xgboost,S2,2017,2017-04-26,2017-04-20,2017-04-26,2017-04-27,2017-04-29,2017-04-29,1,0,,0.03125149757,0.008702655246,0.01816110413,0,temporal_sigmoid
xgboost,S2,2017,2017-04-27,2017-04-21,2017-04-27,2017-04-28,2017-04-30,2017-04-30,1,0,,0.009086553007,0.003670288,0.01816110413,0,temporal_sigmoid
xgboost,S2,2017,2017-04-28,2017-04-22,2017-04-28,2017-04-29,2017-05-01,2017-05-01,1,0,,0.009086553007,0.003670288,0.01816110413,0,temporal_sigmoid
xgboost,S2,2017,2017-04-29,2017-04-23,2017-04-29,2017-04-30,2017-05-02,2017-05-02,1,0,,0.01054084674,0.00406892535,0.01816110413,0,temporal_sigmoid
xgboost,S2,2017,2017-04-30,2017-04-24,2017-04-30,2017-05-01,2017-05-03,2017-05-03,1,0,,0.009169475175,0.00369350653,0.01816110413,0,temporal_sigmoid
xgboost,S2,2017,2017-05-01,2017-04-25,2017-05-01,2017-05-02,2017-05-04,2017-05-04,1,0,,0.0101020243,0.003950473598,0.01816110413,0,temporal_sigmoid
xgboost,S2,2017,2017-05-02,2017-04-26,2017-05-02,2017-05-03,2017-05-05,2017-05-05,1,0,,0.01566769928,0.005361763906,0.01816110413,0,temporal_sigmoid
xgboost,S2,2017,2017-05-03,2017-04-27,2017-05-03,2017-05-04,2017-05-06,2017-05-06,1,0,,0.1087156683,0.02151664213,0.01816110413,1,temporal_sigmoid
xgboost,S2,2017,2017-05-04,2017-04-28,2017-05-04,2017-05-05,2017-05-07,2017-05-07,1,0,,0.01236527041,0.00454660581,0.01816110413,0,temporal_sigmoid
xgboost,S2,2017,2017-05-05,2017-04-29,2017-05-05,2017-05-06,2017-05-08,2017-05-08,1,0,,0.01065214351,0.004098732879,0.01816110413,0,temporal_sigmoid
xgboost,S2,2017,2017-05-06,2017-04-30,2017-05-06,2017-05-07,2017-05-09,2017-05-09,1,0,,0.01012289803,0.003956142312,0.01816110413,0,temporal_sigmoid
xgboost,S2,2017,2017-05-07,2017-05-01,2017-05-07,2017-05-08,2017-05-10,2017-05-10,1,0,,0.008827314712,0.003597287138,0.01816110413,0,temporal_sigmoid
xgboost,S2,2017,2017-05-08,2017-05-02,2017-05-08,2017-05-09,2017-05-11,2017-05-11,1,0,,0.0113554541,0.004285008162,0.01816110413,0,temporal_sigmoid
xgboost,S2,2017,2017-05-09,2017-05-03,2017-05-09,2017-05-10,2017-05-12,2017-05-12,1,0,,0.007034734357,0.003073290553,0.01816110413,0,temporal_sigmoid
xgboost,S2,2017,2017-05-10,2017-05-04,2017-05-10,2017-05-11,2017-05-13,2017-05-13,1,0,,0.007034734357,0.003073290553,0.01816110413,0,temporal_sigmoid
xgboost,S2,2017,2017-05-11,2017-05-05,2017-05-11,2017-05-12,2017-05-14,2017-05-14,1,0,,0.007034734357,0.003073290553,0.01816110413,0,temporal_sigmoid
xgboost,S2,2017,2017-05-12,2017-05-06,2017-05-12,2017-05-13,2017-05-15,2017-05-15,1,0,,0.007962522097,0.003348946031,0.01816110413,0,temporal_sigmoid
xgboost,S2,2017,2017-05-13,2017-05-07,2017-05-13,2017-05-14,2017-05-16,2017-05-16,1,0,,0.007349471096,0.003167965101,0.01816110413,0,temporal_sigmoid
xgboost,S2,2017,2017-05-14,2017-05-08,2017-05-14,2017-05-15,2017-05-17,2017-05-17,1,0,,0.007349471096,0.003167965101,0.01816110413,0,temporal_sigmoid
xgboost,S2,2017,2017-05-15,2017-05-09,2017-05-15,2017-05-16,2017-05-18,2017-05-18,1,0,,0.007034734357,0.003073290553,0.01816110413,0,temporal_sigmoid
xgboost,S2,2017,2017-05-16,2017-05-10,2017-05-16,2017-05-17,2017-05-19,2017-05-19,1,0,,0.007034734357,0.003073290553,0.01816110413,0,temporal_sigmoid
xgboost,S2,2017,2017-05-17,2017-05-11,2017-05-17,2017-05-18,2017-05-20,2017-05-20,1,0,,0.007034734357,0.003073290553,0.01816110413,0,temporal_sigmoid
xgboost,S2,2017,2017-05-18,2017-05-12,2017-05-18,2017-05-19,2017-05-21,2017-05-21,1,0,,0.007034734357,0.003073290553,0.01816110413,0,temporal_sigmoid
xgboost,S2,2017,2017-05-19,2017-05-13,2017-05-19,2017-05-20,2017-05-22,2017-05-22,1,0,,0.007962522097,0.003348946031,0.01816110413,0,temporal_sigmoid
xgboost,S2,2017,2017-05-20,2017-05-14,2017-05-20,2017-05-21,2017-05-23,2017-05-23,1,0,,0.022938326,0.007000209558,0.01816110413,0,temporal_sigmoid
xgboost,S2,2017,2017-05-21,2017-05-15,2017-05-21,2017-05-22,2017-05-24,2017-05-24,1,0,,0.02628908493,0.007703941912,0.01816110413,0,temporal_sigmoid
xgboost,S2,2017,2017-05-22,2017-05-16,2017-05-22,2017-05-23,2017-05-25,2017-05-25,1,0,,0.04901733622,0.01198710341,0.01816110413,0,temporal_sigmoid
xgboost,S2,2017,2017-05-23,2017-05-17,2017-05-23,2017-05-24,2017-05-26,2017-05-26,1,0,,0.04026019201,0.0104147127,0.01816110413,0,temporal_sigmoid
xgboost,S2,2017,2017-05-24,2017-05-18,2017-05-24,2017-05-25,2017-05-27,2017-05-27,1,0,,0.04473077133,0.01122695345,0.01816110413,0,temporal_sigmoid
xgboost,S2,2017,2017-05-25,2017-05-19,2017-05-25,2017-05-26,2017-05-28,2017-05-28,1,0,,0.07485245168,0.01629317175,0.01816110413,0,temporal_sigmoid
xgboost,S2,2017,2017-05-26,2017-05-20,2017-05-26,2017-05-27,2017-05-29,2017-05-29,1,0,,0.01980658434,0.006315935333,0.01816110413,0,temporal_sigmoid
xgboost,S2,2017,2017-05-27,2017-05-21,2017-05-27,2017-05-28,2017-05-30,2017-05-30,1,0,,0.01090546977,0.004166236301,0.01816110413,0,temporal_sigmoid
xgboost,S2,2017,2017-05-28,2017-05-22,2017-05-28,2017-05-29,2017-05-31,2017-05-31,1,0,,0.01628083736,0.005507323445,0.01816110413,0,temporal_sigmoid
xgboost,S2,2017,2017-05-29,2017-05-23,2017-05-29,2017-05-30,2017-06-01,2017-06-01,1,0,,0.03856030479,0.01009997565,0.01816110413,0,temporal_sigmoid
xgboost,S2,2017,2017-05-30,2017-05-24,2017-05-30,2017-05-31,2017-06-02,2017-06-02,1,0,,0.008516390808,0.003508878483,0.01816110413,0,temporal_sigmoid
xgboost,S2,2017,2017-05-31,2017-05-25,2017-05-31,2017-06-01,2017-06-03,2017-06-03,1,0,,0.008098416962,0.003388487684,0.01816110413,0,temporal_sigmoid
xgboost,S2,2017,2017-06-01,2017-05-26,2017-06-01,2017-06-02,2017-06-04,2017-06-04,1,0,,0.007034734357,0.003073290553,0.01816110413,0,temporal_sigmoid
xgboost,S2,2017,2017-06-02,2017-05-27,2017-06-02,2017-06-03,2017-06-05,2017-06-05,1,0,,0.007034734357,0.003073290553,0.01816110413,0,temporal_sigmoid
xgboost,S2,2017,2017-06-03,2017-05-28,2017-06-03,2017-06-04,2017-06-06,2017-06-06,1,0,,0.008735225536,0.003571201067,0.01816110413,0,temporal_sigmoid
xgboost,S2,2017,2017-06-04,2017-05-29,2017-06-04,2017-06-05,2017-06-07,2017-06-07,1,0,,0.007850212045,0.003316113545,0.01816110413,0,temporal_sigmoid
xgboost,S2,2017,2017-06-05,2017-05-30,2017-06-05,2017-06-06,2017-06-08,2017-06-08,1,0,,0.007349471096,0.003167965101,0.01816110413,0,temporal_sigmoid
xgboost,S2,2017,2017-06-06,2017-05-31,2017-06-06,2017-06-07,2017-06-09,2017-06-09,1,0,,0.01263718773,0.004615954074,0.01816110413,0,temporal_sigmoid
xgboost,S2,2017,2017-06-07,2017-06-01,2017-06-07,2017-06-08,2017-06-10,2017-06-10,1,0,,0.05107129365,0.01234560511,0.01816110413,0,temporal_sigmoid
xgboost,S2,2017,2017-06-08,2017-06-02,2017-06-08,2017-06-09,2017-06-11,2017-06-11,1,0,,0.0320895724,0.008866942066,0.01816110413,0,temporal_sigmoid
xgboost,S2,2017,2017-06-09,2017-06-03,2017-06-09,2017-06-10,2017-06-12,2017-06-12,1,0,,0.03887229785,0.0101580029,0.01816110413,0,temporal_sigmoid
xgboost,S2,2017,2017-06-10,2017-06-04,2017-06-10,2017-06-11,2017-06-13,2017-06-13,1,0,,0.008893263526,0.003615918349,0.01816110413,0,temporal_sigmoid
xgboost,S2,2017,2017-06-11,2017-06-05,2017-06-11,2017-06-12,2017-06-14,2017-06-14,1,0,,0.009738090448,0.003851069868,0.01816110413,0,temporal_sigmoid
xgboost,S2,2017,2017-06-12,2017-06-06,2017-06-12,2017-06-13,2017-06-15,2017-06-15,1,0,,0.008888994344,0.003614713518,0.01816110413,0,temporal_sigmoid
xgboost,S2,2017,2017-06-13,2017-06-07,2017-06-13,2017-06-14,2017-06-16,2017-06-16,1,0,,0.007034734357,0.003073290553,0.01816110413,0,temporal_sigmoid
xgboost,S2,2017,2017-06-14,2017-06-08,2017-06-14,2017-06-15,2017-06-17,2017-06-17,1,0,,0.007034734357,0.003073290553,0.01816110413,0,temporal_sigmoid
xgboost,S2,2017,2017-06-15,2017-06-09,2017-06-15,2017-06-16,2017-06-18,2017-06-18,1,0,,0.007034734357,0.003073290553,0.01816110413,0,temporal_sigmoid
xgboost,S2,2017,2017-06-16,2017-06-10,2017-06-16,2017-06-17,2017-06-19,2017-06-19,1,0,,0.007034734357,0.003073290553,0.01816110413,0,temporal_sigmoid
xgboost,S2,2017,2017-06-17,2017-06-11,2017-06-17,2017-06-18,2017-06-20,2017-06-20,1,0,,0.007349471096,0.003167965101,0.01816110413,0,temporal_sigmoid
xgboost,S2,2017,2017-06-18,2017-06-12,2017-06-18,2017-06-19,2017-06-21,2017-06-21,1,0,,0.007349471096,0.003167965101,0.01816110413,0,temporal_sigmoid
xgboost,S2,2017,2017-06-19,2017-06-13,2017-06-19,2017-06-20,2017-06-22,2017-06-22,1,0,,0.007034734357,0.003073290553,0.01816110413,0,temporal_sigmoid
xgboost,S2,2017,2017-06-20,2017-06-14,2017-06-20,2017-06-21,2017-06-23,2017-06-23,1,0,,0.007034734357,0.003073290553,0.01816110413,0,temporal_sigmoid
xgboost,S2,2017,2017-06-21,2017-06-15,2017-06-21,2017-06-22,2017-06-24,2017-06-24,1,0,,0.007034734357,0.003073290553,0.01816110413,0,temporal_sigmoid
xgboost,S2,2017,2017-06-22,2017-06-16,2017-06-22,2017-06-23,2017-06-25,2017-06-25,1,0,,0.007034734357,0.003073290553,0.01816110413,0,temporal_sigmoid
xgboost,S2,2017,2017-06-23,2017-06-17,2017-06-23,2017-06-24,2017-06-26,2017-06-26,1,0,,0.007454671431,0.003199335604,0.01816110413,0,temporal_sigmoid
xgboost,S2,2017,2017-06-24,2017-06-18,2017-06-24,2017-06-25,2017-06-27,2017-06-27,1,0,,0.007349471096,0.003167965101,0.01816110413,0,temporal_sigmoid
xgboost,S2,2017,2017-06-25,2017-06-19,2017-06-25,2017-06-26,2017-06-28,2017-06-28,1,0,,0.008072977886,0.003381100884,0.01816110413,0,temporal_sigmoid
xgboost,S2,2017,2017-06-26,2017-06-20,2017-06-26,2017-06-27,2017-06-29,2017-06-29,1,0,,0.009086553007,0.003670288,0.01816110413,0,temporal_sigmoid
xgboost,S2,2017,2017-06-27,2017-06-21,2017-06-27,2017-06-28,2017-06-30,2017-06-30,1,0,,0.01063352171,0.004093752057,0.01816110413,0,temporal_sigmoid
xgboost,S2,2018,2018-02-28,2018-02-22,2018-02-28,2018-03-01,2018-03-03,2018-03-03,1,0,,0.001959326211,0.003860498992,0.02788403879,0,temporal_sigmoid
xgboost,S2,2018,2018-03-01,2018-02-23,2018-03-01,2018-03-02,2018-03-04,2018-03-04,1,0,,0.001237065182,0.002846513159,0.02788403879,0,temporal_sigmoid
xgboost,S2,2018,2018-03-02,2018-02-24,2018-03-02,2018-03-03,2018-03-05,2018-03-05,1,0,,0.002885081107,0.004988451057,0.02788403879,0,temporal_sigmoid
xgboost,S2,2018,2018-03-03,2018-02-25,2018-03-03,2018-03-04,2018-03-06,2018-03-06,1,0,,0.002451379783,0.004478197522,0.02788403879,0,temporal_sigmoid
xgboost,S2,2018,2018-03-04,2018-02-26,2018-03-04,2018-03-05,2018-03-07,2018-03-07,1,0,,0.001332912245,0.00299081807,0.02788403879,0,temporal_sigmoid
xgboost,S2,2018,2018-03-05,2018-02-27,2018-03-05,2018-03-06,2018-03-08,2018-03-08,1,0,,0.0004322734312,0.00141776575,0.02788403879,0,temporal_sigmoid
xgboost,S2,2018,2018-03-06,2018-02-28,2018-03-06,2018-03-07,2018-03-09,2018-03-09,1,0,,0.001329458668,0.002985680691,0.02788403879,0,temporal_sigmoid
xgboost,S2,2018,2018-03-07,2018-03-01,2018-03-07,2018-03-08,2018-03-10,2018-03-10,1,0,,0.0005160897272,0.001594555544,0.02788403879,0,temporal_sigmoid
xgboost,S2,2018,2018-03-08,2018-03-02,2018-03-08,2018-03-09,2018-03-11,2018-03-11,1,0,,0.0007841050392,0.00210410683,0.02788403879,0,temporal_sigmoid
xgboost,S2,2018,2018-03-09,2018-03-03,2018-03-09,2018-03-10,2018-03-12,2018-03-12,1,0,,0.0005107756588,0.001583650048,0.02788403879,0,temporal_sigmoid
xgboost,S2,2018,2018-03-10,2018-03-04,2018-03-10,2018-03-11,2018-03-13,2018-03-13,1,0,,0.0008272289415,0.002180121474,0.02788403879,0,temporal_sigmoid
xgboost,S2,2018,2018-03-11,2018-03-05,2018-03-11,2018-03-12,2018-03-14,2018-03-14,1,0,,0.0009707835852,0.00242407192,0.02788403879,0,temporal_sigmoid
xgboost,S2,2018,2018-03-12,2018-03-06,2018-03-12,2018-03-13,2018-03-15,2018-03-15,1,0,,0.0006714534247,0.001898517222,0.02788403879,0,temporal_sigmoid
xgboost,S2,2018,2018-03-13,2018-03-07,2018-03-13,2018-03-14,2018-03-16,2018-03-16,1,0,,0.0003684037947,0.001275145751,0.02788403879,0,temporal_sigmoid
xgboost,S2,2018,2018-03-14,2018-03-08,2018-03-14,2018-03-15,2018-03-17,2018-03-17,1,0,,0.0004370318202,0.001428095492,0.02788403879,0,temporal_sigmoid
xgboost,S2,2018,2018-03-15,2018-03-09,2018-03-15,2018-03-16,2018-03-18,2018-03-18,1,0,,0.000477279129,0.001514003177,0.02788403879,0,temporal_sigmoid
xgboost,S2,2018,2018-03-16,2018-03-10,2018-03-16,2018-03-17,2018-03-19,2018-03-19,1,0,,0.0007966483245,0.00212635937,0.02788403879,0,temporal_sigmoid
xgboost,S2,2018,2018-03-17,2018-03-11,2018-03-17,2018-03-18,2018-03-20,2018-03-20,1,0,,0.001554325572,0.003311420242,0.02788403879,0,temporal_sigmoid
xgboost,S2,2018,2018-03-18,2018-03-12,2018-03-18,2018-03-19,2018-03-21,2018-03-21,1,0,,0.002744490746,0.004826081932,0.02788403879,0,temporal_sigmoid
xgboost,S2,2018,2018-03-19,2018-03-13,2018-03-19,2018-03-20,2018-03-22,2018-03-22,1,0,,0.001384807169,0.003067481618,0.02788403879,0,temporal_sigmoid
xgboost,S2,2018,2018-03-20,2018-03-14,2018-03-20,2018-03-21,2018-03-23,2018-03-23,1,0,,0.001133761718,0.002686678048,0.02788403879,0,temporal_sigmoid
xgboost,S2,2018,2018-03-21,2018-03-15,2018-03-21,2018-03-22,2018-03-24,2018-03-24,1,0,,0.0007430840633,0.002030477325,0.02788403879,0,temporal_sigmoid
xgboost,S2,2018,2018-03-22,2018-03-16,2018-03-22,2018-03-23,2018-03-25,2018-03-25,1,0,,0.0004395715368,0.001433593294,0.02788403879,0,temporal_sigmoid
xgboost,S2,2018,2018-03-23,2018-03-17,2018-03-23,2018-03-24,2018-03-26,2018-03-26,1,0,,0.001454316895,0.003168663333,0.02788403879,0,temporal_sigmoid
xgboost,S2,2018,2018-03-24,2018-03-18,2018-03-24,2018-03-25,2018-03-27,2018-03-27,1,0,,0.004215948284,0.006413210193,0.02788403879,0,temporal_sigmoid
xgboost,S2,2018,2018-03-25,2018-03-19,2018-03-25,2018-03-26,2018-03-28,2018-03-28,1,0,,0.02734657191,0.02217628142,0.02788403879,0,temporal_sigmoid
xgboost,S2,2018,2018-03-26,2018-03-20,2018-03-26,2018-03-27,2018-03-29,2018-03-29,1,0,,0.001012655557,0.00249287589,0.02788403879,0,temporal_sigmoid
xgboost,S2,2018,2018-03-27,2018-03-21,2018-03-27,2018-03-28,2018-03-30,2018-03-30,1,0,,0.00184956484,0.003715831097,0.02788403879,0,temporal_sigmoid
xgboost,S2,2018,2018-03-28,2018-03-22,2018-03-28,2018-03-29,2018-03-31,2018-03-31,1,0,,0.00343155209,0.005595795141,0.02788403879,0,temporal_sigmoid
xgboost,S2,2018,2018-03-29,2018-03-23,2018-03-29,2018-03-30,2018-04-01,2018-04-01,1,0,,0.001710370881,0.003528119526,0.02788403879,0,temporal_sigmoid
xgboost,S2,2018,2018-03-30,2018-03-24,2018-03-30,2018-03-31,2018-04-02,2018-04-02,1,0,,0.0006186987157,0.001798269949,0.02788403879,0,temporal_sigmoid
xgboost,S2,2018,2018-03-31,2018-03-25,2018-03-31,2018-04-01,2018-04-03,2018-04-03,1,0,,0.0004614981008,0.001480621625,0.02788403879,0,temporal_sigmoid
xgboost,S2,2018,2018-04-01,2018-03-26,2018-04-01,2018-04-02,2018-04-04,2018-04-04,1,0,,0.001201902749,0.002792633841,0.02788403879,0,temporal_sigmoid
xgboost,S2,2018,2018-04-02,2018-03-27,2018-04-02,2018-04-03,2018-04-05,2018-04-05,1,0,,0.0007183302077,0.001985382041,0.02788403879,0,temporal_sigmoid
xgboost,S2,2018,2018-04-03,2018-03-28,2018-04-03,2018-04-04,2018-04-06,2018-04-06,1,0,,0.001476546866,0.003200675064,0.02788403879,0,temporal_sigmoid
xgboost,S2,2018,2018-04-04,2018-03-29,2018-04-04,2018-04-05,2018-04-07,2018-04-07,1,0,,0.004673816729,0.006866429741,0.02788403879,0,temporal_sigmoid
xgboost,S2,2018,2018-04-05,2018-03-30,2018-04-05,2018-04-06,2018-04-08,2018-04-08,1,0,,0.007450826932,0.009351532216,0.02788403879,0,temporal_sigmoid
xgboost,S2,2018,2018-04-06,2018-03-31,2018-04-06,2018-04-07,2018-04-09,2018-04-09,1,0,,0.001418790198,0.003117158261,0.02788403879,0,temporal_sigmoid
xgboost,S2,2018,2018-04-07,2018-04-01,2018-04-07,2018-04-08,2018-04-10,2018-04-10,1,0,,0.003140192712,0.005276418451,0.02788403879,0,temporal_sigmoid
xgboost,S2,2018,2018-04-08,2018-04-02,2018-04-08,2018-04-09,2018-04-11,2018-04-11,1,0,,0.004160463344,0.006357185294,0.02788403879,0,temporal_sigmoid
xgboost,S2,2018,2018-04-09,2018-04-03,2018-04-09,2018-04-10,2018-04-12,2018-04-12,1,0,,0.01020095311,0.01151581256,0.02788403879,0,temporal_sigmoid
xgboost,S2,2018,2018-04-10,2018-04-04,2018-04-10,2018-04-11,2018-04-13,2018-04-13,1,0,,0.003530757036,0.005702424288,0.02788403879,0,temporal_sigmoid
xgboost,S2,2018,2018-04-11,2018-04-05,2018-04-11,2018-04-12,2018-04-14,2018-04-14,1,0,,0.005615646485,0.007754187932,0.02788403879,0,temporal_sigmoid
xgboost,S2,2018,2018-04-12,2018-04-06,2018-04-12,2018-04-13,2018-04-15,2018-04-15,1,0,,0.000717800227,0.001984410864,0.02788403879,0,temporal_sigmoid
xgboost,S2,2018,2018-04-13,2018-04-07,2018-04-13,2018-04-14,2018-04-16,2018-04-16,1,0,,0.001220378443,0.002821009544,0.02788403879,0,temporal_sigmoid
xgboost,S2,2018,2018-04-14,2018-04-08,2018-04-14,2018-04-15,2018-04-17,2018-04-17,1,0,,0.001260632183,0.002882335278,0.02788403879,0,temporal_sigmoid
xgboost,S2,2018,2018-04-15,2018-04-09,2018-04-15,2018-04-16,2018-04-18,2018-04-18,1,0,,0.0008136592223,0.002156349625,0.02788403879,0,temporal_sigmoid
xgboost,S2,2018,2018-04-16,2018-04-10,2018-04-16,2018-04-17,2018-04-19,2018-04-19,1,0,,0.000656998076,0.001871321555,0.02788403879,0,temporal_sigmoid
xgboost,S2,2018,2018-04-17,2018-04-11,2018-04-17,2018-04-18,2018-04-20,2018-04-20,1,0,,0.0005440833629,0.00165139117,0.02788403879,0,temporal_sigmoid
xgboost,S2,2018,2018-04-18,2018-04-12,2018-04-18,2018-04-19,2018-04-21,2018-04-21,1,0,,0.0004862199421,0.001532750207,0.02788403879,0,temporal_sigmoid
xgboost,S2,2018,2018-04-19,2018-04-13,2018-04-19,2018-04-20,2018-04-22,2018-04-22,1,0,,0.0004477622861,0.00145125152,0.02788403879,0,temporal_sigmoid
xgboost,S2,2018,2018-04-20,2018-04-14,2018-04-20,2018-04-21,2018-04-23,2018-04-23,1,0,,0.0005051714252,0.001572107508,0.02788403879,0,temporal_sigmoid
xgboost,S2,2018,2018-04-21,2018-04-15,2018-04-21,2018-04-22,2018-04-24,2018-04-24,1,0,,0.0008754142909,0.002263491862,0.02788403879,0,temporal_sigmoid
xgboost,S2,2018,2018-04-22,2018-04-16,2018-04-22,2018-04-23,2018-04-25,2018-04-25,1,0,,0.0008037037333,0.002138824067,0.02788403879,0,temporal_sigmoid
xgboost,S2,2018,2018-04-23,2018-04-17,2018-04-23,2018-04-24,2018-04-26,2018-04-26,1,0,,0.001232977957,0.002840277148,0.02788403879,0,temporal_sigmoid
xgboost,S2,2018,2018-04-24,2018-04-18,2018-04-24,2018-04-25,2018-04-27,2018-04-27,1,0,,0.001330214087,0.002986804802,0.02788403879,0,temporal_sigmoid
xgboost,S2,2018,2018-04-25,2018-04-19,2018-04-25,2018-04-26,2018-04-28,2018-04-28,1,0,,0.0006706943386,0.00189709406,0.02788403879,0,temporal_sigmoid
xgboost,S2,2018,2018-04-26,2018-04-20,2018-04-26,2018-04-27,2018-04-29,2018-04-29,1,0,,0.0006179743796,0.001796873889,0.02788403879,0,temporal_sigmoid
xgboost,S2,2018,2018-04-27,2018-04-21,2018-04-27,2018-04-28,2018-04-30,2018-04-30,1,0,,0.0007997242501,0.002131798132,0.02788403879,0,temporal_sigmoid
xgboost,S2,2018,2018-04-28,2018-04-22,2018-04-28,2018-04-29,2018-05-01,2018-05-01,1,0,,0.001545552514,0.003299024034,0.02788403879,0,temporal_sigmoid
xgboost,S2,2018,2018-04-29,2018-04-23,2018-04-29,2018-04-30,2018-05-02,2018-05-02,1,0,,0.0004614981008,0.001480621625,0.02788403879,0,temporal_sigmoid
xgboost,S2,2018,2018-04-30,2018-04-24,2018-04-30,2018-05-01,2018-05-03,2018-05-03,1,0,,0.0004275495012,0.001407472794,0.02788403879,0,temporal_sigmoid
xgboost,S2,2018,2018-05-01,2018-04-25,2018-05-01,2018-05-02,2018-05-04,2018-05-04,1,0,,0.0005323731457,0.001627738881,0.02788403879,0,temporal_sigmoid
xgboost,S2,2018,2018-05-02,2018-04-26,2018-05-02,2018-05-03,2018-05-05,2018-05-05,1,0,,0.0004614981008,0.001480621625,0.02788403879,0,temporal_sigmoid
xgboost,S2,2018,2018-05-03,2018-04-27,2018-05-03,2018-05-04,2018-05-06,2018-05-06,1,0,,0.0007069298299,0.001964437352,0.02788403879,0,temporal_sigmoid
xgboost,S2,2018,2018-05-04,2018-04-28,2018-05-04,2018-05-05,2018-05-07,2018-05-07,1,0,,0.0005371476291,0.00163740337,0.02788403879,0,temporal_sigmoid
xgboost,S2,2018,2018-05-05,2018-04-29,2018-05-05,2018-05-06,2018-05-08,2018-05-08,1,0,,0.0006621737266,0.001881081797,0.02788403879,0,temporal_sigmoid
xgboost,S2,2018,2018-05-06,2018-04-30,2018-05-06,2018-05-07,2018-05-09,2018-05-09,1,0,,0.0007906789542,0.002115784221,0.02788403879,0,temporal_sigmoid
xgboost,S2,2018,2018-05-07,2018-05-01,2018-05-07,2018-05-08,2018-05-10,2018-05-10,1,0,,0.0008234056877,0.002173437196,0.02788403879,0,temporal_sigmoid
xgboost,S2,2018,2018-05-08,2018-05-02,2018-05-08,2018-05-09,2018-05-11,2018-05-11,1,0,,0.001294334768,0.002933172933,0.02788403879,0,temporal_sigmoid
xgboost,S2,2018,2018-05-09,2018-05-03,2018-05-09,2018-05-10,2018-05-12,2018-05-12,1,0,,0.0006542512565,0.001866131061,0.02788403879,0,temporal_sigmoid
xgboost,S2,2018,2018-05-10,2018-05-04,2018-05-10,2018-05-11,2018-05-13,2018-05-13,1,0,,0.0007053283043,0.001961485936,0.02788403879,0,temporal_sigmoid
xgboost,S2,2018,2018-05-11,2018-05-05,2018-05-11,2018-05-12,2018-05-14,2018-05-14,1,0,,0.0005224246997,0.001607506743,0.02788403879,0,temporal_sigmoid
xgboost,S2,2018,2018-05-12,2018-05-06,2018-05-12,2018-05-13,2018-05-15,2018-05-15,1,0,,0.0007593250484,0.002059788806,0.02788403879,0,temporal_sigmoid
xgboost,S2,2018,2018-05-13,2018-05-07,2018-05-13,2018-05-14,2018-05-16,2018-05-16,1,0,,0.0005488371826,0.001660943794,0.02788403879,0,temporal_sigmoid
xgboost,S2,2018,2018-05-14,2018-05-08,2018-05-14,2018-05-15,2018-05-17,2018-05-17,1,0,,0.0005189380026,0.00160038515,0.02788403879,0,temporal_sigmoid
xgboost,S2,2018,2018-05-15,2018-05-09,2018-05-15,2018-05-16,2018-05-18,2018-05-18,1,0,,0.0005257524317,0.001614288703,0.02788403879,0,temporal_sigmoid
xgboost,S2,2018,2018-05-16,2018-05-10,2018-05-16,2018-05-17,2018-05-19,2018-05-19,1,0,,0.001072580577,0.002589696277,0.02788403879,0,temporal_sigmoid
xgboost,S2,2018,2018-05-17,2018-05-11,2018-05-17,2018-05-18,2018-05-20,2018-05-20,1,0,,0.0007330434746,0.002012248005,0.02788403879,0,temporal_sigmoid
xgboost,S2,2018,2018-05-18,2018-05-12,2018-05-18,2018-05-19,2018-05-21,2018-05-21,1,0,,0.001030839514,0.00252245531,0.02788403879,0,temporal_sigmoid
xgboost,S2,2018,2018-05-19,2018-05-13,2018-05-19,2018-05-20,2018-05-22,2018-05-22,1,0,,0.001135443454,0.002689318525,0.02788403879,0,temporal_sigmoid
xgboost,S2,2018,2018-05-20,2018-05-14,2018-05-20,2018-05-21,2018-05-23,2018-05-23,1,0,,0.0008472456248,0.002214948353,0.02788403879,0,temporal_sigmoid
xgboost,S2,2018,2018-05-21,2018-05-15,2018-05-21,2018-05-22,2018-05-24,2018-05-24,1,0,,0.0006437417469,0.001846203557,0.02788403879,0,temporal_sigmoid
xgboost,S2,2018,2018-05-22,2018-05-16,2018-05-22,2018-05-23,2018-05-25,2018-05-25,1,0,,0.0005118249683,0.001585806456,0.02788403879,0,temporal_sigmoid
xgboost,S2,2018,2018-05-23,2018-05-17,2018-05-23,2018-05-24,2018-05-26,2018-05-26,1,0,,0.0004875911982,0.001535615117,0.02788403879,0,temporal_sigmoid
xgboost,S2,2018,2018-05-24,2018-05-18,2018-05-24,2018-05-25,2018-05-27,2018-05-27,1,0,,0.0008839907823,0.002278166601,0.02788403879,0,temporal_sigmoid
xgboost,S2,2018,2018-05-25,2018-05-19,2018-05-25,2018-05-26,2018-05-28,2018-05-28,1,0,,0.0008030074532,0.002137595606,0.02788403879,0,temporal_sigmoid
xgboost,S2,2018,2018-05-26,2018-05-20,2018-05-26,2018-05-27,2018-05-29,2018-05-29,1,0,,0.001443102257,0.003152451247,0.02788403879,0,temporal_sigmoid
xgboost,S2,2018,2018-05-27,2018-05-21,2018-05-27,2018-05-28,2018-05-30,2018-05-30,1,0,,0.00686256215,0.008855656758,0.02788403879,0,temporal_sigmoid
xgboost,S2,2018,2018-05-28,2018-05-22,2018-05-28,2018-05-29,2018-05-31,2018-05-31,1,0,,0.003360809758,0.005519121516,0.02788403879,0,temporal_sigmoid
xgboost,S2,2018,2018-05-29,2018-05-23,2018-05-29,2018-05-30,2018-06-01,2018-06-01,1,0,,0.002256770153,0.004239420593,0.02788403879,0,temporal_sigmoid
xgboost,S2,2018,2018-05-30,2018-05-24,2018-05-30,2018-05-31,2018-06-02,2018-06-02,1,0,,0.001461905311,0.003179609321,0.02788403879,0,temporal_sigmoid
xgboost,S2,2018,2018-05-31,2018-05-25,2018-05-31,2018-06-01,2018-06-03,2018-06-03,1,0,,0.0005291556008,0.001621209437,0.02788403879,0,temporal_sigmoid
xgboost,S2,2018,2018-06-01,2018-05-26,2018-06-01,2018-06-02,2018-06-04,2018-06-04,1,0,,0.0003185949172,0.001158037209,0.02788403879,0,temporal_sigmoid
xgboost,S2,2018,2018-06-02,2018-05-27,2018-06-02,2018-06-03,2018-06-05,2018-06-05,1,0,,0.0003778648097,0.001296769489,0.02788403879,0,temporal_sigmoid
xgboost,S2,2018,2018-06-03,2018-05-28,2018-06-03,2018-06-04,2018-06-06,2018-06-06,1,0,,0.0005084285513,0.001578821148,0.02788403879,0,temporal_sigmoid
xgboost,S2,2018,2018-06-04,2018-05-29,2018-06-04,2018-06-05,2018-06-07,2018-06-07,1,0,,0.0006315954961,0.001823035194,0.02788403879,0,temporal_sigmoid
xgboost,S2,2018,2018-06-05,2018-05-30,2018-06-05,2018-06-06,2018-06-08,2018-06-08,1,0,,0.0004700452264,0.001498748313,0.02788403879,0,temporal_sigmoid
xgboost,S2,2018,2018-06-06,2018-05-31,2018-06-06,2018-06-07,2018-06-09,2018-06-09,1,0,,0.003046823898,0.005171976568,0.02788403879,0,temporal_sigmoid
xgboost,S2,2018,2018-06-07,2018-06-01,2018-06-07,2018-06-08,2018-06-10,2018-06-10,1,0,,0.007101385854,0.009058631968,0.02788403879,0,temporal_sigmoid
xgboost,S2,2018,2018-06-08,2018-06-02,2018-06-08,2018-06-09,2018-06-11,2018-06-11,1,0,,0.003720015287,0.005903081646,0.02788403879,0,temporal_sigmoid
xgboost,S2,2018,2018-06-09,2018-06-03,2018-06-09,2018-06-10,2018-06-12,2018-06-12,1,0,,0.001850958914,0.003717686419,0.02788403879,0,temporal_sigmoid
xgboost,S2,2018,2018-06-10,2018-06-04,2018-06-10,2018-06-11,2018-06-13,2018-06-13,1,0,,0.000481781055,0.001523457457,0.02788403879,0,temporal_sigmoid
xgboost,S2,2018,2018-06-11,2018-06-05,2018-06-11,2018-06-12,2018-06-14,2018-06-14,1,0,,0.0004198461247,0.001390605216,0.02788403879,0,temporal_sigmoid
xgboost,S2,2018,2018-06-12,2018-06-06,2018-06-12,2018-06-13,2018-06-15,2018-06-15,1,0,,0.000400864752,0.001348590425,0.02788403879,0,temporal_sigmoid
xgboost,S2,2018,2018-06-13,2018-06-07,2018-06-13,2018-06-14,2018-06-16,2018-06-16,1,0,,0.0004121554084,0.001373660872,0.02788403879,0,temporal_sigmoid
xgboost,S2,2018,2018-06-14,2018-06-08,2018-06-14,2018-06-15,2018-06-17,2018-06-17,1,0,,0.0004306995543,0.00141434067,0.02788403879,0,temporal_sigmoid
xgboost,S2,2018,2018-06-15,2018-06-09,2018-06-15,2018-06-16,2018-06-18,2018-06-18,1,0,,0.0007373670815,0.002020108056,0.02788403879,0,temporal_sigmoid
xgboost,S2,2018,2018-06-16,2018-06-10,2018-06-16,2018-06-17,2018-06-19,2018-06-19,1,0,,0.00049396744,0.001548901207,0.02788403879,0,temporal_sigmoid
xgboost,S2,2018,2018-06-17,2018-06-11,2018-06-17,2018-06-18,2018-06-20,2018-06-20,1,0,,0.0006900714361,0.001933254897,0.02788403879,0,temporal_sigmoid
xgboost,S2,2018,2018-06-18,2018-06-12,2018-06-18,2018-06-19,2018-06-21,2018-06-21,1,0,,0.002730355132,0.004809602803,0.02788403879,0,temporal_sigmoid
xgboost,S2,2018,2018-06-19,2018-06-13,2018-06-19,2018-06-20,2018-06-22,2018-06-22,1,0,,0.0004882953945,0.00153708531,0.02788403879,0,temporal_sigmoid
xgboost,S2,2018,2018-06-20,2018-06-14,2018-06-20,2018-06-21,2018-06-23,2018-06-23,1,0,,0.000474192726,0.001507504177,0.02788403879,0,temporal_sigmoid
xgboost,S2,2018,2018-06-21,2018-06-15,2018-06-21,2018-06-22,2018-06-24,2018-06-24,1,0,,0.001457505161,0.003173264626,0.02788403879,0,temporal_sigmoid
xgboost,S2,2018,2018-06-22,2018-06-16,2018-06-22,2018-06-23,2018-06-25,2018-06-25,1,0,,0.001685287571,0.003493752338,0.02788403879,0,temporal_sigmoid
xgboost,S2,2018,2018-06-23,2018-06-17,2018-06-23,2018-06-24,2018-06-26,2018-06-26,1,0,,0.0005436810316,0.001650581409,0.02788403879,0,temporal_sigmoid
xgboost,S2,2018,2018-06-24,2018-06-18,2018-06-24,2018-06-25,2018-06-27,2018-06-27,1,0,,0.0004255848471,0.00140318073,0.02788403879,0,temporal_sigmoid
xgboost,S2,2018,2018-06-25,2018-06-19,2018-06-25,2018-06-26,2018-06-28,2018-06-28,1,0,,0.0004583921691,0.001474006583,0.02788403879,0,temporal_sigmoid
xgboost,S2,2018,2018-06-26,2018-06-20,2018-06-26,2018-06-27,2018-06-29,2018-06-29,1,0,,0.0004566224816,0.001470230723,0.02788403879,0,temporal_sigmoid
xgboost,S2,2018,2018-06-27,2018-06-21,2018-06-27,2018-06-28,2018-06-30,2018-06-30,1,0,,0.0005208058283,0.001604202192,0.02788403879,0,temporal_sigmoid
xgboost,S2,2019,2019-02-28,2019-02-22,2019-02-28,2019-03-01,2019-03-03,2019-03-03,1,0,,0.0004411608097,0.004330728984,0.02604767798,0,temporal_sigmoid
xgboost,S2,2019,2019-03-01,2019-02-23,2019-03-01,2019-03-02,2019-03-04,2019-03-04,1,0,,0.0004933554446,0.004587410619,0.02604767798,0,temporal_sigmoid
xgboost,S2,2019,2019-03-02,2019-02-24,2019-03-02,2019-03-03,2019-03-05,2019-03-05,1,0,,0.0004933554446,0.004587410619,0.02604767798,0,temporal_sigmoid
xgboost,S2,2019,2019-03-03,2019-02-25,2019-03-03,2019-03-04,2019-03-06,2019-03-06,1,0,,0.001035051304,0.006716294335,0.02604767798,0,temporal_sigmoid
xgboost,S2,2019,2019-03-04,2019-02-26,2019-03-04,2019-03-05,2019-03-07,2019-03-07,1,0,,0.0003808287729,0.004014820914,0.02604767798,0,temporal_sigmoid
xgboost,S2,2019,2019-03-05,2019-02-27,2019-03-05,2019-03-06,2019-03-08,2019-03-08,1,0,,0.0007330256631,0.005624332716,0.02604767798,0,temporal_sigmoid
xgboost,S2,2019,2019-03-06,2019-02-28,2019-03-06,2019-03-07,2019-03-09,2019-03-09,1,0,,0.0009862257866,0.006551509362,0.02604767798,0,temporal_sigmoid
xgboost,S2,2019,2019-03-07,2019-03-01,2019-03-07,2019-03-08,2019-03-10,2019-03-10,1,0,,0.001241813414,0.007375296106,0.02604767798,0,temporal_sigmoid
xgboost,S2,2019,2019-03-08,2019-03-02,2019-03-08,2019-03-09,2019-03-11,2019-03-11,1,0,,0.001861622673,0.009079846635,0.02604767798,0,temporal_sigmoid
xgboost,S2,2019,2019-03-09,2019-03-03,2019-03-09,2019-03-10,2019-03-12,2019-03-12,1,0,,0.001533646951,0.008219925371,0.02604767798,0,temporal_sigmoid
xgboost,S2,2019,2019-03-10,2019-03-04,2019-03-10,2019-03-11,2019-03-13,2019-03-13,1,0,,0.0009610824054,0.00646509644,0.02604767798,0,temporal_sigmoid
xgboost,S2,2019,2019-03-11,2019-03-05,2019-03-11,2019-03-12,2019-03-14,2019-03-14,1,0,,0.001294706482,0.007535061637,0.02604767798,0,temporal_sigmoid
xgboost,S2,2019,2019-03-12,2019-03-06,2019-03-12,2019-03-13,2019-03-15,2019-03-15,1,0,,0.000545644958,0.004831605657,0.02604767798,0,temporal_sigmoid
xgboost,S2,2019,2019-03-13,2019-03-07,2019-03-13,2019-03-14,2019-03-16,2019-03-16,1,0,,0.0005640585441,0.004914861416,0.02604767798,0,temporal_sigmoid
xgboost,S2,2019,2019-03-14,2019-03-08,2019-03-14,2019-03-15,2019-03-17,2019-03-17,1,0,,0.001052769134,0.006775149477,0.02604767798,0,temporal_sigmoid
xgboost,S2,2019,2019-03-15,2019-03-09,2019-03-15,2019-03-16,2019-03-18,2019-03-18,1,0,,0.0009337224765,0.006369801989,0.02604767798,0,temporal_sigmoid
xgboost,S2,2019,2019-03-16,2019-03-10,2019-03-16,2019-03-17,2019-03-19,2019-03-19,1,0,,0.0407281667,0.04407158957,0.02604767798,1,temporal_sigmoid
xgboost,S2,2019,2019-03-17,2019-03-11,2019-03-17,2019-03-18,2019-03-20,2019-03-20,1,0,,0.05505515635,0.05150207973,0.02604767798,1,temporal_sigmoid
xgboost,S2,2019,2019-03-18,2019-03-12,2019-03-18,2019-03-19,2019-03-21,2019-03-21,1,0,,0.0007491136785,0.005687501798,0.02604767798,0,temporal_sigmoid
xgboost,S2,2019,2019-03-19,2019-03-13,2019-03-19,2019-03-20,2019-03-22,2019-03-22,1,0,,0.0009837351972,0.006542998062,0.02604767798,0,temporal_sigmoid
xgboost,S2,2019,2019-03-20,2019-03-14,2019-03-20,2019-03-21,2019-03-23,2019-03-23,1,0,,0.0009198696353,0.006321032767,0.02604767798,0,temporal_sigmoid
xgboost,S2,2019,2019-03-21,2019-03-15,2019-03-21,2019-03-22,2019-03-24,2019-03-24,1,0,,0.07190601528,0.05919469053,0.02604767798,1,temporal_sigmoid
xgboost,S2,2019,2019-03-22,2019-03-16,2019-03-22,2019-03-23,2019-03-25,2019-03-25,1,0,,0.09349752218,0.06798989597,0.02604767798,1,temporal_sigmoid
xgboost,S2,2019,2019-03-23,2019-03-17,2019-03-23,2019-03-24,2019-03-26,2019-03-26,1,0,,0.2495809644,0.1178779489,0.02604767798,1,temporal_sigmoid
xgboost,S2,2019,2019-03-24,2019-03-18,2019-03-24,2019-03-25,2019-03-27,2019-03-27,1,0,,0.02542961948,0.03460445785,0.02604767798,1,temporal_sigmoid
xgboost,S2,2019,2019-03-25,2019-03-19,2019-03-25,2019-03-26,2019-03-28,2019-03-28,1,0,,0.0321373418,0.0390171985,0.02604767798,1,temporal_sigmoid
xgboost,S2,2019,2019-03-26,2019-03-20,2019-03-26,2019-03-27,2019-03-29,2019-03-29,1,0,,0.02753256261,0.03604206846,0.02604767798,1,temporal_sigmoid
xgboost,S2,2019,2019-03-27,2019-03-21,2019-03-27,2019-03-28,2019-03-30,2019-03-30,1,0,,0.001076715067,0.006853929704,0.02604767798,0,temporal_sigmoid
xgboost,S2,2019,2019-03-28,2019-03-22,2019-03-28,2019-03-29,2019-03-31,2019-03-31,1,0,,0.06218148023,0.05486697236,0.02604767798,1,temporal_sigmoid
xgboost,S2,2019,2019-03-29,2019-03-23,2019-03-29,2019-03-30,2019-04-01,2019-04-01,1,0,,0.003500649473,0.0125519945,0.02604767798,0,temporal_sigmoid
xgboost,S2,2019,2019-03-30,2019-03-24,2019-03-30,2019-03-31,2019-04-02,2019-04-02,1,0,,0.001853489084,0.009059463588,0.02604767798,0,temporal_sigmoid
xgboost,S2,2019,2019-03-31,2019-03-25,2019-03-31,2019-04-01,2019-04-03,2019-04-03,1,0,,0.003781835781,0.01305871599,0.02604767798,0,temporal_sigmoid
xgboost,S2,2019,2019-04-01,2019-03-26,2019-04-01,2019-04-02,2019-04-04,2019-04-04,1,0,,0.0007789261872,0.005802834823,0.02604767798,0,temporal_sigmoid
xgboost,S2,2019,2019-04-02,2019-03-27,2019-04-02,2019-04-03,2019-04-05,2019-04-05,1,0,,0.000505745993,0.004646372474,0.02604767798,0,temporal_sigmoid
xgboost,S2,2019,2019-04-03,2019-03-28,2019-04-03,2019-04-04,2019-04-06,2019-04-06,1,0,,0.0003640727082,0.003922830897,0.02604767798,0,temporal_sigmoid
xgboost,S2,2019,2019-04-04,2019-03-29,2019-04-04,2019-04-05,2019-04-07,2019-04-07,1,0,,0.00044832821,0.00436682109,0.02604767798,0,temporal_sigmoid
xgboost,S2,2019,2019-04-05,2019-03-30,2019-04-05,2019-04-06,2019-04-08,2019-04-08,1,0,,0.0002976861724,0.003536327766,0.02604767798,0,temporal_sigmoid
xgboost,S2,2019,2019-04-06,2019-03-31,2019-04-06,2019-04-07,2019-04-09,2019-04-09,1,0,,0.001131027238,0.00702950014,0.02604767798,0,temporal_sigmoid
xgboost,S2,2019,2019-04-07,2019-04-01,2019-04-07,2019-04-08,2019-04-10,2019-04-10,1,0,,0.0009588708635,0.006457443271,0.02604767798,0,temporal_sigmoid
xgboost,S2,2019,2019-04-08,2019-04-02,2019-04-08,2019-04-09,2019-04-11,2019-04-11,1,0,,0.001288395957,0.007516170242,0.02604767798,0,temporal_sigmoid
xgboost,S2,2019,2019-04-09,2019-04-03,2019-04-09,2019-04-10,2019-04-12,2019-04-12,1,0,,0.0004649572656,0.004449491461,0.02604767798,0,temporal_sigmoid
xgboost,S2,2019,2019-04-10,2019-04-04,2019-04-10,2019-04-11,2019-04-13,2019-04-13,1,0,,0.0003347062157,0.00375649298,0.02604767798,0,temporal_sigmoid
xgboost,S2,2019,2019-04-11,2019-04-05,2019-04-11,2019-04-12,2019-04-14,2019-04-14,1,0,,0.0004811091931,0.004528422465,0.02604767798,0,temporal_sigmoid
xgboost,S2,2019,2019-04-12,2019-04-06,2019-04-12,2019-04-13,2019-04-15,2019-04-15,1,0,,0.0004353609111,0.004301313586,0.02604767798,0,temporal_sigmoid
xgboost,S2,2019,2019-04-13,2019-04-07,2019-04-13,2019-04-14,2019-04-16,2019-04-16,1,0,,0.0004318508436,0.004283418826,0.02604767798,0,temporal_sigmoid
xgboost,S2,2019,2019-04-14,2019-04-08,2019-04-14,2019-04-15,2019-04-17,2019-04-17,1,0,,0.0004892735742,0.004567828987,0.02604767798,0,temporal_sigmoid
xgboost,S2,2019,2019-04-15,2019-04-09,2019-04-15,2019-04-16,2019-04-18,2019-04-18,1,0,,0.001217444544,0.007300570716,0.02604767798,0,temporal_sigmoid
xgboost,S2,2019,2019-04-16,2019-04-10,2019-04-16,2019-04-17,2019-04-19,2019-04-19,1,0,,0.001070413506,0.00683328175,0.02604767798,0,temporal_sigmoid
xgboost,S2,2019,2019-04-17,2019-04-11,2019-04-17,2019-04-18,2019-04-20,2019-04-20,1,0,,0.02426181361,0.03378142486,0.02604767798,1,temporal_sigmoid
xgboost,S2,2019,2019-04-18,2019-04-12,2019-04-18,2019-04-19,2019-04-21,2019-04-21,1,0,,0.001564008999,0.008303093077,0.02604767798,0,temporal_sigmoid
xgboost,S2,2019,2019-04-19,2019-04-13,2019-04-19,2019-04-20,2019-04-22,2019-04-22,1,0,,0.001649363665,0.008532755722,0.02604767798,0,temporal_sigmoid
xgboost,S2,2019,2019-04-20,2019-04-14,2019-04-20,2019-04-21,2019-04-23,2019-04-23,1,0,,0.001511352952,0.008158343642,0.02604767798,0,temporal_sigmoid
xgboost,S2,2019,2019-04-21,2019-04-15,2019-04-21,2019-04-22,2019-04-24,2019-04-24,1,0,,0.0009349158499,0.006373986709,0.02604767798,0,temporal_sigmoid
xgboost,S2,2019,2019-04-22,2019-04-16,2019-04-22,2019-04-23,2019-04-25,2019-04-25,1,0,,0.001359431306,0.00772628486,0.02604767798,0,temporal_sigmoid
xgboost,S2,2019,2019-04-23,2019-04-17,2019-04-23,2019-04-24,2019-04-26,2019-04-26,1,0,,0.002235306427,0.009973410938,0.02604767798,0,temporal_sigmoid
xgboost,S2,2019,2019-04-24,2019-04-18,2019-04-24,2019-04-25,2019-04-27,2019-04-27,1,0,,0.1395438313,0.08440053217,0.02604767798,1,temporal_sigmoid
xgboost,S2,2019,2019-04-25,2019-04-19,2019-04-25,2019-04-26,2019-04-28,2019-04-28,1,0,,0.3082839847,0.1345447284,0.02604767798,1,temporal_sigmoid
xgboost,S2,2019,2019-04-26,2019-04-20,2019-04-26,2019-04-27,2019-04-29,2019-04-29,1,0,,0.09710682184,0.06937434969,0.02604767798,1,temporal_sigmoid
xgboost,S2,2019,2019-04-27,2019-04-21,2019-04-27,2019-04-28,2019-04-30,2019-04-30,1,0,,0.1212618575,0.07817001953,0.02604767798,1,temporal_sigmoid
xgboost,S2,2019,2019-04-28,2019-04-22,2019-04-28,2019-04-29,2019-05-01,2019-05-01,1,0,,0.4806089401,0.1848741266,0.02604767798,1,temporal_sigmoid
xgboost,S2,2019,2019-04-29,2019-04-23,2019-04-29,2019-04-30,2019-05-02,2019-05-02,1,0,,0.7737984061,0.3083804448,0.02604767798,1,temporal_sigmoid
xgboost,S2,2019,2019-04-30,2019-04-24,2019-04-30,2019-05-01,2019-05-03,2019-05-03,1,0,,0.9265174866,0.4667290764,0.02604767798,1,temporal_sigmoid
xgboost,S2,2019,2019-05-01,2019-04-25,2019-05-01,2019-05-02,2019-05-04,2019-05-04,1,0,,0.9552716613,0.5347383496,0.02604767798,1,temporal_sigmoid
xgboost,S2,2019,2019-05-02,2019-04-26,2019-05-02,2019-05-03,2019-05-05,2019-05-05,1,0,,0.7302283645,0.2831820017,0.02604767798,1,temporal_sigmoid
xgboost,S2,2019,2019-05-03,2019-04-27,2019-05-03,2019-05-04,2019-05-06,2019-05-06,1,0,,0.001534407376,0.00822201811,0.02604767798,0,temporal_sigmoid
xgboost,S2,2019,2019-05-04,2019-04-28,2019-05-04,2019-05-05,2019-05-07,2019-05-07,1,0,,0.001055034692,0.00678264022,0.02604767798,0,temporal_sigmoid
xgboost,S2,2019,2019-05-05,2019-04-29,2019-05-05,2019-05-06,2019-05-08,2019-05-08,1,0,,0.002717711031,0.01102468902,0.02604767798,0,temporal_sigmoid
xgboost,S2,2019,2019-05-06,2019-04-30,2019-05-06,2019-05-07,2019-05-09,2019-05-09,1,0,,0.00897764042,0.02032250934,0.02604767798,0,temporal_sigmoid
xgboost,S2,2019,2019-05-07,2019-05-01,2019-05-07,2019-05-08,2019-05-10,2019-05-10,1,0,,0.01335181203,0.02489194525,0.02604767798,0,temporal_sigmoid
xgboost,S2,2019,2019-05-08,2019-05-02,2019-05-08,2019-05-09,2019-05-11,2019-05-11,1,0,,0.2183053344,0.1088045391,0.02604767798,1,temporal_sigmoid
xgboost,S2,2019,2019-05-09,2019-05-03,2019-05-09,2019-05-10,2019-05-12,2019-05-12,1,0,,0.1754463613,0.09590275954,0.02604767798,1,temporal_sigmoid
xgboost,S2,2019,2019-05-10,2019-05-04,2019-05-10,2019-05-11,2019-05-13,2019-05-13,1,0,,0.4713821411,0.1820093511,0.02604767798,1,temporal_sigmoid
xgboost,S2,2019,2019-05-11,2019-05-05,2019-05-11,2019-05-12,2019-05-14,2019-05-14,1,0,,0.3801166117,0.1549379588,0.02604767798,1,temporal_sigmoid
xgboost,S2,2019,2019-05-12,2019-05-06,2019-05-12,2019-05-13,2019-05-15,2019-05-15,1,0,,0.6271615624,0.2360103427,0.02604767798,1,temporal_sigmoid
xgboost,S2,2019,2019-05-13,2019-05-07,2019-05-13,2019-05-14,2019-05-16,2019-05-16,1,0,,0.003403538838,0.01237237976,0.02604767798,0,temporal_sigmoid
xgboost,S2,2019,2019-05-14,2019-05-08,2019-05-14,2019-05-15,2019-05-17,2019-05-17,1,0,,0.000805675867,0.005904499052,0.02604767798,0,temporal_sigmoid
xgboost,S2,2019,2019-05-15,2019-05-09,2019-05-15,2019-05-16,2019-05-18,2019-05-18,1,0,,0.001040928648,0.006735871868,0.02604767798,0,temporal_sigmoid
xgboost,S2,2019,2019-05-16,2019-05-10,2019-05-16,2019-05-17,2019-05-19,2019-05-19,1,0,,0.000649963913,0.005286850914,0.02604767798,0,temporal_sigmoid
xgboost,S2,2019,2019-05-17,2019-05-11,2019-05-17,2019-05-18,2019-05-20,2019-05-20,1,0,,0.0115055237,0.02306931405,0.02604767798,0,temporal_sigmoid
xgboost,S2,2019,2019-05-18,2019-05-12,2019-05-18,2019-05-19,2019-05-21,2019-05-21,1,0,,0.04043361545,0.04390710339,0.02604767798,1,temporal_sigmoid
xgboost,S2,2019,2019-05-19,2019-05-13,2019-05-19,2019-05-20,2019-05-22,2019-05-22,1,0,,0.004346139729,0.01402265913,0.02604767798,0,temporal_sigmoid
xgboost,S2,2019,2019-05-20,2019-05-14,2019-05-20,2019-05-21,2019-05-23,2019-05-23,1,0,,0.01181480102,0.02338410643,0.02604767798,0,temporal_sigmoid
xgboost,S2,2019,2019-05-21,2019-05-15,2019-05-21,2019-05-22,2019-05-24,2019-05-24,1,0,,0.008005652577,0.01916641524,0.02604767798,0,temporal_sigmoid
xgboost,S2,2019,2019-05-22,2019-05-16,2019-05-22,2019-05-23,2019-05-25,2019-05-25,1,0,,0.002954292344,0.01150665544,0.02604767798,0,temporal_sigmoid
xgboost,S2,2019,2019-05-23,2019-05-17,2019-05-23,2019-05-24,2019-05-26,2019-05-26,1,0,,0.0004086539266,0.004163332852,0.02604767798,0,temporal_sigmoid
xgboost,S2,2019,2019-05-24,2019-05-18,2019-05-24,2019-05-25,2019-05-27,2019-05-27,1,0,,0.0003284032573,0.00371987756,0.02604767798,0,temporal_sigmoid
xgboost,S2,2019,2019-05-25,2019-05-19,2019-05-25,2019-05-26,2019-05-28,2019-05-28,1,0,,0.000279653701,0.003424262312,0.02604767798,0,temporal_sigmoid
xgboost,S2,2019,2019-05-26,2019-05-20,2019-05-26,2019-05-27,2019-05-29,2019-05-29,1,0,,0.001839579083,0.009024502909,0.02604767798,0,temporal_sigmoid
xgboost,S2,2019,2019-05-27,2019-05-21,2019-05-27,2019-05-28,2019-05-30,2019-05-30,1,0,,0.004734099377,0.01465005975,0.02604767798,0,temporal_sigmoid
xgboost,S2,2019,2019-05-28,2019-05-22,2019-05-28,2019-05-29,2019-05-31,2019-05-31,1,0,,0.02107621171,0.03143371912,0.02604767798,1,temporal_sigmoid
xgboost,S2,2019,2019-05-29,2019-05-23,2019-05-29,2019-05-30,2019-06-01,2019-06-01,1,0,,0.02650659531,0.03534753248,0.02604767798,1,temporal_sigmoid
xgboost,S2,2019,2019-05-30,2019-05-24,2019-05-30,2019-05-31,2019-06-02,2019-06-02,1,0,,0.007702965755,0.01879247848,0.02604767798,0,temporal_sigmoid
xgboost,S2,2019,2019-05-31,2019-05-25,2019-05-31,2019-06-01,2019-06-03,2019-06-03,1,0,,0.002758271527,0.01110873952,0.02604767798,0,temporal_sigmoid
xgboost,S2,2019,2019-06-01,2019-05-26,2019-06-01,2019-06-02,2019-06-04,2019-06-04,1,0,,0.001124131377,0.007007440271,0.02604767798,0,temporal_sigmoid
xgboost,S2,2019,2019-06-02,2019-05-27,2019-06-02,2019-06-03,2019-06-05,2019-06-05,1,0,,0.0003030280059,0.003568887423,0.02604767798,0,temporal_sigmoid
xgboost,S2,2019,2019-06-03,2019-05-28,2019-06-03,2019-06-04,2019-06-06,2019-06-06,1,0,,0.0005387060228,0.004799877387,0.02604767798,0,temporal_sigmoid
xgboost,S2,2019,2019-06-04,2019-05-29,2019-06-04,2019-06-05,2019-06-07,2019-06-07,1,0,,0.0004914331948,0.004578199032,0.02604767798,0,temporal_sigmoid
xgboost,S2,2019,2019-06-05,2019-05-30,2019-06-05,2019-06-06,2019-06-08,2019-06-08,1,0,,0.0005568295601,0.00488233629,0.02604767798,0,temporal_sigmoid
xgboost,S2,2019,2019-06-06,2019-05-31,2019-06-06,2019-06-07,2019-06-09,2019-06-09,1,0,,0.0006988338428,0.005487793325,0.02604767798,0,temporal_sigmoid
xgboost,S2,2019,2019-06-07,2019-06-01,2019-06-07,2019-06-08,2019-06-10,2019-06-10,1,0,,0.001347285928,0.007690747484,0.02604767798,0,temporal_sigmoid
xgboost,S2,2019,2019-06-08,2019-06-02,2019-06-08,2019-06-09,2019-06-11,2019-06-11,1,0,,0.0007617202937,0.005736540191,0.02604767798,0,temporal_sigmoid
xgboost,S2,2019,2019-06-09,2019-06-03,2019-06-09,2019-06-10,2019-06-12,2019-06-12,1,0,,0.0007617202937,0.005736540191,0.02604767798,0,temporal_sigmoid
xgboost,S2,2019,2019-06-10,2019-06-04,2019-06-10,2019-06-11,2019-06-13,2019-06-13,1,0,,0.008038668893,0.01920678043,0.02604767798,0,temporal_sigmoid
xgboost,S2,2019,2019-06-11,2019-06-05,2019-06-11,2019-06-12,2019-06-14,2019-06-14,1,0,,0.01134515926,0.02290445908,0.02604767798,0,temporal_sigmoid
xgboost,S2,2019,2019-06-12,2019-06-06,2019-06-12,2019-06-13,2019-06-15,2019-06-15,1,0,,0.02264522575,0.03260995814,0.02604767798,1,temporal_sigmoid
xgboost,S2,2019,2019-06-13,2019-06-07,2019-06-13,2019-06-14,2019-06-16,2019-06-16,1,0,,0.003575693583,0.01268912646,0.02604767798,0,temporal_sigmoid
xgboost,S2,2019,2019-06-14,2019-06-08,2019-06-14,2019-06-15,2019-06-17,2019-06-17,1,0,,0.002342790132,0.01021659132,0.02604767798,0,temporal_sigmoid
xgboost,S2,2019,2019-06-15,2019-06-09,2019-06-15,2019-06-16,2019-06-18,2019-06-18,1,0,,0.0009549195529,0.006443748045,0.02604767798,0,temporal_sigmoid
xgboost,S2,2019,2019-06-16,2019-06-10,2019-06-16,2019-06-17,2019-06-19,2019-06-19,1,0,,0.00427752221,0.01390887013,0.02604767798,0,temporal_sigmoid
xgboost,S2,2019,2019-06-17,2019-06-11,2019-06-17,2019-06-18,2019-06-20,2019-06-20,1,0,,0.00312391296,0.01184064448,0.02604767798,0,temporal_sigmoid
xgboost,S2,2019,2019-06-18,2019-06-12,2019-06-18,2019-06-19,2019-06-21,2019-06-21,1,0,,0.004604610614,0.01444356026,0.02604767798,0,temporal_sigmoid
xgboost,S2,2019,2019-06-19,2019-06-13,2019-06-19,2019-06-20,2019-06-22,2019-06-22,1,0,,0.0006289018202,0.005197982195,0.02604767798,0,temporal_sigmoid
xgboost,S2,2019,2019-06-20,2019-06-14,2019-06-20,2019-06-21,2019-06-23,2019-06-23,1,0,,0.001117954031,0.006987622729,0.02604767798,0,temporal_sigmoid
xgboost,S2,2019,2019-06-21,2019-06-15,2019-06-21,2019-06-22,2019-06-24,2019-06-24,1,0,,0.001307412283,0.007572962082,0.02604767798,0,temporal_sigmoid
xgboost,S2,2019,2019-06-22,2019-06-16,2019-06-22,2019-06-23,2019-06-25,2019-06-25,1,0,,0.001515292795,0.008169258662,0.02604767798,0,temporal_sigmoid
xgboost,S2,2019,2019-06-23,2019-06-17,2019-06-23,2019-06-24,2019-06-26,2019-06-26,1,0,,0.006429571193,0.01713396382,0.02604767798,0,temporal_sigmoid
xgboost,S2,2019,2019-06-24,2019-06-18,2019-06-24,2019-06-25,2019-06-27,2019-06-27,1,0,,0.04537728056,0.04659826477,0.02604767798,1,temporal_sigmoid
xgboost,S2,2019,2019-06-25,2019-06-19,2019-06-25,2019-06-26,2019-06-28,2019-06-28,1,0,,0.02064648084,0.03110424222,0.02604767798,1,temporal_sigmoid
xgboost,S2,2019,2019-06-26,2019-06-20,2019-06-26,2019-06-27,2019-06-29,2019-06-29,1,0,,0.008572016843,0.019847917,0.02604767798,0,temporal_sigmoid
xgboost,S2,2019,2019-06-27,2019-06-21,2019-06-27,2019-06-28,2019-06-30,2019-06-30,1,0,,0.003122604918,0.01183810341,0.02604767798,0,temporal_sigmoid
xgboost,S2,2020,2020-02-29,2020-02-23,2020-02-29,2020-03-01,2020-03-03,2020-03-03,1,0,,0.008804273792,0.01149656707,0.02079113909,0,temporal_sigmoid
xgboost,S2,2020,2020-03-01,2020-02-24,2020-03-01,2020-03-02,2020-03-04,2020-03-04,1,0,,0.01000255812,0.01227347675,0.02079113909,0,temporal_sigmoid
xgboost,S2,2020,2020-03-02,2020-02-25,2020-03-02,2020-03-03,2020-03-05,2020-03-05,1,0,,0.01507021487,0.01514608166,0.02079113909,0,temporal_sigmoid
xgboost,S2,2020,2020-03-03,2020-02-26,2020-03-03,2020-03-04,2020-03-06,2020-03-06,1,0,,0.003451123601,0.007117464746,0.02079113909,0,temporal_sigmoid
xgboost,S2,2020,2020-03-04,2020-02-27,2020-03-04,2020-03-05,2020-03-07,2020-03-07,1,0,,0.003146821167,0.006788991254,0.02079113909,0,temporal_sigmoid
xgboost,S2,2020,2020-03-05,2020-02-28,2020-03-05,2020-03-06,2020-03-08,2020-03-08,1,0,,0.03493983299,0.02337897389,0.02079113909,1,temporal_sigmoid
xgboost,S2,2020,2020-03-06,2020-02-29,2020-03-06,2020-03-07,2020-03-09,2020-03-09,1,0,,0.006898975,0.0101466159,0.02079113909,0,temporal_sigmoid
xgboost,S2,2020,2020-03-07,2020-03-01,2020-03-07,2020-03-08,2020-03-10,2020-03-10,1,0,,0.006221617106,0.009623665572,0.02079113909,0,temporal_sigmoid
xgboost,S2,2020,2020-03-08,2020-03-02,2020-03-08,2020-03-09,2020-03-11,2020-03-11,1,0,,0.006221617106,0.009623665572,0.02079113909,0,temporal_sigmoid
xgboost,S2,2020,2020-03-09,2020-03-03,2020-03-09,2020-03-10,2020-03-12,2020-03-12,1,0,,0.004688431043,0.008326017166,0.02079113909,0,temporal_sigmoid
xgboost,S2,2020,2020-03-10,2020-03-04,2020-03-10,2020-03-11,2020-03-13,2020-03-13,1,0,,0.004370197188,0.008031778054,0.02079113909,0,temporal_sigmoid
xgboost,S2,2020,2020-03-11,2020-03-05,2020-03-11,2020-03-12,2020-03-14,2020-03-14,1,0,,0.002708277665,0.006286959482,0.02079113909,0,temporal_sigmoid
xgboost,S2,2020,2020-03-12,2020-03-06,2020-03-12,2020-03-13,2020-03-15,2020-03-15,1,0,,0.003478848841,0.007146675676,0.02079113909,0,temporal_sigmoid
xgboost,S2,2020,2020-03-13,2020-03-07,2020-03-13,2020-03-14,2020-03-16,2020-03-16,1,0,,0.009111880325,0.01170065372,0.02079113909,0,temporal_sigmoid
xgboost,S2,2020,2020-03-14,2020-03-08,2020-03-14,2020-03-15,2020-03-17,2020-03-17,1,0,,0.005124489777,0.008713808059,0.02079113909,0,temporal_sigmoid
xgboost,S2,2020,2020-03-15,2020-03-09,2020-03-15,2020-03-16,2020-03-18,2020-03-18,1,0,,0.004434522707,0.008092075417,0.02079113909,0,temporal_sigmoid
xgboost,S2,2020,2020-03-16,2020-03-10,2020-03-16,2020-03-17,2020-03-19,2020-03-19,1,0,,0.005950084887,0.009406287831,0.02079113909,0,temporal_sigmoid
xgboost,S2,2020,2020-03-17,2020-03-11,2020-03-17,2020-03-18,2020-03-20,2020-03-20,1,0,,0.008238914423,0.01111223847,0.02079113909,0,temporal_sigmoid
xgboost,S2,2020,2020-03-18,2020-03-12,2020-03-18,2020-03-19,2020-03-21,2020-03-21,1,0,,0.004827824421,0.008451823652,0.02079113909,0,temporal_sigmoid
xgboost,S2,2020,2020-03-19,2020-03-13,2020-03-19,2020-03-20,2020-03-22,2020-03-22,1,0,,0.003446758958,0.007112855793,0.02079113909,0,temporal_sigmoid
xgboost,S2,2020,2020-03-20,2020-03-14,2020-03-20,2020-03-21,2020-03-23,2020-03-23,1,0,,0.003164748196,0.006808761141,0.02079113909,0,temporal_sigmoid
xgboost,S2,2020,2020-03-21,2020-03-15,2020-03-21,2020-03-22,2020-03-24,2020-03-24,1,0,,0.003717381041,0.007393438009,0.02079113909,0,temporal_sigmoid
xgboost,S2,2020,2020-03-22,2020-03-16,2020-03-22,2020-03-23,2020-03-25,2020-03-25,1,0,,0.006622309331,0.009936177797,0.02079113909,0,temporal_sigmoid
xgboost,S2,2020,2020-03-23,2020-03-17,2020-03-23,2020-03-24,2020-03-26,2020-03-26,1,0,,0.01958939806,0.01733318282,0.02079113909,0,temporal_sigmoid
xgboost,S2,2020,2020-03-24,2020-03-18,2020-03-24,2020-03-25,2020-03-27,2020-03-27,1,0,,0.0244771596,0.01944288001,0.02079113909,0,temporal_sigmoid
xgboost,S2,2020,2020-03-25,2020-03-19,2020-03-25,2020-03-26,2020-03-28,2020-03-28,1,0,,0.04973830283,0.0281161703,0.02079113909,1,temporal_sigmoid
xgboost,S2,2020,2020-03-26,2020-03-20,2020-03-26,2020-03-27,2020-03-29,2020-03-29,1,0,,0.03357297182,0.02289913553,0.02079113909,1,temporal_sigmoid
xgboost,S2,2020,2020-03-27,2020-03-21,2020-03-27,2020-03-28,2020-03-30,2020-03-30,1,0,,0.4446744919,0.1051283373,0.02079113909,1,temporal_sigmoid
xgboost,S2,2020,2020-03-28,2020-03-22,2020-03-28,2020-03-29,2020-03-31,2020-03-31,1,0,,0.0898873657,0.03854272949,0.02079113909,1,temporal_sigmoid
xgboost,S2,2020,2020-03-29,2020-03-23,2020-03-29,2020-03-30,2020-04-01,2020-04-01,1,0,,0.007697464898,0.01073197257,0.02079113909,0,temporal_sigmoid
xgboost,S2,2020,2020-03-30,2020-03-24,2020-03-30,2020-03-31,2020-04-02,2020-04-02,1,0,,0.009829401039,0.01216411006,0.02079113909,0,temporal_sigmoid
xgboost,S2,2020,2020-03-31,2020-03-25,2020-03-31,2020-04-01,2020-04-03,2020-04-03,1,0,,0.05762478709,0.03038362211,0.02079113909,1,temporal_sigmoid
xgboost,S2,2020,2020-04-01,2020-03-26,2020-04-01,2020-04-02,2020-04-04,2020-04-04,1,0,,0.02884502336,0.02116575925,0.02079113909,1,temporal_sigmoid
xgboost,S2,2020,2020-04-02,2020-03-27,2020-04-02,2020-04-03,2020-04-05,2020-04-05,1,0,,0.1936820745,0.05951970891,0.02079113909,1,temporal_sigmoid
xgboost,S2,2020,2020-04-03,2020-03-28,2020-04-03,2020-04-04,2020-04-06,2020-04-06,1,0,,0.01353390515,0.01433246037,0.02079113909,0,temporal_sigmoid
xgboost,S2,2020,2020-04-04,2020-03-29,2020-04-04,2020-04-05,2020-04-07,2020-04-07,1,0,,0.01581715234,0.01552726012,0.02079113909,0,temporal_sigmoid
xgboost,S2,2020,2020-04-05,2020-03-30,2020-04-05,2020-04-06,2020-04-08,2020-04-08,1,0,,0.009298128076,0.01182260282,0.02079113909,0,temporal_sigmoid
xgboost,S2,2020,2020-04-06,2020-03-31,2020-04-06,2020-04-07,2020-04-09,2020-04-09,1,0,,0.5977483988,0.138973481,0.02079113909,1,temporal_sigmoid
xgboost,S2,2020,2020-04-07,2020-04-01,2020-04-07,2020-04-08,2020-04-10,2020-04-10,1,0,,0.8551926613,0.2469494756,0.02079113909,1,temporal_sigmoid
xgboost,S2,2020,2020-04-08,2020-04-02,2020-04-08,2020-04-09,2020-04-11,2020-04-11,1,0,,0.0296186693,0.02145791132,0.02079113909,1,temporal_sigmoid
xgboost,S2,2020,2020-04-09,2020-04-03,2020-04-09,2020-04-10,2020-04-12,2020-04-12,1,0,,0.02486370876,0.01960085834,0.02079113909,0,temporal_sigmoid
xgboost,S2,2020,2020-04-10,2020-04-04,2020-04-10,2020-04-11,2020-04-13,2020-04-13,1,0,,0.1608857214,0.0533588859,0.02079113909,1,temporal_sigmoid
xgboost,S2,2020,2020-04-11,2020-04-05,2020-04-11,2020-04-12,2020-04-14,2020-04-14,1,0,,0.07332053781,0.03453586175,0.02079113909,1,temporal_sigmoid
xgboost,S2,2020,2020-04-12,2020-04-06,2020-04-12,2020-04-13,2020-04-15,2020-04-15,1,0,,0.002982923761,0.006605630476,0.02079113909,0,temporal_sigmoid
xgboost,S2,2020,2020-04-13,2020-04-07,2020-04-13,2020-04-14,2020-04-16,2020-04-16,1,0,,0.001927538891,0.005282366332,0.02079113909,0,temporal_sigmoid
xgboost,S2,2020,2020-04-14,2020-04-08,2020-04-14,2020-04-15,2020-04-17,2020-04-17,1,0,,0.04848945886,0.0277431691,0.02079113909,1,temporal_sigmoid
xgboost,S2,2020,2020-04-15,2020-04-09,2020-04-15,2020-04-16,2020-04-18,2020-04-18,1,0,,0.01230697613,0.01365024222,0.02079113909,0,temporal_sigmoid
xgboost,S2,2020,2020-04-16,2020-04-10,2020-04-16,2020-04-17,2020-04-19,2020-04-19,1,0,,0.01468390319,0.01494538839,0.02079113909,0,temporal_sigmoid
xgboost,S2,2020,2020-04-17,2020-04-11,2020-04-17,2020-04-18,2020-04-20,2020-04-20,1,0,,0.006095819641,0.009523543776,0.02079113909,0,temporal_sigmoid
xgboost,S2,2020,2020-04-18,2020-04-12,2020-04-18,2020-04-19,2020-04-21,2020-04-21,1,0,,0.002042261185,0.005441069539,0.02079113909,0,temporal_sigmoid
xgboost,S2,2020,2020-04-19,2020-04-13,2020-04-19,2020-04-20,2020-04-22,2020-04-22,1,0,,0.004855739418,0.008476803889,0.02079113909,0,temporal_sigmoid
xgboost,S2,2020,2020-04-20,2020-04-14,2020-04-20,2020-04-21,2020-04-23,2020-04-23,1,0,,0.001117162989,0.003994916347,0.02079113909,0,temporal_sigmoid
xgboost,S2,2020,2020-04-21,2020-04-15,2020-04-21,2020-04-22,2020-04-24,2020-04-24,1,0,,0.003810774069,0.007487938708,0.02079113909,0,temporal_sigmoid
xgboost,S2,2020,2020-04-22,2020-04-16,2020-04-22,2020-04-23,2020-04-25,2020-04-25,1,0,,0.002657886129,0.006226802332,0.02079113909,0,temporal_sigmoid
xgboost,S2,2020,2020-04-23,2020-04-17,2020-04-23,2020-04-24,2020-04-26,2020-04-26,1,0,,0.002095422242,0.005513131189,0.02079113909,0,temporal_sigmoid
xgboost,S2,2020,2020-04-24,2020-04-18,2020-04-24,2020-04-25,2020-04-27,2020-04-27,1,0,,0.001291651861,0.004303220423,0.02079113909,0,temporal_sigmoid
xgboost,S2,2020,2020-04-25,2020-04-19,2020-04-25,2020-04-26,2020-04-28,2020-04-28,1,0,,0.001291651861,0.004303220423,0.02079113909,0,temporal_sigmoid
xgboost,S2,2020,2020-04-26,2020-04-20,2020-04-26,2020-04-27,2020-04-29,2020-04-29,1,0,,0.001291651861,0.004303220423,0.02079113909,0,temporal_sigmoid
xgboost,S2,2020,2020-04-27,2020-04-21,2020-04-27,2020-04-28,2020-04-30,2020-04-30,1,0,,0.002342582913,0.005837002395,0.02079113909,0,temporal_sigmoid
xgboost,S2,2020,2020-04-28,2020-04-22,2020-04-28,2020-04-29,2020-05-01,2020-05-01,1,0,,0.002247870667,0.005714965964,0.02079113909,0,temporal_sigmoid
xgboost,S2,2020,2020-04-29,2020-04-23,2020-04-29,2020-04-30,2020-05-02,2020-05-02,1,0,,0.001876412425,0.005210154615,0.02079113909,0,temporal_sigmoid
xgboost,S2,2020,2020-04-30,2020-04-24,2020-04-30,2020-05-01,2020-05-03,2020-05-03,1,0,,0.001380215981,0.004451900552,0.02079113909,0,temporal_sigmoid
xgboost,S2,2020,2020-05-01,2020-04-25,2020-05-01,2020-05-02,2020-05-04,2020-05-04,1,0,,0.0007090616855,0.003164802292,0.02079113909,0,temporal_sigmoid
xgboost,S2,2020,2020-05-02,2020-04-26,2020-05-02,2020-05-03,2020-05-05,2020-05-05,1,0,,0.001588898944,0.004784785922,0.02079113909,0,temporal_sigmoid
xgboost,S2,2020,2020-05-03,2020-04-27,2020-05-03,2020-05-04,2020-05-06,2020-05-06,1,0,,0.003516011173,0.007185651665,0.02079113909,0,temporal_sigmoid
xgboost,S2,2020,2020-05-04,2020-04-28,2020-05-04,2020-05-05,2020-05-07,2020-05-07,1,0,,0.002670693677,0.006242144361,0.02079113909,0,temporal_sigmoid
xgboost,S2,2020,2020-05-05,2020-04-29,2020-05-05,2020-05-06,2020-05-08,2020-05-08,1,0,,0.0006429599598,0.003009987359,0.02079113909,0,temporal_sigmoid
xgboost,S2,2020,2020-05-06,2020-04-30,2020-05-06,2020-05-07,2020-05-09,2020-05-09,1,0,,0.0003731359029,0.002277270996,0.02079113909,0,temporal_sigmoid
xgboost,S2,2020,2020-05-07,2020-05-01,2020-05-07,2020-05-08,2020-05-10,2020-05-10,1,0,,0.0007069564308,0.003159983156,0.02079113909,0,temporal_sigmoid
xgboost,S2,2020,2020-05-08,2020-05-02,2020-05-08,2020-05-09,2020-05-11,2020-05-11,1,0,,0.001080478309,0.003927166829,0.02079113909,0,temporal_sigmoid
xgboost,S2,2020,2020-05-09,2020-05-03,2020-05-09,2020-05-10,2020-05-12,2020-05-12,1,0,,0.007958128117,0.01091660618,0.02079113909,0,temporal_sigmoid
xgboost,S2,2020,2020-05-10,2020-05-04,2020-05-10,2020-05-11,2020-05-13,2020-05-13,1,0,,0.02125257999,0.0180763452,0.02079113909,0,temporal_sigmoid
xgboost,S2,2020,2020-05-11,2020-05-05,2020-05-11,2020-05-12,2020-05-14,2020-05-14,1,0,,0.003702083835,0.007377849365,0.02079113909,0,temporal_sigmoid
xgboost,S2,2020,2020-05-12,2020-05-06,2020-05-12,2020-05-13,2020-05-15,2020-05-15,1,0,,0.06678675115,0.03285729977,0.02079113909,1,temporal_sigmoid
xgboost,S2,2020,2020-05-13,2020-05-07,2020-05-13,2020-05-14,2020-05-16,2020-05-16,1,0,,0.007730799727,0.01075575189,0.02079113909,0,temporal_sigmoid
xgboost,S2,2020,2020-05-14,2020-05-08,2020-05-14,2020-05-15,2020-05-17,2020-05-17,1,0,,0.2523005903,0.07007953118,0.02079113909,1,temporal_sigmoid
xgboost,S2,2020,2020-05-15,2020-05-09,2020-05-15,2020-05-16,2020-05-18,2020-05-18,1,0,,0.0121570034,0.01356464771,0.02079113909,0,temporal_sigmoid
xgboost,S2,2020,2020-05-16,2020-05-10,2020-05-16,2020-05-17,2020-05-19,2020-05-19,1,0,,0.04691739008,0.02726757468,0.02079113909,1,temporal_sigmoid
xgboost,S2,2020,2020-05-17,2020-05-11,2020-05-17,2020-05-18,2020-05-20,2020-05-20,1,0,,0.09956045449,0.04075048814,0.02079113909,1,temporal_sigmoid
xgboost,S2,2020,2020-05-18,2020-05-12,2020-05-18,2020-05-19,2020-05-21,2020-05-21,1,0,,0.1405094415,0.04937016807,0.02079113909,1,temporal_sigmoid
xgboost,S2,2020,2020-05-19,2020-05-13,2020-05-19,2020-05-20,2020-05-22,2020-05-22,1,0,,0.01663360931,0.01593419717,0.02079113909,0,temporal_sigmoid
xgboost,S2,2020,2020-05-20,2020-05-14,2020-05-20,2020-05-21,2020-05-23,2020-05-23,1,0,,0.00107745023,0.003921524685,0.02079113909,0,temporal_sigmoid
xgboost,S2,2020,2020-05-21,2020-05-15,2020-05-21,2020-05-22,2020-05-24,2020-05-24,1,0,,0.0006810743944,0.003100153621,0.02079113909,0,temporal_sigmoid
xgboost,S2,2020,2020-05-22,2020-05-16,2020-05-22,2020-05-23,2020-05-25,2020-05-25,1,0,,0.0008889375022,0.003553541894,0.02079113909,0,temporal_sigmoid
xgboost,S2,2020,2020-05-23,2020-05-17,2020-05-23,2020-05-24,2020-05-26,2020-05-26,1,0,,0.001043144031,0.003857053324,0.02079113909,0,temporal_sigmoid
xgboost,S2,2020,2020-05-24,2020-05-18,2020-05-24,2020-05-25,2020-05-27,2020-05-27,1,0,,0.003966405056,0.007642938118,0.02079113909,0,temporal_sigmoid
xgboost,S2,2020,2020-05-25,2020-05-19,2020-05-25,2020-05-26,2020-05-28,2020-05-28,1,0,,0.003079290269,0.006714019763,0.02079113909,0,temporal_sigmoid
xgboost,S2,2020,2020-05-26,2020-05-20,2020-05-26,2020-05-27,2020-05-29,2020-05-29,1,0,,0.002751867753,0.006338557357,0.02079113909,0,temporal_sigmoid
xgboost,S2,2020,2020-05-27,2020-05-21,2020-05-27,2020-05-28,2020-05-30,2020-05-30,1,0,,0.002264954615,0.005737161718,0.02079113909,0,temporal_sigmoid
xgboost,S2,2020,2020-05-28,2020-05-22,2020-05-28,2020-05-29,2020-05-31,2020-05-31,1,0,,0.0009811513592,0.003737865322,0.02079113909,0,temporal_sigmoid
xgboost,S2,2020,2020-05-29,2020-05-23,2020-05-29,2020-05-30,2020-06-01,2020-06-01,1,0,,0.0006538578891,0.00303602874,0.02079113909,0,temporal_sigmoid
xgboost,S2,2020,2020-05-30,2020-05-24,2020-05-30,2020-05-31,2020-06-02,2020-06-02,1,0,,0.0006738972152,0.003083366847,0.02079113909,0,temporal_sigmoid
xgboost,S2,2020,2020-05-31,2020-05-25,2020-05-31,2020-06-01,2020-06-03,2020-06-03,1,0,,0.0003621649812,0.002242687518,0.02079113909,0,temporal_sigmoid
xgboost,S2,2020,2020-06-01,2020-05-26,2020-06-01,2020-06-02,2020-06-04,2020-06-04,1,0,,0.0007024762454,0.003149704182,0.02079113909,0,temporal_sigmoid
xgboost,S2,2020,2020-06-02,2020-05-27,2020-06-02,2020-06-03,2020-06-05,2020-06-05,1,0,,0.002458174247,0.005982719147,0.02079113909,0,temporal_sigmoid
xgboost,S2,2020,2020-06-03,2020-05-28,2020-06-03,2020-06-04,2020-06-06,2020-06-06,1,0,,0.000798278721,0.003362972838,0.02079113909,0,temporal_sigmoid
xgboost,S2,2020,2020-06-04,2020-05-29,2020-06-04,2020-06-05,2020-06-07,2020-06-07,1,0,,0.0009896868141,0.00375448986,0.02079113909,0,temporal_sigmoid
xgboost,S2,2020,2020-06-05,2020-05-30,2020-06-05,2020-06-06,2020-06-08,2020-06-08,1,0,,0.0009896868141,0.00375448986,0.02079113909,0,temporal_sigmoid
xgboost,S2,2020,2020-06-06,2020-05-31,2020-06-06,2020-06-07,2020-06-09,2020-06-09,1,0,,0.002615701174,0.006176012252,0.02079113909,0,temporal_sigmoid
xgboost,S2,2020,2020-06-07,2020-06-01,2020-06-07,2020-06-08,2020-06-10,2020-06-10,1,0,,0.001486778841,0.004624744739,0.02079113909,0,temporal_sigmoid
xgboost,S2,2020,2020-06-08,2020-06-02,2020-06-08,2020-06-09,2020-06-11,2020-06-11,1,0,,0.001424756483,0.004524911289,0.02079113909,0,temporal_sigmoid
xgboost,S2,2020,2020-06-09,2020-06-03,2020-06-09,2020-06-10,2020-06-12,2020-06-12,1,0,,0.01154517476,0.01321006603,0.02079113909,0,temporal_sigmoid
xgboost,S2,2020,2020-06-10,2020-06-04,2020-06-10,2020-06-11,2020-06-13,2020-06-13,1,0,,0.001263643615,0.00425516993,0.02079113909,0,temporal_sigmoid
xgboost,S2,2020,2020-06-11,2020-06-05,2020-06-11,2020-06-12,2020-06-14,2020-06-14,1,0,,0.004805531818,0.008431824091,0.02079113909,0,temporal_sigmoid
xgboost,S2,2020,2020-06-12,2020-06-06,2020-06-12,2020-06-13,2020-06-15,2020-06-15,1,0,,0.0009555089055,0.003687491735,0.02079113909,0,temporal_sigmoid
xgboost,S2,2020,2020-06-13,2020-06-07,2020-06-13,2020-06-14,2020-06-16,2020-06-16,1,0,,0.0009555089055,0.003687491735,0.02079113909,0,temporal_sigmoid
xgboost,S2,2020,2020-06-14,2020-06-08,2020-06-14,2020-06-15,2020-06-17,2020-06-17,1,0,,0.001755914418,0.00503605814,0.02079113909,0,temporal_sigmoid
xgboost,S2,2020,2020-06-15,2020-06-09,2020-06-15,2020-06-16,2020-06-18,2020-06-18,1,0,,0.002961854218,0.00658170542,0.02079113909,0,temporal_sigmoid
xgboost,S2,2020,2020-06-16,2020-06-10,2020-06-16,2020-06-17,2020-06-19,2020-06-19,1,0,,0.00145927933,0.004580736758,0.02079113909,0,temporal_sigmoid
xgboost,S2,2020,2020-06-17,2020-06-11,2020-06-17,2020-06-18,2020-06-20,2020-06-20,1,0,,0.0009843613952,0.003744125781,0.02079113909,0,temporal_sigmoid
xgboost,S2,2020,2020-06-18,2020-06-12,2020-06-18,2020-06-19,2020-06-21,2020-06-21,1,0,,0.0009564292268,0.003689311015,0.02079113909,0,temporal_sigmoid
xgboost,S2,2020,2020-06-19,2020-06-13,2020-06-19,2020-06-20,2020-06-22,2020-06-22,1,0,,0.00124514685,0.004223151314,0.02079113909,0,temporal_sigmoid
xgboost,S2,2020,2020-06-20,2020-06-14,2020-06-20,2020-06-21,2020-06-23,2020-06-23,1,0,,0.001073079417,0.003913366977,0.02079113909,0,temporal_sigmoid
xgboost,S2,2020,2020-06-21,2020-06-15,2020-06-21,2020-06-22,2020-06-24,2020-06-24,1,0,,0.003839188488,0.007516465237,0.02079113909,0,temporal_sigmoid
xgboost,S2,2020,2020-06-22,2020-06-16,2020-06-22,2020-06-23,2020-06-25,2020-06-25,1,0,,0.00145927933,0.004580736758,0.02079113909,0,temporal_sigmoid
xgboost,S2,2020,2020-06-23,2020-06-17,2020-06-23,2020-06-24,2020-06-26,2020-06-26,1,0,,0.001000492019,0.003775435045,0.02079113909,0,temporal_sigmoid
xgboost,S2,2020,2020-06-24,2020-06-18,2020-06-24,2020-06-25,2020-06-27,2020-06-27,1,0,,0.01016628928,0.01237605072,0.02079113909,0,temporal_sigmoid
xgboost,S2,2020,2020-06-25,2020-06-19,2020-06-25,2020-06-26,2020-06-28,2020-06-28,1,0,,0.02244289406,0.01859145487,0.02079113909,0,temporal_sigmoid
xgboost,S2,2020,2020-06-26,2020-06-20,2020-06-26,2020-06-27,2020-06-29,2020-06-29,1,0,,0.00329775922,0.006953769203,0.02079113909,0,temporal_sigmoid
xgboost,S2,2020,2020-06-27,2020-06-21,2020-06-27,2020-06-28,2020-06-30,2020-06-30,1,0,,0.0007701923023,0.003301810156,0.02079113909,0,temporal_sigmoid
xgboost,S2,2021,2021-02-28,2021-02-22,2021-02-28,2021-03-01,2021-03-03,2021-03-03,1,0,,0.006790162995,0.004762271042,0.009779965221,0,temporal_sigmoid
xgboost,S2,2021,2021-03-01,2021-02-23,2021-03-01,2021-03-02,2021-03-04,2021-03-04,1,0,,0.00679918332,0.004766481122,0.009779965221,0,temporal_sigmoid
xgboost,S2,2021,2021-03-02,2021-02-24,2021-03-02,2021-03-03,2021-03-05,2021-03-05,1,0,,0.006790162995,0.004762271042,0.009779965221,0,temporal_sigmoid
xgboost,S2,2021,2021-03-03,2021-02-25,2021-03-03,2021-03-04,2021-03-06,2021-03-06,1,0,,0.007093193475,0.00490271281,0.009779965221,0,temporal_sigmoid
xgboost,S2,2021,2021-03-04,2021-02-26,2021-03-04,2021-03-05,2021-03-07,2021-03-07,1,0,,0.007093193475,0.00490271281,0.009779965221,0,temporal_sigmoid
xgboost,S2,2021,2021-03-05,2021-02-27,2021-03-05,2021-03-06,2021-03-08,2021-03-08,1,0,,0.007102612872,0.004907046156,0.009779965221,0,temporal_sigmoid
xgboost,S2,2021,2021-03-06,2021-02-28,2021-03-06,2021-03-07,2021-03-09,2021-03-09,1,0,,0.007102612872,0.004907046156,0.009779965221,0,temporal_sigmoid
xgboost,S2,2021,2021-03-07,2021-03-01,2021-03-07,2021-03-08,2021-03-10,2021-03-10,1,0,,0.00679918332,0.004766481122,0.009779965221,0,temporal_sigmoid
xgboost,S2,2021,2021-03-08,2021-03-02,2021-03-08,2021-03-09,2021-03-11,2021-03-11,1,0,,0.0079795653,0.005302595992,0.009779965221,0,temporal_sigmoid
xgboost,S2,2021,2021-03-09,2021-03-03,2021-03-09,2021-03-10,2021-03-12,2021-03-12,1,0,,0.0079795653,0.005302595992,0.009779965221,0,temporal_sigmoid
xgboost,S2,2021,2021-03-10,2021-03-04,2021-03-10,2021-03-11,2021-03-13,2021-03-13,1,0,,0.00801117532,0.005316577862,0.009779965221,0,temporal_sigmoid
xgboost,S2,2021,2021-03-11,2021-03-05,2021-03-11,2021-03-12,2021-03-14,2021-03-14,1,0,,0.00801117532,0.005316577862,0.009779965221,0,temporal_sigmoid
xgboost,S2,2021,2021-03-12,2021-03-06,2021-03-12,2021-03-13,2021-03-15,2021-03-15,1,0,,0.007130774204,0.004919990327,0.009779965221,0,temporal_sigmoid
xgboost,S2,2021,2021-03-13,2021-03-07,2021-03-13,2021-03-14,2021-03-16,2021-03-16,1,0,,0.008058206178,0.005337347156,0.009779965221,0,temporal_sigmoid
xgboost,S2,2021,2021-03-14,2021-03-08,2021-03-14,2021-03-15,2021-03-17,2021-03-17,1,0,,0.007093193475,0.00490271281,0.009779965221,0,temporal_sigmoid
xgboost,S2,2021,2021-03-15,2021-03-09,2021-03-15,2021-03-16,2021-03-18,2021-03-18,1,0,,0.007093193475,0.00490271281,0.009779965221,0,temporal_sigmoid
xgboost,S2,2021,2021-03-16,2021-03-10,2021-03-16,2021-03-17,2021-03-19,2021-03-19,1,0,,0.007093193475,0.00490271281,0.009779965221,0,temporal_sigmoid
xgboost,S2,2021,2021-03-17,2021-03-11,2021-03-17,2021-03-18,2021-03-20,2021-03-20,1,0,,0.008026411757,0.005323310811,0.009779965221,0,temporal_sigmoid
xgboost,S2,2021,2021-03-18,2021-03-12,2021-03-18,2021-03-19,2021-03-21,2021-03-21,1,0,,0.008026411757,0.005323310811,0.009779965221,0,temporal_sigmoid
xgboost,S2,2021,2021-03-19,2021-03-13,2021-03-19,2021-03-20,2021-03-22,2021-03-22,1,0,,0.007683821954,0.005170883517,0.009779965221,0,temporal_sigmoid
xgboost,S2,2021,2021-03-20,2021-03-14,2021-03-20,2021-03-21,2021-03-23,2021-03-23,1,0,,0.09529083222,0.02859189338,0.009779965221,1,temporal_sigmoid
xgboost,S2,2021,2021-03-21,2021-03-15,2021-03-21,2021-03-22,2021-03-24,2021-03-24,1,0,,0.4777550101,0.1101007088,0.009779965221,1,temporal_sigmoid
xgboost,S2,2021,2021-03-22,2021-03-16,2021-03-22,2021-03-23,2021-03-25,2021-03-25,1,0,,0.6390330195,0.1609526331,0.009779965221,1,temporal_sigmoid
xgboost,S2,2021,2021-03-23,2021-03-17,2021-03-23,2021-03-24,2021-03-26,2021-03-26,1,0,,0.6377642751,0.1604602046,0.009779965221,1,temporal_sigmoid
xgboost,S2,2021,2021-03-24,2021-03-18,2021-03-24,2021-03-25,2021-03-27,2021-03-27,1,0,,0.4948875904,0.1146446547,0.009779965221,1,temporal_sigmoid
xgboost,S2,2021,2021-03-25,2021-03-19,2021-03-25,2021-03-26,2021-03-28,2021-03-28,1,0,,0.6405892968,0.1615593611,0.009779965221,1,temporal_sigmoid
xgboost,S2,2021,2021-03-26,2021-03-20,2021-03-26,2021-03-27,2021-03-29,2021-03-29,1,0,,0.5022046566,0.1166329274,0.009779965221,1,temporal_sigmoid
xgboost,S2,2021,2021-03-27,2021-03-21,2021-03-27,2021-03-28,2021-03-30,2021-03-30,1,0,,0.1526247859,0.04034018494,0.009779965221,1,temporal_sigmoid
xgboost,S2,2021,2021-03-28,2021-03-22,2021-03-28,2021-03-29,2021-03-31,2021-03-31,1,0,,0.05460958928,0.01936647477,0.009779965221,1,temporal_sigmoid
xgboost,S2,2021,2021-03-29,2021-03-23,2021-03-29,2021-03-30,2021-04-01,2021-04-01,1,0,,0.0056767161,0.004227225973,0.009779965221,0,temporal_sigmoid
xgboost,S2,2021,2021-03-30,2021-03-24,2021-03-30,2021-03-31,2021-04-02,2021-04-02,1,0,,0.0462985225,0.01729077902,0.009779965221,1,temporal_sigmoid
xgboost,S2,2021,2021-03-31,2021-03-25,2021-03-31,2021-04-01,2021-04-03,2021-04-03,1,0,,0.2831529975,0.06613771545,0.009779965221,1,temporal_sigmoid
xgboost,S2,2021,2021-04-01,2021-03-26,2021-04-01,2021-04-02,2021-04-04,2021-04-04,1,0,,0.5426617265,0.1282036898,0.009779965221,1,temporal_sigmoid
xgboost,S2,2021,2021-04-02,2021-03-27,2021-04-02,2021-04-03,2021-04-05,2021-04-05,1,0,,0.3654354811,0.08339078989,0.009779965221,1,temporal_sigmoid
xgboost,S2,2021,2021-04-03,2021-03-28,2021-04-03,2021-04-04,2021-04-06,2021-04-06,1,0,,0.3280083835,0.07536994378,0.009779965221,1,temporal_sigmoid
xgboost,S2,2021,2021-04-04,2021-03-29,2021-04-04,2021-04-05,2021-04-07,2021-04-07,1,0,,0.07310668379,0.02371247857,0.009779965221,1,temporal_sigmoid
xgboost,S2,2021,2021-04-05,2021-03-30,2021-04-05,2021-04-06,2021-04-08,2021-04-08,1,0,,0.01064746175,0.006426658632,0.009779965221,0,temporal_sigmoid
xgboost,S2,2021,2021-04-06,2021-03-31,2021-04-06,2021-04-07,2021-04-09,2021-04-09,1,0,,0.006451959256,0.004603055182,0.009779965221,0,temporal_sigmoid
xgboost,S2,2021,2021-04-07,2021-04-01,2021-04-07,2021-04-08,2021-04-10,2021-04-10,1,0,,0.02144280449,0.01026667728,0.009779965221,1,temporal_sigmoid
xgboost,S2,2021,2021-04-08,2021-04-02,2021-04-08,2021-04-09,2021-04-11,2021-04-11,1,0,,0.006640304346,0.004692053867,0.009779965221,0,temporal_sigmoid
xgboost,S2,2021,2021-04-09,2021-04-03,2021-04-09,2021-04-10,2021-04-12,2021-04-12,1,0,,0.07590949535,0.02434570462,0.009779965221,1,temporal_sigmoid
xgboost,S2,2021,2021-04-10,2021-04-04,2021-04-10,2021-04-11,2021-04-13,2021-04-13,1,0,,0.492205441,0.1139231511,0.009779965221,1,temporal_sigmoid
xgboost,S2,2021,2021-04-11,2021-04-05,2021-04-11,2021-04-12,2021-04-14,2021-04-14,1,1,fixed36_0040,0.3261310756,0.07497603904,0.009779965221,1,temporal_sigmoid
xgboost,S2,2021,2021-04-12,2021-04-06,2021-04-12,2021-04-13,2021-04-15,2021-04-15,1,0,,0.7569602132,0.218248757,0.009779965221,1,temporal_sigmoid
xgboost,S2,2021,2021-04-13,2021-04-07,2021-04-13,2021-04-14,2021-04-16,2021-04-16,1,0,,0.7803844213,0.2335567543,0.009779965221,1,temporal_sigmoid
xgboost,S2,2021,2021-04-14,2021-04-08,2021-04-14,2021-04-15,2021-04-17,2021-04-17,1,0,,0.7998681664,0.2478257036,0.009779965221,1,temporal_sigmoid
xgboost,S2,2021,2021-04-15,2021-04-09,2021-04-15,2021-04-16,2021-04-18,2021-04-18,1,0,,0.596547544,0.1454464141,0.009779965221,1,temporal_sigmoid
xgboost,S2,2021,2021-04-16,2021-04-10,2021-04-16,2021-04-17,2021-04-19,2021-04-19,1,0,,0.06472376734,0.02178221383,0.009779965221,1,temporal_sigmoid
xgboost,S2,2021,2021-04-17,2021-04-11,2021-04-17,2021-04-18,2021-04-20,2021-04-20,1,0,,0.006225598045,0.004494945827,0.009779965221,0,temporal_sigmoid
xgboost,S2,2021,2021-04-18,2021-04-12,2021-04-18,2021-04-19,2021-04-21,2021-04-21,1,1,fixed36_0041,0.02780380659,0.01222908413,0.009779965221,1,temporal_sigmoid
xgboost,S2,2021,2021-04-19,2021-04-13,2021-04-19,2021-04-20,2021-04-22,2021-04-22,1,0,,0.4697289765,0.1080228214,0.009779965221,1,temporal_sigmoid
xgboost,S2,2021,2021-04-20,2021-04-14,2021-04-20,2021-04-21,2021-04-23,2021-04-23,1,0,,0.8447556496,0.2879698067,0.009779965221,1,temporal_sigmoid
xgboost,S2,2021,2021-04-21,2021-04-15,2021-04-21,2021-04-22,2021-04-24,2021-04-24,1,0,,0.8035238981,0.2506840805,0.009779965221,1,temporal_sigmoid
xgboost,S2,2021,2021-04-22,2021-04-16,2021-04-22,2021-04-23,2021-04-25,2021-04-25,1,0,,0.01386288553,0.00766501372,0.009779965221,0,temporal_sigmoid
xgboost,S2,2021,2021-04-23,2021-04-17,2021-04-23,2021-04-24,2021-04-26,2021-04-26,1,1,fixed36_0042,0.09918306023,0.02942150574,0.009779965221,1,temporal_sigmoid
xgboost,S2,2021,2021-04-24,2021-04-18,2021-04-24,2021-04-25,2021-04-27,2021-04-27,1,1,fixed36_0042,0.1665232331,0.04309270974,0.009779965221,1,temporal_sigmoid
xgboost,S2,2021,2021-04-25,2021-04-19,2021-04-25,2021-04-26,2021-04-28,2021-04-28,1,1,fixed36_0042,0.3163784742,0.07294121534,0.009779965221,1,temporal_sigmoid
xgboost,S2,2021,2021-04-26,2021-04-20,2021-04-26,2021-04-27,2021-04-29,2021-04-29,1,1,fixed36_0042,0.7813442349,0.2342243997,0.009779965221,1,temporal_sigmoid
xgboost,S2,2021,2021-04-27,2021-04-21,2021-04-27,2021-04-28,2021-04-30,2021-04-30,1,0,,0.7297612429,0.2025108213,0.009779965221,1,temporal_sigmoid
xgboost,S2,2021,2021-04-28,2021-04-22,2021-04-28,2021-04-29,2021-05-01,2021-05-01,1,0,,0.654558599,0.1671436261,0.009779965221,1,temporal_sigmoid
xgboost,S2,2021,2021-04-29,2021-04-23,2021-04-29,2021-04-30,2021-05-02,2021-05-02,1,0,,0.8032637835,0.2504786541,0.009779965221,1,temporal_sigmoid
xgboost,S2,2021,2021-04-30,2021-04-24,2021-04-30,2021-05-01,2021-05-03,2021-05-03,1,0,,0.7549210787,0.2169987011,0.009779965221,1,temporal_sigmoid
xgboost,S2,2021,2021-05-01,2021-04-25,2021-05-01,2021-05-02,2021-05-04,2021-05-04,1,0,,0.1618752778,0.04217444037,0.009779965221,1,temporal_sigmoid
xgboost,S2,2021,2021-05-02,2021-04-26,2021-05-02,2021-05-03,2021-05-05,2021-05-05,1,0,,0.09877473861,0.02933478095,0.009779965221,1,temporal_sigmoid
xgboost,S2,2021,2021-05-03,2021-04-27,2021-05-03,2021-05-04,2021-05-06,2021-05-06,1,0,,0.006999926642,0.004859702684,0.009779965221,0,temporal_sigmoid
xgboost,S2,2021,2021-05-04,2021-04-28,2021-05-04,2021-05-05,2021-05-07,2021-05-07,1,0,,0.008708914742,0.00562074532,0.009779965221,0,temporal_sigmoid
xgboost,S2,2021,2021-05-05,2021-04-29,2021-05-05,2021-05-06,2021-05-08,2021-05-08,1,0,,0.008713052608,0.005622524694,0.009779965221,0,temporal_sigmoid
xgboost,S2,2021,2021-05-06,2021-04-30,2021-05-06,2021-05-07,2021-05-09,2021-05-09,1,0,,0.008403236978,0.005488516413,0.009779965221,0,temporal_sigmoid
xgboost,S2,2021,2021-05-07,2021-05-01,2021-05-07,2021-05-08,2021-05-10,2021-05-10,1,0,,0.008136441,0.005371808222,0.009779965221,0,temporal_sigmoid
xgboost,S2,2021,2021-05-08,2021-05-02,2021-05-08,2021-05-09,2021-05-11,2021-05-11,1,0,,0.009118664078,0.005795626168,0.009779965221,0,temporal_sigmoid
xgboost,S2,2021,2021-05-09,2021-05-03,2021-05-09,2021-05-10,2021-05-12,2021-05-12,1,0,,0.008127691224,0.005367959536,0.009779965221,0,temporal_sigmoid
xgboost,S2,2021,2021-05-10,2021-05-04,2021-05-10,2021-05-11,2021-05-13,2021-05-13,1,0,,0.008127691224,0.005367959536,0.009779965221,0,temporal_sigmoid
xgboost,S2,2021,2021-05-11,2021-05-05,2021-05-11,2021-05-12,2021-05-14,2021-05-14,1,0,,0.007251430769,0.00497525937,0.009779965221,0,temporal_sigmoid
xgboost,S2,2021,2021-05-12,2021-05-06,2021-05-12,2021-05-13,2021-05-15,2021-05-15,1,0,,0.007251430769,0.00497525937,0.009779965221,0,temporal_sigmoid
xgboost,S2,2021,2021-05-13,2021-05-07,2021-05-13,2021-05-14,2021-05-16,2021-05-16,1,0,,0.007192902267,0.004948487522,0.009779965221,0,temporal_sigmoid
xgboost,S2,2021,2021-05-14,2021-05-08,2021-05-14,2021-05-15,2021-05-17,2021-05-17,1,0,,0.007096125744,0.004904061989,0.009779965221,0,temporal_sigmoid
xgboost,S2,2021,2021-05-15,2021-05-09,2021-05-15,2021-05-16,2021-05-18,2021-05-18,1,0,,0.02159361728,0.01031513749,0.009779965221,1,temporal_sigmoid
xgboost,S2,2021,2021-05-16,2021-05-10,2021-05-16,2021-05-17,2021-05-19,2021-05-19,1,0,,0.01938492805,0.009594277836,0.009779965221,0,temporal_sigmoid
xgboost,S2,2021,2021-05-17,2021-05-11,2021-05-17,2021-05-18,2021-05-20,2021-05-20,1,0,,0.008277263492,0.005433564487,0.009779965221,0,temporal_sigmoid
xgboost,S2,2021,2021-05-18,2021-05-12,2021-05-18,2021-05-19,2021-05-21,2021-05-21,1,0,,0.009605151601,0.005999945672,0.009779965221,0,temporal_sigmoid
xgboost,S2,2021,2021-05-19,2021-05-13,2021-05-19,2021-05-20,2021-05-22,2021-05-22,1,0,,0.01365240477,0.007587029548,0.009779965221,0,temporal_sigmoid
xgboost,S2,2021,2021-05-20,2021-05-14,2021-05-20,2021-05-21,2021-05-23,2021-05-23,1,0,,0.01048945729,0.006362882382,0.009779965221,0,temporal_sigmoid
xgboost,S2,2021,2021-05-21,2021-05-15,2021-05-21,2021-05-22,2021-05-24,2021-05-24,1,0,,0.09637550265,0.02882375521,0.009779965221,1,temporal_sigmoid
xgboost,S2,2021,2021-05-22,2021-05-16,2021-05-22,2021-05-23,2021-05-25,2021-05-25,1,0,,0.4786937833,0.1103458088,0.009779965221,1,temporal_sigmoid
xgboost,S2,2021,2021-05-23,2021-05-17,2021-05-23,2021-05-24,2021-05-26,2021-05-26,1,0,,0.45369941,0.1039631743,0.009779965221,1,temporal_sigmoid
xgboost,S2,2021,2021-05-24,2021-05-18,2021-05-24,2021-05-25,2021-05-27,2021-05-27,1,0,,0.01901938766,0.009472534673,0.009779965221,0,temporal_sigmoid
xgboost,S2,2021,2021-05-25,2021-05-19,2021-05-25,2021-05-26,2021-05-28,2021-05-28,1,0,,0.008800030686,0.005659863186,0.009779965221,0,temporal_sigmoid
xgboost,S2,2021,2021-05-26,2021-05-20,2021-05-26,2021-05-27,2021-05-29,2021-05-29,1,0,,0.009679902345,0.006031036219,0.009779965221,0,temporal_sigmoid
xgboost,S2,2021,2021-05-27,2021-05-21,2021-05-27,2021-05-28,2021-05-30,2021-05-30,1,0,,0.01030072849,0.006286291863,0.009779965221,0,temporal_sigmoid
xgboost,S2,2021,2021-05-28,2021-05-22,2021-05-28,2021-05-29,2021-05-31,2021-05-31,1,0,,0.007855212316,0.005247413538,0.009779965221,0,temporal_sigmoid
xgboost,S2,2021,2021-05-29,2021-05-23,2021-05-29,2021-05-30,2021-06-01,2021-06-01,1,0,,0.0360685885,0.01458474506,0.009779965221,1,temporal_sigmoid
xgboost,S2,2021,2021-05-30,2021-05-24,2021-05-30,2021-05-31,2021-06-02,2021-06-02,1,0,,0.01890210062,0.009433315887,0.009779965221,0,temporal_sigmoid
xgboost,S2,2021,2021-05-31,2021-05-25,2021-05-31,2021-06-01,2021-06-03,2021-06-03,1,0,,0.00817479752,0.005388663712,0.009779965221,0,temporal_sigmoid
xgboost,S2,2021,2021-06-01,2021-05-26,2021-06-01,2021-06-02,2021-06-04,2021-06-04,1,0,,0.007078646682,0.004896016894,0.009779965221,0,temporal_sigmoid
xgboost,S2,2021,2021-06-02,2021-05-27,2021-06-02,2021-06-03,2021-06-05,2021-06-05,1,0,,0.007127381861,0.004918431955,0.009779965221,0,temporal_sigmoid
xgboost,S2,2021,2021-06-03,2021-05-28,2021-06-03,2021-06-04,2021-06-06,2021-06-06,1,0,,0.009374531917,0.005903521712,0.009779965221,0,temporal_sigmoid
xgboost,S2,2021,2021-06-04,2021-05-29,2021-06-04,2021-06-05,2021-06-07,2021-06-07,1,0,,0.007563645486,0.005116885774,0.009779965221,0,temporal_sigmoid
xgboost,S2,2021,2021-06-05,2021-05-30,2021-06-05,2021-06-06,2021-06-08,2021-06-08,1,0,,0.007239522412,0.004969818102,0.009779965221,0,temporal_sigmoid
xgboost,S2,2021,2021-06-06,2021-05-31,2021-06-06,2021-06-07,2021-06-09,2021-06-09,1,0,,0.007047603372,0.004881712374,0.009779965221,0,temporal_sigmoid
xgboost,S2,2021,2021-06-07,2021-06-01,2021-06-07,2021-06-08,2021-06-10,2021-06-10,1,0,,0.007285948377,0.004991014804,0.009779965221,0,temporal_sigmoid
xgboost,S2,2021,2021-06-08,2021-06-02,2021-06-08,2021-06-09,2021-06-11,2021-06-11,1,0,,0.007118887268,0.004914528639,0.009779965221,0,temporal_sigmoid
xgboost,S2,2021,2021-06-09,2021-06-03,2021-06-09,2021-06-10,2021-06-12,2021-06-12,1,0,,0.007118887268,0.004914528639,0.009779965221,0,temporal_sigmoid
xgboost,S2,2021,2021-06-10,2021-06-04,2021-06-10,2021-06-11,2021-06-13,2021-06-13,1,0,,0.007078646682,0.004896016894,0.009779965221,0,temporal_sigmoid
xgboost,S2,2021,2021-06-11,2021-06-05,2021-06-11,2021-06-12,2021-06-14,2021-06-14,1,0,,0.0070923944,0.004902345112,0.009779965221,0,temporal_sigmoid
xgboost,S2,2021,2021-06-12,2021-06-06,2021-06-12,2021-06-13,2021-06-15,2021-06-15,1,0,,0.0070923944,0.004902345112,0.009779965221,0,temporal_sigmoid
xgboost,S2,2021,2021-06-13,2021-06-07,2021-06-13,2021-06-14,2021-06-16,2021-06-16,1,0,,0.007257031277,0.004977817381,0.009779965221,0,temporal_sigmoid
xgboost,S2,2021,2021-06-14,2021-06-08,2021-06-14,2021-06-15,2021-06-17,2021-06-17,1,0,,0.007253579795,0.004976241007,0.009779965221,0,temporal_sigmoid
xgboost,S2,2021,2021-06-15,2021-06-09,2021-06-15,2021-06-16,2021-06-18,2021-06-18,1,0,,0.007244349457,0.004972024073,0.009779965221,0,temporal_sigmoid
xgboost,S2,2021,2021-06-16,2021-06-10,2021-06-16,2021-06-17,2021-06-19,2021-06-19,1,0,,0.007083367091,0.004898190205,0.009779965221,0,temporal_sigmoid
xgboost,S2,2021,2021-06-17,2021-06-11,2021-06-17,2021-06-18,2021-06-20,2021-06-20,1,0,,0.007115584798,0.004913010719,0.009779965221,0,temporal_sigmoid
xgboost,S2,2021,2021-06-18,2021-06-12,2021-06-18,2021-06-19,2021-06-21,2021-06-21,1,0,,0.007164569572,0.004935501873,0.009779965221,0,temporal_sigmoid
xgboost,S2,2021,2021-06-19,2021-06-13,2021-06-19,2021-06-20,2021-06-22,2021-06-22,1,0,,0.007127381861,0.004918431955,0.009779965221,0,temporal_sigmoid
xgboost,S2,2021,2021-06-20,2021-06-14,2021-06-20,2021-06-21,2021-06-23,2021-06-23,1,0,,0.007078646682,0.004896016894,0.009779965221,0,temporal_sigmoid
xgboost,S2,2021,2021-06-21,2021-06-15,2021-06-21,2021-06-22,2021-06-24,2021-06-24,1,0,,0.007078646682,0.004896016894,0.009779965221,0,temporal_sigmoid
xgboost,S2,2021,2021-06-22,2021-06-16,2021-06-22,2021-06-23,2021-06-25,2021-06-25,1,0,,0.007091041189,0.004901722395,0.009779965221,0,temporal_sigmoid
xgboost,S2,2021,2021-06-23,2021-06-17,2021-06-23,2021-06-24,2021-06-26,2021-06-26,1,0,,0.007087667938,0.00490016993,0.009779965221,0,temporal_sigmoid
xgboost,S2,2021,2021-06-24,2021-06-18,2021-06-24,2021-06-25,2021-06-27,2021-06-27,1,0,,0.007248746697,0.004974033199,0.009779965221,0,temporal_sigmoid
xgboost,S2,2021,2021-06-25,2021-06-19,2021-06-25,2021-06-26,2021-06-28,2021-06-28,1,0,,0.007257031277,0.004977817381,0.009779965221,0,temporal_sigmoid
xgboost,S2,2021,2021-06-26,2021-06-20,2021-06-26,2021-06-27,2021-06-29,2021-06-29,1,0,,0.00725219585,0.004975608856,0.009779965221,0,temporal_sigmoid
xgboost,S2,2021,2021-06-27,2021-06-21,2021-06-27,2021-06-28,2021-06-30,2021-06-30,1,0,,0.007299273275,0.004997090308,0.009779965221,0,temporal_sigmoid
xgboost,S2,2022,2022-02-28,2022-02-22,2022-02-28,2022-03-01,2022-03-03,2022-03-03,1,0,,0.01053559035,0.002152952902,0.03012381009,0,temporal_sigmoid
xgboost,S2,2022,2022-03-01,2022-02-23,2022-03-01,2022-03-02,2022-03-04,2022-03-04,1,0,,0.009740490466,0.002017047158,0.03012381009,0,temporal_sigmoid
xgboost,S2,2022,2022-03-02,2022-02-24,2022-03-02,2022-03-03,2022-03-05,2022-03-05,1,0,,0.009740490466,0.002017047158,0.03012381009,0,temporal_sigmoid
xgboost,S2,2022,2022-03-03,2022-02-25,2022-03-03,2022-03-04,2022-03-06,2022-03-06,1,0,,0.009729412384,0.002015141294,0.03012381009,0,temporal_sigmoid
xgboost,S2,2022,2022-03-04,2022-02-26,2022-03-04,2022-03-05,2022-03-07,2022-03-07,1,0,,0.01109637134,0.002247816489,0.03012381009,0,temporal_sigmoid
xgboost,S2,2022,2022-03-05,2022-02-27,2022-03-05,2022-03-06,2022-03-08,2022-03-08,1,0,,0.009712140076,0.002012169082,0.03012381009,0,temporal_sigmoid
xgboost,S2,2022,2022-03-06,2022-02-28,2022-03-06,2022-03-07,2022-03-09,2022-03-09,1,0,,0.01109637134,0.002247816489,0.03012381009,0,temporal_sigmoid
xgboost,S2,2022,2022-03-07,2022-03-01,2022-03-07,2022-03-08,2022-03-10,2022-03-10,1,0,,0.009626422077,0.001997406122,0.03012381009,0,temporal_sigmoid
xgboost,S2,2022,2022-03-08,2022-03-02,2022-03-08,2022-03-09,2022-03-11,2022-03-11,1,0,,0.008904454298,0.001872197392,0.03012381009,0,temporal_sigmoid
xgboost,S2,2022,2022-03-09,2022-03-03,2022-03-09,2022-03-10,2022-03-12,2022-03-12,1,0,,0.008904454298,0.001872197392,0.03012381009,0,temporal_sigmoid
xgboost,S2,2022,2022-03-10,2022-03-04,2022-03-10,2022-03-11,2022-03-13,2022-03-13,1,0,,0.008904454298,0.001872197392,0.03012381009,0,temporal_sigmoid
xgboost,S2,2022,2022-03-11,2022-03-05,2022-03-11,2022-03-12,2022-03-14,2022-03-14,1,0,,0.01167660579,0.002345171928,0.03012381009,0,temporal_sigmoid
xgboost,S2,2022,2022-03-12,2022-03-06,2022-03-12,2022-03-13,2022-03-15,2022-03-15,1,0,,0.01002437808,0.002065769178,0.03012381009,0,temporal_sigmoid
xgboost,S2,2022,2022-03-13,2022-03-07,2022-03-13,2022-03-14,2022-03-16,2022-03-16,1,0,,0.01002437808,0.002065769178,0.03012381009,0,temporal_sigmoid
xgboost,S2,2022,2022-03-14,2022-03-08,2022-03-14,2022-03-15,2022-03-17,2022-03-17,1,0,,0.2064841092,0.0291926067,0.03012381009,0,temporal_sigmoid
xgboost,S2,2022,2022-03-15,2022-03-09,2022-03-15,2022-03-16,2022-03-18,2022-03-18,1,0,,0.1193863153,0.01726512206,0.03012381009,0,temporal_sigmoid
xgboost,S2,2022,2022-03-16,2022-03-10,2022-03-16,2022-03-17,2022-03-19,2022-03-19,1,0,,0.318266362,0.04642334436,0.03012381009,1,temporal_sigmoid
xgboost,S2,2022,2022-03-17,2022-03-11,2022-03-17,2022-03-18,2022-03-20,2022-03-20,1,0,,0.4717787206,0.07672741006,0.03012381009,1,temporal_sigmoid
xgboost,S2,2022,2022-03-18,2022-03-12,2022-03-18,2022-03-19,2022-03-21,2022-03-21,1,0,,0.548073709,0.09660585061,0.03012381009,1,temporal_sigmoid
xgboost,S2,2022,2022-03-19,2022-03-13,2022-03-19,2022-03-20,2022-03-22,2022-03-22,1,0,,0.4130831659,0.06392204724,0.03012381009,1,temporal_sigmoid
xgboost,S2,2022,2022-03-20,2022-03-14,2022-03-20,2022-03-21,2022-03-23,2022-03-23,1,0,,0.3595315814,0.05363339911,0.03012381009,1,temporal_sigmoid
xgboost,S2,2022,2022-03-21,2022-03-15,2022-03-21,2022-03-22,2022-03-24,2022-03-24,1,0,,0.01488244347,0.002870475874,0.03012381009,0,temporal_sigmoid
xgboost,S2,2022,2022-03-22,2022-03-16,2022-03-22,2022-03-23,2022-03-25,2022-03-25,1,0,,0.01218696684,0.00243017203,0.03012381009,0,temporal_sigmoid
xgboost,S2,2022,2022-03-23,2022-03-17,2022-03-23,2022-03-24,2022-03-26,2022-03-26,1,0,,0.7142513394,0.1625508599,0.03012381009,1,temporal_sigmoid
xgboost,S2,2022,2022-03-24,2022-03-18,2022-03-24,2022-03-25,2022-03-27,2022-03-27,1,0,,0.01302304491,0.002568227091,0.03012381009,0,temporal_sigmoid
xgboost,S2,2022,2022-03-25,2022-03-19,2022-03-25,2022-03-26,2022-03-28,2022-03-28,1,0,,0.01266751904,0.002509696779,0.03012381009,0,temporal_sigmoid
xgboost,S2,2022,2022-03-26,2022-03-20,2022-03-26,2022-03-27,2022-03-29,2022-03-29,1,0,,0.01228781603,0.002446901373,0.03012381009,0,temporal_sigmoid
xgboost,S2,2022,2022-03-27,2022-03-21,2022-03-27,2022-03-28,2022-03-30,2022-03-30,1,0,,0.01126770489,0.00227664613,0.03012381009,0,temporal_sigmoid
xgboost,S2,2022,2022-03-28,2022-03-22,2022-03-28,2022-03-29,2022-03-31,2022-03-31,1,0,,0.01126770489,0.00227664613,0.03012381009,0,temporal_sigmoid
xgboost,S2,2022,2022-03-29,2022-03-23,2022-03-29,2022-03-30,2022-04-01,2022-04-01,1,0,,0.01056995522,0.002158788956,0.03012381009,0,temporal_sigmoid
xgboost,S2,2022,2022-03-30,2022-03-24,2022-03-30,2022-03-31,2022-04-02,2022-04-02,1,0,,0.01250773761,0.002483308553,0.03012381009,0,temporal_sigmoid
xgboost,S2,2022,2022-03-31,2022-03-25,2022-03-31,2022-04-01,2022-04-03,2022-04-03,1,0,,0.257370919,0.03668560415,0.03012381009,1,temporal_sigmoid
xgboost,S2,2022,2022-04-01,2022-03-26,2022-04-01,2022-04-02,2022-04-04,2022-04-04,1,0,,0.358490169,0.05344437615,0.03012381009,1,temporal_sigmoid
xgboost,S2,2022,2022-04-02,2022-03-27,2022-04-02,2022-04-03,2022-04-05,2022-04-05,1,0,,0.01343357563,0.002635504065,0.03012381009,0,temporal_sigmoid
xgboost,S2,2022,2022-04-03,2022-03-28,2022-04-03,2022-04-04,2022-04-06,2022-04-06,1,0,,0.01121226139,0.002267324536,0.03012381009,0,temporal_sigmoid
xgboost,S2,2022,2022-04-04,2022-03-29,2022-04-04,2022-04-05,2022-04-07,2022-04-07,1,0,,0.01611561701,0.003067709279,0.03012381009,0,temporal_sigmoid
xgboost,S2,2022,2022-04-05,2022-03-30,2022-04-05,2022-04-06,2022-04-08,2022-04-08,1,0,,0.3333677351,0.04899779499,0.03012381009,1,temporal_sigmoid
xgboost,S2,2022,2022-04-06,2022-03-31,2022-04-06,2022-04-07,2022-04-09,2022-04-09,1,0,,0.0194649417,0.003592549825,0.03012381009,0,temporal_sigmoid
xgboost,S2,2022,2022-04-07,2022-04-01,2022-04-07,2022-04-08,2022-04-10,2022-04-10,1,0,,0.3244397938,0.04746729892,0.03012381009,1,temporal_sigmoid
xgboost,S2,2022,2022-04-08,2022-04-02,2022-04-08,2022-04-09,2022-04-11,2022-04-11,1,0,,0.3497569859,0.05187432351,0.03012381009,1,temporal_sigmoid
xgboost,S2,2022,2022-04-09,2022-04-03,2022-04-09,2022-04-10,2022-04-12,2022-04-12,1,0,,0.2815492451,0.04043827131,0.03012381009,1,temporal_sigmoid
xgboost,S2,2022,2022-04-10,2022-04-04,2022-04-10,2022-04-11,2022-04-13,2022-04-13,1,0,,0.2056349069,0.02907159133,0.03012381009,0,temporal_sigmoid
xgboost,S2,2022,2022-04-11,2022-04-05,2022-04-11,2022-04-12,2022-04-14,2022-04-14,1,0,,0.2021318972,0.02857363525,0.03012381009,0,temporal_sigmoid
xgboost,S2,2022,2022-04-12,2022-04-06,2022-04-12,2022-04-13,2022-04-15,2022-04-15,1,0,,0.0186881721,0.003472108204,0.03012381009,0,temporal_sigmoid
xgboost,S2,2022,2022-04-13,2022-04-07,2022-04-13,2022-04-14,2022-04-16,2022-04-16,1,0,,0.02305145003,0.004140146361,0.03012381009,0,temporal_sigmoid
xgboost,S2,2022,2022-04-14,2022-04-08,2022-04-14,2022-04-15,2022-04-17,2022-04-17,1,0,,0.02116285823,0.003853439897,0.03012381009,0,temporal_sigmoid
xgboost,S2,2022,2022-04-15,2022-04-09,2022-04-15,2022-04-16,2022-04-18,2022-04-18,1,0,,0.7572874427,0.1889894221,0.03012381009,1,temporal_sigmoid
xgboost,S2,2022,2022-04-16,2022-04-10,2022-04-16,2022-04-17,2022-04-19,2022-04-19,1,0,,0.792764008,0.2160901175,0.03012381009,1,temporal_sigmoid
xgboost,S2,2022,2022-04-17,2022-04-11,2022-04-17,2022-04-18,2022-04-20,2022-04-20,1,0,,0.7259408236,0.1691646397,0.03012381009,1,temporal_sigmoid
xgboost,S2,2022,2022-04-18,2022-04-12,2022-04-18,2022-04-19,2022-04-21,2022-04-21,1,0,,0.1824329793,0.02580846582,0.03012381009,0,temporal_sigmoid
xgboost,S2,2022,2022-04-19,2022-04-13,2022-04-19,2022-04-20,2022-04-22,2022-04-22,1,0,,0.1315342337,0.01888493103,0.03012381009,0,temporal_sigmoid
xgboost,S2,2022,2022-04-20,2022-04-14,2022-04-20,2022-04-21,2022-04-23,2022-04-23,1,0,,0.008989399299,0.001887012188,0.03012381009,0,temporal_sigmoid
xgboost,S2,2022,2022-04-21,2022-04-15,2022-04-21,2022-04-22,2022-04-24,2022-04-24,1,0,,0.009800076485,0.002027292308,0.03012381009,0,temporal_sigmoid
xgboost,S2,2022,2022-04-22,2022-04-16,2022-04-22,2022-04-23,2022-04-25,2022-04-25,1,0,,0.008317989297,0.001769273103,0.03012381009,0,temporal_sigmoid
xgboost,S2,2022,2022-04-23,2022-04-17,2022-04-23,2022-04-24,2022-04-26,2022-04-26,1,0,,0.04667575285,0.007531008326,0.03012381009,0,temporal_sigmoid
xgboost,S2,2022,2022-04-24,2022-04-18,2022-04-24,2022-04-25,2022-04-27,2022-04-27,1,0,,0.06896115094,0.01056136906,0.03012381009,0,temporal_sigmoid
xgboost,S2,2022,2022-04-25,2022-04-19,2022-04-25,2022-04-26,2022-04-28,2022-04-28,1,0,,0.08817994595,0.0131239962,0.03012381009,0,temporal_sigmoid
xgboost,S2,2022,2022-04-26,2022-04-20,2022-04-26,2022-04-27,2022-04-29,2022-04-29,1,0,,0.1033055708,0.01513015704,0.03012381009,0,temporal_sigmoid
xgboost,S2,2022,2022-04-27,2022-04-21,2022-04-27,2022-04-28,2022-04-30,2022-04-30,1,0,,0.1044691652,0.01528445207,0.03012381009,0,temporal_sigmoid
xgboost,S2,2022,2022-04-28,2022-04-22,2022-04-28,2022-04-29,2022-05-01,2022-05-01,1,0,,0.1488321722,0.02120885758,0.03012381009,0,temporal_sigmoid
xgboost,S2,2022,2022-04-29,2022-04-23,2022-04-29,2022-04-30,2022-05-02,2022-05-02,1,0,,0.5096181035,0.08605367394,0.03012381009,1,temporal_sigmoid
xgboost,S2,2022,2022-04-30,2022-04-24,2022-04-30,2022-05-01,2022-05-03,2022-05-03,1,0,,0.2449492663,0.03480920215,0.03012381009,1,temporal_sigmoid
xgboost,S2,2022,2022-05-01,2022-04-25,2022-05-01,2022-05-02,2022-05-04,2022-05-04,1,0,,0.01672806032,0.003164806275,0.03012381009,0,temporal_sigmoid
xgboost,S2,2022,2022-05-02,2022-04-26,2022-05-02,2022-05-03,2022-05-05,2022-05-05,1,0,,0.01464882772,0.002832836002,0.03012381009,0,temporal_sigmoid
xgboost,S2,2022,2022-05-03,2022-04-27,2022-05-03,2022-05-04,2022-05-06,2022-05-06,1,0,,0.009160039946,0.00191670435,0.03012381009,0,temporal_sigmoid
xgboost,S2,2022,2022-05-04,2022-04-28,2022-05-04,2022-05-05,2022-05-07,2022-05-07,1,0,,0.008475992829,0.001797115776,0.03012381009,0,temporal_sigmoid
xgboost,S2,2022,2022-05-05,2022-04-29,2022-05-05,2022-05-06,2022-05-08,2022-05-08,1,0,,0.008422231302,0.001787651748,0.03012381009,0,temporal_sigmoid
xgboost,S2,2022,2022-05-06,2022-04-30,2022-05-06,2022-05-07,2022-05-09,2022-05-09,1,0,,0.009224026464,0.001927815078,0.03012381009,0,temporal_sigmoid
xgboost,S2,2022,2022-05-07,2022-05-01,2022-05-07,2022-05-08,2022-05-10,2022-05-10,1,0,,0.01040580403,0.002130884228,0.03012381009,0,temporal_sigmoid
xgboost,S2,2022,2022-05-08,2022-05-02,2022-05-08,2022-05-09,2022-05-11,2022-05-11,1,0,,0.06771893799,0.01039462615,0.03012381009,0,temporal_sigmoid
xgboost,S2,2022,2022-05-09,2022-05-03,2022-05-09,2022-05-10,2022-05-12,2022-05-12,1,0,,0.008475992829,0.001797115776,0.03012381009,0,temporal_sigmoid
xgboost,S2,2022,2022-05-10,2022-05-04,2022-05-10,2022-05-11,2022-05-13,2022-05-13,1,0,,0.008475992829,0.001797115776,0.03012381009,0,temporal_sigmoid
xgboost,S2,2022,2022-05-11,2022-05-05,2022-05-11,2022-05-12,2022-05-14,2022-05-14,1,0,,0.008475992829,0.001797115776,0.03012381009,0,temporal_sigmoid
xgboost,S2,2022,2022-05-12,2022-05-06,2022-05-12,2022-05-13,2022-05-15,2022-05-15,1,0,,0.008719117381,0.001839793659,0.03012381009,0,temporal_sigmoid
xgboost,S2,2022,2022-05-13,2022-05-07,2022-05-13,2022-05-14,2022-05-16,2022-05-16,1,0,,0.008719117381,0.001839793659,0.03012381009,0,temporal_sigmoid
xgboost,S2,2022,2022-05-14,2022-05-08,2022-05-14,2022-05-15,2022-05-17,2022-05-17,1,0,,0.009505652823,0.001976570321,0.03012381009,0,temporal_sigmoid
xgboost,S2,2022,2022-05-15,2022-05-09,2022-05-15,2022-05-16,2022-05-18,2022-05-18,1,0,,0.03494113311,0.00588216047,0.03012381009,0,temporal_sigmoid
xgboost,S2,2022,2022-05-16,2022-05-10,2022-05-16,2022-05-17,2022-05-19,2022-05-19,1,0,,0.05129272863,0.008167309127,0.03012381009,0,temporal_sigmoid
xgboost,S2,2022,2022-05-17,2022-05-11,2022-05-17,2022-05-18,2022-05-20,2022-05-20,1,0,,0.01307568792,0.002576872375,0.03012381009,0,temporal_sigmoid
xgboost,S2,2022,2022-05-18,2022-05-12,2022-05-18,2022-05-19,2022-05-21,2022-05-21,1,0,,0.04147267714,0.006806308366,0.03012381009,0,temporal_sigmoid
xgboost,S2,2022,2022-05-19,2022-05-13,2022-05-19,2022-05-20,2022-05-22,2022-05-22,1,0,,0.008894158527,0.001870400207,0.03012381009,0,temporal_sigmoid
xgboost,S2,2022,2022-05-20,2022-05-14,2022-05-20,2022-05-21,2022-05-23,2022-05-23,1,0,,0.008891712874,0.001869973254,0.03012381009,0,temporal_sigmoid
xgboost,S2,2022,2022-05-21,2022-05-15,2022-05-21,2022-05-22,2022-05-24,2022-05-24,1,0,,0.00974780228,0.002018304885,0.03012381009,0,temporal_sigmoid
xgboost,S2,2022,2022-05-22,2022-05-16,2022-05-22,2022-05-23,2022-05-25,2022-05-25,1,0,,0.008475992829,0.001797115776,0.03012381009,0,temporal_sigmoid
xgboost,S2,2022,2022-05-23,2022-05-17,2022-05-23,2022-05-24,2022-05-26,2022-05-26,1,0,,0.009240802377,0.001930726008,0.03012381009,0,temporal_sigmoid
xgboost,S2,2022,2022-05-24,2022-05-18,2022-05-24,2022-05-25,2022-05-27,2022-05-27,1,0,,0.0221903827,0.004009856428,0.03012381009,0,temporal_sigmoid
xgboost,S2,2022,2022-05-25,2022-05-19,2022-05-25,2022-05-26,2022-05-28,2022-05-28,1,0,,0.008475992829,0.001797115776,0.03012381009,0,temporal_sigmoid
xgboost,S2,2022,2022-05-26,2022-05-20,2022-05-26,2022-05-27,2022-05-29,2022-05-29,1,0,,0.008475992829,0.001797115776,0.03012381009,0,temporal_sigmoid
xgboost,S2,2022,2022-05-27,2022-05-21,2022-05-27,2022-05-28,2022-05-30,2022-05-30,1,0,,0.008475992829,0.001797115776,0.03012381009,0,temporal_sigmoid
xgboost,S2,2022,2022-05-28,2022-05-22,2022-05-28,2022-05-29,2022-05-31,2022-05-31,1,0,,0.008475992829,0.001797115776,0.03012381009,0,temporal_sigmoid
xgboost,S2,2022,2022-05-29,2022-05-23,2022-05-29,2022-05-30,2022-06-01,2022-06-01,1,0,,0.008475992829,0.001797115776,0.03012381009,0,temporal_sigmoid
xgboost,S2,2022,2022-05-30,2022-05-24,2022-05-30,2022-05-31,2022-06-02,2022-06-02,1,0,,0.008422231302,0.001787651748,0.03012381009,0,temporal_sigmoid
xgboost,S2,2022,2022-05-31,2022-05-25,2022-05-31,2022-06-01,2022-06-03,2022-06-03,1,0,,0.008475992829,0.001797115776,0.03012381009,0,temporal_sigmoid
xgboost,S2,2022,2022-06-01,2022-05-26,2022-06-01,2022-06-02,2022-06-04,2022-06-04,1,0,,0.008475992829,0.001797115776,0.03012381009,0,temporal_sigmoid
xgboost,S2,2022,2022-06-02,2022-05-27,2022-06-02,2022-06-03,2022-06-05,2022-06-05,1,0,,0.008475992829,0.001797115776,0.03012381009,0,temporal_sigmoid
xgboost,S2,2022,2022-06-03,2022-05-28,2022-06-03,2022-06-04,2022-06-06,2022-06-06,1,0,,0.008719117381,0.001839793659,0.03012381009,0,temporal_sigmoid
xgboost,S2,2022,2022-06-04,2022-05-29,2022-06-04,2022-06-05,2022-06-07,2022-06-07,1,0,,0.008719117381,0.001839793659,0.03012381009,0,temporal_sigmoid
xgboost,S2,2022,2022-06-05,2022-05-30,2022-06-05,2022-06-06,2022-06-08,2022-06-08,1,0,,0.008719117381,0.001839793659,0.03012381009,0,temporal_sigmoid
xgboost,S2,2022,2022-06-06,2022-05-31,2022-06-06,2022-06-07,2022-06-09,2022-06-09,1,0,,0.008475992829,0.001797115776,0.03012381009,0,temporal_sigmoid
xgboost,S2,2022,2022-06-07,2022-06-01,2022-06-07,2022-06-08,2022-06-10,2022-06-10,1,0,,0.008874122985,0.00186690192,0.03012381009,0,temporal_sigmoid
xgboost,S2,2022,2022-06-08,2022-06-02,2022-06-08,2022-06-09,2022-06-11,2022-06-11,1,0,,0.009494372644,0.001974622025,0.03012381009,0,temporal_sigmoid
xgboost,S2,2022,2022-06-09,2022-06-03,2022-06-09,2022-06-10,2022-06-12,2022-06-12,1,0,,0.008556619287,0.001811290712,0.03012381009,0,temporal_sigmoid
xgboost,S2,2022,2022-06-10,2022-06-04,2022-06-10,2022-06-11,2022-06-13,2022-06-13,1,0,,0.009328634478,0.001945952576,0.03012381009,0,temporal_sigmoid
xgboost,S2,2022,2022-06-11,2022-06-05,2022-06-11,2022-06-12,2022-06-14,2022-06-14,1,0,,0.01033305191,0.002118494317,0.03012381009,0,temporal_sigmoid
xgboost,S2,2022,2022-06-12,2022-06-06,2022-06-12,2022-06-13,2022-06-15,2022-06-15,1,0,,0.009095749818,0.001905528228,0.03012381009,0,temporal_sigmoid
xgboost,S2,2022,2022-06-13,2022-06-07,2022-06-13,2022-06-14,2022-06-16,2022-06-16,1,0,,0.01118726283,0.00226311919,0.03012381009,0,temporal_sigmoid
xgboost,S2,2022,2022-06-14,2022-06-08,2022-06-14,2022-06-15,2022-06-17,2022-06-17,1,0,,0.01025575306,0.002105314762,0.03012381009,0,temporal_sigmoid
xgboost,S2,2022,2022-06-15,2022-06-09,2022-06-15,2022-06-16,2022-06-18,2022-06-18,1,0,,0.009554601274,0.001985020307,0.03012381009,0,temporal_sigmoid
xgboost,S2,2022,2022-06-16,2022-06-10,2022-06-16,2022-06-17,2022-06-19,2022-06-19,1,0,,0.009554601274,0.001985020307,0.03012381009,0,temporal_sigmoid
xgboost,S2,2022,2022-06-17,2022-06-11,2022-06-17,2022-06-18,2022-06-20,2022-06-20,1,0,,0.009554601274,0.001985020307,0.03012381009,0,temporal_sigmoid
xgboost,S2,2022,2022-06-18,2022-06-12,2022-06-18,2022-06-19,2022-06-21,2022-06-21,1,0,,0.00928839948,0.001938980332,0.03012381009,0,temporal_sigmoid
xgboost,S2,2022,2022-06-19,2022-06-13,2022-06-19,2022-06-20,2022-06-22,2022-06-22,1,0,,0.00928839948,0.001938980332,0.03012381009,0,temporal_sigmoid
xgboost,S2,2022,2022-06-20,2022-06-14,2022-06-20,2022-06-21,2022-06-23,2022-06-23,1,0,,0.008317989297,0.001769273103,0.03012381009,0,temporal_sigmoid
xgboost,S2,2022,2022-06-21,2022-06-15,2022-06-21,2022-06-22,2022-06-24,2022-06-24,1,0,,0.008317989297,0.001769273103,0.03012381009,0,temporal_sigmoid
xgboost,S2,2022,2022-06-22,2022-06-16,2022-06-22,2022-06-23,2022-06-25,2022-06-25,1,0,,0.009068670683,0.001900816993,0.03012381009,0,temporal_sigmoid
xgboost,S2,2022,2022-06-23,2022-06-17,2022-06-23,2022-06-24,2022-06-26,2022-06-26,1,0,,0.009328634478,0.001945952576,0.03012381009,0,temporal_sigmoid
xgboost,S2,2022,2022-06-24,2022-06-18,2022-06-24,2022-06-25,2022-06-27,2022-06-27,1,0,,0.009328634478,0.001945952576,0.03012381009,0,temporal_sigmoid
xgboost,S2,2022,2022-06-25,2022-06-19,2022-06-25,2022-06-26,2022-06-28,2022-06-28,1,0,,0.009515468031,0.001978265285,0.03012381009,0,temporal_sigmoid
xgboost,S2,2022,2022-06-26,2022-06-20,2022-06-26,2022-06-27,2022-06-29,2022-06-29,1,0,,0.0094623724,0.001969092954,0.03012381009,0,temporal_sigmoid
xgboost,S2,2022,2022-06-27,2022-06-21,2022-06-27,2022-06-28,2022-06-30,2022-06-30,1,0,,0.01162768248,0.002336993359,0.03012381009,0,temporal_sigmoid
xgboost,S2,2023,2023-02-28,2023-02-22,2023-02-28,2023-03-01,2023-03-03,2023-03-03,1,0,,0.01599448361,0.001053689765,0.005539413763,0,temporal_sigmoid
xgboost,S2,2023,2023-03-01,2023-02-23,2023-03-01,2023-03-02,2023-03-04,2023-03-04,1,0,,0.01599448361,0.001053689765,0.005539413763,0,temporal_sigmoid
xgboost,S2,2023,2023-03-02,2023-02-24,2023-03-02,2023-03-03,2023-03-05,2023-03-05,1,0,,0.02019083686,0.001291129936,0.005539413763,0,temporal_sigmoid
xgboost,S2,2023,2023-03-03,2023-02-25,2023-03-03,2023-03-04,2023-03-06,2023-03-06,1,0,,0.02019083686,0.001291129936,0.005539413763,0,temporal_sigmoid
xgboost,S2,2023,2023-03-04,2023-02-26,2023-03-04,2023-03-05,2023-03-07,2023-03-07,1,0,,0.02019083686,0.001291129936,0.005539413763,0,temporal_sigmoid
xgboost,S2,2023,2023-03-05,2023-02-27,2023-03-05,2023-03-06,2023-03-08,2023-03-08,1,0,,0.02019083686,0.001291129936,0.005539413763,0,temporal_sigmoid
xgboost,S2,2023,2023-03-06,2023-02-28,2023-03-06,2023-03-07,2023-03-09,2023-03-09,1,0,,0.02019083686,0.001291129936,0.005539413763,0,temporal_sigmoid
xgboost,S2,2023,2023-03-07,2023-03-01,2023-03-07,2023-03-08,2023-03-10,2023-03-10,1,0,,0.02019083686,0.001291129936,0.005539413763,0,temporal_sigmoid
xgboost,S2,2023,2023-03-08,2023-03-02,2023-03-08,2023-03-09,2023-03-11,2023-03-11,1,0,,0.02019083686,0.001291129936,0.005539413763,0,temporal_sigmoid
xgboost,S2,2023,2023-03-09,2023-03-03,2023-03-09,2023-03-10,2023-03-12,2023-03-12,1,0,,0.01599448361,0.001053689765,0.005539413763,0,temporal_sigmoid
xgboost,S2,2023,2023-03-10,2023-03-04,2023-03-10,2023-03-11,2023-03-13,2023-03-13,1,0,,0.01495167799,0.00099365483,0.005539413763,0,temporal_sigmoid
xgboost,S2,2023,2023-03-11,2023-03-05,2023-03-11,2023-03-12,2023-03-14,2023-03-14,1,0,,0.01599448361,0.001053689765,0.005539413763,0,temporal_sigmoid
xgboost,S2,2023,2023-03-12,2023-03-06,2023-03-12,2023-03-13,2023-03-15,2023-03-15,1,0,,0.0134212384,0.0009046487649,0.005539413763,0,temporal_sigmoid
xgboost,S2,2023,2023-03-13,2023-03-07,2023-03-13,2023-03-14,2023-03-16,2023-03-16,1,0,,0.0134212384,0.0009046487649,0.005539413763,0,temporal_sigmoid
xgboost,S2,2023,2023-03-14,2023-03-08,2023-03-14,2023-03-15,2023-03-17,2023-03-17,1,0,,0.01140740141,0.0007856432016,0.005539413763,0,temporal_sigmoid
xgboost,S2,2023,2023-03-15,2023-03-09,2023-03-15,2023-03-16,2023-03-18,2023-03-18,1,0,,0.01313683391,0.0008879800635,0.005539413763,0,temporal_sigmoid
xgboost,S2,2023,2023-03-16,2023-03-10,2023-03-16,2023-03-17,2023-03-19,2023-03-19,1,0,,0.009901485406,0.0006949782655,0.005539413763,0,temporal_sigmoid
xgboost,S2,2023,2023-03-17,2023-03-11,2023-03-17,2023-03-18,2023-03-20,2023-03-20,1,0,,0.009901485406,0.0006949782655,0.005539413763,0,temporal_sigmoid
xgboost,S2,2023,2023-03-18,2023-03-12,2023-03-18,2023-03-19,2023-03-21,2023-03-21,1,0,,0.01575134136,0.001039733214,0.005539413763,0,temporal_sigmoid
xgboost,S2,2023,2023-03-19,2023-03-13,2023-03-19,2023-03-20,2023-03-22,2023-03-22,1,0,,0.01091586985,0.0007562228325,0.005539413763,0,temporal_sigmoid
xgboost,S2,2023,2023-03-20,2023-03-14,2023-03-20,2023-03-21,2023-03-23,2023-03-23,1,0,,0.008291696198,0.000596115179,0.005539413763,0,temporal_sigmoid
xgboost,S2,2023,2023-03-21,2023-03-15,2023-03-21,2023-03-22,2023-03-24,2023-03-24,1,0,,0.008291696198,0.000596115179,0.005539413763,0,temporal_sigmoid
xgboost,S2,2023,2023-03-22,2023-03-16,2023-03-22,2023-03-23,2023-03-25,2023-03-25,1,0,,0.008291696198,0.000596115179,0.005539413763,0,temporal_sigmoid
xgboost,S2,2023,2023-03-23,2023-03-17,2023-03-23,2023-03-24,2023-03-26,2023-03-26,1,0,,0.008980721235,0.0006387036052,0.005539413763,0,temporal_sigmoid
xgboost,S2,2023,2023-03-24,2023-03-18,2023-03-24,2023-03-25,2023-03-27,2023-03-27,1,0,,0.008980721235,0.0006387036052,0.005539413763,0,temporal_sigmoid
xgboost,S2,2023,2023-03-25,2023-03-19,2023-03-25,2023-03-26,2023-03-28,2023-03-28,1,0,,0.008405788802,0.0006031974481,0.005539413763,0,temporal_sigmoid
xgboost,S2,2023,2023-03-26,2023-03-20,2023-03-26,2023-03-27,2023-03-29,2023-03-29,1,0,,0.01039804984,0.0007250515811,0.005539413763,0,temporal_sigmoid
xgboost,S2,2023,2023-03-27,2023-03-21,2023-03-27,2023-03-28,2023-03-30,2023-03-30,1,0,,0.01460998412,0.000973879389,0.005539413763,0,temporal_sigmoid
xgboost,S2,2023,2023-03-28,2023-03-22,2023-03-28,2023-03-29,2023-03-31,2023-03-31,1,0,,0.0156293381,0.001032720859,0.005539413763,0,temporal_sigmoid
xgboost,S2,2023,2023-03-29,2023-03-23,2023-03-29,2023-03-30,2023-04-01,2023-04-01,1,0,,0.01103483886,0.0007633583324,0.005539413763,0,temporal_sigmoid
xgboost,S2,2023,2023-03-30,2023-03-24,2023-03-30,2023-03-31,2023-04-02,2023-04-02,1,0,,0.01103483886,0.0007633583324,0.005539413763,0,temporal_sigmoid
xgboost,S2,2023,2023-03-31,2023-03-25,2023-03-31,2023-04-01,2023-04-03,2023-04-03,1,0,,0.01088544913,0.0007543967296,0.005539413763,0,temporal_sigmoid
xgboost,S2,2023,2023-04-01,2023-03-26,2023-04-01,2023-04-02,2023-04-04,2023-04-04,1,0,,0.008291696198,0.000596115179,0.005539413763,0,temporal_sigmoid
xgboost,S2,2023,2023-04-02,2023-03-27,2023-04-02,2023-04-03,2023-04-05,2023-04-05,1,0,,0.008291696198,0.000596115179,0.005539413763,0,temporal_sigmoid
xgboost,S2,2023,2023-04-03,2023-03-28,2023-04-03,2023-04-04,2023-04-06,2023-04-06,1,0,,0.01180196553,0.0008091472209,0.005539413763,0,temporal_sigmoid
xgboost,S2,2023,2023-04-04,2023-03-29,2023-04-04,2023-04-05,2023-04-07,2023-04-07,1,0,,0.01184070017,0.0008114494151,0.005539413763,0,temporal_sigmoid
xgboost,S2,2023,2023-04-05,2023-03-30,2023-04-05,2023-04-06,2023-04-08,2023-04-08,1,0,,0.1931151897,0.01047669023,0.005539413763,1,temporal_sigmoid
xgboost,S2,2023,2023-04-06,2023-03-31,2023-04-06,2023-04-07,2023-04-09,2023-04-09,1,0,,0.202519536,0.01101695417,0.005539413763,1,temporal_sigmoid
xgboost,S2,2023,2023-04-07,2023-04-01,2023-04-07,2023-04-08,2023-04-10,2023-04-10,1,1,fixed36_0043,0.547115922,0.04070715164,0.005539413763,1,temporal_sigmoid
xgboost,S2,2023,2023-04-08,2023-04-02,2023-04-08,2023-04-09,2023-04-11,2023-04-11,1,1,fixed36_0043,0.593981266,0.04762323164,0.005539413763,1,temporal_sigmoid
xgboost,S2,2023,2023-04-09,2023-04-03,2023-04-09,2023-04-10,2023-04-12,2023-04-12,1,1,fixed36_0043,0.8241966367,0.1195224224,0.005539413763,1,temporal_sigmoid
xgboost,S2,2023,2023-04-10,2023-04-04,2023-04-10,2023-04-11,2023-04-13,2023-04-13,1,1,fixed36_0043,0.8831031919,0.1696901891,0.005539413763,1,temporal_sigmoid
xgboost,S2,2023,2023-04-11,2023-04-05,2023-04-11,2023-04-12,2023-04-14,2023-04-14,1,1,fixed36_0043,0.9166033268,0.219887622,0.005539413763,1,temporal_sigmoid
xgboost,S2,2023,2023-04-12,2023-04-06,2023-04-12,2023-04-13,2023-04-15,2023-04-15,1,1,fixed36_0043,0.9395281672,0.2749801955,0.005539413763,1,temporal_sigmoid
xgboost,S2,2023,2023-04-13,2023-04-07,2023-04-13,2023-04-14,2023-04-16,2023-04-16,1,1,fixed36_0043,0.9328949451,0.2563876518,0.005539413763,1,temporal_sigmoid
xgboost,S2,2023,2023-04-14,2023-04-08,2023-04-14,2023-04-15,2023-04-17,2023-04-17,1,1,fixed36_0043,0.9411773086,0.2800355691,0.005539413763,1,temporal_sigmoid
xgboost,S2,2023,2023-04-15,2023-04-09,2023-04-15,2023-04-16,2023-04-18,2023-04-18,1,1,fixed36_0043,0.9333254695,0.2575169962,0.005539413763,1,temporal_sigmoid
xgboost,S2,2023,2023-04-16,2023-04-10,2023-04-16,2023-04-17,2023-04-19,2023-04-19,1,1,fixed36_0043,0.9322541952,0.2547251844,0.005539413763,1,temporal_sigmoid
xgboost,S2,2023,2023-04-17,2023-04-11,2023-04-17,2023-04-18,2023-04-20,2023-04-20,1,1,fixed36_0043,0.8878622055,0.1754369467,0.005539413763,1,temporal_sigmoid
xgboost,S2,2023,2023-04-18,2023-04-12,2023-04-18,2023-04-19,2023-04-21,2023-04-21,1,0,,0.8992069364,0.1907379195,0.005539413763,1,temporal_sigmoid
xgboost,S2,2023,2023-04-19,2023-04-13,2023-04-19,2023-04-20,2023-04-22,2023-04-22,1,0,,0.8790263534,0.1650408517,0.005539413763,1,temporal_sigmoid
xgboost,S2,2023,2023-04-20,2023-04-14,2023-04-20,2023-04-21,2023-04-23,2023-04-23,1,0,,0.8756009936,0.1613142823,0.005539413763,1,temporal_sigmoid
xgboost,S2,2023,2023-04-21,2023-04-15,2023-04-21,2023-04-22,2023-04-24,2023-04-24,1,0,,0.7770861983,0.09526082698,0.005539413763,1,temporal_sigmoid
xgboost,S2,2023,2023-04-22,2023-04-16,2023-04-22,2023-04-23,2023-04-25,2023-04-25,1,0,,0.9043059945,0.1984745972,0.005539413763,1,temporal_sigmoid
xgboost,S2,2023,2023-04-23,2023-04-17,2023-04-23,2023-04-24,2023-04-26,2023-04-26,1,0,,0.03220236301,0.001945941104,0.005539413763,0,temporal_sigmoid
xgboost,S2,2023,2023-04-24,2023-04-18,2023-04-24,2023-04-25,2023-04-27,2023-04-27,1,0,,0.05017405748,0.002889704103,0.005539413763,0,temporal_sigmoid
xgboost,S2,2023,2023-04-25,2023-04-19,2023-04-25,2023-04-26,2023-04-28,2023-04-28,1,0,,0.8237502575,0.1192449654,0.005539413763,1,temporal_sigmoid
xgboost,S2,2023,2023-04-26,2023-04-20,2023-04-26,2023-04-27,2023-04-29,2023-04-29,1,0,,0.8595651388,0.145752906,0.005539413763,1,temporal_sigmoid
xgboost,S2,2023,2023-04-27,2023-04-21,2023-04-27,2023-04-28,2023-04-30,2023-04-30,1,0,,0.9049993157,0.1995734037,0.005539413763,1,temporal_sigmoid
xgboost,S2,2023,2023-04-28,2023-04-22,2023-04-28,2023-04-29,2023-05-01,2023-05-01,1,0,,0.7930939794,0.1025102718,0.005539413763,1,temporal_sigmoid
xgboost,S2,2023,2023-04-29,2023-04-23,2023-04-29,2023-04-30,2023-05-02,2023-05-02,1,0,,0.7241333127,0.0762574984,0.005539413763,1,temporal_sigmoid
xgboost,S2,2023,2023-04-30,2023-04-24,2023-04-30,2023-05-01,2023-05-03,2023-05-03,1,0,,0.715877533,0.07382012415,0.005539413763,1,temporal_sigmoid
xgboost,S2,2023,2023-05-01,2023-04-25,2023-05-01,2023-05-02,2023-05-04,2023-05-04,1,0,,0.7066982985,0.07124169405,0.005539413763,1,temporal_sigmoid
xgboost,S2,2023,2023-05-02,2023-04-26,2023-05-02,2023-05-03,2023-05-05,2023-05-05,1,0,,0.8827473521,0.1692746687,0.005539413763,1,temporal_sigmoid
xgboost,S2,2023,2023-05-03,2023-04-27,2023-05-03,2023-05-04,2023-05-06,2023-05-06,1,0,,0.4709485471,0.0316256456,0.005539413763,1,temporal_sigmoid
xgboost,S2,2023,2023-05-04,2023-04-28,2023-05-04,2023-05-05,2023-05-07,2023-05-07,1,0,,0.01403643936,0.0009405633278,0.005539413763,0,temporal_sigmoid
xgboost,S2,2023,2023-05-05,2023-04-29,2023-05-05,2023-05-06,2023-05-08,2023-05-08,1,1,fixed36_0044,0.02543107234,0.001580429282,0.005539413763,0,temporal_sigmoid
xgboost,S2,2023,2023-05-06,2023-04-30,2023-05-06,2023-05-07,2023-05-09,2023-05-09,1,1,fixed36_0044,0.8710728884,0.1566210568,0.005539413763,1,temporal_sigmoid
xgboost,S2,2023,2023-05-07,2023-05-01,2023-05-07,2023-05-08,2023-05-10,2023-05-10,1,1,fixed36_0044,0.8958001733,0.1858835878,0.005539413763,1,temporal_sigmoid
xgboost,S2,2023,2023-05-08,2023-05-02,2023-05-08,2023-05-09,2023-05-11,2023-05-11,1,1,fixed36_0044,0.9114881754,0.2104579279,0.005539413763,1,temporal_sigmoid
xgboost,S2,2023,2023-05-09,2023-05-03,2023-05-09,2023-05-10,2023-05-12,2023-05-12,1,1,fixed36_0044,0.9244277477,0.2360337786,0.005539413763,1,temporal_sigmoid
xgboost,S2,2023,2023-05-10,2023-05-04,2023-05-10,2023-05-11,2023-05-13,2023-05-13,1,0,,0.9210344553,0.2287527696,0.005539413763,1,temporal_sigmoid
xgboost,S2,2023,2023-05-11,2023-05-05,2023-05-11,2023-05-12,2023-05-14,2023-05-14,1,0,,0.9369753003,0.2675102747,0.005539413763,1,temporal_sigmoid
xgboost,S2,2023,2023-05-12,2023-05-06,2023-05-12,2023-05-13,2023-05-15,2023-05-15,1,0,,0.9231154919,0.2331642571,0.005539413763,1,temporal_sigmoid
xgboost,S2,2023,2023-05-13,2023-05-07,2023-05-13,2023-05-14,2023-05-16,2023-05-16,1,0,,0.8094866872,0.1109265464,0.005539413763,1,temporal_sigmoid
xgboost,S2,2023,2023-05-14,2023-05-08,2023-05-14,2023-05-15,2023-05-17,2023-05-17,1,0,,0.04354097694,0.002544509543,0.005539413763,0,temporal_sigmoid
xgboost,S2,2023,2023-05-15,2023-05-09,2023-05-15,2023-05-16,2023-05-18,2023-05-18,1,0,,0.6415420771,0.05610720973,0.005539413763,1,temporal_sigmoid
xgboost,S2,2023,2023-05-16,2023-05-10,2023-05-16,2023-05-17,2023-05-19,2023-05-19,1,0,,0.01341894642,0.0009045146027,0.005539413763,0,temporal_sigmoid
xgboost,S2,2023,2023-05-17,2023-05-11,2023-05-17,2023-05-18,2023-05-20,2023-05-20,1,0,,0.009952437133,0.0006980725579,0.005539413763,0,temporal_sigmoid
xgboost,S2,2023,2023-05-18,2023-05-12,2023-05-18,2023-05-19,2023-05-21,2023-05-21,1,0,,0.008494961075,0.0006087242401,0.005539413763,0,temporal_sigmoid
xgboost,S2,2023,2023-05-19,2023-05-13,2023-05-19,2023-05-20,2023-05-22,2023-05-22,1,0,,0.009152089246,0.0006492302124,0.005539413763,0,temporal_sigmoid
xgboost,S2,2023,2023-05-20,2023-05-14,2023-05-20,2023-05-21,2023-05-23,2023-05-23,1,0,,0.1084894016,0.005892989022,0.005539413763,1,temporal_sigmoid
xgboost,S2,2023,2023-05-21,2023-05-15,2023-05-21,2023-05-22,2023-05-24,2023-05-24,1,0,,0.3062567711,0.0175831548,0.005539413763,1,temporal_sigmoid
xgboost,S2,2023,2023-05-22,2023-05-16,2023-05-22,2023-05-23,2023-05-25,2023-05-25,1,0,,0.1506087333,0.00811993722,0.005539413763,1,temporal_sigmoid
xgboost,S2,2023,2023-05-23,2023-05-17,2023-05-23,2023-05-24,2023-05-26,2023-05-26,1,0,,0.008413955569,0.000603703925,0.005539413763,0,temporal_sigmoid
xgboost,S2,2023,2023-05-24,2023-05-18,2023-05-24,2023-05-25,2023-05-27,2023-05-27,1,0,,0.008291696198,0.000596115179,0.005539413763,0,temporal_sigmoid
xgboost,S2,2023,2023-05-25,2023-05-19,2023-05-25,2023-05-26,2023-05-28,2023-05-28,1,0,,0.008413955569,0.000603703925,0.005539413763,0,temporal_sigmoid
xgboost,S2,2023,2023-05-26,2023-05-20,2023-05-26,2023-05-27,2023-05-29,2023-05-29,1,0,,0.01109342463,0.0007668686939,0.005539413763,0,temporal_sigmoid
xgboost,S2,2023,2023-05-27,2023-05-21,2023-05-27,2023-05-28,2023-05-30,2023-05-30,1,0,,0.008291696198,0.000596115179,0.005539413763,0,temporal_sigmoid
xgboost,S2,2023,2023-05-28,2023-05-22,2023-05-28,2023-05-29,2023-05-31,2023-05-31,1,0,,0.008858894929,0.0006312047261,0.005539413763,0,temporal_sigmoid
xgboost,S2,2023,2023-05-29,2023-05-23,2023-05-29,2023-05-30,2023-06-01,2023-06-01,1,1,fixed36_0045,0.09112523496,0.004995585854,0.005539413763,0,temporal_sigmoid
xgboost,S2,2023,2023-05-30,2023-05-24,2023-05-30,2023-05-31,2023-06-02,2023-06-02,1,1,fixed36_0045,0.1477157176,0.007963999781,0.005539413763,1,temporal_sigmoid
xgboost,S2,2023,2023-05-31,2023-05-25,2023-05-31,2023-06-01,2023-06-03,2023-06-03,1,1,fixed36_0045,0.5791457295,0.04529936595,0.005539413763,1,temporal_sigmoid
xgboost,S2,2023,2023-06-01,2023-05-26,2023-06-01,2023-06-02,2023-06-04,2023-06-04,1,1,fixed36_0045,0.7521784306,0.08550494626,0.005539413763,1,temporal_sigmoid
xgboost,S2,2023,2023-06-02,2023-05-27,2023-06-02,2023-06-03,2023-06-05,2023-06-05,1,1,fixed36_0045,0.8245364428,0.1197343831,0.005539413763,1,temporal_sigmoid
xgboost,S2,2023,2023-06-03,2023-05-28,2023-06-03,2023-06-04,2023-06-06,2023-06-06,1,1,fixed36_0045,0.7861677408,0.09926690439,0.005539413763,1,temporal_sigmoid
xgboost,S2,2023,2023-06-04,2023-05-29,2023-06-04,2023-06-05,2023-06-07,2023-06-07,1,0,,0.7861677408,0.09926690439,0.005539413763,1,temporal_sigmoid
xgboost,S2,2023,2023-06-05,2023-05-30,2023-06-05,2023-06-06,2023-06-08,2023-06-08,1,0,,0.9039142132,0.1978588308,0.005539413763,1,temporal_sigmoid
xgboost,S2,2023,2023-06-06,2023-05-31,2023-06-06,2023-06-07,2023-06-09,2023-06-09,1,0,,0.8190559745,0.1163928624,0.005539413763,1,temporal_sigmoid
xgboost,S2,2023,2023-06-07,2023-06-01,2023-06-07,2023-06-08,2023-06-10,2023-06-10,1,0,,0.5591855049,0.04237421798,0.005539413763,1,temporal_sigmoid
xgboost,S2,2023,2023-06-08,2023-06-02,2023-06-08,2023-06-09,2023-06-11,2023-06-11,1,0,,0.01731195115,0.001128905115,0.005539413763,0,temporal_sigmoid
xgboost,S2,2023,2023-06-09,2023-06-03,2023-06-09,2023-06-10,2023-06-12,2023-06-12,1,0,,0.0113656735,0.0007831517335,0.005539413763,0,temporal_sigmoid
xgboost,S2,2023,2023-06-10,2023-06-04,2023-06-10,2023-06-11,2023-06-13,2023-06-13,1,0,,0.008413955569,0.000603703925,0.005539413763,0,temporal_sigmoid
xgboost,S2,2023,2023-06-11,2023-06-05,2023-06-11,2023-06-12,2023-06-14,2023-06-14,1,0,,0.008413955569,0.000603703925,0.005539413763,0,temporal_sigmoid
xgboost,S2,2023,2023-06-12,2023-06-06,2023-06-12,2023-06-13,2023-06-15,2023-06-15,1,0,,0.008291696198,0.000596115179,0.005539413763,0,temporal_sigmoid
xgboost,S2,2023,2023-06-13,2023-06-07,2023-06-13,2023-06-14,2023-06-16,2023-06-16,1,0,,0.008291696198,0.000596115179,0.005539413763,0,temporal_sigmoid
xgboost,S2,2023,2023-06-14,2023-06-08,2023-06-14,2023-06-15,2023-06-17,2023-06-17,1,0,,0.04146506637,0.00243585079,0.005539413763,0,temporal_sigmoid
xgboost,S2,2023,2023-06-15,2023-06-09,2023-06-15,2023-06-16,2023-06-18,2023-06-18,1,0,,0.009444369003,0.0006671269327,0.005539413763,0,temporal_sigmoid
xgboost,S2,2023,2023-06-16,2023-06-10,2023-06-16,2023-06-17,2023-06-19,2023-06-19,1,0,,0.0458830148,0.002666711694,0.005539413763,0,temporal_sigmoid
xgboost,S2,2023,2023-06-17,2023-06-11,2023-06-17,2023-06-18,2023-06-20,2023-06-20,1,0,,0.01750524342,0.001139885095,0.005539413763,0,temporal_sigmoid
xgboost,S2,2023,2023-06-18,2023-06-12,2023-06-18,2023-06-19,2023-06-21,2023-06-21,1,0,,0.009562243707,0.000674324724,0.005539413763,0,temporal_sigmoid
xgboost,S2,2023,2023-06-19,2023-06-13,2023-06-19,2023-06-20,2023-06-22,2023-06-22,1,0,,0.009562243707,0.000674324724,0.005539413763,0,temporal_sigmoid
xgboost,S2,2023,2023-06-20,2023-06-14,2023-06-20,2023-06-21,2023-06-23,2023-06-23,1,0,,0.009562243707,0.000674324724,0.005539413763,0,temporal_sigmoid
xgboost,S2,2023,2023-06-21,2023-06-15,2023-06-21,2023-06-22,2023-06-24,2023-06-24,1,0,,0.009423452429,0.000665848525,0.005539413763,0,temporal_sigmoid
xgboost,S2,2023,2023-06-22,2023-06-16,2023-06-22,2023-06-23,2023-06-25,2023-06-25,1,0,,0.008291696198,0.000596115179,0.005539413763,0,temporal_sigmoid
xgboost,S2,2023,2023-06-23,2023-06-17,2023-06-23,2023-06-24,2023-06-26,2023-06-26,1,0,,0.008291696198,0.000596115179,0.005539413763,0,temporal_sigmoid
xgboost,S2,2023,2023-06-24,2023-06-18,2023-06-24,2023-06-25,2023-06-27,2023-06-27,1,0,,0.008291696198,0.000596115179,0.005539413763,0,temporal_sigmoid
xgboost,S2,2023,2023-06-25,2023-06-19,2023-06-25,2023-06-26,2023-06-28,2023-06-28,1,0,,0.01054407936,0.0007338611939,0.005539413763,0,temporal_sigmoid
xgboost,S2,2023,2023-06-26,2023-06-20,2023-06-26,2023-06-27,2023-06-29,2023-06-29,1,0,,0.008291696198,0.000596115179,0.005539413763,0,temporal_sigmoid
xgboost,S2,2023,2023-06-27,2023-06-21,2023-06-27,2023-06-28,2023-06-30,2023-06-30,1,0,,0.008291696198,0.000596115179,0.005539413763,0,temporal_sigmoid
xgboost,S2,2024,2024-02-29,2024-02-23,2024-02-29,2024-03-01,2024-03-03,2024-03-03,1,0,,0.01251664571,0.00406725548,0.02563865386,0,temporal_sigmoid
xgboost,S2,2024,2024-03-01,2024-02-24,2024-03-01,2024-03-02,2024-03-04,2024-03-04,1,0,,0.01249257009,0.00406153777,0.02563865386,0,temporal_sigmoid
xgboost,S2,2024,2024-03-02,2024-02-25,2024-03-02,2024-03-03,2024-03-05,2024-03-05,1,0,,0.02199704014,0.006149419537,0.02563865386,0,temporal_sigmoid
xgboost,S2,2024,2024-03-03,2024-02-26,2024-03-03,2024-03-04,2024-03-06,2024-03-06,1,0,,0.03201414272,0.008114962827,0.02563865386,0,temporal_sigmoid
xgboost,S2,2024,2024-03-04,2024-02-27,2024-03-04,2024-03-05,2024-03-07,2024-03-07,1,0,,0.06540539861,0.01388612164,0.02563865386,0,temporal_sigmoid
xgboost,S2,2024,2024-03-05,2024-02-28,2024-03-05,2024-03-06,2024-03-08,2024-03-08,1,0,,0.1485541463,0.02656956612,0.02563865386,1,temporal_sigmoid
xgboost,S2,2024,2024-03-06,2024-02-29,2024-03-06,2024-03-07,2024-03-09,2024-03-09,1,0,,0.1011247635,0.01947491816,0.02563865386,0,temporal_sigmoid
xgboost,S2,2024,2024-03-07,2024-03-01,2024-03-07,2024-03-08,2024-03-10,2024-03-10,1,0,,0.02685320191,0.007124207634,0.02563865386,0,temporal_sigmoid
xgboost,S2,2024,2024-03-08,2024-03-02,2024-03-08,2024-03-09,2024-03-11,2024-03-11,1,0,,0.02099531703,0.005942072813,0.02563865386,0,temporal_sigmoid
xgboost,S2,2024,2024-03-09,2024-03-03,2024-03-09,2024-03-10,2024-03-12,2024-03-12,1,0,,0.01805219054,0.005317972229,0.02563865386,0,temporal_sigmoid
xgboost,S2,2024,2024-03-10,2024-03-04,2024-03-10,2024-03-11,2024-03-13,2024-03-13,1,0,,0.01176226325,0.003886702112,0.02563865386,0,temporal_sigmoid
xgboost,S2,2024,2024-03-11,2024-03-05,2024-03-11,2024-03-12,2024-03-14,2024-03-14,1,0,,0.02774272487,0.007297965146,0.02563865386,0,temporal_sigmoid
xgboost,S2,2024,2024-03-12,2024-03-06,2024-03-12,2024-03-13,2024-03-15,2024-03-15,1,0,,0.01431409083,0.004486535147,0.02563865386,0,temporal_sigmoid
xgboost,S2,2024,2024-03-13,2024-03-07,2024-03-13,2024-03-14,2024-03-16,2024-03-16,1,0,,0.0163471736,0.00494478688,0.02563865386,0,temporal_sigmoid
xgboost,S2,2024,2024-03-14,2024-03-08,2024-03-14,2024-03-15,2024-03-17,2024-03-17,1,0,,0.01238893531,0.004036892818,0.02563865386,0,temporal_sigmoid
xgboost,S2,2024,2024-03-15,2024-03-09,2024-03-15,2024-03-16,2024-03-18,2024-03-18,1,0,,0.04358517379,0.01021473421,0.02563865386,0,temporal_sigmoid
xgboost,S2,2024,2024-03-16,2024-03-10,2024-03-16,2024-03-17,2024-03-19,2024-03-19,1,0,,0.04358517379,0.01021473421,0.02563865386,0,temporal_sigmoid
xgboost,S2,2024,2024-03-17,2024-03-11,2024-03-17,2024-03-18,2024-03-20,2024-03-20,1,0,,0.08222237974,0.01656187742,0.02563865386,0,temporal_sigmoid
xgboost,S2,2024,2024-03-18,2024-03-12,2024-03-18,2024-03-19,2024-03-21,2024-03-21,1,0,,0.1496239007,0.02672802777,0.02563865386,1,temporal_sigmoid
xgboost,S2,2024,2024-03-19,2024-03-13,2024-03-19,2024-03-20,2024-03-22,2024-03-22,1,0,,0.02335648052,0.006427143061,0.02563865386,0,temporal_sigmoid
xgboost,S2,2024,2024-03-20,2024-03-14,2024-03-20,2024-03-21,2024-03-23,2024-03-23,1,0,,0.00702524092,0.002669613493,0.02563865386,0,temporal_sigmoid
xgboost,S2,2024,2024-03-21,2024-03-15,2024-03-21,2024-03-22,2024-03-24,2024-03-24,1,0,,0.00702524092,0.002669613493,0.02563865386,0,temporal_sigmoid
xgboost,S2,2024,2024-03-22,2024-03-16,2024-03-22,2024-03-23,2024-03-25,2024-03-25,1,0,,0.02585888468,0.006928344748,0.02563865386,0,temporal_sigmoid
xgboost,S2,2024,2024-03-23,2024-03-17,2024-03-23,2024-03-24,2024-03-26,2024-03-26,1,0,,0.006034943741,0.002390285836,0.02563865386,0,temporal_sigmoid
xgboost,S2,2024,2024-03-24,2024-03-18,2024-03-24,2024-03-25,2024-03-27,2024-03-27,1,0,,0.005542821251,0.002246946579,0.02563865386,0,temporal_sigmoid
xgboost,S2,2024,2024-03-25,2024-03-19,2024-03-25,2024-03-26,2024-03-28,2024-03-28,1,0,,0.001812972827,0.000998486983,0.02563865386,0,temporal_sigmoid
xgboost,S2,2024,2024-03-26,2024-03-20,2024-03-26,2024-03-27,2024-03-29,2024-03-29,1,0,,0.006891573314,0.002632558359,0.02563865386,0,temporal_sigmoid
xgboost,S2,2024,2024-03-27,2024-03-21,2024-03-27,2024-03-28,2024-03-30,2024-03-30,1,0,,0.009230007418,0.003256654773,0.02563865386,0,temporal_sigmoid
xgboost,S2,2024,2024-03-28,2024-03-22,2024-03-28,2024-03-29,2024-03-31,2024-03-31,1,0,,0.005183333531,0.002140068342,0.02563865386,0,temporal_sigmoid
xgboost,S2,2024,2024-03-29,2024-03-23,2024-03-29,2024-03-30,2024-04-01,2024-04-01,1,0,,0.02740974724,0.007233079435,0.02563865386,0,temporal_sigmoid
xgboost,S2,2024,2024-03-30,2024-03-24,2024-03-30,2024-03-31,2024-04-02,2024-04-02,1,0,,0.01179533824,0.003894680235,0.02563865386,0,temporal_sigmoid
xgboost,S2,2024,2024-03-31,2024-03-25,2024-03-31,2024-04-01,2024-04-03,2024-04-03,1,0,,0.0293333903,0.007605437584,0.02563865386,0,temporal_sigmoid
xgboost,S2,2024,2024-04-01,2024-03-26,2024-04-01,2024-04-02,2024-04-04,2024-04-04,1,0,,0.226123929,0.03814461185,0.02563865386,1,temporal_sigmoid
xgboost,S2,2024,2024-04-02,2024-03-27,2024-04-02,2024-04-03,2024-04-05,2024-04-05,1,0,,0.3225311637,0.0534631487,0.02563865386,1,temporal_sigmoid
xgboost,S2,2024,2024-04-03,2024-03-28,2024-04-03,2024-04-04,2024-04-06,2024-04-06,1,0,,0.2295284122,0.0386623599,0.02563865386,1,temporal_sigmoid
xgboost,S2,2024,2024-04-04,2024-03-29,2024-04-04,2024-04-05,2024-04-07,2024-04-07,1,0,,0.05069774389,0.01144451222,0.02563865386,0,temporal_sigmoid
xgboost,S2,2024,2024-04-05,2024-03-30,2024-04-05,2024-04-06,2024-04-08,2024-04-08,1,0,,0.03621396422,0.008894007083,0.02563865386,0,temporal_sigmoid
xgboost,S2,2024,2024-04-06,2024-03-31,2024-04-06,2024-04-07,2024-04-09,2024-04-09,1,0,,0.7082855701,0.1553187972,0.02563865386,1,temporal_sigmoid
xgboost,S2,2024,2024-04-07,2024-04-01,2024-04-07,2024-04-08,2024-04-10,2024-04-10,1,0,,0.1570966691,0.02783454903,0.02563865386,1,temporal_sigmoid
xgboost,S2,2024,2024-04-08,2024-04-02,2024-04-08,2024-04-09,2024-04-11,2024-04-11,1,0,,0.04017551616,0.009610423717,0.02563865386,0,temporal_sigmoid
xgboost,S2,2024,2024-04-09,2024-04-03,2024-04-09,2024-04-10,2024-04-12,2024-04-12,1,0,,0.0343589671,0.008552596928,0.02563865386,0,temporal_sigmoid
xgboost,S2,2024,2024-04-10,2024-04-04,2024-04-10,2024-04-11,2024-04-13,2024-04-13,1,0,,0.01817164756,0.005343776129,0.02563865386,0,temporal_sigmoid
xgboost,S2,2024,2024-04-11,2024-04-05,2024-04-11,2024-04-12,2024-04-14,2024-04-14,1,0,,0.05818549171,0.01270218305,0.02563865386,0,temporal_sigmoid
xgboost,S2,2024,2024-04-12,2024-04-06,2024-04-12,2024-04-13,2024-04-15,2024-04-15,1,0,,0.6431111097,0.1290367833,0.02563865386,1,temporal_sigmoid
xgboost,S2,2024,2024-04-13,2024-04-07,2024-04-13,2024-04-14,2024-04-16,2024-04-16,1,0,,0.8023236394,0.210612278,0.02563865386,1,temporal_sigmoid
xgboost,S2,2024,2024-04-14,2024-04-08,2024-04-14,2024-04-15,2024-04-17,2024-04-17,1,1,fixed36_0046,0.5732908845,0.1069568642,0.02563865386,1,temporal_sigmoid
xgboost,S2,2024,2024-04-15,2024-04-09,2024-04-15,2024-04-16,2024-04-18,2024-04-18,1,0,,0.9853106737,0.6705947277,0.02563865386,1,temporal_sigmoid
xgboost,S2,2024,2024-04-16,2024-04-10,2024-04-16,2024-04-17,2024-04-19,2024-04-19,1,0,,0.8013605475,0.2098831356,0.02563865386,1,temporal_sigmoid
xgboost,S2,2024,2024-04-17,2024-04-11,2024-04-17,2024-04-18,2024-04-20,2024-04-20,1,0,,0.5602449179,0.103335216,0.02563865386,1,temporal_sigmoid
xgboost,S2,2024,2024-04-18,2024-04-12,2024-04-18,2024-04-19,2024-04-21,2024-04-21,1,1,fixed36_0047,0.6688318253,0.1386076701,0.02563865386,1,temporal_sigmoid
xgboost,S2,2024,2024-04-19,2024-04-13,2024-04-19,2024-04-20,2024-04-22,2024-04-22,1,1,fixed36_0047,0.9721387029,0.559067369,0.02563865386,1,temporal_sigmoid
xgboost,S2,2024,2024-04-20,2024-04-14,2024-04-20,2024-04-21,2024-04-23,2024-04-23,1,1,fixed36_0047,0.9784697294,0.6055953081,0.02563865386,1,temporal_sigmoid
xgboost,S2,2024,2024-04-21,2024-04-15,2024-04-21,2024-04-22,2024-04-24,2024-04-24,1,1,fixed36_0047,0.9080184698,0.3368575302,0.02563865386,1,temporal_sigmoid
xgboost,S2,2024,2024-04-22,2024-04-16,2024-04-22,2024-04-23,2024-04-25,2024-04-25,1,1,fixed36_0047,0.9754178524,0.5818894585,0.02563865386,1,temporal_sigmoid
xgboost,S2,2024,2024-04-23,2024-04-17,2024-04-23,2024-04-24,2024-04-26,2024-04-26,1,1,fixed36_0047,0.9814291,0.6313809862,0.02563865386,1,temporal_sigmoid
xgboost,S2,2024,2024-04-24,2024-04-18,2024-04-24,2024-04-25,2024-04-27,2024-04-27,1,1,fixed36_0047,0.9432694316,0.4256511,0.02563865386,1,temporal_sigmoid
xgboost,S2,2024,2024-04-25,2024-04-19,2024-04-25,2024-04-26,2024-04-28,2024-04-28,1,1,fixed36_0047,0.973492384,0.5681898117,0.02563865386,1,temporal_sigmoid
xgboost,S2,2024,2024-04-26,2024-04-20,2024-04-26,2024-04-27,2024-04-29,2024-04-29,1,1,fixed36_0047,0.9291143417,0.3841545259,0.02563865386,1,temporal_sigmoid
xgboost,S2,2024,2024-04-27,2024-04-21,2024-04-27,2024-04-28,2024-04-30,2024-04-30,1,1,fixed36_0047,0.9139108658,0.3487177664,0.02563865386,1,temporal_sigmoid
xgboost,S2,2024,2024-04-28,2024-04-22,2024-04-28,2024-04-29,2024-05-01,2024-05-01,1,1,fixed36_0047,0.9707773924,0.5502800605,0.02563865386,1,temporal_sigmoid
xgboost,S2,2024,2024-04-29,2024-04-23,2024-04-29,2024-04-30,2024-05-02,2024-05-02,1,1,fixed36_0047,0.9606976509,0.494887445,0.02563865386,1,temporal_sigmoid
xgboost,S2,2024,2024-04-30,2024-04-24,2024-04-30,2024-05-01,2024-05-03,2024-05-03,1,1,fixed36_0047,0.9541003704,0.4655890603,0.02563865386,1,temporal_sigmoid
xgboost,S2,2024,2024-05-01,2024-04-25,2024-05-01,2024-05-02,2024-05-04,2024-05-04,1,0,,0.9596950412,0.4901370178,0.02563865386,1,temporal_sigmoid
xgboost,S2,2024,2024-05-02,2024-04-26,2024-05-02,2024-05-03,2024-05-05,2024-05-05,1,0,,0.79780972,0.2072333658,0.02563865386,1,temporal_sigmoid
xgboost,S2,2024,2024-05-03,2024-04-27,2024-05-03,2024-05-04,2024-05-06,2024-05-06,1,0,,0.8146407008,0.2203561227,0.02563865386,1,temporal_sigmoid
xgboost,S2,2024,2024-05-04,2024-04-28,2024-05-04,2024-05-05,2024-05-07,2024-05-07,1,0,,0.6668460965,0.1378351801,0.02563865386,1,temporal_sigmoid
xgboost,S2,2024,2024-05-05,2024-04-29,2024-05-05,2024-05-06,2024-05-08,2024-05-08,1,0,,0.1954201162,0.03352411661,0.02563865386,1,temporal_sigmoid
xgboost,S2,2024,2024-05-06,2024-04-30,2024-05-06,2024-05-07,2024-05-09,2024-05-09,1,0,,0.01692603342,0.005072541894,0.02563865386,0,temporal_sigmoid
xgboost,S2,2024,2024-05-07,2024-05-01,2024-05-07,2024-05-08,2024-05-10,2024-05-10,1,0,,0.01550308708,0.004756410019,0.02563865386,0,temporal_sigmoid
xgboost,S2,2024,2024-05-08,2024-05-02,2024-05-08,2024-05-09,2024-05-11,2024-05-11,1,0,,0.008232495748,0.002996288053,0.02563865386,0,temporal_sigmoid
xgboost,S2,2024,2024-05-09,2024-05-03,2024-05-09,2024-05-10,2024-05-12,2024-05-12,1,0,,0.0113348579,0.003783072063,0.02563865386,0,temporal_sigmoid
xgboost,S2,2024,2024-05-10,2024-05-04,2024-05-10,2024-05-11,2024-05-13,2024-05-13,1,0,,0.01491888147,0.004624497896,0.02563865386,0,temporal_sigmoid
xgboost,S2,2024,2024-05-11,2024-05-05,2024-05-11,2024-05-12,2024-05-14,2024-05-14,1,0,,0.01586731896,0.00483800909,0.02563865386,0,temporal_sigmoid
xgboost,S2,2024,2024-05-12,2024-05-06,2024-05-12,2024-05-13,2024-05-15,2024-05-15,1,0,,0.04329015687,0.01016285833,0.02563865386,0,temporal_sigmoid
xgboost,S2,2024,2024-05-13,2024-05-07,2024-05-13,2024-05-14,2024-05-16,2024-05-16,1,0,,0.1763915569,0.03069305964,0.02563865386,1,temporal_sigmoid
xgboost,S2,2024,2024-05-14,2024-05-08,2024-05-14,2024-05-15,2024-05-17,2024-05-17,1,1,fixed36_0048,0.6127276421,0.1188090558,0.02563865386,1,temporal_sigmoid
xgboost,S2,2024,2024-05-15,2024-05-09,2024-05-15,2024-05-16,2024-05-18,2024-05-18,1,0,,0.8985316753,0.319503984,0.02563865386,1,temporal_sigmoid
xgboost,S2,2024,2024-05-16,2024-05-10,2024-05-16,2024-05-17,2024-05-19,2024-05-19,1,0,,0.9717810154,0.5567221663,0.02563865386,1,temporal_sigmoid
xgboost,S2,2024,2024-05-17,2024-05-11,2024-05-17,2024-05-18,2024-05-20,2024-05-20,1,0,,0.96401757,0.5114943899,0.02563865386,1,temporal_sigmoid
xgboost,S2,2024,2024-05-18,2024-05-12,2024-05-18,2024-05-19,2024-05-21,2024-05-21,1,0,,0.05985574797,0.01297836422,0.02563865386,0,temporal_sigmoid
xgboost,S2,2024,2024-05-19,2024-05-13,2024-05-19,2024-05-20,2024-05-22,2024-05-22,1,0,,0.03101535328,0.007926330198,0.02563865386,0,temporal_sigmoid
xgboost,S2,2024,2024-05-20,2024-05-14,2024-05-20,2024-05-21,2024-05-23,2024-05-23,1,0,,0.007231117226,0.002726320181,0.02563865386,0,temporal_sigmoid
xgboost,S2,2024,2024-05-21,2024-05-15,2024-05-21,2024-05-22,2024-05-24,2024-05-24,1,0,,0.4447226822,0.07606983562,0.02563865386,1,temporal_sigmoid
xgboost,S2,2024,2024-05-22,2024-05-16,2024-05-22,2024-05-23,2024-05-25,2024-05-25,1,1,fixed36_0049,0.007529108319,0.002807642538,0.02563865386,0,temporal_sigmoid
xgboost,S2,2024,2024-05-23,2024-05-17,2024-05-23,2024-05-24,2024-05-26,2024-05-26,1,0,,0.807182312,0.2143610743,0.02563865386,1,temporal_sigmoid
xgboost,S2,2024,2024-05-24,2024-05-18,2024-05-24,2024-05-25,2024-05-27,2024-05-27,1,0,,0.9527164102,0.4599771308,0.02563865386,1,temporal_sigmoid
xgboost,S2,2024,2024-05-25,2024-05-19,2024-05-25,2024-05-26,2024-05-28,2024-05-28,1,0,,0.5736430883,0.1070565457,0.02563865386,1,temporal_sigmoid
xgboost,S2,2024,2024-05-26,2024-05-20,2024-05-26,2024-05-27,2024-05-29,2024-05-29,1,0,,0.2362294793,0.0396852112,0.02563865386,1,temporal_sigmoid
xgboost,S2,2024,2024-05-27,2024-05-21,2024-05-27,2024-05-28,2024-05-30,2024-05-30,1,0,,0.01305987127,0.00419552061,0.02563865386,0,temporal_sigmoid
xgboost,S2,2024,2024-05-28,2024-05-22,2024-05-28,2024-05-29,2024-05-31,2024-05-31,1,0,,0.003873342881,0.001731922741,0.02563865386,0,temporal_sigmoid
xgboost,S2,2024,2024-05-29,2024-05-23,2024-05-29,2024-05-30,2024-06-01,2024-06-01,1,0,,0.01777907461,0.005258814276,0.02563865386,0,temporal_sigmoid
xgboost,S2,2024,2024-05-30,2024-05-24,2024-05-30,2024-05-31,2024-06-02,2024-06-02,1,0,,0.02242870256,0.006238048953,0.02563865386,0,temporal_sigmoid
xgboost,S2,2024,2024-05-31,2024-05-25,2024-05-31,2024-06-01,2024-06-03,2024-06-03,1,0,,0.06157298386,0.0132608254,0.02563865386,0,temporal_sigmoid
xgboost,S2,2024,2024-06-01,2024-05-26,2024-06-01,2024-06-02,2024-06-04,2024-06-04,1,0,,0.06388363242,0.01363863928,0.02563865386,0,temporal_sigmoid
xgboost,S2,2024,2024-06-02,2024-05-27,2024-06-02,2024-06-03,2024-06-05,2024-06-05,1,0,,0.0870995149,0.01732131886,0.02563865386,0,temporal_sigmoid
xgboost,S2,2024,2024-06-03,2024-05-28,2024-06-03,2024-06-04,2024-06-06,2024-06-06,1,0,,0.06173130125,0.01328679296,0.02563865386,0,temporal_sigmoid
xgboost,S2,2024,2024-06-04,2024-05-29,2024-06-04,2024-06-05,2024-06-07,2024-06-07,1,0,,0.004928715993,0.002063157967,0.02563865386,0,temporal_sigmoid
xgboost,S2,2024,2024-06-05,2024-05-30,2024-06-05,2024-06-06,2024-06-08,2024-06-08,1,0,,0.01565098576,0.004789602193,0.02563865386,0,temporal_sigmoid
xgboost,S2,2024,2024-06-06,2024-05-31,2024-06-06,2024-06-07,2024-06-09,2024-06-09,1,0,,0.002967479406,0.00142742959,0.02563865386,0,temporal_sigmoid
xgboost,S2,2024,2024-06-07,2024-06-01,2024-06-07,2024-06-08,2024-06-10,2024-06-10,1,0,,0.01224424504,0.004002394806,0.02563865386,0,temporal_sigmoid
xgboost,S2,2024,2024-06-08,2024-06-02,2024-06-08,2024-06-09,2024-06-11,2024-06-11,1,0,,0.08405647427,0.01684821008,0.02563865386,0,temporal_sigmoid
xgboost,S2,2024,2024-06-09,2024-06-03,2024-06-09,2024-06-10,2024-06-12,2024-06-12,1,0,,0.07051009685,0.01470912146,0.02563865386,0,temporal_sigmoid
xgboost,S2,2024,2024-06-10,2024-06-04,2024-06-10,2024-06-11,2024-06-13,2024-06-13,1,0,,0.04499588907,0.01046177784,0.02563865386,0,temporal_sigmoid
xgboost,S2,2024,2024-06-11,2024-06-05,2024-06-11,2024-06-12,2024-06-14,2024-06-14,1,0,,0.3800256848,0.06352287045,0.02563865386,1,temporal_sigmoid
xgboost,S2,2024,2024-06-12,2024-06-06,2024-06-12,2024-06-13,2024-06-15,2024-06-15,1,0,,0.01961590163,0.005652482695,0.02563865386,0,temporal_sigmoid
xgboost,S2,2024,2024-06-13,2024-06-07,2024-06-13,2024-06-14,2024-06-16,2024-06-16,1,0,,0.01295821927,0.004171625594,0.02563865386,0,temporal_sigmoid
xgboost,S2,2024,2024-06-14,2024-06-08,2024-06-14,2024-06-15,2024-06-17,2024-06-17,1,0,,0.007359023206,0.002761333409,0.02563865386,0,temporal_sigmoid
xgboost,S2,2024,2024-06-15,2024-06-09,2024-06-15,2024-06-16,2024-06-18,2024-06-18,1,0,,0.01288121566,0.004153492271,0.02563865386,0,temporal_sigmoid
xgboost,S2,2024,2024-06-16,2024-06-10,2024-06-16,2024-06-17,2024-06-19,2024-06-19,1,0,,0.04799259081,0.01098126859,0.02563865386,0,temporal_sigmoid
xgboost,S2,2024,2024-06-17,2024-06-11,2024-06-17,2024-06-18,2024-06-20,2024-06-20,1,0,,0.03688403964,0.009016359823,0.02563865386,0,temporal_sigmoid
xgboost,S2,2024,2024-06-18,2024-06-12,2024-06-18,2024-06-19,2024-06-21,2024-06-21,1,0,,0.009628598578,0.003358582261,0.02563865386,0,temporal_sigmoid
xgboost,S2,2024,2024-06-19,2024-06-13,2024-06-19,2024-06-20,2024-06-22,2024-06-22,1,0,,0.004010344855,0.001776188357,0.02563865386,0,temporal_sigmoid
xgboost,S2,2024,2024-06-20,2024-06-14,2024-06-20,2024-06-21,2024-06-23,2024-06-23,1,0,,0.003110102145,0.001476889446,0.02563865386,0,temporal_sigmoid
xgboost,S2,2024,2024-06-21,2024-06-15,2024-06-21,2024-06-22,2024-06-24,2024-06-24,1,0,,0.002477440517,0.00125224359,0.02563865386,0,temporal_sigmoid
xgboost,S2,2024,2024-06-22,2024-06-16,2024-06-22,2024-06-23,2024-06-25,2024-06-25,1,0,,0.004374342505,0.001891859357,0.02563865386,0,temporal_sigmoid
xgboost,S2,2024,2024-06-23,2024-06-17,2024-06-23,2024-06-24,2024-06-26,2024-06-26,1,0,,0.003803039435,0.001709043021,0.02563865386,0,temporal_sigmoid
xgboost,S2,2024,2024-06-24,2024-06-18,2024-06-24,2024-06-25,2024-06-27,2024-06-27,1,0,,0.02704428695,0.00716164787,0.02563865386,0,temporal_sigmoid
xgboost,S2,2024,2024-06-25,2024-06-19,2024-06-25,2024-06-26,2024-06-28,2024-06-28,1,0,,0.02151973173,0.006050918505,0.02563865386,0,temporal_sigmoid
xgboost,S2,2024,2024-06-26,2024-06-20,2024-06-26,2024-06-27,2024-06-29,2024-06-29,1,0,,0.01146831084,0.003815537302,0.02563865386,0,temporal_sigmoid
xgboost,S2,2024,2024-06-27,2024-06-21,2024-06-27,2024-06-28,2024-06-30,2024-06-30,1,0,,0.007291890215,0.002742976727,0.02563865386,0,temporal_sigmoid
