model,feature_set,outer_fold,issue_date,feature_start,feature_end,target_start,target_end,label_available_date,lead,outcome,associated_event_id,raw_score,probability,threshold,predicted_class,calibration
balanced_rf,S2,2014,2014-02-28,2014-02-22,2014-02-28,2014-03-01,2014-03-03,2014-03-03,1,0,,0.04371929893,0.001353046322,0.01099327405,0,temporal_sigmoid
balanced_rf,S2,2014,2014-03-01,2014-02-23,2014-03-01,2014-03-02,2014-03-04,2014-03-04,1,0,,0.02496929893,0.0007069067218,0.01099327405,0,temporal_sigmoid
balanced_rf,S2,2014,2014-03-02,2014-02-24,2014-03-02,2014-03-03,2014-03-05,2014-03-05,1,0,,0.01941374338,0.000529806417,0.01099327405,0,temporal_sigmoid
balanced_rf,S2,2014,2014-03-03,2014-02-25,2014-03-03,2014-03-04,2014-03-06,2014-03-06,1,0,,0.01316374338,0.0003403363674,0.01099327405,0,temporal_sigmoid
balanced_rf,S2,2014,2014-03-04,2014-02-26,2014-03-04,2014-03-05,2014-03-07,2014-03-07,1,0,,0.04455263227,0.001383308144,0.01099327405,0,temporal_sigmoid
balanced_rf,S2,2014,2014-03-05,2014-02-27,2014-03-05,2014-03-06,2014-03-08,2014-03-08,1,0,,0.01842306739,0.0004990363731,0.01099327405,0,temporal_sigmoid
balanced_rf,S2,2014,2014-03-06,2014-02-28,2014-03-06,2014-03-07,2014-03-09,2014-03-09,1,0,,0.02258973405,0.0006301401627,0.01099327405,0,temporal_sigmoid
balanced_rf,S2,2014,2014-03-07,2014-03-01,2014-03-07,2014-03-08,2014-03-10,2014-03-10,1,0,,0.01981195628,0.0005422472216,0.01099327405,0,temporal_sigmoid
balanced_rf,S2,2014,2014-03-08,2014-03-02,2014-03-08,2014-03-09,2014-03-11,2014-03-11,1,0,,0.01633973405,0.0004351997168,0.01099327405,0,temporal_sigmoid
balanced_rf,S2,2014,2014-03-09,2014-03-03,2014-03-09,2014-03-10,2014-03-12,2014-03-12,1,0,,0.03385818782,0.001004599733,0.01099327405,0,temporal_sigmoid
balanced_rf,S2,2014,2014-03-10,2014-03-04,2014-03-10,2014-03-11,2014-03-13,2014-03-13,1,0,,0.03598120369,0.001078073048,0.01099327405,0,temporal_sigmoid
balanced_rf,S2,2014,2014-03-11,2014-03-05,2014-03-11,2014-03-12,2014-03-14,2014-03-14,1,0,,0.03465547208,0.001032089554,0.01099327405,0,temporal_sigmoid
balanced_rf,S2,2014,2014-03-12,2014-03-06,2014-03-12,2014-03-13,2014-03-15,2014-03-15,1,0,,0.04025135021,0.001228449831,0.01099327405,0,temporal_sigmoid
balanced_rf,S2,2014,2014-03-13,2014-03-07,2014-03-13,2014-03-14,2014-03-16,2014-03-16,1,0,,0.03202485449,0.0009418633971,0.01099327405,0,temporal_sigmoid
balanced_rf,S2,2014,2014-03-14,2014-03-08,2014-03-14,2014-03-15,2014-03-17,2014-03-17,1,0,,0.03001261494,0.0008737842368,0.01099327405,0,temporal_sigmoid
balanced_rf,S2,2014,2014-03-15,2014-03-09,2014-03-15,2014-03-16,2014-03-18,2014-03-18,1,0,,0.03001261494,0.0008737842368,0.01099327405,0,temporal_sigmoid
balanced_rf,S2,2014,2014-03-16,2014-03-10,2014-03-16,2014-03-17,2014-03-19,2014-03-19,1,0,,0.03368324986,0.0009985846506,0.01099327405,0,temporal_sigmoid
balanced_rf,S2,2014,2014-03-17,2014-03-11,2014-03-17,2014-03-18,2014-03-20,2014-03-20,1,0,,0.06152207769,0.002025467991,0.01099327405,0,temporal_sigmoid
balanced_rf,S2,2014,2014-03-18,2014-03-12,2014-03-18,2014-03-19,2014-03-21,2014-03-21,1,0,,0.05991052258,0.001962415935,0.01099327405,0,temporal_sigmoid
balanced_rf,S2,2014,2014-03-19,2014-03-13,2014-03-19,2014-03-20,2014-03-22,2014-03-22,1,0,,0.08028243025,0.002790207997,0.01099327405,0,temporal_sigmoid
balanced_rf,S2,2014,2014-03-20,2014-03-14,2014-03-20,2014-03-21,2014-03-23,2014-03-23,1,0,,0.07269403537,0.002474117272,0.01099327405,0,temporal_sigmoid
balanced_rf,S2,2014,2014-03-21,2014-03-15,2014-03-21,2014-03-22,2014-03-24,2014-03-24,1,0,,0.05942835839,0.001943633896,0.01099327405,0,temporal_sigmoid
balanced_rf,S2,2014,2014-03-22,2014-03-16,2014-03-22,2014-03-23,2014-03-25,2014-03-25,1,0,,0.06183235721,0.002037656349,0.01099327405,0,temporal_sigmoid
balanced_rf,S2,2014,2014-03-23,2014-03-17,2014-03-23,2014-03-24,2014-03-26,2014-03-26,1,0,,0.01691374338,0.0004526670869,0.01099327405,0,temporal_sigmoid
balanced_rf,S2,2014,2014-03-24,2014-03-18,2014-03-24,2014-03-25,2014-03-27,2014-03-27,1,0,,0.0212345679,0.0005870220065,0.01099327405,0,temporal_sigmoid
balanced_rf,S2,2014,2014-03-25,2014-03-19,2014-03-25,2014-03-26,2014-03-28,2014-03-28,1,0,,0.02847939994,0.0008224735888,0.01099327405,0,temporal_sigmoid
balanced_rf,S2,2014,2014-03-26,2014-03-20,2014-03-26,2014-03-27,2014-03-29,2014-03-29,1,0,,0.02677485449,0.0007660158931,0.01099327405,0,temporal_sigmoid
balanced_rf,S2,2014,2014-03-27,2014-03-21,2014-03-27,2014-03-28,2014-03-30,2014-03-30,1,0,,0.1428284953,0.005743661958,0.01099327405,0,temporal_sigmoid
balanced_rf,S2,2014,2014-03-28,2014-03-22,2014-03-28,2014-03-29,2014-03-31,2014-03-31,1,0,,0.435744002,0.03123944149,0.01099327405,1,temporal_sigmoid
balanced_rf,S2,2014,2014-03-29,2014-03-23,2014-03-29,2014-03-30,2014-04-01,2014-04-01,1,0,,0.589387991,0.06069647249,0.01099327405,1,temporal_sigmoid
balanced_rf,S2,2014,2014-03-30,2014-03-24,2014-03-30,2014-03-31,2014-04-02,2014-04-02,1,0,,0.6350987078,0.07425055091,0.01099327405,1,temporal_sigmoid
balanced_rf,S2,2014,2014-03-31,2014-03-25,2014-03-31,2014-04-01,2014-04-03,2014-04-03,1,0,,0.7057121919,0.1030499927,0.01099327405,1,temporal_sigmoid
balanced_rf,S2,2014,2014-04-01,2014-03-26,2014-04-01,2014-04-02,2014-04-04,2014-04-04,1,0,,0.6190004529,0.06911555788,0.01099327405,1,temporal_sigmoid
balanced_rf,S2,2014,2014-04-02,2014-03-27,2014-04-02,2014-04-03,2014-04-05,2014-04-05,1,0,,0.8181573568,0.1887441402,0.01099327405,1,temporal_sigmoid
balanced_rf,S2,2014,2014-04-03,2014-03-28,2014-04-03,2014-04-04,2014-04-06,2014-04-06,1,0,,0.5824341169,0.05888981443,0.01099327405,1,temporal_sigmoid
balanced_rf,S2,2014,2014-04-04,2014-03-29,2014-04-04,2014-04-05,2014-04-07,2014-04-07,1,0,,0.1655753968,0.006977715164,0.01099327405,0,temporal_sigmoid
balanced_rf,S2,2014,2014-04-05,2014-03-30,2014-04-05,2014-04-06,2014-04-08,2014-04-08,1,0,,0.1403065668,0.005612291731,0.01099327405,0,temporal_sigmoid
balanced_rf,S2,2014,2014-04-06,2014-03-31,2014-04-06,2014-04-07,2014-04-09,2014-04-09,1,0,,0.07515873016,0.002575782963,0.01099327405,0,temporal_sigmoid
balanced_rf,S2,2014,2014-04-07,2014-04-01,2014-04-07,2014-04-08,2014-04-10,2014-04-10,1,0,,0.07909231632,0.002740032312,0.01099327405,0,temporal_sigmoid
balanced_rf,S2,2014,2014-04-08,2014-04-02,2014-04-08,2014-04-09,2014-04-11,2014-04-11,1,0,,0.09070484425,0.003239151149,0.01099327405,0,temporal_sigmoid
balanced_rf,S2,2014,2014-04-09,2014-04-03,2014-04-09,2014-04-10,2014-04-12,2014-04-12,1,0,,0.08671468775,0.00306525715,0.01099327405,0,temporal_sigmoid
balanced_rf,S2,2014,2014-04-10,2014-04-04,2014-04-10,2014-04-11,2014-04-13,2014-04-13,1,0,,0.06843555798,0.002300739222,0.01099327405,0,temporal_sigmoid
balanced_rf,S2,2014,2014-04-11,2014-04-05,2014-04-11,2014-04-12,2014-04-14,2014-04-14,1,0,,0.2915424607,0.01567111024,0.01099327405,1,temporal_sigmoid
balanced_rf,S2,2014,2014-04-12,2014-04-06,2014-04-12,2014-04-13,2014-04-15,2014-04-15,1,0,,0.3207124325,0.01823393048,0.01099327405,1,temporal_sigmoid
balanced_rf,S2,2014,2014-04-13,2014-04-07,2014-04-13,2014-04-14,2014-04-16,2014-04-16,1,0,,0.3132873088,0.01755812027,0.01099327405,1,temporal_sigmoid
balanced_rf,S2,2014,2014-04-14,2014-04-08,2014-04-14,2014-04-15,2014-04-17,2014-04-17,1,0,,0.5464981787,0.0504323661,0.01099327405,1,temporal_sigmoid
balanced_rf,S2,2014,2014-04-15,2014-04-09,2014-04-15,2014-04-16,2014-04-18,2014-04-18,1,0,,0.6337193549,0.07379346917,0.01099327405,1,temporal_sigmoid
balanced_rf,S2,2014,2014-04-16,2014-04-10,2014-04-16,2014-04-17,2014-04-19,2014-04-19,1,0,,0.7366692746,0.120149337,0.01099327405,1,temporal_sigmoid
balanced_rf,S2,2014,2014-04-17,2014-04-11,2014-04-17,2014-04-18,2014-04-20,2014-04-20,1,0,,0.6693398985,0.08676510873,0.01099327405,1,temporal_sigmoid
balanced_rf,S2,2014,2014-04-18,2014-04-12,2014-04-18,2014-04-19,2014-04-21,2014-04-21,1,0,,0.6882378416,0.09478342544,0.01099327405,1,temporal_sigmoid
balanced_rf,S2,2014,2014-04-19,2014-04-13,2014-04-19,2014-04-20,2014-04-22,2014-04-22,1,1,fixed36_0035,0.7299905309,0.116159391,0.01099327405,1,temporal_sigmoid
balanced_rf,S2,2014,2014-04-20,2014-04-14,2014-04-20,2014-04-21,2014-04-23,2014-04-23,1,1,fixed36_0035,0.9107968141,0.368351568,0.01099327405,1,temporal_sigmoid
balanced_rf,S2,2014,2014-04-21,2014-04-15,2014-04-21,2014-04-22,2014-04-24,2014-04-24,1,1,fixed36_0035,0.8677211623,0.2620367258,0.01099327405,1,temporal_sigmoid
balanced_rf,S2,2014,2014-04-22,2014-04-16,2014-04-22,2014-04-23,2014-04-25,2014-04-25,1,1,fixed36_0035,0.8637576884,0.2547101506,0.01099327405,1,temporal_sigmoid
balanced_rf,S2,2014,2014-04-23,2014-04-17,2014-04-23,2014-04-24,2014-04-26,2014-04-26,1,1,fixed36_0035,0.8486967137,0.2295345712,0.01099327405,1,temporal_sigmoid
balanced_rf,S2,2014,2014-04-24,2014-04-18,2014-04-24,2014-04-25,2014-04-27,2014-04-27,1,0,,0.9145634735,0.3807676786,0.01099327405,1,temporal_sigmoid
balanced_rf,S2,2014,2014-04-25,2014-04-19,2014-04-25,2014-04-26,2014-04-28,2014-04-28,1,0,,0.8199722177,0.1908557433,0.01099327405,1,temporal_sigmoid
balanced_rf,S2,2014,2014-04-26,2014-04-20,2014-04-26,2014-04-27,2014-04-29,2014-04-29,1,0,,0.6169257572,0.06848425462,0.01099327405,1,temporal_sigmoid
balanced_rf,S2,2014,2014-04-27,2014-04-21,2014-04-27,2014-04-28,2014-04-30,2014-04-30,1,0,,0.6552725938,0.08133668144,0.01099327405,1,temporal_sigmoid
balanced_rf,S2,2014,2014-04-28,2014-04-22,2014-04-28,2014-04-29,2014-05-01,2014-05-01,1,0,,0.5104683361,0.04320749992,0.01099327405,1,temporal_sigmoid
balanced_rf,S2,2014,2014-04-29,2014-04-23,2014-04-29,2014-04-30,2014-05-02,2014-05-02,1,0,,0.2365316376,0.01144759143,0.01099327405,1,temporal_sigmoid
balanced_rf,S2,2014,2014-04-30,2014-04-24,2014-04-30,2014-05-01,2014-05-03,2014-05-03,1,0,,0.1892713996,0.008361275703,0.01099327405,0,temporal_sigmoid
balanced_rf,S2,2014,2014-05-01,2014-04-25,2014-05-01,2014-05-02,2014-05-04,2014-05-04,1,0,,0.07476190476,0.00255934928,0.01099327405,0,temporal_sigmoid
balanced_rf,S2,2014,2014-05-02,2014-04-26,2014-05-02,2014-05-03,2014-05-05,2014-05-05,1,0,,0.07905880615,0.002738622745,0.01099327405,0,temporal_sigmoid
balanced_rf,S2,2014,2014-05-03,2014-04-27,2014-05-03,2014-05-04,2014-05-06,2014-05-06,1,0,,0.05402777778,0.00173588532,0.01099327405,0,temporal_sigmoid
balanced_rf,S2,2014,2014-05-04,2014-04-28,2014-05-04,2014-05-05,2014-05-07,2014-05-07,1,0,,0.0393452381,0.001196256018,0.01099327405,0,temporal_sigmoid
balanced_rf,S2,2014,2014-05-05,2014-04-29,2014-05-05,2014-05-06,2014-05-08,2014-05-08,1,0,,0.03013888889,0.0008780319958,0.01099327405,0,temporal_sigmoid
balanced_rf,S2,2014,2014-05-06,2014-04-30,2014-05-06,2014-05-07,2014-05-09,2014-05-09,1,0,,0.08434633623,0.002963226738,0.01099327405,0,temporal_sigmoid
balanced_rf,S2,2014,2014-05-07,2014-05-01,2014-05-07,2014-05-08,2014-05-10,2014-05-10,1,0,,0.03013888889,0.0008780319958,0.01099327405,0,temporal_sigmoid
balanced_rf,S2,2014,2014-05-08,2014-05-02,2014-05-08,2014-05-09,2014-05-11,2014-05-11,1,0,,0.03013888889,0.0008780319958,0.01099327405,0,temporal_sigmoid
balanced_rf,S2,2014,2014-05-09,2014-05-03,2014-05-09,2014-05-10,2014-05-12,2014-05-12,1,0,,0.5475498863,0.05066076863,0.01099327405,1,temporal_sigmoid
balanced_rf,S2,2014,2014-05-10,2014-05-04,2014-05-10,2014-05-11,2014-05-13,2014-05-13,1,0,,0.2608946711,0.01322712232,0.01099327405,1,temporal_sigmoid
balanced_rf,S2,2014,2014-05-11,2014-05-05,2014-05-11,2014-05-12,2014-05-14,2014-05-14,1,0,,0.03444444444,0.001024801383,0.01099327405,0,temporal_sigmoid
balanced_rf,S2,2014,2014-05-12,2014-05-06,2014-05-12,2014-05-13,2014-05-15,2014-05-15,1,1,fixed36_0036,0.1464153825,0.005932353068,0.01099327405,0,temporal_sigmoid
balanced_rf,S2,2014,2014-05-13,2014-05-07,2014-05-13,2014-05-14,2014-05-16,2014-05-16,1,1,fixed36_0036,0.4568051602,0.03426536577,0.01099327405,1,temporal_sigmoid
balanced_rf,S2,2014,2014-05-14,2014-05-08,2014-05-14,2014-05-15,2014-05-17,2014-05-17,1,0,,0.7508479052,0.1292530589,0.01099327405,1,temporal_sigmoid
balanced_rf,S2,2014,2014-05-15,2014-05-09,2014-05-15,2014-05-16,2014-05-18,2014-05-18,1,0,,0.7007289105,0.1006013831,0.01099327405,1,temporal_sigmoid
balanced_rf,S2,2014,2014-05-16,2014-05-10,2014-05-16,2014-05-17,2014-05-19,2014-05-19,1,0,,0.8390732763,0.2153672754,0.01099327405,1,temporal_sigmoid
balanced_rf,S2,2014,2014-05-17,2014-05-11,2014-05-17,2014-05-18,2014-05-20,2014-05-20,1,0,,0.6629014388,0.08422720457,0.01099327405,1,temporal_sigmoid
balanced_rf,S2,2014,2014-05-18,2014-05-12,2014-05-18,2014-05-19,2014-05-21,2014-05-21,1,0,,0.7960079364,0.1655019199,0.01099327405,1,temporal_sigmoid
balanced_rf,S2,2014,2014-05-19,2014-05-13,2014-05-19,2014-05-20,2014-05-22,2014-05-22,1,1,fixed36_0037,0.7961573071,0.1656444655,0.01099327405,1,temporal_sigmoid
balanced_rf,S2,2014,2014-05-20,2014-05-14,2014-05-20,2014-05-21,2014-05-23,2014-05-23,1,1,fixed36_0037,0.9336683627,0.4552947847,0.01099327405,1,temporal_sigmoid
balanced_rf,S2,2014,2014-05-21,2014-05-15,2014-05-21,2014-05-22,2014-05-24,2014-05-24,1,0,,0.9316050693,0.4461773992,0.01099327405,1,temporal_sigmoid
balanced_rf,S2,2014,2014-05-22,2014-05-16,2014-05-22,2014-05-23,2014-05-25,2014-05-25,1,0,,0.8630865383,0.2535005829,0.01099327405,1,temporal_sigmoid
balanced_rf,S2,2014,2014-05-23,2014-05-17,2014-05-23,2014-05-24,2014-05-26,2014-05-26,1,0,,0.9389120541,0.4798414644,0.01099327405,1,temporal_sigmoid
balanced_rf,S2,2014,2014-05-24,2014-05-18,2014-05-24,2014-05-25,2014-05-27,2014-05-27,1,0,,0.4347637495,0.03110439774,0.01099327405,1,temporal_sigmoid
balanced_rf,S2,2014,2014-05-25,2014-05-19,2014-05-25,2014-05-26,2014-05-28,2014-05-28,1,0,,0.1993021944,0.008978676515,0.01099327405,0,temporal_sigmoid
balanced_rf,S2,2014,2014-05-26,2014-05-20,2014-05-26,2014-05-27,2014-05-29,2014-05-29,1,0,,0.1503891509,0.006143946315,0.01099327405,0,temporal_sigmoid
balanced_rf,S2,2014,2014-05-27,2014-05-21,2014-05-27,2014-05-28,2014-05-30,2014-05-30,1,0,,0.09534722222,0.00344462052,0.01099327405,0,temporal_sigmoid
balanced_rf,S2,2014,2014-05-28,2014-05-22,2014-05-28,2014-05-29,2014-05-31,2014-05-31,1,0,,0.015,0.0003948051416,0.01099327405,0,temporal_sigmoid
balanced_rf,S2,2014,2014-05-29,2014-05-23,2014-05-29,2014-05-30,2014-06-01,2014-06-01,1,0,,0.05805021368,0.001890160829,0.01099327405,0,temporal_sigmoid
balanced_rf,S2,2014,2014-05-30,2014-05-24,2014-05-30,2014-05-31,2014-06-02,2014-06-02,1,0,,0.02055555556,0.000565587347,0.01099327405,0,temporal_sigmoid
balanced_rf,S2,2014,2014-05-31,2014-05-25,2014-05-31,2014-06-01,2014-06-03,2014-06-03,1,0,,0.006666666667,0.0001575724355,0.01099327405,0,temporal_sigmoid
balanced_rf,S2,2014,2014-06-01,2014-05-26,2014-06-01,2014-06-02,2014-06-04,2014-06-04,1,0,,0.006666666667,0.0001575724355,0.01099327405,0,temporal_sigmoid
balanced_rf,S2,2014,2014-06-02,2014-05-27,2014-06-02,2014-06-03,2014-06-05,2014-06-05,1,0,,0.006666666667,0.0001575724355,0.01099327405,0,temporal_sigmoid
balanced_rf,S2,2014,2014-06-03,2014-05-28,2014-06-03,2014-06-04,2014-06-06,2014-06-06,1,0,,0.006666666667,0.0001575724355,0.01099327405,0,temporal_sigmoid
balanced_rf,S2,2014,2014-06-04,2014-05-29,2014-06-04,2014-06-05,2014-06-07,2014-06-07,1,0,,0.01569444444,0.0004156770275,0.01099327405,0,temporal_sigmoid
balanced_rf,S2,2014,2014-06-05,2014-05-30,2014-06-05,2014-06-06,2014-06-08,2014-06-08,1,0,,0.09520299145,0.0034381859,0.01099327405,0,temporal_sigmoid
balanced_rf,S2,2014,2014-06-06,2014-05-31,2014-06-06,2014-06-07,2014-06-09,2014-06-09,1,0,,0.1955184847,0.008743505233,0.01099327405,0,temporal_sigmoid
balanced_rf,S2,2014,2014-06-07,2014-06-01,2014-06-07,2014-06-08,2014-06-10,2014-06-10,1,0,,0.1762176943,0.007586355839,0.01099327405,0,temporal_sigmoid
balanced_rf,S2,2014,2014-06-08,2014-06-02,2014-06-08,2014-06-09,2014-06-11,2014-06-11,1,0,,0.4044250394,0.02715815496,0.01099327405,1,temporal_sigmoid
balanced_rf,S2,2014,2014-06-09,2014-06-03,2014-06-09,2014-06-10,2014-06-12,2014-06-12,1,0,,0.1826917989,0.007966714798,0.01099327405,0,temporal_sigmoid
balanced_rf,S2,2014,2014-06-10,2014-06-04,2014-06-10,2014-06-11,2014-06-13,2014-06-13,1,0,,0.1914440883,0.008493364366,0.01099327405,0,temporal_sigmoid
balanced_rf,S2,2014,2014-06-11,2014-06-05,2014-06-11,2014-06-12,2014-06-14,2014-06-14,1,0,,0.137662037,0.005475678925,0.01099327405,0,temporal_sigmoid
balanced_rf,S2,2014,2014-06-12,2014-06-06,2014-06-12,2014-06-13,2014-06-15,2014-06-15,1,0,,0.3681059743,0.02296775159,0.01099327405,1,temporal_sigmoid
balanced_rf,S2,2014,2014-06-13,2014-06-07,2014-06-13,2014-06-14,2014-06-16,2014-06-16,1,0,,0.3225673661,0.018405368,0.01099327405,1,temporal_sigmoid
balanced_rf,S2,2014,2014-06-14,2014-06-08,2014-06-14,2014-06-15,2014-06-17,2014-06-17,1,0,,0.3419230769,0.02025900396,0.01099327405,1,temporal_sigmoid
balanced_rf,S2,2014,2014-06-15,2014-06-09,2014-06-15,2014-06-16,2014-06-18,2014-06-18,1,0,,0.1683440171,0.007134093486,0.01099327405,0,temporal_sigmoid
balanced_rf,S2,2014,2014-06-16,2014-06-10,2014-06-16,2014-06-17,2014-06-19,2014-06-19,1,0,,0.2169577991,0.01011364093,0.01099327405,0,temporal_sigmoid
balanced_rf,S2,2014,2014-06-17,2014-06-11,2014-06-17,2014-06-18,2014-06-20,2014-06-20,1,0,,0.07048611111,0.002383863374,0.01099327405,0,temporal_sigmoid
balanced_rf,S2,2014,2014-06-18,2014-06-12,2014-06-18,2014-06-19,2014-06-21,2014-06-21,1,0,,0.06506944444,0.002165747822,0.01099327405,0,temporal_sigmoid
balanced_rf,S2,2014,2014-06-19,2014-06-13,2014-06-19,2014-06-20,2014-06-22,2014-06-22,1,0,,0.01666666667,0.0004451368902,0.01099327405,0,temporal_sigmoid
balanced_rf,S2,2014,2014-06-20,2014-06-14,2014-06-20,2014-06-21,2014-06-23,2014-06-23,1,0,,0.006666666667,0.0001575724355,0.01099327405,0,temporal_sigmoid
balanced_rf,S2,2014,2014-06-21,2014-06-15,2014-06-21,2014-06-22,2014-06-24,2014-06-24,1,0,,0.006666666667,0.0001575724355,0.01099327405,0,temporal_sigmoid
balanced_rf,S2,2014,2014-06-22,2014-06-16,2014-06-22,2014-06-23,2014-06-25,2014-06-25,1,0,,0.006666666667,0.0001575724355,0.01099327405,0,temporal_sigmoid
balanced_rf,S2,2014,2014-06-23,2014-06-17,2014-06-23,2014-06-24,2014-06-26,2014-06-26,1,0,,0.006666666667,0.0001575724355,0.01099327405,0,temporal_sigmoid
balanced_rf,S2,2014,2014-06-24,2014-06-18,2014-06-24,2014-06-25,2014-06-27,2014-06-27,1,0,,0.009444444444,0.0002335757208,0.01099327405,0,temporal_sigmoid
balanced_rf,S2,2014,2014-06-25,2014-06-19,2014-06-25,2014-06-26,2014-06-28,2014-06-28,1,0,,0.006666666667,0.0001575724355,0.01099327405,0,temporal_sigmoid
balanced_rf,S2,2014,2014-06-26,2014-06-20,2014-06-26,2014-06-27,2014-06-29,2014-06-29,1,0,,0.006666666667,0.0001575724355,0.01099327405,0,temporal_sigmoid
balanced_rf,S2,2014,2014-06-27,2014-06-21,2014-06-27,2014-06-28,2014-06-30,2014-06-30,1,0,,0.006666666667,0.0001575724355,0.01099327405,0,temporal_sigmoid
balanced_rf,S2,2015,2015-02-28,2015-02-22,2015-02-28,2015-03-01,2015-03-03,2015-03-03,1,0,,0.02222222222,0.003609763967,0.03138711926,0,temporal_sigmoid
balanced_rf,S2,2015,2015-03-01,2015-02-23,2015-03-01,2015-03-02,2015-03-04,2015-03-04,1,0,,0.02222222222,0.003609763967,0.03138711926,0,temporal_sigmoid
balanced_rf,S2,2015,2015-03-02,2015-02-24,2015-03-02,2015-03-03,2015-03-05,2015-03-05,1,0,,0.02222222222,0.003609763967,0.03138711926,0,temporal_sigmoid
balanced_rf,S2,2015,2015-03-03,2015-02-25,2015-03-03,2015-03-04,2015-03-06,2015-03-06,1,0,,0.02222222222,0.003609763967,0.03138711926,0,temporal_sigmoid
balanced_rf,S2,2015,2015-03-04,2015-02-26,2015-03-04,2015-03-05,2015-03-07,2015-03-07,1,0,,0.02222222222,0.003609763967,0.03138711926,0,temporal_sigmoid
balanced_rf,S2,2015,2015-03-05,2015-02-27,2015-03-05,2015-03-06,2015-03-08,2015-03-08,1,0,,0.02222222222,0.003609763967,0.03138711926,0,temporal_sigmoid
balanced_rf,S2,2015,2015-03-06,2015-02-28,2015-03-06,2015-03-07,2015-03-09,2015-03-09,1,0,,0.02222222222,0.003609763967,0.03138711926,0,temporal_sigmoid
balanced_rf,S2,2015,2015-03-07,2015-03-01,2015-03-07,2015-03-08,2015-03-10,2015-03-10,1,0,,0.02222222222,0.003609763967,0.03138711926,0,temporal_sigmoid
balanced_rf,S2,2015,2015-03-08,2015-03-02,2015-03-08,2015-03-09,2015-03-11,2015-03-11,1,0,,0.02222222222,0.003609763967,0.03138711926,0,temporal_sigmoid
balanced_rf,S2,2015,2015-03-09,2015-03-03,2015-03-09,2015-03-10,2015-03-12,2015-03-12,1,0,,0.02222222222,0.003609763967,0.03138711926,0,temporal_sigmoid
balanced_rf,S2,2015,2015-03-10,2015-03-04,2015-03-10,2015-03-11,2015-03-13,2015-03-13,1,0,,0.02222222222,0.003609763967,0.03138711926,0,temporal_sigmoid
balanced_rf,S2,2015,2015-03-11,2015-03-05,2015-03-11,2015-03-12,2015-03-14,2015-03-14,1,0,,0.02222222222,0.003609763967,0.03138711926,0,temporal_sigmoid
balanced_rf,S2,2015,2015-03-12,2015-03-06,2015-03-12,2015-03-13,2015-03-15,2015-03-15,1,0,,0.02222222222,0.003609763967,0.03138711926,0,temporal_sigmoid
balanced_rf,S2,2015,2015-03-13,2015-03-07,2015-03-13,2015-03-14,2015-03-16,2015-03-16,1,0,,0.02222222222,0.003609763967,0.03138711926,0,temporal_sigmoid
balanced_rf,S2,2015,2015-03-14,2015-03-08,2015-03-14,2015-03-15,2015-03-17,2015-03-17,1,0,,0.02222222222,0.003609763967,0.03138711926,0,temporal_sigmoid
balanced_rf,S2,2015,2015-03-15,2015-03-09,2015-03-15,2015-03-16,2015-03-18,2015-03-18,1,0,,0.07555555556,0.009864982206,0.03138711926,0,temporal_sigmoid
balanced_rf,S2,2015,2015-03-16,2015-03-10,2015-03-16,2015-03-17,2015-03-19,2015-03-19,1,0,,0.02222222222,0.003609763967,0.03138711926,0,temporal_sigmoid
balanced_rf,S2,2015,2015-03-17,2015-03-11,2015-03-17,2015-03-18,2015-03-20,2015-03-20,1,0,,0.02222222222,0.003609763967,0.03138711926,0,temporal_sigmoid
balanced_rf,S2,2015,2015-03-18,2015-03-12,2015-03-18,2015-03-19,2015-03-21,2015-03-21,1,0,,0.02222222222,0.003609763967,0.03138711926,0,temporal_sigmoid
balanced_rf,S2,2015,2015-03-19,2015-03-13,2015-03-19,2015-03-20,2015-03-22,2015-03-22,1,0,,0.02222222222,0.003609763967,0.03138711926,0,temporal_sigmoid
balanced_rf,S2,2015,2015-03-20,2015-03-14,2015-03-20,2015-03-21,2015-03-23,2015-03-23,1,0,,0.02222222222,0.003609763967,0.03138711926,0,temporal_sigmoid
balanced_rf,S2,2015,2015-03-21,2015-03-15,2015-03-21,2015-03-22,2015-03-24,2015-03-24,1,0,,0.02222222222,0.003609763967,0.03138711926,0,temporal_sigmoid
balanced_rf,S2,2015,2015-03-22,2015-03-16,2015-03-22,2015-03-23,2015-03-25,2015-03-25,1,0,,0.02222222222,0.003609763967,0.03138711926,0,temporal_sigmoid
balanced_rf,S2,2015,2015-03-23,2015-03-17,2015-03-23,2015-03-24,2015-03-26,2015-03-26,1,0,,0.1647222222,0.01959635853,0.03138711926,0,temporal_sigmoid
balanced_rf,S2,2015,2015-03-24,2015-03-18,2015-03-24,2015-03-25,2015-03-27,2015-03-27,1,0,,0.1691666667,0.02008762532,0.03138711926,0,temporal_sigmoid
balanced_rf,S2,2015,2015-03-25,2015-03-19,2015-03-25,2015-03-26,2015-03-28,2015-03-28,1,0,,0.1666666667,0.01981110845,0.03138711926,0,temporal_sigmoid
balanced_rf,S2,2015,2015-03-26,2015-03-20,2015-03-26,2015-03-27,2015-03-29,2015-03-29,1,0,,0.02222222222,0.003609763967,0.03138711926,0,temporal_sigmoid
balanced_rf,S2,2015,2015-03-27,2015-03-21,2015-03-27,2015-03-28,2015-03-30,2015-03-30,1,0,,0.02222222222,0.003609763967,0.03138711926,0,temporal_sigmoid
balanced_rf,S2,2015,2015-03-28,2015-03-22,2015-03-28,2015-03-29,2015-03-31,2015-03-31,1,0,,0.03111111111,0.004738337018,0.03138711926,0,temporal_sigmoid
balanced_rf,S2,2015,2015-03-29,2015-03-23,2015-03-29,2015-03-30,2015-04-01,2015-04-01,1,0,,0.0525,0.007274476492,0.03138711926,0,temporal_sigmoid
balanced_rf,S2,2015,2015-03-30,2015-03-24,2015-03-30,2015-03-31,2015-04-02,2015-04-02,1,0,,0.0525,0.007274476492,0.03138711926,0,temporal_sigmoid
balanced_rf,S2,2015,2015-03-31,2015-03-25,2015-03-31,2015-04-01,2015-04-03,2015-04-03,1,0,,0.03111111111,0.004738337018,0.03138711926,0,temporal_sigmoid
balanced_rf,S2,2015,2015-04-01,2015-03-26,2015-04-01,2015-04-02,2015-04-04,2015-04-04,1,0,,0.02222222222,0.003609763967,0.03138711926,0,temporal_sigmoid
balanced_rf,S2,2015,2015-04-02,2015-03-27,2015-04-02,2015-04-03,2015-04-05,2015-04-05,1,0,,0.02222222222,0.003609763967,0.03138711926,0,temporal_sigmoid
balanced_rf,S2,2015,2015-04-03,2015-03-28,2015-04-03,2015-04-04,2015-04-06,2015-04-06,1,0,,0.02222222222,0.003609763967,0.03138711926,0,temporal_sigmoid
balanced_rf,S2,2015,2015-04-04,2015-03-29,2015-04-04,2015-04-05,2015-04-07,2015-04-07,1,0,,0.02222222222,0.003609763967,0.03138711926,0,temporal_sigmoid
balanced_rf,S2,2015,2015-04-05,2015-03-30,2015-04-05,2015-04-06,2015-04-08,2015-04-08,1,0,,0.02222222222,0.003609763967,0.03138711926,0,temporal_sigmoid
balanced_rf,S2,2015,2015-04-06,2015-03-31,2015-04-06,2015-04-07,2015-04-09,2015-04-09,1,0,,0.02222222222,0.003609763967,0.03138711926,0,temporal_sigmoid
balanced_rf,S2,2015,2015-04-07,2015-04-01,2015-04-07,2015-04-08,2015-04-10,2015-04-10,1,0,,0.02222222222,0.003609763967,0.03138711926,0,temporal_sigmoid
balanced_rf,S2,2015,2015-04-08,2015-04-02,2015-04-08,2015-04-09,2015-04-11,2015-04-11,1,0,,0.02222222222,0.003609763967,0.03138711926,0,temporal_sigmoid
balanced_rf,S2,2015,2015-04-09,2015-04-03,2015-04-09,2015-04-10,2015-04-12,2015-04-12,1,0,,0.02222222222,0.003609763967,0.03138711926,0,temporal_sigmoid
balanced_rf,S2,2015,2015-04-10,2015-04-04,2015-04-10,2015-04-11,2015-04-13,2015-04-13,1,0,,0.02777777778,0.004322399532,0.03138711926,0,temporal_sigmoid
balanced_rf,S2,2015,2015-04-11,2015-04-05,2015-04-11,2015-04-12,2015-04-14,2015-04-14,1,0,,0.02222222222,0.003609763967,0.03138711926,0,temporal_sigmoid
balanced_rf,S2,2015,2015-04-12,2015-04-06,2015-04-12,2015-04-13,2015-04-15,2015-04-15,1,0,,0.02222222222,0.003609763967,0.03138711926,0,temporal_sigmoid
balanced_rf,S2,2015,2015-04-13,2015-04-07,2015-04-13,2015-04-14,2015-04-16,2015-04-16,1,0,,0.02222222222,0.003609763967,0.03138711926,0,temporal_sigmoid
balanced_rf,S2,2015,2015-04-14,2015-04-08,2015-04-14,2015-04-15,2015-04-17,2015-04-17,1,0,,0.02222222222,0.003609763967,0.03138711926,0,temporal_sigmoid
balanced_rf,S2,2015,2015-04-15,2015-04-09,2015-04-15,2015-04-16,2015-04-18,2015-04-18,1,0,,0.3491666667,0.04222678592,0.03138711926,1,temporal_sigmoid
balanced_rf,S2,2015,2015-04-16,2015-04-10,2015-04-16,2015-04-17,2015-04-19,2015-04-19,1,0,,0.05555555556,0.007623899575,0.03138711926,0,temporal_sigmoid
balanced_rf,S2,2015,2015-04-17,2015-04-11,2015-04-17,2015-04-18,2015-04-20,2015-04-20,1,0,,0.02222222222,0.003609763967,0.03138711926,0,temporal_sigmoid
balanced_rf,S2,2015,2015-04-18,2015-04-12,2015-04-18,2015-04-19,2015-04-21,2015-04-21,1,0,,0.02222222222,0.003609763967,0.03138711926,0,temporal_sigmoid
balanced_rf,S2,2015,2015-04-19,2015-04-13,2015-04-19,2015-04-20,2015-04-22,2015-04-22,1,0,,0.02222222222,0.003609763967,0.03138711926,0,temporal_sigmoid
balanced_rf,S2,2015,2015-04-20,2015-04-14,2015-04-20,2015-04-21,2015-04-23,2015-04-23,1,0,,0.02222222222,0.003609763967,0.03138711926,0,temporal_sigmoid
balanced_rf,S2,2015,2015-04-21,2015-04-15,2015-04-21,2015-04-22,2015-04-24,2015-04-24,1,0,,0.02222222222,0.003609763967,0.03138711926,0,temporal_sigmoid
balanced_rf,S2,2015,2015-04-22,2015-04-16,2015-04-22,2015-04-23,2015-04-25,2015-04-25,1,0,,0.02222222222,0.003609763967,0.03138711926,0,temporal_sigmoid
balanced_rf,S2,2015,2015-04-23,2015-04-17,2015-04-23,2015-04-24,2015-04-26,2015-04-26,1,0,,0.02222222222,0.003609763967,0.03138711926,0,temporal_sigmoid
balanced_rf,S2,2015,2015-04-24,2015-04-18,2015-04-24,2015-04-25,2015-04-27,2015-04-27,1,0,,0.02222222222,0.003609763967,0.03138711926,0,temporal_sigmoid
balanced_rf,S2,2015,2015-04-25,2015-04-19,2015-04-25,2015-04-26,2015-04-28,2015-04-28,1,0,,0.02222222222,0.003609763967,0.03138711926,0,temporal_sigmoid
balanced_rf,S2,2015,2015-04-26,2015-04-20,2015-04-26,2015-04-27,2015-04-29,2015-04-29,1,0,,0.02222222222,0.003609763967,0.03138711926,0,temporal_sigmoid
balanced_rf,S2,2015,2015-04-27,2015-04-21,2015-04-27,2015-04-28,2015-04-30,2015-04-30,1,0,,0.02222222222,0.003609763967,0.03138711926,0,temporal_sigmoid
balanced_rf,S2,2015,2015-04-28,2015-04-22,2015-04-28,2015-04-29,2015-05-01,2015-05-01,1,0,,0.02222222222,0.003609763967,0.03138711926,0,temporal_sigmoid
balanced_rf,S2,2015,2015-04-29,2015-04-23,2015-04-29,2015-04-30,2015-05-02,2015-05-02,1,0,,0.02222222222,0.003609763967,0.03138711926,0,temporal_sigmoid
balanced_rf,S2,2015,2015-04-30,2015-04-24,2015-04-30,2015-05-01,2015-05-03,2015-05-03,1,0,,0.02222222222,0.003609763967,0.03138711926,0,temporal_sigmoid
balanced_rf,S2,2015,2015-05-01,2015-04-25,2015-05-01,2015-05-02,2015-05-04,2015-05-04,1,0,,0.02222222222,0.003609763967,0.03138711926,0,temporal_sigmoid
balanced_rf,S2,2015,2015-05-02,2015-04-26,2015-05-02,2015-05-03,2015-05-05,2015-05-05,1,0,,0.02222222222,0.003609763967,0.03138711926,0,temporal_sigmoid
balanced_rf,S2,2015,2015-05-03,2015-04-27,2015-05-03,2015-05-04,2015-05-06,2015-05-06,1,0,,0.1511111111,0.01810016786,0.03138711926,0,temporal_sigmoid
balanced_rf,S2,2015,2015-05-04,2015-04-28,2015-05-04,2015-05-05,2015-05-07,2015-05-07,1,0,,0.02222222222,0.003609763967,0.03138711926,0,temporal_sigmoid
balanced_rf,S2,2015,2015-05-05,2015-04-29,2015-05-05,2015-05-06,2015-05-08,2015-05-08,1,0,,0.2258333333,0.02651542394,0.03138711926,0,temporal_sigmoid
balanced_rf,S2,2015,2015-05-06,2015-04-30,2015-05-06,2015-05-07,2015-05-09,2015-05-09,1,0,,0.2313888889,0.02716584481,0.03138711926,0,temporal_sigmoid
balanced_rf,S2,2015,2015-05-07,2015-05-01,2015-05-07,2015-05-08,2015-05-10,2015-05-10,1,0,,0.02222222222,0.003609763967,0.03138711926,0,temporal_sigmoid
balanced_rf,S2,2015,2015-05-08,2015-05-02,2015-05-08,2015-05-09,2015-05-11,2015-05-11,1,0,,0.02222222222,0.003609763967,0.03138711926,0,temporal_sigmoid
balanced_rf,S2,2015,2015-05-09,2015-05-03,2015-05-09,2015-05-10,2015-05-12,2015-05-12,1,0,,0.02222222222,0.003609763967,0.03138711926,0,temporal_sigmoid
balanced_rf,S2,2015,2015-05-10,2015-05-04,2015-05-10,2015-05-11,2015-05-13,2015-05-13,1,0,,0.02222222222,0.003609763967,0.03138711926,0,temporal_sigmoid
balanced_rf,S2,2015,2015-05-11,2015-05-05,2015-05-11,2015-05-12,2015-05-14,2015-05-14,1,0,,0.02222222222,0.003609763967,0.03138711926,0,temporal_sigmoid
balanced_rf,S2,2015,2015-05-12,2015-05-06,2015-05-12,2015-05-13,2015-05-15,2015-05-15,1,0,,0.02222222222,0.003609763967,0.03138711926,0,temporal_sigmoid
balanced_rf,S2,2015,2015-05-13,2015-05-07,2015-05-13,2015-05-14,2015-05-16,2015-05-16,1,0,,0.02222222222,0.003609763967,0.03138711926,0,temporal_sigmoid
balanced_rf,S2,2015,2015-05-14,2015-05-08,2015-05-14,2015-05-15,2015-05-17,2015-05-17,1,0,,0.2288888889,0.02687263471,0.03138711926,0,temporal_sigmoid
balanced_rf,S2,2015,2015-05-15,2015-05-09,2015-05-15,2015-05-16,2015-05-18,2015-05-18,1,0,,0.02222222222,0.003609763967,0.03138711926,0,temporal_sigmoid
balanced_rf,S2,2015,2015-05-16,2015-05-10,2015-05-16,2015-05-17,2015-05-19,2015-05-19,1,0,,0.02222222222,0.003609763967,0.03138711926,0,temporal_sigmoid
balanced_rf,S2,2015,2015-05-17,2015-05-11,2015-05-17,2015-05-18,2015-05-20,2015-05-20,1,0,,0.02222222222,0.003609763967,0.03138711926,0,temporal_sigmoid
balanced_rf,S2,2015,2015-05-18,2015-05-12,2015-05-18,2015-05-19,2015-05-21,2015-05-21,1,0,,0.02222222222,0.003609763967,0.03138711926,0,temporal_sigmoid
balanced_rf,S2,2015,2015-05-19,2015-05-13,2015-05-19,2015-05-20,2015-05-22,2015-05-22,1,0,,0.2777777778,0.03277966871,0.03138711926,1,temporal_sigmoid
balanced_rf,S2,2015,2015-05-20,2015-05-14,2015-05-20,2015-05-21,2015-05-23,2015-05-23,1,0,,0.1622222222,0.01932064646,0.03138711926,0,temporal_sigmoid
balanced_rf,S2,2015,2015-05-21,2015-05-15,2015-05-21,2015-05-22,2015-05-24,2015-05-24,1,0,,0.06666666667,0.008877246364,0.03138711926,0,temporal_sigmoid
balanced_rf,S2,2015,2015-05-22,2015-05-16,2015-05-22,2015-05-23,2015-05-25,2015-05-25,1,0,,0.4052777778,0.05057022097,0.03138711926,1,temporal_sigmoid
balanced_rf,S2,2015,2015-05-23,2015-05-17,2015-05-23,2015-05-24,2015-05-26,2015-05-26,1,0,,0.4569444444,0.05919946219,0.03138711926,1,temporal_sigmoid
balanced_rf,S2,2015,2015-05-24,2015-05-18,2015-05-24,2015-05-25,2015-05-27,2015-05-27,1,0,,0.055,0.007560542162,0.03138711926,0,temporal_sigmoid
balanced_rf,S2,2015,2015-05-25,2015-05-19,2015-05-25,2015-05-26,2015-05-28,2015-05-28,1,0,,0.3627777778,0.04416623783,0.03138711926,1,temporal_sigmoid
balanced_rf,S2,2015,2015-05-26,2015-05-20,2015-05-26,2015-05-27,2015-05-29,2015-05-29,1,0,,0.02222222222,0.003609763967,0.03138711926,0,temporal_sigmoid
balanced_rf,S2,2015,2015-05-27,2015-05-21,2015-05-27,2015-05-28,2015-05-30,2015-05-30,1,0,,0.02222222222,0.003609763967,0.03138711926,0,temporal_sigmoid
balanced_rf,S2,2015,2015-05-28,2015-05-22,2015-05-28,2015-05-29,2015-05-31,2015-05-31,1,0,,0.2669444444,0.03143692711,0.03138711926,1,temporal_sigmoid
balanced_rf,S2,2015,2015-05-29,2015-05-23,2015-05-29,2015-05-30,2015-06-01,2015-06-01,1,0,,0.05555555556,0.007623899575,0.03138711926,0,temporal_sigmoid
balanced_rf,S2,2015,2015-05-30,2015-05-24,2015-05-30,2015-05-31,2015-06-02,2015-06-02,1,0,,0.02222222222,0.003609763967,0.03138711926,0,temporal_sigmoid
balanced_rf,S2,2015,2015-05-31,2015-05-25,2015-05-31,2015-06-01,2015-06-03,2015-06-03,1,0,,0.05555555556,0.007623899575,0.03138711926,0,temporal_sigmoid
balanced_rf,S2,2015,2015-06-01,2015-05-26,2015-06-01,2015-06-02,2015-06-04,2015-06-04,1,0,,0.1022222222,0.0127829062,0.03138711926,0,temporal_sigmoid
balanced_rf,S2,2015,2015-06-02,2015-05-27,2015-06-02,2015-06-03,2015-06-05,2015-06-05,1,0,,0.03888888889,0.005683045551,0.03138711926,0,temporal_sigmoid
balanced_rf,S2,2015,2015-06-03,2015-05-28,2015-06-03,2015-06-04,2015-06-06,2015-06-06,1,0,,0.2080555556,0.02446098786,0.03138711926,0,temporal_sigmoid
balanced_rf,S2,2015,2015-06-04,2015-05-29,2015-06-04,2015-06-05,2015-06-07,2015-06-07,1,0,,0.4463888889,0.05735073525,0.03138711926,1,temporal_sigmoid
balanced_rf,S2,2015,2015-06-05,2015-05-30,2015-06-05,2015-06-06,2015-06-08,2015-06-08,1,0,,0.2916666667,0.03453275621,0.03138711926,1,temporal_sigmoid
balanced_rf,S2,2015,2015-06-06,2015-05-31,2015-06-06,2015-06-07,2015-06-09,2015-06-09,1,0,,0.06333333333,0.00850374258,0.03138711926,0,temporal_sigmoid
balanced_rf,S2,2015,2015-06-07,2015-06-01,2015-06-07,2015-06-08,2015-06-10,2015-06-10,1,0,,0.2466666667,0.02897708767,0.03138711926,0,temporal_sigmoid
balanced_rf,S2,2015,2015-06-08,2015-06-02,2015-06-08,2015-06-09,2015-06-11,2015-06-11,1,0,,0.08,0.01035516394,0.03138711926,0,temporal_sigmoid
balanced_rf,S2,2015,2015-06-09,2015-06-03,2015-06-09,2015-06-10,2015-06-12,2015-06-12,1,0,,0.2902777778,0.0343557814,0.03138711926,1,temporal_sigmoid
balanced_rf,S2,2015,2015-06-10,2015-06-04,2015-06-10,2015-06-11,2015-06-13,2015-06-13,1,0,,0.02222222222,0.003609763967,0.03138711926,0,temporal_sigmoid
balanced_rf,S2,2015,2015-06-11,2015-06-05,2015-06-11,2015-06-12,2015-06-14,2015-06-14,1,0,,0.04861111111,0.006826098835,0.03138711926,0,temporal_sigmoid
balanced_rf,S2,2015,2015-06-12,2015-06-06,2015-06-12,2015-06-13,2015-06-15,2015-06-15,1,0,,0.04861111111,0.006826098835,0.03138711926,0,temporal_sigmoid
balanced_rf,S2,2015,2015-06-13,2015-06-07,2015-06-13,2015-06-14,2015-06-16,2015-06-16,1,0,,0.04861111111,0.006826098835,0.03138711926,0,temporal_sigmoid
balanced_rf,S2,2015,2015-06-14,2015-06-08,2015-06-14,2015-06-15,2015-06-17,2015-06-17,1,0,,0.02222222222,0.003609763967,0.03138711926,0,temporal_sigmoid
balanced_rf,S2,2015,2015-06-15,2015-06-09,2015-06-15,2015-06-16,2015-06-18,2015-06-18,1,0,,0.02222222222,0.003609763967,0.03138711926,0,temporal_sigmoid
balanced_rf,S2,2015,2015-06-16,2015-06-10,2015-06-16,2015-06-17,2015-06-19,2015-06-19,1,0,,0.02222222222,0.003609763967,0.03138711926,0,temporal_sigmoid
balanced_rf,S2,2015,2015-06-17,2015-06-11,2015-06-17,2015-06-18,2015-06-20,2015-06-20,1,0,,0.02222222222,0.003609763967,0.03138711926,0,temporal_sigmoid
balanced_rf,S2,2015,2015-06-18,2015-06-12,2015-06-18,2015-06-19,2015-06-21,2015-06-21,1,0,,0.02777777778,0.004322399532,0.03138711926,0,temporal_sigmoid
balanced_rf,S2,2015,2015-06-19,2015-06-13,2015-06-19,2015-06-20,2015-06-22,2015-06-22,1,0,,0.3772222222,0.04628097475,0.03138711926,1,temporal_sigmoid
balanced_rf,S2,2015,2015-06-20,2015-06-14,2015-06-20,2015-06-21,2015-06-23,2015-06-23,1,0,,0.03888888889,0.005683045551,0.03138711926,0,temporal_sigmoid
balanced_rf,S2,2015,2015-06-21,2015-06-15,2015-06-21,2015-06-22,2015-06-24,2015-06-24,1,0,,0.04444444444,0.006340487265,0.03138711926,0,temporal_sigmoid
balanced_rf,S2,2015,2015-06-22,2015-06-16,2015-06-22,2015-06-23,2015-06-25,2015-06-25,1,0,,0.02222222222,0.003609763967,0.03138711926,0,temporal_sigmoid
balanced_rf,S2,2015,2015-06-23,2015-06-17,2015-06-23,2015-06-24,2015-06-26,2015-06-26,1,0,,0.02222222222,0.003609763967,0.03138711926,0,temporal_sigmoid
balanced_rf,S2,2015,2015-06-24,2015-06-18,2015-06-24,2015-06-25,2015-06-27,2015-06-27,1,0,,0.02222222222,0.003609763967,0.03138711926,0,temporal_sigmoid
balanced_rf,S2,2015,2015-06-25,2015-06-19,2015-06-25,2015-06-26,2015-06-28,2015-06-28,1,0,,0.02222222222,0.003609763967,0.03138711926,0,temporal_sigmoid
balanced_rf,S2,2015,2015-06-26,2015-06-20,2015-06-26,2015-06-27,2015-06-29,2015-06-29,1,0,,0.02222222222,0.003609763967,0.03138711926,0,temporal_sigmoid
balanced_rf,S2,2015,2015-06-27,2015-06-21,2015-06-27,2015-06-28,2015-06-30,2015-06-30,1,0,,0.02222222222,0.003609763967,0.03138711926,0,temporal_sigmoid
balanced_rf,S2,2016,2016-02-29,2016-02-23,2016-02-29,2016-03-01,2016-03-03,2016-03-03,1,0,,0,2.346347084e-08,0.045520928,0,temporal_sigmoid
balanced_rf,S2,2016,2016-03-01,2016-02-24,2016-03-01,2016-03-02,2016-03-04,2016-03-04,1,0,,0,2.346347084e-08,0.045520928,0,temporal_sigmoid
balanced_rf,S2,2016,2016-03-02,2016-02-25,2016-03-02,2016-03-03,2016-03-05,2016-03-05,1,0,,0,2.346347084e-08,0.045520928,0,temporal_sigmoid
balanced_rf,S2,2016,2016-03-03,2016-02-26,2016-03-03,2016-03-04,2016-03-06,2016-03-06,1,0,,0,2.346347084e-08,0.045520928,0,temporal_sigmoid
balanced_rf,S2,2016,2016-03-04,2016-02-27,2016-03-04,2016-03-05,2016-03-07,2016-03-07,1,0,,0,2.346347084e-08,0.045520928,0,temporal_sigmoid
balanced_rf,S2,2016,2016-03-05,2016-02-28,2016-03-05,2016-03-06,2016-03-08,2016-03-08,1,0,,0.005555555556,0.000171918167,0.045520928,0,temporal_sigmoid
balanced_rf,S2,2016,2016-03-06,2016-02-29,2016-03-06,2016-03-07,2016-03-09,2016-03-09,1,0,,0.005555555556,0.000171918167,0.045520928,0,temporal_sigmoid
balanced_rf,S2,2016,2016-03-07,2016-03-01,2016-03-07,2016-03-08,2016-03-10,2016-03-10,1,0,,0.005555555556,0.000171918167,0.045520928,0,temporal_sigmoid
balanced_rf,S2,2016,2016-03-08,2016-03-02,2016-03-08,2016-03-09,2016-03-11,2016-03-11,1,0,,0.005555555556,0.000171918167,0.045520928,0,temporal_sigmoid
balanced_rf,S2,2016,2016-03-09,2016-03-03,2016-03-09,2016-03-10,2016-03-12,2016-03-12,1,0,,0.005555555556,0.000171918167,0.045520928,0,temporal_sigmoid
balanced_rf,S2,2016,2016-03-10,2016-03-04,2016-03-10,2016-03-11,2016-03-13,2016-03-13,1,0,,0.006944444444,0.0002167137533,0.045520928,0,temporal_sigmoid
balanced_rf,S2,2016,2016-03-11,2016-03-05,2016-03-11,2016-03-12,2016-03-14,2016-03-14,1,0,,0.07095173596,0.002545601852,0.045520928,0,temporal_sigmoid
balanced_rf,S2,2016,2016-03-12,2016-03-06,2016-03-12,2016-03-13,2016-03-15,2016-03-15,1,0,,0.249761465,0.01151803391,0.045520928,0,temporal_sigmoid
balanced_rf,S2,2016,2016-03-13,2016-03-07,2016-03-13,2016-03-14,2016-03-16,2016-03-16,1,0,,0.04366593567,0.001499091127,0.045520928,0,temporal_sigmoid
balanced_rf,S2,2016,2016-03-14,2016-03-08,2016-03-14,2016-03-15,2016-03-17,2016-03-17,1,0,,0.006865079365,0.0002141424841,0.045520928,0,temporal_sigmoid
balanced_rf,S2,2016,2016-03-15,2016-03-09,2016-03-15,2016-03-16,2016-03-18,2016-03-18,1,0,,0.006865079365,0.0002141424841,0.045520928,0,temporal_sigmoid
balanced_rf,S2,2016,2016-03-16,2016-03-10,2016-03-16,2016-03-17,2016-03-19,2016-03-19,1,0,,0.006865079365,0.0002141424841,0.045520928,0,temporal_sigmoid
balanced_rf,S2,2016,2016-03-17,2016-03-11,2016-03-17,2016-03-18,2016-03-20,2016-03-20,1,0,,0.008253968254,0.000259324824,0.045520928,0,temporal_sigmoid
balanced_rf,S2,2016,2016-03-18,2016-03-12,2016-03-18,2016-03-19,2016-03-21,2016-03-21,1,0,,0.004166666667,0.0001275990483,0.045520928,0,temporal_sigmoid
balanced_rf,S2,2016,2016-03-19,2016-03-13,2016-03-19,2016-03-20,2016-03-22,2016-03-22,1,0,,0,2.346347084e-08,0.045520928,0,temporal_sigmoid
balanced_rf,S2,2016,2016-03-20,2016-03-14,2016-03-20,2016-03-21,2016-03-23,2016-03-23,1,0,,0,2.346347084e-08,0.045520928,0,temporal_sigmoid
balanced_rf,S2,2016,2016-03-21,2016-03-15,2016-03-21,2016-03-22,2016-03-24,2016-03-24,1,0,,0,2.346347084e-08,0.045520928,0,temporal_sigmoid
balanced_rf,S2,2016,2016-03-22,2016-03-16,2016-03-22,2016-03-23,2016-03-25,2016-03-25,1,0,,0.2146540182,0.00941798758,0.045520928,0,temporal_sigmoid
balanced_rf,S2,2016,2016-03-23,2016-03-17,2016-03-23,2016-03-24,2016-03-26,2016-03-26,1,0,,0.04366593567,0.001499091127,0.045520928,0,temporal_sigmoid
balanced_rf,S2,2016,2016-03-24,2016-03-18,2016-03-24,2016-03-25,2016-03-27,2016-03-27,1,0,,0.04380482456,0.00150422712,0.045520928,0,temporal_sigmoid
balanced_rf,S2,2016,2016-03-25,2016-03-19,2016-03-25,2016-03-26,2016-03-28,2016-03-28,1,0,,0.1404343519,0.005560746406,0.045520928,0,temporal_sigmoid
balanced_rf,S2,2016,2016-03-26,2016-03-20,2016-03-26,2016-03-27,2016-03-29,2016-03-29,1,0,,0.01361111111,0.0004367737726,0.045520928,0,temporal_sigmoid
balanced_rf,S2,2016,2016-03-27,2016-03-21,2016-03-27,2016-03-28,2016-03-30,2016-03-30,1,0,,0.02075396825,0.0006797927179,0.045520928,0,temporal_sigmoid
balanced_rf,S2,2016,2016-03-28,2016-03-22,2016-03-28,2016-03-29,2016-03-31,2016-03-31,1,0,,0.01111111111,0.0003533870879,0.045520928,0,temporal_sigmoid
balanced_rf,S2,2016,2016-03-29,2016-03-23,2016-03-29,2016-03-30,2016-04-01,2016-04-01,1,0,,0.008333333333,0.000261918087,0.045520928,0,temporal_sigmoid
balanced_rf,S2,2016,2016-03-30,2016-03-24,2016-03-30,2016-03-31,2016-04-02,2016-04-02,1,0,,0.008333333333,0.000261918087,0.045520928,0,temporal_sigmoid
balanced_rf,S2,2016,2016-03-31,2016-03-25,2016-03-31,2016-04-01,2016-04-03,2016-04-03,1,0,,0.008333333333,0.000261918087,0.045520928,0,temporal_sigmoid
balanced_rf,S2,2016,2016-04-01,2016-03-26,2016-04-01,2016-04-02,2016-04-04,2016-04-04,1,0,,0.008333333333,0.000261918087,0.045520928,0,temporal_sigmoid
balanced_rf,S2,2016,2016-04-02,2016-03-27,2016-04-02,2016-04-03,2016-04-05,2016-04-05,1,0,,0.008333333333,0.000261918087,0.045520928,0,temporal_sigmoid
balanced_rf,S2,2016,2016-04-03,2016-03-28,2016-04-03,2016-04-04,2016-04-06,2016-04-06,1,0,,0.008333333333,0.000261918087,0.045520928,0,temporal_sigmoid
balanced_rf,S2,2016,2016-04-04,2016-03-29,2016-04-04,2016-04-05,2016-04-07,2016-04-07,1,0,,0.008333333333,0.000261918087,0.045520928,0,temporal_sigmoid
balanced_rf,S2,2016,2016-04-05,2016-03-30,2016-04-05,2016-04-06,2016-04-08,2016-04-08,1,0,,0.008333333333,0.000261918087,0.045520928,0,temporal_sigmoid
balanced_rf,S2,2016,2016-04-06,2016-03-31,2016-04-06,2016-04-07,2016-04-09,2016-04-09,1,0,,0.193818576,0.008260333446,0.045520928,0,temporal_sigmoid
balanced_rf,S2,2016,2016-04-07,2016-04-01,2016-04-07,2016-04-08,2016-04-10,2016-04-10,1,0,,0.1659492231,0.006805648003,0.045520928,0,temporal_sigmoid
balanced_rf,S2,2016,2016-04-08,2016-04-02,2016-04-08,2016-04-09,2016-04-11,2016-04-11,1,0,,0.2093572223,0.00911772032,0.045520928,0,temporal_sigmoid
balanced_rf,S2,2016,2016-04-09,2016-04-03,2016-04-09,2016-04-10,2016-04-12,2016-04-12,1,0,,0.553816726,0.04331910186,0.045520928,0,temporal_sigmoid
balanced_rf,S2,2016,2016-04-10,2016-04-04,2016-04-10,2016-04-11,2016-04-13,2016-04-13,1,0,,0.6015967018,0.05251598636,0.045520928,1,temporal_sigmoid
balanced_rf,S2,2016,2016-04-11,2016-04-05,2016-04-11,2016-04-12,2016-04-14,2016-04-14,1,0,,0.7024966584,0.08079920286,0.045520928,1,temporal_sigmoid
balanced_rf,S2,2016,2016-04-12,2016-04-06,2016-04-12,2016-04-13,2016-04-15,2016-04-15,1,0,,0.8416950805,0.1687757856,0.045520928,1,temporal_sigmoid
balanced_rf,S2,2016,2016-04-13,2016-04-07,2016-04-13,2016-04-14,2016-04-16,2016-04-16,1,0,,0.7998071008,0.1313444534,0.045520928,1,temporal_sigmoid
balanced_rf,S2,2016,2016-04-14,2016-04-08,2016-04-14,2016-04-15,2016-04-17,2016-04-17,1,0,,0.7849814634,0.1210938505,0.045520928,1,temporal_sigmoid
balanced_rf,S2,2016,2016-04-15,2016-04-09,2016-04-15,2016-04-16,2016-04-18,2016-04-18,1,0,,0.7313869776,0.09240634336,0.045520928,1,temporal_sigmoid
balanced_rf,S2,2016,2016-04-16,2016-04-10,2016-04-16,2016-04-17,2016-04-19,2016-04-19,1,0,,0.5545761488,0.0434506853,0.045520928,0,temporal_sigmoid
balanced_rf,S2,2016,2016-04-17,2016-04-11,2016-04-17,2016-04-18,2016-04-20,2016-04-20,1,0,,0.1334120138,0.005231820456,0.045520928,0,temporal_sigmoid
balanced_rf,S2,2016,2016-04-18,2016-04-12,2016-04-18,2016-04-19,2016-04-21,2016-04-21,1,0,,0.4921314764,0.03388717555,0.045520928,0,temporal_sigmoid
balanced_rf,S2,2016,2016-04-19,2016-04-13,2016-04-19,2016-04-20,2016-04-22,2016-04-22,1,0,,0.6970411626,0.07883210976,0.045520928,1,temporal_sigmoid
balanced_rf,S2,2016,2016-04-20,2016-04-14,2016-04-20,2016-04-21,2016-04-23,2016-04-23,1,0,,0.4595150725,0.02973694891,0.045520928,0,temporal_sigmoid
balanced_rf,S2,2016,2016-04-21,2016-04-15,2016-04-21,2016-04-22,2016-04-24,2016-04-24,1,0,,0.6852683145,0.07479845955,0.045520928,1,temporal_sigmoid
balanced_rf,S2,2016,2016-04-22,2016-04-16,2016-04-22,2016-04-23,2016-04-25,2016-04-25,1,0,,0.7501731693,0.1012276457,0.045520928,1,temporal_sigmoid
balanced_rf,S2,2016,2016-04-23,2016-04-17,2016-04-23,2016-04-24,2016-04-26,2016-04-26,1,1,fixed36_0038,0.753179562,0.1027491586,0.045520928,1,temporal_sigmoid
balanced_rf,S2,2016,2016-04-24,2016-04-18,2016-04-24,2016-04-25,2016-04-27,2016-04-27,1,1,fixed36_0038,0.9422081989,0.3920742138,0.045520928,1,temporal_sigmoid
balanced_rf,S2,2016,2016-04-25,2016-04-19,2016-04-25,2016-04-26,2016-04-28,2016-04-28,1,0,,0.8871805609,0.2331420094,0.045520928,1,temporal_sigmoid
balanced_rf,S2,2016,2016-04-26,2016-04-20,2016-04-26,2016-04-27,2016-04-29,2016-04-29,1,0,,0.9160698214,0.2989097898,0.045520928,1,temporal_sigmoid
balanced_rf,S2,2016,2016-04-27,2016-04-21,2016-04-27,2016-04-28,2016-04-30,2016-04-30,1,0,,0.8445208958,0.171889731,0.045520928,1,temporal_sigmoid
balanced_rf,S2,2016,2016-04-28,2016-04-22,2016-04-28,2016-04-29,2016-05-01,2016-05-01,1,1,fixed36_0039,0.7729001786,0.1135989656,0.045520928,1,temporal_sigmoid
balanced_rf,S2,2016,2016-04-29,2016-04-23,2016-04-29,2016-04-30,2016-05-02,2016-05-02,1,0,,0.875661188,0.2134231457,0.045520928,1,temporal_sigmoid
balanced_rf,S2,2016,2016-04-30,2016-04-24,2016-04-30,2016-05-01,2016-05-03,2016-05-03,1,0,,0.9359980076,0.3657019801,0.045520928,1,temporal_sigmoid
balanced_rf,S2,2016,2016-05-01,2016-04-25,2016-05-01,2016-05-02,2016-05-04,2016-05-04,1,0,,0.8190643549,0.1467575452,0.045520928,1,temporal_sigmoid
balanced_rf,S2,2016,2016-05-02,2016-04-26,2016-05-02,2016-05-03,2016-05-05,2016-05-05,1,0,,0.2249148628,0.01001165749,0.045520928,0,temporal_sigmoid
balanced_rf,S2,2016,2016-05-03,2016-04-27,2016-05-03,2016-05-04,2016-05-06,2016-05-06,1,0,,0.1040171725,0.003915568395,0.045520928,0,temporal_sigmoid
balanced_rf,S2,2016,2016-05-04,2016-04-28,2016-05-04,2016-05-05,2016-05-07,2016-05-07,1,0,,0.06361986513,0.002257015893,0.045520928,0,temporal_sigmoid
balanced_rf,S2,2016,2016-05-05,2016-04-29,2016-05-05,2016-05-06,2016-05-08,2016-05-08,1,0,,0.03311160919,0.001114645222,0.045520928,0,temporal_sigmoid
balanced_rf,S2,2016,2016-05-06,2016-04-30,2016-05-06,2016-05-07,2016-05-09,2016-05-09,1,0,,0.006865079365,0.0002141424841,0.045520928,0,temporal_sigmoid
balanced_rf,S2,2016,2016-05-07,2016-05-01,2016-05-07,2016-05-08,2016-05-10,2016-05-10,1,0,,0,2.346347084e-08,0.045520928,0,temporal_sigmoid
balanced_rf,S2,2016,2016-05-08,2016-05-02,2016-05-08,2016-05-09,2016-05-11,2016-05-11,1,0,,0,2.346347084e-08,0.045520928,0,temporal_sigmoid
balanced_rf,S2,2016,2016-05-09,2016-05-03,2016-05-09,2016-05-10,2016-05-12,2016-05-12,1,0,,0.001388888889,4.097408825e-05,0.045520928,0,temporal_sigmoid
balanced_rf,S2,2016,2016-05-10,2016-05-04,2016-05-10,2016-05-11,2016-05-13,2016-05-13,1,0,,0.191278773,0.008123434839,0.045520928,0,temporal_sigmoid
balanced_rf,S2,2016,2016-05-11,2016-05-05,2016-05-11,2016-05-12,2016-05-14,2016-05-14,1,0,,0.4891088338,0.0334811159,0.045520928,0,temporal_sigmoid
balanced_rf,S2,2016,2016-05-12,2016-05-06,2016-05-12,2016-05-13,2016-05-15,2016-05-15,1,0,,0.2924352826,0.01435562055,0.045520928,0,temporal_sigmoid
balanced_rf,S2,2016,2016-05-13,2016-05-07,2016-05-13,2016-05-14,2016-05-16,2016-05-16,1,0,,0.006865079365,0.0002141424841,0.045520928,0,temporal_sigmoid
balanced_rf,S2,2016,2016-05-14,2016-05-08,2016-05-14,2016-05-15,2016-05-17,2016-05-17,1,0,,0.006865079365,0.0002141424841,0.045520928,0,temporal_sigmoid
balanced_rf,S2,2016,2016-05-15,2016-05-09,2016-05-15,2016-05-16,2016-05-18,2016-05-18,1,0,,0.1686657099,0.006942952024,0.045520928,0,temporal_sigmoid
balanced_rf,S2,2016,2016-05-16,2016-05-10,2016-05-16,2016-05-17,2016-05-19,2016-05-19,1,0,,0.2092119874,0.009109545501,0.045520928,0,temporal_sigmoid
balanced_rf,S2,2016,2016-05-17,2016-05-11,2016-05-17,2016-05-18,2016-05-20,2016-05-20,1,0,,0.3157731204,0.0160579321,0.045520928,0,temporal_sigmoid
balanced_rf,S2,2016,2016-05-18,2016-05-12,2016-05-18,2016-05-19,2016-05-21,2016-05-21,1,0,,0.006865079365,0.0002141424841,0.045520928,0,temporal_sigmoid
balanced_rf,S2,2016,2016-05-19,2016-05-13,2016-05-19,2016-05-20,2016-05-22,2016-05-22,1,0,,0,2.346347084e-08,0.045520928,0,temporal_sigmoid
balanced_rf,S2,2016,2016-05-20,2016-05-14,2016-05-20,2016-05-21,2016-05-23,2016-05-23,1,0,,0.002777777778,8.387109401e-05,0.045520928,0,temporal_sigmoid
balanced_rf,S2,2016,2016-05-21,2016-05-15,2016-05-21,2016-05-22,2016-05-24,2016-05-24,1,0,,0.005555555556,0.000171918167,0.045520928,0,temporal_sigmoid
balanced_rf,S2,2016,2016-05-22,2016-05-16,2016-05-22,2016-05-23,2016-05-25,2016-05-25,1,0,,0,2.346347084e-08,0.045520928,0,temporal_sigmoid
balanced_rf,S2,2016,2016-05-23,2016-05-17,2016-05-23,2016-05-24,2016-05-26,2016-05-26,1,0,,0.01399331662,0.0004496037753,0.045520928,0,temporal_sigmoid
balanced_rf,S2,2016,2016-05-24,2016-05-18,2016-05-24,2016-05-25,2016-05-27,2016-05-27,1,0,,0,2.346347084e-08,0.045520928,0,temporal_sigmoid
balanced_rf,S2,2016,2016-05-25,2016-05-19,2016-05-25,2016-05-26,2016-05-28,2016-05-28,1,0,,0,2.346347084e-08,0.045520928,0,temporal_sigmoid
balanced_rf,S2,2016,2016-05-26,2016-05-20,2016-05-26,2016-05-27,2016-05-29,2016-05-29,1,0,,0.009429824561,0.0002978645664,0.045520928,0,temporal_sigmoid
balanced_rf,S2,2016,2016-05-27,2016-05-21,2016-05-27,2016-05-28,2016-05-30,2016-05-30,1,0,,0,2.346347084e-08,0.045520928,0,temporal_sigmoid
balanced_rf,S2,2016,2016-05-28,2016-05-22,2016-05-28,2016-05-29,2016-05-31,2016-05-31,1,0,,0,2.346347084e-08,0.045520928,0,temporal_sigmoid
balanced_rf,S2,2016,2016-05-29,2016-05-23,2016-05-29,2016-05-30,2016-06-01,2016-06-01,1,0,,0,2.346347084e-08,0.045520928,0,temporal_sigmoid
balanced_rf,S2,2016,2016-05-30,2016-05-24,2016-05-30,2016-05-31,2016-06-02,2016-06-02,1,0,,0.4648899772,0.0303872585,0.045520928,0,temporal_sigmoid
balanced_rf,S2,2016,2016-05-31,2016-05-25,2016-05-31,2016-06-01,2016-06-03,2016-06-03,1,0,,0.002777777778,8.387109401e-05,0.045520928,0,temporal_sigmoid
balanced_rf,S2,2016,2016-06-01,2016-05-26,2016-06-01,2016-06-02,2016-06-04,2016-06-04,1,0,,0.01533260234,0.0004947239568,0.045520928,0,temporal_sigmoid
balanced_rf,S2,2016,2016-06-02,2016-05-27,2016-06-02,2016-06-03,2016-06-05,2016-06-05,1,0,,0.1751983074,0.007277029299,0.045520928,0,temporal_sigmoid
balanced_rf,S2,2016,2016-06-03,2016-05-28,2016-06-03,2016-06-04,2016-06-06,2016-06-06,1,0,,0.2612612211,0.01225012327,0.045520928,0,temporal_sigmoid
balanced_rf,S2,2016,2016-06-04,2016-05-29,2016-06-04,2016-06-05,2016-06-07,2016-06-07,1,0,,0.4847876235,0.03290856702,0.045520928,0,temporal_sigmoid
balanced_rf,S2,2016,2016-06-05,2016-05-30,2016-06-05,2016-06-06,2016-06-08,2016-06-08,1,0,,0.2699261248,0.01281716502,0.045520928,0,temporal_sigmoid
balanced_rf,S2,2016,2016-06-06,2016-05-31,2016-06-06,2016-06-07,2016-06-09,2016-06-09,1,0,,0.09380370283,0.003480249112,0.045520928,0,temporal_sigmoid
balanced_rf,S2,2016,2016-06-07,2016-06-01,2016-06-07,2016-06-08,2016-06-10,2016-06-10,1,0,,0.01242063492,0.0003969479156,0.045520928,0,temporal_sigmoid
balanced_rf,S2,2016,2016-06-08,2016-06-02,2016-06-08,2016-06-09,2016-06-11,2016-06-11,1,0,,0.01242063492,0.0003969479156,0.045520928,0,temporal_sigmoid
balanced_rf,S2,2016,2016-06-09,2016-06-03,2016-06-09,2016-06-10,2016-06-12,2016-06-12,1,0,,0.01242063492,0.0003969479156,0.045520928,0,temporal_sigmoid
balanced_rf,S2,2016,2016-06-10,2016-06-04,2016-06-10,2016-06-11,2016-06-13,2016-06-13,1,0,,0.1803767725,0.007545819967,0.045520928,0,temporal_sigmoid
balanced_rf,S2,2016,2016-06-11,2016-06-05,2016-06-11,2016-06-12,2016-06-14,2016-06-14,1,0,,0.005555555556,0.000171918167,0.045520928,0,temporal_sigmoid
balanced_rf,S2,2016,2016-06-12,2016-06-06,2016-06-12,2016-06-13,2016-06-15,2016-06-15,1,0,,0.005555555556,0.000171918167,0.045520928,0,temporal_sigmoid
balanced_rf,S2,2016,2016-06-13,2016-06-07,2016-06-13,2016-06-14,2016-06-16,2016-06-16,1,0,,0,2.346347084e-08,0.045520928,0,temporal_sigmoid
balanced_rf,S2,2016,2016-06-14,2016-06-08,2016-06-14,2016-06-15,2016-06-17,2016-06-17,1,0,,0,2.346347084e-08,0.045520928,0,temporal_sigmoid
balanced_rf,S2,2016,2016-06-15,2016-06-09,2016-06-15,2016-06-16,2016-06-18,2016-06-18,1,0,,0,2.346347084e-08,0.045520928,0,temporal_sigmoid
balanced_rf,S2,2016,2016-06-16,2016-06-10,2016-06-16,2016-06-17,2016-06-19,2016-06-19,1,0,,0,2.346347084e-08,0.045520928,0,temporal_sigmoid
balanced_rf,S2,2016,2016-06-17,2016-06-11,2016-06-17,2016-06-18,2016-06-20,2016-06-20,1,0,,0.005555555556,0.000171918167,0.045520928,0,temporal_sigmoid
balanced_rf,S2,2016,2016-06-18,2016-06-12,2016-06-18,2016-06-19,2016-06-21,2016-06-21,1,0,,0.0292710944,0.0009776763216,0.045520928,0,temporal_sigmoid
balanced_rf,S2,2016,2016-06-19,2016-06-13,2016-06-19,2016-06-20,2016-06-22,2016-06-22,1,0,,0.01111111111,0.0003533870879,0.045520928,0,temporal_sigmoid
balanced_rf,S2,2016,2016-06-20,2016-06-14,2016-06-20,2016-06-21,2016-06-23,2016-06-23,1,0,,0.01111111111,0.0003533870879,0.045520928,0,temporal_sigmoid
balanced_rf,S2,2016,2016-06-21,2016-06-15,2016-06-21,2016-06-22,2016-06-24,2016-06-24,1,0,,0.0125,0.0003995964273,0.045520928,0,temporal_sigmoid
balanced_rf,S2,2016,2016-06-22,2016-06-16,2016-06-22,2016-06-23,2016-06-25,2016-06-25,1,0,,0.01388888889,0.0004460962324,0.045520928,0,temporal_sigmoid
balanced_rf,S2,2016,2016-06-23,2016-06-17,2016-06-23,2016-06-24,2016-06-26,2016-06-26,1,0,,0.01388888889,0.0004460962324,0.045520928,0,temporal_sigmoid
balanced_rf,S2,2016,2016-06-24,2016-06-18,2016-06-24,2016-06-25,2016-06-27,2016-06-27,1,0,,0.02353174603,0.0007760255481,0.045520928,0,temporal_sigmoid
balanced_rf,S2,2016,2016-06-25,2016-06-19,2016-06-25,2016-06-26,2016-06-28,2016-06-28,1,0,,0.03296157059,0.001109264372,0.045520928,0,temporal_sigmoid
balanced_rf,S2,2016,2016-06-26,2016-06-20,2016-06-26,2016-06-27,2016-06-29,2016-06-29,1,0,,0.248165983,0.01141825781,0.045520928,0,temporal_sigmoid
balanced_rf,S2,2016,2016-06-27,2016-06-21,2016-06-27,2016-06-28,2016-06-30,2016-06-30,1,0,,0.0495640142,0.001718929273,0.045520928,0,temporal_sigmoid
balanced_rf,S2,2017,2017-02-28,2017-02-22,2017-02-28,2017-03-01,2017-03-03,2017-03-03,1,0,,0.00141803533,0.0001004795326,0.03908843862,0,temporal_sigmoid
balanced_rf,S2,2017,2017-03-01,2017-02-23,2017-03-01,2017-03-02,2017-03-04,2017-03-04,1,0,,0.01276062792,0.0008760549713,0.03908843862,0,temporal_sigmoid
balanced_rf,S2,2017,2017-03-02,2017-02-24,2017-03-02,2017-03-03,2017-03-05,2017-03-05,1,0,,0.01387173903,0.0009517943098,0.03908843862,0,temporal_sigmoid
balanced_rf,S2,2017,2017-03-03,2017-02-25,2017-03-03,2017-03-04,2017-03-06,2017-03-06,1,0,,0.03887173903,0.002677134059,0.03908843862,0,temporal_sigmoid
balanced_rf,S2,2017,2017-03-04,2017-02-26,2017-03-04,2017-03-05,2017-03-07,2017-03-07,1,0,,0.009361259058,0.0006444728857,0.03908843862,0,temporal_sigmoid
balanced_rf,S2,2017,2017-03-05,2017-02-27,2017-03-05,2017-03-06,2017-03-08,2017-03-08,1,0,,0.002933541018,0.0002052780124,0.03908843862,0,temporal_sigmoid
balanced_rf,S2,2017,2017-03-06,2017-02-28,2017-03-06,2017-03-07,2017-03-09,2017-03-09,1,0,,0.002933541018,0.0002052780124,0.03908843862,0,temporal_sigmoid
balanced_rf,S2,2017,2017-03-07,2017-03-01,2017-03-07,2017-03-08,2017-03-10,2017-03-10,1,0,,0.003471175426,0.0002422377897,0.03908843862,0,temporal_sigmoid
balanced_rf,S2,2017,2017-03-08,2017-03-02,2017-03-08,2017-03-09,2017-03-11,2017-03-11,1,0,,0.002933541018,0.0002052780124,0.03908843862,0,temporal_sigmoid
balanced_rf,S2,2017,2017-03-09,2017-03-03,2017-03-09,2017-03-10,2017-03-12,2017-03-12,1,0,,0.01960020768,0.001343109486,0.03908843862,0,temporal_sigmoid
balanced_rf,S2,2017,2017-03-10,2017-03-04,2017-03-10,2017-03-11,2017-03-13,2017-03-13,1,0,,0.002933541018,0.0002052780124,0.03908843862,0,temporal_sigmoid
balanced_rf,S2,2017,2017-03-11,2017-03-05,2017-03-11,2017-03-12,2017-03-14,2017-03-14,1,0,,0.0001557632399,1.150040126e-05,0.03908843862,0,temporal_sigmoid
balanced_rf,S2,2017,2017-03-12,2017-03-06,2017-03-12,2017-03-13,2017-03-15,2017-03-15,1,0,,0.03402673098,0.002338665838,0.03908843862,0,temporal_sigmoid
balanced_rf,S2,2017,2017-03-13,2017-03-07,2017-03-13,2017-03-14,2017-03-16,2017-03-16,1,0,,0.01754706759,0.001202665559,0.03908843862,0,temporal_sigmoid
balanced_rf,S2,2017,2017-03-14,2017-03-08,2017-03-14,2017-03-15,2017-03-17,2017-03-17,1,0,,0.01754706759,0.001202665559,0.03908843862,0,temporal_sigmoid
balanced_rf,S2,2017,2017-03-15,2017-03-09,2017-03-15,2017-03-16,2017-03-18,2017-03-18,1,0,,0.01754706759,0.001202665559,0.03908843862,0,temporal_sigmoid
balanced_rf,S2,2017,2017-03-16,2017-03-10,2017-03-16,2017-03-17,2017-03-19,2017-03-19,1,0,,0.01754706759,0.001202665559,0.03908843862,0,temporal_sigmoid
balanced_rf,S2,2017,2017-03-17,2017-03-11,2017-03-17,2017-03-18,2017-03-20,2017-03-20,1,0,,0.02343715122,0.001606296138,0.03908843862,0,temporal_sigmoid
balanced_rf,S2,2017,2017-03-18,2017-03-12,2017-03-18,2017-03-19,2017-03-21,2017-03-21,1,0,,0.005119920946,0.0003551851188,0.03908843862,0,temporal_sigmoid
balanced_rf,S2,2017,2017-03-19,2017-03-13,2017-03-19,2017-03-20,2017-03-22,2017-03-22,1,0,,0.01960970626,0.001343759814,0.03908843862,0,temporal_sigmoid
balanced_rf,S2,2017,2017-03-20,2017-03-14,2017-03-20,2017-03-21,2017-03-23,2017-03-23,1,0,,0.003627985462,0.0002530031945,0.03908843862,0,temporal_sigmoid
balanced_rf,S2,2017,2017-03-21,2017-03-15,2017-03-21,2017-03-22,2017-03-24,2017-03-24,1,0,,0.0006933976485,4.977737495e-05,0.03908843862,0,temporal_sigmoid
balanced_rf,S2,2017,2017-03-22,2017-03-16,2017-03-22,2017-03-23,2017-03-25,2017-03-25,1,0,,0.01371962263,0.0009414230054,0.03908843862,0,temporal_sigmoid
balanced_rf,S2,2017,2017-03-23,2017-03-17,2017-03-23,2017-03-24,2017-03-26,2017-03-26,1,0,,0.004195813107,0.0002919402585,0.03908843862,0,temporal_sigmoid
balanced_rf,S2,2017,2017-03-24,2017-03-18,2017-03-24,2017-03-25,2017-03-27,2017-03-27,1,0,,0.003471175426,0.0002422377897,0.03908843862,0,temporal_sigmoid
balanced_rf,S2,2017,2017-03-25,2017-03-19,2017-03-25,2017-03-26,2017-03-28,2017-03-28,1,0,,0.003627985462,0.0002530031945,0.03908843862,0,temporal_sigmoid
balanced_rf,S2,2017,2017-03-26,2017-03-20,2017-03-26,2017-03-27,2017-03-29,2017-03-29,1,0,,0.004165619871,0.0002898714856,0.03908843862,0,temporal_sigmoid
balanced_rf,S2,2017,2017-03-27,2017-03-21,2017-03-27,2017-03-28,2017-03-30,2017-03-30,1,0,,0.02029465213,0.001390670171,0.03908843862,0,temporal_sigmoid
balanced_rf,S2,2017,2017-03-28,2017-03-22,2017-03-28,2017-03-29,2017-03-31,2017-03-31,1,0,,0.0231599561,0.001587248034,0.03908843862,0,temporal_sigmoid
balanced_rf,S2,2017,2017-03-29,2017-03-23,2017-03-29,2017-03-30,2017-04-01,2017-04-01,1,0,,0.01984454392,0.001359839961,0.03908843862,0,temporal_sigmoid
balanced_rf,S2,2017,2017-03-30,2017-03-24,2017-03-30,2017-03-31,2017-04-02,2017-04-02,1,0,,0.0363992095,0.002504120399,0.03908843862,0,temporal_sigmoid
balanced_rf,S2,2017,2017-03-31,2017-03-25,2017-03-31,2017-04-01,2017-04-03,2017-04-03,1,0,,0.06070476505,0.004233156215,0.03908843862,0,temporal_sigmoid
balanced_rf,S2,2017,2017-04-01,2017-03-26,2017-04-01,2017-04-02,2017-04-04,2017-04-04,1,0,,0.1033842391,0.007445207062,0.03908843862,0,temporal_sigmoid
balanced_rf,S2,2017,2017-04-02,2017-03-27,2017-04-02,2017-04-03,2017-04-05,2017-04-05,1,0,,0.05724048238,0.003982668852,0.03908843862,0,temporal_sigmoid
balanced_rf,S2,2017,2017-04-03,2017-03-28,2017-04-03,2017-04-04,2017-04-06,2017-04-06,1,0,,0.0001557632399,1.150040126e-05,0.03908843862,0,temporal_sigmoid
balanced_rf,S2,2017,2017-04-04,2017-03-29,2017-04-04,2017-04-05,2017-04-07,2017-04-07,1,0,,0.0001557632399,1.150040126e-05,0.03908843862,0,temporal_sigmoid
balanced_rf,S2,2017,2017-04-05,2017-03-30,2017-04-05,2017-04-06,2017-04-08,2017-04-08,1,0,,0.0001557632399,1.150040126e-05,0.03908843862,0,temporal_sigmoid
balanced_rf,S2,2017,2017-04-06,2017-03-31,2017-04-06,2017-04-07,2017-04-09,2017-04-09,1,0,,0.0001557632399,1.150040126e-05,0.03908843862,0,temporal_sigmoid
balanced_rf,S2,2017,2017-04-07,2017-04-01,2017-04-07,2017-04-08,2017-04-10,2017-04-10,1,0,,0.0001557632399,1.150040126e-05,0.03908843862,0,temporal_sigmoid
balanced_rf,S2,2017,2017-04-08,2017-04-02,2017-04-08,2017-04-09,2017-04-11,2017-04-11,1,0,,0.01682242991,0.00115315322,0.03908843862,0,temporal_sigmoid
balanced_rf,S2,2017,2017-04-09,2017-04-03,2017-04-09,2017-04-10,2017-04-12,2017-04-12,1,0,,0.0001557632399,1.150040126e-05,0.03908843862,0,temporal_sigmoid
balanced_rf,S2,2017,2017-04-10,2017-04-04,2017-04-10,2017-04-11,2017-04-13,2017-04-13,1,0,,0.02866453517,0.001966626567,0.03908843862,0,temporal_sigmoid
balanced_rf,S2,2017,2017-04-11,2017-04-05,2017-04-11,2017-04-12,2017-04-14,2017-04-14,1,0,,0.04890887576,0.003385930301,0.03908843862,0,temporal_sigmoid
balanced_rf,S2,2017,2017-04-12,2017-04-06,2017-04-12,2017-04-13,2017-04-15,2017-04-15,1,0,,0.0478518772,0.003310781297,0.03908843862,0,temporal_sigmoid
balanced_rf,S2,2017,2017-04-13,2017-04-07,2017-04-13,2017-04-14,2017-04-16,2017-04-16,1,0,,0.1564627148,0.01181592389,0.03908843862,0,temporal_sigmoid
balanced_rf,S2,2017,2017-04-14,2017-04-08,2017-04-14,2017-04-15,2017-04-17,2017-04-17,1,0,,0.2696468261,0.0229499241,0.03908843862,0,temporal_sigmoid
balanced_rf,S2,2017,2017-04-15,2017-04-09,2017-04-15,2017-04-16,2017-04-18,2017-04-18,1,0,,0.09699363889,0.006948449477,0.03908843862,0,temporal_sigmoid
balanced_rf,S2,2017,2017-04-16,2017-04-10,2017-04-16,2017-04-17,2017-04-19,2017-04-19,1,0,,0.006740291316,0.0004658339919,0.03908843862,0,temporal_sigmoid
balanced_rf,S2,2017,2017-04-17,2017-04-11,2017-04-17,2017-04-18,2017-04-20,2017-04-20,1,0,,0.07953570578,0.005620557849,0.03908843862,0,temporal_sigmoid
balanced_rf,S2,2017,2017-04-18,2017-04-12,2017-04-18,2017-04-19,2017-04-21,2017-04-21,1,0,,0.03386498113,0.002327405,0.03908843862,0,temporal_sigmoid
balanced_rf,S2,2017,2017-04-19,2017-04-13,2017-04-19,2017-04-20,2017-04-22,2017-04-22,1,0,,0.002342143168,0.0001645129337,0.03908843862,0,temporal_sigmoid
balanced_rf,S2,2017,2017-04-20,2017-04-14,2017-04-20,2017-04-21,2017-04-23,2017-04-23,1,0,,0.002342143168,0.0001645129337,0.03908843862,0,temporal_sigmoid
balanced_rf,S2,2017,2017-04-21,2017-04-15,2017-04-21,2017-04-22,2017-04-24,2017-04-24,1,0,,0.0001557632399,1.150040126e-05,0.03908843862,0,temporal_sigmoid
balanced_rf,S2,2017,2017-04-22,2017-04-16,2017-04-22,2017-04-23,2017-04-25,2017-04-25,1,0,,0.0001557632399,1.150040126e-05,0.03908843862,0,temporal_sigmoid
balanced_rf,S2,2017,2017-04-23,2017-04-17,2017-04-23,2017-04-24,2017-04-26,2017-04-26,1,0,,0.0001557632399,1.150040126e-05,0.03908843862,0,temporal_sigmoid
balanced_rf,S2,2017,2017-04-24,2017-04-18,2017-04-24,2017-04-25,2017-04-27,2017-04-27,1,0,,0.0001557632399,1.150040126e-05,0.03908843862,0,temporal_sigmoid
balanced_rf,S2,2017,2017-04-25,2017-04-19,2017-04-25,2017-04-26,2017-04-28,2017-04-28,1,0,,0.03333333333,0.002290409524,0.03908843862,0,temporal_sigmoid
balanced_rf,S2,2017,2017-04-26,2017-04-20,2017-04-26,2017-04-27,2017-04-29,2017-04-29,1,0,,0.05589650398,0.003885871133,0.03908843862,0,temporal_sigmoid
balanced_rf,S2,2017,2017-04-27,2017-04-21,2017-04-27,2017-04-28,2017-04-30,2017-04-30,1,0,,0.07515576324,0.005293840164,0.03908843862,0,temporal_sigmoid
balanced_rf,S2,2017,2017-04-28,2017-04-22,2017-04-28,2017-04-29,2017-05-01,2017-05-01,1,0,,0.04855643664,0.003360859448,0.03908843862,0,temporal_sigmoid
balanced_rf,S2,2017,2017-04-29,2017-04-23,2017-04-29,2017-04-30,2017-05-02,2017-05-02,1,0,,0.02920216958,0.002003813689,0.03908843862,0,temporal_sigmoid
balanced_rf,S2,2017,2017-04-30,2017-04-24,2017-04-30,2017-05-01,2017-05-03,2017-05-03,1,0,,0.02055414035,0.001408449764,0.03908843862,0,temporal_sigmoid
balanced_rf,S2,2017,2017-05-01,2017-04-25,2017-05-01,2017-05-02,2017-05-04,2017-05-04,1,0,,0.02254168825,0.001544782476,0.03908843862,0,temporal_sigmoid
balanced_rf,S2,2017,2017-05-02,2017-04-26,2017-05-02,2017-05-03,2017-05-05,2017-05-05,1,0,,0.02013784209,0.001379927983,0.03908843862,0,temporal_sigmoid
balanced_rf,S2,2017,2017-05-03,2017-04-27,2017-05-03,2017-05-04,2017-05-06,2017-05-06,1,0,,0.1042193699,0.007510561036,0.03908843862,0,temporal_sigmoid
balanced_rf,S2,2017,2017-05-04,2017-04-28,2017-05-04,2017-05-05,2017-05-07,2017-05-07,1,0,,0.0350768175,0.002411831664,0.03908843862,0,temporal_sigmoid
balanced_rf,S2,2017,2017-05-05,2017-04-29,2017-05-05,2017-05-06,2017-05-08,2017-05-08,1,0,,0.06639215388,0.004647510065,0.03908843862,0,temporal_sigmoid
balanced_rf,S2,2017,2017-05-06,2017-04-30,2017-05-06,2017-05-07,2017-05-09,2017-05-09,1,0,,0.0001557632399,1.150040126e-05,0.03908843862,0,temporal_sigmoid
balanced_rf,S2,2017,2017-05-07,2017-05-01,2017-05-07,2017-05-08,2017-05-10,2017-05-10,1,0,,0.0001557632399,1.150040126e-05,0.03908843862,0,temporal_sigmoid
balanced_rf,S2,2017,2017-05-08,2017-05-02,2017-05-08,2017-05-09,2017-05-11,2017-05-11,1,0,,0.01552932646,0.001064864021,0.03908843862,0,temporal_sigmoid
balanced_rf,S2,2017,2017-05-09,2017-05-03,2017-05-09,2017-05-10,2017-05-12,2017-05-12,1,0,,0.0001557632399,1.150040126e-05,0.03908843862,0,temporal_sigmoid
balanced_rf,S2,2017,2017-05-10,2017-05-04,2017-05-10,2017-05-11,2017-05-13,2017-05-13,1,0,,0.0001557632399,1.150040126e-05,0.03908843862,0,temporal_sigmoid
balanced_rf,S2,2017,2017-05-11,2017-05-05,2017-05-11,2017-05-12,2017-05-14,2017-05-14,1,0,,0.0001557632399,1.150040126e-05,0.03908843862,0,temporal_sigmoid
balanced_rf,S2,2017,2017-05-12,2017-05-06,2017-05-12,2017-05-13,2017-05-15,2017-05-15,1,0,,0.0001557632399,1.150040126e-05,0.03908843862,0,temporal_sigmoid
balanced_rf,S2,2017,2017-05-13,2017-05-07,2017-05-13,2017-05-14,2017-05-16,2017-05-16,1,0,,0.0001557632399,1.150040126e-05,0.03908843862,0,temporal_sigmoid
balanced_rf,S2,2017,2017-05-14,2017-05-08,2017-05-14,2017-05-15,2017-05-17,2017-05-17,1,0,,0.0001557632399,1.150040126e-05,0.03908843862,0,temporal_sigmoid
balanced_rf,S2,2017,2017-05-15,2017-05-09,2017-05-15,2017-05-16,2017-05-18,2017-05-18,1,0,,0.0001557632399,1.150040126e-05,0.03908843862,0,temporal_sigmoid
balanced_rf,S2,2017,2017-05-16,2017-05-10,2017-05-16,2017-05-17,2017-05-19,2017-05-19,1,0,,0.0001557632399,1.150040126e-05,0.03908843862,0,temporal_sigmoid
balanced_rf,S2,2017,2017-05-17,2017-05-11,2017-05-17,2017-05-18,2017-05-20,2017-05-20,1,0,,0.0001557632399,1.150040126e-05,0.03908843862,0,temporal_sigmoid
balanced_rf,S2,2017,2017-05-18,2017-05-12,2017-05-18,2017-05-19,2017-05-21,2017-05-21,1,0,,0.0001557632399,1.150040126e-05,0.03908843862,0,temporal_sigmoid
balanced_rf,S2,2017,2017-05-19,2017-05-13,2017-05-19,2017-05-20,2017-05-22,2017-05-22,1,0,,0.0001557632399,1.150040126e-05,0.03908843862,0,temporal_sigmoid
balanced_rf,S2,2017,2017-05-20,2017-05-14,2017-05-20,2017-05-21,2017-05-23,2017-05-23,1,0,,0.09538377597,0.006824232712,0.03908843862,0,temporal_sigmoid
balanced_rf,S2,2017,2017-05-21,2017-05-15,2017-05-21,2017-05-22,2017-05-24,2017-05-24,1,0,,0.1275146081,0.009375937648,0.03908843862,0,temporal_sigmoid
balanced_rf,S2,2017,2017-05-22,2017-05-16,2017-05-22,2017-05-23,2017-05-25,2017-05-25,1,0,,0.1022265697,0.007354780806,0.03908843862,0,temporal_sigmoid
balanced_rf,S2,2017,2017-05-23,2017-05-17,2017-05-23,2017-05-24,2017-05-26,2017-05-26,1,0,,0.2281975862,0.01854066059,0.03908843862,0,temporal_sigmoid
balanced_rf,S2,2017,2017-05-24,2017-05-18,2017-05-24,2017-05-25,2017-05-27,2017-05-27,1,0,,0.2772086456,0.02380221166,0.03908843862,0,temporal_sigmoid
balanced_rf,S2,2017,2017-05-25,2017-05-19,2017-05-25,2017-05-26,2017-05-28,2017-05-28,1,0,,0.3816859184,0.03743327036,0.03908843862,0,temporal_sigmoid
balanced_rf,S2,2017,2017-05-26,2017-05-20,2017-05-26,2017-05-27,2017-05-29,2017-05-29,1,0,,0.1700815106,0.01301447839,0.03908843862,0,temporal_sigmoid
balanced_rf,S2,2017,2017-05-27,2017-05-21,2017-05-27,2017-05-28,2017-05-30,2017-05-30,1,0,,0.09892324576,0.007097823574,0.03908843862,0,temporal_sigmoid
balanced_rf,S2,2017,2017-05-28,2017-05-22,2017-05-28,2017-05-29,2017-05-31,2017-05-31,1,0,,0.1042262761,0.007511101912,0.03908843862,0,temporal_sigmoid
balanced_rf,S2,2017,2017-05-29,2017-05-23,2017-05-29,2017-05-30,2017-06-01,2017-06-01,1,0,,0.101307505,0.007283130798,0.03908843862,0,temporal_sigmoid
balanced_rf,S2,2017,2017-05-30,2017-05-24,2017-05-30,2017-05-31,2017-06-02,2017-06-02,1,0,,0.03348909657,0.002301245804,0.03908843862,0,temporal_sigmoid
balanced_rf,S2,2017,2017-05-31,2017-05-25,2017-05-31,2017-06-01,2017-06-03,2017-06-03,1,0,,0.0001557632399,1.150040126e-05,0.03908843862,0,temporal_sigmoid
balanced_rf,S2,2017,2017-06-01,2017-05-26,2017-06-01,2017-06-02,2017-06-04,2017-06-04,1,0,,0.0001557632399,1.150040126e-05,0.03908843862,0,temporal_sigmoid
balanced_rf,S2,2017,2017-06-02,2017-05-27,2017-06-02,2017-06-03,2017-06-05,2017-06-05,1,0,,0.01666666667,0.00114251391,0.03908843862,0,temporal_sigmoid
balanced_rf,S2,2017,2017-06-03,2017-05-28,2017-06-03,2017-06-04,2017-06-06,2017-06-06,1,0,,0.0001557632399,1.150040126e-05,0.03908843862,0,temporal_sigmoid
balanced_rf,S2,2017,2017-06-04,2017-05-29,2017-06-04,2017-06-05,2017-06-07,2017-06-07,1,0,,0.0001557632399,1.150040126e-05,0.03908843862,0,temporal_sigmoid
balanced_rf,S2,2017,2017-06-05,2017-05-30,2017-06-05,2017-06-06,2017-06-08,2017-06-08,1,0,,0.0001557632399,1.150040126e-05,0.03908843862,0,temporal_sigmoid
balanced_rf,S2,2017,2017-06-06,2017-05-31,2017-06-06,2017-06-07,2017-06-09,2017-06-09,1,0,,0.1041139347,0.007502304477,0.03908843862,0,temporal_sigmoid
balanced_rf,S2,2017,2017-06-07,2017-06-01,2017-06-07,2017-06-08,2017-06-10,2017-06-10,1,0,,0.1622265697,0.01231906298,0.03908843862,0,temporal_sigmoid
balanced_rf,S2,2017,2017-06-08,2017-06-02,2017-06-08,2017-06-09,2017-06-11,2017-06-11,1,0,,0.07617845118,0.005369902992,0.03908843862,0,temporal_sigmoid
balanced_rf,S2,2017,2017-06-09,2017-06-03,2017-06-09,2017-06-10,2017-06-12,2017-06-12,1,0,,0.1253590067,0.009199793374,0.03908843862,0,temporal_sigmoid
balanced_rf,S2,2017,2017-06-10,2017-06-04,2017-06-10,2017-06-11,2017-06-13,2017-06-13,1,0,,0.04188976997,0.002889149767,0.03908843862,0,temporal_sigmoid
balanced_rf,S2,2017,2017-06-11,2017-06-05,2017-06-11,2017-06-12,2017-06-14,2017-06-14,1,0,,0.0001557632399,1.150040126e-05,0.03908843862,0,temporal_sigmoid
balanced_rf,S2,2017,2017-06-12,2017-06-06,2017-06-12,2017-06-13,2017-06-15,2017-06-15,1,0,,0.0001557632399,1.150040126e-05,0.03908843862,0,temporal_sigmoid
balanced_rf,S2,2017,2017-06-13,2017-06-07,2017-06-13,2017-06-14,2017-06-16,2017-06-16,1,0,,0.0001557632399,1.150040126e-05,0.03908843862,0,temporal_sigmoid
balanced_rf,S2,2017,2017-06-14,2017-06-08,2017-06-14,2017-06-15,2017-06-17,2017-06-17,1,0,,0.0001557632399,1.150040126e-05,0.03908843862,0,temporal_sigmoid
balanced_rf,S2,2017,2017-06-15,2017-06-09,2017-06-15,2017-06-16,2017-06-18,2017-06-18,1,0,,0,8.13101908e-08,0.03908843862,0,temporal_sigmoid
balanced_rf,S2,2017,2017-06-16,2017-06-10,2017-06-16,2017-06-17,2017-06-19,2017-06-19,1,0,,0.0001557632399,1.150040126e-05,0.03908843862,0,temporal_sigmoid
balanced_rf,S2,2017,2017-06-17,2017-06-11,2017-06-17,2017-06-18,2017-06-20,2017-06-20,1,0,,0.0001557632399,1.150040126e-05,0.03908843862,0,temporal_sigmoid
balanced_rf,S2,2017,2017-06-18,2017-06-12,2017-06-18,2017-06-19,2017-06-21,2017-06-21,1,0,,0.0001557632399,1.150040126e-05,0.03908843862,0,temporal_sigmoid
balanced_rf,S2,2017,2017-06-19,2017-06-13,2017-06-19,2017-06-20,2017-06-22,2017-06-22,1,0,,0.0001557632399,1.150040126e-05,0.03908843862,0,temporal_sigmoid
balanced_rf,S2,2017,2017-06-20,2017-06-14,2017-06-20,2017-06-21,2017-06-23,2017-06-23,1,0,,0.0001557632399,1.150040126e-05,0.03908843862,0,temporal_sigmoid
balanced_rf,S2,2017,2017-06-21,2017-06-15,2017-06-21,2017-06-22,2017-06-24,2017-06-24,1,0,,0.0001557632399,1.150040126e-05,0.03908843862,0,temporal_sigmoid
balanced_rf,S2,2017,2017-06-22,2017-06-16,2017-06-22,2017-06-23,2017-06-25,2017-06-25,1,0,,0.0001557632399,1.150040126e-05,0.03908843862,0,temporal_sigmoid
balanced_rf,S2,2017,2017-06-23,2017-06-17,2017-06-23,2017-06-24,2017-06-26,2017-06-26,1,0,,0.0001557632399,1.150040126e-05,0.03908843862,0,temporal_sigmoid
balanced_rf,S2,2017,2017-06-24,2017-06-18,2017-06-24,2017-06-25,2017-06-27,2017-06-27,1,0,,0.0001557632399,1.150040126e-05,0.03908843862,0,temporal_sigmoid
balanced_rf,S2,2017,2017-06-25,2017-06-19,2017-06-25,2017-06-26,2017-06-28,2017-06-28,1,0,,0.0001557632399,1.150040126e-05,0.03908843862,0,temporal_sigmoid
balanced_rf,S2,2017,2017-06-26,2017-06-20,2017-06-26,2017-06-27,2017-06-29,2017-06-29,1,0,,0.0001557632399,1.150040126e-05,0.03908843862,0,temporal_sigmoid
balanced_rf,S2,2017,2017-06-27,2017-06-21,2017-06-27,2017-06-28,2017-06-30,2017-06-30,1,0,,0.0001557632399,1.150040126e-05,0.03908843862,0,temporal_sigmoid
balanced_rf,S2,2018,2018-02-28,2018-02-22,2018-02-28,2018-03-01,2018-03-03,2018-03-03,1,0,,0.004166666667,0.0004833133269,0.03351918025,0,temporal_sigmoid
balanced_rf,S2,2018,2018-03-01,2018-02-23,2018-03-01,2018-03-02,2018-03-04,2018-03-04,1,0,,0.009722222222,0.001022525008,0.03351918025,0,temporal_sigmoid
balanced_rf,S2,2018,2018-03-02,2018-02-24,2018-03-02,2018-03-03,2018-03-05,2018-03-05,1,0,,0.004166666667,0.0004833133269,0.03351918025,0,temporal_sigmoid
balanced_rf,S2,2018,2018-03-03,2018-02-25,2018-03-03,2018-03-04,2018-03-06,2018-03-06,1,0,,0.03333333333,0.003079578986,0.03351918025,0,temporal_sigmoid
balanced_rf,S2,2018,2018-03-04,2018-02-26,2018-03-04,2018-03-05,2018-03-07,2018-03-07,1,0,,0.004166666667,0.0004833133269,0.03351918025,0,temporal_sigmoid
balanced_rf,S2,2018,2018-03-05,2018-02-27,2018-03-05,2018-03-06,2018-03-08,2018-03-08,1,0,,0,3.163358467e-07,0.03351918025,0,temporal_sigmoid
balanced_rf,S2,2018,2018-03-06,2018-02-28,2018-03-06,2018-03-07,2018-03-09,2018-03-09,1,0,,0,3.163358467e-07,0.03351918025,0,temporal_sigmoid
balanced_rf,S2,2018,2018-03-07,2018-03-01,2018-03-07,2018-03-08,2018-03-10,2018-03-10,1,0,,0.004166666667,0.0004833133269,0.03351918025,0,temporal_sigmoid
balanced_rf,S2,2018,2018-03-08,2018-03-02,2018-03-08,2018-03-09,2018-03-11,2018-03-11,1,0,,0.004166666667,0.0004833133269,0.03351918025,0,temporal_sigmoid
balanced_rf,S2,2018,2018-03-09,2018-03-03,2018-03-09,2018-03-10,2018-03-12,2018-03-12,1,0,,0.004166666667,0.0004833133269,0.03351918025,0,temporal_sigmoid
balanced_rf,S2,2018,2018-03-10,2018-03-04,2018-03-10,2018-03-11,2018-03-13,2018-03-13,1,0,,0.009722222222,0.001022525008,0.03351918025,0,temporal_sigmoid
balanced_rf,S2,2018,2018-03-11,2018-03-05,2018-03-11,2018-03-12,2018-03-14,2018-03-14,1,0,,0,3.163358467e-07,0.03351918025,0,temporal_sigmoid
balanced_rf,S2,2018,2018-03-12,2018-03-06,2018-03-12,2018-03-13,2018-03-15,2018-03-15,1,0,,0,3.163358467e-07,0.03351918025,0,temporal_sigmoid
balanced_rf,S2,2018,2018-03-13,2018-03-07,2018-03-13,2018-03-14,2018-03-16,2018-03-16,1,0,,0.01111111111,0.001151180191,0.03351918025,0,temporal_sigmoid
balanced_rf,S2,2018,2018-03-14,2018-03-08,2018-03-14,2018-03-15,2018-03-17,2018-03-17,1,0,,0.01111111111,0.001151180191,0.03351918025,0,temporal_sigmoid
balanced_rf,S2,2018,2018-03-15,2018-03-09,2018-03-15,2018-03-16,2018-03-18,2018-03-18,1,0,,0.01111111111,0.001151180191,0.03351918025,0,temporal_sigmoid
balanced_rf,S2,2018,2018-03-16,2018-03-10,2018-03-16,2018-03-17,2018-03-19,2018-03-19,1,0,,0.01111111111,0.001151180191,0.03351918025,0,temporal_sigmoid
balanced_rf,S2,2018,2018-03-17,2018-03-11,2018-03-17,2018-03-18,2018-03-20,2018-03-20,1,0,,0.01388888889,0.001403833552,0.03351918025,0,temporal_sigmoid
balanced_rf,S2,2018,2018-03-18,2018-03-12,2018-03-18,2018-03-19,2018-03-21,2018-03-21,1,0,,0.004166666667,0.0004833133269,0.03351918025,0,temporal_sigmoid
balanced_rf,S2,2018,2018-03-19,2018-03-13,2018-03-19,2018-03-20,2018-03-22,2018-03-22,1,0,,0.02777777778,0.002611481185,0.03351918025,0,temporal_sigmoid
balanced_rf,S2,2018,2018-03-20,2018-03-14,2018-03-20,2018-03-21,2018-03-23,2018-03-23,1,0,,0.05555555556,0.00491622249,0.03351918025,0,temporal_sigmoid
balanced_rf,S2,2018,2018-03-21,2018-03-15,2018-03-21,2018-03-22,2018-03-24,2018-03-24,1,0,,0.08888888889,0.007649447478,0.03351918025,0,temporal_sigmoid
balanced_rf,S2,2018,2018-03-22,2018-03-16,2018-03-22,2018-03-23,2018-03-25,2018-03-25,1,0,,0.05138888889,0.004574355518,0.03351918025,0,temporal_sigmoid
balanced_rf,S2,2018,2018-03-23,2018-03-17,2018-03-23,2018-03-24,2018-03-26,2018-03-26,1,0,,0.05972222222,0.00525759048,0.03351918025,0,temporal_sigmoid
balanced_rf,S2,2018,2018-03-24,2018-03-18,2018-03-24,2018-03-25,2018-03-27,2018-03-27,1,0,,0.08472222222,0.007306432789,0.03351918025,0,temporal_sigmoid
balanced_rf,S2,2018,2018-03-25,2018-03-19,2018-03-25,2018-03-26,2018-03-28,2018-03-28,1,0,,0.1677777778,0.01438233703,0.03351918025,0,temporal_sigmoid
balanced_rf,S2,2018,2018-03-26,2018-03-20,2018-03-26,2018-03-27,2018-03-29,2018-03-29,1,0,,0.0375,0.003427402304,0.03351918025,0,temporal_sigmoid
balanced_rf,S2,2018,2018-03-27,2018-03-21,2018-03-27,2018-03-28,2018-03-30,2018-03-30,1,0,,0.01111111111,0.001151180191,0.03351918025,0,temporal_sigmoid
balanced_rf,S2,2018,2018-03-28,2018-03-22,2018-03-28,2018-03-29,2018-03-31,2018-03-31,1,0,,0.01666666667,0.001651600679,0.03351918025,0,temporal_sigmoid
balanced_rf,S2,2018,2018-03-29,2018-03-23,2018-03-29,2018-03-30,2018-04-01,2018-04-01,1,0,,0.025,0.002375024871,0.03351918025,0,temporal_sigmoid
balanced_rf,S2,2018,2018-03-30,2018-03-24,2018-03-30,2018-03-31,2018-04-02,2018-04-02,1,0,,0.005555555556,0.0006230935434,0.03351918025,0,temporal_sigmoid
balanced_rf,S2,2018,2018-03-31,2018-03-25,2018-03-31,2018-04-01,2018-04-03,2018-04-03,1,0,,0,3.163358467e-07,0.03351918025,0,temporal_sigmoid
balanced_rf,S2,2018,2018-04-01,2018-03-26,2018-04-01,2018-04-02,2018-04-04,2018-04-04,1,0,,0.03333333333,0.003079578986,0.03351918025,0,temporal_sigmoid
balanced_rf,S2,2018,2018-04-02,2018-03-27,2018-04-02,2018-04-03,2018-04-05,2018-04-05,1,0,,0.005555555556,0.0006230935434,0.03351918025,0,temporal_sigmoid
balanced_rf,S2,2018,2018-04-03,2018-03-28,2018-04-03,2018-04-04,2018-04-06,2018-04-06,1,0,,0.02222222222,0.002136533988,0.03351918025,0,temporal_sigmoid
balanced_rf,S2,2018,2018-04-04,2018-03-29,2018-04-04,2018-04-05,2018-04-07,2018-04-07,1,0,,0.05055555556,0.004505899597,0.03351918025,0,temporal_sigmoid
balanced_rf,S2,2018,2018-04-05,2018-03-30,2018-04-05,2018-04-06,2018-04-08,2018-04-08,1,0,,0.06388888889,0.005598688951,0.03351918025,0,temporal_sigmoid
balanced_rf,S2,2018,2018-04-06,2018-03-31,2018-04-06,2018-04-07,2018-04-09,2018-04-09,1,0,,0.01666666667,0.001651600679,0.03351918025,0,temporal_sigmoid
balanced_rf,S2,2018,2018-04-07,2018-04-01,2018-04-07,2018-04-08,2018-04-10,2018-04-10,1,0,,0.025,0.002375024871,0.03351918025,0,temporal_sigmoid
balanced_rf,S2,2018,2018-04-08,2018-04-02,2018-04-08,2018-04-09,2018-04-11,2018-04-11,1,0,,0.03333333333,0.003079578986,0.03351918025,0,temporal_sigmoid
balanced_rf,S2,2018,2018-04-09,2018-04-03,2018-04-09,2018-04-10,2018-04-12,2018-04-12,1,0,,0.04777777778,0.004277462837,0.03351918025,0,temporal_sigmoid
balanced_rf,S2,2018,2018-04-10,2018-04-04,2018-04-10,2018-04-11,2018-04-13,2018-04-13,1,0,,0.02222222222,0.002136533988,0.03351918025,0,temporal_sigmoid
balanced_rf,S2,2018,2018-04-11,2018-04-05,2018-04-11,2018-04-12,2018-04-14,2018-04-14,1,0,,0.02555555556,0.002422466965,0.03351918025,0,temporal_sigmoid
balanced_rf,S2,2018,2018-04-12,2018-04-06,2018-04-12,2018-04-13,2018-04-15,2018-04-15,1,0,,0.02555555556,0.002422466965,0.03351918025,0,temporal_sigmoid
balanced_rf,S2,2018,2018-04-13,2018-04-07,2018-04-13,2018-04-14,2018-04-16,2018-04-16,1,0,,0.02555555556,0.002422466965,0.03351918025,0,temporal_sigmoid
balanced_rf,S2,2018,2018-04-14,2018-04-08,2018-04-14,2018-04-15,2018-04-17,2018-04-17,1,0,,0.03055555556,0.00284624133,0.03351918025,0,temporal_sigmoid
balanced_rf,S2,2018,2018-04-15,2018-04-09,2018-04-15,2018-04-16,2018-04-18,2018-04-18,1,0,,0.02555555556,0.002422466965,0.03351918025,0,temporal_sigmoid
balanced_rf,S2,2018,2018-04-16,2018-04-10,2018-04-16,2018-04-17,2018-04-19,2018-04-19,1,0,,0.05888888889,0.00518934533,0.03351918025,0,temporal_sigmoid
balanced_rf,S2,2018,2018-04-17,2018-04-11,2018-04-17,2018-04-18,2018-04-20,2018-04-20,1,0,,0.02222222222,0.002136533988,0.03351918025,0,temporal_sigmoid
balanced_rf,S2,2018,2018-04-18,2018-04-12,2018-04-18,2018-04-19,2018-04-21,2018-04-21,1,0,,0.005555555556,0.0006230935434,0.03351918025,0,temporal_sigmoid
balanced_rf,S2,2018,2018-04-19,2018-04-13,2018-04-19,2018-04-20,2018-04-22,2018-04-22,1,0,,0.01111111111,0.001151180191,0.03351918025,0,temporal_sigmoid
balanced_rf,S2,2018,2018-04-20,2018-04-14,2018-04-20,2018-04-21,2018-04-23,2018-04-23,1,0,,0.01111111111,0.001151180191,0.03351918025,0,temporal_sigmoid
balanced_rf,S2,2018,2018-04-21,2018-04-15,2018-04-21,2018-04-22,2018-04-24,2018-04-24,1,0,,0,3.163358467e-07,0.03351918025,0,temporal_sigmoid
balanced_rf,S2,2018,2018-04-22,2018-04-16,2018-04-22,2018-04-23,2018-04-25,2018-04-25,1,0,,0,3.163358467e-07,0.03351918025,0,temporal_sigmoid
balanced_rf,S2,2018,2018-04-23,2018-04-17,2018-04-23,2018-04-24,2018-04-26,2018-04-26,1,0,,0.02777777778,0.002611481185,0.03351918025,0,temporal_sigmoid
balanced_rf,S2,2018,2018-04-24,2018-04-18,2018-04-24,2018-04-25,2018-04-27,2018-04-27,1,0,,0.01666666667,0.001651600679,0.03351918025,0,temporal_sigmoid
balanced_rf,S2,2018,2018-04-25,2018-04-19,2018-04-25,2018-04-26,2018-04-28,2018-04-28,1,0,,0.01111111111,0.001151180191,0.03351918025,0,temporal_sigmoid
balanced_rf,S2,2018,2018-04-26,2018-04-20,2018-04-26,2018-04-27,2018-04-29,2018-04-29,1,0,,0,3.163358467e-07,0.03351918025,0,temporal_sigmoid
balanced_rf,S2,2018,2018-04-27,2018-04-21,2018-04-27,2018-04-28,2018-04-30,2018-04-30,1,0,,0,3.163358467e-07,0.03351918025,0,temporal_sigmoid
balanced_rf,S2,2018,2018-04-28,2018-04-22,2018-04-28,2018-04-29,2018-05-01,2018-05-01,1,0,,0.01666666667,0.001651600679,0.03351918025,0,temporal_sigmoid
balanced_rf,S2,2018,2018-04-29,2018-04-23,2018-04-29,2018-04-30,2018-05-02,2018-05-02,1,0,,0.005555555556,0.0006230935434,0.03351918025,0,temporal_sigmoid
balanced_rf,S2,2018,2018-04-30,2018-04-24,2018-04-30,2018-05-01,2018-05-03,2018-05-03,1,0,,0.01666666667,0.001651600679,0.03351918025,0,temporal_sigmoid
balanced_rf,S2,2018,2018-05-01,2018-04-25,2018-05-01,2018-05-02,2018-05-04,2018-05-04,1,0,,0.01666666667,0.001651600679,0.03351918025,0,temporal_sigmoid
balanced_rf,S2,2018,2018-05-02,2018-04-26,2018-05-02,2018-05-03,2018-05-05,2018-05-05,1,0,,0,3.163358467e-07,0.03351918025,0,temporal_sigmoid
balanced_rf,S2,2018,2018-05-03,2018-04-27,2018-05-03,2018-05-04,2018-05-06,2018-05-06,1,0,,0,3.163358467e-07,0.03351918025,0,temporal_sigmoid
balanced_rf,S2,2018,2018-05-04,2018-04-28,2018-05-04,2018-05-05,2018-05-07,2018-05-07,1,0,,0,3.163358467e-07,0.03351918025,0,temporal_sigmoid
balanced_rf,S2,2018,2018-05-05,2018-04-29,2018-05-05,2018-05-06,2018-05-08,2018-05-08,1,0,,0,3.163358467e-07,0.03351918025,0,temporal_sigmoid
balanced_rf,S2,2018,2018-05-06,2018-04-30,2018-05-06,2018-05-07,2018-05-09,2018-05-09,1,0,,0,3.163358467e-07,0.03351918025,0,temporal_sigmoid
balanced_rf,S2,2018,2018-05-07,2018-05-01,2018-05-07,2018-05-08,2018-05-10,2018-05-10,1,0,,0,3.163358467e-07,0.03351918025,0,temporal_sigmoid
balanced_rf,S2,2018,2018-05-08,2018-05-02,2018-05-08,2018-05-09,2018-05-11,2018-05-11,1,0,,0.004166666667,0.0004833133269,0.03351918025,0,temporal_sigmoid
balanced_rf,S2,2018,2018-05-09,2018-05-03,2018-05-09,2018-05-10,2018-05-12,2018-05-12,1,0,,0,3.163358467e-07,0.03351918025,0,temporal_sigmoid
balanced_rf,S2,2018,2018-05-10,2018-05-04,2018-05-10,2018-05-11,2018-05-13,2018-05-13,1,0,,0.01666666667,0.001651600679,0.03351918025,0,temporal_sigmoid
balanced_rf,S2,2018,2018-05-11,2018-05-05,2018-05-11,2018-05-12,2018-05-14,2018-05-14,1,0,,0,3.163358467e-07,0.03351918025,0,temporal_sigmoid
balanced_rf,S2,2018,2018-05-12,2018-05-06,2018-05-12,2018-05-13,2018-05-15,2018-05-15,1,0,,0,3.163358467e-07,0.03351918025,0,temporal_sigmoid
balanced_rf,S2,2018,2018-05-13,2018-05-07,2018-05-13,2018-05-14,2018-05-16,2018-05-16,1,0,,0,3.163358467e-07,0.03351918025,0,temporal_sigmoid
balanced_rf,S2,2018,2018-05-14,2018-05-08,2018-05-14,2018-05-15,2018-05-17,2018-05-17,1,0,,0,3.163358467e-07,0.03351918025,0,temporal_sigmoid
balanced_rf,S2,2018,2018-05-15,2018-05-09,2018-05-15,2018-05-16,2018-05-18,2018-05-18,1,0,,0,3.163358467e-07,0.03351918025,0,temporal_sigmoid
balanced_rf,S2,2018,2018-05-16,2018-05-10,2018-05-16,2018-05-17,2018-05-19,2018-05-19,1,0,,0,3.163358467e-07,0.03351918025,0,temporal_sigmoid
balanced_rf,S2,2018,2018-05-17,2018-05-11,2018-05-17,2018-05-18,2018-05-20,2018-05-20,1,0,,0,3.163358467e-07,0.03351918025,0,temporal_sigmoid
balanced_rf,S2,2018,2018-05-18,2018-05-12,2018-05-18,2018-05-19,2018-05-21,2018-05-21,1,0,,0,3.163358467e-07,0.03351918025,0,temporal_sigmoid
balanced_rf,S2,2018,2018-05-19,2018-05-13,2018-05-19,2018-05-20,2018-05-22,2018-05-22,1,0,,0,3.163358467e-07,0.03351918025,0,temporal_sigmoid
balanced_rf,S2,2018,2018-05-20,2018-05-14,2018-05-20,2018-05-21,2018-05-23,2018-05-23,1,0,,0,3.163358467e-07,0.03351918025,0,temporal_sigmoid
balanced_rf,S2,2018,2018-05-21,2018-05-15,2018-05-21,2018-05-22,2018-05-24,2018-05-24,1,0,,0,3.163358467e-07,0.03351918025,0,temporal_sigmoid
balanced_rf,S2,2018,2018-05-22,2018-05-16,2018-05-22,2018-05-23,2018-05-25,2018-05-25,1,0,,0,3.163358467e-07,0.03351918025,0,temporal_sigmoid
balanced_rf,S2,2018,2018-05-23,2018-05-17,2018-05-23,2018-05-24,2018-05-26,2018-05-26,1,0,,0,3.163358467e-07,0.03351918025,0,temporal_sigmoid
balanced_rf,S2,2018,2018-05-24,2018-05-18,2018-05-24,2018-05-25,2018-05-27,2018-05-27,1,0,,0,3.163358467e-07,0.03351918025,0,temporal_sigmoid
balanced_rf,S2,2018,2018-05-25,2018-05-19,2018-05-25,2018-05-26,2018-05-28,2018-05-28,1,0,,0,3.163358467e-07,0.03351918025,0,temporal_sigmoid
balanced_rf,S2,2018,2018-05-26,2018-05-20,2018-05-26,2018-05-27,2018-05-29,2018-05-29,1,0,,0.01888888889,0.001847046684,0.03351918025,0,temporal_sigmoid
balanced_rf,S2,2018,2018-05-27,2018-05-21,2018-05-27,2018-05-28,2018-05-30,2018-05-30,1,0,,0.1455555556,0.01242718836,0.03351918025,0,temporal_sigmoid
balanced_rf,S2,2018,2018-05-28,2018-05-22,2018-05-28,2018-05-29,2018-05-31,2018-05-31,1,0,,0.1188888889,0.0101476145,0.03351918025,0,temporal_sigmoid
balanced_rf,S2,2018,2018-05-29,2018-05-23,2018-05-29,2018-05-30,2018-06-01,2018-06-01,1,0,,0.09444444444,0.008108014733,0.03351918025,0,temporal_sigmoid
balanced_rf,S2,2018,2018-05-30,2018-05-24,2018-05-30,2018-05-31,2018-06-02,2018-06-02,1,0,,0.1647222222,0.01411014797,0.03351918025,0,temporal_sigmoid
balanced_rf,S2,2018,2018-05-31,2018-05-25,2018-05-31,2018-06-01,2018-06-03,2018-06-03,1,0,,0,3.163358467e-07,0.03351918025,0,temporal_sigmoid
balanced_rf,S2,2018,2018-06-01,2018-05-26,2018-06-01,2018-06-02,2018-06-04,2018-06-04,1,0,,0,3.163358467e-07,0.03351918025,0,temporal_sigmoid
balanced_rf,S2,2018,2018-06-02,2018-05-27,2018-06-02,2018-06-03,2018-06-05,2018-06-05,1,0,,0,3.163358467e-07,0.03351918025,0,temporal_sigmoid
balanced_rf,S2,2018,2018-06-03,2018-05-28,2018-06-03,2018-06-04,2018-06-06,2018-06-06,1,0,,0,3.163358467e-07,0.03351918025,0,temporal_sigmoid
balanced_rf,S2,2018,2018-06-04,2018-05-29,2018-06-04,2018-06-05,2018-06-07,2018-06-07,1,0,,0,3.163358467e-07,0.03351918025,0,temporal_sigmoid
balanced_rf,S2,2018,2018-06-05,2018-05-30,2018-06-05,2018-06-06,2018-06-08,2018-06-08,1,0,,0,3.163358467e-07,0.03351918025,0,temporal_sigmoid
balanced_rf,S2,2018,2018-06-06,2018-05-31,2018-06-06,2018-06-07,2018-06-09,2018-06-09,1,0,,0.02888888889,0.002705572221,0.03351918025,0,temporal_sigmoid
balanced_rf,S2,2018,2018-06-07,2018-06-01,2018-06-07,2018-06-08,2018-06-10,2018-06-10,1,0,,0.2125,0.0185068641,0.03351918025,0,temporal_sigmoid
balanced_rf,S2,2018,2018-06-08,2018-06-02,2018-06-08,2018-06-09,2018-06-11,2018-06-11,1,0,,0.1041666667,0.008914504366,0.03351918025,0,temporal_sigmoid
balanced_rf,S2,2018,2018-06-09,2018-06-03,2018-06-09,2018-06-10,2018-06-12,2018-06-12,1,0,,0.1786111111,0.01535663433,0.03351918025,0,temporal_sigmoid
balanced_rf,S2,2018,2018-06-10,2018-06-04,2018-06-10,2018-06-11,2018-06-13,2018-06-13,1,0,,0.02055555556,0.00199228927,0.03351918025,0,temporal_sigmoid
balanced_rf,S2,2018,2018-06-11,2018-06-05,2018-06-11,2018-06-12,2018-06-14,2018-06-14,1,0,,0.03944444444,0.003588974808,0.03351918025,0,temporal_sigmoid
balanced_rf,S2,2018,2018-06-12,2018-06-06,2018-06-12,2018-06-13,2018-06-15,2018-06-15,1,0,,0.008333333333,0.0008919337903,0.03351918025,0,temporal_sigmoid
balanced_rf,S2,2018,2018-06-13,2018-06-07,2018-06-13,2018-06-14,2018-06-16,2018-06-16,1,0,,0,3.163358467e-07,0.03351918025,0,temporal_sigmoid
balanced_rf,S2,2018,2018-06-14,2018-06-08,2018-06-14,2018-06-15,2018-06-17,2018-06-17,1,0,,0.006666666667,0.0007320703607,0.03351918025,0,temporal_sigmoid
balanced_rf,S2,2018,2018-06-15,2018-06-09,2018-06-15,2018-06-16,2018-06-18,2018-06-18,1,0,,0.004166666667,0.0004833133269,0.03351918025,0,temporal_sigmoid
balanced_rf,S2,2018,2018-06-16,2018-06-10,2018-06-16,2018-06-17,2018-06-19,2018-06-19,1,0,,0.004166666667,0.0004833133269,0.03351918025,0,temporal_sigmoid
balanced_rf,S2,2018,2018-06-17,2018-06-11,2018-06-17,2018-06-18,2018-06-20,2018-06-20,1,0,,0,3.163358467e-07,0.03351918025,0,temporal_sigmoid
balanced_rf,S2,2018,2018-06-18,2018-06-12,2018-06-18,2018-06-19,2018-06-21,2018-06-21,1,0,,0.04,0.00363506287,0.03351918025,0,temporal_sigmoid
balanced_rf,S2,2018,2018-06-19,2018-06-13,2018-06-19,2018-06-20,2018-06-22,2018-06-22,1,0,,0.004166666667,0.0004833133269,0.03351918025,0,temporal_sigmoid
balanced_rf,S2,2018,2018-06-20,2018-06-14,2018-06-20,2018-06-21,2018-06-23,2018-06-23,1,0,,0.004166666667,0.0004833133269,0.03351918025,0,temporal_sigmoid
balanced_rf,S2,2018,2018-06-21,2018-06-15,2018-06-21,2018-06-22,2018-06-24,2018-06-24,1,0,,0.0575,0.005075574937,0.03351918025,0,temporal_sigmoid
balanced_rf,S2,2018,2018-06-22,2018-06-16,2018-06-22,2018-06-23,2018-06-25,2018-06-25,1,0,,0.03,0.002799411082,0.03351918025,0,temporal_sigmoid
balanced_rf,S2,2018,2018-06-23,2018-06-17,2018-06-23,2018-06-24,2018-06-26,2018-06-26,1,0,,0.004166666667,0.0004833133269,0.03351918025,0,temporal_sigmoid
balanced_rf,S2,2018,2018-06-24,2018-06-18,2018-06-24,2018-06-25,2018-06-27,2018-06-27,1,0,,0,3.163358467e-07,0.03351918025,0,temporal_sigmoid
balanced_rf,S2,2018,2018-06-25,2018-06-19,2018-06-25,2018-06-26,2018-06-28,2018-06-28,1,0,,0,3.163358467e-07,0.03351918025,0,temporal_sigmoid
balanced_rf,S2,2018,2018-06-26,2018-06-20,2018-06-26,2018-06-27,2018-06-29,2018-06-29,1,0,,0,3.163358467e-07,0.03351918025,0,temporal_sigmoid
balanced_rf,S2,2018,2018-06-27,2018-06-21,2018-06-27,2018-06-28,2018-06-30,2018-06-30,1,0,,0.004166666667,0.0004833133269,0.03351918025,0,temporal_sigmoid
balanced_rf,S2,2019,2019-02-28,2019-02-22,2019-02-28,2019-03-01,2019-03-03,2019-03-03,1,0,,0,1.286877628e-07,0.053167186,0,temporal_sigmoid
balanced_rf,S2,2019,2019-03-01,2019-02-23,2019-03-01,2019-03-02,2019-03-04,2019-03-04,1,0,,0,1.286877628e-07,0.053167186,0,temporal_sigmoid
balanced_rf,S2,2019,2019-03-02,2019-02-24,2019-03-02,2019-03-03,2019-03-05,2019-03-05,1,0,,0,1.286877628e-07,0.053167186,0,temporal_sigmoid
balanced_rf,S2,2019,2019-03-03,2019-02-25,2019-03-03,2019-03-04,2019-03-06,2019-03-06,1,0,,0,1.286877628e-07,0.053167186,0,temporal_sigmoid
balanced_rf,S2,2019,2019-03-04,2019-02-26,2019-03-04,2019-03-05,2019-03-07,2019-03-07,1,0,,0.002380952381,0.0001851760552,0.053167186,0,temporal_sigmoid
balanced_rf,S2,2019,2019-03-05,2019-02-27,2019-03-05,2019-03-06,2019-03-08,2019-03-08,1,0,,0,1.286877628e-07,0.053167186,0,temporal_sigmoid
balanced_rf,S2,2019,2019-03-06,2019-02-28,2019-03-06,2019-03-07,2019-03-09,2019-03-09,1,0,,0.006666666667,0.0004867223368,0.053167186,0,temporal_sigmoid
balanced_rf,S2,2019,2019-03-07,2019-03-01,2019-03-07,2019-03-08,2019-03-10,2019-03-10,1,0,,0.002380952381,0.0001851760552,0.053167186,0,temporal_sigmoid
balanced_rf,S2,2019,2019-03-08,2019-03-02,2019-03-08,2019-03-09,2019-03-11,2019-03-11,1,0,,0,1.286877628e-07,0.053167186,0,temporal_sigmoid
balanced_rf,S2,2019,2019-03-09,2019-03-03,2019-03-09,2019-03-10,2019-03-12,2019-03-12,1,0,,0,1.286877628e-07,0.053167186,0,temporal_sigmoid
balanced_rf,S2,2019,2019-03-10,2019-03-04,2019-03-10,2019-03-11,2019-03-13,2019-03-13,1,0,,0.002380952381,0.0001851760552,0.053167186,0,temporal_sigmoid
balanced_rf,S2,2019,2019-03-11,2019-03-05,2019-03-11,2019-03-12,2019-03-14,2019-03-14,1,0,,0.006666666667,0.0004867223368,0.053167186,0,temporal_sigmoid
balanced_rf,S2,2019,2019-03-12,2019-03-06,2019-03-12,2019-03-13,2019-03-15,2019-03-15,1,0,,0.002380952381,0.0001851760552,0.053167186,0,temporal_sigmoid
balanced_rf,S2,2019,2019-03-13,2019-03-07,2019-03-13,2019-03-14,2019-03-16,2019-03-16,1,0,,0.002380952381,0.0001851760552,0.053167186,0,temporal_sigmoid
balanced_rf,S2,2019,2019-03-14,2019-03-08,2019-03-14,2019-03-15,2019-03-17,2019-03-17,1,0,,0.004761904762,0.0003547606262,0.053167186,0,temporal_sigmoid
balanced_rf,S2,2019,2019-03-15,2019-03-09,2019-03-15,2019-03-16,2019-03-18,2019-03-18,1,0,,0.009523809524,0.0006810752786,0.053167186,0,temporal_sigmoid
balanced_rf,S2,2019,2019-03-16,2019-03-10,2019-03-16,2019-03-17,2019-03-19,2019-03-19,1,0,,0.2642335442,0.0197186645,0.053167186,0,temporal_sigmoid
balanced_rf,S2,2019,2019-03-17,2019-03-11,2019-03-17,2019-03-18,2019-03-20,2019-03-20,1,0,,0.5509811022,0.05966658003,0.053167186,1,temporal_sigmoid
balanced_rf,S2,2019,2019-03-18,2019-03-12,2019-03-18,2019-03-19,2019-03-21,2019-03-21,1,0,,0.01926776927,0.00132754315,0.053167186,0,temporal_sigmoid
balanced_rf,S2,2019,2019-03-19,2019-03-13,2019-03-19,2019-03-20,2019-03-22,2019-03-22,1,0,,0.01926776927,0.00132754315,0.053167186,0,temporal_sigmoid
balanced_rf,S2,2019,2019-03-20,2019-03-14,2019-03-20,2019-03-21,2019-03-23,2019-03-23,1,0,,0.01926776927,0.00132754315,0.053167186,0,temporal_sigmoid
balanced_rf,S2,2019,2019-03-21,2019-03-15,2019-03-21,2019-03-22,2019-03-24,2019-03-24,1,0,,0.2803033078,0.02123943307,0.053167186,0,temporal_sigmoid
balanced_rf,S2,2019,2019-03-22,2019-03-16,2019-03-22,2019-03-23,2019-03-25,2019-03-25,1,0,,0.2176967477,0.01560021446,0.053167186,0,temporal_sigmoid
balanced_rf,S2,2019,2019-03-23,2019-03-17,2019-03-23,2019-03-24,2019-03-26,2019-03-26,1,0,,0.4035187035,0.03508723889,0.053167186,0,temporal_sigmoid
balanced_rf,S2,2019,2019-03-24,2019-03-18,2019-03-24,2019-03-25,2019-03-27,2019-03-27,1,0,,0.298798285,0.02305956526,0.053167186,0,temporal_sigmoid
balanced_rf,S2,2019,2019-03-25,2019-03-19,2019-03-25,2019-03-26,2019-03-28,2019-03-28,1,0,,0.674594024,0.09387931989,0.053167186,1,temporal_sigmoid
balanced_rf,S2,2019,2019-03-26,2019-03-20,2019-03-26,2019-03-27,2019-03-29,2019-03-29,1,0,,0.6961499334,0.1021398143,0.053167186,1,temporal_sigmoid
balanced_rf,S2,2019,2019-03-27,2019-03-21,2019-03-27,2019-03-28,2019-03-30,2019-03-30,1,0,,0.04307118807,0.002877318075,0.053167186,0,temporal_sigmoid
balanced_rf,S2,2019,2019-03-28,2019-03-22,2019-03-28,2019-03-29,2019-03-31,2019-03-31,1,0,,0.2969436119,0.02287351781,0.053167186,0,temporal_sigmoid
balanced_rf,S2,2019,2019-03-29,2019-03-23,2019-03-29,2019-03-30,2019-04-01,2019-04-01,1,0,,0.04227161727,0.002825287333,0.053167186,0,temporal_sigmoid
balanced_rf,S2,2019,2019-03-30,2019-03-24,2019-03-30,2019-03-31,2019-04-02,2019-04-02,1,0,,0.06107389674,0.004055012653,0.053167186,0,temporal_sigmoid
balanced_rf,S2,2019,2019-03-31,2019-03-25,2019-03-31,2019-04-01,2019-04-03,2019-04-03,1,0,,0.007142857143,0.0005193695784,0.053167186,0,temporal_sigmoid
balanced_rf,S2,2019,2019-04-01,2019-03-26,2019-04-01,2019-04-02,2019-04-04,2019-04-04,1,0,,0.007142857143,0.0005193695784,0.053167186,0,temporal_sigmoid
balanced_rf,S2,2019,2019-04-02,2019-03-27,2019-04-02,2019-04-03,2019-04-05,2019-04-05,1,0,,0.007142857143,0.0005193695784,0.053167186,0,temporal_sigmoid
balanced_rf,S2,2019,2019-04-03,2019-03-28,2019-04-03,2019-04-04,2019-04-06,2019-04-06,1,0,,0,1.286877628e-07,0.053167186,0,temporal_sigmoid
balanced_rf,S2,2019,2019-04-04,2019-03-29,2019-04-04,2019-04-05,2019-04-07,2019-04-07,1,0,,0,1.286877628e-07,0.053167186,0,temporal_sigmoid
balanced_rf,S2,2019,2019-04-05,2019-03-30,2019-04-05,2019-04-06,2019-04-08,2019-04-08,1,0,,0,1.286877628e-07,0.053167186,0,temporal_sigmoid
balanced_rf,S2,2019,2019-04-06,2019-03-31,2019-04-06,2019-04-07,2019-04-09,2019-04-09,1,0,,0,1.286877628e-07,0.053167186,0,temporal_sigmoid
balanced_rf,S2,2019,2019-04-07,2019-04-01,2019-04-07,2019-04-08,2019-04-10,2019-04-10,1,0,,0,1.286877628e-07,0.053167186,0,temporal_sigmoid
balanced_rf,S2,2019,2019-04-08,2019-04-02,2019-04-08,2019-04-09,2019-04-11,2019-04-11,1,0,,0,1.286877628e-07,0.053167186,0,temporal_sigmoid
balanced_rf,S2,2019,2019-04-09,2019-04-03,2019-04-09,2019-04-10,2019-04-12,2019-04-12,1,0,,0,1.286877628e-07,0.053167186,0,temporal_sigmoid
balanced_rf,S2,2019,2019-04-10,2019-04-04,2019-04-10,2019-04-11,2019-04-13,2019-04-13,1,0,,0,1.286877628e-07,0.053167186,0,temporal_sigmoid
balanced_rf,S2,2019,2019-04-11,2019-04-05,2019-04-11,2019-04-12,2019-04-14,2019-04-14,1,0,,0,1.286877628e-07,0.053167186,0,temporal_sigmoid
balanced_rf,S2,2019,2019-04-12,2019-04-06,2019-04-12,2019-04-13,2019-04-15,2019-04-15,1,0,,0.006666666667,0.0004867223368,0.053167186,0,temporal_sigmoid
balanced_rf,S2,2019,2019-04-13,2019-04-07,2019-04-13,2019-04-14,2019-04-16,2019-04-16,1,0,,0,1.286877628e-07,0.053167186,0,temporal_sigmoid
balanced_rf,S2,2019,2019-04-14,2019-04-08,2019-04-14,2019-04-15,2019-04-17,2019-04-17,1,0,,0,1.286877628e-07,0.053167186,0,temporal_sigmoid
balanced_rf,S2,2019,2019-04-15,2019-04-09,2019-04-15,2019-04-16,2019-04-18,2019-04-18,1,0,,0.01142857143,0.000809008754,0.053167186,0,temporal_sigmoid
balanced_rf,S2,2019,2019-04-16,2019-04-10,2019-04-16,2019-04-17,2019-04-19,2019-04-19,1,0,,0.1697886534,0.01174276762,0.053167186,0,temporal_sigmoid
balanced_rf,S2,2019,2019-04-17,2019-04-11,2019-04-17,2019-04-18,2019-04-20,2019-04-20,1,0,,0.1880982142,0.0131758699,0.053167186,0,temporal_sigmoid
balanced_rf,S2,2019,2019-04-18,2019-04-12,2019-04-18,2019-04-19,2019-04-21,2019-04-21,1,0,,0.02932067932,0.001983498243,0.053167186,0,temporal_sigmoid
balanced_rf,S2,2019,2019-04-19,2019-04-13,2019-04-19,2019-04-20,2019-04-22,2019-04-22,1,0,,0.01796906797,0.001242262266,0.053167186,0,temporal_sigmoid
balanced_rf,S2,2019,2019-04-20,2019-04-14,2019-04-20,2019-04-21,2019-04-23,2019-04-23,1,0,,0.03117253117,0.002103890813,0.053167186,0,temporal_sigmoid
balanced_rf,S2,2019,2019-04-21,2019-04-15,2019-04-21,2019-04-22,2019-04-24,2019-04-24,1,0,,0.03533919784,0.002374635301,0.053167186,0,temporal_sigmoid
balanced_rf,S2,2019,2019-04-22,2019-04-16,2019-04-22,2019-04-23,2019-04-25,2019-04-25,1,0,,0.0197968698,0.001362237044,0.053167186,0,temporal_sigmoid
balanced_rf,S2,2019,2019-04-23,2019-04-17,2019-04-23,2019-04-24,2019-04-26,2019-04-26,1,0,,0.06698602324,0.004445348773,0.053167186,0,temporal_sigmoid
balanced_rf,S2,2019,2019-04-24,2019-04-18,2019-04-24,2019-04-25,2019-04-27,2019-04-27,1,0,,0.5710421523,0.06408636731,0.053167186,1,temporal_sigmoid
balanced_rf,S2,2019,2019-04-25,2019-04-19,2019-04-25,2019-04-26,2019-04-28,2019-04-28,1,0,,0.7288293188,0.1166654021,0.053167186,1,temporal_sigmoid
balanced_rf,S2,2019,2019-04-26,2019-04-20,2019-04-26,2019-04-27,2019-04-29,2019-04-29,1,0,,0.5892831841,0.06841701821,0.053167186,1,temporal_sigmoid
balanced_rf,S2,2019,2019-04-27,2019-04-21,2019-04-27,2019-04-28,2019-04-30,2019-04-30,1,0,,0.5800815612,0.06619306232,0.053167186,1,temporal_sigmoid
balanced_rf,S2,2019,2019-04-28,2019-04-22,2019-04-28,2019-04-29,2019-05-01,2019-05-01,1,0,,0.8244426073,0.1820330454,0.053167186,1,temporal_sigmoid
balanced_rf,S2,2019,2019-04-29,2019-04-23,2019-04-29,2019-04-30,2019-05-02,2019-05-02,1,0,,0.8413979399,0.1996253491,0.053167186,1,temporal_sigmoid
balanced_rf,S2,2019,2019-04-30,2019-04-24,2019-04-30,2019-05-01,2019-05-03,2019-05-03,1,0,,0.9504840151,0.4535697849,0.053167186,1,temporal_sigmoid
balanced_rf,S2,2019,2019-05-01,2019-04-25,2019-05-01,2019-05-02,2019-05-04,2019-05-04,1,0,,0.919449192,0.3379943973,0.053167186,1,temporal_sigmoid
balanced_rf,S2,2019,2019-05-02,2019-04-26,2019-05-02,2019-05-03,2019-05-05,2019-05-05,1,0,,0.8377542448,0.1956146036,0.053167186,1,temporal_sigmoid
balanced_rf,S2,2019,2019-05-03,2019-04-27,2019-05-03,2019-05-04,2019-05-06,2019-05-06,1,0,,0.05513278388,0.003664761589,0.053167186,0,temporal_sigmoid
balanced_rf,S2,2019,2019-05-04,2019-04-28,2019-05-04,2019-05-05,2019-05-07,2019-05-07,1,0,,0.01612554113,0.001120857548,0.053167186,0,temporal_sigmoid
balanced_rf,S2,2019,2019-05-05,2019-04-29,2019-05-05,2019-05-06,2019-05-08,2019-05-08,1,0,,0.01380952381,0.0009676216328,0.053167186,0,temporal_sigmoid
balanced_rf,S2,2019,2019-05-06,2019-04-30,2019-05-06,2019-05-07,2019-05-09,2019-05-09,1,0,,0.4330466916,0.03913935967,0.053167186,0,temporal_sigmoid
balanced_rf,S2,2019,2019-05-07,2019-05-01,2019-05-07,2019-05-08,2019-05-10,2019-05-10,1,0,,0.4285254605,0.03849615813,0.053167186,0,temporal_sigmoid
balanced_rf,S2,2019,2019-05-08,2019-05-02,2019-05-08,2019-05-09,2019-05-11,2019-05-11,1,0,,0.5826728406,0.06681104689,0.053167186,1,temporal_sigmoid
balanced_rf,S2,2019,2019-05-09,2019-05-03,2019-05-09,2019-05-10,2019-05-12,2019-05-12,1,0,,0.5146072607,0.05244372811,0.053167186,0,temporal_sigmoid
balanced_rf,S2,2019,2019-05-10,2019-05-04,2019-05-10,2019-05-11,2019-05-13,2019-05-13,1,0,,0.684624327,0.09760796321,0.053167186,1,temporal_sigmoid
balanced_rf,S2,2019,2019-05-11,2019-05-05,2019-05-11,2019-05-12,2019-05-14,2019-05-14,1,0,,0.777317771,0.1443054356,0.053167186,1,temporal_sigmoid
balanced_rf,S2,2019,2019-05-12,2019-05-06,2019-05-12,2019-05-13,2019-05-15,2019-05-15,1,0,,0.6915458499,0.1002962979,0.053167186,1,temporal_sigmoid
balanced_rf,S2,2019,2019-05-13,2019-05-07,2019-05-13,2019-05-14,2019-05-16,2019-05-16,1,0,,0.5882880591,0.06817249761,0.053167186,1,temporal_sigmoid
balanced_rf,S2,2019,2019-05-14,2019-05-08,2019-05-14,2019-05-15,2019-05-17,2019-05-17,1,0,,0.1906674807,0.01338088553,0.053167186,0,temporal_sigmoid
balanced_rf,S2,2019,2019-05-15,2019-05-09,2019-05-15,2019-05-16,2019-05-18,2019-05-18,1,0,,0.05513278388,0.003664761589,0.053167186,0,temporal_sigmoid
balanced_rf,S2,2019,2019-05-16,2019-05-10,2019-05-16,2019-05-17,2019-05-19,2019-05-19,1,0,,0.03007936508,0.002032829714,0.053167186,0,temporal_sigmoid
balanced_rf,S2,2019,2019-05-17,2019-05-11,2019-05-17,2019-05-18,2019-05-20,2019-05-20,1,0,,0.2468136654,0.01812953799,0.053167186,0,temporal_sigmoid
balanced_rf,S2,2019,2019-05-18,2019-05-12,2019-05-18,2019-05-19,2019-05-21,2019-05-21,1,0,,0.4949171823,0.04890193046,0.053167186,0,temporal_sigmoid
balanced_rf,S2,2019,2019-05-19,2019-05-13,2019-05-19,2019-05-20,2019-05-22,2019-05-22,1,0,,0.1497858623,0.01022986255,0.053167186,0,temporal_sigmoid
balanced_rf,S2,2019,2019-05-20,2019-05-14,2019-05-20,2019-05-21,2019-05-23,2019-05-23,1,0,,0.4793512551,0.04626243315,0.053167186,0,temporal_sigmoid
balanced_rf,S2,2019,2019-05-21,2019-05-15,2019-05-21,2019-05-22,2019-05-24,2019-05-24,1,0,,0.4924433945,0.04847335277,0.053167186,0,temporal_sigmoid
balanced_rf,S2,2019,2019-05-22,2019-05-16,2019-05-22,2019-05-23,2019-05-25,2019-05-25,1,0,,0.4946866581,0.04886184347,0.053167186,0,temporal_sigmoid
balanced_rf,S2,2019,2019-05-23,2019-05-17,2019-05-23,2019-05-24,2019-05-26,2019-05-26,1,0,,0.2314899915,0.01677947861,0.053167186,0,temporal_sigmoid
balanced_rf,S2,2019,2019-05-24,2019-05-18,2019-05-24,2019-05-25,2019-05-27,2019-05-27,1,0,,0.02341269841,0.001598702519,0.053167186,0,temporal_sigmoid
balanced_rf,S2,2019,2019-05-25,2019-05-19,2019-05-25,2019-05-26,2019-05-28,2019-05-28,1,0,,0.004166666667,0.0003129608865,0.053167186,0,temporal_sigmoid
balanced_rf,S2,2019,2019-05-26,2019-05-20,2019-05-26,2019-05-27,2019-05-29,2019-05-29,1,0,,0.4014738201,0.0348190769,0.053167186,0,temporal_sigmoid
balanced_rf,S2,2019,2019-05-27,2019-05-21,2019-05-27,2019-05-28,2019-05-30,2019-05-30,1,0,,0.2732825206,0.02056831462,0.053167186,0,temporal_sigmoid
balanced_rf,S2,2019,2019-05-28,2019-05-22,2019-05-28,2019-05-29,2019-05-31,2019-05-31,1,0,,0.5300229099,0.05538999255,0.053167186,1,temporal_sigmoid
balanced_rf,S2,2019,2019-05-29,2019-05-23,2019-05-29,2019-05-30,2019-06-01,2019-06-01,1,0,,0.6076879205,0.07312529132,0.053167186,1,temporal_sigmoid
balanced_rf,S2,2019,2019-05-30,2019-05-24,2019-05-30,2019-05-31,2019-06-02,2019-06-02,1,0,,0.4850472856,0.0472127093,0.053167186,0,temporal_sigmoid
balanced_rf,S2,2019,2019-05-31,2019-05-25,2019-05-31,2019-06-01,2019-06-03,2019-06-03,1,0,,0.3379075715,0.0271809445,0.053167186,0,temporal_sigmoid
balanced_rf,S2,2019,2019-06-01,2019-05-26,2019-06-01,2019-06-02,2019-06-04,2019-06-04,1,0,,0.05017246642,0.003340251807,0.053167186,0,temporal_sigmoid
balanced_rf,S2,2019,2019-06-02,2019-05-27,2019-06-02,2019-06-03,2019-06-05,2019-06-05,1,0,,0.004166666667,0.0003129608865,0.053167186,0,temporal_sigmoid
balanced_rf,S2,2019,2019-06-03,2019-05-28,2019-06-03,2019-06-04,2019-06-06,2019-06-06,1,0,,0,1.286877628e-07,0.053167186,0,temporal_sigmoid
balanced_rf,S2,2019,2019-06-04,2019-05-29,2019-06-04,2019-06-05,2019-06-07,2019-06-07,1,0,,0,1.286877628e-07,0.053167186,0,temporal_sigmoid
balanced_rf,S2,2019,2019-06-05,2019-05-30,2019-06-05,2019-06-06,2019-06-08,2019-06-08,1,0,,0,1.286877628e-07,0.053167186,0,temporal_sigmoid
balanced_rf,S2,2019,2019-06-06,2019-05-31,2019-06-06,2019-06-07,2019-06-09,2019-06-09,1,0,,0,1.286877628e-07,0.053167186,0,temporal_sigmoid
balanced_rf,S2,2019,2019-06-07,2019-06-01,2019-06-07,2019-06-08,2019-06-10,2019-06-10,1,0,,0,1.286877628e-07,0.053167186,0,temporal_sigmoid
balanced_rf,S2,2019,2019-06-08,2019-06-02,2019-06-08,2019-06-09,2019-06-11,2019-06-11,1,0,,0,1.286877628e-07,0.053167186,0,temporal_sigmoid
balanced_rf,S2,2019,2019-06-09,2019-06-03,2019-06-09,2019-06-10,2019-06-12,2019-06-12,1,0,,0,1.286877628e-07,0.053167186,0,temporal_sigmoid
balanced_rf,S2,2019,2019-06-10,2019-06-04,2019-06-10,2019-06-11,2019-06-13,2019-06-13,1,0,,0.2015635452,0.0142615487,0.053167186,0,temporal_sigmoid
balanced_rf,S2,2019,2019-06-11,2019-06-05,2019-06-11,2019-06-12,2019-06-14,2019-06-14,1,0,,0.4217931766,0.03755409238,0.053167186,0,temporal_sigmoid
balanced_rf,S2,2019,2019-06-12,2019-06-06,2019-06-12,2019-06-13,2019-06-15,2019-06-15,1,0,,0.5620384265,0.06206068741,0.053167186,1,temporal_sigmoid
balanced_rf,S2,2019,2019-06-13,2019-06-07,2019-06-13,2019-06-14,2019-06-16,2019-06-16,1,0,,0.4677484086,0.04437983577,0.053167186,0,temporal_sigmoid
balanced_rf,S2,2019,2019-06-14,2019-06-08,2019-06-14,2019-06-15,2019-06-17,2019-06-17,1,0,,0.1582048507,0.01086021806,0.053167186,0,temporal_sigmoid
balanced_rf,S2,2019,2019-06-15,2019-06-09,2019-06-15,2019-06-16,2019-06-18,2019-06-18,1,0,,0.004166666667,0.0003129608865,0.053167186,0,temporal_sigmoid
balanced_rf,S2,2019,2019-06-16,2019-06-10,2019-06-16,2019-06-17,2019-06-19,2019-06-19,1,0,,0.225545288,0.01626717335,0.053167186,0,temporal_sigmoid
balanced_rf,S2,2019,2019-06-17,2019-06-11,2019-06-17,2019-06-18,2019-06-20,2019-06-20,1,0,,0.1046079846,0.006990348178,0.053167186,0,temporal_sigmoid
balanced_rf,S2,2019,2019-06-18,2019-06-12,2019-06-18,2019-06-19,2019-06-21,2019-06-21,1,0,,0.08797739298,0.005850868558,0.053167186,0,temporal_sigmoid
balanced_rf,S2,2019,2019-06-19,2019-06-13,2019-06-19,2019-06-20,2019-06-22,2019-06-22,1,0,,0.4864949865,0.04745705758,0.053167186,0,temporal_sigmoid
balanced_rf,S2,2019,2019-06-20,2019-06-14,2019-06-20,2019-06-21,2019-06-23,2019-06-23,1,0,,0.1602551153,0.01101511819,0.053167186,0,temporal_sigmoid
balanced_rf,S2,2019,2019-06-21,2019-06-15,2019-06-21,2019-06-22,2019-06-24,2019-06-24,1,0,,0.01388888889,0.000972888147,0.053167186,0,temporal_sigmoid
balanced_rf,S2,2019,2019-06-22,2019-06-16,2019-06-22,2019-06-23,2019-06-25,2019-06-25,1,0,,0.01612554113,0.001120857548,0.053167186,0,temporal_sigmoid
balanced_rf,S2,2019,2019-06-23,2019-06-17,2019-06-23,2019-06-24,2019-06-26,2019-06-26,1,0,,0.4678262177,0.0443922301,0.053167186,0,temporal_sigmoid
balanced_rf,S2,2019,2019-06-24,2019-06-18,2019-06-24,2019-06-25,2019-06-27,2019-06-27,1,0,,0.5578138227,0.06113412635,0.053167186,1,temporal_sigmoid
balanced_rf,S2,2019,2019-06-25,2019-06-19,2019-06-25,2019-06-26,2019-06-28,2019-06-28,1,0,,0.5526718809,0.06002622314,0.053167186,1,temporal_sigmoid
balanced_rf,S2,2019,2019-06-26,2019-06-20,2019-06-26,2019-06-27,2019-06-29,2019-06-29,1,0,,0.3967170953,0.0342011878,0.053167186,0,temporal_sigmoid
balanced_rf,S2,2019,2019-06-27,2019-06-21,2019-06-27,2019-06-28,2019-06-30,2019-06-30,1,0,,0.02346681097,0.00160223431,0.053167186,0,temporal_sigmoid
balanced_rf,S2,2020,2020-02-29,2020-02-23,2020-02-29,2020-03-01,2020-03-03,2020-03-03,1,0,,0.01666666667,0.0006784874916,0.05361012179,0,temporal_sigmoid
balanced_rf,S2,2020,2020-03-01,2020-02-24,2020-03-01,2020-03-02,2020-03-04,2020-03-04,1,0,,0.01666666667,0.0006784874916,0.05361012179,0,temporal_sigmoid
balanced_rf,S2,2020,2020-03-02,2020-02-25,2020-03-02,2020-03-03,2020-03-05,2020-03-05,1,0,,0.01666666667,0.0006784874916,0.05361012179,0,temporal_sigmoid
balanced_rf,S2,2020,2020-03-03,2020-02-26,2020-03-03,2020-03-04,2020-03-06,2020-03-06,1,0,,0.01666666667,0.0006784874916,0.05361012179,0,temporal_sigmoid
balanced_rf,S2,2020,2020-03-04,2020-02-27,2020-03-04,2020-03-05,2020-03-07,2020-03-07,1,0,,0.01904761905,0.0007808683011,0.05361012179,0,temporal_sigmoid
balanced_rf,S2,2020,2020-03-05,2020-02-28,2020-03-05,2020-03-06,2020-03-08,2020-03-08,1,0,,0.01904761905,0.0007808683011,0.05361012179,0,temporal_sigmoid
balanced_rf,S2,2020,2020-03-06,2020-02-29,2020-03-06,2020-03-07,2020-03-09,2020-03-09,1,0,,0.01904761905,0.0007808683011,0.05361012179,0,temporal_sigmoid
balanced_rf,S2,2020,2020-03-07,2020-03-01,2020-03-07,2020-03-08,2020-03-10,2020-03-10,1,0,,0.01666666667,0.0006784874916,0.05361012179,0,temporal_sigmoid
balanced_rf,S2,2020,2020-03-08,2020-03-02,2020-03-08,2020-03-09,2020-03-11,2020-03-11,1,0,,0.007142857143,0.0002797186543,0.05361012179,0,temporal_sigmoid
balanced_rf,S2,2020,2020-03-09,2020-03-03,2020-03-09,2020-03-10,2020-03-12,2020-03-12,1,0,,0,2.863403699e-08,0.05361012179,0,temporal_sigmoid
balanced_rf,S2,2020,2020-03-10,2020-03-04,2020-03-10,2020-03-11,2020-03-13,2020-03-13,1,0,,0,2.863403699e-08,0.05361012179,0,temporal_sigmoid
balanced_rf,S2,2020,2020-03-11,2020-03-05,2020-03-11,2020-03-12,2020-03-14,2020-03-14,1,0,,0,2.863403699e-08,0.05361012179,0,temporal_sigmoid
balanced_rf,S2,2020,2020-03-12,2020-03-06,2020-03-12,2020-03-13,2020-03-15,2020-03-15,1,0,,0,2.863403699e-08,0.05361012179,0,temporal_sigmoid
balanced_rf,S2,2020,2020-03-13,2020-03-07,2020-03-13,2020-03-14,2020-03-16,2020-03-16,1,0,,0,2.863403699e-08,0.05361012179,0,temporal_sigmoid
balanced_rf,S2,2020,2020-03-14,2020-03-08,2020-03-14,2020-03-15,2020-03-17,2020-03-17,1,0,,0,2.863403699e-08,0.05361012179,0,temporal_sigmoid
balanced_rf,S2,2020,2020-03-15,2020-03-09,2020-03-15,2020-03-16,2020-03-18,2020-03-18,1,0,,0,2.863403699e-08,0.05361012179,0,temporal_sigmoid
balanced_rf,S2,2020,2020-03-16,2020-03-10,2020-03-16,2020-03-17,2020-03-19,2020-03-19,1,0,,0,2.863403699e-08,0.05361012179,0,temporal_sigmoid
balanced_rf,S2,2020,2020-03-17,2020-03-11,2020-03-17,2020-03-18,2020-03-20,2020-03-20,1,0,,0,2.863403699e-08,0.05361012179,0,temporal_sigmoid
balanced_rf,S2,2020,2020-03-18,2020-03-12,2020-03-18,2020-03-19,2020-03-21,2020-03-21,1,0,,0.0165954416,0.000675439678,0.05361012179,0,temporal_sigmoid
balanced_rf,S2,2020,2020-03-19,2020-03-13,2020-03-19,2020-03-20,2020-03-22,2020-03-22,1,0,,0.0103454416,0.0004116604801,0.05361012179,0,temporal_sigmoid
balanced_rf,S2,2020,2020-03-20,2020-03-14,2020-03-20,2020-03-21,2020-03-23,2020-03-23,1,0,,0.0165954416,0.000675439678,0.05361012179,0,temporal_sigmoid
balanced_rf,S2,2020,2020-03-21,2020-03-15,2020-03-21,2020-03-22,2020-03-24,2020-03-24,1,0,,0.0165954416,0.000675439678,0.05361012179,0,temporal_sigmoid
balanced_rf,S2,2020,2020-03-22,2020-03-16,2020-03-22,2020-03-23,2020-03-25,2020-03-25,1,0,,0.00625,0.0002434120401,0.05361012179,0,temporal_sigmoid
balanced_rf,S2,2020,2020-03-23,2020-03-17,2020-03-23,2020-03-24,2020-03-26,2020-03-26,1,0,,0.007142857143,0.0002797186543,0.05361012179,0,temporal_sigmoid
balanced_rf,S2,2020,2020-03-24,2020-03-18,2020-03-24,2020-03-25,2020-03-27,2020-03-27,1,0,,0.02291666667,0.0009492043183,0.05361012179,0,temporal_sigmoid
balanced_rf,S2,2020,2020-03-25,2020-03-19,2020-03-25,2020-03-26,2020-03-28,2020-03-28,1,0,,0.02142857143,0.0008841801366,0.05361012179,0,temporal_sigmoid
balanced_rf,S2,2020,2020-03-26,2020-03-20,2020-03-26,2020-03-27,2020-03-29,2020-03-29,1,0,,0.02142857143,0.0008841801366,0.05361012179,0,temporal_sigmoid
balanced_rf,S2,2020,2020-03-27,2020-03-21,2020-03-27,2020-03-28,2020-03-30,2020-03-30,1,0,,0.4591993886,0.03746893228,0.05361012179,0,temporal_sigmoid
balanced_rf,S2,2020,2020-03-28,2020-03-22,2020-03-28,2020-03-29,2020-03-31,2020-03-31,1,0,,0.3165499084,0.02037108653,0.05361012179,0,temporal_sigmoid
balanced_rf,S2,2020,2020-03-29,2020-03-23,2020-03-29,2020-03-30,2020-04-01,2020-04-01,1,0,,0.101219845,0.004792588618,0.05361012179,0,temporal_sigmoid
balanced_rf,S2,2020,2020-03-30,2020-03-24,2020-03-30,2020-03-31,2020-04-02,2020-04-02,1,0,,0.02988909239,0.001258291634,0.05361012179,0,temporal_sigmoid
balanced_rf,S2,2020,2020-03-31,2020-03-25,2020-03-31,2020-04-01,2020-04-03,2020-04-03,1,0,,0.2394090169,0.01375335882,0.05361012179,0,temporal_sigmoid
balanced_rf,S2,2020,2020-04-01,2020-03-26,2020-04-01,2020-04-02,2020-04-04,2020-04-04,1,0,,0.342059101,0.02289819706,0.05361012179,0,temporal_sigmoid
balanced_rf,S2,2020,2020-04-02,2020-03-27,2020-04-02,2020-04-03,2020-04-05,2020-04-05,1,0,,0.6653161094,0.08579570848,0.05361012179,1,temporal_sigmoid
balanced_rf,S2,2020,2020-04-03,2020-03-28,2020-04-03,2020-04-04,2020-04-06,2020-04-06,1,0,,0.207030932,0.01136188509,0.05361012179,0,temporal_sigmoid
balanced_rf,S2,2020,2020-04-04,2020-03-29,2020-04-04,2020-04-05,2020-04-07,2020-04-07,1,0,,0.1068950494,0.00510257527,0.05361012179,0,temporal_sigmoid
balanced_rf,S2,2020,2020-04-05,2020-03-30,2020-04-05,2020-04-06,2020-04-08,2020-04-08,1,0,,0.04270715396,0.001844308185,0.05361012179,0,temporal_sigmoid
balanced_rf,S2,2020,2020-04-06,2020-03-31,2020-04-06,2020-04-07,2020-04-09,2020-04-09,1,0,,0.6504653366,0.08059050807,0.05361012179,1,temporal_sigmoid
balanced_rf,S2,2020,2020-04-07,2020-04-01,2020-04-07,2020-04-08,2020-04-10,2020-04-10,1,0,,0.8720671418,0.2513707192,0.05361012179,1,temporal_sigmoid
balanced_rf,S2,2020,2020-04-08,2020-04-02,2020-04-08,2020-04-09,2020-04-11,2020-04-11,1,0,,0.1000768676,0.004730686765,0.05361012179,0,temporal_sigmoid
balanced_rf,S2,2020,2020-04-09,2020-04-03,2020-04-09,2020-04-10,2020-04-12,2020-04-12,1,0,,0.04288512414,0.001852600273,0.05361012179,0,temporal_sigmoid
balanced_rf,S2,2020,2020-04-10,2020-04-04,2020-04-10,2020-04-11,2020-04-13,2020-04-13,1,0,,0.2375571651,0.01361100802,0.05361012179,0,temporal_sigmoid
balanced_rf,S2,2020,2020-04-11,2020-04-05,2020-04-11,2020-04-12,2020-04-14,2020-04-14,1,0,,0.2544273488,0.01493422032,0.05361012179,0,temporal_sigmoid
balanced_rf,S2,2020,2020-04-12,2020-04-06,2020-04-12,2020-04-13,2020-04-15,2020-04-15,1,0,,0.03180708181,0.001344544769,0.05361012179,0,temporal_sigmoid
balanced_rf,S2,2020,2020-04-13,2020-04-07,2020-04-13,2020-04-14,2020-04-16,2020-04-16,1,0,,0.01910866911,0.0007835058893,0.05361012179,0,temporal_sigmoid
balanced_rf,S2,2020,2020-04-14,2020-04-08,2020-04-14,2020-04-15,2020-04-17,2020-04-17,1,0,,0.2184124672,0.01217950567,0.05361012179,0,temporal_sigmoid
balanced_rf,S2,2020,2020-04-15,2020-04-09,2020-04-15,2020-04-16,2020-04-18,2020-04-18,1,0,,0.01910866911,0.0007835058893,0.05361012179,0,temporal_sigmoid
balanced_rf,S2,2020,2020-04-16,2020-04-10,2020-04-16,2020-04-17,2020-04-19,2020-04-19,1,0,,0.01910866911,0.0007835058893,0.05361012179,0,temporal_sigmoid
balanced_rf,S2,2020,2020-04-17,2020-04-11,2020-04-17,2020-04-18,2020-04-20,2020-04-20,1,0,,0.002380952381,8.93477785e-05,0.05361012179,0,temporal_sigmoid
balanced_rf,S2,2020,2020-04-18,2020-04-12,2020-04-18,2020-04-19,2020-04-21,2020-04-21,1,0,,0,2.863403699e-08,0.05361012179,0,temporal_sigmoid
balanced_rf,S2,2020,2020-04-19,2020-04-13,2020-04-19,2020-04-20,2020-04-22,2020-04-22,1,0,,0,2.863403699e-08,0.05361012179,0,temporal_sigmoid
balanced_rf,S2,2020,2020-04-20,2020-04-14,2020-04-20,2020-04-21,2020-04-23,2020-04-23,1,0,,0,2.863403699e-08,0.05361012179,0,temporal_sigmoid
balanced_rf,S2,2020,2020-04-21,2020-04-15,2020-04-21,2020-04-22,2020-04-24,2020-04-24,1,0,,0,2.863403699e-08,0.05361012179,0,temporal_sigmoid
balanced_rf,S2,2020,2020-04-22,2020-04-16,2020-04-22,2020-04-23,2020-04-25,2020-04-25,1,0,,0,2.863403699e-08,0.05361012179,0,temporal_sigmoid
balanced_rf,S2,2020,2020-04-23,2020-04-17,2020-04-23,2020-04-24,2020-04-26,2020-04-26,1,0,,0,2.863403699e-08,0.05361012179,0,temporal_sigmoid
balanced_rf,S2,2020,2020-04-24,2020-04-18,2020-04-24,2020-04-25,2020-04-27,2020-04-27,1,0,,0,2.863403699e-08,0.05361012179,0,temporal_sigmoid
balanced_rf,S2,2020,2020-04-25,2020-04-19,2020-04-25,2020-04-26,2020-04-28,2020-04-28,1,0,,0,2.863403699e-08,0.05361012179,0,temporal_sigmoid
balanced_rf,S2,2020,2020-04-26,2020-04-20,2020-04-26,2020-04-27,2020-04-29,2020-04-29,1,0,,0,2.863403699e-08,0.05361012179,0,temporal_sigmoid
balanced_rf,S2,2020,2020-04-27,2020-04-21,2020-04-27,2020-04-28,2020-04-30,2020-04-30,1,0,,0,2.863403699e-08,0.05361012179,0,temporal_sigmoid
balanced_rf,S2,2020,2020-04-28,2020-04-22,2020-04-28,2020-04-29,2020-05-01,2020-05-01,1,0,,0,2.863403699e-08,0.05361012179,0,temporal_sigmoid
balanced_rf,S2,2020,2020-04-29,2020-04-23,2020-04-29,2020-04-30,2020-05-02,2020-05-02,1,0,,0,2.863403699e-08,0.05361012179,0,temporal_sigmoid
balanced_rf,S2,2020,2020-04-30,2020-04-24,2020-04-30,2020-05-01,2020-05-03,2020-05-03,1,0,,0,2.863403699e-08,0.05361012179,0,temporal_sigmoid
balanced_rf,S2,2020,2020-05-01,2020-04-25,2020-05-01,2020-05-02,2020-05-04,2020-05-04,1,0,,0,2.863403699e-08,0.05361012179,0,temporal_sigmoid
balanced_rf,S2,2020,2020-05-02,2020-04-26,2020-05-02,2020-05-03,2020-05-05,2020-05-05,1,0,,0,2.863403699e-08,0.05361012179,0,temporal_sigmoid
balanced_rf,S2,2020,2020-05-03,2020-04-27,2020-05-03,2020-05-04,2020-05-06,2020-05-06,1,0,,0,2.863403699e-08,0.05361012179,0,temporal_sigmoid
balanced_rf,S2,2020,2020-05-04,2020-04-28,2020-05-04,2020-05-05,2020-05-07,2020-05-07,1,0,,0,2.863403699e-08,0.05361012179,0,temporal_sigmoid
balanced_rf,S2,2020,2020-05-05,2020-04-29,2020-05-05,2020-05-06,2020-05-08,2020-05-08,1,0,,0.007142857143,0.0002797186543,0.05361012179,0,temporal_sigmoid
balanced_rf,S2,2020,2020-05-06,2020-04-30,2020-05-06,2020-05-07,2020-05-09,2020-05-09,1,0,,0.01666666667,0.0006784874916,0.05361012179,0,temporal_sigmoid
balanced_rf,S2,2020,2020-05-07,2020-05-01,2020-05-07,2020-05-08,2020-05-10,2020-05-10,1,0,,0.01851851852,0.0007580348998,0.05361012179,0,temporal_sigmoid
balanced_rf,S2,2020,2020-05-08,2020-05-02,2020-05-08,2020-05-09,2020-05-11,2020-05-11,1,0,,0.01666666667,0.0006784874916,0.05361012179,0,temporal_sigmoid
balanced_rf,S2,2020,2020-05-09,2020-05-03,2020-05-09,2020-05-10,2020-05-12,2020-05-12,1,0,,0.1120007308,0.005385222151,0.05361012179,0,temporal_sigmoid
balanced_rf,S2,2020,2020-05-10,2020-05-04,2020-05-10,2020-05-11,2020-05-13,2020-05-13,1,0,,0.1375746476,0.006856245898,0.05361012179,0,temporal_sigmoid
balanced_rf,S2,2020,2020-05-11,2020-05-05,2020-05-11,2020-05-12,2020-05-14,2020-05-14,1,0,,0.03564306064,0.001518585247,0.05361012179,0,temporal_sigmoid
balanced_rf,S2,2020,2020-05-12,2020-05-06,2020-05-12,2020-05-13,2020-05-15,2020-05-15,1,0,,0.4094951514,0.03060461015,0.05361012179,0,temporal_sigmoid
balanced_rf,S2,2020,2020-05-13,2020-05-07,2020-05-13,2020-05-14,2020-05-16,2020-05-16,1,0,,0.05734820735,0.002540315865,0.05361012179,0,temporal_sigmoid
balanced_rf,S2,2020,2020-05-14,2020-05-08,2020-05-14,2020-05-15,2020-05-17,2020-05-17,1,0,,0.2040762478,0.01115354674,0.05361012179,0,temporal_sigmoid
balanced_rf,S2,2020,2020-05-15,2020-05-09,2020-05-15,2020-05-16,2020-05-18,2020-05-18,1,0,,0.04341422466,0.001877277143,0.05361012179,0,temporal_sigmoid
balanced_rf,S2,2020,2020-05-16,2020-05-10,2020-05-16,2020-05-17,2020-05-19,2020-05-19,1,0,,0.1763393551,0.009272949253,0.05361012179,0,temporal_sigmoid
balanced_rf,S2,2020,2020-05-17,2020-05-11,2020-05-17,2020-05-18,2020-05-20,2020-05-20,1,0,,0.2088459688,0.01149065774,0.05361012179,0,temporal_sigmoid
balanced_rf,S2,2020,2020-05-18,2020-05-12,2020-05-18,2020-05-19,2020-05-21,2020-05-21,1,0,,0.4406317229,0.03476791532,0.05361012179,0,temporal_sigmoid
balanced_rf,S2,2020,2020-05-19,2020-05-13,2020-05-19,2020-05-20,2020-05-22,2020-05-22,1,0,,0.0126984127,0.0005100757574,0.05361012179,0,temporal_sigmoid
balanced_rf,S2,2020,2020-05-20,2020-05-14,2020-05-20,2020-05-21,2020-05-23,2020-05-23,1,0,,0.01041125541,0.000414397268,0.05361012179,0,temporal_sigmoid
balanced_rf,S2,2020,2020-05-21,2020-05-15,2020-05-21,2020-05-22,2020-05-24,2020-05-24,1,0,,0.002380952381,8.93477785e-05,0.05361012179,0,temporal_sigmoid
balanced_rf,S2,2020,2020-05-22,2020-05-16,2020-05-22,2020-05-23,2020-05-25,2020-05-25,1,0,,0,2.863403699e-08,0.05361012179,0,temporal_sigmoid
balanced_rf,S2,2020,2020-05-23,2020-05-17,2020-05-23,2020-05-24,2020-05-26,2020-05-26,1,0,,0,2.863403699e-08,0.05361012179,0,temporal_sigmoid
balanced_rf,S2,2020,2020-05-24,2020-05-18,2020-05-24,2020-05-25,2020-05-27,2020-05-27,1,0,,0.01279220779,0.0005140222386,0.05361012179,0,temporal_sigmoid
balanced_rf,S2,2020,2020-05-25,2020-05-19,2020-05-25,2020-05-26,2020-05-28,2020-05-28,1,0,,0.03472342472,0.001476676438,0.05361012179,0,temporal_sigmoid
balanced_rf,S2,2020,2020-05-26,2020-05-20,2020-05-26,2020-05-27,2020-05-29,2020-05-29,1,0,,0.02193121693,0.000906105411,0.05361012179,0,temporal_sigmoid
balanced_rf,S2,2020,2020-05-27,2020-05-21,2020-05-27,2020-05-28,2020-05-30,2020-05-30,1,0,,0.004761904762,0.000183453025,0.05361012179,0,temporal_sigmoid
balanced_rf,S2,2020,2020-05-28,2020-05-22,2020-05-28,2020-05-29,2020-05-31,2020-05-31,1,0,,0,2.863403699e-08,0.05361012179,0,temporal_sigmoid
balanced_rf,S2,2020,2020-05-29,2020-05-23,2020-05-29,2020-05-30,2020-06-01,2020-06-01,1,0,,0,2.863403699e-08,0.05361012179,0,temporal_sigmoid
balanced_rf,S2,2020,2020-05-30,2020-05-24,2020-05-30,2020-05-31,2020-06-02,2020-06-02,1,0,,0,2.863403699e-08,0.05361012179,0,temporal_sigmoid
balanced_rf,S2,2020,2020-05-31,2020-05-25,2020-05-31,2020-06-01,2020-06-03,2020-06-03,1,0,,0,2.863403699e-08,0.05361012179,0,temporal_sigmoid
balanced_rf,S2,2020,2020-06-01,2020-05-26,2020-06-01,2020-06-02,2020-06-04,2020-06-04,1,0,,0,2.863403699e-08,0.05361012179,0,temporal_sigmoid
balanced_rf,S2,2020,2020-06-02,2020-05-27,2020-06-02,2020-06-03,2020-06-05,2020-06-05,1,0,,0.09017316017,0.004201661587,0.05361012179,0,temporal_sigmoid
balanced_rf,S2,2020,2020-06-03,2020-05-28,2020-06-03,2020-06-04,2020-06-06,2020-06-06,1,0,,0,2.863403699e-08,0.05361012179,0,temporal_sigmoid
balanced_rf,S2,2020,2020-06-04,2020-05-29,2020-06-04,2020-06-05,2020-06-07,2020-06-07,1,0,,0,2.863403699e-08,0.05361012179,0,temporal_sigmoid
balanced_rf,S2,2020,2020-06-05,2020-05-30,2020-06-05,2020-06-06,2020-06-08,2020-06-08,1,0,,0,2.863403699e-08,0.05361012179,0,temporal_sigmoid
balanced_rf,S2,2020,2020-06-06,2020-05-31,2020-06-06,2020-06-07,2020-06-09,2020-06-09,1,0,,0,2.863403699e-08,0.05361012179,0,temporal_sigmoid
balanced_rf,S2,2020,2020-06-07,2020-06-01,2020-06-07,2020-06-08,2020-06-10,2020-06-10,1,0,,0.002380952381,8.93477785e-05,0.05361012179,0,temporal_sigmoid
balanced_rf,S2,2020,2020-06-08,2020-06-02,2020-06-08,2020-06-09,2020-06-11,2020-06-11,1,0,,0.002380952381,8.93477785e-05,0.05361012179,0,temporal_sigmoid
balanced_rf,S2,2020,2020-06-09,2020-06-03,2020-06-09,2020-06-10,2020-06-12,2020-06-12,1,0,,0.4380771543,0.03440967058,0.05361012179,0,temporal_sigmoid
balanced_rf,S2,2020,2020-06-10,2020-06-04,2020-06-10,2020-06-11,2020-06-13,2020-06-13,1,0,,0.002380952381,8.93477785e-05,0.05361012179,0,temporal_sigmoid
balanced_rf,S2,2020,2020-06-11,2020-06-05,2020-06-11,2020-06-12,2020-06-14,2020-06-14,1,0,,0.002380952381,8.93477785e-05,0.05361012179,0,temporal_sigmoid
balanced_rf,S2,2020,2020-06-12,2020-06-06,2020-06-12,2020-06-13,2020-06-15,2020-06-15,1,0,,0.008630952381,0.000340713289,0.05361012179,0,temporal_sigmoid
balanced_rf,S2,2020,2020-06-13,2020-06-07,2020-06-13,2020-06-14,2020-06-16,2020-06-16,1,0,,0.008630952381,0.000340713289,0.05361012179,0,temporal_sigmoid
balanced_rf,S2,2020,2020-06-14,2020-06-08,2020-06-14,2020-06-15,2020-06-17,2020-06-17,1,0,,0.008630952381,0.000340713289,0.05361012179,0,temporal_sigmoid
balanced_rf,S2,2020,2020-06-15,2020-06-09,2020-06-15,2020-06-16,2020-06-18,2020-06-18,1,0,,0.008630952381,0.000340713289,0.05361012179,0,temporal_sigmoid
balanced_rf,S2,2020,2020-06-16,2020-06-10,2020-06-16,2020-06-17,2020-06-19,2020-06-19,1,0,,0.008630952381,0.000340713289,0.05361012179,0,temporal_sigmoid
balanced_rf,S2,2020,2020-06-17,2020-06-11,2020-06-17,2020-06-18,2020-06-20,2020-06-20,1,0,,0.008630952381,0.000340713289,0.05361012179,0,temporal_sigmoid
balanced_rf,S2,2020,2020-06-18,2020-06-12,2020-06-18,2020-06-19,2020-06-21,2020-06-21,1,0,,0.00625,0.0002434120401,0.05361012179,0,temporal_sigmoid
balanced_rf,S2,2020,2020-06-19,2020-06-13,2020-06-19,2020-06-20,2020-06-22,2020-06-22,1,0,,0.00625,0.0002434120401,0.05361012179,0,temporal_sigmoid
balanced_rf,S2,2020,2020-06-20,2020-06-14,2020-06-20,2020-06-21,2020-06-23,2020-06-23,1,0,,0.008630952381,0.000340713289,0.05361012179,0,temporal_sigmoid
balanced_rf,S2,2020,2020-06-21,2020-06-15,2020-06-21,2020-06-22,2020-06-24,2020-06-24,1,0,,0.01904220779,0.0007806345444,0.05361012179,0,temporal_sigmoid
balanced_rf,S2,2020,2020-06-22,2020-06-16,2020-06-22,2020-06-23,2020-06-25,2020-06-25,1,0,,0.01577380952,0.0006403451282,0.05361012179,0,temporal_sigmoid
balanced_rf,S2,2020,2020-06-23,2020-06-17,2020-06-23,2020-06-24,2020-06-26,2020-06-26,1,0,,0.01339285714,0.0005393356303,0.05361012179,0,temporal_sigmoid
balanced_rf,S2,2020,2020-06-24,2020-06-18,2020-06-24,2020-06-25,2020-06-27,2020-06-27,1,0,,0.108992304,0.005218243385,0.05361012179,0,temporal_sigmoid
balanced_rf,S2,2020,2020-06-25,2020-06-19,2020-06-25,2020-06-26,2020-06-28,2020-06-28,1,0,,0.1960702261,0.01059694864,0.05361012179,0,temporal_sigmoid
balanced_rf,S2,2020,2020-06-26,2020-06-20,2020-06-26,2020-06-27,2020-06-29,2020-06-29,1,0,,0.009523809524,0.0003775754824,0.05361012179,0,temporal_sigmoid
balanced_rf,S2,2020,2020-06-27,2020-06-21,2020-06-27,2020-06-28,2020-06-30,2020-06-30,1,0,,0.002380952381,8.93477785e-05,0.05361012179,0,temporal_sigmoid
balanced_rf,S2,2021,2021-02-28,2021-02-22,2021-02-28,2021-03-01,2021-03-03,2021-03-03,1,0,,0.07193454693,0.003138617514,0.03640755691,0,temporal_sigmoid
balanced_rf,S2,2021,2021-03-01,2021-02-23,2021-03-01,2021-03-02,2021-03-04,2021-03-04,1,0,,0.03849691975,0.001543046518,0.03640755691,0,temporal_sigmoid
balanced_rf,S2,2021,2021-03-02,2021-02-24,2021-03-02,2021-03-03,2021-03-05,2021-03-05,1,0,,0.03403744404,0.00134492834,0.03640755691,0,temporal_sigmoid
balanced_rf,S2,2021,2021-03-03,2021-02-25,2021-03-03,2021-03-04,2021-03-06,2021-03-06,1,0,,0.0170995671,0.0006292182298,0.03640755691,0,temporal_sigmoid
balanced_rf,S2,2021,2021-03-04,2021-02-26,2021-03-04,2021-03-05,2021-03-07,2021-03-07,1,0,,0.01298701299,0.0004658111729,0.03640755691,0,temporal_sigmoid
balanced_rf,S2,2021,2021-03-05,2021-02-27,2021-03-05,2021-03-06,2021-03-08,2021-03-08,1,0,,0.03538359788,0.001404341067,0.03640755691,0,temporal_sigmoid
balanced_rf,S2,2021,2021-03-06,2021-02-28,2021-03-06,2021-03-07,2021-03-09,2021-03-09,1,0,,0.03231583232,0.001269448987,0.03640755691,0,temporal_sigmoid
balanced_rf,S2,2021,2021-03-07,2021-03-01,2021-03-07,2021-03-08,2021-03-10,2021-03-10,1,0,,0.04645909646,0.001905750069,0.03640755691,0,temporal_sigmoid
balanced_rf,S2,2021,2021-03-08,2021-03-02,2021-03-08,2021-03-09,2021-03-11,2021-03-11,1,0,,0.0350503663,0.001389601916,0.03640755691,0,temporal_sigmoid
balanced_rf,S2,2021,2021-03-09,2021-03-03,2021-03-09,2021-03-10,2021-03-12,2021-03-12,1,0,,0.05177553928,0.002154090205,0.03640755691,0,temporal_sigmoid
balanced_rf,S2,2021,2021-03-10,2021-03-04,2021-03-10,2021-03-11,2021-03-13,2021-03-13,1,0,,0.04373982499,0.001780615321,0.03640755691,0,temporal_sigmoid
balanced_rf,S2,2021,2021-03-11,2021-03-05,2021-03-11,2021-03-12,2021-03-14,2021-03-14,1,0,,0.04585622711,0.001877896069,0.03640755691,0,temporal_sigmoid
balanced_rf,S2,2021,2021-03-12,2021-03-06,2021-03-12,2021-03-13,2021-03-15,2021-03-15,1,0,,0.05832315832,0.002466509273,0.03640755691,0,temporal_sigmoid
balanced_rf,S2,2021,2021-03-13,2021-03-07,2021-03-13,2021-03-14,2021-03-16,2021-03-16,1,0,,0.02710622711,0.001044611292,0.03640755691,0,temporal_sigmoid
balanced_rf,S2,2021,2021-03-14,2021-03-08,2021-03-14,2021-03-15,2021-03-17,2021-03-17,1,0,,0.03303363303,0.001300849612,0.03640755691,0,temporal_sigmoid
balanced_rf,S2,2021,2021-03-15,2021-03-09,2021-03-15,2021-03-16,2021-03-18,2021-03-18,1,0,,0.02249458874,0.0008503089017,0.03640755691,0,temporal_sigmoid
balanced_rf,S2,2021,2021-03-16,2021-03-10,2021-03-16,2021-03-17,2021-03-19,2021-03-19,1,0,,0.03796869797,0.001519386892,0.03640755691,0,temporal_sigmoid
balanced_rf,S2,2021,2021-03-17,2021-03-11,2021-03-17,2021-03-18,2021-03-20,2021-03-20,1,0,,0.05618196618,0.002363553963,0.03640755691,0,temporal_sigmoid
balanced_rf,S2,2021,2021-03-18,2021-03-12,2021-03-18,2021-03-19,2021-03-21,2021-03-21,1,0,,0.0866549654,0.003899345119,0.03640755691,0,temporal_sigmoid
balanced_rf,S2,2021,2021-03-19,2021-03-13,2021-03-19,2021-03-20,2021-03-22,2021-03-22,1,0,,0.1224474137,0.00589635699,0.03640755691,0,temporal_sigmoid
balanced_rf,S2,2021,2021-03-20,2021-03-14,2021-03-20,2021-03-21,2021-03-23,2021-03-23,1,0,,0.2554157417,0.01539087378,0.03640755691,0,temporal_sigmoid
balanced_rf,S2,2021,2021-03-21,2021-03-15,2021-03-21,2021-03-22,2021-03-24,2021-03-24,1,0,,0.4470392108,0.03787235004,0.03640755691,1,temporal_sigmoid
balanced_rf,S2,2021,2021-03-22,2021-03-16,2021-03-22,2021-03-23,2021-03-25,2021-03-25,1,0,,0.5937606375,0.0693325109,0.03640755691,1,temporal_sigmoid
balanced_rf,S2,2021,2021-03-23,2021-03-17,2021-03-23,2021-03-24,2021-03-26,2021-03-26,1,0,,0.6931353369,0.1063988638,0.03640755691,1,temporal_sigmoid
balanced_rf,S2,2021,2021-03-24,2021-03-18,2021-03-24,2021-03-25,2021-03-27,2021-03-27,1,0,,0.6928957154,0.1062835534,0.03640755691,1,temporal_sigmoid
balanced_rf,S2,2021,2021-03-25,2021-03-19,2021-03-25,2021-03-26,2021-03-28,2021-03-28,1,0,,0.7106750194,0.115297187,0.03640755691,1,temporal_sigmoid
balanced_rf,S2,2021,2021-03-26,2021-03-20,2021-03-26,2021-03-27,2021-03-29,2021-03-29,1,0,,0.7193865394,0.1200793894,0.03640755691,1,temporal_sigmoid
balanced_rf,S2,2021,2021-03-27,2021-03-21,2021-03-27,2021-03-28,2021-03-30,2021-03-30,1,0,,0.6826757964,0.1015105487,0.03640755691,1,temporal_sigmoid
balanced_rf,S2,2021,2021-03-28,2021-03-22,2021-03-28,2021-03-29,2021-03-31,2021-03-31,1,0,,0.4913314463,0.04551153404,0.03640755691,1,temporal_sigmoid
balanced_rf,S2,2021,2021-03-29,2021-03-23,2021-03-29,2021-03-30,2021-04-01,2021-04-01,1,0,,0.3334412809,0.0229315622,0.03640755691,0,temporal_sigmoid
balanced_rf,S2,2021,2021-03-30,2021-03-24,2021-03-30,2021-03-31,2021-04-02,2021-04-02,1,0,,0.2913525364,0.01864484672,0.03640755691,0,temporal_sigmoid
balanced_rf,S2,2021,2021-03-31,2021-03-25,2021-03-31,2021-04-01,2021-04-03,2021-04-03,1,0,,0.6182164132,0.07680152173,0.03640755691,1,temporal_sigmoid
balanced_rf,S2,2021,2021-04-01,2021-03-26,2021-04-01,2021-04-02,2021-04-04,2021-04-04,1,0,,0.8754656455,0.2880305262,0.03640755691,1,temporal_sigmoid
balanced_rf,S2,2021,2021-04-02,2021-03-27,2021-04-02,2021-04-03,2021-04-05,2021-04-05,1,0,,0.6007110482,0.07136818449,0.03640755691,1,temporal_sigmoid
balanced_rf,S2,2021,2021-04-03,2021-03-28,2021-04-03,2021-04-04,2021-04-06,2021-04-06,1,0,,0.4795607171,0.04335639847,0.03640755691,1,temporal_sigmoid
balanced_rf,S2,2021,2021-04-04,2021-03-29,2021-04-04,2021-04-05,2021-04-07,2021-04-07,1,0,,0.5500487013,0.05789630965,0.03640755691,1,temporal_sigmoid
balanced_rf,S2,2021,2021-04-05,2021-03-30,2021-04-05,2021-04-06,2021-04-08,2021-04-08,1,0,,0.2446303696,0.01447943026,0.03640755691,0,temporal_sigmoid
balanced_rf,S2,2021,2021-04-06,2021-03-31,2021-04-06,2021-04-07,2021-04-09,2021-04-09,1,0,,0.1804626855,0.009603199846,0.03640755691,0,temporal_sigmoid
balanced_rf,S2,2021,2021-04-07,2021-04-01,2021-04-07,2021-04-08,2021-04-10,2021-04-10,1,0,,0.3525372313,0.02506896508,0.03640755691,0,temporal_sigmoid
balanced_rf,S2,2021,2021-04-08,2021-04-02,2021-04-08,2021-04-09,2021-04-11,2021-04-11,1,0,,0.1877409165,0.01011264118,0.03640755691,0,temporal_sigmoid
balanced_rf,S2,2021,2021-04-09,2021-04-03,2021-04-09,2021-04-10,2021-04-12,2021-04-12,1,0,,0.3322674085,0.02280431329,0.03640755691,0,temporal_sigmoid
balanced_rf,S2,2021,2021-04-10,2021-04-04,2021-04-10,2021-04-11,2021-04-13,2021-04-13,1,0,,0.4247761035,0.03447357509,0.03640755691,0,temporal_sigmoid
balanced_rf,S2,2021,2021-04-11,2021-04-05,2021-04-11,2021-04-12,2021-04-14,2021-04-14,1,1,fixed36_0040,0.684035964,0.102129846,0.03640755691,1,temporal_sigmoid
balanced_rf,S2,2021,2021-04-12,2021-04-06,2021-04-12,2021-04-13,2021-04-15,2021-04-15,1,0,,0.8715549266,0.2802744207,0.03640755691,1,temporal_sigmoid
balanced_rf,S2,2021,2021-04-13,2021-04-07,2021-04-13,2021-04-14,2021-04-16,2021-04-16,1,0,,0.8906025456,0.3214987955,0.03640755691,1,temporal_sigmoid
balanced_rf,S2,2021,2021-04-14,2021-04-08,2021-04-14,2021-04-15,2021-04-17,2021-04-17,1,0,,0.8812951863,0.3002364279,0.03640755691,1,temporal_sigmoid
balanced_rf,S2,2021,2021-04-15,2021-04-09,2021-04-15,2021-04-16,2021-04-18,2021-04-18,1,0,,0.7107573445,0.1153411947,0.03640755691,1,temporal_sigmoid
balanced_rf,S2,2021,2021-04-16,2021-04-10,2021-04-16,2021-04-17,2021-04-19,2021-04-19,1,0,,0.6890709753,0.1044644785,0.03640755691,1,temporal_sigmoid
balanced_rf,S2,2021,2021-04-17,2021-04-11,2021-04-17,2021-04-18,2021-04-20,2021-04-20,1,0,,0.3126414789,0.0207440791,0.03640755691,0,temporal_sigmoid
balanced_rf,S2,2021,2021-04-18,2021-04-12,2021-04-18,2021-04-19,2021-04-21,2021-04-21,1,1,fixed36_0041,0.321475284,0.0216559626,0.03640755691,0,temporal_sigmoid
balanced_rf,S2,2021,2021-04-19,2021-04-13,2021-04-19,2021-04-20,2021-04-22,2021-04-22,1,0,,0.6966174104,0.1080927758,0.03640755691,1,temporal_sigmoid
balanced_rf,S2,2021,2021-04-20,2021-04-14,2021-04-20,2021-04-21,2021-04-23,2021-04-23,1,0,,0.9416224054,0.4974275589,0.03640755691,1,temporal_sigmoid
balanced_rf,S2,2021,2021-04-21,2021-04-15,2021-04-21,2021-04-22,2021-04-24,2021-04-24,1,0,,0.9056751119,0.3614411961,0.03640755691,1,temporal_sigmoid
balanced_rf,S2,2021,2021-04-22,2021-04-16,2021-04-22,2021-04-23,2021-04-25,2021-04-25,1,0,,0.3793347856,0.02829752295,0.03640755691,0,temporal_sigmoid
balanced_rf,S2,2021,2021-04-23,2021-04-17,2021-04-23,2021-04-24,2021-04-26,2021-04-26,1,1,fixed36_0042,0.3848496873,0.02899772709,0.03640755691,0,temporal_sigmoid
balanced_rf,S2,2021,2021-04-24,2021-04-18,2021-04-24,2021-04-25,2021-04-27,2021-04-27,1,1,fixed36_0042,0.6816282329,0.1010368176,0.03640755691,1,temporal_sigmoid
balanced_rf,S2,2021,2021-04-25,2021-04-19,2021-04-25,2021-04-26,2021-04-28,2021-04-28,1,1,fixed36_0042,0.8968416768,0.3371298198,0.03640755691,1,temporal_sigmoid
balanced_rf,S2,2021,2021-04-26,2021-04-20,2021-04-26,2021-04-27,2021-04-29,2021-04-29,1,1,fixed36_0042,0.9291071429,0.4417772324,0.03640755691,1,temporal_sigmoid
balanced_rf,S2,2021,2021-04-27,2021-04-21,2021-04-27,2021-04-28,2021-04-30,2021-04-30,1,0,,0.9367596755,0.4745069476,0.03640755691,1,temporal_sigmoid
balanced_rf,S2,2021,2021-04-28,2021-04-22,2021-04-28,2021-04-29,2021-05-01,2021-05-01,1,0,,0.9032189107,0.3544047571,0.03640755691,1,temporal_sigmoid
balanced_rf,S2,2021,2021-04-29,2021-04-23,2021-04-29,2021-04-30,2021-05-02,2021-05-02,1,0,,0.902288776,0.3517975853,0.03640755691,1,temporal_sigmoid
balanced_rf,S2,2021,2021-04-30,2021-04-24,2021-04-30,2021-05-01,2021-05-03,2021-05-03,1,0,,0.8782994783,0.2938641782,0.03640755691,1,temporal_sigmoid
balanced_rf,S2,2021,2021-05-01,2021-04-25,2021-05-01,2021-05-02,2021-05-04,2021-05-04,1,0,,0.6643949569,0.09362694946,0.03640755691,1,temporal_sigmoid
balanced_rf,S2,2021,2021-05-02,2021-04-26,2021-05-02,2021-05-03,2021-05-05,2021-05-05,1,0,,0.6178286991,0.07667616781,0.03640755691,1,temporal_sigmoid
balanced_rf,S2,2021,2021-05-03,2021-04-27,2021-05-03,2021-05-04,2021-05-06,2021-05-06,1,0,,0.1798420098,0.009560238103,0.03640755691,0,temporal_sigmoid
balanced_rf,S2,2021,2021-05-04,2021-04-28,2021-05-04,2021-05-05,2021-05-07,2021-05-07,1,0,,0.06306369556,0.002697147354,0.03640755691,0,temporal_sigmoid
balanced_rf,S2,2021,2021-05-05,2021-04-29,2021-05-05,2021-05-06,2021-05-08,2021-05-08,1,0,,0.08811304436,0.003976603244,0.03640755691,0,temporal_sigmoid
balanced_rf,S2,2021,2021-05-06,2021-04-30,2021-05-06,2021-05-07,2021-05-09,2021-05-09,1,0,,0.0701048026,0.003046509469,0.03640755691,0,temporal_sigmoid
balanced_rf,S2,2021,2021-05-07,2021-05-01,2021-05-07,2021-05-08,2021-05-10,2021-05-10,1,0,,0.05242063492,0.002184551353,0.03640755691,0,temporal_sigmoid
balanced_rf,S2,2021,2021-05-08,2021-05-02,2021-05-08,2021-05-09,2021-05-11,2021-05-11,1,0,,0.06851370851,0.002966856834,0.03640755691,0,temporal_sigmoid
balanced_rf,S2,2021,2021-05-09,2021-05-03,2021-05-09,2021-05-10,2021-05-12,2021-05-12,1,0,,0.03023809524,0.001179124803,0.03640755691,0,temporal_sigmoid
balanced_rf,S2,2021,2021-05-10,2021-05-04,2021-05-10,2021-05-11,2021-05-13,2021-05-13,1,0,,0.0230952381,0.0008753509779,0.03640755691,0,temporal_sigmoid
balanced_rf,S2,2021,2021-05-11,2021-05-05,2021-05-11,2021-05-12,2021-05-14,2021-05-14,1,0,,0.004761904762,0.0001566967167,0.03640755691,0,temporal_sigmoid
balanced_rf,S2,2021,2021-05-12,2021-05-06,2021-05-12,2021-05-13,2021-05-15,2021-05-15,1,0,,0.02563492063,0.0009821204217,0.03640755691,0,temporal_sigmoid
balanced_rf,S2,2021,2021-05-13,2021-05-07,2021-05-13,2021-05-14,2021-05-16,2021-05-16,1,0,,0.04142857143,0.001675279913,0.03640755691,0,temporal_sigmoid
balanced_rf,S2,2021,2021-05-14,2021-05-08,2021-05-14,2021-05-15,2021-05-17,2021-05-17,1,0,,0.02398809524,0.0009127254349,0.03640755691,0,temporal_sigmoid
balanced_rf,S2,2021,2021-05-15,2021-05-09,2021-05-15,2021-05-16,2021-05-18,2021-05-18,1,0,,0.06413961039,0.002750007554,0.03640755691,0,temporal_sigmoid
balanced_rf,S2,2021,2021-05-16,2021-05-10,2021-05-16,2021-05-17,2021-05-19,2021-05-19,1,0,,0.1021596922,0.004738562363,0.03640755691,0,temporal_sigmoid
balanced_rf,S2,2021,2021-05-17,2021-05-11,2021-05-17,2021-05-18,2021-05-20,2021-05-20,1,0,,0.2241408129,0.01282429058,0.03640755691,0,temporal_sigmoid
balanced_rf,S2,2021,2021-05-18,2021-05-12,2021-05-18,2021-05-19,2021-05-21,2021-05-21,1,0,,0.1976432826,0.01082280737,0.03640755691,0,temporal_sigmoid
balanced_rf,S2,2021,2021-05-19,2021-05-13,2021-05-19,2021-05-20,2021-05-22,2021-05-22,1,0,,0.06628986754,0.002856218145,0.03640755691,0,temporal_sigmoid
balanced_rf,S2,2021,2021-05-20,2021-05-14,2021-05-20,2021-05-21,2021-05-23,2021-05-23,1,0,,0.1424750712,0.007107697558,0.03640755691,0,temporal_sigmoid
balanced_rf,S2,2021,2021-05-21,2021-05-15,2021-05-21,2021-05-22,2021-05-24,2021-05-24,1,0,,0.2710191198,0.01676136069,0.03640755691,0,temporal_sigmoid
balanced_rf,S2,2021,2021-05-22,2021-05-16,2021-05-22,2021-05-23,2021-05-25,2021-05-25,1,0,,0.6966414604,0.1081045955,0.03640755691,1,temporal_sigmoid
balanced_rf,S2,2021,2021-05-23,2021-05-17,2021-05-23,2021-05-24,2021-05-26,2021-05-26,1,0,,0.8221967847,0.2048568209,0.03640755691,1,temporal_sigmoid
balanced_rf,S2,2021,2021-05-24,2021-05-18,2021-05-24,2021-05-25,2021-05-27,2021-05-27,1,0,,0.5920077608,0.06882940302,0.03640755691,1,temporal_sigmoid
balanced_rf,S2,2021,2021-05-25,2021-05-19,2021-05-25,2021-05-26,2021-05-28,2021-05-28,1,0,,0.2971720872,0.01920532617,0.03640755691,0,temporal_sigmoid
balanced_rf,S2,2021,2021-05-26,2021-05-20,2021-05-26,2021-05-27,2021-05-29,2021-05-29,1,0,,0.1580887631,0.008101093191,0.03640755691,0,temporal_sigmoid
balanced_rf,S2,2021,2021-05-27,2021-05-21,2021-05-27,2021-05-28,2021-05-30,2021-05-30,1,0,,0.1332753358,0.006542656206,0.03640755691,0,temporal_sigmoid
balanced_rf,S2,2021,2021-05-28,2021-05-22,2021-05-28,2021-05-29,2021-05-31,2021-05-31,1,0,,0.04934981685,0.002040180541,0.03640755691,0,temporal_sigmoid
balanced_rf,S2,2021,2021-05-29,2021-05-23,2021-05-29,2021-05-30,2021-06-01,2021-06-01,1,0,,0.1084014597,0.005087496729,0.03640755691,0,temporal_sigmoid
balanced_rf,S2,2021,2021-05-30,2021-05-24,2021-05-30,2021-05-31,2021-06-02,2021-06-02,1,0,,0.1199945887,0.005752724239,0.03640755691,0,temporal_sigmoid
balanced_rf,S2,2021,2021-05-31,2021-05-25,2021-05-31,2021-06-01,2021-06-03,2021-06-03,1,0,,0,1.701750431e-08,0.03640755691,0,temporal_sigmoid
balanced_rf,S2,2021,2021-06-01,2021-05-26,2021-06-01,2021-06-02,2021-06-04,2021-06-04,1,0,,0,1.701750431e-08,0.03640755691,0,temporal_sigmoid
balanced_rf,S2,2021,2021-06-02,2021-05-27,2021-06-02,2021-06-03,2021-06-05,2021-06-05,1,0,,0.002083333333,6.413210227e-05,0.03640755691,0,temporal_sigmoid
balanced_rf,S2,2021,2021-06-03,2021-05-28,2021-06-03,2021-06-04,2021-06-06,2021-06-06,1,0,,0.03692099567,0.001472611027,0.03640755691,0,temporal_sigmoid
balanced_rf,S2,2021,2021-06-04,2021-05-29,2021-06-04,2021-06-05,2021-06-07,2021-06-07,1,0,,0.1757208995,0.009276885267,0.03640755691,0,temporal_sigmoid
balanced_rf,S2,2021,2021-06-05,2021-05-30,2021-06-05,2021-06-06,2021-06-08,2021-06-08,1,0,,0.01666666667,0.0006117949262,0.03640755691,0,temporal_sigmoid
balanced_rf,S2,2021,2021-06-06,2021-05-31,2021-06-06,2021-06-07,2021-06-09,2021-06-09,1,0,,0,1.701750431e-08,0.03640755691,0,temporal_sigmoid
balanced_rf,S2,2021,2021-06-07,2021-06-01,2021-06-07,2021-06-08,2021-06-10,2021-06-10,1,0,,0.002380952381,7.407715119e-05,0.03640755691,0,temporal_sigmoid
balanced_rf,S2,2021,2021-06-08,2021-06-02,2021-06-08,2021-06-09,2021-06-11,2021-06-11,1,0,,0,1.701750431e-08,0.03640755691,0,temporal_sigmoid
balanced_rf,S2,2021,2021-06-09,2021-06-03,2021-06-09,2021-06-10,2021-06-12,2021-06-12,1,0,,0,1.701750431e-08,0.03640755691,0,temporal_sigmoid
balanced_rf,S2,2021,2021-06-10,2021-06-04,2021-06-10,2021-06-11,2021-06-13,2021-06-13,1,0,,0,1.701750431e-08,0.03640755691,0,temporal_sigmoid
balanced_rf,S2,2021,2021-06-11,2021-06-05,2021-06-11,2021-06-12,2021-06-14,2021-06-14,1,0,,0.002380952381,7.407715119e-05,0.03640755691,0,temporal_sigmoid
balanced_rf,S2,2021,2021-06-12,2021-06-06,2021-06-12,2021-06-13,2021-06-15,2021-06-15,1,0,,0,1.701750431e-08,0.03640755691,0,temporal_sigmoid
balanced_rf,S2,2021,2021-06-13,2021-06-07,2021-06-13,2021-06-14,2021-06-16,2021-06-16,1,0,,0.004464285714,0.0001461267813,0.03640755691,0,temporal_sigmoid
balanced_rf,S2,2021,2021-06-14,2021-06-08,2021-06-14,2021-06-15,2021-06-17,2021-06-17,1,0,,0.008928571429,0.0003097811805,0.03640755691,0,temporal_sigmoid
balanced_rf,S2,2021,2021-06-15,2021-06-09,2021-06-15,2021-06-16,2021-06-18,2021-06-18,1,0,,0.006845238095,0.0002321642172,0.03640755691,0,temporal_sigmoid
balanced_rf,S2,2021,2021-06-16,2021-06-10,2021-06-16,2021-06-17,2021-06-19,2021-06-19,1,0,,0.002380952381,7.407715119e-05,0.03640755691,0,temporal_sigmoid
balanced_rf,S2,2021,2021-06-17,2021-06-11,2021-06-17,2021-06-18,2021-06-20,2021-06-20,1,0,,0.01339285714,0.0004817171769,0.03640755691,0,temporal_sigmoid
balanced_rf,S2,2021,2021-06-18,2021-06-12,2021-06-18,2021-06-19,2021-06-21,2021-06-21,1,0,,0.01339285714,0.0004817171769,0.03640755691,0,temporal_sigmoid
balanced_rf,S2,2021,2021-06-19,2021-06-13,2021-06-19,2021-06-20,2021-06-22,2021-06-22,1,0,,0,1.701750431e-08,0.03640755691,0,temporal_sigmoid
balanced_rf,S2,2021,2021-06-20,2021-06-14,2021-06-20,2021-06-21,2021-06-23,2021-06-23,1,0,,0,1.701750431e-08,0.03640755691,0,temporal_sigmoid
balanced_rf,S2,2021,2021-06-21,2021-06-15,2021-06-21,2021-06-22,2021-06-24,2021-06-24,1,0,,0,1.701750431e-08,0.03640755691,0,temporal_sigmoid
balanced_rf,S2,2021,2021-06-22,2021-06-16,2021-06-22,2021-06-23,2021-06-25,2021-06-25,1,0,,0,1.701750431e-08,0.03640755691,0,temporal_sigmoid
balanced_rf,S2,2021,2021-06-23,2021-06-17,2021-06-23,2021-06-24,2021-06-26,2021-06-26,1,0,,0,1.701750431e-08,0.03640755691,0,temporal_sigmoid
balanced_rf,S2,2021,2021-06-24,2021-06-18,2021-06-24,2021-06-25,2021-06-27,2021-06-27,1,0,,0,1.701750431e-08,0.03640755691,0,temporal_sigmoid
balanced_rf,S2,2021,2021-06-25,2021-06-19,2021-06-25,2021-06-26,2021-06-28,2021-06-28,1,0,,0.009464285714,0.0003300355296,0.03640755691,0,temporal_sigmoid
balanced_rf,S2,2021,2021-06-26,2021-06-20,2021-06-26,2021-06-27,2021-06-29,2021-06-29,1,0,,0.004464285714,0.0001461267813,0.03640755691,0,temporal_sigmoid
balanced_rf,S2,2021,2021-06-27,2021-06-21,2021-06-27,2021-06-28,2021-06-30,2021-06-30,1,0,,0.006845238095,0.0002321642172,0.03640755691,0,temporal_sigmoid
balanced_rf,S2,2022,2022-02-28,2022-02-22,2022-02-28,2022-03-01,2022-03-03,2022-03-03,1,0,,0,3.591474356e-08,0.02641274783,0,temporal_sigmoid
balanced_rf,S2,2022,2022-03-01,2022-02-23,2022-03-01,2022-03-02,2022-03-04,2022-03-04,1,0,,0,3.591474356e-08,0.02641274783,0,temporal_sigmoid
balanced_rf,S2,2022,2022-03-02,2022-02-24,2022-03-02,2022-03-03,2022-03-05,2022-03-05,1,0,,0.004166666667,0.0001464277134,0.02641274783,0,temporal_sigmoid
balanced_rf,S2,2022,2022-03-03,2022-02-25,2022-03-03,2022-03-04,2022-03-06,2022-03-06,1,0,,0.001388888889,4.884412099e-05,0.02641274783,0,temporal_sigmoid
balanced_rf,S2,2022,2022-03-04,2022-02-26,2022-03-04,2022-03-05,2022-03-07,2022-03-07,1,0,,0.004166666667,0.0001464277134,0.02641274783,0,temporal_sigmoid
balanced_rf,S2,2022,2022-03-05,2022-02-27,2022-03-05,2022-03-06,2022-03-08,2022-03-08,1,0,,0.004166666667,0.0001464277134,0.02641274783,0,temporal_sigmoid
balanced_rf,S2,2022,2022-03-06,2022-02-28,2022-03-06,2022-03-07,2022-03-09,2022-03-09,1,0,,0.004166666667,0.0001464277134,0.02641274783,0,temporal_sigmoid
balanced_rf,S2,2022,2022-03-07,2022-03-01,2022-03-07,2022-03-08,2022-03-10,2022-03-10,1,0,,0,3.591474356e-08,0.02641274783,0,temporal_sigmoid
balanced_rf,S2,2022,2022-03-08,2022-03-02,2022-03-08,2022-03-09,2022-03-11,2022-03-11,1,0,,0,3.591474356e-08,0.02641274783,0,temporal_sigmoid
balanced_rf,S2,2022,2022-03-09,2022-03-03,2022-03-09,2022-03-10,2022-03-12,2022-03-12,1,0,,0,3.591474356e-08,0.02641274783,0,temporal_sigmoid
balanced_rf,S2,2022,2022-03-10,2022-03-04,2022-03-10,2022-03-11,2022-03-13,2022-03-13,1,0,,0,3.591474356e-08,0.02641274783,0,temporal_sigmoid
balanced_rf,S2,2022,2022-03-11,2022-03-05,2022-03-11,2022-03-12,2022-03-14,2022-03-14,1,0,,0.004166666667,0.0001464277134,0.02641274783,0,temporal_sigmoid
balanced_rf,S2,2022,2022-03-12,2022-03-06,2022-03-12,2022-03-13,2022-03-15,2022-03-15,1,0,,0.01354166667,0.0004784938219,0.02641274783,0,temporal_sigmoid
balanced_rf,S2,2022,2022-03-13,2022-03-07,2022-03-13,2022-03-14,2022-03-16,2022-03-16,1,0,,0.01855374396,0.0006581738434,0.02641274783,0,temporal_sigmoid
balanced_rf,S2,2022,2022-03-14,2022-03-08,2022-03-14,2022-03-15,2022-03-17,2022-03-17,1,0,,0.3331089131,0.01693489507,0.02641274783,0,temporal_sigmoid
balanced_rf,S2,2022,2022-03-15,2022-03-09,2022-03-15,2022-03-16,2022-03-18,2022-03-18,1,0,,0.3165868922,0.01572875664,0.02641274783,0,temporal_sigmoid
balanced_rf,S2,2022,2022-03-16,2022-03-10,2022-03-16,2022-03-17,2022-03-19,2022-03-19,1,0,,0.5196869705,0.03589019944,0.02641274783,1,temporal_sigmoid
balanced_rf,S2,2022,2022-03-17,2022-03-11,2022-03-17,2022-03-18,2022-03-20,2022-03-20,1,0,,0.6849591244,0.06945905915,0.02641274783,1,temporal_sigmoid
balanced_rf,S2,2022,2022-03-18,2022-03-12,2022-03-18,2022-03-19,2022-03-21,2022-03-21,1,0,,0.6978376299,0.07345089988,0.02641274783,1,temporal_sigmoid
balanced_rf,S2,2022,2022-03-19,2022-03-13,2022-03-19,2022-03-20,2022-03-22,2022-03-22,1,0,,0.7100433445,0.07752511612,0.02641274783,1,temporal_sigmoid
balanced_rf,S2,2022,2022-03-20,2022-03-14,2022-03-20,2022-03-21,2022-03-23,2022-03-23,1,0,,0.5656192768,0.04285625901,0.02641274783,1,temporal_sigmoid
balanced_rf,S2,2022,2022-03-21,2022-03-15,2022-03-21,2022-03-22,2022-03-24,2022-03-24,1,0,,0.1984004191,0.008481967935,0.02641274783,0,temporal_sigmoid
balanced_rf,S2,2022,2022-03-22,2022-03-16,2022-03-22,2022-03-23,2022-03-25,2022-03-25,1,0,,0.1700881797,0.007037832436,0.02641274783,0,temporal_sigmoid
balanced_rf,S2,2022,2022-03-23,2022-03-17,2022-03-23,2022-03-24,2022-03-26,2022-03-26,1,0,,0.7275020298,0.08391275299,0.02641274783,1,temporal_sigmoid
balanced_rf,S2,2022,2022-03-24,2022-03-18,2022-03-24,2022-03-25,2022-03-27,2022-03-27,1,0,,0.1641066484,0.006744626886,0.02641274783,0,temporal_sigmoid
balanced_rf,S2,2022,2022-03-25,2022-03-19,2022-03-25,2022-03-26,2022-03-28,2022-03-28,1,0,,0.13387345,0.005321552568,0.02641274783,0,temporal_sigmoid
balanced_rf,S2,2022,2022-03-26,2022-03-20,2022-03-26,2022-03-27,2022-03-29,2022-03-29,1,0,,0.04854956336,0.001769129147,0.02641274783,0,temporal_sigmoid
balanced_rf,S2,2022,2022-03-27,2022-03-21,2022-03-27,2022-03-28,2022-03-30,2022-03-30,1,0,,0.04993845225,0.001822136271,0.02641274783,0,temporal_sigmoid
balanced_rf,S2,2022,2022-03-28,2022-03-22,2022-03-28,2022-03-29,2022-03-31,2022-03-31,1,0,,0.05745520558,0.0021115443,0.02641274783,0,temporal_sigmoid
balanced_rf,S2,2022,2022-03-29,2022-03-23,2022-03-29,2022-03-30,2022-04-01,2022-04-01,1,0,,0.008831521739,0.0003110452813,0.02641274783,0,temporal_sigmoid
balanced_rf,S2,2022,2022-03-30,2022-03-24,2022-03-30,2022-03-31,2022-04-02,2022-04-02,1,0,,0.01299818841,0.0004591049296,0.02641274783,0,temporal_sigmoid
balanced_rf,S2,2022,2022-03-31,2022-03-25,2022-03-31,2022-04-01,2022-04-03,2022-04-03,1,0,,0.2668600676,0.0124098606,0.02641274783,0,temporal_sigmoid
balanced_rf,S2,2022,2022-04-01,2022-03-26,2022-04-01,2022-04-02,2022-04-04,2022-04-04,1,0,,0.3048587533,0.01490551348,0.02641274783,0,temporal_sigmoid
balanced_rf,S2,2022,2022-04-02,2022-03-27,2022-04-02,2022-04-03,2022-04-05,2022-04-05,1,0,,0.03611083427,0.001300735704,0.02641274783,0,temporal_sigmoid
balanced_rf,S2,2022,2022-04-03,2022-03-28,2022-04-03,2022-04-04,2022-04-06,2022-04-06,1,0,,0.01299818841,0.0004591049296,0.02641274783,0,temporal_sigmoid
balanced_rf,S2,2022,2022-04-04,2022-03-29,2022-04-04,2022-04-05,2022-04-07,2022-04-07,1,0,,0.01716485507,0.0006082232752,0.02641274783,0,temporal_sigmoid
balanced_rf,S2,2022,2022-04-05,2022-03-30,2022-04-05,2022-04-06,2022-04-08,2022-04-08,1,0,,0.3350085102,0.01707719729,0.02641274783,0,temporal_sigmoid
balanced_rf,S2,2022,2022-04-06,2022-03-31,2022-04-06,2022-04-07,2022-04-09,2022-04-09,1,0,,0.0857353351,0.003240345563,0.02641274783,0,temporal_sigmoid
balanced_rf,S2,2022,2022-04-07,2022-04-01,2022-04-07,2022-04-08,2022-04-10,2022-04-10,1,0,,0.3950917158,0.0220115782,0.02641274783,0,temporal_sigmoid
balanced_rf,S2,2022,2022-04-08,2022-04-02,2022-04-08,2022-04-09,2022-04-11,2022-04-11,1,0,,0.408586842,0.0232493519,0.02641274783,0,temporal_sigmoid
balanced_rf,S2,2022,2022-04-09,2022-04-03,2022-04-09,2022-04-10,2022-04-12,2022-04-12,1,0,,0.3495188016,0.01819006156,0.02641274783,0,temporal_sigmoid
balanced_rf,S2,2022,2022-04-10,2022-04-04,2022-04-10,2022-04-11,2022-04-13,2022-04-13,1,0,,0.4566033024,0.02811940013,0.02641274783,1,temporal_sigmoid
balanced_rf,S2,2022,2022-04-11,2022-04-05,2022-04-11,2022-04-12,2022-04-14,2022-04-14,1,0,,0.4557557131,0.02802646677,0.02641274783,1,temporal_sigmoid
balanced_rf,S2,2022,2022-04-12,2022-04-06,2022-04-12,2022-04-13,2022-04-15,2022-04-15,1,0,,0.1088550098,0.004213322052,0.02641274783,0,temporal_sigmoid
balanced_rf,S2,2022,2022-04-13,2022-04-07,2022-04-13,2022-04-14,2022-04-16,2022-04-16,1,0,,0.07022701302,0.002613328777,0.02641274783,0,temporal_sigmoid
balanced_rf,S2,2022,2022-04-14,2022-04-08,2022-04-14,2022-04-15,2022-04-17,2022-04-17,1,0,,0.07597110553,0.002843254625,0.02641274783,0,temporal_sigmoid
balanced_rf,S2,2022,2022-04-15,2022-04-09,2022-04-15,2022-04-16,2022-04-18,2022-04-18,1,0,,0.6298588758,0.05523617313,0.02641274783,1,temporal_sigmoid
balanced_rf,S2,2022,2022-04-16,2022-04-10,2022-04-16,2022-04-17,2022-04-19,2022-04-19,1,0,,0.5690867417,0.04343765548,0.02641274783,1,temporal_sigmoid
balanced_rf,S2,2022,2022-04-17,2022-04-11,2022-04-17,2022-04-18,2022-04-20,2022-04-20,1,0,,0.5003364456,0.03331243716,0.02641274783,1,temporal_sigmoid
balanced_rf,S2,2022,2022-04-18,2022-04-12,2022-04-18,2022-04-19,2022-04-21,2022-04-21,1,0,,0.5451979059,0.03959851941,0.02641274783,1,temporal_sigmoid
balanced_rf,S2,2022,2022-04-19,2022-04-13,2022-04-19,2022-04-20,2022-04-22,2022-04-22,1,0,,0.4648550007,0.02903852561,0.02641274783,1,temporal_sigmoid
balanced_rf,S2,2022,2022-04-20,2022-04-14,2022-04-20,2022-04-21,2022-04-23,2022-04-23,1,0,,0.01299818841,0.0004591049296,0.02641274783,0,temporal_sigmoid
balanced_rf,S2,2022,2022-04-21,2022-04-15,2022-04-21,2022-04-22,2022-04-24,2022-04-24,1,0,,0.009375,0.0003302998147,0.02641274783,0,temporal_sigmoid
balanced_rf,S2,2022,2022-04-22,2022-04-16,2022-04-22,2022-04-23,2022-04-25,2022-04-25,1,0,,0.004166666667,0.0001464277134,0.02641274783,0,temporal_sigmoid
balanced_rf,S2,2022,2022-04-23,2022-04-17,2022-04-23,2022-04-24,2022-04-26,2022-04-26,1,0,,0.2934282725,0.01412806862,0.02641274783,0,temporal_sigmoid
balanced_rf,S2,2022,2022-04-24,2022-04-18,2022-04-24,2022-04-25,2022-04-27,2022-04-27,1,0,,0.4813015403,0.0309517839,0.02641274783,1,temporal_sigmoid
balanced_rf,S2,2022,2022-04-25,2022-04-19,2022-04-25,2022-04-26,2022-04-28,2022-04-28,1,0,,0.4762791922,0.03035563097,0.02641274783,1,temporal_sigmoid
balanced_rf,S2,2022,2022-04-26,2022-04-20,2022-04-26,2022-04-27,2022-04-29,2022-04-29,1,0,,0.5026612612,0.03361227192,0.02641274783,1,temporal_sigmoid
balanced_rf,S2,2022,2022-04-27,2022-04-21,2022-04-27,2022-04-28,2022-04-30,2022-04-30,1,0,,0.4495113122,0.02735005938,0.02641274783,1,temporal_sigmoid
balanced_rf,S2,2022,2022-04-28,2022-04-22,2022-04-28,2022-04-29,2022-05-01,2022-05-01,1,0,,0.4070078498,0.02310179229,0.02641274783,0,temporal_sigmoid
balanced_rf,S2,2022,2022-04-29,2022-04-23,2022-04-29,2022-04-30,2022-05-02,2022-05-02,1,0,,0.6823655231,0.06869028581,0.02641274783,1,temporal_sigmoid
balanced_rf,S2,2022,2022-04-30,2022-04-24,2022-04-30,2022-05-01,2022-05-03,2022-05-03,1,0,,0.4973156282,0.03292669494,0.02641274783,1,temporal_sigmoid
balanced_rf,S2,2022,2022-05-01,2022-04-25,2022-05-01,2022-05-02,2022-05-04,2022-05-04,1,0,,0.2335115302,0.01041330914,0.02641274783,0,temporal_sigmoid
balanced_rf,S2,2022,2022-05-02,2022-04-26,2022-05-02,2022-05-03,2022-05-05,2022-05-05,1,0,,0.06265383882,0.002314241306,0.02641274783,0,temporal_sigmoid
balanced_rf,S2,2022,2022-05-03,2022-04-27,2022-05-03,2022-05-04,2022-05-06,2022-05-06,1,0,,0.01160929952,0.0004096372361,0.02641274783,0,temporal_sigmoid
balanced_rf,S2,2022,2022-05-04,2022-04-28,2022-05-04,2022-05-05,2022-05-07,2022-05-07,1,0,,0.007986111111,0.0002811268257,0.02641274783,0,temporal_sigmoid
balanced_rf,S2,2022,2022-05-05,2022-04-29,2022-05-05,2022-05-06,2022-05-08,2022-05-08,1,0,,0.001388888889,4.884412099e-05,0.02641274783,0,temporal_sigmoid
balanced_rf,S2,2022,2022-05-06,2022-04-30,2022-05-06,2022-05-07,2022-05-09,2022-05-09,1,0,,0,3.591474356e-08,0.02641274783,0,temporal_sigmoid
balanced_rf,S2,2022,2022-05-07,2022-05-01,2022-05-07,2022-05-08,2022-05-10,2022-05-10,1,0,,0.001388888889,4.884412099e-05,0.02641274783,0,temporal_sigmoid
balanced_rf,S2,2022,2022-05-08,2022-05-02,2022-05-08,2022-05-09,2022-05-11,2022-05-11,1,0,,0.3914999253,0.02169084336,0.02641274783,0,temporal_sigmoid
balanced_rf,S2,2022,2022-05-09,2022-05-03,2022-05-09,2022-05-10,2022-05-12,2022-05-12,1,0,,0,3.591474356e-08,0.02641274783,0,temporal_sigmoid
balanced_rf,S2,2022,2022-05-10,2022-05-04,2022-05-10,2022-05-11,2022-05-13,2022-05-13,1,0,,0,3.591474356e-08,0.02641274783,0,temporal_sigmoid
balanced_rf,S2,2022,2022-05-11,2022-05-05,2022-05-11,2022-05-12,2022-05-14,2022-05-14,1,0,,0,3.591474356e-08,0.02641274783,0,temporal_sigmoid
balanced_rf,S2,2022,2022-05-12,2022-05-06,2022-05-12,2022-05-13,2022-05-15,2022-05-15,1,0,,0,3.591474356e-08,0.02641274783,0,temporal_sigmoid
balanced_rf,S2,2022,2022-05-13,2022-05-07,2022-05-13,2022-05-14,2022-05-16,2022-05-16,1,0,,0.001388888889,4.884412099e-05,0.02641274783,0,temporal_sigmoid
balanced_rf,S2,2022,2022-05-14,2022-05-08,2022-05-14,2022-05-15,2022-05-17,2022-05-17,1,0,,0.004166666667,0.0001464277134,0.02641274783,0,temporal_sigmoid
balanced_rf,S2,2022,2022-05-15,2022-05-09,2022-05-15,2022-05-16,2022-05-18,2022-05-18,1,0,,0.2472008839,0.01121257749,0.02641274783,0,temporal_sigmoid
balanced_rf,S2,2022,2022-05-16,2022-05-10,2022-05-16,2022-05-17,2022-05-19,2022-05-19,1,0,,0.3862992488,0.02123270321,0.02641274783,0,temporal_sigmoid
balanced_rf,S2,2022,2022-05-17,2022-05-11,2022-05-17,2022-05-18,2022-05-20,2022-05-20,1,0,,0.05955129859,0.002193019125,0.02641274783,0,temporal_sigmoid
balanced_rf,S2,2022,2022-05-18,2022-05-12,2022-05-18,2022-05-19,2022-05-21,2022-05-21,1,0,,0.2322949791,0.01034358844,0.02641274783,0,temporal_sigmoid
balanced_rf,S2,2022,2022-05-19,2022-05-13,2022-05-19,2022-05-20,2022-05-22,2022-05-22,1,0,,0.01526063184,0.0005399391402,0.02641274783,0,temporal_sigmoid
balanced_rf,S2,2022,2022-05-20,2022-05-14,2022-05-20,2022-05-21,2022-05-23,2022-05-23,1,0,,0.03812859673,0.001375954207,0.02641274783,0,temporal_sigmoid
balanced_rf,S2,2022,2022-05-21,2022-05-15,2022-05-21,2022-05-22,2022-05-24,2022-05-24,1,0,,0.01022041063,0.0003602850017,0.02641274783,0,temporal_sigmoid
balanced_rf,S2,2022,2022-05-22,2022-05-16,2022-05-22,2022-05-23,2022-05-25,2022-05-25,1,0,,0.01022041063,0.0003602850017,0.02641274783,0,temporal_sigmoid
balanced_rf,S2,2022,2022-05-23,2022-05-17,2022-05-23,2022-05-24,2022-05-26,2022-05-26,1,0,,0.01076388889,0.0003795831695,0.02641274783,0,temporal_sigmoid
balanced_rf,S2,2022,2022-05-24,2022-05-18,2022-05-24,2022-05-25,2022-05-27,2022-05-27,1,0,,0.242697791,0.01094663395,0.02641274783,0,temporal_sigmoid
balanced_rf,S2,2022,2022-05-25,2022-05-19,2022-05-25,2022-05-26,2022-05-28,2022-05-28,1,0,,0,3.591474356e-08,0.02641274783,0,temporal_sigmoid
balanced_rf,S2,2022,2022-05-26,2022-05-20,2022-05-26,2022-05-27,2022-05-29,2022-05-29,1,0,,0,3.591474356e-08,0.02641274783,0,temporal_sigmoid
balanced_rf,S2,2022,2022-05-27,2022-05-21,2022-05-27,2022-05-28,2022-05-30,2022-05-30,1,0,,0,3.591474356e-08,0.02641274783,0,temporal_sigmoid
balanced_rf,S2,2022,2022-05-28,2022-05-22,2022-05-28,2022-05-29,2022-05-31,2022-05-31,1,0,,0.005208333333,0.0001830927371,0.02641274783,0,temporal_sigmoid
balanced_rf,S2,2022,2022-05-29,2022-05-23,2022-05-29,2022-05-30,2022-06-01,2022-06-01,1,0,,0,3.591474356e-08,0.02641274783,0,temporal_sigmoid
balanced_rf,S2,2022,2022-05-30,2022-05-24,2022-05-30,2022-05-31,2022-06-02,2022-06-02,1,0,,0,3.591474356e-08,0.02641274783,0,temporal_sigmoid
balanced_rf,S2,2022,2022-05-31,2022-05-25,2022-05-31,2022-06-01,2022-06-03,2022-06-03,1,0,,0.001388888889,4.884412099e-05,0.02641274783,0,temporal_sigmoid
balanced_rf,S2,2022,2022-06-01,2022-05-26,2022-06-01,2022-06-02,2022-06-04,2022-06-04,1,0,,0,3.591474356e-08,0.02641274783,0,temporal_sigmoid
balanced_rf,S2,2022,2022-06-02,2022-05-27,2022-06-02,2022-06-03,2022-06-05,2022-06-05,1,0,,0,3.591474356e-08,0.02641274783,0,temporal_sigmoid
balanced_rf,S2,2022,2022-06-03,2022-05-28,2022-06-03,2022-06-04,2022-06-06,2022-06-06,1,0,,0.005555555556,0.0001953255641,0.02641274783,0,temporal_sigmoid
balanced_rf,S2,2022,2022-06-04,2022-05-29,2022-06-04,2022-06-05,2022-06-07,2022-06-07,1,0,,0,3.591474356e-08,0.02641274783,0,temporal_sigmoid
balanced_rf,S2,2022,2022-06-05,2022-05-30,2022-06-05,2022-06-06,2022-06-08,2022-06-08,1,0,,0.005555555556,0.0001953255641,0.02641274783,0,temporal_sigmoid
balanced_rf,S2,2022,2022-06-06,2022-05-31,2022-06-06,2022-06-07,2022-06-09,2022-06-09,1,0,,0.004166666667,0.0001464277134,0.02641274783,0,temporal_sigmoid
balanced_rf,S2,2022,2022-06-07,2022-06-01,2022-06-07,2022-06-08,2022-06-10,2022-06-10,1,0,,0.006944444444,0.0002443169271,0.02641274783,0,temporal_sigmoid
balanced_rf,S2,2022,2022-06-08,2022-06-02,2022-06-08,2022-06-09,2022-06-11,2022-06-11,1,0,,0.005555555556,0.0001953255641,0.02641274783,0,temporal_sigmoid
balanced_rf,S2,2022,2022-06-09,2022-06-03,2022-06-09,2022-06-10,2022-06-12,2022-06-12,1,0,,0.004166666667,0.0001464277134,0.02641274783,0,temporal_sigmoid
balanced_rf,S2,2022,2022-06-10,2022-06-04,2022-06-10,2022-06-11,2022-06-13,2022-06-13,1,0,,0,3.591474356e-08,0.02641274783,0,temporal_sigmoid
balanced_rf,S2,2022,2022-06-11,2022-06-05,2022-06-11,2022-06-12,2022-06-14,2022-06-14,1,0,,0.001388888889,4.884412099e-05,0.02641274783,0,temporal_sigmoid
balanced_rf,S2,2022,2022-06-12,2022-06-06,2022-06-12,2022-06-13,2022-06-15,2022-06-15,1,0,,0.005555555556,0.0001953255641,0.02641274783,0,temporal_sigmoid
balanced_rf,S2,2022,2022-06-13,2022-06-07,2022-06-13,2022-06-14,2022-06-16,2022-06-16,1,0,,0.005555555556,0.0001953255641,0.02641274783,0,temporal_sigmoid
balanced_rf,S2,2022,2022-06-14,2022-06-08,2022-06-14,2022-06-15,2022-06-17,2022-06-17,1,0,,0.005555555556,0.0001953255641,0.02641274783,0,temporal_sigmoid
balanced_rf,S2,2022,2022-06-15,2022-06-09,2022-06-15,2022-06-16,2022-06-18,2022-06-18,1,0,,0.005555555556,0.0001953255641,0.02641274783,0,temporal_sigmoid
balanced_rf,S2,2022,2022-06-16,2022-06-10,2022-06-16,2022-06-17,2022-06-19,2022-06-19,1,0,,0.006944444444,0.0002443169271,0.02641274783,0,temporal_sigmoid
balanced_rf,S2,2022,2022-06-17,2022-06-11,2022-06-17,2022-06-18,2022-06-20,2022-06-20,1,0,,0.001388888889,4.884412099e-05,0.02641274783,0,temporal_sigmoid
balanced_rf,S2,2022,2022-06-18,2022-06-12,2022-06-18,2022-06-19,2022-06-21,2022-06-21,1,0,,0,3.591474356e-08,0.02641274783,0,temporal_sigmoid
balanced_rf,S2,2022,2022-06-19,2022-06-13,2022-06-19,2022-06-20,2022-06-22,2022-06-22,1,0,,0,3.591474356e-08,0.02641274783,0,temporal_sigmoid
balanced_rf,S2,2022,2022-06-20,2022-06-14,2022-06-20,2022-06-21,2022-06-23,2022-06-23,1,0,,0,3.591474356e-08,0.02641274783,0,temporal_sigmoid
balanced_rf,S2,2022,2022-06-21,2022-06-15,2022-06-21,2022-06-22,2022-06-24,2022-06-24,1,0,,0,3.591474356e-08,0.02641274783,0,temporal_sigmoid
balanced_rf,S2,2022,2022-06-22,2022-06-16,2022-06-22,2022-06-23,2022-06-25,2022-06-25,1,0,,0,3.591474356e-08,0.02641274783,0,temporal_sigmoid
balanced_rf,S2,2022,2022-06-23,2022-06-17,2022-06-23,2022-06-24,2022-06-26,2022-06-26,1,0,,0,3.591474356e-08,0.02641274783,0,temporal_sigmoid
balanced_rf,S2,2022,2022-06-24,2022-06-18,2022-06-24,2022-06-25,2022-06-27,2022-06-27,1,0,,0.001388888889,4.884412099e-05,0.02641274783,0,temporal_sigmoid
balanced_rf,S2,2022,2022-06-25,2022-06-19,2022-06-25,2022-06-26,2022-06-28,2022-06-28,1,0,,0.008333333333,0.0002934099441,0.02641274783,0,temporal_sigmoid
balanced_rf,S2,2022,2022-06-26,2022-06-20,2022-06-26,2022-06-27,2022-06-29,2022-06-29,1,0,,0.008333333333,0.0002934099441,0.02641274783,0,temporal_sigmoid
balanced_rf,S2,2022,2022-06-27,2022-06-21,2022-06-27,2022-06-28,2022-06-30,2022-06-30,1,0,,0.005555555556,0.0001953255641,0.02641274783,0,temporal_sigmoid
balanced_rf,S2,2023,2023-02-28,2023-02-22,2023-02-28,2023-03-01,2023-03-03,2023-03-03,1,0,,0.006018518519,0.0002344785265,0.00766344713,0,temporal_sigmoid
balanced_rf,S2,2023,2023-03-01,2023-02-23,2023-03-01,2023-03-02,2023-03-04,2023-03-04,1,0,,0.006018518519,0.0002344785265,0.00766344713,0,temporal_sigmoid
balanced_rf,S2,2023,2023-03-02,2023-02-24,2023-03-02,2023-03-03,2023-03-05,2023-03-05,1,0,,0.006018518519,0.0002344785265,0.00766344713,0,temporal_sigmoid
balanced_rf,S2,2023,2023-03-03,2023-02-25,2023-03-03,2023-03-04,2023-03-06,2023-03-06,1,0,,0.006018518519,0.0002344785265,0.00766344713,0,temporal_sigmoid
balanced_rf,S2,2023,2023-03-04,2023-02-26,2023-03-04,2023-03-05,2023-03-07,2023-03-07,1,0,,0.006018518519,0.0002344785265,0.00766344713,0,temporal_sigmoid
balanced_rf,S2,2023,2023-03-05,2023-02-27,2023-03-05,2023-03-06,2023-03-08,2023-03-08,1,0,,0.009940087146,0.000369769269,0.00766344713,0,temporal_sigmoid
balanced_rf,S2,2023,2023-03-06,2023-02-28,2023-03-06,2023-03-07,2023-03-09,2023-03-09,1,0,,0.006018518519,0.0002344785265,0.00766344713,0,temporal_sigmoid
balanced_rf,S2,2023,2023-03-07,2023-03-01,2023-03-07,2023-03-08,2023-03-10,2023-03-10,1,0,,0.009940087146,0.000369769269,0.00766344713,0,temporal_sigmoid
balanced_rf,S2,2023,2023-03-08,2023-03-02,2023-03-08,2023-03-09,2023-03-11,2023-03-11,1,0,,0.006018518519,0.0002344785265,0.00766344713,0,temporal_sigmoid
balanced_rf,S2,2023,2023-03-09,2023-03-03,2023-03-09,2023-03-10,2023-03-12,2023-03-12,1,0,,0.006018518519,0.0002344785265,0.00766344713,0,temporal_sigmoid
balanced_rf,S2,2023,2023-03-10,2023-03-04,2023-03-10,2023-03-11,2023-03-13,2023-03-13,1,0,,0.006018518519,0.0002344785265,0.00766344713,0,temporal_sigmoid
balanced_rf,S2,2023,2023-03-11,2023-03-05,2023-03-11,2023-03-12,2023-03-14,2023-03-14,1,0,,0.006018518519,0.0002344785265,0.00766344713,0,temporal_sigmoid
balanced_rf,S2,2023,2023-03-12,2023-03-06,2023-03-12,2023-03-13,2023-03-15,2023-03-15,1,0,,0.008240740741,0.0003118299041,0.00766344713,0,temporal_sigmoid
balanced_rf,S2,2023,2023-03-13,2023-03-07,2023-03-13,2023-03-14,2023-03-16,2023-03-16,1,0,,0.01771786492,0.0006267414174,0.00766344713,0,temporal_sigmoid
balanced_rf,S2,2023,2023-03-14,2023-03-08,2023-03-14,2023-03-15,2023-03-17,2023-03-17,1,0,,0.01410675381,0.0005087609764,0.00766344713,0,temporal_sigmoid
balanced_rf,S2,2023,2023-03-15,2023-03-09,2023-03-15,2023-03-16,2023-03-18,2023-03-18,1,0,,0,9.169161514e-08,0.00766344713,0,temporal_sigmoid
balanced_rf,S2,2023,2023-03-16,2023-03-10,2023-03-16,2023-03-17,2023-03-19,2023-03-19,1,0,,0,9.169161514e-08,0.00766344713,0,temporal_sigmoid
balanced_rf,S2,2023,2023-03-17,2023-03-11,2023-03-17,2023-03-18,2023-03-20,2023-03-20,1,0,,0,9.169161514e-08,0.00766344713,0,temporal_sigmoid
balanced_rf,S2,2023,2023-03-18,2023-03-12,2023-03-18,2023-03-19,2023-03-21,2023-03-21,1,0,,0.001851851852,8.077924853e-05,0.00766344713,0,temporal_sigmoid
balanced_rf,S2,2023,2023-03-19,2023-03-13,2023-03-19,2023-03-20,2023-03-22,2023-03-22,1,0,,0,9.169161514e-08,0.00766344713,0,temporal_sigmoid
balanced_rf,S2,2023,2023-03-20,2023-03-14,2023-03-20,2023-03-21,2023-03-23,2023-03-23,1,0,,0,9.169161514e-08,0.00766344713,0,temporal_sigmoid
balanced_rf,S2,2023,2023-03-21,2023-03-15,2023-03-21,2023-03-22,2023-03-24,2023-03-24,1,0,,0,9.169161514e-08,0.00766344713,0,temporal_sigmoid
balanced_rf,S2,2023,2023-03-22,2023-03-16,2023-03-22,2023-03-23,2023-03-25,2023-03-25,1,0,,0,9.169161514e-08,0.00766344713,0,temporal_sigmoid
balanced_rf,S2,2023,2023-03-23,2023-03-17,2023-03-23,2023-03-24,2023-03-26,2023-03-26,1,0,,0,9.169161514e-08,0.00766344713,0,temporal_sigmoid
balanced_rf,S2,2023,2023-03-24,2023-03-18,2023-03-24,2023-03-25,2023-03-27,2023-03-27,1,0,,0.001388888889,6.230891377e-05,0.00766344713,0,temporal_sigmoid
balanced_rf,S2,2023,2023-03-25,2023-03-19,2023-03-25,2023-03-26,2023-03-28,2023-03-28,1,0,,0.001388888889,6.230891377e-05,0.00766344713,0,temporal_sigmoid
balanced_rf,S2,2023,2023-03-26,2023-03-20,2023-03-26,2023-03-27,2023-03-29,2023-03-29,1,0,,0.004166666667,0.0001680756956,0.00766344713,0,temporal_sigmoid
balanced_rf,S2,2023,2023-03-27,2023-03-21,2023-03-27,2023-03-28,2023-03-30,2023-03-30,1,0,,0.001388888889,6.230891377e-05,0.00766344713,0,temporal_sigmoid
balanced_rf,S2,2023,2023-03-28,2023-03-22,2023-03-28,2023-03-29,2023-03-31,2023-03-31,1,0,,0.001388888889,6.230891377e-05,0.00766344713,0,temporal_sigmoid
balanced_rf,S2,2023,2023-03-29,2023-03-23,2023-03-29,2023-03-30,2023-04-01,2023-04-01,1,0,,0.001388888889,6.230891377e-05,0.00766344713,0,temporal_sigmoid
balanced_rf,S2,2023,2023-03-30,2023-03-24,2023-03-30,2023-03-31,2023-04-02,2023-04-02,1,0,,0.001388888889,6.230891377e-05,0.00766344713,0,temporal_sigmoid
balanced_rf,S2,2023,2023-03-31,2023-03-25,2023-03-31,2023-04-01,2023-04-03,2023-04-03,1,0,,0.001388888889,6.230891377e-05,0.00766344713,0,temporal_sigmoid
balanced_rf,S2,2023,2023-04-01,2023-03-26,2023-04-01,2023-04-02,2023-04-04,2023-04-04,1,0,,0.001388888889,6.230891377e-05,0.00766344713,0,temporal_sigmoid
balanced_rf,S2,2023,2023-04-02,2023-03-27,2023-04-02,2023-04-03,2023-04-05,2023-04-05,1,0,,0.001388888889,6.230891377e-05,0.00766344713,0,temporal_sigmoid
balanced_rf,S2,2023,2023-04-03,2023-03-28,2023-04-03,2023-04-04,2023-04-06,2023-04-06,1,0,,0.003240740741,0.0001339094817,0.00766344713,0,temporal_sigmoid
balanced_rf,S2,2023,2023-04-04,2023-03-29,2023-04-04,2023-04-05,2023-04-07,2023-04-07,1,0,,0.005555555556,0.0002180748313,0.00766344713,0,temporal_sigmoid
balanced_rf,S2,2023,2023-04-05,2023-03-30,2023-04-05,2023-04-06,2023-04-08,2023-04-08,1,0,,0.1879345714,0.006212061627,0.00766344713,0,temporal_sigmoid
balanced_rf,S2,2023,2023-04-06,2023-03-31,2023-04-06,2023-04-07,2023-04-09,2023-04-09,1,0,,0.2544726305,0.008793649436,0.00766344713,1,temporal_sigmoid
balanced_rf,S2,2023,2023-04-07,2023-04-01,2023-04-07,2023-04-08,2023-04-10,2023-04-10,1,1,fixed36_0043,0.6565933483,0.04022004704,0.00766344713,1,temporal_sigmoid
balanced_rf,S2,2023,2023-04-08,2023-04-02,2023-04-08,2023-04-09,2023-04-11,2023-04-11,1,1,fixed36_0043,0.7261072573,0.05325870916,0.00766344713,1,temporal_sigmoid
balanced_rf,S2,2023,2023-04-09,2023-04-03,2023-04-09,2023-04-10,2023-04-12,2023-04-12,1,1,fixed36_0043,0.835149975,0.09159354076,0.00766344713,1,temporal_sigmoid
balanced_rf,S2,2023,2023-04-10,2023-04-04,2023-04-10,2023-04-11,2023-04-13,2023-04-13,1,1,fixed36_0043,0.8725805306,0.1168340381,0.00766344713,1,temporal_sigmoid
balanced_rf,S2,2023,2023-04-11,2023-04-05,2023-04-11,2023-04-12,2023-04-14,2023-04-14,1,1,fixed36_0043,0.8933892116,0.1369489052,0.00766344713,1,temporal_sigmoid
balanced_rf,S2,2023,2023-04-12,2023-04-06,2023-04-12,2023-04-13,2023-04-15,2023-04-15,1,1,fixed36_0043,0.8737389991,0.1178100729,0.00766344713,1,temporal_sigmoid
balanced_rf,S2,2023,2023-04-13,2023-04-07,2023-04-13,2023-04-14,2023-04-16,2023-04-16,1,1,fixed36_0043,0.8952089676,0.1390120917,0.00766344713,1,temporal_sigmoid
balanced_rf,S2,2023,2023-04-14,2023-04-08,2023-04-14,2023-04-15,2023-04-17,2023-04-17,1,1,fixed36_0043,0.9043083721,0.1502606941,0.00766344713,1,temporal_sigmoid
balanced_rf,S2,2023,2023-04-15,2023-04-09,2023-04-15,2023-04-16,2023-04-18,2023-04-18,1,1,fixed36_0043,0.9222836668,0.178382409,0.00766344713,1,temporal_sigmoid
balanced_rf,S2,2023,2023-04-16,2023-04-10,2023-04-16,2023-04-17,2023-04-19,2023-04-19,1,1,fixed36_0043,0.9272177482,0.1879425301,0.00766344713,1,temporal_sigmoid
balanced_rf,S2,2023,2023-04-17,2023-04-11,2023-04-17,2023-04-18,2023-04-20,2023-04-20,1,1,fixed36_0043,0.8945648687,0.1382752735,0.00766344713,1,temporal_sigmoid
balanced_rf,S2,2023,2023-04-18,2023-04-12,2023-04-18,2023-04-19,2023-04-21,2023-04-21,1,0,,0.8972247088,0.1413658644,0.00766344713,1,temporal_sigmoid
balanced_rf,S2,2023,2023-04-19,2023-04-13,2023-04-19,2023-04-20,2023-04-22,2023-04-22,1,0,,0.9102758176,0.1586092806,0.00766344713,1,temporal_sigmoid
balanced_rf,S2,2023,2023-04-20,2023-04-14,2023-04-20,2023-04-21,2023-04-23,2023-04-23,1,0,,0.9244067098,0.1823783336,0.00766344713,1,temporal_sigmoid
balanced_rf,S2,2023,2023-04-21,2023-04-15,2023-04-21,2023-04-22,2023-04-24,2023-04-24,1,0,,0.7439415847,0.05757694397,0.00766344713,1,temporal_sigmoid
balanced_rf,S2,2023,2023-04-22,2023-04-16,2023-04-22,2023-04-23,2023-04-25,2023-04-25,1,0,,0.9083894006,0.1558772065,0.00766344713,1,temporal_sigmoid
balanced_rf,S2,2023,2023-04-23,2023-04-17,2023-04-23,2023-04-24,2023-04-26,2023-04-26,1,0,,0.1228553922,0.00396010006,0.00766344713,0,temporal_sigmoid
balanced_rf,S2,2023,2023-04-24,2023-04-18,2023-04-24,2023-04-25,2023-04-27,2023-04-27,1,0,,0.1335248354,0.0043144936,0.00766344713,0,temporal_sigmoid
balanced_rf,S2,2023,2023-04-25,2023-04-19,2023-04-25,2023-04-26,2023-04-28,2023-04-28,1,0,,0.7399262687,0.05656011997,0.00766344713,1,temporal_sigmoid
balanced_rf,S2,2023,2023-04-26,2023-04-20,2023-04-26,2023-04-27,2023-04-29,2023-04-29,1,0,,0.9112687147,0.1600839861,0.00766344713,1,temporal_sigmoid
balanced_rf,S2,2023,2023-04-27,2023-04-21,2023-04-27,2023-04-28,2023-04-30,2023-04-30,1,0,,0.8786596125,0.1221254096,0.00766344713,1,temporal_sigmoid
balanced_rf,S2,2023,2023-04-28,2023-04-22,2023-04-28,2023-04-29,2023-05-01,2023-05-01,1,0,,0.8004312605,0.07552225193,0.00766344713,1,temporal_sigmoid
balanced_rf,S2,2023,2023-04-29,2023-04-23,2023-04-29,2023-04-30,2023-05-02,2023-05-02,1,0,,0.8674592157,0.1126884363,0.00766344713,1,temporal_sigmoid
balanced_rf,S2,2023,2023-04-30,2023-04-24,2023-04-30,2023-05-01,2023-05-03,2023-05-03,1,0,,0.4892241279,0.02198426396,0.00766344713,1,temporal_sigmoid
balanced_rf,S2,2023,2023-05-01,2023-04-25,2023-05-01,2023-05-02,2023-05-04,2023-05-04,1,0,,0.4969675532,0.02259253527,0.00766344713,1,temporal_sigmoid
balanced_rf,S2,2023,2023-05-02,2023-04-26,2023-05-02,2023-05-03,2023-05-05,2023-05-05,1,0,,0.7214017314,0.05219948031,0.00766344713,1,temporal_sigmoid
balanced_rf,S2,2023,2023-05-03,2023-04-27,2023-05-03,2023-05-04,2023-05-06,2023-05-06,1,0,,0.4587874054,0.01973883999,0.00766344713,1,temporal_sigmoid
balanced_rf,S2,2023,2023-05-04,2023-04-28,2023-05-04,2023-05-05,2023-05-07,2023-05-07,1,0,,0.09259432282,0.002979906389,0.00766344713,0,temporal_sigmoid
balanced_rf,S2,2023,2023-05-05,2023-04-29,2023-05-05,2023-05-06,2023-05-08,2023-05-08,1,1,fixed36_0044,0.06948041059,0.002250589035,0.00766344713,0,temporal_sigmoid
balanced_rf,S2,2023,2023-05-06,2023-04-30,2023-05-06,2023-05-07,2023-05-09,2023-05-09,1,1,fixed36_0044,0.7013572551,0.04801368771,0.00766344713,1,temporal_sigmoid
balanced_rf,S2,2023,2023-05-07,2023-05-01,2023-05-07,2023-05-08,2023-05-10,2023-05-10,1,1,fixed36_0044,0.913717961,0.1638353777,0.00766344713,1,temporal_sigmoid
balanced_rf,S2,2023,2023-05-08,2023-05-02,2023-05-08,2023-05-09,2023-05-11,2023-05-11,1,1,fixed36_0044,0.9022748004,0.1476019778,0.00766344713,1,temporal_sigmoid
balanced_rf,S2,2023,2023-05-09,2023-05-03,2023-05-09,2023-05-10,2023-05-12,2023-05-12,1,1,fixed36_0044,0.9210019066,0.1760505194,0.00766344713,1,temporal_sigmoid
balanced_rf,S2,2023,2023-05-10,2023-05-04,2023-05-10,2023-05-11,2023-05-13,2023-05-13,1,0,,0.915039922,0.1659303931,0.00766344713,1,temporal_sigmoid
balanced_rf,S2,2023,2023-05-11,2023-05-05,2023-05-11,2023-05-12,2023-05-14,2023-05-14,1,0,,0.9398504124,0.2176408932,0.00766344713,1,temporal_sigmoid
balanced_rf,S2,2023,2023-05-12,2023-05-06,2023-05-12,2023-05-13,2023-05-15,2023-05-15,1,0,,0.9478319573,0.241665507,0.00766344713,1,temporal_sigmoid
balanced_rf,S2,2023,2023-05-13,2023-05-07,2023-05-13,2023-05-14,2023-05-16,2023-05-16,1,0,,0.839795107,0.09418458318,0.00766344713,1,temporal_sigmoid
balanced_rf,S2,2023,2023-05-14,2023-05-08,2023-05-14,2023-05-15,2023-05-17,2023-05-17,1,0,,0.1569150417,0.005110428007,0.00766344713,0,temporal_sigmoid
balanced_rf,S2,2023,2023-05-15,2023-05-09,2023-05-15,2023-05-16,2023-05-18,2023-05-18,1,0,,0.3667729095,0.01408574651,0.00766344713,1,temporal_sigmoid
balanced_rf,S2,2023,2023-05-16,2023-05-10,2023-05-16,2023-05-17,2023-05-19,2023-05-19,1,0,,0.1250989819,0.004034204629,0.00766344713,0,temporal_sigmoid
balanced_rf,S2,2023,2023-05-17,2023-05-11,2023-05-17,2023-05-18,2023-05-20,2023-05-20,1,0,,0.06239473353,0.002029232967,0.00766344713,0,temporal_sigmoid
balanced_rf,S2,2023,2023-05-18,2023-05-12,2023-05-18,2023-05-19,2023-05-21,2023-05-21,1,0,,0,9.169161514e-08,0.00766344713,0,temporal_sigmoid
balanced_rf,S2,2023,2023-05-19,2023-05-13,2023-05-19,2023-05-20,2023-05-22,2023-05-22,1,0,,0,9.169161514e-08,0.00766344713,0,temporal_sigmoid
balanced_rf,S2,2023,2023-05-20,2023-05-14,2023-05-20,2023-05-21,2023-05-23,2023-05-23,1,0,,0.1695604781,0.005552741794,0.00766344713,0,temporal_sigmoid
balanced_rf,S2,2023,2023-05-21,2023-05-15,2023-05-21,2023-05-22,2023-05-24,2023-05-24,1,0,,0.2988547488,0.01072141963,0.00766344713,1,temporal_sigmoid
balanced_rf,S2,2023,2023-05-22,2023-05-16,2023-05-22,2023-05-23,2023-05-25,2023-05-25,1,0,,0.4362170511,0.01820832075,0.00766344713,1,temporal_sigmoid
balanced_rf,S2,2023,2023-05-23,2023-05-17,2023-05-23,2023-05-24,2023-05-26,2023-05-26,1,0,,0.08563092974,0.002758756698,0.00766344713,0,temporal_sigmoid
balanced_rf,S2,2023,2023-05-24,2023-05-18,2023-05-24,2023-05-25,2023-05-27,2023-05-27,1,0,,0,9.169161514e-08,0.00766344713,0,temporal_sigmoid
balanced_rf,S2,2023,2023-05-25,2023-05-19,2023-05-25,2023-05-26,2023-05-28,2023-05-28,1,0,,0,9.169161514e-08,0.00766344713,0,temporal_sigmoid
balanced_rf,S2,2023,2023-05-26,2023-05-20,2023-05-26,2023-05-27,2023-05-29,2023-05-29,1,0,,0,9.169161514e-08,0.00766344713,0,temporal_sigmoid
balanced_rf,S2,2023,2023-05-27,2023-05-21,2023-05-27,2023-05-28,2023-05-30,2023-05-30,1,0,,0,9.169161514e-08,0.00766344713,0,temporal_sigmoid
balanced_rf,S2,2023,2023-05-28,2023-05-22,2023-05-28,2023-05-29,2023-05-31,2023-05-31,1,0,,0.006388888889,0.0002475213537,0.00766344713,0,temporal_sigmoid
balanced_rf,S2,2023,2023-05-29,2023-05-23,2023-05-29,2023-05-30,2023-06-01,2023-06-01,1,1,fixed36_0045,0.561517943,0.02837388066,0.00766344713,1,temporal_sigmoid
balanced_rf,S2,2023,2023-05-30,2023-05-24,2023-05-30,2023-05-31,2023-06-02,2023-06-02,1,1,fixed36_0045,0.6834070097,0.04465870811,0.00766344713,1,temporal_sigmoid
balanced_rf,S2,2023,2023-05-31,2023-05-25,2023-05-31,2023-06-01,2023-06-03,2023-06-03,1,1,fixed36_0045,0.7437632248,0.05753119281,0.00766344713,1,temporal_sigmoid
balanced_rf,S2,2023,2023-06-01,2023-05-26,2023-06-01,2023-06-02,2023-06-04,2023-06-04,1,1,fixed36_0045,0.7248344893,0.05296911097,0.00766344713,1,temporal_sigmoid
balanced_rf,S2,2023,2023-06-02,2023-05-27,2023-06-02,2023-06-03,2023-06-05,2023-06-05,1,1,fixed36_0045,0.7532532927,0.06004453358,0.00766344713,1,temporal_sigmoid
balanced_rf,S2,2023,2023-06-03,2023-05-28,2023-06-03,2023-06-04,2023-06-06,2023-06-06,1,1,fixed36_0045,0.7772254056,0.06720561587,0.00766344713,1,temporal_sigmoid
balanced_rf,S2,2023,2023-06-04,2023-05-29,2023-06-04,2023-06-05,2023-06-07,2023-06-07,1,0,,0.7814134398,0.06859431573,0.00766344713,1,temporal_sigmoid
balanced_rf,S2,2023,2023-06-05,2023-05-30,2023-06-05,2023-06-06,2023-06-08,2023-06-08,1,0,,0.8838317371,0.1269813064,0.00766344713,1,temporal_sigmoid
balanced_rf,S2,2023,2023-06-06,2023-05-31,2023-06-06,2023-06-07,2023-06-09,2023-06-09,1,0,,0.8223820487,0.08506554867,0.00766344713,1,temporal_sigmoid
balanced_rf,S2,2023,2023-06-07,2023-06-01,2023-06-07,2023-06-08,2023-06-10,2023-06-10,1,0,,0.723535598,0.05267595079,0.00766344713,1,temporal_sigmoid
balanced_rf,S2,2023,2023-06-08,2023-06-02,2023-06-08,2023-06-09,2023-06-11,2023-06-11,1,0,,0.2459604121,0.008444339319,0.00766344713,1,temporal_sigmoid
balanced_rf,S2,2023,2023-06-09,2023-06-03,2023-06-09,2023-06-10,2023-06-12,2023-06-12,1,0,,0.1048562276,0.003373036455,0.00766344713,0,temporal_sigmoid
balanced_rf,S2,2023,2023-06-10,2023-06-04,2023-06-10,2023-06-11,2023-06-13,2023-06-13,1,0,,0.05142638128,0.001687622495,0.00766344713,0,temporal_sigmoid
balanced_rf,S2,2023,2023-06-11,2023-06-05,2023-06-11,2023-06-12,2023-06-14,2023-06-14,1,0,,0.002777777778,0.0001164969882,0.00766344713,0,temporal_sigmoid
balanced_rf,S2,2023,2023-06-12,2023-06-06,2023-06-12,2023-06-13,2023-06-15,2023-06-15,1,0,,0.002777777778,0.0001164969882,0.00766344713,0,temporal_sigmoid
balanced_rf,S2,2023,2023-06-13,2023-06-07,2023-06-13,2023-06-14,2023-06-16,2023-06-16,1,0,,0.002777777778,0.0001164969882,0.00766344713,0,temporal_sigmoid
balanced_rf,S2,2023,2023-06-14,2023-06-08,2023-06-14,2023-06-15,2023-06-17,2023-06-17,1,0,,0.3863947062,0.01517097864,0.00766344713,1,temporal_sigmoid
balanced_rf,S2,2023,2023-06-15,2023-06-09,2023-06-15,2023-06-16,2023-06-18,2023-06-18,1,0,,0.01746031746,0.000618385686,0.00766344713,0,temporal_sigmoid
balanced_rf,S2,2023,2023-06-16,2023-06-10,2023-06-16,2023-06-17,2023-06-19,2023-06-19,1,0,,0.1780435286,0.005854600693,0.00766344713,0,temporal_sigmoid
balanced_rf,S2,2023,2023-06-17,2023-06-11,2023-06-17,2023-06-18,2023-06-20,2023-06-20,1,0,,0.009722222222,0.000362389511,0.00766344713,0,temporal_sigmoid
balanced_rf,S2,2023,2023-06-18,2023-06-12,2023-06-18,2023-06-19,2023-06-21,2023-06-21,1,0,,0.004166666667,0.0001680756956,0.00766344713,0,temporal_sigmoid
balanced_rf,S2,2023,2023-06-19,2023-06-13,2023-06-19,2023-06-20,2023-06-22,2023-06-22,1,0,,0.004166666667,0.0001680756956,0.00766344713,0,temporal_sigmoid
balanced_rf,S2,2023,2023-06-20,2023-06-14,2023-06-20,2023-06-21,2023-06-23,2023-06-23,1,0,,0.005555555556,0.0002180748313,0.00766344713,0,temporal_sigmoid
balanced_rf,S2,2023,2023-06-21,2023-06-15,2023-06-21,2023-06-22,2023-06-24,2023-06-24,1,0,,0.005555555556,0.0002180748313,0.00766344713,0,temporal_sigmoid
balanced_rf,S2,2023,2023-06-22,2023-06-16,2023-06-22,2023-06-23,2023-06-25,2023-06-25,1,0,,0.004166666667,0.0001680756956,0.00766344713,0,temporal_sigmoid
balanced_rf,S2,2023,2023-06-23,2023-06-17,2023-06-23,2023-06-24,2023-06-26,2023-06-26,1,0,,0.005555555556,0.0002180748313,0.00766344713,0,temporal_sigmoid
balanced_rf,S2,2023,2023-06-24,2023-06-18,2023-06-24,2023-06-25,2023-06-27,2023-06-27,1,0,,0.005555555556,0.0002180748313,0.00766344713,0,temporal_sigmoid
balanced_rf,S2,2023,2023-06-25,2023-06-19,2023-06-25,2023-06-26,2023-06-28,2023-06-28,1,0,,0.004166666667,0.0001680756956,0.00766344713,0,temporal_sigmoid
balanced_rf,S2,2023,2023-06-26,2023-06-20,2023-06-26,2023-06-27,2023-06-29,2023-06-29,1,0,,0.006944444444,0.0002669636334,0.00766344713,0,temporal_sigmoid
balanced_rf,S2,2023,2023-06-27,2023-06-21,2023-06-27,2023-06-28,2023-06-30,2023-06-30,1,0,,0.004166666667,0.0001680756956,0.00766344713,0,temporal_sigmoid
balanced_rf,S2,2024,2024-02-29,2024-02-23,2024-02-29,2024-03-01,2024-03-03,2024-03-03,1,0,,0.006944444444,0.0003304103453,0.06050508573,0,temporal_sigmoid
balanced_rf,S2,2024,2024-03-01,2024-02-24,2024-03-01,2024-03-02,2024-03-04,2024-03-04,1,0,,0.006944444444,0.0003304103453,0.06050508573,0,temporal_sigmoid
balanced_rf,S2,2024,2024-03-02,2024-02-25,2024-03-02,2024-03-03,2024-03-05,2024-03-05,1,0,,0.006944444444,0.0003304103453,0.06050508573,0,temporal_sigmoid
balanced_rf,S2,2024,2024-03-03,2024-02-26,2024-03-03,2024-03-04,2024-03-06,2024-03-06,1,0,,0.006944444444,0.0003304103453,0.06050508573,0,temporal_sigmoid
balanced_rf,S2,2024,2024-03-04,2024-02-27,2024-03-04,2024-03-05,2024-03-07,2024-03-07,1,0,,0.006944444444,0.0003304103453,0.06050508573,0,temporal_sigmoid
balanced_rf,S2,2024,2024-03-05,2024-02-28,2024-03-05,2024-03-06,2024-03-08,2024-03-08,1,0,,0.01507936508,0.0007109052035,0.06050508573,0,temporal_sigmoid
balanced_rf,S2,2024,2024-03-06,2024-02-29,2024-03-06,2024-03-07,2024-03-09,2024-03-09,1,0,,0.01944444444,0.0009154262116,0.06050508573,0,temporal_sigmoid
balanced_rf,S2,2024,2024-03-07,2024-03-01,2024-03-07,2024-03-08,2024-03-10,2024-03-10,1,0,,0.006944444444,0.0003304103453,0.06050508573,0,temporal_sigmoid
balanced_rf,S2,2024,2024-03-08,2024-03-02,2024-03-08,2024-03-09,2024-03-11,2024-03-11,1,0,,0.01805555556,0.0008502858107,0.06050508573,0,temporal_sigmoid
balanced_rf,S2,2024,2024-03-09,2024-03-03,2024-03-09,2024-03-10,2024-03-12,2024-03-12,1,0,,0.01805555556,0.0008502858107,0.06050508573,0,temporal_sigmoid
balanced_rf,S2,2024,2024-03-10,2024-03-04,2024-03-10,2024-03-11,2024-03-13,2024-03-13,1,0,,0.01805555556,0.0008502858107,0.06050508573,0,temporal_sigmoid
balanced_rf,S2,2024,2024-03-11,2024-03-05,2024-03-11,2024-03-12,2024-03-14,2024-03-14,1,0,,0.01944444444,0.0009154262116,0.06050508573,0,temporal_sigmoid
balanced_rf,S2,2024,2024-03-12,2024-03-06,2024-03-12,2024-03-13,2024-03-15,2024-03-15,1,0,,0.006944444444,0.0003304103453,0.06050508573,0,temporal_sigmoid
balanced_rf,S2,2024,2024-03-13,2024-03-07,2024-03-13,2024-03-14,2024-03-16,2024-03-16,1,0,,0.01388888889,0.0006552139852,0.06050508573,0,temporal_sigmoid
balanced_rf,S2,2024,2024-03-14,2024-03-08,2024-03-14,2024-03-15,2024-03-17,2024-03-17,1,0,,0.008333333333,0.0003954401788,0.06050508573,0,temporal_sigmoid
balanced_rf,S2,2024,2024-03-15,2024-03-09,2024-03-15,2024-03-16,2024-03-18,2024-03-18,1,0,,0.008333333333,0.0003954401788,0.06050508573,0,temporal_sigmoid
balanced_rf,S2,2024,2024-03-16,2024-03-10,2024-03-16,2024-03-17,2024-03-19,2024-03-19,1,0,,0.008333333333,0.0003954401788,0.06050508573,0,temporal_sigmoid
balanced_rf,S2,2024,2024-03-17,2024-03-11,2024-03-17,2024-03-18,2024-03-20,2024-03-20,1,0,,0.008333333333,0.0003954401788,0.06050508573,0,temporal_sigmoid
balanced_rf,S2,2024,2024-03-18,2024-03-12,2024-03-18,2024-03-19,2024-03-21,2024-03-21,1,0,,0.006944444444,0.0003304103453,0.06050508573,0,temporal_sigmoid
balanced_rf,S2,2024,2024-03-19,2024-03-13,2024-03-19,2024-03-20,2024-03-22,2024-03-22,1,0,,0.01369047619,0.0006459345932,0.06050508573,0,temporal_sigmoid
balanced_rf,S2,2024,2024-03-20,2024-03-14,2024-03-20,2024-03-21,2024-03-23,2024-03-23,1,0,,0.01369047619,0.0006459345932,0.06050508573,0,temporal_sigmoid
balanced_rf,S2,2024,2024-03-21,2024-03-15,2024-03-21,2024-03-22,2024-03-24,2024-03-24,1,0,,0.01369047619,0.0006459345932,0.06050508573,0,temporal_sigmoid
balanced_rf,S2,2024,2024-03-22,2024-03-16,2024-03-22,2024-03-23,2024-03-25,2024-03-25,1,0,,0.01369047619,0.0006459345932,0.06050508573,0,temporal_sigmoid
balanced_rf,S2,2024,2024-03-23,2024-03-17,2024-03-23,2024-03-24,2024-03-26,2024-03-26,1,0,,0.01369047619,0.0006459345932,0.06050508573,0,temporal_sigmoid
balanced_rf,S2,2024,2024-03-24,2024-03-18,2024-03-24,2024-03-25,2024-03-27,2024-03-27,1,0,,0.009523809524,0.00045112701,0.06050508573,0,temporal_sigmoid
balanced_rf,S2,2024,2024-03-25,2024-03-19,2024-03-25,2024-03-26,2024-03-28,2024-03-28,1,0,,0.006944444444,0.0003304103453,0.06050508573,0,temporal_sigmoid
balanced_rf,S2,2024,2024-03-26,2024-03-20,2024-03-26,2024-03-27,2024-03-29,2024-03-29,1,0,,0.006944444444,0.0003304103453,0.06050508573,0,temporal_sigmoid
balanced_rf,S2,2024,2024-03-27,2024-03-21,2024-03-27,2024-03-28,2024-03-30,2024-03-30,1,0,,0.01805555556,0.0008502858107,0.06050508573,0,temporal_sigmoid
balanced_rf,S2,2024,2024-03-28,2024-03-22,2024-03-28,2024-03-29,2024-03-31,2024-03-31,1,0,,0.006944444444,0.0003304103453,0.06050508573,0,temporal_sigmoid
balanced_rf,S2,2024,2024-03-29,2024-03-23,2024-03-29,2024-03-30,2024-04-01,2024-04-01,1,0,,0.01388888889,0.0006552139852,0.06050508573,0,temporal_sigmoid
balanced_rf,S2,2024,2024-03-30,2024-03-24,2024-03-30,2024-03-31,2024-04-02,2024-04-02,1,0,,0.008333333333,0.0003954401788,0.06050508573,0,temporal_sigmoid
balanced_rf,S2,2024,2024-03-31,2024-03-25,2024-03-31,2024-04-01,2024-04-03,2024-04-03,1,0,,0.006944444444,0.0003304103453,0.06050508573,0,temporal_sigmoid
balanced_rf,S2,2024,2024-04-01,2024-03-26,2024-04-01,2024-04-02,2024-04-04,2024-04-04,1,0,,0.4019957049,0.02796710989,0.06050508573,0,temporal_sigmoid
balanced_rf,S2,2024,2024-04-02,2024-03-27,2024-04-02,2024-04-03,2024-04-05,2024-04-05,1,0,,0.6107972533,0.06186374874,0.06050508573,1,temporal_sigmoid
balanced_rf,S2,2024,2024-04-03,2024-03-28,2024-04-03,2024-04-04,2024-04-06,2024-04-06,1,0,,0.5651292336,0.05197979394,0.06050508573,0,temporal_sigmoid
balanced_rf,S2,2024,2024-04-04,2024-03-29,2024-04-04,2024-04-05,2024-04-07,2024-04-07,1,0,,0.2991954478,0.01811966008,0.06050508573,0,temporal_sigmoid
balanced_rf,S2,2024,2024-04-05,2024-03-30,2024-04-05,2024-04-06,2024-04-08,2024-04-08,1,0,,0.3532004962,0.02293949763,0.06050508573,0,temporal_sigmoid
balanced_rf,S2,2024,2024-04-06,2024-03-31,2024-04-06,2024-04-07,2024-04-09,2024-04-09,1,0,,0.8255022817,0.1625303476,0.06050508573,1,temporal_sigmoid
balanced_rf,S2,2024,2024-04-07,2024-04-01,2024-04-07,2024-04-08,2024-04-10,2024-04-10,1,0,,0.1986152371,0.01072393785,0.06050508573,0,temporal_sigmoid
balanced_rf,S2,2024,2024-04-08,2024-04-02,2024-04-08,2024-04-09,2024-04-11,2024-04-11,1,0,,0.08963656412,0.00437464159,0.06050508573,0,temporal_sigmoid
balanced_rf,S2,2024,2024-04-09,2024-04-03,2024-04-09,2024-04-10,2024-04-12,2024-04-12,1,0,,0.1206353107,0.006041160131,0.06050508573,0,temporal_sigmoid
balanced_rf,S2,2024,2024-04-10,2024-04-04,2024-04-10,2024-04-11,2024-04-13,2024-04-13,1,0,,0.0202294686,0.0009522764639,0.06050508573,0,temporal_sigmoid
balanced_rf,S2,2024,2024-04-11,2024-04-05,2024-04-11,2024-04-12,2024-04-14,2024-04-14,1,0,,0.05559456646,0.002649426236,0.06050508573,0,temporal_sigmoid
balanced_rf,S2,2024,2024-04-12,2024-04-06,2024-04-12,2024-04-13,2024-04-15,2024-04-15,1,0,,0.6047660229,0.06044275389,0.06050508573,0,temporal_sigmoid
balanced_rf,S2,2024,2024-04-13,2024-04-07,2024-04-13,2024-04-14,2024-04-16,2024-04-16,1,0,,0.7508285003,0.1109805208,0.06050508573,1,temporal_sigmoid
balanced_rf,S2,2024,2024-04-14,2024-04-08,2024-04-14,2024-04-15,2024-04-17,2024-04-17,1,1,fixed36_0046,0.7518998191,0.1115352364,0.06050508573,1,temporal_sigmoid
balanced_rf,S2,2024,2024-04-15,2024-04-09,2024-04-15,2024-04-16,2024-04-18,2024-04-18,1,0,,0.9661864889,0.5299191031,0.06050508573,1,temporal_sigmoid
balanced_rf,S2,2024,2024-04-16,2024-04-10,2024-04-16,2024-04-17,2024-04-19,2024-04-19,1,0,,0.8336715236,0.1703736357,0.06050508573,1,temporal_sigmoid
balanced_rf,S2,2024,2024-04-17,2024-04-11,2024-04-17,2024-04-18,2024-04-20,2024-04-20,1,0,,0.7284688369,0.1002537547,0.06050508573,1,temporal_sigmoid
balanced_rf,S2,2024,2024-04-18,2024-04-12,2024-04-18,2024-04-19,2024-04-21,2024-04-21,1,1,fixed36_0047,0.683091376,0.08252638421,0.06050508573,1,temporal_sigmoid
balanced_rf,S2,2024,2024-04-19,2024-04-13,2024-04-19,2024-04-20,2024-04-22,2024-04-22,1,1,fixed36_0047,0.9418121969,0.3926474733,0.06050508573,1,temporal_sigmoid
balanced_rf,S2,2024,2024-04-20,2024-04-14,2024-04-20,2024-04-21,2024-04-23,2024-04-23,1,1,fixed36_0047,0.9734218911,0.5896839954,0.06050508573,1,temporal_sigmoid
balanced_rf,S2,2024,2024-04-21,2024-04-15,2024-04-21,2024-04-22,2024-04-24,2024-04-24,1,1,fixed36_0047,0.9181066328,0.3109991208,0.06050508573,1,temporal_sigmoid
balanced_rf,S2,2024,2024-04-22,2024-04-16,2024-04-22,2024-04-23,2024-04-25,2024-04-25,1,1,fixed36_0047,0.9589790724,0.480877101,0.06050508573,1,temporal_sigmoid
balanced_rf,S2,2024,2024-04-23,2024-04-17,2024-04-23,2024-04-24,2024-04-26,2024-04-26,1,1,fixed36_0047,0.9533978028,0.4484259147,0.06050508573,1,temporal_sigmoid
balanced_rf,S2,2024,2024-04-24,2024-04-18,2024-04-24,2024-04-25,2024-04-27,2024-04-27,1,1,fixed36_0047,0.8919108085,0.2506254689,0.06050508573,1,temporal_sigmoid
balanced_rf,S2,2024,2024-04-25,2024-04-19,2024-04-25,2024-04-26,2024-04-28,2024-04-28,1,1,fixed36_0047,0.9587208815,0.4792792704,0.06050508573,1,temporal_sigmoid
balanced_rf,S2,2024,2024-04-26,2024-04-20,2024-04-26,2024-04-27,2024-04-29,2024-04-29,1,1,fixed36_0047,0.9288864798,0.343900678,0.06050508573,1,temporal_sigmoid
balanced_rf,S2,2024,2024-04-27,2024-04-21,2024-04-27,2024-04-28,2024-04-30,2024-04-30,1,1,fixed36_0047,0.9063344948,0.2810072518,0.06050508573,1,temporal_sigmoid
balanced_rf,S2,2024,2024-04-28,2024-04-22,2024-04-28,2024-04-29,2024-05-01,2024-05-01,1,1,fixed36_0047,0.9677083333,0.5415067291,0.06050508573,1,temporal_sigmoid
balanced_rf,S2,2024,2024-04-29,2024-04-23,2024-04-29,2024-04-30,2024-05-02,2024-05-02,1,1,fixed36_0047,0.9687430323,0.5496643382,0.06050508573,1,temporal_sigmoid
balanced_rf,S2,2024,2024-04-30,2024-04-24,2024-04-30,2024-05-01,2024-05-03,2024-05-03,1,1,fixed36_0047,0.9204585397,0.3176823817,0.06050508573,1,temporal_sigmoid
balanced_rf,S2,2024,2024-05-01,2024-04-25,2024-05-01,2024-05-02,2024-05-04,2024-05-04,1,0,,0.9541193958,0.4523880999,0.06050508573,1,temporal_sigmoid
balanced_rf,S2,2024,2024-05-02,2024-04-26,2024-05-02,2024-05-03,2024-05-05,2024-05-05,1,0,,0.8099826672,0.1491301966,0.06050508573,1,temporal_sigmoid
balanced_rf,S2,2024,2024-05-03,2024-04-27,2024-05-03,2024-05-04,2024-05-06,2024-05-06,1,0,,0.7908363019,0.1348479495,0.06050508573,1,temporal_sigmoid
balanced_rf,S2,2024,2024-05-04,2024-04-28,2024-05-04,2024-05-05,2024-05-07,2024-05-07,1,0,,0.7458757032,0.1084672994,0.06050508573,1,temporal_sigmoid
balanced_rf,S2,2024,2024-05-05,2024-04-29,2024-05-05,2024-05-06,2024-05-08,2024-05-08,1,0,,0.652808097,0.07295582393,0.06050508573,1,temporal_sigmoid
balanced_rf,S2,2024,2024-05-06,2024-04-30,2024-05-06,2024-05-07,2024-05-09,2024-05-09,1,0,,0.2123208503,0.01163148166,0.06050508573,0,temporal_sigmoid
balanced_rf,S2,2024,2024-05-07,2024-05-01,2024-05-07,2024-05-08,2024-05-10,2024-05-10,1,0,,0.17696355,0.009345297574,0.06050508573,0,temporal_sigmoid
balanced_rf,S2,2024,2024-05-08,2024-05-02,2024-05-08,2024-05-09,2024-05-11,2024-05-11,1,0,,0.1208080801,0.006050728656,0.06050508573,0,temporal_sigmoid
balanced_rf,S2,2024,2024-05-09,2024-05-03,2024-05-09,2024-05-10,2024-05-12,2024-05-12,1,0,,0.01980211817,0.0009322130001,0.06050508573,0,temporal_sigmoid
balanced_rf,S2,2024,2024-05-10,2024-05-04,2024-05-10,2024-05-11,2024-05-13,2024-05-13,1,0,,0.009118357488,0.0004321650437,0.06050508573,0,temporal_sigmoid
balanced_rf,S2,2024,2024-05-11,2024-05-05,2024-05-11,2024-05-12,2024-05-14,2024-05-14,1,0,,0.006944444444,0.0003304103453,0.06050508573,0,temporal_sigmoid
balanced_rf,S2,2024,2024-05-12,2024-05-06,2024-05-12,2024-05-13,2024-05-15,2024-05-15,1,0,,0.006944444444,0.0003304103453,0.06050508573,0,temporal_sigmoid
balanced_rf,S2,2024,2024-05-13,2024-05-07,2024-05-13,2024-05-14,2024-05-16,2024-05-16,1,0,,0.04441391941,0.002103752447,0.06050508573,0,temporal_sigmoid
balanced_rf,S2,2024,2024-05-14,2024-05-08,2024-05-14,2024-05-15,2024-05-17,2024-05-17,1,1,fixed36_0048,0.4987947811,0.04052179828,0.06050508573,0,temporal_sigmoid
balanced_rf,S2,2024,2024-05-15,2024-05-09,2024-05-15,2024-05-16,2024-05-18,2024-05-18,1,0,,0.7592030203,0.1154267622,0.06050508573,1,temporal_sigmoid
balanced_rf,S2,2024,2024-05-16,2024-05-10,2024-05-16,2024-05-17,2024-05-19,2024-05-19,1,0,,0.8829137639,0.2344388546,0.06050508573,1,temporal_sigmoid
balanced_rf,S2,2024,2024-05-17,2024-05-11,2024-05-17,2024-05-18,2024-05-20,2024-05-20,1,0,,0.9433467081,0.399281536,0.06050508573,1,temporal_sigmoid
balanced_rf,S2,2024,2024-05-18,2024-05-12,2024-05-18,2024-05-19,2024-05-21,2024-05-21,1,0,,0.3369099273,0.02141079706,0.06050508573,0,temporal_sigmoid
balanced_rf,S2,2024,2024-05-19,2024-05-13,2024-05-19,2024-05-20,2024-05-22,2024-05-22,1,0,,0.1795793656,0.009508417012,0.06050508573,0,temporal_sigmoid
balanced_rf,S2,2024,2024-05-20,2024-05-14,2024-05-20,2024-05-21,2024-05-23,2024-05-23,1,0,,0.171986773,0.009037475946,0.06050508573,0,temporal_sigmoid
balanced_rf,S2,2024,2024-05-21,2024-05-15,2024-05-21,2024-05-22,2024-05-24,2024-05-24,1,0,,0.467852242,0.03606141355,0.06050508573,0,temporal_sigmoid
balanced_rf,S2,2024,2024-05-22,2024-05-16,2024-05-22,2024-05-23,2024-05-25,2024-05-25,1,1,fixed36_0049,0.1222322092,0.006129725113,0.06050508573,0,temporal_sigmoid
balanced_rf,S2,2024,2024-05-23,2024-05-17,2024-05-23,2024-05-24,2024-05-26,2024-05-26,1,0,,0.7515711121,0.1113646084,0.06050508573,1,temporal_sigmoid
balanced_rf,S2,2024,2024-05-24,2024-05-18,2024-05-24,2024-05-25,2024-05-27,2024-05-27,1,0,,0.9022683881,0.2718134543,0.06050508573,1,temporal_sigmoid
balanced_rf,S2,2024,2024-05-25,2024-05-19,2024-05-25,2024-05-26,2024-05-28,2024-05-28,1,0,,0.7856389449,0.1313335332,0.06050508573,1,temporal_sigmoid
balanced_rf,S2,2024,2024-05-26,2024-05-20,2024-05-26,2024-05-27,2024-05-29,2024-05-29,1,0,,0.4674393122,0.03600505195,0.06050508573,0,temporal_sigmoid
balanced_rf,S2,2024,2024-05-27,2024-05-21,2024-05-27,2024-05-28,2024-05-30,2024-05-30,1,0,,0.1711772557,0.008987715757,0.06050508573,0,temporal_sigmoid
balanced_rf,S2,2024,2024-05-28,2024-05-22,2024-05-28,2024-05-29,2024-05-31,2024-05-31,1,0,,0.06947172896,0.003340511853,0.06050508573,0,temporal_sigmoid
balanced_rf,S2,2024,2024-05-29,2024-05-23,2024-05-29,2024-05-30,2024-06-01,2024-06-01,1,0,,0.1059255529,0.005238130577,0.06050508573,0,temporal_sigmoid
balanced_rf,S2,2024,2024-05-30,2024-05-24,2024-05-30,2024-05-31,2024-06-02,2024-06-02,1,0,,0.03689613527,0.001741944953,0.06050508573,0,temporal_sigmoid
balanced_rf,S2,2024,2024-05-31,2024-05-25,2024-05-31,2024-06-01,2024-06-03,2024-06-03,1,0,,0.0457977208,0.002170782912,0.06050508573,0,temporal_sigmoid
balanced_rf,S2,2024,2024-06-01,2024-05-26,2024-06-01,2024-06-02,2024-06-04,2024-06-04,1,0,,0.4101015611,0.02887497865,0.06050508573,0,temporal_sigmoid
balanced_rf,S2,2024,2024-06-02,2024-05-27,2024-06-02,2024-06-03,2024-06-05,2024-06-05,1,0,,0.5739932331,0.0537506919,0.06050508573,0,temporal_sigmoid
balanced_rf,S2,2024,2024-06-03,2024-05-28,2024-06-03,2024-06-04,2024-06-06,2024-06-06,1,0,,0.3552516396,0.02313693041,0.06050508573,0,temporal_sigmoid
balanced_rf,S2,2024,2024-06-04,2024-05-29,2024-06-04,2024-06-05,2024-06-07,2024-06-07,1,0,,0.1190105395,0.00595133308,0.06050508573,0,temporal_sigmoid
balanced_rf,S2,2024,2024-06-05,2024-05-30,2024-06-05,2024-06-06,2024-06-08,2024-06-08,1,0,,0.309490472,0.01898573681,0.06050508573,0,temporal_sigmoid
balanced_rf,S2,2024,2024-06-06,2024-05-31,2024-06-06,2024-06-07,2024-06-09,2024-06-09,1,0,,0.1336398561,0.006770597021,0.06050508573,0,temporal_sigmoid
balanced_rf,S2,2024,2024-06-07,2024-06-01,2024-06-07,2024-06-08,2024-06-10,2024-06-10,1,0,,0.2990375337,0.01810655473,0.06050508573,0,temporal_sigmoid
balanced_rf,S2,2024,2024-06-08,2024-06-02,2024-06-08,2024-06-09,2024-06-11,2024-06-11,1,0,,0.3016677956,0.01832554001,0.06050508573,0,temporal_sigmoid
balanced_rf,S2,2024,2024-06-09,2024-06-03,2024-06-09,2024-06-10,2024-06-12,2024-06-12,1,0,,0.06675372936,0.003203888615,0.06050508573,0,temporal_sigmoid
balanced_rf,S2,2024,2024-06-10,2024-06-04,2024-06-10,2024-06-11,2024-06-13,2024-06-13,1,0,,0.02856280193,0.001345186072,0.06050508573,0,temporal_sigmoid
balanced_rf,S2,2024,2024-06-11,2024-06-05,2024-06-11,2024-06-12,2024-06-14,2024-06-14,1,0,,0.50246535,0.04108394228,0.06050508573,0,temporal_sigmoid
balanced_rf,S2,2024,2024-06-12,2024-06-06,2024-06-12,2024-06-13,2024-06-15,2024-06-15,1,0,,0.05726650564,0.002731854017,0.06050508573,0,temporal_sigmoid
balanced_rf,S2,2024,2024-06-13,2024-06-07,2024-06-13,2024-06-14,2024-06-16,2024-06-16,1,0,,0.03782206119,0.001786299229,0.06050508573,0,temporal_sigmoid
balanced_rf,S2,2024,2024-06-14,2024-06-08,2024-06-14,2024-06-15,2024-06-17,2024-06-17,1,0,,0.02856280193,0.001345186072,0.06050508573,0,temporal_sigmoid
balanced_rf,S2,2024,2024-06-15,2024-06-09,2024-06-15,2024-06-16,2024-06-18,2024-06-18,1,0,,0.02638888889,0.001242352059,0.06050508573,0,temporal_sigmoid
balanced_rf,S2,2024,2024-06-16,2024-06-10,2024-06-16,2024-06-17,2024-06-19,2024-06-19,1,0,,0.08668865756,0.00422112808,0.06050508573,0,temporal_sigmoid
balanced_rf,S2,2024,2024-06-17,2024-06-11,2024-06-17,2024-06-18,2024-06-20,2024-06-20,1,0,,0.05899810737,0.002817458902,0.06050508573,0,temporal_sigmoid
balanced_rf,S2,2024,2024-06-18,2024-06-12,2024-06-18,2024-06-19,2024-06-21,2024-06-21,1,0,,0.03425925926,0.001615936967,0.06050508573,0,temporal_sigmoid
balanced_rf,S2,2024,2024-06-19,2024-06-13,2024-06-19,2024-06-20,2024-06-22,2024-06-22,1,0,,0.02222222222,0.001045932776,0.06050508573,0,temporal_sigmoid
balanced_rf,S2,2024,2024-06-20,2024-06-14,2024-06-20,2024-06-21,2024-06-23,2024-06-23,1,0,,0.01527777778,0.0007201899121,0.06050508573,0,temporal_sigmoid
balanced_rf,S2,2024,2024-06-21,2024-06-15,2024-06-21,2024-06-22,2024-06-24,2024-06-24,1,0,,0.01111111111,0.0005253396184,0.06050508573,0,temporal_sigmoid
balanced_rf,S2,2024,2024-06-22,2024-06-16,2024-06-22,2024-06-23,2024-06-25,2024-06-25,1,0,,0.01111111111,0.0005253396184,0.06050508573,0,temporal_sigmoid
balanced_rf,S2,2024,2024-06-23,2024-06-17,2024-06-23,2024-06-24,2024-06-26,2024-06-26,1,0,,0.0380952381,0.001799395962,0.06050508573,0,temporal_sigmoid
balanced_rf,S2,2024,2024-06-24,2024-06-18,2024-06-24,2024-06-25,2024-06-27,2024-06-27,1,0,,0.1565931903,0.008105726389,0.06050508573,0,temporal_sigmoid
balanced_rf,S2,2024,2024-06-25,2024-06-19,2024-06-25,2024-06-26,2024-06-28,2024-06-28,1,0,,0.1681255387,0.008800900624,0.06050508573,0,temporal_sigmoid
balanced_rf,S2,2024,2024-06-26,2024-06-20,2024-06-26,2024-06-27,2024-06-29,2024-06-29,1,0,,0.1760747735,0.009290083607,0.06050508573,0,temporal_sigmoid
balanced_rf,S2,2024,2024-06-27,2024-06-21,2024-06-27,2024-06-28,2024-06-30,2024-06-30,1,0,,0.08848014494,0.004314322419,0.06050508573,0,temporal_sigmoid
logistic,S2,2014,2014-02-28,2014-02-22,2014-02-28,2014-03-01,2014-03-03,2014-03-03,1,0,,1.227438814e-08,5.199778912e-05,0.03527192792,0,temporal_sigmoid
logistic,S2,2014,2014-03-01,2014-02-23,2014-03-01,2014-03-02,2014-03-04,2014-03-04,1,0,,1.725927915e-07,5.199778912e-05,0.03527192792,0,temporal_sigmoid
logistic,S2,2014,2014-03-02,2014-02-24,2014-03-02,2014-03-03,2014-03-05,2014-03-05,1,0,,3.252820168e-08,5.199778912e-05,0.03527192792,0,temporal_sigmoid
logistic,S2,2014,2014-03-03,2014-02-25,2014-03-03,2014-03-04,2014-03-06,2014-03-06,1,0,,1.17804143e-07,5.199778912e-05,0.03527192792,0,temporal_sigmoid
logistic,S2,2014,2014-03-04,2014-02-26,2014-03-04,2014-03-05,2014-03-07,2014-03-07,1,0,,1.653914611e-07,5.199778912e-05,0.03527192792,0,temporal_sigmoid
logistic,S2,2014,2014-03-05,2014-02-27,2014-03-05,2014-03-06,2014-03-08,2014-03-08,1,0,,2.332516758e-07,5.199778912e-05,0.03527192792,0,temporal_sigmoid
logistic,S2,2014,2014-03-06,2014-02-28,2014-03-06,2014-03-07,2014-03-09,2014-03-09,1,0,,1.843801434e-08,5.199778912e-05,0.03527192792,0,temporal_sigmoid
logistic,S2,2014,2014-03-07,2014-03-01,2014-03-07,2014-03-08,2014-03-10,2014-03-10,1,0,,4.539325303e-09,5.199778912e-05,0.03527192792,0,temporal_sigmoid
logistic,S2,2014,2014-03-08,2014-03-02,2014-03-08,2014-03-09,2014-03-11,2014-03-11,1,0,,1.048159723e-08,5.199778912e-05,0.03527192792,0,temporal_sigmoid
logistic,S2,2014,2014-03-09,2014-03-03,2014-03-09,2014-03-10,2014-03-12,2014-03-12,1,0,,4.228211889e-09,5.199778912e-05,0.03527192792,0,temporal_sigmoid
logistic,S2,2014,2014-03-10,2014-03-04,2014-03-10,2014-03-11,2014-03-13,2014-03-13,1,0,,5.344685539e-09,5.199778912e-05,0.03527192792,0,temporal_sigmoid
logistic,S2,2014,2014-03-11,2014-03-05,2014-03-11,2014-03-12,2014-03-14,2014-03-14,1,0,,3.35061207e-06,9.851418139e-05,0.03527192792,0,temporal_sigmoid
logistic,S2,2014,2014-03-12,2014-03-06,2014-03-12,2014-03-13,2014-03-15,2014-03-15,1,0,,1.157113781e-05,0.0001896412275,0.03527192792,0,temporal_sigmoid
logistic,S2,2014,2014-03-13,2014-03-07,2014-03-13,2014-03-14,2014-03-16,2014-03-16,1,0,,0.0001462855784,0.0007245317275,0.03527192792,0,temporal_sigmoid
logistic,S2,2014,2014-03-14,2014-03-08,2014-03-14,2014-03-15,2014-03-17,2014-03-17,1,0,,0.000470868884,0.00134334264,0.03527192792,0,temporal_sigmoid
logistic,S2,2014,2014-03-15,2014-03-09,2014-03-15,2014-03-16,2014-03-18,2014-03-18,1,0,,0.0002065703395,0.0008693892265,0.03527192792,0,temporal_sigmoid
logistic,S2,2014,2014-03-16,2014-03-10,2014-03-16,2014-03-17,2014-03-19,2014-03-19,1,0,,5.149575341e-05,0.0004173751907,0.03527192792,0,temporal_sigmoid
logistic,S2,2014,2014-03-17,2014-03-11,2014-03-17,2014-03-18,2014-03-20,2014-03-20,1,0,,0.0002189519997,0.0008965335416,0.03527192792,0,temporal_sigmoid
logistic,S2,2014,2014-03-18,2014-03-12,2014-03-18,2014-03-19,2014-03-21,2014-03-21,1,0,,0.0006220406418,0.001556093917,0.03527192792,0,temporal_sigmoid
logistic,S2,2014,2014-03-19,2014-03-13,2014-03-19,2014-03-20,2014-03-22,2014-03-22,1,0,,0.0005775729784,0.001496329604,0.03527192792,0,temporal_sigmoid
logistic,S2,2014,2014-03-20,2014-03-14,2014-03-20,2014-03-21,2014-03-23,2014-03-23,1,0,,0.003580751252,0.003921356102,0.03527192792,0,temporal_sigmoid
logistic,S2,2014,2014-03-21,2014-03-15,2014-03-21,2014-03-22,2014-03-24,2014-03-24,1,0,,0.002020267893,0.002898368672,0.03527192792,0,temporal_sigmoid
logistic,S2,2014,2014-03-22,2014-03-16,2014-03-22,2014-03-23,2014-03-25,2014-03-25,1,0,,0.0001053890349,0.0006093053732,0.03527192792,0,temporal_sigmoid
logistic,S2,2014,2014-03-23,2014-03-17,2014-03-23,2014-03-24,2014-03-26,2014-03-26,1,0,,5.743939949e-06,0.0001309790797,0.03527192792,0,temporal_sigmoid
logistic,S2,2014,2014-03-24,2014-03-18,2014-03-24,2014-03-25,2014-03-27,2014-03-27,1,0,,2.539642121e-06,8.509368225e-05,0.03527192792,0,temporal_sigmoid
logistic,S2,2014,2014-03-25,2014-03-19,2014-03-25,2014-03-26,2014-03-28,2014-03-28,1,0,,2.730681507e-05,0.0002985162146,0.03527192792,0,temporal_sigmoid
logistic,S2,2014,2014-03-26,2014-03-20,2014-03-26,2014-03-27,2014-03-29,2014-03-29,1,0,,0.001330772101,0.002325000517,0.03527192792,0,temporal_sigmoid
logistic,S2,2014,2014-03-27,2014-03-21,2014-03-27,2014-03-28,2014-03-30,2014-03-30,1,0,,0.03563633091,0.01331185244,0.03527192792,0,temporal_sigmoid
logistic,S2,2014,2014-03-28,2014-03-22,2014-03-28,2014-03-29,2014-03-31,2014-03-31,1,0,,0.490403997,0.07024665439,0.03527192792,1,temporal_sigmoid
logistic,S2,2014,2014-03-29,2014-03-23,2014-03-29,2014-03-30,2014-04-01,2014-04-01,1,0,,0.7439437509,0.1193157889,0.03527192792,1,temporal_sigmoid
logistic,S2,2014,2014-03-30,2014-03-24,2014-03-30,2014-03-31,2014-04-02,2014-04-02,1,0,,0.4540951059,0.06537920089,0.03527192792,1,temporal_sigmoid
logistic,S2,2014,2014-03-31,2014-03-25,2014-03-31,2014-04-01,2014-04-03,2014-04-03,1,0,,0.1912960745,0.03473939204,0.03527192792,0,temporal_sigmoid
logistic,S2,2014,2014-04-01,2014-03-26,2014-04-01,2014-04-02,2014-04-04,2014-04-04,1,0,,0.0453082611,0.01516529848,0.03527192792,0,temporal_sigmoid
logistic,S2,2014,2014-04-02,2014-03-27,2014-04-02,2014-04-03,2014-04-05,2014-04-05,1,0,,0.4040955112,0.05908328209,0.03527192792,1,temporal_sigmoid
logistic,S2,2014,2014-04-03,2014-03-28,2014-04-03,2014-04-04,2014-04-06,2014-04-06,1,0,,0.00554436664,0.004940793721,0.03527192792,0,temporal_sigmoid
logistic,S2,2014,2014-04-04,2014-03-29,2014-04-04,2014-04-05,2014-04-07,2014-04-07,1,0,,8.351770557e-06,0.0001596280866,0.03527192792,0,temporal_sigmoid
logistic,S2,2014,2014-04-05,2014-03-30,2014-04-05,2014-04-06,2014-04-08,2014-04-08,1,0,,7.666496836e-05,0.0005150270795,0.03527192792,0,temporal_sigmoid
logistic,S2,2014,2014-04-06,2014-03-31,2014-04-06,2014-04-07,2014-04-09,2014-04-09,1,0,,6.313321759e-05,0.000464809211,0.03527192792,0,temporal_sigmoid
logistic,S2,2014,2014-04-07,2014-04-01,2014-04-07,2014-04-08,2014-04-10,2014-04-10,1,0,,0.008859661522,0.006332014215,0.03527192792,0,temporal_sigmoid
logistic,S2,2014,2014-04-08,2014-04-02,2014-04-08,2014-04-09,2014-04-11,2014-04-11,1,0,,0.08389624612,0.02133067733,0.03527192792,0,temporal_sigmoid
logistic,S2,2014,2014-04-09,2014-04-03,2014-04-09,2014-04-10,2014-04-12,2014-04-12,1,0,,0.01135913318,0.007223913668,0.03527192792,0,temporal_sigmoid
logistic,S2,2014,2014-04-10,2014-04-04,2014-04-10,2014-04-11,2014-04-13,2014-04-13,1,0,,0.01874885012,0.009430778989,0.03527192792,0,temporal_sigmoid
logistic,S2,2014,2014-04-11,2014-04-05,2014-04-11,2014-04-12,2014-04-14,2014-04-14,1,0,,0.007443705869,0.005774146796,0.03527192792,0,temporal_sigmoid
logistic,S2,2014,2014-04-12,2014-04-06,2014-04-12,2014-04-13,2014-04-15,2014-04-15,1,0,,0.001249183276,0.00224861651,0.03527192792,0,temporal_sigmoid
logistic,S2,2014,2014-04-13,2014-04-07,2014-04-13,2014-04-14,2014-04-16,2014-04-16,1,0,,0.002377668696,0.003158715479,0.03527192792,0,temporal_sigmoid
logistic,S2,2014,2014-04-14,2014-04-08,2014-04-14,2014-04-15,2014-04-17,2014-04-17,1,0,,0.01062777137,0.006973276929,0.03527192792,0,temporal_sigmoid
logistic,S2,2014,2014-04-15,2014-04-09,2014-04-15,2014-04-16,2014-04-18,2014-04-18,1,0,,0.1887338181,0.03444555505,0.03527192792,0,temporal_sigmoid
logistic,S2,2014,2014-04-16,2014-04-10,2014-04-16,2014-04-17,2014-04-19,2014-04-19,1,0,,0.8135920188,0.1438288102,0.03527192792,1,temporal_sigmoid
logistic,S2,2014,2014-04-17,2014-04-11,2014-04-17,2014-04-18,2014-04-20,2014-04-20,1,0,,0.5153574545,0.07377199093,0.03527192792,1,temporal_sigmoid
logistic,S2,2014,2014-04-18,2014-04-12,2014-04-18,2014-04-19,2014-04-21,2014-04-21,1,0,,0.8022044108,0.1391179951,0.03527192792,1,temporal_sigmoid
logistic,S2,2014,2014-04-19,2014-04-13,2014-04-19,2014-04-20,2014-04-22,2014-04-22,1,1,fixed36_0035,0.7643136113,0.1255558202,0.03527192792,1,temporal_sigmoid
logistic,S2,2014,2014-04-20,2014-04-14,2014-04-20,2014-04-21,2014-04-23,2014-04-23,1,1,fixed36_0035,0.9910885112,0.481867659,0.03527192792,1,temporal_sigmoid
logistic,S2,2014,2014-04-21,2014-04-15,2014-04-21,2014-04-22,2014-04-24,2014-04-24,1,1,fixed36_0035,0.9884608083,0.4475596737,0.03527192792,1,temporal_sigmoid
logistic,S2,2014,2014-04-22,2014-04-16,2014-04-22,2014-04-23,2014-04-25,2014-04-25,1,1,fixed36_0035,0.9915182557,0.4884494692,0.03527192792,1,temporal_sigmoid
logistic,S2,2014,2014-04-23,2014-04-17,2014-04-23,2014-04-24,2014-04-26,2014-04-26,1,1,fixed36_0035,0.9957925806,0.5809279976,0.03527192792,1,temporal_sigmoid
logistic,S2,2014,2014-04-24,2014-04-18,2014-04-24,2014-04-25,2014-04-27,2014-04-27,1,0,,0.9987007041,0.7209420326,0.03527192792,1,temporal_sigmoid
logistic,S2,2014,2014-04-25,2014-04-19,2014-04-25,2014-04-26,2014-04-28,2014-04-28,1,0,,0.9257714689,0.2263681984,0.03527192792,1,temporal_sigmoid
logistic,S2,2014,2014-04-26,2014-04-20,2014-04-26,2014-04-27,2014-04-29,2014-04-29,1,0,,0.432683186,0.06263211485,0.03527192792,1,temporal_sigmoid
logistic,S2,2014,2014-04-27,2014-04-21,2014-04-27,2014-04-28,2014-04-30,2014-04-30,1,0,,0.8744490735,0.1769949251,0.03527192792,1,temporal_sigmoid
logistic,S2,2014,2014-04-28,2014-04-22,2014-04-28,2014-04-29,2014-05-01,2014-05-01,1,0,,0.72299325,0.1134890432,0.03527192792,1,temporal_sigmoid
logistic,S2,2014,2014-04-29,2014-04-23,2014-04-29,2014-04-30,2014-05-02,2014-05-02,1,0,,6.989202232e-05,0.0004904664024,0.03527192792,0,temporal_sigmoid
logistic,S2,2014,2014-04-30,2014-04-24,2014-04-30,2014-05-01,2014-05-03,2014-05-03,1,0,,0.0002812841319,0.00102335355,0.03527192792,0,temporal_sigmoid
logistic,S2,2014,2014-05-01,2014-04-25,2014-05-01,2014-05-02,2014-05-04,2014-05-04,1,0,,1.003206407e-05,0.0001758645355,0.03527192792,0,temporal_sigmoid
logistic,S2,2014,2014-05-02,2014-04-26,2014-05-02,2014-05-03,2014-05-05,2014-05-05,1,0,,0.000250820788,0.0009632404094,0.03527192792,0,temporal_sigmoid
logistic,S2,2014,2014-05-03,2014-04-27,2014-05-03,2014-05-04,2014-05-06,2014-05-06,1,0,,1.33356849e-06,6.054149419e-05,0.03527192792,0,temporal_sigmoid
logistic,S2,2014,2014-05-04,2014-04-28,2014-05-04,2014-05-05,2014-05-07,2014-05-07,1,0,,0.002266307838,0.003079705228,0.03527192792,0,temporal_sigmoid
logistic,S2,2014,2014-05-05,2014-04-29,2014-05-05,2014-05-06,2014-05-08,2014-05-08,1,0,,1.105576784e-05,0.0001851300349,0.03527192792,0,temporal_sigmoid
logistic,S2,2014,2014-05-06,2014-04-30,2014-05-06,2014-05-07,2014-05-09,2014-05-09,1,0,,0.08343537305,0.02126445352,0.03527192792,0,temporal_sigmoid
logistic,S2,2014,2014-05-07,2014-05-01,2014-05-07,2014-05-08,2014-05-10,2014-05-10,1,0,,0.0002264667276,0.0009126554189,0.03527192792,0,temporal_sigmoid
logistic,S2,2014,2014-05-08,2014-05-02,2014-05-08,2014-05-09,2014-05-11,2014-05-11,1,0,,0.009576834989,0.006598689315,0.03527192792,0,temporal_sigmoid
logistic,S2,2014,2014-05-09,2014-05-03,2014-05-09,2014-05-10,2014-05-12,2014-05-12,1,0,,0.5615365518,0.08077494641,0.03527192792,1,temporal_sigmoid
logistic,S2,2014,2014-05-10,2014-05-04,2014-05-10,2014-05-11,2014-05-13,2014-05-13,1,0,,0.1478024934,0.02964015459,0.03527192792,0,temporal_sigmoid
logistic,S2,2014,2014-05-11,2014-05-05,2014-05-11,2014-05-12,2014-05-14,2014-05-14,1,0,,0.002041979707,0.002914775178,0.03527192792,0,temporal_sigmoid
logistic,S2,2014,2014-05-12,2014-05-06,2014-05-12,2014-05-13,2014-05-15,2014-05-15,1,1,fixed36_0036,0.022466629,0.01038772893,0.03527192792,0,temporal_sigmoid
logistic,S2,2014,2014-05-13,2014-05-07,2014-05-13,2014-05-14,2014-05-16,2014-05-16,1,1,fixed36_0036,0.09777556288,0.02326949582,0.03527192792,0,temporal_sigmoid
logistic,S2,2014,2014-05-14,2014-05-08,2014-05-14,2014-05-15,2014-05-17,2014-05-17,1,0,,0.4062206116,0.05934288882,0.03527192792,1,temporal_sigmoid
logistic,S2,2014,2014-05-15,2014-05-09,2014-05-15,2014-05-16,2014-05-18,2014-05-18,1,0,,0.1769617747,0.03308679083,0.03527192792,0,temporal_sigmoid
logistic,S2,2014,2014-05-16,2014-05-10,2014-05-16,2014-05-17,2014-05-19,2014-05-19,1,0,,0.2641279748,0.0429367499,0.03527192792,1,temporal_sigmoid
logistic,S2,2014,2014-05-17,2014-05-11,2014-05-17,2014-05-18,2014-05-20,2014-05-20,1,0,,0.08729050089,0.02181449702,0.03527192792,0,temporal_sigmoid
logistic,S2,2014,2014-05-18,2014-05-12,2014-05-18,2014-05-19,2014-05-21,2014-05-21,1,0,,0.5342464538,0.07655471346,0.03527192792,1,temporal_sigmoid
logistic,S2,2014,2014-05-19,2014-05-13,2014-05-19,2014-05-20,2014-05-22,2014-05-22,1,1,fixed36_0037,0.7727822268,0.1283446974,0.03527192792,1,temporal_sigmoid
logistic,S2,2014,2014-05-20,2014-05-14,2014-05-20,2014-05-21,2014-05-23,2014-05-23,1,1,fixed36_0037,0.8450942819,0.1589675015,0.03527192792,1,temporal_sigmoid
logistic,S2,2014,2014-05-21,2014-05-15,2014-05-21,2014-05-22,2014-05-24,2014-05-24,1,0,,0.6508036407,0.09677515298,0.03527192792,1,temporal_sigmoid
logistic,S2,2014,2014-05-22,2014-05-16,2014-05-22,2014-05-23,2014-05-25,2014-05-25,1,0,,0.4298005354,0.06226842953,0.03527192792,1,temporal_sigmoid
logistic,S2,2014,2014-05-23,2014-05-17,2014-05-23,2014-05-24,2014-05-26,2014-05-26,1,0,,0.6032614296,0.08777312646,0.03527192792,1,temporal_sigmoid
logistic,S2,2014,2014-05-24,2014-05-18,2014-05-24,2014-05-25,2014-05-27,2014-05-27,1,0,,0.002669126254,0.003357619856,0.03527192792,0,temporal_sigmoid
logistic,S2,2014,2014-05-25,2014-05-19,2014-05-25,2014-05-26,2014-05-28,2014-05-28,1,0,,0.0004730246993,0.001346586812,0.03527192792,0,temporal_sigmoid
logistic,S2,2014,2014-05-26,2014-05-20,2014-05-26,2014-05-27,2014-05-29,2014-05-29,1,0,,0.001835005835,0.002754843011,0.03527192792,0,temporal_sigmoid
logistic,S2,2014,2014-05-27,2014-05-21,2014-05-27,2014-05-28,2014-05-30,2014-05-30,1,0,,0.0002057228888,0.0008675036357,0.03527192792,0,temporal_sigmoid
logistic,S2,2014,2014-05-28,2014-05-22,2014-05-28,2014-05-29,2014-05-31,2014-05-31,1,0,,7.600718729e-06,0.00015187413,0.03527192792,0,temporal_sigmoid
logistic,S2,2014,2014-05-29,2014-05-23,2014-05-29,2014-05-30,2014-06-01,2014-06-01,1,0,,0.09131442015,0.02237961506,0.03527192792,0,temporal_sigmoid
logistic,S2,2014,2014-05-30,2014-05-24,2014-05-30,2014-05-31,2014-06-02,2014-06-02,1,0,,0.0001565736972,0.0007510147293,0.03527192792,0,temporal_sigmoid
logistic,S2,2014,2014-05-31,2014-05-25,2014-05-31,2014-06-01,2014-06-03,2014-06-03,1,0,,4.478662093e-07,5.199778912e-05,0.03527192792,0,temporal_sigmoid
logistic,S2,2014,2014-06-01,2014-05-26,2014-06-01,2014-06-02,2014-06-04,2014-06-04,1,0,,5.139487158e-07,5.199778912e-05,0.03527192792,0,temporal_sigmoid
logistic,S2,2014,2014-06-02,2014-05-27,2014-06-02,2014-06-03,2014-06-05,2014-06-05,1,0,,1.35154451e-06,6.09714123e-05,0.03527192792,0,temporal_sigmoid
logistic,S2,2014,2014-06-03,2014-05-28,2014-06-03,2014-06-04,2014-06-06,2014-06-06,1,0,,8.6585231e-06,0.0001626999047,0.03527192792,0,temporal_sigmoid
logistic,S2,2014,2014-06-04,2014-05-29,2014-06-04,2014-06-05,2014-06-07,2014-06-07,1,0,,0.00199634568,0.002880195327,0.03527192792,0,temporal_sigmoid
logistic,S2,2014,2014-06-05,2014-05-30,2014-06-05,2014-06-06,2014-06-08,2014-06-08,1,0,,0.004075762516,0.004199038735,0.03527192792,0,temporal_sigmoid
logistic,S2,2014,2014-06-06,2014-05-31,2014-06-06,2014-06-07,2014-06-09,2014-06-09,1,0,,0.003858161946,0.004079045038,0.03527192792,0,temporal_sigmoid
logistic,S2,2014,2014-06-07,2014-06-01,2014-06-07,2014-06-08,2014-06-10,2014-06-10,1,0,,0.001605630341,0.002567299126,0.03527192792,0,temporal_sigmoid
logistic,S2,2014,2014-06-08,2014-06-02,2014-06-08,2014-06-09,2014-06-11,2014-06-11,1,0,,0.004596259561,0.004474409324,0.03527192792,0,temporal_sigmoid
logistic,S2,2014,2014-06-09,2014-06-03,2014-06-09,2014-06-10,2014-06-12,2014-06-12,1,0,,0.0003810055947,0.001201217337,0.03527192792,0,temporal_sigmoid
logistic,S2,2014,2014-06-10,2014-06-04,2014-06-10,2014-06-11,2014-06-13,2014-06-13,1,0,,0.0001454151902,0.0007222514782,0.03527192792,0,temporal_sigmoid
logistic,S2,2014,2014-06-11,2014-06-05,2014-06-11,2014-06-12,2014-06-14,2014-06-14,1,0,,1.999802542e-05,0.0002532135674,0.03527192792,0,temporal_sigmoid
logistic,S2,2014,2014-06-12,2014-06-06,2014-06-12,2014-06-13,2014-06-15,2014-06-15,1,0,,0.003214387183,0.003704010646,0.03527192792,0,temporal_sigmoid
logistic,S2,2014,2014-06-13,2014-06-07,2014-06-13,2014-06-14,2014-06-16,2014-06-16,1,0,,1.861402674e-05,0.0002437975563,0.03527192792,0,temporal_sigmoid
logistic,S2,2014,2014-06-14,2014-06-08,2014-06-14,2014-06-15,2014-06-17,2014-06-17,1,0,,6.953530369e-08,5.199778912e-05,0.03527192792,0,temporal_sigmoid
logistic,S2,2014,2014-06-15,2014-06-09,2014-06-15,2014-06-16,2014-06-18,2014-06-18,1,0,,6.624091479e-08,5.199778912e-05,0.03527192792,0,temporal_sigmoid
logistic,S2,2014,2014-06-16,2014-06-10,2014-06-16,2014-06-17,2014-06-19,2014-06-19,1,0,,2.117651659e-06,7.730215956e-05,0.03527192792,0,temporal_sigmoid
logistic,S2,2014,2014-06-17,2014-06-11,2014-06-17,2014-06-18,2014-06-20,2014-06-20,1,0,,6.702538485e-07,5.199778912e-05,0.03527192792,0,temporal_sigmoid
logistic,S2,2014,2014-06-18,2014-06-12,2014-06-18,2014-06-19,2014-06-21,2014-06-21,1,0,,6.335362894e-07,5.199778912e-05,0.03527192792,0,temporal_sigmoid
logistic,S2,2014,2014-06-19,2014-06-13,2014-06-19,2014-06-20,2014-06-22,2014-06-22,1,0,,1.057583446e-08,5.199778912e-05,0.03527192792,0,temporal_sigmoid
logistic,S2,2014,2014-06-20,2014-06-14,2014-06-20,2014-06-21,2014-06-23,2014-06-23,1,0,,5.96448639e-09,5.199778912e-05,0.03527192792,0,temporal_sigmoid
logistic,S2,2014,2014-06-21,2014-06-15,2014-06-21,2014-06-22,2014-06-24,2014-06-24,1,0,,3.844116238e-12,5.199778912e-05,0.03527192792,0,temporal_sigmoid
logistic,S2,2014,2014-06-22,2014-06-16,2014-06-22,2014-06-23,2014-06-25,2014-06-25,1,0,,1.700979891e-15,5.199778912e-05,0.03527192792,0,temporal_sigmoid
logistic,S2,2014,2014-06-23,2014-06-17,2014-06-23,2014-06-24,2014-06-26,2014-06-26,1,0,,1.790011222e-12,5.199778912e-05,0.03527192792,0,temporal_sigmoid
logistic,S2,2014,2014-06-24,2014-06-18,2014-06-24,2014-06-25,2014-06-27,2014-06-27,1,0,,7.253404859e-11,5.199778912e-05,0.03527192792,0,temporal_sigmoid
logistic,S2,2014,2014-06-25,2014-06-19,2014-06-25,2014-06-26,2014-06-28,2014-06-28,1,0,,6.766454502e-09,5.199778912e-05,0.03527192792,0,temporal_sigmoid
logistic,S2,2014,2014-06-26,2014-06-20,2014-06-26,2014-06-27,2014-06-29,2014-06-29,1,0,,6.637588744e-11,5.199778912e-05,0.03527192792,0,temporal_sigmoid
logistic,S2,2014,2014-06-27,2014-06-21,2014-06-27,2014-06-28,2014-06-30,2014-06-30,1,0,,2.57749013e-11,5.199778912e-05,0.03527192792,0,temporal_sigmoid
logistic,S2,2015,2015-02-28,2015-02-22,2015-02-28,2015-03-01,2015-03-03,2015-03-03,1,0,,0.0007800953105,0.0004357251793,0.01598689885,0,temporal_sigmoid
logistic,S2,2015,2015-03-01,2015-02-23,2015-03-01,2015-03-02,2015-03-04,2015-03-04,1,0,,0.0009345200527,0.000498617805,0.01598689885,0,temporal_sigmoid
logistic,S2,2015,2015-03-02,2015-02-24,2015-03-02,2015-03-03,2015-03-05,2015-03-05,1,0,,0.001744743333,0.0007947451785,0.01598689885,0,temporal_sigmoid
logistic,S2,2015,2015-03-03,2015-02-25,2015-03-03,2015-03-04,2015-03-06,2015-03-06,1,0,,0.0007108806086,0.0004065304884,0.01598689885,0,temporal_sigmoid
logistic,S2,2015,2015-03-04,2015-02-26,2015-03-04,2015-03-05,2015-03-07,2015-03-07,1,0,,3.153442314e-07,3.027176143e-06,0.01598689885,0,temporal_sigmoid
logistic,S2,2015,2015-03-05,2015-02-27,2015-03-05,2015-03-06,2015-03-08,2015-03-08,1,0,,4.389458317e-06,9.128531127e-06,0.01598689885,0,temporal_sigmoid
logistic,S2,2015,2015-03-06,2015-02-28,2015-03-06,2015-03-07,2015-03-09,2015-03-09,1,0,,5.168867325e-07,3.027176143e-06,0.01598689885,0,temporal_sigmoid
logistic,S2,2015,2015-03-07,2015-03-01,2015-03-07,2015-03-08,2015-03-10,2015-03-10,1,0,,6.933796701e-07,3.027176143e-06,0.01598689885,0,temporal_sigmoid
logistic,S2,2015,2015-03-08,2015-03-02,2015-03-08,2015-03-09,2015-03-11,2015-03-11,1,0,,4.453994138e-06,9.228493328e-06,0.01598689885,0,temporal_sigmoid
logistic,S2,2015,2015-03-09,2015-03-03,2015-03-09,2015-03-10,2015-03-12,2015-03-12,1,0,,1.276419625e-05,2.024521712e-05,0.01598689885,0,temporal_sigmoid
logistic,S2,2015,2015-03-10,2015-03-04,2015-03-10,2015-03-11,2015-03-13,2015-03-13,1,0,,0.0006765251178,0.0003917740442,0.01598689885,0,temporal_sigmoid
logistic,S2,2015,2015-03-11,2015-03-05,2015-03-11,2015-03-12,2015-03-14,2015-03-14,1,0,,0.0005701556777,0.0003448151044,0.01598689885,0,temporal_sigmoid
logistic,S2,2015,2015-03-12,2015-03-06,2015-03-12,2015-03-13,2015-03-15,2015-03-15,1,0,,0.0006620017525,0.0003854791943,0.01598689885,0,temporal_sigmoid
logistic,S2,2015,2015-03-13,2015-03-07,2015-03-13,2015-03-14,2015-03-16,2015-03-16,1,0,,0.001052586022,0.0005449305591,0.01598689885,0,temporal_sigmoid
logistic,S2,2015,2015-03-14,2015-03-08,2015-03-14,2015-03-15,2015-03-17,2015-03-17,1,0,,0.05289434925,0.01043959559,0.01598689885,0,temporal_sigmoid
logistic,S2,2015,2015-03-15,2015-03-09,2015-03-15,2015-03-16,2015-03-18,2015-03-18,1,0,,0.1874165651,0.0295012556,0.01598689885,1,temporal_sigmoid
logistic,S2,2015,2015-03-16,2015-03-10,2015-03-16,2015-03-17,2015-03-19,2015-03-19,1,0,,0.01497891497,0.003980394763,0.01598689885,0,temporal_sigmoid
logistic,S2,2015,2015-03-17,2015-03-11,2015-03-17,2015-03-18,2015-03-20,2015-03-20,1,0,,0.06169701861,0.01177631966,0.01598689885,0,temporal_sigmoid
logistic,S2,2015,2015-03-18,2015-03-12,2015-03-18,2015-03-19,2015-03-21,2015-03-21,1,0,,0.009813586637,0.002895097922,0.01598689885,0,temporal_sigmoid
logistic,S2,2015,2015-03-19,2015-03-13,2015-03-19,2015-03-20,2015-03-22,2015-03-22,1,0,,0.0008511988062,0.000465041161,0.01598689885,0,temporal_sigmoid
logistic,S2,2015,2015-03-20,2015-03-14,2015-03-20,2015-03-21,2015-03-23,2015-03-23,1,0,,0.0003143748591,0.0002211216385,0.01598689885,0,temporal_sigmoid
logistic,S2,2015,2015-03-21,2015-03-15,2015-03-21,2015-03-22,2015-03-24,2015-03-24,1,0,,0.0001801825726,0.0001459615861,0.01598689885,0,temporal_sigmoid
logistic,S2,2015,2015-03-22,2015-03-16,2015-03-22,2015-03-23,2015-03-25,2015-03-25,1,0,,0.000529916451,0.0003264844932,0.01598689885,0,temporal_sigmoid
logistic,S2,2015,2015-03-23,2015-03-17,2015-03-23,2015-03-24,2015-03-26,2015-03-26,1,0,,0.007276590434,0.002312899287,0.01598689885,0,temporal_sigmoid
logistic,S2,2015,2015-03-24,2015-03-18,2015-03-24,2015-03-25,2015-03-27,2015-03-27,1,0,,0.08138413965,0.01466757008,0.01598689885,0,temporal_sigmoid
logistic,S2,2015,2015-03-25,2015-03-19,2015-03-25,2015-03-26,2015-03-28,2015-03-28,1,0,,0.133687908,0.02202646156,0.01598689885,1,temporal_sigmoid
logistic,S2,2015,2015-03-26,2015-03-20,2015-03-26,2015-03-27,2015-03-29,2015-03-29,1,0,,0.110430652,0.01878708536,0.01598689885,1,temporal_sigmoid
logistic,S2,2015,2015-03-27,2015-03-21,2015-03-27,2015-03-28,2015-03-30,2015-03-30,1,0,,0.02377214647,0.005646548571,0.01598689885,0,temporal_sigmoid
logistic,S2,2015,2015-03-28,2015-03-22,2015-03-28,2015-03-29,2015-03-31,2015-03-31,1,0,,0.04291754733,0.008876418436,0.01598689885,0,temporal_sigmoid
logistic,S2,2015,2015-03-29,2015-03-23,2015-03-29,2015-03-30,2015-04-01,2015-04-01,1,0,,0.2110852124,0.03284447584,0.01598689885,1,temporal_sigmoid
logistic,S2,2015,2015-03-30,2015-03-24,2015-03-30,2015-03-31,2015-04-02,2015-04-02,1,0,,0.5140670396,0.08652719645,0.01598689885,1,temporal_sigmoid
logistic,S2,2015,2015-03-31,2015-03-25,2015-03-31,2015-04-01,2015-04-03,2015-04-03,1,0,,0.002269578766,0.0009672733006,0.01598689885,0,temporal_sigmoid
logistic,S2,2015,2015-04-01,2015-03-26,2015-04-01,2015-04-02,2015-04-04,2015-04-04,1,0,,3.174716483e-05,3.99575204e-05,0.01598689885,0,temporal_sigmoid
logistic,S2,2015,2015-04-02,2015-03-27,2015-04-02,2015-04-03,2015-04-05,2015-04-05,1,0,,2.515083319e-07,3.027176143e-06,0.01598689885,0,temporal_sigmoid
logistic,S2,2015,2015-04-03,2015-03-28,2015-04-03,2015-04-04,2015-04-06,2015-04-06,1,0,,0.000109863612,0.000100904003,0.01598689885,0,temporal_sigmoid
logistic,S2,2015,2015-04-04,2015-03-29,2015-04-04,2015-04-05,2015-04-07,2015-04-07,1,0,,1.521084855e-06,4.139611943e-06,0.01598689885,0,temporal_sigmoid
logistic,S2,2015,2015-04-05,2015-03-30,2015-04-05,2015-04-06,2015-04-08,2015-04-08,1,0,,2.362096043e-08,3.027176143e-06,0.01598689885,0,temporal_sigmoid
logistic,S2,2015,2015-04-06,2015-03-31,2015-04-06,2015-04-07,2015-04-09,2015-04-09,1,0,,4.370730698e-07,3.027176143e-06,0.01598689885,0,temporal_sigmoid
logistic,S2,2015,2015-04-07,2015-04-01,2015-04-07,2015-04-08,2015-04-10,2015-04-10,1,0,,0.0002551671905,0.0001892358251,0.01598689885,0,temporal_sigmoid
logistic,S2,2015,2015-04-08,2015-04-02,2015-04-08,2015-04-09,2015-04-11,2015-04-11,1,0,,0.0005966230462,0.0003566930747,0.01598689885,0,temporal_sigmoid
logistic,S2,2015,2015-04-09,2015-04-03,2015-04-09,2015-04-10,2015-04-12,2015-04-12,1,0,,0.01459211391,0.003902603602,0.01598689885,0,temporal_sigmoid
logistic,S2,2015,2015-04-10,2015-04-04,2015-04-10,2015-04-11,2015-04-13,2015-04-13,1,0,,0.08500408392,0.01518837293,0.01598689885,0,temporal_sigmoid
logistic,S2,2015,2015-04-11,2015-04-05,2015-04-11,2015-04-12,2015-04-14,2015-04-14,1,0,,0.03963732973,0.008348218879,0.01598689885,0,temporal_sigmoid
logistic,S2,2015,2015-04-12,2015-04-06,2015-04-12,2015-04-13,2015-04-15,2015-04-15,1,0,,0.05200814777,0.01030303108,0.01598689885,0,temporal_sigmoid
logistic,S2,2015,2015-04-13,2015-04-07,2015-04-13,2015-04-14,2015-04-16,2015-04-16,1,0,,0.09221849982,0.016218885,0.01598689885,1,temporal_sigmoid
logistic,S2,2015,2015-04-14,2015-04-08,2015-04-14,2015-04-15,2015-04-17,2015-04-17,1,0,,0.1268175317,0.02107224824,0.01598689885,1,temporal_sigmoid
logistic,S2,2015,2015-04-15,2015-04-09,2015-04-15,2015-04-16,2015-04-18,2015-04-18,1,0,,0.4517676617,0.07288428965,0.01598689885,1,temporal_sigmoid
logistic,S2,2015,2015-04-16,2015-04-10,2015-04-16,2015-04-17,2015-04-19,2015-04-19,1,0,,0.4049040826,0.06379661163,0.01598689885,1,temporal_sigmoid
logistic,S2,2015,2015-04-17,2015-04-11,2015-04-17,2015-04-18,2015-04-20,2015-04-20,1,0,,0.0442369022,0.009086675352,0.01598689885,0,temporal_sigmoid
logistic,S2,2015,2015-04-18,2015-04-12,2015-04-18,2015-04-19,2015-04-21,2015-04-21,1,0,,0.009392030176,0.002801157637,0.01598689885,0,temporal_sigmoid
logistic,S2,2015,2015-04-19,2015-04-13,2015-04-19,2015-04-20,2015-04-22,2015-04-22,1,0,,0.0002884926851,0.0002073891296,0.01598689885,0,temporal_sigmoid
logistic,S2,2015,2015-04-20,2015-04-14,2015-04-20,2015-04-21,2015-04-23,2015-04-23,1,0,,0.02525281307,0.005912078478,0.01598689885,0,temporal_sigmoid
logistic,S2,2015,2015-04-21,2015-04-15,2015-04-21,2015-04-22,2015-04-24,2015-04-24,1,0,,0.01629727406,0.004242117152,0.01598689885,0,temporal_sigmoid
logistic,S2,2015,2015-04-22,2015-04-16,2015-04-22,2015-04-23,2015-04-25,2015-04-25,1,0,,0.01014808894,0.00296894804,0.01598689885,0,temporal_sigmoid
logistic,S2,2015,2015-04-23,2015-04-17,2015-04-23,2015-04-24,2015-04-26,2015-04-26,1,0,,3.305210848e-05,4.117679595e-05,0.01598689885,0,temporal_sigmoid
logistic,S2,2015,2015-04-24,2015-04-18,2015-04-24,2015-04-25,2015-04-27,2015-04-27,1,0,,3.051904264e-08,3.027176143e-06,0.01598689885,0,temporal_sigmoid
logistic,S2,2015,2015-04-25,2015-04-19,2015-04-25,2015-04-26,2015-04-28,2015-04-28,1,0,,4.153541501e-06,8.759876011e-06,0.01598689885,0,temporal_sigmoid
logistic,S2,2015,2015-04-26,2015-04-20,2015-04-26,2015-04-27,2015-04-29,2015-04-29,1,0,,0.002491991036,0.001037259707,0.01598689885,0,temporal_sigmoid
logistic,S2,2015,2015-04-27,2015-04-21,2015-04-27,2015-04-28,2015-04-30,2015-04-30,1,0,,0.01235968988,0.003443598224,0.01598689885,0,temporal_sigmoid
logistic,S2,2015,2015-04-28,2015-04-22,2015-04-28,2015-04-29,2015-05-01,2015-05-01,1,0,,0.003734890702,0.00140366152,0.01598689885,0,temporal_sigmoid
logistic,S2,2015,2015-04-29,2015-04-23,2015-04-29,2015-04-30,2015-05-02,2015-05-02,1,0,,0.000419484955,0.0002742314247,0.01598689885,0,temporal_sigmoid
logistic,S2,2015,2015-04-30,2015-04-24,2015-04-30,2015-05-01,2015-05-03,2015-05-03,1,0,,0.00113363348,0.0005759605543,0.01598689885,0,temporal_sigmoid
logistic,S2,2015,2015-05-01,2015-04-25,2015-05-01,2015-05-02,2015-05-04,2015-05-04,1,0,,0.0003879819351,0.0002587104935,0.01598689885,0,temporal_sigmoid
logistic,S2,2015,2015-05-02,2015-04-26,2015-05-02,2015-05-03,2015-05-05,2015-05-05,1,0,,0.01480632424,0.003945743022,0.01598689885,0,temporal_sigmoid
logistic,S2,2015,2015-05-03,2015-04-27,2015-05-03,2015-05-04,2015-05-06,2015-05-06,1,0,,0.3738499469,0.05821505001,0.01598689885,1,temporal_sigmoid
logistic,S2,2015,2015-05-04,2015-04-28,2015-05-04,2015-05-05,2015-05-07,2015-05-07,1,0,,0.2193612579,0.03402609052,0.01598689885,1,temporal_sigmoid
logistic,S2,2015,2015-05-05,2015-04-29,2015-05-05,2015-05-06,2015-05-08,2015-05-08,1,0,,0.3794338287,0.05919572076,0.01598689885,1,temporal_sigmoid
logistic,S2,2015,2015-05-06,2015-04-30,2015-05-06,2015-05-07,2015-05-09,2015-05-09,1,0,,0.4220159193,0.06701489964,0.01598689885,1,temporal_sigmoid
logistic,S2,2015,2015-05-07,2015-05-01,2015-05-07,2015-05-08,2015-05-10,2015-05-10,1,0,,0.002104637018,0.0009142548471,0.01598689885,0,temporal_sigmoid
logistic,S2,2015,2015-05-08,2015-05-02,2015-05-08,2015-05-09,2015-05-11,2015-05-11,1,0,,0.001614308802,0.0007499368372,0.01598689885,0,temporal_sigmoid
logistic,S2,2015,2015-05-09,2015-05-03,2015-05-09,2015-05-10,2015-05-12,2015-05-12,1,0,,0.004671896424,0.001659578256,0.01598689885,0,temporal_sigmoid
logistic,S2,2015,2015-05-10,2015-05-04,2015-05-10,2015-05-11,2015-05-13,2015-05-13,1,0,,0.0006958502811,0.0004000973704,0.01598689885,0,temporal_sigmoid
logistic,S2,2015,2015-05-11,2015-05-05,2015-05-11,2015-05-12,2015-05-14,2015-05-14,1,0,,0.000356798514,0.000243028833,0.01598689885,0,temporal_sigmoid
logistic,S2,2015,2015-05-12,2015-05-06,2015-05-12,2015-05-13,2015-05-15,2015-05-15,1,0,,0.0005412026697,0.0003316603492,0.01598689885,0,temporal_sigmoid
logistic,S2,2015,2015-05-13,2015-05-07,2015-05-13,2015-05-14,2015-05-16,2015-05-16,1,0,,0.06757134366,0.01265125748,0.01598689885,0,temporal_sigmoid
logistic,S2,2015,2015-05-14,2015-05-08,2015-05-14,2015-05-15,2015-05-17,2015-05-17,1,0,,0.3398089758,0.0524322734,0.01598689885,1,temporal_sigmoid
logistic,S2,2015,2015-05-15,2015-05-09,2015-05-15,2015-05-16,2015-05-18,2015-05-18,1,0,,0.0164804608,0.004278087335,0.01598689885,0,temporal_sigmoid
logistic,S2,2015,2015-05-16,2015-05-10,2015-05-16,2015-05-17,2015-05-19,2015-05-19,1,0,,4.389871821e-05,5.088884022e-05,0.01598689885,0,temporal_sigmoid
logistic,S2,2015,2015-05-17,2015-05-11,2015-05-17,2015-05-18,2015-05-20,2015-05-20,1,0,,0.001181335861,0.0005939608943,0.01598689885,0,temporal_sigmoid
logistic,S2,2015,2015-05-18,2015-05-12,2015-05-18,2015-05-19,2015-05-21,2015-05-21,1,0,,0.06178961389,0.01179020793,0.01598689885,0,temporal_sigmoid
logistic,S2,2015,2015-05-19,2015-05-13,2015-05-19,2015-05-20,2015-05-22,2015-05-22,1,0,,0.3130629233,0.04809976634,0.01598689885,1,temporal_sigmoid
logistic,S2,2015,2015-05-20,2015-05-14,2015-05-20,2015-05-21,2015-05-23,2015-05-23,1,0,,0.3276750078,0.05044551829,0.01598689885,1,temporal_sigmoid
logistic,S2,2015,2015-05-21,2015-05-15,2015-05-21,2015-05-22,2015-05-24,2015-05-24,1,0,,0.2057079501,0.03208052406,0.01598689885,1,temporal_sigmoid
logistic,S2,2015,2015-05-22,2015-05-16,2015-05-22,2015-05-23,2015-05-25,2015-05-25,1,0,,0.3677053071,0.05714683642,0.01598689885,1,temporal_sigmoid
logistic,S2,2015,2015-05-23,2015-05-17,2015-05-23,2015-05-24,2015-05-26,2015-05-26,1,0,,0.224771696,0.03480267771,0.01598689885,1,temporal_sigmoid
logistic,S2,2015,2015-05-24,2015-05-18,2015-05-24,2015-05-25,2015-05-27,2015-05-27,1,0,,0.01630228486,0.004243102301,0.01598689885,0,temporal_sigmoid
logistic,S2,2015,2015-05-25,2015-05-19,2015-05-25,2015-05-26,2015-05-28,2015-05-28,1,0,,0.04648710334,0.009442603129,0.01598689885,0,temporal_sigmoid
logistic,S2,2015,2015-05-26,2015-05-20,2015-05-26,2015-05-27,2015-05-29,2015-05-29,1,0,,0.02597880555,0.006041023876,0.01598689885,0,temporal_sigmoid
logistic,S2,2015,2015-05-27,2015-05-21,2015-05-27,2015-05-28,2015-05-30,2015-05-30,1,0,,0.008562869615,0.002613339086,0.01598689885,0,temporal_sigmoid
logistic,S2,2015,2015-05-28,2015-05-22,2015-05-28,2015-05-29,2015-05-31,2015-05-31,1,0,,0.1048876873,0.018009499,0.01598689885,1,temporal_sigmoid
logistic,S2,2015,2015-05-29,2015-05-23,2015-05-29,2015-05-30,2015-06-01,2015-06-01,1,0,,0.1803409092,0.02851033621,0.01598689885,1,temporal_sigmoid
logistic,S2,2015,2015-05-30,2015-05-24,2015-05-30,2015-05-31,2015-06-02,2015-06-02,1,0,,0.006123904286,0.002032417662,0.01598689885,0,temporal_sigmoid
logistic,S2,2015,2015-05-31,2015-05-25,2015-05-31,2015-06-01,2015-06-03,2015-06-03,1,0,,0.1837164319,0.02898265437,0.01598689885,1,temporal_sigmoid
logistic,S2,2015,2015-06-01,2015-05-26,2015-06-01,2015-06-02,2015-06-04,2015-06-04,1,0,,0.1164547946,0.01962915731,0.01598689885,1,temporal_sigmoid
logistic,S2,2015,2015-06-02,2015-05-27,2015-06-02,2015-06-03,2015-06-05,2015-06-05,1,0,,0.03567576339,0.007698741167,0.01598689885,0,temporal_sigmoid
logistic,S2,2015,2015-06-03,2015-05-28,2015-06-03,2015-06-04,2015-06-06,2015-06-06,1,0,,0.1245600775,0.02075834483,0.01598689885,1,temporal_sigmoid
logistic,S2,2015,2015-06-04,2015-05-29,2015-06-04,2015-06-05,2015-06-07,2015-06-07,1,0,,0.2802382556,0.04299744865,0.01598689885,1,temporal_sigmoid
logistic,S2,2015,2015-06-05,2015-05-30,2015-06-05,2015-06-06,2015-06-08,2015-06-08,1,0,,0.10683157,0.01828253395,0.01598689885,1,temporal_sigmoid
logistic,S2,2015,2015-06-06,2015-05-31,2015-06-06,2015-06-07,2015-06-09,2015-06-09,1,0,,0.007321046006,0.002323488183,0.01598689885,0,temporal_sigmoid
logistic,S2,2015,2015-06-07,2015-06-01,2015-06-07,2015-06-08,2015-06-10,2015-06-10,1,0,,0.08910140262,0.01577476179,0.01598689885,0,temporal_sigmoid
logistic,S2,2015,2015-06-08,2015-06-02,2015-06-08,2015-06-09,2015-06-11,2015-06-11,1,0,,0.09982394692,0.01729630038,0.01598689885,1,temporal_sigmoid
logistic,S2,2015,2015-06-09,2015-06-03,2015-06-09,2015-06-10,2015-06-12,2015-06-12,1,0,,0.09008063652,0.01591445812,0.01598689885,0,temporal_sigmoid
logistic,S2,2015,2015-06-10,2015-06-04,2015-06-10,2015-06-11,2015-06-13,2015-06-13,1,0,,0.0002798688278,0.0002027449917,0.01598689885,0,temporal_sigmoid
logistic,S2,2015,2015-06-11,2015-06-05,2015-06-11,2015-06-12,2015-06-14,2015-06-14,1,0,,2.140570375e-06,5.341669412e-06,0.01598689885,0,temporal_sigmoid
logistic,S2,2015,2015-06-12,2015-06-06,2015-06-12,2015-06-13,2015-06-15,2015-06-15,1,0,,1.171393908e-05,1.898875961e-05,0.01598689885,0,temporal_sigmoid
logistic,S2,2015,2015-06-13,2015-06-07,2015-06-13,2015-06-14,2015-06-16,2015-06-16,1,0,,4.782170895e-07,3.027176143e-06,0.01598689885,0,temporal_sigmoid
logistic,S2,2015,2015-06-14,2015-06-08,2015-06-14,2015-06-15,2015-06-17,2015-06-17,1,0,,2.339201257e-05,3.181455345e-05,0.01598689885,0,temporal_sigmoid
logistic,S2,2015,2015-06-15,2015-06-09,2015-06-15,2015-06-16,2015-06-18,2015-06-18,1,0,,3.047723089e-06,6.953083717e-06,0.01598689885,0,temporal_sigmoid
logistic,S2,2015,2015-06-16,2015-06-10,2015-06-16,2015-06-17,2015-06-19,2015-06-19,1,0,,1.331797104e-06,3.748803963e-06,0.01598689885,0,temporal_sigmoid
logistic,S2,2015,2015-06-17,2015-06-11,2015-06-17,2015-06-18,2015-06-20,2015-06-20,1,0,,0.0001364090722,0.0001185888511,0.01598689885,0,temporal_sigmoid
logistic,S2,2015,2015-06-18,2015-06-12,2015-06-18,2015-06-19,2015-06-21,2015-06-21,1,0,,0.002270200392,0.0009674712426,0.01598689885,0,temporal_sigmoid
logistic,S2,2015,2015-06-19,2015-06-13,2015-06-19,2015-06-20,2015-06-22,2015-06-22,1,0,,0.01194797437,0.003356882899,0.01598689885,0,temporal_sigmoid
logistic,S2,2015,2015-06-20,2015-06-14,2015-06-20,2015-06-21,2015-06-23,2015-06-23,1,0,,0.0016730466,0.0007702238577,0.01598689885,0,temporal_sigmoid
logistic,S2,2015,2015-06-21,2015-06-15,2015-06-21,2015-06-22,2015-06-24,2015-06-24,1,0,,3.039131956e-05,3.867712659e-05,0.01598689885,0,temporal_sigmoid
logistic,S2,2015,2015-06-22,2015-06-16,2015-06-22,2015-06-23,2015-06-25,2015-06-25,1,0,,8.509369436e-07,3.027176143e-06,0.01598689885,0,temporal_sigmoid
logistic,S2,2015,2015-06-23,2015-06-17,2015-06-23,2015-06-24,2015-06-26,2015-06-26,1,0,,3.124425012e-06,7.083245911e-06,0.01598689885,0,temporal_sigmoid
logistic,S2,2015,2015-06-24,2015-06-18,2015-06-24,2015-06-25,2015-06-27,2015-06-27,1,0,,5.645165113e-06,1.101372382e-05,0.01598689885,0,temporal_sigmoid
logistic,S2,2015,2015-06-25,2015-06-19,2015-06-25,2015-06-26,2015-06-28,2015-06-28,1,0,,6.084888989e-09,3.027176143e-06,0.01598689885,0,temporal_sigmoid
logistic,S2,2015,2015-06-26,2015-06-20,2015-06-26,2015-06-27,2015-06-29,2015-06-29,1,0,,2.099269728e-09,3.027176143e-06,0.01598689885,0,temporal_sigmoid
logistic,S2,2015,2015-06-27,2015-06-21,2015-06-27,2015-06-28,2015-06-30,2015-06-30,1,0,,3.673176897e-09,3.027176143e-06,0.01598689885,0,temporal_sigmoid
logistic,S2,2016,2016-02-29,2016-02-23,2016-02-29,2016-03-01,2016-03-03,2016-03-03,1,0,,0.0006143907877,0.0004051537238,0.01537607957,0,temporal_sigmoid
logistic,S2,2016,2016-03-01,2016-02-24,2016-03-01,2016-03-02,2016-03-04,2016-03-04,1,0,,0.000264358582,0.0002177488493,0.01537607957,0,temporal_sigmoid
logistic,S2,2016,2016-03-02,2016-02-25,2016-03-02,2016-03-03,2016-03-05,2016-03-05,1,0,,0.0008079461814,0.0004956831315,0.01537607957,0,temporal_sigmoid
logistic,S2,2016,2016-03-03,2016-02-26,2016-03-03,2016-03-04,2016-03-06,2016-03-06,1,0,,0.001459861392,0.0007663830635,0.01537607957,0,temporal_sigmoid
logistic,S2,2016,2016-03-04,2016-02-27,2016-03-04,2016-03-05,2016-03-07,2016-03-07,1,0,,0.00873513339,0.002869878407,0.01537607957,0,temporal_sigmoid
logistic,S2,2016,2016-03-05,2016-02-28,2016-03-05,2016-03-06,2016-03-08,2016-03-08,1,0,,0.004702393258,0.001815613809,0.01537607957,0,temporal_sigmoid
logistic,S2,2016,2016-03-06,2016-02-29,2016-03-06,2016-03-07,2016-03-09,2016-03-09,1,0,,0.001898634741,0.0009301165455,0.01537607957,0,temporal_sigmoid
logistic,S2,2016,2016-03-07,2016-03-01,2016-03-07,2016-03-08,2016-03-10,2016-03-10,1,0,,0.001165473983,0.000649225785,0.01537607957,0,temporal_sigmoid
logistic,S2,2016,2016-03-08,2016-03-02,2016-03-08,2016-03-09,2016-03-11,2016-03-11,1,0,,0.002165701693,0.001024851092,0.01537607957,0,temporal_sigmoid
logistic,S2,2016,2016-03-09,2016-03-03,2016-03-09,2016-03-10,2016-03-12,2016-03-12,1,0,,0.01489216679,0.004263992709,0.01537607957,0,temporal_sigmoid
logistic,S2,2016,2016-03-10,2016-03-04,2016-03-10,2016-03-11,2016-03-13,2016-03-13,1,0,,0.01912447449,0.005137905239,0.01537607957,0,temporal_sigmoid
logistic,S2,2016,2016-03-11,2016-03-05,2016-03-11,2016-03-12,2016-03-14,2016-03-14,1,0,,0.05438823921,0.01132284681,0.01537607957,0,temporal_sigmoid
logistic,S2,2016,2016-03-12,2016-03-06,2016-03-12,2016-03-13,2016-03-15,2016-03-15,1,0,,0.4532673675,0.07549322875,0.01537607957,1,temporal_sigmoid
logistic,S2,2016,2016-03-13,2016-03-07,2016-03-13,2016-03-14,2016-03-16,2016-03-16,1,0,,0.110908388,0.01984829089,0.01537607957,1,temporal_sigmoid
logistic,S2,2016,2016-03-14,2016-03-08,2016-03-14,2016-03-15,2016-03-17,2016-03-17,1,0,,0.001371738607,0.0007320245281,0.01537607957,0,temporal_sigmoid
logistic,S2,2016,2016-03-15,2016-03-09,2016-03-15,2016-03-16,2016-03-18,2016-03-18,1,0,,0.0008812630024,0.0005284270527,0.01537607957,0,temporal_sigmoid
logistic,S2,2016,2016-03-16,2016-03-10,2016-03-16,2016-03-17,2016-03-19,2016-03-19,1,0,,0.0001449150884,0.0001398766093,0.01537607957,0,temporal_sigmoid
logistic,S2,2016,2016-03-17,2016-03-11,2016-03-17,2016-03-18,2016-03-20,2016-03-20,1,0,,0.0002969162649,0.0002371876549,0.01537607957,0,temporal_sigmoid
logistic,S2,2016,2016-03-18,2016-03-12,2016-03-18,2016-03-19,2016-03-21,2016-03-21,1,0,,0.0001066604925,0.0001116220054,0.01537607957,0,temporal_sigmoid
logistic,S2,2016,2016-03-19,2016-03-13,2016-03-19,2016-03-20,2016-03-22,2016-03-22,1,0,,4.335715715e-06,1.056213868e-05,0.01537607957,0,temporal_sigmoid
logistic,S2,2016,2016-03-20,2016-03-14,2016-03-20,2016-03-21,2016-03-23,2016-03-23,1,0,,3.673227064e-05,5.092449592e-05,0.01537607957,0,temporal_sigmoid
logistic,S2,2016,2016-03-21,2016-03-15,2016-03-21,2016-03-22,2016-03-24,2016-03-24,1,0,,0.01984558423,0.005281925584,0.01537607957,0,temporal_sigmoid
logistic,S2,2016,2016-03-22,2016-03-16,2016-03-22,2016-03-23,2016-03-25,2016-03-25,1,0,,0.2345600649,0.03776315661,0.01537607957,1,temporal_sigmoid
logistic,S2,2016,2016-03-23,2016-03-17,2016-03-23,2016-03-24,2016-03-26,2016-03-26,1,0,,0.06464486015,0.01294098456,0.01537607957,0,temporal_sigmoid
logistic,S2,2016,2016-03-24,2016-03-18,2016-03-24,2016-03-25,2016-03-27,2016-03-27,1,0,,0.004301780618,0.001700105163,0.01537607957,0,temporal_sigmoid
logistic,S2,2016,2016-03-25,2016-03-19,2016-03-25,2016-03-26,2016-03-28,2016-03-28,1,0,,0.001660991424,0.0008428401405,0.01537607957,0,temporal_sigmoid
logistic,S2,2016,2016-03-26,2016-03-20,2016-03-26,2016-03-27,2016-03-29,2016-03-29,1,0,,0.001226738305,0.0006741933128,0.01537607957,0,temporal_sigmoid
logistic,S2,2016,2016-03-27,2016-03-21,2016-03-27,2016-03-28,2016-03-30,2016-03-30,1,0,,0.00729819102,0.002512422036,0.01537607957,0,temporal_sigmoid
logistic,S2,2016,2016-03-28,2016-03-22,2016-03-28,2016-03-29,2016-03-31,2016-03-31,1,0,,8.889531104e-06,1.791884108e-05,0.01537607957,0,temporal_sigmoid
logistic,S2,2016,2016-03-29,2016-03-23,2016-03-29,2016-03-30,2016-04-01,2016-04-01,1,0,,0.00770690683,0.002615780464,0.01537607957,0,temporal_sigmoid
logistic,S2,2016,2016-03-30,2016-03-24,2016-03-30,2016-03-31,2016-04-02,2016-04-02,1,0,,0.01684674893,0.004674142832,0.01537607957,0,temporal_sigmoid
logistic,S2,2016,2016-03-31,2016-03-25,2016-03-31,2016-04-01,2016-04-03,2016-04-03,1,0,,5.693511781e-10,3.58716224e-06,0.01537607957,0,temporal_sigmoid
logistic,S2,2016,2016-04-01,2016-03-26,2016-04-01,2016-04-02,2016-04-04,2016-04-04,1,0,,1.24854566e-07,3.58716224e-06,0.01537607957,0,temporal_sigmoid
logistic,S2,2016,2016-04-02,2016-03-27,2016-04-02,2016-04-03,2016-04-05,2016-04-05,1,0,,2.257517742e-06,6.532699196e-06,0.01537607957,0,temporal_sigmoid
logistic,S2,2016,2016-04-03,2016-03-28,2016-04-03,2016-04-04,2016-04-06,2016-04-06,1,0,,1.347034119e-05,2.433280211e-05,0.01537607957,0,temporal_sigmoid
logistic,S2,2016,2016-04-04,2016-03-29,2016-04-04,2016-04-05,2016-04-07,2016-04-07,1,0,,0.0006956458993,0.0004439582054,0.01537607957,0,temporal_sigmoid
logistic,S2,2016,2016-04-05,2016-03-30,2016-04-05,2016-04-06,2016-04-08,2016-04-08,1,0,,0.0001475575179,0.0001417498518,0.01537607957,0,temporal_sigmoid
logistic,S2,2016,2016-04-06,2016-03-31,2016-04-06,2016-04-07,2016-04-09,2016-04-09,1,0,,0.05397145912,0.01125601286,0.01537607957,0,temporal_sigmoid
logistic,S2,2016,2016-04-07,2016-04-01,2016-04-07,2016-04-08,2016-04-10,2016-04-10,1,0,,0.09197246945,0.01707475744,0.01537607957,1,temporal_sigmoid
logistic,S2,2016,2016-04-08,2016-04-02,2016-04-08,2016-04-09,2016-04-11,2016-04-11,1,0,,0.1270594313,0.02218277921,0.01537607957,1,temporal_sigmoid
logistic,S2,2016,2016-04-09,2016-04-03,2016-04-09,2016-04-10,2016-04-12,2016-04-12,1,0,,0.3338265318,0.05336002996,0.01537607957,1,temporal_sigmoid
logistic,S2,2016,2016-04-10,2016-04-04,2016-04-10,2016-04-11,2016-04-13,2016-04-13,1,0,,0.334802756,0.05352339056,0.01537607957,1,temporal_sigmoid
logistic,S2,2016,2016-04-11,2016-04-05,2016-04-11,2016-04-12,2016-04-14,2016-04-14,1,0,,0.5252698211,0.09172777706,0.01537607957,1,temporal_sigmoid
logistic,S2,2016,2016-04-12,2016-04-06,2016-04-12,2016-04-13,2016-04-15,2016-04-15,1,0,,0.7005997682,0.1491461088,0.01537607957,1,temporal_sigmoid
logistic,S2,2016,2016-04-13,2016-04-07,2016-04-13,2016-04-14,2016-04-16,2016-04-16,1,0,,0.6987567485,0.1483285424,0.01537607957,1,temporal_sigmoid
logistic,S2,2016,2016-04-14,2016-04-08,2016-04-14,2016-04-15,2016-04-17,2016-04-17,1,0,,0.6721058806,0.1371922136,0.01537607957,1,temporal_sigmoid
logistic,S2,2016,2016-04-15,2016-04-09,2016-04-15,2016-04-16,2016-04-18,2016-04-18,1,0,,0.2733034773,0.04364068444,0.01537607957,1,temporal_sigmoid
logistic,S2,2016,2016-04-16,2016-04-10,2016-04-16,2016-04-17,2016-04-19,2016-04-19,1,0,,0.3385297359,0.05414922605,0.01537607957,1,temporal_sigmoid
logistic,S2,2016,2016-04-17,2016-04-11,2016-04-17,2016-04-18,2016-04-20,2016-04-20,1,0,,0.04207858843,0.009303827873,0.01537607957,0,temporal_sigmoid
logistic,S2,2016,2016-04-18,2016-04-12,2016-04-18,2016-04-19,2016-04-21,2016-04-21,1,0,,0.4224929614,0.06931279241,0.01537607957,1,temporal_sigmoid
logistic,S2,2016,2016-04-19,2016-04-13,2016-04-19,2016-04-20,2016-04-22,2016-04-22,1,0,,0.921111019,0.3640192152,0.01537607957,1,temporal_sigmoid
logistic,S2,2016,2016-04-20,2016-04-14,2016-04-20,2016-04-21,2016-04-23,2016-04-23,1,0,,0.8182638285,0.2210613226,0.01537607957,1,temporal_sigmoid
logistic,S2,2016,2016-04-21,2016-04-15,2016-04-21,2016-04-22,2016-04-24,2016-04-24,1,0,,0.9223671214,0.3669922177,0.01537607957,1,temporal_sigmoid
logistic,S2,2016,2016-04-22,2016-04-16,2016-04-22,2016-04-23,2016-04-25,2016-04-25,1,0,,0.9439654966,0.4284729786,0.01537607957,1,temporal_sigmoid
logistic,S2,2016,2016-04-23,2016-04-17,2016-04-23,2016-04-24,2016-04-26,2016-04-26,1,1,fixed36_0038,0.9407780558,0.417923381,0.01537607957,1,temporal_sigmoid
logistic,S2,2016,2016-04-24,2016-04-18,2016-04-24,2016-04-25,2016-04-27,2016-04-27,1,1,fixed36_0038,0.9961617209,0.8488029385,0.01537607957,1,temporal_sigmoid
logistic,S2,2016,2016-04-25,2016-04-19,2016-04-25,2016-04-26,2016-04-28,2016-04-28,1,0,,0.9693455015,0.5437662599,0.01537607957,1,temporal_sigmoid
logistic,S2,2016,2016-04-26,2016-04-20,2016-04-26,2016-04-27,2016-04-29,2016-04-29,1,0,,0.9328737887,0.3941864632,0.01537607957,1,temporal_sigmoid
logistic,S2,2016,2016-04-27,2016-04-21,2016-04-27,2016-04-28,2016-04-30,2016-04-30,1,0,,0.8345349361,0.23578222,0.01537607957,1,temporal_sigmoid
logistic,S2,2016,2016-04-28,2016-04-22,2016-04-28,2016-04-29,2016-05-01,2016-05-01,1,1,fixed36_0039,0.8548344042,0.2569477071,0.01537607957,1,temporal_sigmoid
logistic,S2,2016,2016-04-29,2016-04-23,2016-04-29,2016-04-30,2016-05-02,2016-05-02,1,0,,0.9703091715,0.5497747927,0.01537607957,1,temporal_sigmoid
logistic,S2,2016,2016-04-30,2016-04-24,2016-04-30,2016-05-01,2016-05-03,2016-05-03,1,0,,0.9850545429,0.6717726027,0.01537607957,1,temporal_sigmoid
logistic,S2,2016,2016-05-01,2016-04-25,2016-05-01,2016-05-02,2016-05-04,2016-05-04,1,0,,0.2493434546,0.03998007425,0.01537607957,1,temporal_sigmoid
logistic,S2,2016,2016-05-02,2016-04-26,2016-05-02,2016-05-03,2016-05-05,2016-05-05,1,0,,8.350586866e-07,3.58716224e-06,0.01537607957,0,temporal_sigmoid
logistic,S2,2016,2016-05-03,2016-04-27,2016-05-03,2016-05-04,2016-05-06,2016-05-06,1,0,,8.633313749e-07,3.58716224e-06,0.01537607957,0,temporal_sigmoid
logistic,S2,2016,2016-05-04,2016-04-28,2016-05-04,2016-05-05,2016-05-07,2016-05-07,1,0,,1.888075949e-06,5.727370984e-06,0.01537607957,0,temporal_sigmoid
logistic,S2,2016,2016-05-05,2016-04-29,2016-05-05,2016-05-06,2016-05-08,2016-05-08,1,0,,0.0004486037478,0.0003214045017,0.01537607957,0,temporal_sigmoid
logistic,S2,2016,2016-05-06,2016-04-30,2016-05-06,2016-05-07,2016-05-09,2016-05-09,1,0,,0.004888272678,0.001868337083,0.01537607957,0,temporal_sigmoid
logistic,S2,2016,2016-05-07,2016-05-01,2016-05-07,2016-05-08,2016-05-10,2016-05-10,1,0,,0.01124550645,0.003460864829,0.01537607957,0,temporal_sigmoid
logistic,S2,2016,2016-05-08,2016-05-02,2016-05-08,2016-05-09,2016-05-11,2016-05-11,1,0,,0.04604072919,0.00996479534,0.01537607957,0,temporal_sigmoid
logistic,S2,2016,2016-05-09,2016-05-03,2016-05-09,2016-05-10,2016-05-12,2016-05-12,1,0,,0.03086112401,0.007356370713,0.01537607957,0,temporal_sigmoid
logistic,S2,2016,2016-05-10,2016-05-04,2016-05-10,2016-05-11,2016-05-13,2016-05-13,1,0,,0.2446408472,0.0392716896,0.01537607957,1,temporal_sigmoid
logistic,S2,2016,2016-05-11,2016-05-05,2016-05-11,2016-05-12,2016-05-14,2016-05-14,1,0,,0.5016276121,0.08608489625,0.01537607957,1,temporal_sigmoid
logistic,S2,2016,2016-05-12,2016-05-06,2016-05-12,2016-05-13,2016-05-15,2016-05-15,1,0,,0.1834598755,0.03028354891,0.01537607957,1,temporal_sigmoid
logistic,S2,2016,2016-05-13,2016-05-07,2016-05-13,2016-05-14,2016-05-16,2016-05-16,1,0,,4.105807158e-07,3.58716224e-06,0.01537607957,0,temporal_sigmoid
logistic,S2,2016,2016-05-14,2016-05-08,2016-05-14,2016-05-15,2016-05-17,2016-05-17,1,0,,0.001158602772,0.0006464042694,0.01537607957,0,temporal_sigmoid
logistic,S2,2016,2016-05-15,2016-05-09,2016-05-15,2016-05-16,2016-05-18,2016-05-18,1,0,,0.002218284026,0.001043133177,0.01537607957,0,temporal_sigmoid
logistic,S2,2016,2016-05-16,2016-05-10,2016-05-16,2016-05-17,2016-05-19,2016-05-19,1,0,,0.09192379505,0.01706755588,0.01537607957,1,temporal_sigmoid
logistic,S2,2016,2016-05-17,2016-05-11,2016-05-17,2016-05-18,2016-05-20,2016-05-20,1,0,,0.2831019119,0.04516492475,0.01537607957,1,temporal_sigmoid
logistic,S2,2016,2016-05-18,2016-05-12,2016-05-18,2016-05-19,2016-05-21,2016-05-21,1,0,,0.001843809662,0.0009102487233,0.01537607957,0,temporal_sigmoid
logistic,S2,2016,2016-05-19,2016-05-13,2016-05-19,2016-05-20,2016-05-22,2016-05-22,1,0,,0.0001021322662,0.0001081133874,0.01537607957,0,temporal_sigmoid
logistic,S2,2016,2016-05-20,2016-05-14,2016-05-20,2016-05-21,2016-05-23,2016-05-23,1,0,,1.091968203e-05,2.084849401e-05,0.01537607957,0,temporal_sigmoid
logistic,S2,2016,2016-05-21,2016-05-15,2016-05-21,2016-05-22,2016-05-24,2016-05-24,1,0,,1.902330581e-10,3.58716224e-06,0.01537607957,0,temporal_sigmoid
logistic,S2,2016,2016-05-22,2016-05-16,2016-05-22,2016-05-23,2016-05-25,2016-05-25,1,0,,0.007656208019,0.002603036632,0.01537607957,0,temporal_sigmoid
logistic,S2,2016,2016-05-23,2016-05-17,2016-05-23,2016-05-24,2016-05-26,2016-05-26,1,0,,0.03444265194,0.007992350331,0.01537607957,0,temporal_sigmoid
logistic,S2,2016,2016-05-24,2016-05-18,2016-05-24,2016-05-25,2016-05-27,2016-05-27,1,0,,0.000353390771,0.0002696300104,0.01537607957,0,temporal_sigmoid
logistic,S2,2016,2016-05-25,2016-05-19,2016-05-25,2016-05-26,2016-05-28,2016-05-28,1,0,,4.57246712e-06,1.098374431e-05,0.01537607957,0,temporal_sigmoid
logistic,S2,2016,2016-05-26,2016-05-20,2016-05-26,2016-05-27,2016-05-29,2016-05-29,1,0,,0.0003259231137,0.0002540365419,0.01537607957,0,temporal_sigmoid
logistic,S2,2016,2016-05-27,2016-05-21,2016-05-27,2016-05-28,2016-05-30,2016-05-30,1,0,,3.786888949e-06,9.560480448e-06,0.01537607957,0,temporal_sigmoid
logistic,S2,2016,2016-05-28,2016-05-22,2016-05-28,2016-05-29,2016-05-31,2016-05-31,1,0,,5.713957019e-07,3.58716224e-06,0.01537607957,0,temporal_sigmoid
logistic,S2,2016,2016-05-29,2016-05-23,2016-05-29,2016-05-30,2016-06-01,2016-06-01,1,0,,0.0001398313208,0.0001362470935,0.01537607957,0,temporal_sigmoid
logistic,S2,2016,2016-05-30,2016-05-24,2016-05-30,2016-05-31,2016-06-02,2016-06-02,1,0,,0.02446031565,0.006176689201,0.01537607957,0,temporal_sigmoid
logistic,S2,2016,2016-05-31,2016-05-25,2016-05-31,2016-06-01,2016-06-03,2016-06-03,1,0,,0.003597482648,0.001489963691,0.01537607957,0,temporal_sigmoid
logistic,S2,2016,2016-06-01,2016-05-26,2016-06-01,2016-06-02,2016-06-04,2016-06-04,1,0,,0.002725097839,0.001213998631,0.01537607957,0,temporal_sigmoid
logistic,S2,2016,2016-06-02,2016-05-27,2016-06-02,2016-06-03,2016-06-05,2016-06-05,1,0,,0.02846323013,0.006921542167,0.01537607957,0,temporal_sigmoid
logistic,S2,2016,2016-06-03,2016-05-28,2016-06-03,2016-06-04,2016-06-06,2016-06-06,1,0,,0.06696669862,0.01330104204,0.01537607957,0,temporal_sigmoid
logistic,S2,2016,2016-06-04,2016-05-29,2016-06-04,2016-06-05,2016-06-07,2016-06-07,1,0,,0.0768363402,0.01481076481,0.01537607957,0,temporal_sigmoid
logistic,S2,2016,2016-06-05,2016-05-30,2016-06-05,2016-06-06,2016-06-08,2016-06-08,1,0,,0.01834414362,0.004980594202,0.01537607957,0,temporal_sigmoid
logistic,S2,2016,2016-06-06,2016-05-31,2016-06-06,2016-06-07,2016-06-09,2016-06-09,1,0,,0.002348985721,0.001088093834,0.01537607957,0,temporal_sigmoid
logistic,S2,2016,2016-06-07,2016-06-01,2016-06-07,2016-06-08,2016-06-10,2016-06-10,1,0,,0.000458528512,0.0003266248932,0.01537607957,0,temporal_sigmoid
logistic,S2,2016,2016-06-08,2016-06-02,2016-06-08,2016-06-09,2016-06-11,2016-06-11,1,0,,0.004801716243,0.001843851619,0.01537607957,0,temporal_sigmoid
logistic,S2,2016,2016-06-09,2016-06-03,2016-06-09,2016-06-10,2016-06-12,2016-06-12,1,0,,0.00204099183,0.0009810188341,0.01537607957,0,temporal_sigmoid
logistic,S2,2016,2016-06-10,2016-06-04,2016-06-10,2016-06-11,2016-06-13,2016-06-13,1,0,,0.02694450551,0.006641924437,0.01537607957,0,temporal_sigmoid
logistic,S2,2016,2016-06-11,2016-06-05,2016-06-11,2016-06-12,2016-06-14,2016-06-14,1,0,,3.166303516e-07,3.58716224e-06,0.01537607957,0,temporal_sigmoid
logistic,S2,2016,2016-06-12,2016-06-06,2016-06-12,2016-06-13,2016-06-15,2016-06-15,1,0,,1.683510442e-06,5.263687682e-06,0.01537607957,0,temporal_sigmoid
logistic,S2,2016,2016-06-13,2016-06-07,2016-06-13,2016-06-14,2016-06-16,2016-06-16,1,0,,1.439855445e-07,3.58716224e-06,0.01537607957,0,temporal_sigmoid
logistic,S2,2016,2016-06-14,2016-06-08,2016-06-14,2016-06-15,2016-06-17,2016-06-17,1,0,,3.240769179e-07,3.58716224e-06,0.01537607957,0,temporal_sigmoid
logistic,S2,2016,2016-06-15,2016-06-09,2016-06-15,2016-06-16,2016-06-18,2016-06-18,1,0,,7.781258478e-05,8.849639624e-05,0.01537607957,0,temporal_sigmoid
logistic,S2,2016,2016-06-16,2016-06-10,2016-06-16,2016-06-17,2016-06-19,2016-06-19,1,0,,0.0001533264695,0.0001458091089,0.01537607957,0,temporal_sigmoid
logistic,S2,2016,2016-06-17,2016-06-11,2016-06-17,2016-06-18,2016-06-20,2016-06-20,1,0,,2.507098595e-06,7.056984157e-06,0.01537607957,0,temporal_sigmoid
logistic,S2,2016,2016-06-18,2016-06-12,2016-06-18,2016-06-19,2016-06-21,2016-06-21,1,0,,0.001151441103,0.0006434587997,0.01537607957,0,temporal_sigmoid
logistic,S2,2016,2016-06-19,2016-06-13,2016-06-19,2016-06-20,2016-06-22,2016-06-22,1,0,,0.0003751359611,0.000281748818,0.01537607957,0,temporal_sigmoid
logistic,S2,2016,2016-06-20,2016-06-14,2016-06-20,2016-06-21,2016-06-23,2016-06-23,1,0,,0.0007031797179,0.0004474937493,0.01537607957,0,temporal_sigmoid
logistic,S2,2016,2016-06-21,2016-06-15,2016-06-21,2016-06-22,2016-06-24,2016-06-24,1,0,,0.002203587124,0.001038034808,0.01537607957,0,temporal_sigmoid
logistic,S2,2016,2016-06-22,2016-06-16,2016-06-22,2016-06-23,2016-06-25,2016-06-25,1,0,,8.101911014e-05,9.116677979e-05,0.01537607957,0,temporal_sigmoid
logistic,S2,2016,2016-06-23,2016-06-17,2016-06-23,2016-06-24,2016-06-26,2016-06-26,1,0,,0.000272110856,0.0002224320703,0.01537607957,0,temporal_sigmoid
logistic,S2,2016,2016-06-24,2016-06-18,2016-06-24,2016-06-25,2016-06-27,2016-06-27,1,0,,0.002578788791,0.001165596893,0.01537607957,0,temporal_sigmoid
logistic,S2,2016,2016-06-25,2016-06-19,2016-06-25,2016-06-26,2016-06-28,2016-06-28,1,0,,0.001274091382,0.0006932673905,0.01537607957,0,temporal_sigmoid
logistic,S2,2016,2016-06-26,2016-06-20,2016-06-26,2016-06-27,2016-06-29,2016-06-29,1,0,,0.00711039006,0.002464438126,0.01537607957,0,temporal_sigmoid
logistic,S2,2016,2016-06-27,2016-06-21,2016-06-27,2016-06-28,2016-06-30,2016-06-30,1,0,,0.001642230902,0.0008358155884,0.01537607957,0,temporal_sigmoid
logistic,S2,2017,2017-02-28,2017-02-22,2017-02-28,2017-03-01,2017-03-03,2017-03-03,1,0,,2.151928963e-07,4.823461205e-05,0.02557126751,0,temporal_sigmoid
logistic,S2,2017,2017-03-01,2017-02-23,2017-03-01,2017-03-02,2017-03-04,2017-03-04,1,0,,0.0001075458579,0.000649770309,0.02557126751,0,temporal_sigmoid
logistic,S2,2017,2017-03-02,2017-02-24,2017-03-02,2017-03-03,2017-03-05,2017-03-05,1,0,,0.0001977714835,0.0009115447215,0.02557126751,0,temporal_sigmoid
logistic,S2,2017,2017-03-03,2017-02-25,2017-03-03,2017-03-04,2017-03-06,2017-03-06,1,0,,0.000126123912,0.0007099338584,0.02557126751,0,temporal_sigmoid
logistic,S2,2017,2017-03-04,2017-02-26,2017-03-04,2017-03-05,2017-03-07,2017-03-07,1,0,,1.586609275e-05,0.0002242791686,0.02557126751,0,temporal_sigmoid
logistic,S2,2017,2017-03-05,2017-02-27,2017-03-05,2017-03-06,2017-03-08,2017-03-08,1,0,,5.668093087e-05,0.0004551634121,0.02557126751,0,temporal_sigmoid
logistic,S2,2017,2017-03-06,2017-02-28,2017-03-06,2017-03-07,2017-03-09,2017-03-09,1,0,,3.399413273e-05,0.0003425726725,0.02557126751,0,temporal_sigmoid
logistic,S2,2017,2017-03-07,2017-03-01,2017-03-07,2017-03-08,2017-03-10,2017-03-10,1,0,,0.0001122366391,0.0006653706447,0.02557126751,0,temporal_sigmoid
logistic,S2,2017,2017-03-08,2017-03-02,2017-03-08,2017-03-09,2017-03-11,2017-03-11,1,0,,4.917652441e-07,4.823461205e-05,0.02557126751,0,temporal_sigmoid
logistic,S2,2017,2017-03-09,2017-03-03,2017-03-09,2017-03-10,2017-03-12,2017-03-12,1,0,,1.537740427e-07,4.823461205e-05,0.02557126751,0,temporal_sigmoid
logistic,S2,2017,2017-03-10,2017-03-04,2017-03-10,2017-03-11,2017-03-13,2017-03-13,1,0,,3.176131481e-07,4.823461205e-05,0.02557126751,0,temporal_sigmoid
logistic,S2,2017,2017-03-11,2017-03-05,2017-03-11,2017-03-12,2017-03-14,2017-03-14,1,0,,3.612221269e-11,4.823461205e-05,0.02557126751,0,temporal_sigmoid
logistic,S2,2017,2017-03-12,2017-03-06,2017-03-12,2017-03-13,2017-03-15,2017-03-15,1,0,,5.211825101e-05,0.0004344195674,0.02557126751,0,temporal_sigmoid
logistic,S2,2017,2017-03-13,2017-03-07,2017-03-13,2017-03-14,2017-03-16,2017-03-16,1,0,,7.168109327e-06,0.0001441960253,0.02557126751,0,temporal_sigmoid
logistic,S2,2017,2017-03-14,2017-03-08,2017-03-14,2017-03-15,2017-03-17,2017-03-17,1,0,,2.138162126e-08,4.823461205e-05,0.02557126751,0,temporal_sigmoid
logistic,S2,2017,2017-03-15,2017-03-09,2017-03-15,2017-03-16,2017-03-18,2017-03-18,1,0,,8.945052184e-10,4.823461205e-05,0.02557126751,0,temporal_sigmoid
logistic,S2,2017,2017-03-16,2017-03-10,2017-03-16,2017-03-17,2017-03-19,2017-03-19,1,0,,3.291387959e-09,4.823461205e-05,0.02557126751,0,temporal_sigmoid
logistic,S2,2017,2017-03-17,2017-03-11,2017-03-17,2017-03-18,2017-03-20,2017-03-20,1,0,,4.849104863e-08,4.823461205e-05,0.02557126751,0,temporal_sigmoid
logistic,S2,2017,2017-03-18,2017-03-12,2017-03-18,2017-03-19,2017-03-21,2017-03-21,1,0,,3.93740777e-11,4.823461205e-05,0.02557126751,0,temporal_sigmoid
logistic,S2,2017,2017-03-19,2017-03-13,2017-03-19,2017-03-20,2017-03-22,2017-03-22,1,0,,1.874433626e-05,0.0002460577967,0.02557126751,0,temporal_sigmoid
logistic,S2,2017,2017-03-20,2017-03-14,2017-03-20,2017-03-21,2017-03-23,2017-03-23,1,0,,4.829362942e-08,4.823461205e-05,0.02557126751,0,temporal_sigmoid
logistic,S2,2017,2017-03-21,2017-03-15,2017-03-21,2017-03-22,2017-03-24,2017-03-24,1,0,,2.422815816e-05,0.0002837868862,0.02557126751,0,temporal_sigmoid
logistic,S2,2017,2017-03-22,2017-03-16,2017-03-22,2017-03-23,2017-03-25,2017-03-25,1,0,,7.976684595e-05,0.0005503500665,0.02557126751,0,temporal_sigmoid
logistic,S2,2017,2017-03-23,2017-03-17,2017-03-23,2017-03-24,2017-03-26,2017-03-26,1,0,,7.116359339e-05,0.0005165258143,0.02557126751,0,temporal_sigmoid
logistic,S2,2017,2017-03-24,2017-03-18,2017-03-24,2017-03-25,2017-03-27,2017-03-27,1,0,,0.001012025348,0.002257528768,0.02557126751,0,temporal_sigmoid
logistic,S2,2017,2017-03-25,2017-03-19,2017-03-25,2017-03-26,2017-03-28,2017-03-28,1,0,,4.96616136e-06,0.0001175821482,0.02557126751,0,temporal_sigmoid
logistic,S2,2017,2017-03-26,2017-03-20,2017-03-26,2017-03-27,2017-03-29,2017-03-29,1,0,,2.801190778e-05,0.0003076277162,0.02557126751,0,temporal_sigmoid
logistic,S2,2017,2017-03-27,2017-03-21,2017-03-27,2017-03-28,2017-03-30,2017-03-30,1,0,,0.0003191173923,0.001189113473,0.02557126751,0,temporal_sigmoid
logistic,S2,2017,2017-03-28,2017-03-22,2017-03-28,2017-03-29,2017-03-31,2017-03-31,1,0,,0.0003092986247,0.001168646207,0.02557126751,0,temporal_sigmoid
logistic,S2,2017,2017-03-29,2017-03-23,2017-03-29,2017-03-30,2017-04-01,2017-04-01,1,0,,0.0001982971085,0.0009128900419,0.02557126751,0,temporal_sigmoid
logistic,S2,2017,2017-03-30,2017-03-24,2017-03-30,2017-03-31,2017-04-02,2017-04-02,1,0,,0.03148769387,0.01532918918,0.02557126751,0,temporal_sigmoid
logistic,S2,2017,2017-03-31,2017-03-25,2017-03-31,2017-04-01,2017-04-03,2017-04-03,1,0,,0.0375945649,0.01694874887,0.02557126751,0,temporal_sigmoid
logistic,S2,2017,2017-04-01,2017-03-26,2017-04-01,2017-04-02,2017-04-04,2017-04-04,1,0,,0.04966378004,0.01986675298,0.02557126751,0,temporal_sigmoid
logistic,S2,2017,2017-04-02,2017-03-27,2017-04-02,2017-04-03,2017-04-05,2017-04-05,1,0,,0.03747494184,0.01691809917,0.02557126751,0,temporal_sigmoid
logistic,S2,2017,2017-04-03,2017-03-28,2017-04-03,2017-04-04,2017-04-06,2017-04-06,1,0,,5.588449538e-06,0.0001255585407,0.02557126751,0,temporal_sigmoid
logistic,S2,2017,2017-04-04,2017-03-29,2017-04-04,2017-04-05,2017-04-07,2017-04-07,1,0,,7.790397691e-12,4.823461205e-05,0.02557126751,0,temporal_sigmoid
logistic,S2,2017,2017-04-05,2017-03-30,2017-04-05,2017-04-06,2017-04-08,2017-04-08,1,0,,6.511501632e-10,4.823461205e-05,0.02557126751,0,temporal_sigmoid
logistic,S2,2017,2017-04-06,2017-03-31,2017-04-06,2017-04-07,2017-04-09,2017-04-09,1,0,,7.94066984e-06,0.0001526395065,0.02557126751,0,temporal_sigmoid
logistic,S2,2017,2017-04-07,2017-04-01,2017-04-07,2017-04-08,2017-04-10,2017-04-10,1,0,,0.004409119563,0.005112189584,0.02557126751,0,temporal_sigmoid
logistic,S2,2017,2017-04-08,2017-04-02,2017-04-08,2017-04-09,2017-04-11,2017-04-11,1,0,,0.01237351535,0.009078078208,0.02557126751,0,temporal_sigmoid
logistic,S2,2017,2017-04-09,2017-04-03,2017-04-09,2017-04-10,2017-04-12,2017-04-12,1,0,,0.008027923565,0.007133649646,0.02557126751,0,temporal_sigmoid
logistic,S2,2017,2017-04-10,2017-04-04,2017-04-10,2017-04-11,2017-04-13,2017-04-13,1,0,,0.06188631784,0.02255241222,0.02557126751,0,temporal_sigmoid
logistic,S2,2017,2017-04-11,2017-04-05,2017-04-11,2017-04-12,2017-04-14,2017-04-14,1,0,,0.08231830421,0.02664298966,0.02557126751,1,temporal_sigmoid
logistic,S2,2017,2017-04-12,2017-04-06,2017-04-12,2017-04-13,2017-04-15,2017-04-15,1,0,,0.006511014366,0.006349096411,0.02557126751,0,temporal_sigmoid
logistic,S2,2017,2017-04-13,2017-04-07,2017-04-13,2017-04-14,2017-04-16,2017-04-16,1,0,,0.01166099919,0.008782683591,0.02557126751,0,temporal_sigmoid
logistic,S2,2017,2017-04-14,2017-04-08,2017-04-14,2017-04-15,2017-04-17,2017-04-17,1,0,,0.02202687498,0.01253466188,0.02557126751,0,temporal_sigmoid
logistic,S2,2017,2017-04-15,2017-04-09,2017-04-15,2017-04-16,2017-04-18,2017-04-18,1,0,,0.001717002617,0.003027767928,0.02557126751,0,temporal_sigmoid
logistic,S2,2017,2017-04-16,2017-04-10,2017-04-16,2017-04-17,2017-04-19,2017-04-19,1,0,,8.521462128e-07,4.823461205e-05,0.02557126751,0,temporal_sigmoid
logistic,S2,2017,2017-04-17,2017-04-11,2017-04-17,2017-04-18,2017-04-20,2017-04-20,1,0,,0.007669127536,0.006954429402,0.02557126751,0,temporal_sigmoid
logistic,S2,2017,2017-04-18,2017-04-12,2017-04-18,2017-04-19,2017-04-21,2017-04-21,1,0,,0.0300063819,0.0149174782,0.02557126751,0,temporal_sigmoid
logistic,S2,2017,2017-04-19,2017-04-13,2017-04-19,2017-04-20,2017-04-22,2017-04-22,1,0,,5.054076492e-11,4.823461205e-05,0.02557126751,0,temporal_sigmoid
logistic,S2,2017,2017-04-20,2017-04-14,2017-04-20,2017-04-21,2017-04-23,2017-04-23,1,0,,3.078679123e-11,4.823461205e-05,0.02557126751,0,temporal_sigmoid
logistic,S2,2017,2017-04-21,2017-04-15,2017-04-21,2017-04-22,2017-04-24,2017-04-24,1,0,,1.071113419e-17,4.823461205e-05,0.02557126751,0,temporal_sigmoid
logistic,S2,2017,2017-04-22,2017-04-16,2017-04-22,2017-04-23,2017-04-25,2017-04-25,1,0,,1.187313125e-14,4.823461205e-05,0.02557126751,0,temporal_sigmoid
logistic,S2,2017,2017-04-23,2017-04-17,2017-04-23,2017-04-24,2017-04-26,2017-04-26,1,0,,4.2567474e-10,4.823461205e-05,0.02557126751,0,temporal_sigmoid
logistic,S2,2017,2017-04-24,2017-04-18,2017-04-24,2017-04-25,2017-04-27,2017-04-27,1,0,,1.633695947e-10,4.823461205e-05,0.02557126751,0,temporal_sigmoid
logistic,S2,2017,2017-04-25,2017-04-19,2017-04-25,2017-04-26,2017-04-28,2017-04-28,1,0,,0.0016240319,0.002935603003,0.02557126751,0,temporal_sigmoid
logistic,S2,2017,2017-04-26,2017-04-20,2017-04-26,2017-04-27,2017-04-29,2017-04-29,1,0,,0.002307315318,0.003567708997,0.02557126751,0,temporal_sigmoid
logistic,S2,2017,2017-04-27,2017-04-21,2017-04-27,2017-04-28,2017-04-30,2017-04-30,1,0,,0.003980040609,0.00482950417,0.02557126751,0,temporal_sigmoid
logistic,S2,2017,2017-04-28,2017-04-22,2017-04-28,2017-04-29,2017-05-01,2017-05-01,1,0,,0.01279555258,0.00924956144,0.02557126751,0,temporal_sigmoid
logistic,S2,2017,2017-04-29,2017-04-23,2017-04-29,2017-04-30,2017-05-02,2017-05-02,1,0,,0.02154782353,0.01238089797,0.02557126751,0,temporal_sigmoid
logistic,S2,2017,2017-04-30,2017-04-24,2017-04-30,2017-05-01,2017-05-03,2017-05-03,1,0,,0.0001651834886,0.0008247599487,0.02557126751,0,temporal_sigmoid
logistic,S2,2017,2017-05-01,2017-04-25,2017-05-01,2017-05-02,2017-05-04,2017-05-04,1,0,,5.712834397e-05,0.0004571568761,0.02557126751,0,temporal_sigmoid
logistic,S2,2017,2017-05-02,2017-04-26,2017-05-02,2017-05-03,2017-05-05,2017-05-05,1,0,,0.0004181777156,0.001381808005,0.02557126751,0,temporal_sigmoid
logistic,S2,2017,2017-05-03,2017-04-27,2017-05-03,2017-05-04,2017-05-06,2017-05-06,1,0,,0.03387711966,0.0159769068,0.02557126751,0,temporal_sigmoid
logistic,S2,2017,2017-05-04,2017-04-28,2017-05-04,2017-05-05,2017-05-07,2017-05-07,1,0,,0.03369566279,0.01592838802,0.02557126751,0,temporal_sigmoid
logistic,S2,2017,2017-05-05,2017-04-29,2017-05-05,2017-05-06,2017-05-08,2017-05-08,1,0,,0.0785791771,0.0259236478,0.02557126751,1,temporal_sigmoid
logistic,S2,2017,2017-05-06,2017-04-30,2017-05-06,2017-05-07,2017-05-09,2017-05-09,1,0,,0.003982520838,0.004831175947,0.02557126751,0,temporal_sigmoid
logistic,S2,2017,2017-05-07,2017-05-01,2017-05-07,2017-05-08,2017-05-10,2017-05-10,1,0,,0.000609953608,0.001704150308,0.02557126751,0,temporal_sigmoid
logistic,S2,2017,2017-05-08,2017-05-02,2017-05-08,2017-05-09,2017-05-11,2017-05-11,1,0,,0.02453341027,0.01331721019,0.02557126751,0,temporal_sigmoid
logistic,S2,2017,2017-05-09,2017-05-03,2017-05-09,2017-05-10,2017-05-12,2017-05-12,1,0,,5.112625539e-05,0.000429804109,0.02557126751,0,temporal_sigmoid
logistic,S2,2017,2017-05-10,2017-05-04,2017-05-10,2017-05-11,2017-05-13,2017-05-13,1,0,,0.0008065701386,0.001990229504,0.02557126751,0,temporal_sigmoid
logistic,S2,2017,2017-05-11,2017-05-05,2017-05-11,2017-05-12,2017-05-14,2017-05-14,1,0,,0.0005019219717,0.00152926812,0.02557126751,0,temporal_sigmoid
logistic,S2,2017,2017-05-12,2017-05-06,2017-05-12,2017-05-13,2017-05-15,2017-05-15,1,0,,0.01161159841,0.008761915745,0.02557126751,0,temporal_sigmoid
logistic,S2,2017,2017-05-13,2017-05-07,2017-05-13,2017-05-14,2017-05-16,2017-05-16,1,0,,0.0003003558336,0.001149751963,0.02557126751,0,temporal_sigmoid
logistic,S2,2017,2017-05-14,2017-05-08,2017-05-14,2017-05-15,2017-05-17,2017-05-17,1,0,,0.0003395187806,0.001230764222,0.02557126751,0,temporal_sigmoid
logistic,S2,2017,2017-05-15,2017-05-09,2017-05-15,2017-05-16,2017-05-18,2017-05-18,1,0,,9.605292535e-06,0.0001696751139,0.02557126751,0,temporal_sigmoid
logistic,S2,2017,2017-05-16,2017-05-10,2017-05-16,2017-05-17,2017-05-19,2017-05-19,1,0,,1.220391085e-10,4.823461205e-05,0.02557126751,0,temporal_sigmoid
logistic,S2,2017,2017-05-17,2017-05-11,2017-05-17,2017-05-18,2017-05-20,2017-05-20,1,0,,2.419260273e-09,4.823461205e-05,0.02557126751,0,temporal_sigmoid
logistic,S2,2017,2017-05-18,2017-05-12,2017-05-18,2017-05-19,2017-05-21,2017-05-21,1,0,,4.847503505e-06,0.0001160118041,0.02557126751,0,temporal_sigmoid
logistic,S2,2017,2017-05-19,2017-05-13,2017-05-19,2017-05-20,2017-05-22,2017-05-22,1,0,,0.002810519537,0.003980815305,0.02557126751,0,temporal_sigmoid
logistic,S2,2017,2017-05-20,2017-05-14,2017-05-20,2017-05-21,2017-05-23,2017-05-23,1,0,,0.03775632924,0.01699013356,0.02557126751,0,temporal_sigmoid
logistic,S2,2017,2017-05-21,2017-05-15,2017-05-21,2017-05-22,2017-05-24,2017-05-24,1,0,,0.03875514943,0.01724410294,0.02557126751,0,temporal_sigmoid
logistic,S2,2017,2017-05-22,2017-05-16,2017-05-22,2017-05-23,2017-05-25,2017-05-25,1,0,,0.02020207557,0.0119409957,0.02557126751,0,temporal_sigmoid
logistic,S2,2017,2017-05-23,2017-05-17,2017-05-23,2017-05-24,2017-05-26,2017-05-26,1,0,,0.3888807793,0.07524213552,0.02557126751,1,temporal_sigmoid
logistic,S2,2017,2017-05-24,2017-05-18,2017-05-24,2017-05-25,2017-05-27,2017-05-27,1,0,,0.4165987567,0.07982495407,0.02557126751,1,temporal_sigmoid
logistic,S2,2017,2017-05-25,2017-05-19,2017-05-25,2017-05-26,2017-05-28,2017-05-28,1,0,,0.5087626887,0.09639040772,0.02557126751,1,temporal_sigmoid
logistic,S2,2017,2017-05-26,2017-05-20,2017-05-26,2017-05-27,2017-05-29,2017-05-29,1,0,,0.008487140727,0.007357973901,0.02557126751,0,temporal_sigmoid
logistic,S2,2017,2017-05-27,2017-05-21,2017-05-27,2017-05-28,2017-05-30,2017-05-30,1,0,,0.006721507639,0.006462444984,0.02557126751,0,temporal_sigmoid
logistic,S2,2017,2017-05-28,2017-05-22,2017-05-28,2017-05-29,2017-05-31,2017-05-31,1,0,,0.002608478343,0.003819252484,0.02557126751,0,temporal_sigmoid
logistic,S2,2017,2017-05-29,2017-05-23,2017-05-29,2017-05-30,2017-06-01,2017-06-01,1,0,,2.915505998e-07,4.823461205e-05,0.02557126751,0,temporal_sigmoid
logistic,S2,2017,2017-05-30,2017-05-24,2017-05-30,2017-05-31,2017-06-02,2017-06-02,1,0,,2.202528438e-09,4.823461205e-05,0.02557126751,0,temporal_sigmoid
logistic,S2,2017,2017-05-31,2017-05-25,2017-05-31,2017-06-01,2017-06-03,2017-06-03,1,0,,2.876357979e-08,4.823461205e-05,0.02557126751,0,temporal_sigmoid
logistic,S2,2017,2017-06-01,2017-05-26,2017-06-01,2017-06-02,2017-06-04,2017-06-04,1,0,,1.898417808e-11,4.823461205e-05,0.02557126751,0,temporal_sigmoid
logistic,S2,2017,2017-06-02,2017-05-27,2017-06-02,2017-06-03,2017-06-05,2017-06-05,1,0,,1.809282919e-07,4.823461205e-05,0.02557126751,0,temporal_sigmoid
logistic,S2,2017,2017-06-03,2017-05-28,2017-06-03,2017-06-04,2017-06-06,2017-06-06,1,0,,4.270408541e-07,4.823461205e-05,0.02557126751,0,temporal_sigmoid
logistic,S2,2017,2017-06-04,2017-05-29,2017-06-04,2017-06-05,2017-06-07,2017-06-07,1,0,,2.840213714e-07,4.823461205e-05,0.02557126751,0,temporal_sigmoid
logistic,S2,2017,2017-06-05,2017-05-30,2017-06-05,2017-06-06,2017-06-08,2017-06-08,1,0,,4.787302414e-07,4.823461205e-05,0.02557126751,0,temporal_sigmoid
logistic,S2,2017,2017-06-06,2017-05-31,2017-06-06,2017-06-07,2017-06-09,2017-06-09,1,0,,0.0002217292019,0.000971337215,0.02557126751,0,temporal_sigmoid
logistic,S2,2017,2017-06-07,2017-06-01,2017-06-07,2017-06-08,2017-06-10,2017-06-10,1,0,,0.0002351137858,0.001003490486,0.02557126751,0,temporal_sigmoid
logistic,S2,2017,2017-06-08,2017-06-02,2017-06-08,2017-06-09,2017-06-11,2017-06-11,1,0,,1.38139684e-05,0.0002076583127,0.02557126751,0,temporal_sigmoid
logistic,S2,2017,2017-06-09,2017-06-03,2017-06-09,2017-06-10,2017-06-12,2017-06-12,1,0,,0.0003161197172,0.001182894887,0.02557126751,0,temporal_sigmoid
logistic,S2,2017,2017-06-10,2017-06-04,2017-06-10,2017-06-11,2017-06-13,2017-06-13,1,0,,1.799113375e-05,0.0002405113224,0.02557126751,0,temporal_sigmoid
logistic,S2,2017,2017-06-11,2017-06-05,2017-06-11,2017-06-12,2017-06-14,2017-06-14,1,0,,8.579207049e-14,4.823461205e-05,0.02557126751,0,temporal_sigmoid
logistic,S2,2017,2017-06-12,2017-06-06,2017-06-12,2017-06-13,2017-06-15,2017-06-15,1,0,,5.087260741e-18,4.823461205e-05,0.02557126751,0,temporal_sigmoid
logistic,S2,2017,2017-06-13,2017-06-07,2017-06-13,2017-06-14,2017-06-16,2017-06-16,1,0,,2.338686977e-06,7.735845186e-05,0.02557126751,0,temporal_sigmoid
logistic,S2,2017,2017-06-14,2017-06-08,2017-06-14,2017-06-15,2017-06-17,2017-06-17,1,0,,1.754527842e-06,6.593452393e-05,0.02557126751,0,temporal_sigmoid
logistic,S2,2017,2017-06-15,2017-06-09,2017-06-15,2017-06-16,2017-06-18,2017-06-18,1,0,,2.187656187e-09,4.823461205e-05,0.02557126751,0,temporal_sigmoid
logistic,S2,2017,2017-06-16,2017-06-10,2017-06-16,2017-06-17,2017-06-19,2017-06-19,1,0,,7.398905404e-11,4.823461205e-05,0.02557126751,0,temporal_sigmoid
logistic,S2,2017,2017-06-17,2017-06-11,2017-06-17,2017-06-18,2017-06-20,2017-06-20,1,0,,2.06124798e-11,4.823461205e-05,0.02557126751,0,temporal_sigmoid
logistic,S2,2017,2017-06-18,2017-06-12,2017-06-18,2017-06-19,2017-06-21,2017-06-21,1,0,,1.540999072e-13,4.823461205e-05,0.02557126751,0,temporal_sigmoid
logistic,S2,2017,2017-06-19,2017-06-13,2017-06-19,2017-06-20,2017-06-22,2017-06-22,1,0,,1.243398746e-13,4.823461205e-05,0.02557126751,0,temporal_sigmoid
logistic,S2,2017,2017-06-20,2017-06-14,2017-06-20,2017-06-21,2017-06-23,2017-06-23,1,0,,3.45387623e-11,4.823461205e-05,0.02557126751,0,temporal_sigmoid
logistic,S2,2017,2017-06-21,2017-06-15,2017-06-21,2017-06-22,2017-06-24,2017-06-24,1,0,,4.036308808e-11,4.823461205e-05,0.02557126751,0,temporal_sigmoid
logistic,S2,2017,2017-06-22,2017-06-16,2017-06-22,2017-06-23,2017-06-25,2017-06-25,1,0,,3.367911572e-09,4.823461205e-05,0.02557126751,0,temporal_sigmoid
logistic,S2,2017,2017-06-23,2017-06-17,2017-06-23,2017-06-24,2017-06-26,2017-06-26,1,0,,9.485016487e-08,4.823461205e-05,0.02557126751,0,temporal_sigmoid
logistic,S2,2017,2017-06-24,2017-06-18,2017-06-24,2017-06-25,2017-06-27,2017-06-27,1,0,,3.833507623e-08,4.823461205e-05,0.02557126751,0,temporal_sigmoid
logistic,S2,2017,2017-06-25,2017-06-19,2017-06-25,2017-06-26,2017-06-28,2017-06-28,1,0,,2.579804893e-07,4.823461205e-05,0.02557126751,0,temporal_sigmoid
logistic,S2,2017,2017-06-26,2017-06-20,2017-06-26,2017-06-27,2017-06-29,2017-06-29,1,0,,5.640288843e-07,4.823461205e-05,0.02557126751,0,temporal_sigmoid
logistic,S2,2017,2017-06-27,2017-06-21,2017-06-27,2017-06-28,2017-06-30,2017-06-30,1,0,,1.106119199e-06,5.10167751e-05,0.02557126751,0,temporal_sigmoid
logistic,S2,2018,2018-02-28,2018-02-22,2018-02-28,2018-03-01,2018-03-03,2018-03-03,1,0,,0.0002155780543,0.001237791573,0.04389469521,0,temporal_sigmoid
logistic,S2,2018,2018-03-01,2018-02-23,2018-03-01,2018-03-02,2018-03-04,2018-03-04,1,0,,0.0004652632046,0.00183268339,0.04389469521,0,temporal_sigmoid
logistic,S2,2018,2018-03-02,2018-02-24,2018-03-02,2018-03-03,2018-03-05,2018-03-05,1,0,,0.001297440745,0.003091808619,0.04389469521,0,temporal_sigmoid
logistic,S2,2018,2018-03-03,2018-02-25,2018-03-03,2018-03-04,2018-03-06,2018-03-06,1,0,,0.003728188054,0.00529579805,0.04389469521,0,temporal_sigmoid
logistic,S2,2018,2018-03-04,2018-02-26,2018-03-04,2018-03-05,2018-03-07,2018-03-07,1,0,,0.004763678454,0.006000979987,0.04389469521,0,temporal_sigmoid
logistic,S2,2018,2018-03-05,2018-02-27,2018-03-05,2018-03-06,2018-03-08,2018-03-08,1,0,,0.001197368263,0.002967831619,0.04389469521,0,temporal_sigmoid
logistic,S2,2018,2018-03-06,2018-02-28,2018-03-06,2018-03-07,2018-03-09,2018-03-09,1,0,,0.003883144096,0.005406928337,0.04389469521,0,temporal_sigmoid
logistic,S2,2018,2018-03-07,2018-03-01,2018-03-07,2018-03-08,2018-03-10,2018-03-10,1,0,,1.630191622e-05,0.000331317182,0.04389469521,0,temporal_sigmoid
logistic,S2,2018,2018-03-08,2018-03-02,2018-03-08,2018-03-09,2018-03-11,2018-03-11,1,0,,2.08679109e-07,7.964930797e-05,0.04389469521,0,temporal_sigmoid
logistic,S2,2018,2018-03-09,2018-03-03,2018-03-09,2018-03-10,2018-03-12,2018-03-12,1,0,,3.66576037e-08,7.964930797e-05,0.04389469521,0,temporal_sigmoid
logistic,S2,2018,2018-03-10,2018-03-04,2018-03-10,2018-03-11,2018-03-13,2018-03-13,1,0,,6.552304276e-07,7.964930797e-05,0.04389469521,0,temporal_sigmoid
logistic,S2,2018,2018-03-11,2018-03-05,2018-03-11,2018-03-12,2018-03-14,2018-03-14,1,0,,4.772417064e-05,0.0005733463398,0.04389469521,0,temporal_sigmoid
logistic,S2,2018,2018-03-12,2018-03-06,2018-03-12,2018-03-13,2018-03-15,2018-03-15,1,0,,9.989303071e-05,0.0008359223974,0.04389469521,0,temporal_sigmoid
logistic,S2,2018,2018-03-13,2018-03-07,2018-03-13,2018-03-14,2018-03-16,2018-03-16,1,0,,2.784510696e-05,0.0004354708892,0.04389469521,0,temporal_sigmoid
logistic,S2,2018,2018-03-14,2018-03-08,2018-03-14,2018-03-15,2018-03-17,2018-03-17,1,0,,0.0003484294528,0.001581346885,0.04389469521,0,temporal_sigmoid
logistic,S2,2018,2018-03-15,2018-03-09,2018-03-15,2018-03-16,2018-03-18,2018-03-18,1,0,,0.005479334554,0.006445173445,0.04389469521,0,temporal_sigmoid
logistic,S2,2018,2018-03-16,2018-03-10,2018-03-16,2018-03-17,2018-03-19,2018-03-19,1,0,,0.001189750139,0.002958189144,0.04389469521,0,temporal_sigmoid
logistic,S2,2018,2018-03-17,2018-03-11,2018-03-17,2018-03-18,2018-03-20,2018-03-20,1,0,,0.05390697888,0.0209444903,0.04389469521,0,temporal_sigmoid
logistic,S2,2018,2018-03-18,2018-03-12,2018-03-18,2018-03-19,2018-03-21,2018-03-21,1,0,,0.02924941927,0.01521509477,0.04389469521,0,temporal_sigmoid
logistic,S2,2018,2018-03-19,2018-03-13,2018-03-19,2018-03-20,2018-03-22,2018-03-22,1,0,,0.000790230668,0.002401132238,0.04389469521,0,temporal_sigmoid
logistic,S2,2018,2018-03-20,2018-03-14,2018-03-20,2018-03-21,2018-03-23,2018-03-23,1,0,,0.0001082236303,0.0008708042676,0.04389469521,0,temporal_sigmoid
logistic,S2,2018,2018-03-21,2018-03-15,2018-03-21,2018-03-22,2018-03-24,2018-03-24,1,0,,7.368208922e-05,0.0007156539557,0.04389469521,0,temporal_sigmoid
logistic,S2,2018,2018-03-22,2018-03-16,2018-03-22,2018-03-23,2018-03-25,2018-03-25,1,0,,0.0002802436313,0.001415066132,0.04389469521,0,temporal_sigmoid
logistic,S2,2018,2018-03-23,2018-03-17,2018-03-23,2018-03-24,2018-03-26,2018-03-26,1,0,,0.003141758091,0.004853236957,0.04389469521,0,temporal_sigmoid
logistic,S2,2018,2018-03-24,2018-03-18,2018-03-24,2018-03-25,2018-03-27,2018-03-27,1,0,,0.02653904615,0.01446821283,0.04389469521,0,temporal_sigmoid
logistic,S2,2018,2018-03-25,2018-03-19,2018-03-25,2018-03-26,2018-03-28,2018-03-28,1,0,,0.1534473342,0.03719692048,0.04389469521,0,temporal_sigmoid
logistic,S2,2018,2018-03-26,2018-03-20,2018-03-26,2018-03-27,2018-03-29,2018-03-29,1,0,,0.001520818993,0.003352634338,0.04389469521,0,temporal_sigmoid
logistic,S2,2018,2018-03-27,2018-03-21,2018-03-27,2018-03-28,2018-03-30,2018-03-30,1,0,,7.848700955e-05,0.0007391067939,0.04389469521,0,temporal_sigmoid
logistic,S2,2018,2018-03-28,2018-03-22,2018-03-28,2018-03-29,2018-03-31,2018-03-31,1,0,,0.007200349252,0.007409465101,0.04389469521,0,temporal_sigmoid
logistic,S2,2018,2018-03-29,2018-03-23,2018-03-29,2018-03-30,2018-04-01,2018-04-01,1,0,,0.0007334892478,0.002311607345,0.04389469521,0,temporal_sigmoid
logistic,S2,2018,2018-03-30,2018-03-24,2018-03-30,2018-03-31,2018-04-02,2018-04-02,1,0,,8.031395563e-06,0.0002308089242,0.04389469521,0,temporal_sigmoid
logistic,S2,2018,2018-03-31,2018-03-25,2018-03-31,2018-04-01,2018-04-03,2018-04-03,1,0,,9.495443926e-11,7.964930797e-05,0.04389469521,0,temporal_sigmoid
logistic,S2,2018,2018-04-01,2018-03-26,2018-04-01,2018-04-02,2018-04-04,2018-04-04,1,0,,2.246059371e-05,0.0003902196949,0.04389469521,0,temporal_sigmoid
logistic,S2,2018,2018-04-02,2018-03-27,2018-04-02,2018-04-03,2018-04-05,2018-04-05,1,0,,8.791607591e-07,7.964930797e-05,0.04389469521,0,temporal_sigmoid
logistic,S2,2018,2018-04-03,2018-03-28,2018-04-03,2018-04-04,2018-04-06,2018-04-06,1,0,,0.001152729652,0.002910894037,0.04389469521,0,temporal_sigmoid
logistic,S2,2018,2018-04-04,2018-03-29,2018-04-04,2018-04-05,2018-04-07,2018-04-07,1,0,,0.003410023136,0.005060298657,0.04389469521,0,temporal_sigmoid
logistic,S2,2018,2018-04-05,2018-03-30,2018-04-05,2018-04-06,2018-04-08,2018-04-08,1,0,,0.001286716601,0.003078752623,0.04389469521,0,temporal_sigmoid
logistic,S2,2018,2018-04-06,2018-03-31,2018-04-06,2018-04-07,2018-04-09,2018-04-09,1,0,,7.116386031e-08,7.964930797e-05,0.04389469521,0,temporal_sigmoid
logistic,S2,2018,2018-04-07,2018-04-01,2018-04-07,2018-04-08,2018-04-10,2018-04-10,1,0,,0.001630594833,0.003473903968,0.04389469521,0,temporal_sigmoid
logistic,S2,2018,2018-04-08,2018-04-02,2018-04-08,2018-04-09,2018-04-11,2018-04-11,1,0,,0.01039066813,0.008936994886,0.04389469521,0,temporal_sigmoid
logistic,S2,2018,2018-04-09,2018-04-03,2018-04-09,2018-04-10,2018-04-12,2018-04-12,1,0,,0.06762595531,0.02362720718,0.04389469521,0,temporal_sigmoid
logistic,S2,2018,2018-04-10,2018-04-04,2018-04-10,2018-04-11,2018-04-13,2018-04-13,1,0,,0.005945261769,0.006719265819,0.04389469521,0,temporal_sigmoid
logistic,S2,2018,2018-04-11,2018-04-05,2018-04-11,2018-04-12,2018-04-14,2018-04-14,1,0,,0.0001222585022,0.0009267185859,0.04389469521,0,temporal_sigmoid
logistic,S2,2018,2018-04-12,2018-04-06,2018-04-12,2018-04-13,2018-04-15,2018-04-15,1,0,,7.334053588e-10,7.964930797e-05,0.04389469521,0,temporal_sigmoid
logistic,S2,2018,2018-04-13,2018-04-07,2018-04-13,2018-04-14,2018-04-16,2018-04-16,1,0,,7.308218405e-05,0.0007126738352,0.04389469521,0,temporal_sigmoid
logistic,S2,2018,2018-04-14,2018-04-08,2018-04-14,2018-04-15,2018-04-17,2018-04-17,1,0,,0.0001578626594,0.001055831523,0.04389469521,0,temporal_sigmoid
logistic,S2,2018,2018-04-15,2018-04-09,2018-04-15,2018-04-16,2018-04-18,2018-04-18,1,0,,1.311694437e-06,9.148747149e-05,0.04389469521,0,temporal_sigmoid
logistic,S2,2018,2018-04-16,2018-04-10,2018-04-16,2018-04-17,2018-04-19,2018-04-19,1,0,,0.004204055589,0.005630386013,0.04389469521,0,temporal_sigmoid
logistic,S2,2018,2018-04-17,2018-04-11,2018-04-17,2018-04-18,2018-04-20,2018-04-20,1,0,,2.315628735e-05,0.0003963447644,0.04389469521,0,temporal_sigmoid
logistic,S2,2018,2018-04-18,2018-04-12,2018-04-18,2018-04-19,2018-04-21,2018-04-21,1,0,,1.213660165e-07,7.964930797e-05,0.04389469521,0,temporal_sigmoid
logistic,S2,2018,2018-04-19,2018-04-13,2018-04-19,2018-04-20,2018-04-22,2018-04-22,1,0,,8.011119052e-06,0.0002305111776,0.04389469521,0,temporal_sigmoid
logistic,S2,2018,2018-04-20,2018-04-14,2018-04-20,2018-04-21,2018-04-23,2018-04-23,1,0,,0.0001881038468,0.001154614093,0.04389469521,0,temporal_sigmoid
logistic,S2,2018,2018-04-21,2018-04-15,2018-04-21,2018-04-22,2018-04-24,2018-04-24,1,0,,1.868573475e-06,0.0001096091513,0.04389469521,0,temporal_sigmoid
logistic,S2,2018,2018-04-22,2018-04-16,2018-04-22,2018-04-23,2018-04-25,2018-04-25,1,0,,0.0005123863693,0.001925121352,0.04389469521,0,temporal_sigmoid
logistic,S2,2018,2018-04-23,2018-04-17,2018-04-23,2018-04-24,2018-04-26,2018-04-26,1,0,,0.06385429497,0.02291416336,0.04389469521,0,temporal_sigmoid
logistic,S2,2018,2018-04-24,2018-04-18,2018-04-24,2018-04-25,2018-04-27,2018-04-27,1,0,,0.009633121179,0.008597622117,0.04389469521,0,temporal_sigmoid
logistic,S2,2018,2018-04-25,2018-04-19,2018-04-25,2018-04-26,2018-04-28,2018-04-28,1,0,,0.001645919715,0.003490510901,0.04389469521,0,temporal_sigmoid
logistic,S2,2018,2018-04-26,2018-04-20,2018-04-26,2018-04-27,2018-04-29,2018-04-29,1,0,,3.21775895e-07,7.964930797e-05,0.04389469521,0,temporal_sigmoid
logistic,S2,2018,2018-04-27,2018-04-21,2018-04-27,2018-04-28,2018-04-30,2018-04-30,1,0,,2.126449252e-06,0.000117090157,0.04389469521,0,temporal_sigmoid
logistic,S2,2018,2018-04-28,2018-04-22,2018-04-28,2018-04-29,2018-05-01,2018-05-01,1,0,,0.0008769867938,0.002532123311,0.04389469521,0,temporal_sigmoid
logistic,S2,2018,2018-04-29,2018-04-23,2018-04-29,2018-04-30,2018-05-02,2018-05-02,1,0,,2.603835099e-08,7.964930797e-05,0.04389469521,0,temporal_sigmoid
logistic,S2,2018,2018-04-30,2018-04-24,2018-04-30,2018-05-01,2018-05-03,2018-05-03,1,0,,1.401130042e-06,9.462186651e-05,0.04389469521,0,temporal_sigmoid
logistic,S2,2018,2018-05-01,2018-04-25,2018-05-01,2018-05-02,2018-05-04,2018-05-04,1,0,,0.007684720454,0.007659970384,0.04389469521,0,temporal_sigmoid
logistic,S2,2018,2018-05-02,2018-04-26,2018-05-02,2018-05-03,2018-05-05,2018-05-05,1,0,,2.03830512e-05,0.0003713532061,0.04389469521,0,temporal_sigmoid
logistic,S2,2018,2018-05-03,2018-04-27,2018-05-03,2018-05-04,2018-05-06,2018-05-06,1,0,,2.560762565e-05,0.0004172392672,0.04389469521,0,temporal_sigmoid
logistic,S2,2018,2018-05-04,2018-04-28,2018-05-04,2018-05-05,2018-05-07,2018-05-07,1,0,,3.382336025e-11,7.964930797e-05,0.04389469521,0,temporal_sigmoid
logistic,S2,2018,2018-05-05,2018-04-29,2018-05-05,2018-05-06,2018-05-08,2018-05-08,1,0,,1.060991642e-08,7.964930797e-05,0.04389469521,0,temporal_sigmoid
logistic,S2,2018,2018-05-06,2018-04-30,2018-05-06,2018-05-07,2018-05-09,2018-05-09,1,0,,0.005011883398,0.006158506056,0.04389469521,0,temporal_sigmoid
logistic,S2,2018,2018-05-07,2018-05-01,2018-05-07,2018-05-08,2018-05-10,2018-05-10,1,0,,4.431193196e-05,0.0005520391802,0.04389469521,0,temporal_sigmoid
logistic,S2,2018,2018-05-08,2018-05-02,2018-05-08,2018-05-09,2018-05-11,2018-05-11,1,0,,0.001170565783,0.002933771944,0.04389469521,0,temporal_sigmoid
logistic,S2,2018,2018-05-09,2018-05-03,2018-05-09,2018-05-10,2018-05-12,2018-05-12,1,0,,0.0007058902098,0.002266834637,0.04389469521,0,temporal_sigmoid
logistic,S2,2018,2018-05-10,2018-05-04,2018-05-10,2018-05-11,2018-05-13,2018-05-13,1,0,,0.0001963941963,0.001180306039,0.04389469521,0,temporal_sigmoid
logistic,S2,2018,2018-05-11,2018-05-05,2018-05-11,2018-05-12,2018-05-14,2018-05-14,1,0,,2.304486652e-13,7.964930797e-05,0.04389469521,0,temporal_sigmoid
logistic,S2,2018,2018-05-12,2018-05-06,2018-05-12,2018-05-13,2018-05-15,2018-05-15,1,0,,2.813489919e-06,0.0001350879756,0.04389469521,0,temporal_sigmoid
logistic,S2,2018,2018-05-13,2018-05-07,2018-05-13,2018-05-14,2018-05-16,2018-05-16,1,0,,3.015945398e-12,7.964930797e-05,0.04389469521,0,temporal_sigmoid
logistic,S2,2018,2018-05-14,2018-05-08,2018-05-14,2018-05-15,2018-05-17,2018-05-17,1,0,,5.1382951e-09,7.964930797e-05,0.04389469521,0,temporal_sigmoid
logistic,S2,2018,2018-05-15,2018-05-09,2018-05-15,2018-05-16,2018-05-18,2018-05-18,1,0,,2.596486251e-05,0.0004202010059,0.04389469521,0,temporal_sigmoid
logistic,S2,2018,2018-05-16,2018-05-10,2018-05-16,2018-05-17,2018-05-19,2018-05-19,1,0,,1.043539271e-10,7.964930797e-05,0.04389469521,0,temporal_sigmoid
logistic,S2,2018,2018-05-17,2018-05-11,2018-05-17,2018-05-18,2018-05-20,2018-05-20,1,0,,1.206329977e-10,7.964930797e-05,0.04389469521,0,temporal_sigmoid
logistic,S2,2018,2018-05-18,2018-05-12,2018-05-18,2018-05-19,2018-05-21,2018-05-21,1,0,,5.385036005e-08,7.964930797e-05,0.04389469521,0,temporal_sigmoid
logistic,S2,2018,2018-05-19,2018-05-13,2018-05-19,2018-05-20,2018-05-22,2018-05-22,1,0,,3.284822871e-05,0.0004738027469,0.04389469521,0,temporal_sigmoid
logistic,S2,2018,2018-05-20,2018-05-14,2018-05-20,2018-05-21,2018-05-23,2018-05-23,1,0,,4.113666111e-07,7.964930797e-05,0.04389469521,0,temporal_sigmoid
logistic,S2,2018,2018-05-21,2018-05-15,2018-05-21,2018-05-22,2018-05-24,2018-05-24,1,0,,3.460851745e-06,0.0001501575581,0.04389469521,0,temporal_sigmoid
logistic,S2,2018,2018-05-22,2018-05-16,2018-05-22,2018-05-23,2018-05-25,2018-05-25,1,0,,2.625044867e-05,0.000422554389,0.04389469521,0,temporal_sigmoid
logistic,S2,2018,2018-05-23,2018-05-17,2018-05-23,2018-05-24,2018-05-26,2018-05-26,1,0,,6.864184757e-05,0.0006902323057,0.04389469521,0,temporal_sigmoid
logistic,S2,2018,2018-05-24,2018-05-18,2018-05-24,2018-05-25,2018-05-27,2018-05-27,1,0,,1.618233498e-06,0.0001018458221,0.04389469521,0,temporal_sigmoid
logistic,S2,2018,2018-05-25,2018-05-19,2018-05-25,2018-05-26,2018-05-28,2018-05-28,1,0,,0.004223931993,0.005643947414,0.04389469521,0,temporal_sigmoid
logistic,S2,2018,2018-05-26,2018-05-20,2018-05-26,2018-05-27,2018-05-29,2018-05-29,1,0,,0.09826926373,0.02893070419,0.04389469521,0,temporal_sigmoid
logistic,S2,2018,2018-05-27,2018-05-21,2018-05-27,2018-05-28,2018-05-30,2018-05-30,1,0,,0.1235501267,0.03286156317,0.04389469521,0,temporal_sigmoid
logistic,S2,2018,2018-05-28,2018-05-22,2018-05-28,2018-05-29,2018-05-31,2018-05-31,1,0,,0.01588761256,0.01110879544,0.04389469521,0,temporal_sigmoid
logistic,S2,2018,2018-05-29,2018-05-23,2018-05-29,2018-05-30,2018-06-01,2018-06-01,1,0,,0.0009958323792,0.002701643986,0.04389469521,0,temporal_sigmoid
logistic,S2,2018,2018-05-30,2018-05-24,2018-05-30,2018-05-31,2018-06-02,2018-06-02,1,0,,0.0008112544799,0.002433498114,0.04389469521,0,temporal_sigmoid
logistic,S2,2018,2018-05-31,2018-05-25,2018-05-31,2018-06-01,2018-06-03,2018-06-03,1,0,,1.441107242e-10,7.964930797e-05,0.04389469521,0,temporal_sigmoid
logistic,S2,2018,2018-06-01,2018-05-26,2018-06-01,2018-06-02,2018-06-04,2018-06-04,1,0,,3.032993291e-07,7.964930797e-05,0.04389469521,0,temporal_sigmoid
logistic,S2,2018,2018-06-02,2018-05-27,2018-06-02,2018-06-03,2018-06-05,2018-06-05,1,0,,9.668887441e-06,0.0002537483123,0.04389469521,0,temporal_sigmoid
logistic,S2,2018,2018-06-03,2018-05-28,2018-06-03,2018-06-04,2018-06-06,2018-06-06,1,0,,0.001726233429,0.003576330081,0.04389469521,0,temporal_sigmoid
logistic,S2,2018,2018-06-04,2018-05-29,2018-06-04,2018-06-05,2018-06-07,2018-06-07,1,0,,0.0002369655103,0.001298996977,0.04389469521,0,temporal_sigmoid
logistic,S2,2018,2018-06-05,2018-05-30,2018-06-05,2018-06-06,2018-06-08,2018-06-08,1,0,,0.0004221787627,0.001744058355,0.04389469521,0,temporal_sigmoid
logistic,S2,2018,2018-06-06,2018-05-31,2018-06-06,2018-06-07,2018-06-09,2018-06-09,1,0,,0.0003640368026,0.001617093462,0.04389469521,0,temporal_sigmoid
logistic,S2,2018,2018-06-07,2018-06-01,2018-06-07,2018-06-08,2018-06-10,2018-06-10,1,0,,0.007164309119,0.007390503386,0.04389469521,0,temporal_sigmoid
logistic,S2,2018,2018-06-08,2018-06-02,2018-06-08,2018-06-09,2018-06-11,2018-06-11,1,0,,0.0003370103652,0.001554692969,0.04389469521,0,temporal_sigmoid
logistic,S2,2018,2018-06-09,2018-06-03,2018-06-09,2018-06-10,2018-06-12,2018-06-12,1,0,,1.422648313e-10,7.964930797e-05,0.04389469521,0,temporal_sigmoid
logistic,S2,2018,2018-06-10,2018-06-04,2018-06-10,2018-06-11,2018-06-13,2018-06-13,1,0,,2.03649071e-08,7.964930797e-05,0.04389469521,0,temporal_sigmoid
logistic,S2,2018,2018-06-11,2018-06-05,2018-06-11,2018-06-12,2018-06-14,2018-06-14,1,0,,1.577975788e-09,7.964930797e-05,0.04389469521,0,temporal_sigmoid
logistic,S2,2018,2018-06-12,2018-06-06,2018-06-12,2018-06-13,2018-06-15,2018-06-15,1,0,,1.438226947e-09,7.964930797e-05,0.04389469521,0,temporal_sigmoid
logistic,S2,2018,2018-06-13,2018-06-07,2018-06-13,2018-06-14,2018-06-16,2018-06-16,1,0,,1.79149194e-07,7.964930797e-05,0.04389469521,0,temporal_sigmoid
logistic,S2,2018,2018-06-14,2018-06-08,2018-06-14,2018-06-15,2018-06-17,2018-06-17,1,0,,2.66755423e-08,7.964930797e-05,0.04389469521,0,temporal_sigmoid
logistic,S2,2018,2018-06-15,2018-06-09,2018-06-15,2018-06-16,2018-06-18,2018-06-18,1,0,,2.125355692e-08,7.964930797e-05,0.04389469521,0,temporal_sigmoid
logistic,S2,2018,2018-06-16,2018-06-10,2018-06-16,2018-06-17,2018-06-19,2018-06-19,1,0,,9.263924322e-07,7.964930797e-05,0.04389469521,0,temporal_sigmoid
logistic,S2,2018,2018-06-17,2018-06-11,2018-06-17,2018-06-18,2018-06-20,2018-06-20,1,0,,2.494795297e-06,0.0001270436315,0.04389469521,0,temporal_sigmoid
logistic,S2,2018,2018-06-18,2018-06-12,2018-06-18,2018-06-19,2018-06-21,2018-06-21,1,0,,4.323315463e-06,0.000168227377,0.04389469521,0,temporal_sigmoid
logistic,S2,2018,2018-06-19,2018-06-13,2018-06-19,2018-06-20,2018-06-22,2018-06-22,1,0,,4.619711106e-08,7.964930797e-05,0.04389469521,0,temporal_sigmoid
logistic,S2,2018,2018-06-20,2018-06-14,2018-06-20,2018-06-21,2018-06-23,2018-06-23,1,0,,9.646847344e-08,7.964930797e-05,0.04389469521,0,temporal_sigmoid
logistic,S2,2018,2018-06-21,2018-06-15,2018-06-21,2018-06-22,2018-06-24,2018-06-24,1,0,,6.23026303e-06,0.0002027379118,0.04389469521,0,temporal_sigmoid
logistic,S2,2018,2018-06-22,2018-06-16,2018-06-22,2018-06-23,2018-06-25,2018-06-25,1,0,,2.938968974e-06,0.0001381319657,0.04389469521,0,temporal_sigmoid
logistic,S2,2018,2018-06-23,2018-06-17,2018-06-23,2018-06-24,2018-06-26,2018-06-26,1,0,,4.913929721e-10,7.964930797e-05,0.04389469521,0,temporal_sigmoid
logistic,S2,2018,2018-06-24,2018-06-18,2018-06-24,2018-06-25,2018-06-27,2018-06-27,1,0,,1.361973505e-10,7.964930797e-05,0.04389469521,0,temporal_sigmoid
logistic,S2,2018,2018-06-25,2018-06-19,2018-06-25,2018-06-26,2018-06-28,2018-06-28,1,0,,6.182398359e-13,7.964930797e-05,0.04389469521,0,temporal_sigmoid
logistic,S2,2018,2018-06-26,2018-06-20,2018-06-26,2018-06-27,2018-06-29,2018-06-29,1,0,,1.126893e-06,8.466027303e-05,0.04389469521,0,temporal_sigmoid
logistic,S2,2018,2018-06-27,2018-06-21,2018-06-27,2018-06-28,2018-06-30,2018-06-30,1,0,,9.703624058e-08,7.964930797e-05,0.04389469521,0,temporal_sigmoid
logistic,S2,2019,2019-02-28,2019-02-22,2019-02-28,2019-03-01,2019-03-03,2019-03-03,1,0,,7.839354157e-10,6.857548491e-05,0.02790466803,0,temporal_sigmoid
logistic,S2,2019,2019-03-01,2019-02-23,2019-03-01,2019-03-02,2019-03-04,2019-03-04,1,0,,5.792394058e-07,6.857548491e-05,0.02790466803,0,temporal_sigmoid
logistic,S2,2019,2019-03-02,2019-02-24,2019-03-02,2019-03-03,2019-03-05,2019-03-05,1,0,,6.847517478e-09,6.857548491e-05,0.02790466803,0,temporal_sigmoid
logistic,S2,2019,2019-03-03,2019-02-25,2019-03-03,2019-03-04,2019-03-06,2019-03-06,1,0,,1.574202702e-10,6.857548491e-05,0.02790466803,0,temporal_sigmoid
logistic,S2,2019,2019-03-04,2019-02-26,2019-03-04,2019-03-05,2019-03-07,2019-03-07,1,0,,1.328492334e-11,6.857548491e-05,0.02790466803,0,temporal_sigmoid
logistic,S2,2019,2019-03-05,2019-02-27,2019-03-05,2019-03-06,2019-03-08,2019-03-08,1,0,,5.657480125e-11,6.857548491e-05,0.02790466803,0,temporal_sigmoid
logistic,S2,2019,2019-03-06,2019-02-28,2019-03-06,2019-03-07,2019-03-09,2019-03-09,1,0,,3.059779737e-06,0.0001246884099,0.02790466803,0,temporal_sigmoid
logistic,S2,2019,2019-03-07,2019-03-01,2019-03-07,2019-03-08,2019-03-10,2019-03-10,1,0,,1.998211355e-05,0.000339986498,0.02790466803,0,temporal_sigmoid
logistic,S2,2019,2019-03-08,2019-03-02,2019-03-08,2019-03-09,2019-03-11,2019-03-11,1,0,,7.249725543e-06,0.0001977412558,0.02790466803,0,temporal_sigmoid
logistic,S2,2019,2019-03-09,2019-03-03,2019-03-09,2019-03-10,2019-03-12,2019-03-12,1,0,,1.863099959e-06,9.564073454e-05,0.02790466803,0,temporal_sigmoid
logistic,S2,2019,2019-03-10,2019-03-04,2019-03-10,2019-03-11,2019-03-13,2019-03-13,1,0,,2.152046617e-07,6.857548491e-05,0.02790466803,0,temporal_sigmoid
logistic,S2,2019,2019-03-11,2019-03-05,2019-03-11,2019-03-12,2019-03-14,2019-03-14,1,0,,2.025725868e-05,0.0003424807413,0.02790466803,0,temporal_sigmoid
logistic,S2,2019,2019-03-12,2019-03-06,2019-03-12,2019-03-13,2019-03-15,2019-03-15,1,0,,0.002468030963,0.004452483231,0.02790466803,0,temporal_sigmoid
logistic,S2,2019,2019-03-13,2019-03-07,2019-03-13,2019-03-14,2019-03-16,2019-03-16,1,0,,0.006551263953,0.007497359566,0.02790466803,0,temporal_sigmoid
logistic,S2,2019,2019-03-14,2019-03-08,2019-03-14,2019-03-15,2019-03-17,2019-03-17,1,0,,0.01409517961,0.01129588036,0.02790466803,0,temporal_sigmoid
logistic,S2,2019,2019-03-15,2019-03-09,2019-03-15,2019-03-16,2019-03-18,2019-03-18,1,0,,0.06162816725,0.02516645345,0.02790466803,0,temporal_sigmoid
logistic,S2,2019,2019-03-16,2019-03-10,2019-03-16,2019-03-17,2019-03-19,2019-03-19,1,0,,0.369090005,0.07673945571,0.02790466803,1,temporal_sigmoid
logistic,S2,2019,2019-03-17,2019-03-11,2019-03-17,2019-03-18,2019-03-20,2019-03-20,1,0,,0.4460405373,0.08974913537,0.02790466803,1,temporal_sigmoid
logistic,S2,2019,2019-03-18,2019-03-12,2019-03-18,2019-03-19,2019-03-21,2019-03-21,1,0,,0.01100171043,0.00989175971,0.02790466803,0,temporal_sigmoid
logistic,S2,2019,2019-03-19,2019-03-13,2019-03-19,2019-03-20,2019-03-22,2019-03-22,1,0,,0.04461544314,0.02106033004,0.02790466803,0,temporal_sigmoid
logistic,S2,2019,2019-03-20,2019-03-14,2019-03-20,2019-03-21,2019-03-23,2019-03-23,1,0,,0.1960400233,0.04948265094,0.02790466803,1,temporal_sigmoid
logistic,S2,2019,2019-03-21,2019-03-15,2019-03-21,2019-03-22,2019-03-24,2019-03-24,1,0,,0.7498581757,0.1660525998,0.02790466803,1,temporal_sigmoid
logistic,S2,2019,2019-03-22,2019-03-16,2019-03-22,2019-03-23,2019-03-25,2019-03-25,1,0,,0.1500512205,0.04196436863,0.02790466803,1,temporal_sigmoid
logistic,S2,2019,2019-03-23,2019-03-17,2019-03-23,2019-03-24,2019-03-26,2019-03-26,1,0,,0.692087061,0.145812606,0.02790466803,1,temporal_sigmoid
logistic,S2,2019,2019-03-24,2019-03-18,2019-03-24,2019-03-25,2019-03-27,2019-03-27,1,0,,0.0681985385,0.02662718855,0.02790466803,0,temporal_sigmoid
logistic,S2,2019,2019-03-25,2019-03-19,2019-03-25,2019-03-26,2019-03-28,2019-03-28,1,0,,0.05168896753,0.0228336391,0.02790466803,0,temporal_sigmoid
logistic,S2,2019,2019-03-26,2019-03-20,2019-03-26,2019-03-27,2019-03-29,2019-03-29,1,0,,0.009607713891,0.009200047861,0.02790466803,0,temporal_sigmoid
logistic,S2,2019,2019-03-27,2019-03-21,2019-03-27,2019-03-28,2019-03-30,2019-03-30,1,0,,7.560745995e-05,0.0006923349954,0.02790466803,0,temporal_sigmoid
logistic,S2,2019,2019-03-28,2019-03-22,2019-03-28,2019-03-29,2019-03-31,2019-03-31,1,0,,0.1542417773,0.0426682732,0.02790466803,1,temporal_sigmoid
logistic,S2,2019,2019-03-29,2019-03-23,2019-03-29,2019-03-30,2019-04-01,2019-04-01,1,0,,0.509324954,0.1014784028,0.02790466803,1,temporal_sigmoid
logistic,S2,2019,2019-03-30,2019-03-24,2019-03-30,2019-03-31,2019-04-02,2019-04-02,1,0,,0.1839866754,0.04754944349,0.02790466803,1,temporal_sigmoid
logistic,S2,2019,2019-03-31,2019-03-25,2019-03-31,2019-04-01,2019-04-03,2019-04-03,1,0,,8.000044851e-07,6.857548491e-05,0.02790466803,0,temporal_sigmoid
logistic,S2,2019,2019-04-01,2019-03-26,2019-04-01,2019-04-02,2019-04-04,2019-04-04,1,0,,7.894984074e-07,6.857548491e-05,0.02790466803,0,temporal_sigmoid
logistic,S2,2019,2019-04-02,2019-03-27,2019-04-02,2019-04-03,2019-04-05,2019-04-05,1,0,,5.402039753e-09,6.857548491e-05,0.02790466803,0,temporal_sigmoid
logistic,S2,2019,2019-04-03,2019-03-28,2019-04-03,2019-04-04,2019-04-06,2019-04-06,1,0,,7.867484096e-05,0.0007072042123,0.02790466803,0,temporal_sigmoid
logistic,S2,2019,2019-04-04,2019-03-29,2019-04-04,2019-04-05,2019-04-07,2019-04-07,1,0,,2.946620728e-05,0.0004184257852,0.02790466803,0,temporal_sigmoid
logistic,S2,2019,2019-04-05,2019-03-30,2019-04-05,2019-04-06,2019-04-08,2019-04-08,1,0,,7.533174457e-05,0.0006909848044,0.02790466803,0,temporal_sigmoid
logistic,S2,2019,2019-04-06,2019-03-31,2019-04-06,2019-04-07,2019-04-09,2019-04-09,1,0,,5.154757083e-07,6.857548491e-05,0.02790466803,0,temporal_sigmoid
logistic,S2,2019,2019-04-07,2019-04-01,2019-04-07,2019-04-08,2019-04-10,2019-04-10,1,0,,3.435071509e-05,0.0004541704184,0.02790466803,0,temporal_sigmoid
logistic,S2,2019,2019-04-08,2019-04-02,2019-04-08,2019-04-09,2019-04-11,2019-04-11,1,0,,1.606695242e-08,6.857548491e-05,0.02790466803,0,temporal_sigmoid
logistic,S2,2019,2019-04-09,2019-04-03,2019-04-09,2019-04-10,2019-04-12,2019-04-12,1,0,,2.976124752e-09,6.857548491e-05,0.02790466803,0,temporal_sigmoid
logistic,S2,2019,2019-04-10,2019-04-04,2019-04-10,2019-04-11,2019-04-13,2019-04-13,1,0,,1.478717889e-11,6.857548491e-05,0.02790466803,0,temporal_sigmoid
logistic,S2,2019,2019-04-11,2019-04-05,2019-04-11,2019-04-12,2019-04-14,2019-04-14,1,0,,3.992350278e-06,0.0001437448519,0.02790466803,0,temporal_sigmoid
logistic,S2,2019,2019-04-12,2019-04-06,2019-04-12,2019-04-13,2019-04-15,2019-04-15,1,0,,0.0002977182055,0.001439782084,0.02790466803,0,temporal_sigmoid
logistic,S2,2019,2019-04-13,2019-04-07,2019-04-13,2019-04-14,2019-04-16,2019-04-16,1,0,,0.001855884106,0.00382421717,0.02790466803,0,temporal_sigmoid
logistic,S2,2019,2019-04-14,2019-04-08,2019-04-14,2019-04-15,2019-04-17,2019-04-17,1,0,,0.001292818343,0.003153222567,0.02790466803,0,temporal_sigmoid
logistic,S2,2019,2019-04-15,2019-04-09,2019-04-15,2019-04-16,2019-04-18,2019-04-18,1,0,,0.009231806415,0.009005744023,0.02790466803,0,temporal_sigmoid
logistic,S2,2019,2019-04-16,2019-04-10,2019-04-16,2019-04-17,2019-04-19,2019-04-19,1,0,,2.349502471e-05,0.0003707272022,0.02790466803,0,temporal_sigmoid
logistic,S2,2019,2019-04-17,2019-04-11,2019-04-17,2019-04-18,2019-04-20,2019-04-20,1,0,,0.03592442321,0.01871087231,0.02790466803,0,temporal_sigmoid
logistic,S2,2019,2019-04-18,2019-04-12,2019-04-18,2019-04-19,2019-04-21,2019-04-21,1,0,,0.001078868544,0.002863012833,0.02790466803,0,temporal_sigmoid
logistic,S2,2019,2019-04-19,2019-04-13,2019-04-19,2019-04-20,2019-04-22,2019-04-22,1,0,,0.003217455537,0.005129256676,0.02790466803,0,temporal_sigmoid
logistic,S2,2019,2019-04-20,2019-04-14,2019-04-20,2019-04-21,2019-04-23,2019-04-23,1,0,,0.003275706514,0.005178605072,0.02790466803,0,temporal_sigmoid
logistic,S2,2019,2019-04-21,2019-04-15,2019-04-21,2019-04-22,2019-04-24,2019-04-24,1,0,,0.004767095601,0.006326767604,0.02790466803,0,temporal_sigmoid
logistic,S2,2019,2019-04-22,2019-04-16,2019-04-22,2019-04-23,2019-04-25,2019-04-25,1,0,,0.004371826689,0.006041099614,0.02790466803,0,temporal_sigmoid
logistic,S2,2019,2019-04-23,2019-04-17,2019-04-23,2019-04-24,2019-04-26,2019-04-26,1,0,,0.08920851754,0.03097664872,0.02790466803,1,temporal_sigmoid
logistic,S2,2019,2019-04-24,2019-04-18,2019-04-24,2019-04-25,2019-04-27,2019-04-27,1,0,,0.3144233664,0.06801228778,0.02790466803,1,temporal_sigmoid
logistic,S2,2019,2019-04-25,2019-04-19,2019-04-25,2019-04-26,2019-04-28,2019-04-28,1,0,,0.6785903237,0.1416935107,0.02790466803,1,temporal_sigmoid
logistic,S2,2019,2019-04-26,2019-04-20,2019-04-26,2019-04-27,2019-04-29,2019-04-29,1,0,,0.6438454965,0.1318982146,0.02790466803,1,temporal_sigmoid
logistic,S2,2019,2019-04-27,2019-04-21,2019-04-27,2019-04-28,2019-04-30,2019-04-30,1,0,,0.834247296,0.208034295,0.02790466803,1,temporal_sigmoid
logistic,S2,2019,2019-04-28,2019-04-22,2019-04-28,2019-04-29,2019-05-01,2019-05-01,1,0,,0.9399260235,0.3251061507,0.02790466803,1,temporal_sigmoid
logistic,S2,2019,2019-04-29,2019-04-23,2019-04-29,2019-04-30,2019-05-02,2019-05-02,1,0,,0.9804544934,0.4731520482,0.02790466803,1,temporal_sigmoid
logistic,S2,2019,2019-04-30,2019-04-24,2019-04-30,2019-05-01,2019-05-03,2019-05-03,1,0,,0.9837174695,0.4979847678,0.02790466803,1,temporal_sigmoid
logistic,S2,2019,2019-05-01,2019-04-25,2019-05-01,2019-05-02,2019-05-04,2019-05-04,1,0,,0.9673577111,0.4039833693,0.02790466803,1,temporal_sigmoid
logistic,S2,2019,2019-05-02,2019-04-26,2019-05-02,2019-05-03,2019-05-05,2019-05-05,1,0,,0.9626734044,0.3862299863,0.02790466803,1,temporal_sigmoid
logistic,S2,2019,2019-05-03,2019-04-27,2019-05-03,2019-05-04,2019-05-06,2019-05-06,1,0,,2.877618059e-07,6.857548491e-05,0.02790466803,0,temporal_sigmoid
logistic,S2,2019,2019-05-04,2019-04-28,2019-05-04,2019-05-05,2019-05-07,2019-05-07,1,0,,3.494329845e-08,6.857548491e-05,0.02790466803,0,temporal_sigmoid
logistic,S2,2019,2019-05-05,2019-04-29,2019-05-05,2019-05-06,2019-05-08,2019-05-08,1,0,,0.4584120953,0.09195470584,0.02790466803,1,temporal_sigmoid
logistic,S2,2019,2019-05-06,2019-04-30,2019-05-06,2019-05-07,2019-05-09,2019-05-09,1,0,,0.849328698,0.2181924872,0.02790466803,1,temporal_sigmoid
logistic,S2,2019,2019-05-07,2019-05-01,2019-05-07,2019-05-08,2019-05-10,2019-05-10,1,0,,0.4339968157,0.08763683881,0.02790466803,1,temporal_sigmoid
logistic,S2,2019,2019-05-08,2019-05-02,2019-05-08,2019-05-09,2019-05-11,2019-05-11,1,0,,0.3343903062,0.07116633522,0.02790466803,1,temporal_sigmoid
logistic,S2,2019,2019-05-09,2019-05-03,2019-05-09,2019-05-10,2019-05-12,2019-05-12,1,0,,0.1361001957,0.03958389935,0.02790466803,1,temporal_sigmoid
logistic,S2,2019,2019-05-10,2019-05-04,2019-05-10,2019-05-11,2019-05-13,2019-05-13,1,0,,0.4870360438,0.0972130529,0.02790466803,1,temporal_sigmoid
logistic,S2,2019,2019-05-11,2019-05-05,2019-05-11,2019-05-12,2019-05-14,2019-05-14,1,0,,0.8056077076,0.1914357338,0.02790466803,1,temporal_sigmoid
logistic,S2,2019,2019-05-12,2019-05-06,2019-05-12,2019-05-13,2019-05-15,2019-05-15,1,0,,0.5132894916,0.1022545217,0.02790466803,1,temporal_sigmoid
logistic,S2,2019,2019-05-13,2019-05-07,2019-05-13,2019-05-14,2019-05-16,2019-05-16,1,0,,0.0001901585467,0.001133213103,0.02790466803,0,temporal_sigmoid
logistic,S2,2019,2019-05-14,2019-05-08,2019-05-14,2019-05-15,2019-05-17,2019-05-17,1,0,,4.324095431e-07,6.857548491e-05,0.02790466803,0,temporal_sigmoid
logistic,S2,2019,2019-05-15,2019-05-09,2019-05-15,2019-05-16,2019-05-18,2019-05-18,1,0,,1.580468315e-06,8.758795594e-05,0.02790466803,0,temporal_sigmoid
logistic,S2,2019,2019-05-16,2019-05-10,2019-05-16,2019-05-17,2019-05-19,2019-05-19,1,0,,0.0001849000441,0.001116364727,0.02790466803,0,temporal_sigmoid
logistic,S2,2019,2019-05-17,2019-05-11,2019-05-17,2019-05-18,2019-05-20,2019-05-20,1,0,,0.02441628728,0.01517855966,0.02790466803,0,temporal_sigmoid
logistic,S2,2019,2019-05-18,2019-05-12,2019-05-18,2019-05-19,2019-05-21,2019-05-21,1,0,,0.5318923197,0.1059731078,0.02790466803,1,temporal_sigmoid
logistic,S2,2019,2019-05-19,2019-05-13,2019-05-19,2019-05-20,2019-05-22,2019-05-22,1,0,,0.1352904896,0.03944380591,0.02790466803,1,temporal_sigmoid
logistic,S2,2019,2019-05-20,2019-05-14,2019-05-20,2019-05-21,2019-05-23,2019-05-23,1,0,,0.3089953147,0.06715983157,0.02790466803,1,temporal_sigmoid
logistic,S2,2019,2019-05-21,2019-05-15,2019-05-21,2019-05-22,2019-05-24,2019-05-24,1,0,,0.4568647444,0.09167676678,0.02790466803,1,temporal_sigmoid
logistic,S2,2019,2019-05-22,2019-05-16,2019-05-22,2019-05-23,2019-05-25,2019-05-25,1,0,,0.04120471813,0.02016364034,0.02790466803,0,temporal_sigmoid
logistic,S2,2019,2019-05-23,2019-05-17,2019-05-23,2019-05-24,2019-05-26,2019-05-26,1,0,,1.691163065e-06,9.081591738e-05,0.02790466803,0,temporal_sigmoid
logistic,S2,2019,2019-05-24,2019-05-18,2019-05-24,2019-05-25,2019-05-27,2019-05-27,1,0,,5.8958572e-12,6.857548491e-05,0.02790466803,0,temporal_sigmoid
logistic,S2,2019,2019-05-25,2019-05-19,2019-05-25,2019-05-26,2019-05-28,2019-05-28,1,0,,5.373084584e-08,6.857548491e-05,0.02790466803,0,temporal_sigmoid
logistic,S2,2019,2019-05-26,2019-05-20,2019-05-26,2019-05-27,2019-05-29,2019-05-29,1,0,,0.008802225319,0.008779176323,0.02790466803,0,temporal_sigmoid
logistic,S2,2019,2019-05-27,2019-05-21,2019-05-27,2019-05-28,2019-05-30,2019-05-30,1,0,,0.009458787855,0.009123495394,0.02790466803,0,temporal_sigmoid
logistic,S2,2019,2019-05-28,2019-05-22,2019-05-28,2019-05-29,2019-05-31,2019-05-31,1,0,,0.1042439269,0.03386644429,0.02790466803,1,temporal_sigmoid
logistic,S2,2019,2019-05-29,2019-05-23,2019-05-29,2019-05-30,2019-06-01,2019-06-01,1,0,,0.06396003388,0.02569150879,0.02790466803,0,temporal_sigmoid
logistic,S2,2019,2019-05-30,2019-05-24,2019-05-30,2019-05-31,2019-06-02,2019-06-02,1,0,,0.01517532806,0.01175220768,0.02790466803,0,temporal_sigmoid
logistic,S2,2019,2019-05-31,2019-05-25,2019-05-31,2019-06-01,2019-06-03,2019-06-03,1,0,,0.0001057494734,0.0008282701594,0.02790466803,0,temporal_sigmoid
logistic,S2,2019,2019-06-01,2019-05-26,2019-06-01,2019-06-02,2019-06-04,2019-06-04,1,0,,1.653168882e-08,6.857548491e-05,0.02790466803,0,temporal_sigmoid
logistic,S2,2019,2019-06-02,2019-05-27,2019-06-02,2019-06-03,2019-06-05,2019-06-05,1,0,,1.740626013e-08,6.857548491e-05,0.02790466803,0,temporal_sigmoid
logistic,S2,2019,2019-06-03,2019-05-28,2019-06-03,2019-06-04,2019-06-06,2019-06-06,1,0,,1.254908369e-08,6.857548491e-05,0.02790466803,0,temporal_sigmoid
logistic,S2,2019,2019-06-04,2019-05-29,2019-06-04,2019-06-05,2019-06-07,2019-06-07,1,0,,3.752216004e-13,6.857548491e-05,0.02790466803,0,temporal_sigmoid
logistic,S2,2019,2019-06-05,2019-05-30,2019-06-05,2019-06-06,2019-06-08,2019-06-08,1,0,,2.14301679e-08,6.857548491e-05,0.02790466803,0,temporal_sigmoid
logistic,S2,2019,2019-06-06,2019-05-31,2019-06-06,2019-06-07,2019-06-09,2019-06-09,1,0,,0.0007009561045,0.002274369907,0.02790466803,0,temporal_sigmoid
logistic,S2,2019,2019-06-07,2019-06-01,2019-06-07,2019-06-08,2019-06-10,2019-06-10,1,0,,1.785672608e-06,9.349484115e-05,0.02790466803,0,temporal_sigmoid
logistic,S2,2019,2019-06-08,2019-06-02,2019-06-08,2019-06-09,2019-06-11,2019-06-11,1,0,,7.53310687e-06,0.0002018362193,0.02790466803,0,temporal_sigmoid
logistic,S2,2019,2019-06-09,2019-06-03,2019-06-09,2019-06-10,2019-06-12,2019-06-12,1,0,,2.055551005e-05,0.0003451666935,0.02790466803,0,temporal_sigmoid
logistic,S2,2019,2019-06-10,2019-06-04,2019-06-10,2019-06-11,2019-06-13,2019-06-13,1,0,,0.000537797413,0.001974371297,0.02790466803,0,temporal_sigmoid
logistic,S2,2019,2019-06-11,2019-06-05,2019-06-11,2019-06-12,2019-06-14,2019-06-14,1,0,,0.003209164291,0.005122198867,0.02790466803,0,temporal_sigmoid
logistic,S2,2019,2019-06-12,2019-06-06,2019-06-12,2019-06-13,2019-06-15,2019-06-15,1,0,,0.001873077988,0.003843082046,0.02790466803,0,temporal_sigmoid
logistic,S2,2019,2019-06-13,2019-06-07,2019-06-13,2019-06-14,2019-06-16,2019-06-16,1,0,,4.245797148e-05,0.0005086261732,0.02790466803,0,temporal_sigmoid
logistic,S2,2019,2019-06-14,2019-06-08,2019-06-14,2019-06-15,2019-06-17,2019-06-17,1,0,,9.90592394e-08,6.857548491e-05,0.02790466803,0,temporal_sigmoid
logistic,S2,2019,2019-06-15,2019-06-09,2019-06-15,2019-06-16,2019-06-18,2019-06-18,1,0,,1.421948236e-11,6.857548491e-05,0.02790466803,0,temporal_sigmoid
logistic,S2,2019,2019-06-16,2019-06-10,2019-06-16,2019-06-17,2019-06-19,2019-06-19,1,0,,0.0004139494835,0.001716864816,0.02790466803,0,temporal_sigmoid
logistic,S2,2019,2019-06-17,2019-06-11,2019-06-17,2019-06-18,2019-06-20,2019-06-20,1,0,,6.842322902e-09,6.857548491e-05,0.02790466803,0,temporal_sigmoid
logistic,S2,2019,2019-06-18,2019-06-12,2019-06-18,2019-06-19,2019-06-21,2019-06-21,1,0,,9.388087273e-09,6.857548491e-05,0.02790466803,0,temporal_sigmoid
logistic,S2,2019,2019-06-19,2019-06-13,2019-06-19,2019-06-20,2019-06-22,2019-06-22,1,0,,1.230224505e-06,7.660848355e-05,0.02790466803,0,temporal_sigmoid
logistic,S2,2019,2019-06-20,2019-06-14,2019-06-20,2019-06-21,2019-06-23,2019-06-23,1,0,,9.73465813e-08,6.857548491e-05,0.02790466803,0,temporal_sigmoid
logistic,S2,2019,2019-06-21,2019-06-15,2019-06-21,2019-06-22,2019-06-24,2019-06-24,1,0,,1.063383369e-12,6.857548491e-05,0.02790466803,0,temporal_sigmoid
logistic,S2,2019,2019-06-22,2019-06-16,2019-06-22,2019-06-23,2019-06-25,2019-06-25,1,0,,6.537051217e-06,0.0001871001399,0.02790466803,0,temporal_sigmoid
logistic,S2,2019,2019-06-23,2019-06-17,2019-06-23,2019-06-24,2019-06-26,2019-06-26,1,0,,0.0001166210625,0.0008727257467,0.02790466803,0,temporal_sigmoid
logistic,S2,2019,2019-06-24,2019-06-18,2019-06-24,2019-06-25,2019-06-27,2019-06-27,1,0,,7.703930682e-05,0.0006993102244,0.02790466803,0,temporal_sigmoid
logistic,S2,2019,2019-06-25,2019-06-19,2019-06-25,2019-06-26,2019-06-28,2019-06-28,1,0,,5.143772981e-05,0.0005635422793,0.02790466803,0,temporal_sigmoid
logistic,S2,2019,2019-06-26,2019-06-20,2019-06-26,2019-06-27,2019-06-29,2019-06-29,1,0,,8.053756476e-06,0.000209177188,0.02790466803,0,temporal_sigmoid
logistic,S2,2019,2019-06-27,2019-06-21,2019-06-27,2019-06-28,2019-06-30,2019-06-30,1,0,,1.941833365e-07,6.857548491e-05,0.02790466803,0,temporal_sigmoid
logistic,S2,2020,2020-02-29,2020-02-23,2020-02-29,2020-03-01,2020-03-03,2020-03-03,1,0,,3.769274039e-06,0.0001313016573,0.03060803574,0,temporal_sigmoid
logistic,S2,2020,2020-03-01,2020-02-24,2020-03-01,2020-03-02,2020-03-04,2020-03-04,1,0,,7.229258804e-07,6.456533959e-05,0.03060803574,0,temporal_sigmoid
logistic,S2,2020,2020-03-02,2020-02-25,2020-03-02,2020-03-03,2020-03-05,2020-03-05,1,0,,7.771313422e-07,6.456533959e-05,0.03060803574,0,temporal_sigmoid
logistic,S2,2020,2020-03-03,2020-02-26,2020-03-03,2020-03-04,2020-03-06,2020-03-06,1,0,,3.79728903e-08,6.456533959e-05,0.03060803574,0,temporal_sigmoid
logistic,S2,2020,2020-03-04,2020-02-27,2020-03-04,2020-03-05,2020-03-07,2020-03-07,1,0,,2.189567704e-07,6.456533959e-05,0.03060803574,0,temporal_sigmoid
logistic,S2,2020,2020-03-05,2020-02-28,2020-03-05,2020-03-06,2020-03-08,2020-03-08,1,0,,4.349384699e-06,0.0001417512657,0.03060803574,0,temporal_sigmoid
logistic,S2,2020,2020-03-06,2020-02-29,2020-03-06,2020-03-07,2020-03-09,2020-03-09,1,0,,5.97803213e-08,6.456533959e-05,0.03060803574,0,temporal_sigmoid
logistic,S2,2020,2020-03-07,2020-03-01,2020-03-07,2020-03-08,2020-03-10,2020-03-10,1,0,,4.162434634e-07,6.456533959e-05,0.03060803574,0,temporal_sigmoid
logistic,S2,2020,2020-03-08,2020-03-02,2020-03-08,2020-03-09,2020-03-11,2020-03-11,1,0,,3.304481596e-05,0.000419349671,0.03060803574,0,temporal_sigmoid
logistic,S2,2020,2020-03-09,2020-03-03,2020-03-09,2020-03-10,2020-03-12,2020-03-12,1,0,,4.685915826e-07,6.456533959e-05,0.03060803574,0,temporal_sigmoid
logistic,S2,2020,2020-03-10,2020-03-04,2020-03-10,2020-03-11,2020-03-13,2020-03-13,1,0,,7.758109474e-08,6.456533959e-05,0.03060803574,0,temporal_sigmoid
logistic,S2,2020,2020-03-11,2020-03-05,2020-03-11,2020-03-12,2020-03-14,2020-03-14,1,0,,7.805025864e-08,6.456533959e-05,0.03060803574,0,temporal_sigmoid
logistic,S2,2020,2020-03-12,2020-03-06,2020-03-12,2020-03-13,2020-03-15,2020-03-15,1,0,,3.222460191e-06,0.0001207416177,0.03060803574,0,temporal_sigmoid
logistic,S2,2020,2020-03-13,2020-03-07,2020-03-13,2020-03-14,2020-03-16,2020-03-16,1,0,,0.0001791887972,0.001035488024,0.03060803574,0,temporal_sigmoid
logistic,S2,2020,2020-03-14,2020-03-08,2020-03-14,2020-03-15,2020-03-17,2020-03-17,1,0,,5.355877913e-05,0.0005429151429,0.03060803574,0,temporal_sigmoid
logistic,S2,2020,2020-03-15,2020-03-09,2020-03-15,2020-03-16,2020-03-18,2020-03-18,1,0,,3.932221801e-05,0.0004602260687,0.03060803574,0,temporal_sigmoid
logistic,S2,2020,2020-03-16,2020-03-10,2020-03-16,2020-03-17,2020-03-19,2020-03-19,1,0,,0.0001787008984,0.001033979949,0.03060803574,0,temporal_sigmoid
logistic,S2,2020,2020-03-17,2020-03-11,2020-03-17,2020-03-18,2020-03-20,2020-03-20,1,0,,0.0003631839952,0.00151052671,0.03060803574,0,temporal_sigmoid
logistic,S2,2020,2020-03-18,2020-03-12,2020-03-18,2020-03-19,2020-03-21,2020-03-21,1,0,,0.0007224379185,0.002181279024,0.03060803574,0,temporal_sigmoid
logistic,S2,2020,2020-03-19,2020-03-13,2020-03-19,2020-03-20,2020-03-22,2020-03-22,1,0,,0.0003326508602,0.001441277121,0.03060803574,0,temporal_sigmoid
logistic,S2,2020,2020-03-20,2020-03-14,2020-03-20,2020-03-21,2020-03-23,2020-03-23,1,0,,0.0001622813597,0.0009820570137,0.03060803574,0,temporal_sigmoid
logistic,S2,2020,2020-03-21,2020-03-15,2020-03-21,2020-03-22,2020-03-24,2020-03-24,1,0,,0.0005173283122,0.001824840844,0.03060803574,0,temporal_sigmoid
logistic,S2,2020,2020-03-22,2020-03-16,2020-03-22,2020-03-23,2020-03-25,2020-03-25,1,0,,2.283300726e-05,0.0003441258148,0.03060803574,0,temporal_sigmoid
logistic,S2,2020,2020-03-23,2020-03-17,2020-03-23,2020-03-24,2020-03-26,2020-03-26,1,0,,0.0001847093776,0.001052420524,0.03060803574,0,temporal_sigmoid
logistic,S2,2020,2020-03-24,2020-03-18,2020-03-24,2020-03-25,2020-03-27,2020-03-27,1,0,,0.000790433059,0.002288652849,0.03060803574,0,temporal_sigmoid
logistic,S2,2020,2020-03-25,2020-03-19,2020-03-25,2020-03-26,2020-03-28,2020-03-28,1,0,,0.00233995167,0.004086261868,0.03060803574,0,temporal_sigmoid
logistic,S2,2020,2020-03-26,2020-03-20,2020-03-26,2020-03-27,2020-03-29,2020-03-29,1,0,,0.02849147954,0.0156025607,0.03060803574,0,temporal_sigmoid
logistic,S2,2020,2020-03-27,2020-03-21,2020-03-27,2020-03-28,2020-03-30,2020-03-30,1,0,,0.1555530943,0.04064047655,0.03060803574,1,temporal_sigmoid
logistic,S2,2020,2020-03-28,2020-03-22,2020-03-28,2020-03-29,2020-03-31,2020-03-31,1,0,,0.1071066166,0.03257826131,0.03060803574,1,temporal_sigmoid
logistic,S2,2020,2020-03-29,2020-03-23,2020-03-29,2020-03-30,2020-04-01,2020-04-01,1,0,,0.01277894112,0.010129257,0.03060803574,0,temporal_sigmoid
logistic,S2,2020,2020-03-30,2020-03-24,2020-03-30,2020-03-31,2020-04-02,2020-04-02,1,0,,0.01036909092,0.009055827144,0.03060803574,0,temporal_sigmoid
logistic,S2,2020,2020-03-31,2020-03-25,2020-03-31,2020-04-01,2020-04-03,2020-04-03,1,0,,0.005005926602,0.00613413295,0.03060803574,0,temporal_sigmoid
logistic,S2,2020,2020-04-01,2020-03-26,2020-04-01,2020-04-02,2020-04-04,2020-04-04,1,0,,0.003358934203,0.004956514945,0.03060803574,0,temporal_sigmoid
logistic,S2,2020,2020-04-02,2020-03-27,2020-04-02,2020-04-03,2020-04-05,2020-04-05,1,0,,0.00748030987,0.007603478664,0.03060803574,0,temporal_sigmoid
logistic,S2,2020,2020-04-03,2020-03-28,2020-04-03,2020-04-04,2020-04-06,2020-04-06,1,0,,0.003993446669,0.005436486762,0.03060803574,0,temporal_sigmoid
logistic,S2,2020,2020-04-04,2020-03-29,2020-04-04,2020-04-05,2020-04-07,2020-04-07,1,0,,0.04992475578,0.02119493409,0.03060803574,0,temporal_sigmoid
logistic,S2,2020,2020-04-05,2020-03-30,2020-04-05,2020-04-06,2020-04-08,2020-04-08,1,0,,0.01247627276,0.009999856296,0.03060803574,0,temporal_sigmoid
logistic,S2,2020,2020-04-06,2020-03-31,2020-04-06,2020-04-07,2020-04-09,2020-04-09,1,0,,0.4633815686,0.08826985711,0.03060803574,1,temporal_sigmoid
logistic,S2,2020,2020-04-07,2020-04-01,2020-04-07,2020-04-08,2020-04-10,2020-04-10,1,0,,0.8230941123,0.192491655,0.03060803574,1,temporal_sigmoid
logistic,S2,2020,2020-04-08,2020-04-02,2020-04-08,2020-04-09,2020-04-11,2020-04-11,1,0,,0.007586095109,0.007660812283,0.03060803574,0,temporal_sigmoid
logistic,S2,2020,2020-04-09,2020-04-03,2020-04-09,2020-04-10,2020-04-12,2020-04-12,1,0,,0.2334163483,0.05251944971,0.03060803574,1,temporal_sigmoid
logistic,S2,2020,2020-04-10,2020-04-04,2020-04-10,2020-04-11,2020-04-13,2020-04-13,1,0,,0.6846391748,0.1368478748,0.03060803574,1,temporal_sigmoid
logistic,S2,2020,2020-04-11,2020-04-05,2020-04-11,2020-04-12,2020-04-14,2020-04-14,1,0,,0.03342680616,0.0170166207,0.03060803574,0,temporal_sigmoid
logistic,S2,2020,2020-04-12,2020-04-06,2020-04-12,2020-04-13,2020-04-15,2020-04-15,1,0,,0.0001027493314,0.0007691712182,0.03060803574,0,temporal_sigmoid
logistic,S2,2020,2020-04-13,2020-04-07,2020-04-13,2020-04-14,2020-04-16,2020-04-16,1,0,,0.0002549794996,0.001250341412,0.03060803574,0,temporal_sigmoid
logistic,S2,2020,2020-04-14,2020-04-08,2020-04-14,2020-04-15,2020-04-17,2020-04-17,1,0,,0.008781433992,0.008284752932,0.03060803574,0,temporal_sigmoid
logistic,S2,2020,2020-04-15,2020-04-09,2020-04-15,2020-04-16,2020-04-18,2020-04-18,1,0,,0.0001984371515,0.001093531766,0.03060803574,0,temporal_sigmoid
logistic,S2,2020,2020-04-16,2020-04-10,2020-04-16,2020-04-17,2020-04-19,2020-04-19,1,0,,0.009826251833,0.008798721695,0.03060803574,0,temporal_sigmoid
logistic,S2,2020,2020-04-17,2020-04-11,2020-04-17,2020-04-18,2020-04-20,2020-04-20,1,0,,1.326066394e-06,7.508749688e-05,0.03060803574,0,temporal_sigmoid
logistic,S2,2020,2020-04-18,2020-04-12,2020-04-18,2020-04-19,2020-04-21,2020-04-21,1,0,,4.173166794e-09,6.456533959e-05,0.03060803574,0,temporal_sigmoid
logistic,S2,2020,2020-04-19,2020-04-13,2020-04-19,2020-04-20,2020-04-22,2020-04-22,1,0,,0.01209468728,0.009834655794,0.03060803574,0,temporal_sigmoid
logistic,S2,2020,2020-04-20,2020-04-14,2020-04-20,2020-04-21,2020-04-23,2020-04-23,1,0,,1.023419413e-09,6.456533959e-05,0.03060803574,0,temporal_sigmoid
logistic,S2,2020,2020-04-21,2020-04-15,2020-04-21,2020-04-22,2020-04-24,2020-04-24,1,0,,0.0002863035335,0.001330219286,0.03060803574,0,temporal_sigmoid
logistic,S2,2020,2020-04-22,2020-04-16,2020-04-22,2020-04-23,2020-04-25,2020-04-25,1,0,,2.529613008e-05,0.0003635064907,0.03060803574,0,temporal_sigmoid
logistic,S2,2020,2020-04-23,2020-04-17,2020-04-23,2020-04-24,2020-04-26,2020-04-26,1,0,,2.240447188e-07,6.456533959e-05,0.03060803574,0,temporal_sigmoid
logistic,S2,2020,2020-04-24,2020-04-18,2020-04-24,2020-04-25,2020-04-27,2020-04-27,1,0,,2.298223095e-14,6.456533959e-05,0.03060803574,0,temporal_sigmoid
logistic,S2,2020,2020-04-25,2020-04-19,2020-04-25,2020-04-26,2020-04-28,2020-04-28,1,0,,3.963294444e-07,6.456533959e-05,0.03060803574,0,temporal_sigmoid
logistic,S2,2020,2020-04-26,2020-04-20,2020-04-26,2020-04-27,2020-04-29,2020-04-29,1,0,,3.739345416e-09,6.456533959e-05,0.03060803574,0,temporal_sigmoid
logistic,S2,2020,2020-04-27,2020-04-21,2020-04-27,2020-04-28,2020-04-30,2020-04-30,1,0,,0.0004002452679,0.001591031696,0.03060803574,0,temporal_sigmoid
logistic,S2,2020,2020-04-28,2020-04-22,2020-04-28,2020-04-29,2020-05-01,2020-05-01,1,0,,7.300707278e-08,6.456533959e-05,0.03060803574,0,temporal_sigmoid
logistic,S2,2020,2020-04-29,2020-04-23,2020-04-29,2020-04-30,2020-05-02,2020-05-02,1,0,,9.150499869e-05,0.0007229555584,0.03060803574,0,temporal_sigmoid
logistic,S2,2020,2020-04-30,2020-04-24,2020-04-30,2020-05-01,2020-05-03,2020-05-03,1,0,,8.18206792e-06,0.0001987588725,0.03060803574,0,temporal_sigmoid
logistic,S2,2020,2020-05-01,2020-04-25,2020-05-01,2020-05-02,2020-05-04,2020-05-04,1,0,,1.505599959e-05,0.0002754154343,0.03060803574,0,temporal_sigmoid
logistic,S2,2020,2020-05-02,2020-04-26,2020-05-02,2020-05-03,2020-05-05,2020-05-05,1,0,,0.0001639350193,0.0009873938841,0.03060803574,0,temporal_sigmoid
logistic,S2,2020,2020-05-03,2020-04-27,2020-05-03,2020-05-04,2020-05-06,2020-05-06,1,0,,0.0003775451059,0.001542156938,0.03060803574,0,temporal_sigmoid
logistic,S2,2020,2020-05-04,2020-04-28,2020-05-04,2020-05-05,2020-05-07,2020-05-07,1,0,,0.01606601883,0.01145400298,0.03060803574,0,temporal_sigmoid
logistic,S2,2020,2020-05-05,2020-04-29,2020-05-05,2020-05-06,2020-05-08,2020-05-08,1,0,,0.00054610692,0.00187839554,0.03060803574,0,temporal_sigmoid
logistic,S2,2020,2020-05-06,2020-04-30,2020-05-06,2020-05-07,2020-05-09,2020-05-09,1,0,,6.026422758e-07,6.456533959e-05,0.03060803574,0,temporal_sigmoid
logistic,S2,2020,2020-05-07,2020-05-01,2020-05-07,2020-05-08,2020-05-10,2020-05-10,1,0,,0.0004526335983,0.001699120247,0.03060803574,0,temporal_sigmoid
logistic,S2,2020,2020-05-08,2020-05-02,2020-05-08,2020-05-09,2020-05-11,2020-05-11,1,0,,0.0002624076295,0.001269679326,0.03060803574,0,temporal_sigmoid
logistic,S2,2020,2020-05-09,2020-05-03,2020-05-09,2020-05-10,2020-05-12,2020-05-12,1,0,,0.002084414333,0.003841528625,0.03060803574,0,temporal_sigmoid
logistic,S2,2020,2020-05-10,2020-05-04,2020-05-10,2020-05-11,2020-05-13,2020-05-13,1,0,,0.03164012023,0.01651588998,0.03060803574,0,temporal_sigmoid
logistic,S2,2020,2020-05-11,2020-05-05,2020-05-11,2020-05-12,2020-05-14,2020-05-14,1,0,,0.04233635897,0.01935931023,0.03060803574,0,temporal_sigmoid
logistic,S2,2020,2020-05-12,2020-05-06,2020-05-12,2020-05-13,2020-05-15,2020-05-15,1,0,,0.4119725576,0.07967259202,0.03060803574,1,temporal_sigmoid
logistic,S2,2020,2020-05-13,2020-05-07,2020-05-13,2020-05-14,2020-05-16,2020-05-16,1,0,,0.0007346480582,0.002200896898,0.03060803574,0,temporal_sigmoid
logistic,S2,2020,2020-05-14,2020-05-08,2020-05-14,2020-05-15,2020-05-17,2020-05-17,1,0,,0.1675106977,0.04252330396,0.03060803574,1,temporal_sigmoid
logistic,S2,2020,2020-05-15,2020-05-09,2020-05-15,2020-05-16,2020-05-18,2020-05-18,1,0,,0.05320817922,0.02195327474,0.03060803574,0,temporal_sigmoid
logistic,S2,2020,2020-05-16,2020-05-10,2020-05-16,2020-05-17,2020-05-19,2020-05-19,1,0,,0.4297923993,0.08258853563,0.03060803574,1,temporal_sigmoid
logistic,S2,2020,2020-05-17,2020-05-11,2020-05-17,2020-05-18,2020-05-20,2020-05-20,1,0,,0.50882539,0.09642856612,0.03060803574,1,temporal_sigmoid
logistic,S2,2020,2020-05-18,2020-05-12,2020-05-18,2020-05-19,2020-05-21,2020-05-21,1,0,,0.4398916444,0.0842697749,0.03060803574,1,temporal_sigmoid
logistic,S2,2020,2020-05-19,2020-05-13,2020-05-19,2020-05-20,2020-05-22,2020-05-22,1,0,,0.00634420549,0.006962283818,0.03060803574,0,temporal_sigmoid
logistic,S2,2020,2020-05-20,2020-05-14,2020-05-20,2020-05-21,2020-05-23,2020-05-23,1,0,,8.078617066e-12,6.456533959e-05,0.03060803574,0,temporal_sigmoid
logistic,S2,2020,2020-05-21,2020-05-15,2020-05-21,2020-05-22,2020-05-24,2020-05-24,1,0,,1.713986251e-05,0.0002951885992,0.03060803574,0,temporal_sigmoid
logistic,S2,2020,2020-05-22,2020-05-16,2020-05-22,2020-05-23,2020-05-25,2020-05-25,1,0,,0.003954727194,0.00540826347,0.03060803574,0,temporal_sigmoid
logistic,S2,2020,2020-05-23,2020-05-17,2020-05-23,2020-05-24,2020-05-26,2020-05-26,1,0,,0.02822296676,0.01552268342,0.03060803574,0,temporal_sigmoid
logistic,S2,2020,2020-05-24,2020-05-18,2020-05-24,2020-05-25,2020-05-27,2020-05-27,1,0,,0.00762081178,0.007679547536,0.03060803574,0,temporal_sigmoid
logistic,S2,2020,2020-05-25,2020-05-19,2020-05-25,2020-05-26,2020-05-28,2020-05-28,1,0,,0.005070586793,0.006176348618,0.03060803574,0,temporal_sigmoid
logistic,S2,2020,2020-05-26,2020-05-20,2020-05-26,2020-05-27,2020-05-29,2020-05-29,1,0,,0.001367925101,0.003067686904,0.03060803574,0,temporal_sigmoid
logistic,S2,2020,2020-05-27,2020-05-21,2020-05-27,2020-05-28,2020-05-30,2020-05-30,1,0,,3.075708513e-08,6.456533959e-05,0.03060803574,0,temporal_sigmoid
logistic,S2,2020,2020-05-28,2020-05-22,2020-05-28,2020-05-29,2020-05-31,2020-05-31,1,0,,2.288965587e-07,6.456533959e-05,0.03060803574,0,temporal_sigmoid
logistic,S2,2020,2020-05-29,2020-05-23,2020-05-29,2020-05-30,2020-06-01,2020-06-01,1,0,,1.918491322e-08,6.456533959e-05,0.03060803574,0,temporal_sigmoid
logistic,S2,2020,2020-05-30,2020-05-24,2020-05-30,2020-05-31,2020-06-02,2020-06-02,1,0,,1.115550593e-07,6.456533959e-05,0.03060803574,0,temporal_sigmoid
logistic,S2,2020,2020-05-31,2020-05-25,2020-05-31,2020-06-01,2020-06-03,2020-06-03,1,0,,2.5602515e-05,0.0003658545856,0.03060803574,0,temporal_sigmoid
logistic,S2,2020,2020-06-01,2020-05-26,2020-06-01,2020-06-02,2020-06-04,2020-06-04,1,0,,0.00108031458,0.002704320785,0.03060803574,0,temporal_sigmoid
logistic,S2,2020,2020-06-02,2020-05-27,2020-06-02,2020-06-03,2020-06-05,2020-06-05,1,0,,5.832922132e-05,0.0005682596607,0.03060803574,0,temporal_sigmoid
logistic,S2,2020,2020-06-03,2020-05-28,2020-06-03,2020-06-04,2020-06-06,2020-06-06,1,0,,7.335108165e-08,6.456533959e-05,0.03060803574,0,temporal_sigmoid
logistic,S2,2020,2020-06-04,2020-05-29,2020-06-04,2020-06-05,2020-06-07,2020-06-07,1,0,,1.398765376e-10,6.456533959e-05,0.03060803574,0,temporal_sigmoid
logistic,S2,2020,2020-06-05,2020-05-30,2020-06-05,2020-06-06,2020-06-08,2020-06-08,1,0,,4.310128469e-05,0.0004833737391,0.03060803574,0,temporal_sigmoid
logistic,S2,2020,2020-06-06,2020-05-31,2020-06-06,2020-06-07,2020-06-09,2020-06-09,1,0,,3.11007456e-05,0.0004059697784,0.03060803574,0,temporal_sigmoid
logistic,S2,2020,2020-06-07,2020-06-01,2020-06-07,2020-06-08,2020-06-10,2020-06-10,1,0,,7.712583254e-05,0.0006598033194,0.03060803574,0,temporal_sigmoid
logistic,S2,2020,2020-06-08,2020-06-02,2020-06-08,2020-06-09,2020-06-11,2020-06-11,1,0,,9.747433491e-05,0.0007478001898,0.03060803574,0,temporal_sigmoid
logistic,S2,2020,2020-06-09,2020-06-03,2020-06-09,2020-06-10,2020-06-12,2020-06-12,1,0,,0.0008843955111,0.002430179397,0.03060803574,0,temporal_sigmoid
logistic,S2,2020,2020-06-10,2020-06-04,2020-06-10,2020-06-11,2020-06-13,2020-06-13,1,0,,1.171014424e-06,7.025511612e-05,0.03060803574,0,temporal_sigmoid
logistic,S2,2020,2020-06-11,2020-06-05,2020-06-11,2020-06-12,2020-06-14,2020-06-14,1,0,,8.128745206e-07,6.456533959e-05,0.03060803574,0,temporal_sigmoid
logistic,S2,2020,2020-06-12,2020-06-06,2020-06-12,2020-06-13,2020-06-15,2020-06-15,1,0,,2.169478641e-07,6.456533959e-05,0.03060803574,0,temporal_sigmoid
logistic,S2,2020,2020-06-13,2020-06-07,2020-06-13,2020-06-14,2020-06-16,2020-06-16,1,0,,2.774787803e-06,0.0001114572608,0.03060803574,0,temporal_sigmoid
logistic,S2,2020,2020-06-14,2020-06-08,2020-06-14,2020-06-15,2020-06-17,2020-06-17,1,0,,0.0004591671217,0.001712181509,0.03060803574,0,temporal_sigmoid
logistic,S2,2020,2020-06-15,2020-06-09,2020-06-15,2020-06-16,2020-06-18,2020-06-18,1,0,,8.456400101e-05,0.0006930972374,0.03060803574,0,temporal_sigmoid
logistic,S2,2020,2020-06-16,2020-06-10,2020-06-16,2020-06-17,2020-06-19,2020-06-19,1,0,,7.082451583e-09,6.456533959e-05,0.03060803574,0,temporal_sigmoid
logistic,S2,2020,2020-06-17,2020-06-11,2020-06-17,2020-06-18,2020-06-20,2020-06-20,1,0,,5.861766956e-13,6.456533959e-05,0.03060803574,0,temporal_sigmoid
logistic,S2,2020,2020-06-18,2020-06-12,2020-06-18,2020-06-19,2020-06-21,2020-06-21,1,0,,3.534699163e-09,6.456533959e-05,0.03060803574,0,temporal_sigmoid
logistic,S2,2020,2020-06-19,2020-06-13,2020-06-19,2020-06-20,2020-06-22,2020-06-22,1,0,,7.997288733e-08,6.456533959e-05,0.03060803574,0,temporal_sigmoid
logistic,S2,2020,2020-06-20,2020-06-14,2020-06-20,2020-06-21,2020-06-23,2020-06-23,1,0,,5.31922387e-05,0.0005409251128,0.03060803574,0,temporal_sigmoid
logistic,S2,2020,2020-06-21,2020-06-15,2020-06-21,2020-06-22,2020-06-24,2020-06-24,1,0,,5.690816447e-07,6.456533959e-05,0.03060803574,0,temporal_sigmoid
logistic,S2,2020,2020-06-22,2020-06-16,2020-06-22,2020-06-23,2020-06-25,2020-06-25,1,0,,7.669824895e-06,0.0001920028819,0.03060803574,0,temporal_sigmoid
logistic,S2,2020,2020-06-23,2020-06-17,2020-06-23,2020-06-24,2020-06-26,2020-06-26,1,0,,1.769467198e-06,8.761649661e-05,0.03060803574,0,temporal_sigmoid
logistic,S2,2020,2020-06-24,2020-06-18,2020-06-24,2020-06-25,2020-06-27,2020-06-27,1,0,,2.481826517e-05,0.0003598176126,0.03060803574,0,temporal_sigmoid
logistic,S2,2020,2020-06-25,2020-06-19,2020-06-25,2020-06-26,2020-06-28,2020-06-28,1,0,,0.0001005288746,0.0007602390828,0.03060803574,0,temporal_sigmoid
logistic,S2,2020,2020-06-26,2020-06-20,2020-06-26,2020-06-27,2020-06-29,2020-06-29,1,0,,7.12918199e-08,6.456533959e-05,0.03060803574,0,temporal_sigmoid
logistic,S2,2020,2020-06-27,2020-06-21,2020-06-27,2020-06-28,2020-06-30,2020-06-30,1,0,,1.728464566e-13,6.456533959e-05,0.03060803574,0,temporal_sigmoid
logistic,S2,2021,2021-02-28,2021-02-22,2021-02-28,2021-03-01,2021-03-03,2021-03-03,1,0,,0.002651213862,0.003525295696,0.02454991691,0,temporal_sigmoid
logistic,S2,2021,2021-03-01,2021-02-23,2021-03-01,2021-03-02,2021-03-04,2021-03-04,1,0,,0.0007281326457,0.001728891329,0.02454991691,0,temporal_sigmoid
logistic,S2,2021,2021-03-02,2021-02-24,2021-03-02,2021-03-03,2021-03-05,2021-03-05,1,0,,0.004524816168,0.004734208215,0.02454991691,0,temporal_sigmoid
logistic,S2,2021,2021-03-03,2021-02-25,2021-03-03,2021-03-04,2021-03-06,2021-03-06,1,0,,0.0004443211858,0.001316702659,0.02454991691,0,temporal_sigmoid
logistic,S2,2021,2021-03-04,2021-02-26,2021-03-04,2021-03-05,2021-03-07,2021-03-07,1,0,,1.096887396e-05,0.0001708732932,0.02454991691,0,temporal_sigmoid
logistic,S2,2021,2021-03-05,2021-02-27,2021-03-05,2021-03-06,2021-03-08,2021-03-08,1,0,,1.497449999e-05,0.0002028960165,0.02454991691,0,temporal_sigmoid
logistic,S2,2021,2021-03-06,2021-02-28,2021-03-06,2021-03-07,2021-03-09,2021-03-09,1,0,,0.0002793977882,0.001019489429,0.02454991691,0,temporal_sigmoid
logistic,S2,2021,2021-03-07,2021-03-01,2021-03-07,2021-03-08,2021-03-10,2021-03-10,1,0,,0.001602866656,0.002671150236,0.02454991691,0,temporal_sigmoid
logistic,S2,2021,2021-03-08,2021-03-02,2021-03-08,2021-03-09,2021-03-11,2021-03-11,1,0,,0.0003342695641,0.001125456832,0.02454991691,0,temporal_sigmoid
logistic,S2,2021,2021-03-09,2021-03-03,2021-03-09,2021-03-10,2021-03-12,2021-03-12,1,0,,0.000301074787,0.001062378817,0.02454991691,0,temporal_sigmoid
logistic,S2,2021,2021-03-10,2021-03-04,2021-03-10,2021-03-11,2021-03-13,2021-03-13,1,0,,0.0006685496534,0.001649396516,0.02454991691,0,temporal_sigmoid
logistic,S2,2021,2021-03-11,2021-03-05,2021-03-11,2021-03-12,2021-03-14,2021-03-14,1,0,,0.01253445135,0.008314559354,0.02454991691,0,temporal_sigmoid
logistic,S2,2021,2021-03-12,2021-03-06,2021-03-12,2021-03-13,2021-03-15,2021-03-15,1,0,,0.02589768146,0.01245161395,0.02454991691,0,temporal_sigmoid
logistic,S2,2021,2021-03-13,2021-03-07,2021-03-13,2021-03-14,2021-03-16,2021-03-16,1,0,,7.617663676e-05,0.0004978110715,0.02454991691,0,temporal_sigmoid
logistic,S2,2021,2021-03-14,2021-03-08,2021-03-14,2021-03-15,2021-03-17,2021-03-17,1,0,,1.471297399e-06,5.639039905e-05,0.02454991691,0,temporal_sigmoid
logistic,S2,2021,2021-03-15,2021-03-09,2021-03-15,2021-03-16,2021-03-18,2021-03-18,1,0,,2.961379611e-06,8.295821462e-05,0.02454991691,0,temporal_sigmoid
logistic,S2,2021,2021-03-16,2021-03-10,2021-03-16,2021-03-17,2021-03-19,2021-03-19,1,0,,3.122319308e-05,0.000304340835,0.02454991691,0,temporal_sigmoid
logistic,S2,2021,2021-03-17,2021-03-11,2021-03-17,2021-03-18,2021-03-20,2021-03-20,1,0,,0.0003552101935,0.001163807623,0.02454991691,0,temporal_sigmoid
logistic,S2,2021,2021-03-18,2021-03-12,2021-03-18,2021-03-19,2021-03-21,2021-03-21,1,0,,0.0009838625627,0.002040988336,0.02454991691,0,temporal_sigmoid
logistic,S2,2021,2021-03-19,2021-03-13,2021-03-19,2021-03-20,2021-03-22,2021-03-22,1,0,,0.005466429647,0.005254845475,0.02454991691,0,temporal_sigmoid
logistic,S2,2021,2021-03-20,2021-03-14,2021-03-20,2021-03-21,2021-03-23,2021-03-23,1,0,,0.01358512095,0.008694043335,0.02454991691,0,temporal_sigmoid
logistic,S2,2021,2021-03-21,2021-03-15,2021-03-21,2021-03-22,2021-03-24,2021-03-24,1,0,,0.2106602056,0.04308856486,0.02454991691,1,temporal_sigmoid
logistic,S2,2021,2021-03-22,2021-03-16,2021-03-22,2021-03-23,2021-03-25,2021-03-25,1,0,,0.4075420733,0.07057430212,0.02454991691,1,temporal_sigmoid
logistic,S2,2021,2021-03-23,2021-03-17,2021-03-23,2021-03-24,2021-03-26,2021-03-26,1,0,,0.3378164477,0.06049071554,0.02454991691,1,temporal_sigmoid
logistic,S2,2021,2021-03-24,2021-03-18,2021-03-24,2021-03-25,2021-03-27,2021-03-27,1,0,,0.1150330305,0.02938392089,0.02454991691,1,temporal_sigmoid
logistic,S2,2021,2021-03-25,2021-03-19,2021-03-25,2021-03-26,2021-03-28,2021-03-28,1,0,,0.3831566634,0.0669686177,0.02454991691,1,temporal_sigmoid
logistic,S2,2021,2021-03-26,2021-03-20,2021-03-26,2021-03-27,2021-03-29,2021-03-29,1,0,,0.3382702537,0.06055435649,0.02454991691,1,temporal_sigmoid
logistic,S2,2021,2021-03-27,2021-03-21,2021-03-27,2021-03-28,2021-03-30,2021-03-30,1,0,,0.05707326212,0.01946811966,0.02454991691,0,temporal_sigmoid
logistic,S2,2021,2021-03-28,2021-03-22,2021-03-28,2021-03-29,2021-03-31,2021-03-31,1,0,,0.0200463167,0.01079276289,0.02454991691,0,temporal_sigmoid
logistic,S2,2021,2021-03-29,2021-03-23,2021-03-29,2021-03-30,2021-04-01,2021-04-01,1,0,,0.008974770857,0.006910660736,0.02454991691,0,temporal_sigmoid
logistic,S2,2021,2021-03-30,2021-03-24,2021-03-30,2021-03-31,2021-04-02,2021-04-02,1,0,,0.006771201543,0.005914157849,0.02454991691,0,temporal_sigmoid
logistic,S2,2021,2021-03-31,2021-03-25,2021-03-31,2021-04-01,2021-04-03,2021-04-03,1,0,,0.5518529284,0.09478782063,0.02454991691,1,temporal_sigmoid
logistic,S2,2021,2021-04-01,2021-03-26,2021-04-01,2021-04-02,2021-04-04,2021-04-04,1,0,,0.8767094006,0.2160597641,0.02454991691,1,temporal_sigmoid
logistic,S2,2021,2021-04-02,2021-03-27,2021-04-02,2021-04-03,2021-04-05,2021-04-05,1,0,,0.1028066945,0.02746287679,0.02454991691,1,temporal_sigmoid
logistic,S2,2021,2021-04-03,2021-03-28,2021-04-03,2021-04-04,2021-04-06,2021-04-06,1,0,,0.006721520403,0.005890149204,0.02454991691,0,temporal_sigmoid
logistic,S2,2021,2021-04-04,2021-03-29,2021-04-04,2021-04-05,2021-04-07,2021-04-07,1,0,,0.002334742132,0.003286662292,0.02454991691,0,temporal_sigmoid
logistic,S2,2021,2021-04-05,2021-03-30,2021-04-05,2021-04-06,2021-04-08,2021-04-08,1,0,,7.02493031e-06,0.0001336240496,0.02454991691,0,temporal_sigmoid
logistic,S2,2021,2021-04-06,2021-03-31,2021-04-06,2021-04-07,2021-04-09,2021-04-09,1,0,,2.430296005e-06,7.438583149e-05,0.02454991691,0,temporal_sigmoid
logistic,S2,2021,2021-04-07,2021-04-01,2021-04-07,2021-04-08,2021-04-10,2021-04-10,1,0,,0.0004082425202,0.001256628097,0.02454991691,0,temporal_sigmoid
logistic,S2,2021,2021-04-08,2021-04-02,2021-04-08,2021-04-09,2021-04-11,2021-04-11,1,0,,0.005975777876,0.005519766002,0.02454991691,0,temporal_sigmoid
logistic,S2,2021,2021-04-09,2021-04-03,2021-04-09,2021-04-10,2021-04-12,2021-04-12,1,0,,0.6486445796,0.1157766057,0.02454991691,1,temporal_sigmoid
logistic,S2,2021,2021-04-10,2021-04-04,2021-04-10,2021-04-11,2021-04-13,2021-04-13,1,0,,0.84090162,0.1896145271,0.02454991691,1,temporal_sigmoid
logistic,S2,2021,2021-04-11,2021-04-05,2021-04-11,2021-04-12,2021-04-14,2021-04-14,1,1,fixed36_0040,0.8056107971,0.1698419595,0.02454991691,1,temporal_sigmoid
logistic,S2,2021,2021-04-12,2021-04-06,2021-04-12,2021-04-13,2021-04-15,2021-04-15,1,0,,0.9743546141,0.4100145659,0.02454991691,1,temporal_sigmoid
logistic,S2,2021,2021-04-13,2021-04-07,2021-04-13,2021-04-14,2021-04-16,2021-04-16,1,0,,0.9803395714,0.4467394869,0.02454991691,1,temporal_sigmoid
logistic,S2,2021,2021-04-14,2021-04-08,2021-04-14,2021-04-15,2021-04-17,2021-04-17,1,0,,0.9258873053,0.2733364777,0.02454991691,1,temporal_sigmoid
logistic,S2,2021,2021-04-15,2021-04-09,2021-04-15,2021-04-16,2021-04-18,2021-04-18,1,0,,0.7394894428,0.1423874144,0.02454991691,1,temporal_sigmoid
logistic,S2,2021,2021-04-16,2021-04-10,2021-04-16,2021-04-17,2021-04-19,2021-04-19,1,0,,0.1267313107,0.03116836623,0.02454991691,1,temporal_sigmoid
logistic,S2,2021,2021-04-17,2021-04-11,2021-04-17,2021-04-18,2021-04-20,2021-04-20,1,0,,0.009177312754,0.006996489525,0.02454991691,0,temporal_sigmoid
logistic,S2,2021,2021-04-18,2021-04-12,2021-04-18,2021-04-19,2021-04-21,2021-04-21,1,1,fixed36_0041,0.02857481797,0.01315690851,0.02454991691,0,temporal_sigmoid
logistic,S2,2021,2021-04-19,2021-04-13,2021-04-19,2021-04-20,2021-04-22,2021-04-22,1,0,,0.8937213771,0.2321476287,0.02454991691,1,temporal_sigmoid
logistic,S2,2021,2021-04-20,2021-04-14,2021-04-20,2021-04-21,2021-04-23,2021-04-23,1,0,,0.9431059181,0.3054094588,0.02454991691,1,temporal_sigmoid
logistic,S2,2021,2021-04-21,2021-04-15,2021-04-21,2021-04-22,2021-04-24,2021-04-24,1,0,,0.8978700885,0.2365493066,0.02454991691,1,temporal_sigmoid
logistic,S2,2021,2021-04-22,2021-04-16,2021-04-22,2021-04-23,2021-04-25,2021-04-25,1,0,,0.0146073284,0.009051131906,0.02454991691,0,temporal_sigmoid
logistic,S2,2021,2021-04-23,2021-04-17,2021-04-23,2021-04-24,2021-04-26,2021-04-26,1,1,fixed36_0042,0.6200498236,0.108988784,0.02454991691,1,temporal_sigmoid
logistic,S2,2021,2021-04-24,2021-04-18,2021-04-24,2021-04-25,2021-04-27,2021-04-27,1,1,fixed36_0042,0.9663560468,0.3732544797,0.02454991691,1,temporal_sigmoid
logistic,S2,2021,2021-04-25,2021-04-19,2021-04-25,2021-04-26,2021-04-28,2021-04-28,1,1,fixed36_0042,0.9823361409,0.4616682504,0.02454991691,1,temporal_sigmoid
logistic,S2,2021,2021-04-26,2021-04-20,2021-04-26,2021-04-27,2021-04-29,2021-04-29,1,1,fixed36_0042,0.9898016105,0.5383512124,0.02454991691,1,temporal_sigmoid
logistic,S2,2021,2021-04-27,2021-04-21,2021-04-27,2021-04-28,2021-04-30,2021-04-30,1,0,,0.9860851787,0.4950351297,0.02454991691,1,temporal_sigmoid
logistic,S2,2021,2021-04-28,2021-04-22,2021-04-28,2021-04-29,2021-05-01,2021-05-01,1,0,,0.9853419813,0.4877540623,0.02454991691,1,temporal_sigmoid
logistic,S2,2021,2021-04-29,2021-04-23,2021-04-29,2021-04-30,2021-05-02,2021-05-02,1,0,,0.9822540157,0.4610205979,0.02454991691,1,temporal_sigmoid
logistic,S2,2021,2021-04-30,2021-04-24,2021-04-30,2021-05-01,2021-05-03,2021-05-03,1,0,,0.9836850585,0.4727699494,0.02454991691,1,temporal_sigmoid
logistic,S2,2021,2021-05-01,2021-04-25,2021-05-01,2021-05-02,2021-05-04,2021-05-04,1,0,,0.9409055927,0.3007139652,0.02454991691,1,temporal_sigmoid
logistic,S2,2021,2021-05-02,2021-04-26,2021-05-02,2021-05-03,2021-05-05,2021-05-05,1,0,,0.7309157087,0.1394448503,0.02454991691,1,temporal_sigmoid
logistic,S2,2021,2021-05-03,2021-04-27,2021-05-03,2021-05-04,2021-05-06,2021-05-06,1,0,,0.00014336085,0.0007055836351,0.02454991691,0,temporal_sigmoid
logistic,S2,2021,2021-05-04,2021-04-28,2021-05-04,2021-05-05,2021-05-07,2021-05-07,1,0,,5.100644768e-05,0.0003989893504,0.02454991691,0,temporal_sigmoid
logistic,S2,2021,2021-05-05,2021-04-29,2021-05-05,2021-05-06,2021-05-08,2021-05-08,1,0,,0.4282760513,0.07372342559,0.02454991691,1,temporal_sigmoid
logistic,S2,2021,2021-05-06,2021-04-30,2021-05-06,2021-05-07,2021-05-09,2021-05-09,1,0,,0.04120623479,0.01616980112,0.02454991691,0,temporal_sigmoid
logistic,S2,2021,2021-05-07,2021-05-01,2021-05-07,2021-05-08,2021-05-10,2021-05-10,1,0,,0.05850550391,0.01974719697,0.02454991691,0,temporal_sigmoid
logistic,S2,2021,2021-05-08,2021-05-02,2021-05-08,2021-05-09,2021-05-11,2021-05-11,1,0,,0.06269041138,0.02054838681,0.02454991691,0,temporal_sigmoid
logistic,S2,2021,2021-05-09,2021-05-03,2021-05-09,2021-05-10,2021-05-12,2021-05-12,1,0,,0.0008106885546,0.001834359467,0.02454991691,0,temporal_sigmoid
logistic,S2,2021,2021-05-10,2021-05-04,2021-05-10,2021-05-11,2021-05-13,2021-05-13,1,0,,0.005519326133,0.005282855127,0.02454991691,0,temporal_sigmoid
logistic,S2,2021,2021-05-11,2021-05-05,2021-05-11,2021-05-12,2021-05-14,2021-05-14,1,0,,4.321853895e-08,4.556747049e-05,0.02454991691,0,temporal_sigmoid
logistic,S2,2021,2021-05-12,2021-05-06,2021-05-12,2021-05-13,2021-05-15,2021-05-15,1,0,,0.003284156824,0.003967078834,0.02454991691,0,temporal_sigmoid
logistic,S2,2021,2021-05-13,2021-05-07,2021-05-13,2021-05-14,2021-05-16,2021-05-16,1,0,,6.111304402e-07,4.556747049e-05,0.02454991691,0,temporal_sigmoid
logistic,S2,2021,2021-05-14,2021-05-08,2021-05-14,2021-05-15,2021-05-17,2021-05-17,1,0,,0.04334691854,0.01664070924,0.02454991691,0,temporal_sigmoid
logistic,S2,2021,2021-05-15,2021-05-09,2021-05-15,2021-05-16,2021-05-18,2021-05-18,1,0,,0.02414579987,0.0119733768,0.02454991691,0,temporal_sigmoid
logistic,S2,2021,2021-05-16,2021-05-10,2021-05-16,2021-05-17,2021-05-19,2021-05-19,1,0,,0.01658965863,0.009713974329,0.02454991691,0,temporal_sigmoid
logistic,S2,2021,2021-05-17,2021-05-11,2021-05-17,2021-05-18,2021-05-20,2021-05-20,1,0,,0.1238508823,0.03073328925,0.02454991691,1,temporal_sigmoid
logistic,S2,2021,2021-05-18,2021-05-12,2021-05-18,2021-05-19,2021-05-21,2021-05-21,1,0,,0.002055962002,0.003064126713,0.02454991691,0,temporal_sigmoid
logistic,S2,2021,2021-05-19,2021-05-13,2021-05-19,2021-05-20,2021-05-22,2021-05-22,1,0,,0.001402260277,0.002481328894,0.02454991691,0,temporal_sigmoid
logistic,S2,2021,2021-05-20,2021-05-14,2021-05-20,2021-05-21,2021-05-23,2021-05-23,1,0,,0.08369134768,0.02431032264,0.02454991691,0,temporal_sigmoid
logistic,S2,2021,2021-05-21,2021-05-15,2021-05-21,2021-05-22,2021-05-24,2021-05-24,1,0,,0.6172598709,0.1083565862,0.02454991691,1,temporal_sigmoid
logistic,S2,2021,2021-05-22,2021-05-16,2021-05-22,2021-05-23,2021-05-25,2021-05-25,1,0,,0.7461664416,0.1447593813,0.02454991691,1,temporal_sigmoid
logistic,S2,2021,2021-05-23,2021-05-17,2021-05-23,2021-05-24,2021-05-26,2021-05-26,1,0,,0.6029473511,0.1051894948,0.02454991691,1,temporal_sigmoid
logistic,S2,2021,2021-05-24,2021-05-18,2021-05-24,2021-05-25,2021-05-27,2021-05-27,1,0,,1.646770395e-09,4.556747049e-05,0.02454991691,0,temporal_sigmoid
logistic,S2,2021,2021-05-25,2021-05-19,2021-05-25,2021-05-26,2021-05-28,2021-05-28,1,0,,2.691253659e-06,7.86928598e-05,0.02454991691,0,temporal_sigmoid
logistic,S2,2021,2021-05-26,2021-05-20,2021-05-26,2021-05-27,2021-05-29,2021-05-29,1,0,,4.583892956e-05,0.0003761549193,0.02454991691,0,temporal_sigmoid
logistic,S2,2021,2021-05-27,2021-05-21,2021-05-27,2021-05-28,2021-05-30,2021-05-30,1,0,,0.04326472529,0.0166228017,0.02454991691,0,temporal_sigmoid
logistic,S2,2021,2021-05-28,2021-05-22,2021-05-28,2021-05-29,2021-05-31,2021-05-31,1,0,,0.03133807352,0.01385651086,0.02454991691,0,temporal_sigmoid
logistic,S2,2021,2021-05-29,2021-05-23,2021-05-29,2021-05-30,2021-06-01,2021-06-01,1,0,,0.1333591375,0.03215985068,0.02454991691,1,temporal_sigmoid
logistic,S2,2021,2021-05-30,2021-05-24,2021-05-30,2021-05-31,2021-06-02,2021-06-02,1,0,,0.03548507323,0.01486032028,0.02454991691,0,temporal_sigmoid
logistic,S2,2021,2021-05-31,2021-05-25,2021-05-31,2021-06-01,2021-06-03,2021-06-03,1,0,,3.906770466e-08,4.556747049e-05,0.02454991691,0,temporal_sigmoid
logistic,S2,2021,2021-06-01,2021-05-26,2021-06-01,2021-06-02,2021-06-04,2021-06-04,1,0,,7.028791594e-11,4.556747049e-05,0.02454991691,0,temporal_sigmoid
logistic,S2,2021,2021-06-02,2021-05-27,2021-06-02,2021-06-03,2021-06-05,2021-06-05,1,0,,0.001819830676,0.002864801997,0.02454991691,0,temporal_sigmoid
logistic,S2,2021,2021-06-03,2021-05-28,2021-06-03,2021-06-04,2021-06-06,2021-06-06,1,0,,0.0009985939793,0.002057780412,0.02454991691,0,temporal_sigmoid
logistic,S2,2021,2021-06-04,2021-05-29,2021-06-04,2021-06-05,2021-06-07,2021-06-07,1,0,,0.002430832944,0.003360572345,0.02454991691,0,temporal_sigmoid
logistic,S2,2021,2021-06-05,2021-05-30,2021-06-05,2021-06-06,2021-06-08,2021-06-08,1,0,,6.875587194e-11,4.556747049e-05,0.02454991691,0,temporal_sigmoid
logistic,S2,2021,2021-06-06,2021-05-31,2021-06-06,2021-06-07,2021-06-09,2021-06-09,1,0,,6.846449869e-10,4.556747049e-05,0.02454991691,0,temporal_sigmoid
logistic,S2,2021,2021-06-07,2021-06-01,2021-06-07,2021-06-08,2021-06-10,2021-06-10,1,0,,1.022132669e-11,4.556747049e-05,0.02454991691,0,temporal_sigmoid
logistic,S2,2021,2021-06-08,2021-06-02,2021-06-08,2021-06-09,2021-06-11,2021-06-11,1,0,,1.014247249e-07,4.556747049e-05,0.02454991691,0,temporal_sigmoid
logistic,S2,2021,2021-06-09,2021-06-03,2021-06-09,2021-06-10,2021-06-12,2021-06-12,1,0,,3.51523387e-05,0.0003249096653,0.02454991691,0,temporal_sigmoid
logistic,S2,2021,2021-06-10,2021-06-04,2021-06-10,2021-06-11,2021-06-13,2021-06-13,1,0,,1.241941284e-06,5.135554868e-05,0.02454991691,0,temporal_sigmoid
logistic,S2,2021,2021-06-11,2021-06-05,2021-06-11,2021-06-12,2021-06-14,2021-06-14,1,0,,1.694811119e-07,4.556747049e-05,0.02454991691,0,temporal_sigmoid
logistic,S2,2021,2021-06-12,2021-06-06,2021-06-12,2021-06-13,2021-06-15,2021-06-15,1,0,,1.454636995e-07,4.556747049e-05,0.02454991691,0,temporal_sigmoid
logistic,S2,2021,2021-06-13,2021-06-07,2021-06-13,2021-06-14,2021-06-16,2021-06-16,1,0,,3.00168702e-06,8.357945871e-05,0.02454991691,0,temporal_sigmoid
logistic,S2,2021,2021-06-14,2021-06-08,2021-06-14,2021-06-15,2021-06-17,2021-06-17,1,0,,1.710570224e-06,6.128018251e-05,0.02454991691,0,temporal_sigmoid
logistic,S2,2021,2021-06-15,2021-06-09,2021-06-15,2021-06-16,2021-06-18,2021-06-18,1,0,,5.246529819e-08,4.556747049e-05,0.02454991691,0,temporal_sigmoid
logistic,S2,2021,2021-06-16,2021-06-10,2021-06-16,2021-06-17,2021-06-19,2021-06-19,1,0,,1.197939129e-14,4.556747049e-05,0.02454991691,0,temporal_sigmoid
logistic,S2,2021,2021-06-17,2021-06-11,2021-06-17,2021-06-18,2021-06-20,2021-06-20,1,0,,1.860330144e-11,4.556747049e-05,0.02454991691,0,temporal_sigmoid
logistic,S2,2021,2021-06-18,2021-06-12,2021-06-18,2021-06-19,2021-06-21,2021-06-21,1,0,,1.224605562e-17,4.556747049e-05,0.02454991691,0,temporal_sigmoid
logistic,S2,2021,2021-06-19,2021-06-13,2021-06-19,2021-06-20,2021-06-22,2021-06-22,1,0,,1.090930383e-15,4.556747049e-05,0.02454991691,0,temporal_sigmoid
logistic,S2,2021,2021-06-20,2021-06-14,2021-06-20,2021-06-21,2021-06-23,2021-06-23,1,0,,9.828378833e-15,4.556747049e-05,0.02454991691,0,temporal_sigmoid
logistic,S2,2021,2021-06-21,2021-06-15,2021-06-21,2021-06-22,2021-06-24,2021-06-24,1,0,,7.715339932e-10,4.556747049e-05,0.02454991691,0,temporal_sigmoid
logistic,S2,2021,2021-06-22,2021-06-16,2021-06-22,2021-06-23,2021-06-25,2021-06-25,1,0,,1.724504837e-08,4.556747049e-05,0.02454991691,0,temporal_sigmoid
logistic,S2,2021,2021-06-23,2021-06-17,2021-06-23,2021-06-24,2021-06-26,2021-06-26,1,0,,4.839610197e-08,4.556747049e-05,0.02454991691,0,temporal_sigmoid
logistic,S2,2021,2021-06-24,2021-06-18,2021-06-24,2021-06-25,2021-06-27,2021-06-27,1,0,,5.590180006e-08,4.556747049e-05,0.02454991691,0,temporal_sigmoid
logistic,S2,2021,2021-06-25,2021-06-19,2021-06-25,2021-06-26,2021-06-28,2021-06-28,1,0,,7.184754669e-08,4.556747049e-05,0.02454991691,0,temporal_sigmoid
logistic,S2,2021,2021-06-26,2021-06-20,2021-06-26,2021-06-27,2021-06-29,2021-06-29,1,0,,1.341564446e-07,4.556747049e-05,0.02454991691,0,temporal_sigmoid
logistic,S2,2021,2021-06-27,2021-06-21,2021-06-27,2021-06-28,2021-06-30,2021-06-30,1,0,,8.5858101e-07,4.556747049e-05,0.02454991691,0,temporal_sigmoid
logistic,S2,2022,2022-02-28,2022-02-22,2022-02-28,2022-03-01,2022-03-03,2022-03-03,1,0,,1.684409969e-05,4.559031976e-05,0.03730108062,0,temporal_sigmoid
logistic,S2,2022,2022-03-01,2022-02-23,2022-03-01,2022-03-02,2022-03-04,2022-03-04,1,0,,0.0001027646833,0.0001452406586,0.03730108062,0,temporal_sigmoid
logistic,S2,2022,2022-03-02,2022-02-24,2022-03-02,2022-03-03,2022-03-05,2022-03-05,1,0,,6.848645175e-05,0.0001119874969,0.03730108062,0,temporal_sigmoid
logistic,S2,2022,2022-03-03,2022-02-25,2022-03-03,2022-03-04,2022-03-06,2022-03-06,1,0,,5.454601858e-05,9.679222037e-05,0.03730108062,0,temporal_sigmoid
logistic,S2,2022,2022-03-04,2022-02-26,2022-03-04,2022-03-05,2022-03-07,2022-03-07,1,0,,0.0001133468092,0.000154653745,0.03730108062,0,temporal_sigmoid
logistic,S2,2022,2022-03-05,2022-02-27,2022-03-05,2022-03-06,2022-03-08,2022-03-08,1,0,,0.0003579643747,0.0003231175985,0.03730108062,0,temporal_sigmoid
logistic,S2,2022,2022-03-06,2022-02-28,2022-03-06,2022-03-07,2022-03-09,2022-03-09,1,0,,0.0009965298283,0.0006227500041,0.03730108062,0,temporal_sigmoid
logistic,S2,2022,2022-03-07,2022-03-01,2022-03-07,2022-03-08,2022-03-10,2022-03-10,1,0,,0.002789309865,0.001204968077,0.03730108062,0,temporal_sigmoid
logistic,S2,2022,2022-03-08,2022-03-02,2022-03-08,2022-03-09,2022-03-11,2022-03-11,1,0,,0.003312845929,0.001345633137,0.03730108062,0,temporal_sigmoid
logistic,S2,2022,2022-03-09,2022-03-03,2022-03-09,2022-03-10,2022-03-12,2022-03-12,1,0,,0.002271027865,0.001056073261,0.03730108062,0,temporal_sigmoid
logistic,S2,2022,2022-03-10,2022-03-04,2022-03-10,2022-03-11,2022-03-13,2022-03-13,1,0,,0.004518655323,0.001642522432,0.03730108062,0,temporal_sigmoid
logistic,S2,2022,2022-03-11,2022-03-05,2022-03-11,2022-03-12,2022-03-14,2022-03-14,1,0,,0.001292433302,0.0007356955029,0.03730108062,0,temporal_sigmoid
logistic,S2,2022,2022-03-12,2022-03-06,2022-03-12,2022-03-13,2022-03-15,2022-03-15,1,0,,0.002269446655,0.001055601496,0.03730108062,0,temporal_sigmoid
logistic,S2,2022,2022-03-13,2022-03-07,2022-03-13,2022-03-14,2022-03-16,2022-03-16,1,0,,0.005007975617,0.001754729923,0.03730108062,0,temporal_sigmoid
logistic,S2,2022,2022-03-14,2022-03-08,2022-03-14,2022-03-15,2022-03-17,2022-03-17,1,0,,0.01180561158,0.00304917898,0.03730108062,0,temporal_sigmoid
logistic,S2,2022,2022-03-15,2022-03-09,2022-03-15,2022-03-16,2022-03-18,2022-03-18,1,0,,0.019254012,0.004187034684,0.03730108062,0,temporal_sigmoid
logistic,S2,2022,2022-03-16,2022-03-10,2022-03-16,2022-03-17,2022-03-19,2022-03-19,1,0,,0.0377244839,0.006506479342,0.03730108062,0,temporal_sigmoid
logistic,S2,2022,2022-03-17,2022-03-11,2022-03-17,2022-03-18,2022-03-20,2022-03-20,1,0,,0.06047365767,0.008917917218,0.03730108062,0,temporal_sigmoid
logistic,S2,2022,2022-03-18,2022-03-12,2022-03-18,2022-03-19,2022-03-21,2022-03-21,1,0,,0.07845858822,0.01064960787,0.03730108062,0,temporal_sigmoid
logistic,S2,2022,2022-03-19,2022-03-13,2022-03-19,2022-03-20,2022-03-22,2022-03-22,1,0,,0.06870668563,0.009724716994,0.03730108062,0,temporal_sigmoid
logistic,S2,2022,2022-03-20,2022-03-14,2022-03-20,2022-03-21,2022-03-23,2022-03-23,1,0,,0.08272726046,0.01104571728,0.03730108062,0,temporal_sigmoid
logistic,S2,2022,2022-03-21,2022-03-15,2022-03-21,2022-03-22,2022-03-24,2022-03-24,1,0,,0.009092301999,0.002576063893,0.03730108062,0,temporal_sigmoid
logistic,S2,2022,2022-03-22,2022-03-16,2022-03-22,2022-03-23,2022-03-25,2022-03-25,1,0,,0.02809864198,0.005359231159,0.03730108062,0,temporal_sigmoid
logistic,S2,2022,2022-03-23,2022-03-17,2022-03-23,2022-03-24,2022-03-26,2022-03-26,1,0,,0.3838405177,0.03710025993,0.03730108062,0,temporal_sigmoid
logistic,S2,2022,2022-03-24,2022-03-18,2022-03-24,2022-03-25,2022-03-27,2022-03-27,1,0,,0.06253701069,0.009122663511,0.03730108062,0,temporal_sigmoid
logistic,S2,2022,2022-03-25,2022-03-19,2022-03-25,2022-03-26,2022-03-28,2022-03-28,1,0,,0.1048850847,0.01303650638,0.03730108062,0,temporal_sigmoid
logistic,S2,2022,2022-03-26,2022-03-20,2022-03-26,2022-03-27,2022-03-29,2022-03-29,1,0,,0.1095164834,0.01344158384,0.03730108062,0,temporal_sigmoid
logistic,S2,2022,2022-03-27,2022-03-21,2022-03-27,2022-03-28,2022-03-30,2022-03-30,1,0,,0.1455912501,0.01651334975,0.03730108062,0,temporal_sigmoid
logistic,S2,2022,2022-03-28,2022-03-22,2022-03-28,2022-03-29,2022-03-31,2022-03-31,1,0,,0.2471771127,0.0249239809,0.03730108062,0,temporal_sigmoid
logistic,S2,2022,2022-03-29,2022-03-23,2022-03-29,2022-03-30,2022-04-01,2022-04-01,1,0,,0.0943389761,0.01210109706,0.03730108062,0,temporal_sigmoid
logistic,S2,2022,2022-03-30,2022-03-24,2022-03-30,2022-03-31,2022-04-02,2022-04-02,1,0,,0.1146814785,0.01388978319,0.03730108062,0,temporal_sigmoid
logistic,S2,2022,2022-03-31,2022-03-25,2022-03-31,2022-04-01,2022-04-03,2022-04-03,1,0,,0.6069249908,0.06448069291,0.03730108062,1,temporal_sigmoid
logistic,S2,2022,2022-04-01,2022-03-26,2022-04-01,2022-04-02,2022-04-04,2022-04-04,1,0,,0.731666108,0.0902689911,0.03730108062,1,temporal_sigmoid
logistic,S2,2022,2022-04-02,2022-03-27,2022-04-02,2022-04-03,2022-04-05,2022-04-05,1,0,,0.4649353198,0.04551657352,0.03730108062,1,temporal_sigmoid
logistic,S2,2022,2022-04-03,2022-03-28,2022-04-03,2022-04-04,2022-04-06,2022-04-06,1,0,,0.3324300002,0.03230139351,0.03730108062,0,temporal_sigmoid
logistic,S2,2022,2022-04-04,2022-03-29,2022-04-04,2022-04-05,2022-04-07,2022-04-07,1,0,,0.8372554047,0.1297040704,0.03730108062,1,temporal_sigmoid
logistic,S2,2022,2022-04-05,2022-03-30,2022-04-05,2022-04-06,2022-04-08,2022-04-08,1,0,,0.9142199302,0.1920254414,0.03730108062,1,temporal_sigmoid
logistic,S2,2022,2022-04-06,2022-03-31,2022-04-06,2022-04-07,2022-04-09,2022-04-09,1,0,,0.7792332378,0.1048019544,0.03730108062,1,temporal_sigmoid
logistic,S2,2022,2022-04-07,2022-04-01,2022-04-07,2022-04-08,2022-04-10,2022-04-10,1,0,,0.9104539628,0.1873871904,0.03730108062,1,temporal_sigmoid
logistic,S2,2022,2022-04-08,2022-04-02,2022-04-08,2022-04-09,2022-04-11,2022-04-11,1,0,,0.9053718835,0.1815272514,0.03730108062,1,temporal_sigmoid
logistic,S2,2022,2022-04-09,2022-04-03,2022-04-09,2022-04-10,2022-04-12,2022-04-12,1,0,,0.8357220545,0.128895378,0.03730108062,1,temporal_sigmoid
logistic,S2,2022,2022-04-10,2022-04-04,2022-04-10,2022-04-11,2022-04-13,2022-04-13,1,0,,0.3177859943,0.0309909146,0.03730108062,0,temporal_sigmoid
logistic,S2,2022,2022-04-11,2022-04-05,2022-04-11,2022-04-12,2022-04-14,2022-04-14,1,0,,0.2087681602,0.02173668187,0.03730108062,0,temporal_sigmoid
logistic,S2,2022,2022-04-12,2022-04-06,2022-04-12,2022-04-13,2022-04-15,2022-04-15,1,0,,0.6000207856,0.06337442319,0.03730108062,1,temporal_sigmoid
logistic,S2,2022,2022-04-13,2022-04-07,2022-04-13,2022-04-14,2022-04-16,2022-04-16,1,0,,0.7151152802,0.08600926916,0.03730108062,1,temporal_sigmoid
logistic,S2,2022,2022-04-14,2022-04-08,2022-04-14,2022-04-15,2022-04-17,2022-04-17,1,0,,0.696491101,0.0815965784,0.03730108062,1,temporal_sigmoid
logistic,S2,2022,2022-04-15,2022-04-09,2022-04-15,2022-04-16,2022-04-18,2022-04-18,1,0,,0.9466416615,0.2478004885,0.03730108062,1,temporal_sigmoid
logistic,S2,2022,2022-04-16,2022-04-10,2022-04-16,2022-04-17,2022-04-19,2022-04-19,1,0,,0.826798807,0.1243865605,0.03730108062,1,temporal_sigmoid
logistic,S2,2022,2022-04-17,2022-04-11,2022-04-17,2022-04-18,2022-04-20,2022-04-20,1,0,,0.5891549587,0.06168141195,0.03730108062,1,temporal_sigmoid
logistic,S2,2022,2022-04-18,2022-04-12,2022-04-18,2022-04-19,2022-04-21,2022-04-21,1,0,,0.4518713312,0.04407395213,0.03730108062,1,temporal_sigmoid
logistic,S2,2022,2022-04-19,2022-04-13,2022-04-19,2022-04-20,2022-04-22,2022-04-22,1,0,,0.09999915691,0.01260554301,0.03730108062,0,temporal_sigmoid
logistic,S2,2022,2022-04-20,2022-04-14,2022-04-20,2022-04-21,2022-04-23,2022-04-23,1,0,,1.570866578e-08,7.465350856e-06,0.03730108062,0,temporal_sigmoid
logistic,S2,2022,2022-04-21,2022-04-15,2022-04-21,2022-04-22,2022-04-24,2022-04-24,1,0,,0.01167550813,0.003027415798,0.03730108062,0,temporal_sigmoid
logistic,S2,2022,2022-04-22,2022-04-16,2022-04-22,2022-04-23,2022-04-25,2022-04-25,1,0,,0.000698099383,0.0004957293522,0.03730108062,0,temporal_sigmoid
logistic,S2,2022,2022-04-23,2022-04-17,2022-04-23,2022-04-24,2022-04-26,2022-04-26,1,0,,0.2971730296,0.02918096692,0.03730108062,0,temporal_sigmoid
logistic,S2,2022,2022-04-24,2022-04-18,2022-04-24,2022-04-25,2022-04-27,2022-04-27,1,0,,0.6192117819,0.06651197789,0.03730108062,1,temporal_sigmoid
logistic,S2,2022,2022-04-25,2022-04-19,2022-04-25,2022-04-26,2022-04-28,2022-04-28,1,0,,0.3018516432,0.02958849051,0.03730108062,0,temporal_sigmoid
logistic,S2,2022,2022-04-26,2022-04-20,2022-04-26,2022-04-27,2022-04-29,2022-04-29,1,0,,0.342678508,0.03323209429,0.03730108062,0,temporal_sigmoid
logistic,S2,2022,2022-04-27,2022-04-21,2022-04-27,2022-04-28,2022-04-30,2022-04-30,1,0,,0.4929186357,0.04874279655,0.03730108062,1,temporal_sigmoid
logistic,S2,2022,2022-04-28,2022-04-22,2022-04-28,2022-04-29,2022-05-01,2022-05-01,1,0,,0.5800815664,0.06031022679,0.03730108062,1,temporal_sigmoid
logistic,S2,2022,2022-04-29,2022-04-23,2022-04-29,2022-04-30,2022-05-02,2022-05-02,1,0,,0.6859216394,0.07925001519,0.03730108062,1,temporal_sigmoid
logistic,S2,2022,2022-04-30,2022-04-24,2022-04-30,2022-05-01,2022-05-03,2022-05-03,1,0,,0.07883039177,0.01068430419,0.03730108062,0,temporal_sigmoid
logistic,S2,2022,2022-05-01,2022-04-25,2022-05-01,2022-05-02,2022-05-04,2022-05-04,1,0,,0.07538487705,0.01036126354,0.03730108062,0,temporal_sigmoid
logistic,S2,2022,2022-05-02,2022-04-26,2022-05-02,2022-05-03,2022-05-05,2022-05-05,1,0,,0.001436967513,0.0007874351736,0.03730108062,0,temporal_sigmoid
logistic,S2,2022,2022-05-03,2022-04-27,2022-05-03,2022-05-04,2022-05-06,2022-05-06,1,0,,9.733168145e-06,3.208162045e-05,0.03730108062,0,temporal_sigmoid
logistic,S2,2022,2022-05-04,2022-04-28,2022-05-04,2022-05-05,2022-05-07,2022-05-07,1,0,,0.0001499995031,0.0001850644706,0.03730108062,0,temporal_sigmoid
logistic,S2,2022,2022-05-05,2022-04-29,2022-05-05,2022-05-06,2022-05-08,2022-05-08,1,0,,0.3246403818,0.03160158412,0.03730108062,0,temporal_sigmoid
logistic,S2,2022,2022-05-06,2022-04-30,2022-05-06,2022-05-07,2022-05-09,2022-05-09,1,0,,0.2371528085,0.02408732151,0.03730108062,0,temporal_sigmoid
logistic,S2,2022,2022-05-07,2022-05-01,2022-05-07,2022-05-08,2022-05-10,2022-05-10,1,0,,0.2191310507,0.02259242053,0.03730108062,0,temporal_sigmoid
logistic,S2,2022,2022-05-08,2022-05-02,2022-05-08,2022-05-09,2022-05-11,2022-05-11,1,0,,0.327886376,0.03189242985,0.03730108062,0,temporal_sigmoid
logistic,S2,2022,2022-05-09,2022-05-03,2022-05-09,2022-05-10,2022-05-12,2022-05-12,1,0,,9.884269963e-07,7.465350856e-06,0.03730108062,0,temporal_sigmoid
logistic,S2,2022,2022-05-10,2022-05-04,2022-05-10,2022-05-11,2022-05-13,2022-05-13,1,0,,0.001059980346,0.0006478838346,0.03730108062,0,temporal_sigmoid
logistic,S2,2022,2022-05-11,2022-05-05,2022-05-11,2022-05-12,2022-05-14,2022-05-14,1,0,,2.501396134e-05,5.873629267e-05,0.03730108062,0,temporal_sigmoid
logistic,S2,2022,2022-05-12,2022-05-06,2022-05-12,2022-05-13,2022-05-15,2022-05-15,1,0,,0.1196697451,0.01431945543,0.03730108062,0,temporal_sigmoid
logistic,S2,2022,2022-05-13,2022-05-07,2022-05-13,2022-05-14,2022-05-16,2022-05-16,1,0,,0.00403968251,0.001528436446,0.03730108062,0,temporal_sigmoid
logistic,S2,2022,2022-05-14,2022-05-08,2022-05-14,2022-05-15,2022-05-17,2022-05-17,1,0,,0.2319453426,0.02365427545,0.03730108062,0,temporal_sigmoid
logistic,S2,2022,2022-05-15,2022-05-09,2022-05-15,2022-05-16,2022-05-18,2022-05-18,1,0,,0.3249886106,0.03163273413,0.03730108062,0,temporal_sigmoid
logistic,S2,2022,2022-05-16,2022-05-10,2022-05-16,2022-05-17,2022-05-19,2022-05-19,1,0,,0.4366969706,0.04244414404,0.03730108062,1,temporal_sigmoid
logistic,S2,2022,2022-05-17,2022-05-11,2022-05-17,2022-05-18,2022-05-20,2022-05-20,1,0,,0.05291319001,0.008150883928,0.03730108062,0,temporal_sigmoid
logistic,S2,2022,2022-05-18,2022-05-12,2022-05-18,2022-05-19,2022-05-21,2022-05-21,1,0,,0.05647312015,0.00851553039,0.03730108062,0,temporal_sigmoid
logistic,S2,2022,2022-05-19,2022-05-13,2022-05-19,2022-05-20,2022-05-22,2022-05-22,1,0,,0.0009960520306,0.0006225586008,0.03730108062,0,temporal_sigmoid
logistic,S2,2022,2022-05-20,2022-05-14,2022-05-20,2022-05-21,2022-05-23,2022-05-23,1,0,,0.0002237007799,0.0002390772859,0.03730108062,0,temporal_sigmoid
logistic,S2,2022,2022-05-21,2022-05-15,2022-05-21,2022-05-22,2022-05-24,2022-05-24,1,0,,0.0002368425853,0.0002479839245,0.03730108062,0,temporal_sigmoid
logistic,S2,2022,2022-05-22,2022-05-16,2022-05-22,2022-05-23,2022-05-25,2022-05-25,1,0,,0.0001258426209,0.0001653715128,0.03730108062,0,temporal_sigmoid
logistic,S2,2022,2022-05-23,2022-05-17,2022-05-23,2022-05-24,2022-05-26,2022-05-26,1,0,,0.002483219939,0.00111836152,0.03730108062,0,temporal_sigmoid
logistic,S2,2022,2022-05-24,2022-05-18,2022-05-24,2022-05-25,2022-05-27,2022-05-27,1,0,,0.005297167262,0.001819220377,0.03730108062,0,temporal_sigmoid
logistic,S2,2022,2022-05-25,2022-05-19,2022-05-25,2022-05-26,2022-05-28,2022-05-28,1,0,,1.047045098e-06,7.688520362e-06,0.03730108062,0,temporal_sigmoid
logistic,S2,2022,2022-05-26,2022-05-20,2022-05-26,2022-05-27,2022-05-29,2022-05-29,1,0,,3.990248826e-06,1.811888006e-05,0.03730108062,0,temporal_sigmoid
logistic,S2,2022,2022-05-27,2022-05-21,2022-05-27,2022-05-28,2022-05-30,2022-05-30,1,0,,1.040189961e-06,7.656229125e-06,0.03730108062,0,temporal_sigmoid
logistic,S2,2022,2022-05-28,2022-05-22,2022-05-28,2022-05-29,2022-05-31,2022-05-31,1,0,,1.671991251e-06,1.037729522e-05,0.03730108062,0,temporal_sigmoid
logistic,S2,2022,2022-05-29,2022-05-23,2022-05-29,2022-05-30,2022-06-01,2022-06-01,1,0,,1.752342834e-11,7.465350856e-06,0.03730108062,0,temporal_sigmoid
logistic,S2,2022,2022-05-30,2022-05-24,2022-05-30,2022-05-31,2022-06-02,2022-06-02,1,0,,0.0001347903171,0.0001728119792,0.03730108062,0,temporal_sigmoid
logistic,S2,2022,2022-05-31,2022-05-25,2022-05-31,2022-06-01,2022-06-03,2022-06-03,1,0,,0.0007092294557,0.0005007801562,0.03730108062,0,temporal_sigmoid
logistic,S2,2022,2022-06-01,2022-05-26,2022-06-01,2022-06-02,2022-06-04,2022-06-04,1,0,,1.821965037e-05,4.794201349e-05,0.03730108062,0,temporal_sigmoid
logistic,S2,2022,2022-06-02,2022-05-27,2022-06-02,2022-06-03,2022-06-05,2022-06-05,1,0,,1.376179047e-06,9.160184456e-06,0.03730108062,0,temporal_sigmoid
logistic,S2,2022,2022-06-03,2022-05-28,2022-06-03,2022-06-04,2022-06-06,2022-06-06,1,0,,7.592569947e-05,0.0001196363864,0.03730108062,0,temporal_sigmoid
logistic,S2,2022,2022-06-04,2022-05-29,2022-06-04,2022-06-05,2022-06-07,2022-06-07,1,0,,2.327466961e-05,5.608577162e-05,0.03730108062,0,temporal_sigmoid
logistic,S2,2022,2022-06-05,2022-05-30,2022-06-05,2022-06-06,2022-06-08,2022-06-08,1,0,,0.002312946889,0.001068537692,0.03730108062,0,temporal_sigmoid
logistic,S2,2022,2022-06-06,2022-05-31,2022-06-06,2022-06-07,2022-06-09,2022-06-09,1,0,,0.0003684199422,0.0003291336549,0.03730108062,0,temporal_sigmoid
logistic,S2,2022,2022-06-07,2022-06-01,2022-06-07,2022-06-08,2022-06-10,2022-06-10,1,0,,0.001275250918,0.0007294100544,0.03730108062,0,temporal_sigmoid
logistic,S2,2022,2022-06-08,2022-06-02,2022-06-08,2022-06-09,2022-06-11,2022-06-11,1,0,,0.0007367228216,0.0005131362977,0.03730108062,0,temporal_sigmoid
logistic,S2,2022,2022-06-09,2022-06-03,2022-06-09,2022-06-10,2022-06-12,2022-06-12,1,0,,2.118682347e-07,7.465350856e-06,0.03730108062,0,temporal_sigmoid
logistic,S2,2022,2022-06-10,2022-06-04,2022-06-10,2022-06-11,2022-06-13,2022-06-13,1,0,,4.131901525e-05,8.101434997e-05,0.03730108062,0,temporal_sigmoid
logistic,S2,2022,2022-06-11,2022-06-05,2022-06-11,2022-06-12,2022-06-14,2022-06-14,1,0,,5.508210643e-05,9.74006537e-05,0.03730108062,0,temporal_sigmoid
logistic,S2,2022,2022-06-12,2022-06-06,2022-06-12,2022-06-13,2022-06-15,2022-06-15,1,0,,2.945629073e-05,6.522208581e-05,0.03730108062,0,temporal_sigmoid
logistic,S2,2022,2022-06-13,2022-06-07,2022-06-13,2022-06-14,2022-06-16,2022-06-16,1,0,,6.114223281e-05,0.0001041371947,0.03730108062,0,temporal_sigmoid
logistic,S2,2022,2022-06-14,2022-06-08,2022-06-14,2022-06-15,2022-06-17,2022-06-17,1,0,,5.666904549e-06,2.268527285e-05,0.03730108062,0,temporal_sigmoid
logistic,S2,2022,2022-06-15,2022-06-09,2022-06-15,2022-06-16,2022-06-18,2022-06-18,1,0,,1.891603135e-08,7.465350856e-06,0.03730108062,0,temporal_sigmoid
logistic,S2,2022,2022-06-16,2022-06-10,2022-06-16,2022-06-17,2022-06-19,2022-06-19,1,0,,5.228765621e-07,7.465350856e-06,0.03730108062,0,temporal_sigmoid
logistic,S2,2022,2022-06-17,2022-06-11,2022-06-17,2022-06-18,2022-06-20,2022-06-20,1,0,,7.250037343e-10,7.465350856e-06,0.03730108062,0,temporal_sigmoid
logistic,S2,2022,2022-06-18,2022-06-12,2022-06-18,2022-06-19,2022-06-21,2022-06-21,1,0,,4.775292945e-13,7.465350856e-06,0.03730108062,0,temporal_sigmoid
logistic,S2,2022,2022-06-19,2022-06-13,2022-06-19,2022-06-20,2022-06-22,2022-06-22,1,0,,6.049673431e-12,7.465350856e-06,0.03730108062,0,temporal_sigmoid
logistic,S2,2022,2022-06-20,2022-06-14,2022-06-20,2022-06-21,2022-06-23,2022-06-23,1,0,,2.360519057e-09,7.465350856e-06,0.03730108062,0,temporal_sigmoid
logistic,S2,2022,2022-06-21,2022-06-15,2022-06-21,2022-06-22,2022-06-24,2022-06-24,1,0,,7.135149163e-08,7.465350856e-06,0.03730108062,0,temporal_sigmoid
logistic,S2,2022,2022-06-22,2022-06-16,2022-06-22,2022-06-23,2022-06-25,2022-06-25,1,0,,9.017200171e-07,7.465350856e-06,0.03730108062,0,temporal_sigmoid
logistic,S2,2022,2022-06-23,2022-06-17,2022-06-23,2022-06-24,2022-06-26,2022-06-26,1,0,,1.348819673e-06,9.043079194e-06,0.03730108062,0,temporal_sigmoid
logistic,S2,2022,2022-06-24,2022-06-18,2022-06-24,2022-06-25,2022-06-27,2022-06-27,1,0,,3.166727369e-06,1.562459359e-05,0.03730108062,0,temporal_sigmoid
logistic,S2,2022,2022-06-25,2022-06-19,2022-06-25,2022-06-26,2022-06-28,2022-06-28,1,0,,2.417872796e-07,7.465350856e-06,0.03730108062,0,temporal_sigmoid
logistic,S2,2022,2022-06-26,2022-06-20,2022-06-26,2022-06-27,2022-06-29,2022-06-29,1,0,,8.921612612e-06,3.034099934e-05,0.03730108062,0,temporal_sigmoid
logistic,S2,2022,2022-06-27,2022-06-21,2022-06-27,2022-06-28,2022-06-30,2022-06-30,1,0,,2.806762636e-05,6.323496991e-05,0.03730108062,0,temporal_sigmoid
logistic,S2,2023,2023-02-28,2023-02-22,2023-02-28,2023-03-01,2023-03-03,2023-03-03,1,0,,3.661096105e-05,7.442747632e-06,0.003915347361,0,temporal_sigmoid
logistic,S2,2023,2023-03-01,2023-02-23,2023-03-01,2023-03-02,2023-03-04,2023-03-04,1,0,,0.0001361154019,2.102216998e-05,0.003915347361,0,temporal_sigmoid
logistic,S2,2023,2023-03-02,2023-02-24,2023-03-02,2023-03-03,2023-03-05,2023-03-05,1,0,,0.0003817779039,4.752194761e-05,0.003915347361,0,temporal_sigmoid
logistic,S2,2023,2023-03-03,2023-02-25,2023-03-03,2023-03-04,2023-03-06,2023-03-06,1,0,,0.004760390702,0.0003505187334,0.003915347361,0,temporal_sigmoid
logistic,S2,2023,2023-03-04,2023-02-26,2023-03-04,2023-03-05,2023-03-07,2023-03-07,1,0,,0.004585432457,0.0003402492892,0.003915347361,0,temporal_sigmoid
logistic,S2,2023,2023-03-05,2023-02-27,2023-03-05,2023-03-06,2023-03-08,2023-03-08,1,0,,0.005944570226,0.0004181891778,0.003915347361,0,temporal_sigmoid
logistic,S2,2023,2023-03-06,2023-02-28,2023-03-06,2023-03-07,2023-03-09,2023-03-09,1,0,,0.008486376194,0.0005551769488,0.003915347361,0,temporal_sigmoid
logistic,S2,2023,2023-03-07,2023-03-01,2023-03-07,2023-03-08,2023-03-10,2023-03-10,1,0,,0.01793512602,0.001010357787,0.003915347361,0,temporal_sigmoid
logistic,S2,2023,2023-03-08,2023-03-02,2023-03-08,2023-03-09,2023-03-11,2023-03-11,1,0,,0.005216188158,0.0003769251136,0.003915347361,0,temporal_sigmoid
logistic,S2,2023,2023-03-09,2023-03-03,2023-03-09,2023-03-10,2023-03-12,2023-03-12,1,0,,0.006446929805,0.000446058191,0.003915347361,0,temporal_sigmoid
logistic,S2,2023,2023-03-10,2023-03-04,2023-03-10,2023-03-11,2023-03-13,2023-03-13,1,0,,0.003617594262,0.0002818909604,0.003915347361,0,temporal_sigmoid
logistic,S2,2023,2023-03-11,2023-03-05,2023-03-11,2023-03-12,2023-03-14,2023-03-14,1,0,,0.02025216933,0.001114198423,0.003915347361,0,temporal_sigmoid
logistic,S2,2023,2023-03-12,2023-03-06,2023-03-12,2023-03-13,2023-03-15,2023-03-15,1,0,,0.06344218638,0.002843084063,0.003915347361,0,temporal_sigmoid
logistic,S2,2023,2023-03-13,2023-03-07,2023-03-13,2023-03-14,2023-03-16,2023-03-16,1,0,,0.06537363192,0.002915848468,0.003915347361,0,temporal_sigmoid
logistic,S2,2023,2023-03-14,2023-03-08,2023-03-14,2023-03-15,2023-03-17,2023-03-17,1,0,,0.002549168195,0.0002135718941,0.003915347361,0,temporal_sigmoid
logistic,S2,2023,2023-03-15,2023-03-09,2023-03-15,2023-03-16,2023-03-18,2023-03-18,1,0,,0.0003872877007,4.806358496e-05,0.003915347361,0,temporal_sigmoid
logistic,S2,2023,2023-03-16,2023-03-10,2023-03-16,2023-03-17,2023-03-19,2023-03-19,1,0,,0.0002838627452,3.759272494e-05,0.003915347361,0,temporal_sigmoid
logistic,S2,2023,2023-03-17,2023-03-11,2023-03-17,2023-03-18,2023-03-20,2023-03-20,1,0,,0.0001845138103,2.673968314e-05,0.003915347361,0,temporal_sigmoid
logistic,S2,2023,2023-03-18,2023-03-12,2023-03-18,2023-03-19,2023-03-21,2023-03-21,1,0,,0.01053639467,0.000659774802,0.003915347361,0,temporal_sigmoid
logistic,S2,2023,2023-03-19,2023-03-13,2023-03-19,2023-03-20,2023-03-22,2023-03-22,1,0,,1.125486105e-06,4.742605735e-07,0.003915347361,0,temporal_sigmoid
logistic,S2,2023,2023-03-20,2023-03-14,2023-03-20,2023-03-21,2023-03-23,2023-03-23,1,0,,4.368978805e-05,8.559216726e-06,0.003915347361,0,temporal_sigmoid
logistic,S2,2023,2023-03-21,2023-03-15,2023-03-21,2023-03-22,2023-03-24,2023-03-24,1,0,,4.685765115e-06,1.464841578e-06,0.003915347361,0,temporal_sigmoid
logistic,S2,2023,2023-03-22,2023-03-16,2023-03-22,2023-03-23,2023-03-25,2023-03-25,1,0,,3.507205743e-05,7.194273926e-06,0.003915347361,0,temporal_sigmoid
logistic,S2,2023,2023-03-23,2023-03-17,2023-03-23,2023-03-24,2023-03-26,2023-03-26,1,0,,0.0001910570419,2.748680829e-05,0.003915347361,0,temporal_sigmoid
logistic,S2,2023,2023-03-24,2023-03-18,2023-03-24,2023-03-25,2023-03-27,2023-03-27,1,0,,0.0003557364094,4.493934117e-05,0.003915347361,0,temporal_sigmoid
logistic,S2,2023,2023-03-25,2023-03-19,2023-03-25,2023-03-26,2023-03-28,2023-03-28,1,0,,0.0001676535577,2.478829834e-05,0.003915347361,0,temporal_sigmoid
logistic,S2,2023,2023-03-26,2023-03-20,2023-03-26,2023-03-27,2023-03-29,2023-03-29,1,0,,0.002425853495,0.0002053425734,0.003915347361,0,temporal_sigmoid
logistic,S2,2023,2023-03-27,2023-03-21,2023-03-27,2023-03-28,2023-03-30,2023-03-30,1,0,,0.0007116627996,7.777531026e-05,0.003915347361,0,temporal_sigmoid
logistic,S2,2023,2023-03-28,2023-03-22,2023-03-28,2023-03-29,2023-03-31,2023-03-31,1,0,,0.009066096326,0.0005852075062,0.003915347361,0,temporal_sigmoid
logistic,S2,2023,2023-03-29,2023-03-23,2023-03-29,2023-03-30,2023-04-01,2023-04-01,1,0,,6.638970169e-05,1.191575338e-05,0.003915347361,0,temporal_sigmoid
logistic,S2,2023,2023-03-30,2023-03-24,2023-03-30,2023-03-31,2023-04-02,2023-04-02,1,0,,0.0004900649652,5.789878259e-05,0.003915347361,0,temporal_sigmoid
logistic,S2,2023,2023-03-31,2023-03-25,2023-03-31,2023-04-01,2023-04-03,2023-04-03,1,0,,5.52015672e-05,1.029785381e-05,0.003915347361,0,temporal_sigmoid
logistic,S2,2023,2023-04-01,2023-03-26,2023-04-01,2023-04-02,2023-04-04,2023-04-04,1,0,,1.420809984e-06,5.70203136e-07,0.003915347361,0,temporal_sigmoid
logistic,S2,2023,2023-04-02,2023-03-27,2023-04-02,2023-04-03,2023-04-05,2023-04-05,1,0,,0.0009817618961,0.0001003244053,0.003915347361,0,temporal_sigmoid
logistic,S2,2023,2023-04-03,2023-03-28,2023-04-03,2023-04-04,2023-04-06,2023-04-06,1,0,,0.04847130976,0.002270749584,0.003915347361,0,temporal_sigmoid
logistic,S2,2023,2023-04-04,2023-03-29,2023-04-04,2023-04-05,2023-04-07,2023-04-07,1,0,,0.05431017753,0.002495979929,0.003915347361,0,temporal_sigmoid
logistic,S2,2023,2023-04-05,2023-03-30,2023-04-05,2023-04-06,2023-04-08,2023-04-08,1,0,,0.0689300012,0.003049339674,0.003915347361,0,temporal_sigmoid
logistic,S2,2023,2023-04-06,2023-03-31,2023-04-06,2023-04-07,2023-04-09,2023-04-09,1,0,,0.07989149997,0.003457565547,0.003915347361,0,temporal_sigmoid
logistic,S2,2023,2023-04-07,2023-04-01,2023-04-07,2023-04-08,2023-04-10,2023-04-10,1,1,fixed36_0043,0.1672484125,0.006688216493,0.003915347361,1,temporal_sigmoid
logistic,S2,2023,2023-04-08,2023-04-02,2023-04-08,2023-04-09,2023-04-11,2023-04-11,1,1,fixed36_0043,0.3043783722,0.0123096441,0.003915347361,1,temporal_sigmoid
logistic,S2,2023,2023-04-09,2023-04-03,2023-04-09,2023-04-10,2023-04-12,2023-04-12,1,1,fixed36_0043,0.5926603258,0.03121966251,0.003915347361,1,temporal_sigmoid
logistic,S2,2023,2023-04-10,2023-04-04,2023-04-10,2023-04-11,2023-04-13,2023-04-13,1,1,fixed36_0043,0.8150567025,0.07184136457,0.003915347361,1,temporal_sigmoid
logistic,S2,2023,2023-04-11,2023-04-05,2023-04-11,2023-04-12,2023-04-14,2023-04-14,1,1,fixed36_0043,0.9271994324,0.1519156718,0.003915347361,1,temporal_sigmoid
logistic,S2,2023,2023-04-12,2023-04-06,2023-04-12,2023-04-13,2023-04-15,2023-04-15,1,1,fixed36_0043,0.9842856436,0.3869385628,0.003915347361,1,temporal_sigmoid
logistic,S2,2023,2023-04-13,2023-04-07,2023-04-13,2023-04-14,2023-04-16,2023-04-16,1,1,fixed36_0043,0.9933593257,0.5567811448,0.003915347361,1,temporal_sigmoid
logistic,S2,2023,2023-04-14,2023-04-08,2023-04-14,2023-04-15,2023-04-17,2023-04-17,1,1,fixed36_0043,0.9983307094,0.7898172688,0.003915347361,1,temporal_sigmoid
logistic,S2,2023,2023-04-15,2023-04-09,2023-04-15,2023-04-16,2023-04-18,2023-04-18,1,1,fixed36_0043,0.9955587549,0.6336544983,0.003915347361,1,temporal_sigmoid
logistic,S2,2023,2023-04-16,2023-04-10,2023-04-16,2023-04-17,2023-04-19,2023-04-19,1,1,fixed36_0043,0.9988935497,0.8388135202,0.003915347361,1,temporal_sigmoid
logistic,S2,2023,2023-04-17,2023-04-11,2023-04-17,2023-04-18,2023-04-20,2023-04-20,1,1,fixed36_0043,0.9970218746,0.7037192489,0.003915347361,1,temporal_sigmoid
logistic,S2,2023,2023-04-18,2023-04-12,2023-04-18,2023-04-19,2023-04-21,2023-04-21,1,0,,0.9944510197,0.5916959532,0.003915347361,1,temporal_sigmoid
logistic,S2,2023,2023-04-19,2023-04-13,2023-04-19,2023-04-20,2023-04-22,2023-04-22,1,0,,0.9965121737,0.6769420532,0.003915347361,1,temporal_sigmoid
logistic,S2,2023,2023-04-20,2023-04-14,2023-04-20,2023-04-21,2023-04-23,2023-04-23,1,0,,0.9951304847,0.6165187407,0.003915347361,1,temporal_sigmoid
logistic,S2,2023,2023-04-21,2023-04-15,2023-04-21,2023-04-22,2023-04-24,2023-04-24,1,0,,0.8564931002,0.0895641871,0.003915347361,1,temporal_sigmoid
logistic,S2,2023,2023-04-22,2023-04-16,2023-04-22,2023-04-23,2023-04-25,2023-04-25,1,0,,0.8975436551,0.1175810608,0.003915347361,1,temporal_sigmoid
logistic,S2,2023,2023-04-23,2023-04-17,2023-04-23,2023-04-24,2023-04-26,2023-04-26,1,0,,0.001062808837,0.0001068241397,0.003915347361,0,temporal_sigmoid
logistic,S2,2023,2023-04-24,2023-04-18,2023-04-24,2023-04-25,2023-04-27,2023-04-27,1,0,,0.4904633233,0.02271760331,0.003915347361,1,temporal_sigmoid
logistic,S2,2023,2023-04-25,2023-04-19,2023-04-25,2023-04-26,2023-04-28,2023-04-28,1,0,,0.9397849221,0.1738010293,0.003915347361,1,temporal_sigmoid
logistic,S2,2023,2023-04-26,2023-04-20,2023-04-26,2023-04-27,2023-04-29,2023-04-29,1,0,,0.9900651206,0.4767592884,0.003915347361,1,temporal_sigmoid
logistic,S2,2023,2023-04-27,2023-04-21,2023-04-27,2023-04-28,2023-04-30,2023-04-30,1,0,,0.9614506384,0.2335670759,0.003915347361,1,temporal_sigmoid
logistic,S2,2023,2023-04-28,2023-04-22,2023-04-28,2023-04-29,2023-05-01,2023-05-01,1,0,,0.9090066713,0.128790956,0.003915347361,1,temporal_sigmoid
logistic,S2,2023,2023-04-29,2023-04-23,2023-04-29,2023-04-30,2023-05-02,2023-05-02,1,0,,0.8665669208,0.0951620073,0.003915347361,1,temporal_sigmoid
logistic,S2,2023,2023-04-30,2023-04-24,2023-04-30,2023-05-01,2023-05-03,2023-05-03,1,0,,0.5287434449,0.02556922994,0.003915347361,1,temporal_sigmoid
logistic,S2,2023,2023-05-01,2023-04-25,2023-05-01,2023-05-02,2023-05-04,2023-05-04,1,0,,0.664154892,0.03945499911,0.003915347361,1,temporal_sigmoid
logistic,S2,2023,2023-05-02,2023-04-26,2023-05-02,2023-05-03,2023-05-05,2023-05-05,1,0,,0.9691782349,0.2679475523,0.003915347361,1,temporal_sigmoid
logistic,S2,2023,2023-05-03,2023-04-27,2023-05-03,2023-05-04,2023-05-06,2023-05-06,1,0,,0.5910420598,0.03105985765,0.003915347361,1,temporal_sigmoid
logistic,S2,2023,2023-05-04,2023-04-28,2023-05-04,2023-05-05,2023-05-07,2023-05-07,1,0,,0.1782473834,0.007105007228,0.003915347361,1,temporal_sigmoid
logistic,S2,2023,2023-05-05,2023-04-29,2023-05-05,2023-05-06,2023-05-08,2023-05-08,1,1,fixed36_0044,0.7281894,0.04962790413,0.003915347361,1,temporal_sigmoid
logistic,S2,2023,2023-05-06,2023-04-30,2023-05-06,2023-05-07,2023-05-09,2023-05-09,1,1,fixed36_0044,0.9642610543,0.2448783133,0.003915347361,1,temporal_sigmoid
logistic,S2,2023,2023-05-07,2023-05-01,2023-05-07,2023-05-08,2023-05-10,2023-05-10,1,1,fixed36_0044,0.9939692305,0.5756072226,0.003915347361,1,temporal_sigmoid
logistic,S2,2023,2023-05-08,2023-05-02,2023-05-08,2023-05-09,2023-05-11,2023-05-11,1,1,fixed36_0044,0.9997472943,0.9436234401,0.003915347361,1,temporal_sigmoid
logistic,S2,2023,2023-05-09,2023-05-03,2023-05-09,2023-05-10,2023-05-12,2023-05-12,1,1,fixed36_0044,0.9995355143,0.9118327618,0.003915347361,1,temporal_sigmoid
logistic,S2,2023,2023-05-10,2023-05-04,2023-05-10,2023-05-11,2023-05-13,2023-05-13,1,0,,0.9966768012,0.685273535,0.003915347361,1,temporal_sigmoid
logistic,S2,2023,2023-05-11,2023-05-05,2023-05-11,2023-05-12,2023-05-14,2023-05-14,1,0,,0.9865598502,0.4170803526,0.003915347361,1,temporal_sigmoid
logistic,S2,2023,2023-05-12,2023-05-06,2023-05-12,2023-05-13,2023-05-15,2023-05-15,1,0,,0.9479951646,0.1921429088,0.003915347361,1,temporal_sigmoid
logistic,S2,2023,2023-05-13,2023-05-07,2023-05-13,2023-05-14,2023-05-16,2023-05-16,1,0,,0.9796335993,0.338726378,0.003915347361,1,temporal_sigmoid
logistic,S2,2023,2023-05-14,2023-05-08,2023-05-14,2023-05-15,2023-05-17,2023-05-17,1,0,,0.3271317197,0.01336460155,0.003915347361,1,temporal_sigmoid
logistic,S2,2023,2023-05-15,2023-05-09,2023-05-15,2023-05-16,2023-05-18,2023-05-18,1,0,,0.9756881242,0.30742689,0.003915347361,1,temporal_sigmoid
logistic,S2,2023,2023-05-16,2023-05-10,2023-05-16,2023-05-17,2023-05-19,2023-05-19,1,0,,0.3987289226,0.01701917055,0.003915347361,1,temporal_sigmoid
logistic,S2,2023,2023-05-17,2023-05-11,2023-05-17,2023-05-18,2023-05-20,2023-05-20,1,0,,0.0007690742651,8.269898601e-05,0.003915347361,0,temporal_sigmoid
logistic,S2,2023,2023-05-18,2023-05-12,2023-05-18,2023-05-19,2023-05-21,2023-05-21,1,0,,0.0001418464348,2.171905972e-05,0.003915347361,0,temporal_sigmoid
logistic,S2,2023,2023-05-19,2023-05-13,2023-05-19,2023-05-20,2023-05-22,2023-05-22,1,0,,0.009706725133,0.0006179637229,0.003915347361,0,temporal_sigmoid
logistic,S2,2023,2023-05-20,2023-05-14,2023-05-20,2023-05-21,2023-05-23,2023-05-23,1,0,,0.04112996309,0.001982712724,0.003915347361,0,temporal_sigmoid
logistic,S2,2023,2023-05-21,2023-05-15,2023-05-21,2023-05-22,2023-05-24,2023-05-24,1,0,,0.3393276065,0.01394917539,0.003915347361,1,temporal_sigmoid
logistic,S2,2023,2023-05-22,2023-05-16,2023-05-22,2023-05-23,2023-05-25,2023-05-25,1,0,,0.07348727396,0.003219587074,0.003915347361,0,temporal_sigmoid
logistic,S2,2023,2023-05-23,2023-05-17,2023-05-23,2023-05-24,2023-05-26,2023-05-26,1,0,,3.007590071e-05,6.371097447e-06,0.003915347361,0,temporal_sigmoid
logistic,S2,2023,2023-05-24,2023-05-18,2023-05-24,2023-05-25,2023-05-27,2023-05-27,1,0,,1.405949991e-07,4.319404707e-07,0.003915347361,0,temporal_sigmoid
logistic,S2,2023,2023-05-25,2023-05-19,2023-05-25,2023-05-26,2023-05-28,2023-05-28,1,0,,0.000328038365,4.214867347e-05,0.003915347361,0,temporal_sigmoid
logistic,S2,2023,2023-05-26,2023-05-20,2023-05-26,2023-05-27,2023-05-29,2023-05-29,1,0,,9.716942421e-06,2.607569374e-06,0.003915347361,0,temporal_sigmoid
logistic,S2,2023,2023-05-27,2023-05-21,2023-05-27,2023-05-28,2023-05-30,2023-05-30,1,0,,0.0001308419146,2.037547858e-05,0.003915347361,0,temporal_sigmoid
logistic,S2,2023,2023-05-28,2023-05-22,2023-05-28,2023-05-29,2023-05-31,2023-05-31,1,0,,0.05521105236,0.00253047771,0.003915347361,0,temporal_sigmoid
logistic,S2,2023,2023-05-29,2023-05-23,2023-05-29,2023-05-30,2023-06-01,2023-06-01,1,1,fixed36_0045,0.2073860147,0.008231147737,0.003915347361,1,temporal_sigmoid
logistic,S2,2023,2023-05-30,2023-05-24,2023-05-30,2023-05-31,2023-06-02,2023-06-02,1,1,fixed36_0045,0.2445508844,0.009725235727,0.003915347361,1,temporal_sigmoid
logistic,S2,2023,2023-05-31,2023-05-25,2023-05-31,2023-06-01,2023-06-03,2023-06-03,1,1,fixed36_0045,0.4464335211,0.01981044416,0.003915347361,1,temporal_sigmoid
logistic,S2,2023,2023-06-01,2023-05-26,2023-06-01,2023-06-02,2023-06-04,2023-06-04,1,1,fixed36_0045,0.1449781226,0.005855221134,0.003915347361,1,temporal_sigmoid
logistic,S2,2023,2023-06-02,2023-05-27,2023-06-02,2023-06-03,2023-06-05,2023-06-05,1,1,fixed36_0045,0.1881792601,0.00748501936,0.003915347361,1,temporal_sigmoid
logistic,S2,2023,2023-06-03,2023-05-28,2023-06-03,2023-06-04,2023-06-06,2023-06-06,1,1,fixed36_0045,0.2238240053,0.008883084597,0.003915347361,1,temporal_sigmoid
logistic,S2,2023,2023-06-04,2023-05-29,2023-06-04,2023-06-05,2023-06-07,2023-06-07,1,0,,0.3047979017,0.01232869874,0.003915347361,1,temporal_sigmoid
logistic,S2,2023,2023-06-05,2023-05-30,2023-06-05,2023-06-06,2023-06-08,2023-06-08,1,0,,0.5948369603,0.03143617887,0.003915347361,1,temporal_sigmoid
logistic,S2,2023,2023-06-06,2023-05-31,2023-06-06,2023-06-07,2023-06-09,2023-06-09,1,0,,0.5943095015,0.03138354419,0.003915347361,1,temporal_sigmoid
logistic,S2,2023,2023-06-07,2023-06-01,2023-06-07,2023-06-08,2023-06-10,2023-06-10,1,0,,0.05291453773,0.002442409827,0.003915347361,0,temporal_sigmoid
logistic,S2,2023,2023-06-08,2023-06-02,2023-06-08,2023-06-09,2023-06-11,2023-06-11,1,0,,0.0009531422979,9.800289375e-05,0.003915347361,0,temporal_sigmoid
logistic,S2,2023,2023-06-09,2023-06-03,2023-06-09,2023-06-10,2023-06-12,2023-06-12,1,0,,0.0003181499307,4.11406104e-05,0.003915347361,0,temporal_sigmoid
logistic,S2,2023,2023-06-10,2023-06-04,2023-06-10,2023-06-11,2023-06-13,2023-06-13,1,0,,0.0002603202512,3.510486144e-05,0.003915347361,0,temporal_sigmoid
logistic,S2,2023,2023-06-11,2023-06-05,2023-06-11,2023-06-12,2023-06-14,2023-06-14,1,0,,0.0003064061024,3.993485254e-05,0.003915347361,0,temporal_sigmoid
logistic,S2,2023,2023-06-12,2023-06-06,2023-06-12,2023-06-13,2023-06-15,2023-06-15,1,0,,0.002561033989,0.0002143593866,0.003915347361,0,temporal_sigmoid
logistic,S2,2023,2023-06-13,2023-06-07,2023-06-13,2023-06-14,2023-06-16,2023-06-16,1,0,,0.0007670579861,8.252739501e-05,0.003915347361,0,temporal_sigmoid
logistic,S2,2023,2023-06-14,2023-06-08,2023-06-14,2023-06-15,2023-06-17,2023-06-17,1,0,,0.00241252484,0.0002044480185,0.003915347361,0,temporal_sigmoid
logistic,S2,2023,2023-06-15,2023-06-09,2023-06-15,2023-06-16,2023-06-18,2023-06-18,1,0,,0.0004188609956,5.113721619e-05,0.003915347361,0,temporal_sigmoid
logistic,S2,2023,2023-06-16,2023-06-10,2023-06-16,2023-06-17,2023-06-19,2023-06-19,1,0,,0.0006921246775,7.608107325e-05,0.003915347361,0,temporal_sigmoid
logistic,S2,2023,2023-06-17,2023-06-11,2023-06-17,2023-06-18,2023-06-20,2023-06-20,1,0,,0.0003542810693,4.479386938e-05,0.003915347361,0,temporal_sigmoid
logistic,S2,2023,2023-06-18,2023-06-12,2023-06-18,2023-06-19,2023-06-21,2023-06-21,1,0,,1.940397474e-06,7.295424956e-07,0.003915347361,0,temporal_sigmoid
logistic,S2,2023,2023-06-19,2023-06-13,2023-06-19,2023-06-20,2023-06-22,2023-06-22,1,0,,1.311357529e-05,3.305028583e-06,0.003915347361,0,temporal_sigmoid
logistic,S2,2023,2023-06-20,2023-06-14,2023-06-20,2023-06-21,2023-06-23,2023-06-23,1,0,,0.000210021326,2.962284083e-05,0.003915347361,0,temporal_sigmoid
logistic,S2,2023,2023-06-21,2023-06-15,2023-06-21,2023-06-22,2023-06-24,2023-06-24,1,0,,0.0002244341667,3.121925079e-05,0.003915347361,0,temporal_sigmoid
logistic,S2,2023,2023-06-22,2023-06-16,2023-06-22,2023-06-23,2023-06-25,2023-06-25,1,0,,6.603296354e-05,1.186509704e-05,0.003915347361,0,temporal_sigmoid
logistic,S2,2023,2023-06-23,2023-06-17,2023-06-23,2023-06-24,2023-06-26,2023-06-26,1,0,,0.0002885835711,3.808631407e-05,0.003915347361,0,temporal_sigmoid
logistic,S2,2023,2023-06-24,2023-06-18,2023-06-24,2023-06-25,2023-06-27,2023-06-27,1,0,,0.0001648023564,2.445433731e-05,0.003915347361,0,temporal_sigmoid
logistic,S2,2023,2023-06-25,2023-06-19,2023-06-25,2023-06-26,2023-06-28,2023-06-28,1,0,,6.308826476e-05,1.144473e-05,0.003915347361,0,temporal_sigmoid
logistic,S2,2023,2023-06-26,2023-06-20,2023-06-26,2023-06-27,2023-06-29,2023-06-29,1,0,,5.785914562e-06,1.730651255e-06,0.003915347361,0,temporal_sigmoid
logistic,S2,2023,2023-06-27,2023-06-21,2023-06-27,2023-06-28,2023-06-30,2023-06-30,1,0,,6.639025313e-08,4.319404707e-07,0.003915347361,0,temporal_sigmoid
logistic,S2,2024,2024-02-29,2024-02-23,2024-02-29,2024-03-01,2024-03-03,2024-03-03,1,0,,1.996724324e-06,8.266726781e-05,0.01249623611,0,temporal_sigmoid
logistic,S2,2024,2024-03-01,2024-02-24,2024-03-01,2024-03-02,2024-03-04,2024-03-04,1,0,,3.118458122e-06,0.0001037021848,0.01249623611,0,temporal_sigmoid
logistic,S2,2024,2024-03-02,2024-02-25,2024-03-02,2024-03-03,2024-03-05,2024-03-05,1,0,,7.622126112e-06,0.0001633590977,0.01249623611,0,temporal_sigmoid
logistic,S2,2024,2024-03-03,2024-02-26,2024-03-03,2024-03-04,2024-03-06,2024-03-06,1,0,,4.659669848e-06,0.0001271961778,0.01249623611,0,temporal_sigmoid
logistic,S2,2024,2024-03-04,2024-02-27,2024-03-04,2024-03-05,2024-03-07,2024-03-07,1,0,,5.184750615e-07,5.815969701e-05,0.01249623611,0,temporal_sigmoid
logistic,S2,2024,2024-03-05,2024-02-28,2024-03-05,2024-03-06,2024-03-08,2024-03-08,1,0,,3.588575719e-05,0.0003591115524,0.01249623611,0,temporal_sigmoid
logistic,S2,2024,2024-03-06,2024-02-29,2024-03-06,2024-03-07,2024-03-09,2024-03-09,1,0,,8.513297148e-06,0.0001728064911,0.01249623611,0,temporal_sigmoid
logistic,S2,2024,2024-03-07,2024-03-01,2024-03-07,2024-03-08,2024-03-10,2024-03-10,1,0,,1.593980542e-06,7.371993464e-05,0.01249623611,0,temporal_sigmoid
logistic,S2,2024,2024-03-08,2024-03-02,2024-03-08,2024-03-09,2024-03-11,2024-03-11,1,0,,6.735352508e-06,0.0001534020494,0.01249623611,0,temporal_sigmoid
logistic,S2,2024,2024-03-09,2024-03-03,2024-03-09,2024-03-10,2024-03-12,2024-03-12,1,0,,2.381065163e-06,9.040851169e-05,0.01249623611,0,temporal_sigmoid
logistic,S2,2024,2024-03-10,2024-03-04,2024-03-10,2024-03-11,2024-03-13,2024-03-13,1,0,,4.699304076e-06,0.0001277451505,0.01249623611,0,temporal_sigmoid
logistic,S2,2024,2024-03-11,2024-03-05,2024-03-11,2024-03-12,2024-03-14,2024-03-14,1,0,,0.0001426937112,0.0007243549154,0.01249623611,0,temporal_sigmoid
logistic,S2,2024,2024-03-12,2024-03-06,2024-03-12,2024-03-13,2024-03-15,2024-03-15,1,0,,0.0006956167281,0.001620084167,0.01249623611,0,temporal_sigmoid
logistic,S2,2024,2024-03-13,2024-03-07,2024-03-13,2024-03-14,2024-03-16,2024-03-16,1,0,,0.004535362863,0.004200812017,0.01249623611,0,temporal_sigmoid
logistic,S2,2024,2024-03-14,2024-03-08,2024-03-14,2024-03-15,2024-03-17,2024-03-17,1,0,,9.427049037e-05,0.0005867453738,0.01249623611,0,temporal_sigmoid
logistic,S2,2024,2024-03-15,2024-03-09,2024-03-15,2024-03-16,2024-03-18,2024-03-18,1,0,,0.01116415505,0.006647918235,0.01249623611,0,temporal_sigmoid
logistic,S2,2024,2024-03-16,2024-03-10,2024-03-16,2024-03-17,2024-03-19,2024-03-19,1,0,,0.008271598711,0.005704573856,0.01249623611,0,temporal_sigmoid
logistic,S2,2024,2024-03-17,2024-03-11,2024-03-17,2024-03-18,2024-03-20,2024-03-20,1,0,,0.008671993495,0.005843748715,0.01249623611,0,temporal_sigmoid
logistic,S2,2024,2024-03-18,2024-03-12,2024-03-18,2024-03-19,2024-03-21,2024-03-21,1,0,,0.00701400265,0.005244706181,0.01249623611,0,temporal_sigmoid
logistic,S2,2024,2024-03-19,2024-03-13,2024-03-19,2024-03-20,2024-03-22,2024-03-22,1,0,,0.004780999114,0.004315058739,0.01249623611,0,temporal_sigmoid
logistic,S2,2024,2024-03-20,2024-03-14,2024-03-20,2024-03-21,2024-03-23,2024-03-23,1,0,,5.392712874e-07,5.815969701e-05,0.01249623611,0,temporal_sigmoid
logistic,S2,2024,2024-03-21,2024-03-15,2024-03-21,2024-03-22,2024-03-24,2024-03-24,1,0,,1.019541172e-05,0.0001893978092,0.01249623611,0,temporal_sigmoid
logistic,S2,2024,2024-03-22,2024-03-16,2024-03-22,2024-03-23,2024-03-25,2024-03-25,1,0,,0.0002265540628,0.0009161853623,0.01249623611,0,temporal_sigmoid
logistic,S2,2024,2024-03-23,2024-03-17,2024-03-23,2024-03-24,2024-03-26,2024-03-26,1,0,,9.849549083e-06,0.0001861033495,0.01249623611,0,temporal_sigmoid
logistic,S2,2024,2024-03-24,2024-03-18,2024-03-24,2024-03-25,2024-03-27,2024-03-27,1,0,,1.140063146e-05,0.0002004686968,0.01249623611,0,temporal_sigmoid
logistic,S2,2024,2024-03-25,2024-03-19,2024-03-25,2024-03-26,2024-03-28,2024-03-28,1,0,,3.129643153e-05,0.0003349793742,0.01249623611,0,temporal_sigmoid
logistic,S2,2024,2024-03-26,2024-03-20,2024-03-26,2024-03-27,2024-03-29,2024-03-29,1,0,,0.0007610192658,0.001695762241,0.01249623611,0,temporal_sigmoid
logistic,S2,2024,2024-03-27,2024-03-21,2024-03-27,2024-03-28,2024-03-30,2024-03-30,1,0,,0.0001087876331,0.0006310537237,0.01249623611,0,temporal_sigmoid
logistic,S2,2024,2024-03-28,2024-03-22,2024-03-28,2024-03-29,2024-03-31,2024-03-31,1,0,,0.0001077201882,0.0006278988852,0.01249623611,0,temporal_sigmoid
logistic,S2,2024,2024-03-29,2024-03-23,2024-03-29,2024-03-30,2024-04-01,2024-04-01,1,0,,0.001938393998,0.002726872388,0.01249623611,0,temporal_sigmoid
logistic,S2,2024,2024-03-30,2024-03-24,2024-03-30,2024-03-31,2024-04-02,2024-04-02,1,0,,0.004201459298,0.004040542818,0.01249623611,0,temporal_sigmoid
logistic,S2,2024,2024-03-31,2024-03-25,2024-03-31,2024-04-01,2024-04-03,2024-04-03,1,0,,0.01763672442,0.008401550418,0.01249623611,0,temporal_sigmoid
logistic,S2,2024,2024-04-01,2024-03-26,2024-04-01,2024-04-02,2024-04-04,2024-04-04,1,0,,0.3492832051,0.0455200756,0.01249623611,1,temporal_sigmoid
logistic,S2,2024,2024-04-02,2024-03-27,2024-04-02,2024-04-03,2024-04-05,2024-04-05,1,0,,0.4335045686,0.05402984086,0.01249623611,1,temporal_sigmoid
logistic,S2,2024,2024-04-03,2024-03-28,2024-04-03,2024-04-04,2024-04-06,2024-04-06,1,0,,0.4052629874,0.05109254008,0.01249623611,1,temporal_sigmoid
logistic,S2,2024,2024-04-04,2024-03-29,2024-04-04,2024-04-05,2024-04-07,2024-04-07,1,0,,0.2511367846,0.03618653467,0.01249623611,1,temporal_sigmoid
logistic,S2,2024,2024-04-05,2024-03-30,2024-04-05,2024-04-06,2024-04-08,2024-04-08,1,0,,0.2215706069,0.03338804484,0.01249623611,1,temporal_sigmoid
logistic,S2,2024,2024-04-06,2024-03-31,2024-04-06,2024-04-07,2024-04-09,2024-04-09,1,0,,0.8973516543,0.1646489734,0.01249623611,1,temporal_sigmoid
logistic,S2,2024,2024-04-07,2024-04-01,2024-04-07,2024-04-08,2024-04-10,2024-04-10,1,0,,0.02390115923,0.009823719658,0.01249623611,0,temporal_sigmoid
logistic,S2,2024,2024-04-08,2024-04-02,2024-04-08,2024-04-09,2024-04-11,2024-04-11,1,0,,0.06471001348,0.01654690057,0.01249623611,1,temporal_sigmoid
logistic,S2,2024,2024-04-09,2024-04-03,2024-04-09,2024-04-10,2024-04-12,2024-04-12,1,0,,0.5709516198,0.0703515238,0.01249623611,1,temporal_sigmoid
logistic,S2,2024,2024-04-10,2024-04-04,2024-04-10,2024-04-11,2024-04-13,2024-04-13,1,0,,0.02140758057,0.009281458233,0.01249623611,0,temporal_sigmoid
logistic,S2,2024,2024-04-11,2024-04-05,2024-04-11,2024-04-12,2024-04-14,2024-04-14,1,0,,0.01176088225,0.006827168368,0.01249623611,0,temporal_sigmoid
logistic,S2,2024,2024-04-12,2024-04-06,2024-04-12,2024-04-13,2024-04-15,2024-04-15,1,0,,0.3801637092,0.04855862305,0.01249623611,1,temporal_sigmoid
logistic,S2,2024,2024-04-13,2024-04-07,2024-04-13,2024-04-14,2024-04-16,2024-04-16,1,0,,0.7796144876,0.1106503126,0.01249623611,1,temporal_sigmoid
logistic,S2,2024,2024-04-14,2024-04-08,2024-04-14,2024-04-15,2024-04-17,2024-04-17,1,1,fixed36_0046,0.6322774281,0.07936670453,0.01249623611,1,temporal_sigmoid
logistic,S2,2024,2024-04-15,2024-04-09,2024-04-15,2024-04-16,2024-04-18,2024-04-18,1,0,,0.9364695828,0.2045089221,0.01249623611,1,temporal_sigmoid
logistic,S2,2024,2024-04-16,2024-04-10,2024-04-16,2024-04-17,2024-04-19,2024-04-19,1,0,,0.7068395603,0.09287248028,0.01249623611,1,temporal_sigmoid
logistic,S2,2024,2024-04-17,2024-04-11,2024-04-17,2024-04-18,2024-04-20,2024-04-20,1,0,,0.8806473589,0.1531293135,0.01249623611,1,temporal_sigmoid
logistic,S2,2024,2024-04-18,2024-04-12,2024-04-18,2024-04-19,2024-04-21,2024-04-21,1,1,fixed36_0047,0.8202338796,0.1240430919,0.01249623611,1,temporal_sigmoid
logistic,S2,2024,2024-04-19,2024-04-13,2024-04-19,2024-04-20,2024-04-22,2024-04-22,1,1,fixed36_0047,0.9899896626,0.4036293468,0.01249623611,1,temporal_sigmoid
logistic,S2,2024,2024-04-20,2024-04-14,2024-04-20,2024-04-21,2024-04-23,2024-04-23,1,1,fixed36_0047,0.9957902912,0.5132743986,0.01249623611,1,temporal_sigmoid
logistic,S2,2024,2024-04-21,2024-04-15,2024-04-21,2024-04-22,2024-04-24,2024-04-24,1,1,fixed36_0047,0.9522222698,0.2305951677,0.01249623611,1,temporal_sigmoid
logistic,S2,2024,2024-04-22,2024-04-16,2024-04-22,2024-04-23,2024-04-25,2024-04-25,1,1,fixed36_0047,0.9486149293,0.2237580471,0.01249623611,1,temporal_sigmoid
logistic,S2,2024,2024-04-23,2024-04-17,2024-04-23,2024-04-24,2024-04-26,2024-04-26,1,1,fixed36_0047,0.962065528,0.2530510851,0.01249623611,1,temporal_sigmoid
logistic,S2,2024,2024-04-24,2024-04-18,2024-04-24,2024-04-25,2024-04-27,2024-04-27,1,1,fixed36_0047,0.9880302921,0.3817141762,0.01249623611,1,temporal_sigmoid
logistic,S2,2024,2024-04-25,2024-04-19,2024-04-25,2024-04-26,2024-04-28,2024-04-28,1,1,fixed36_0047,0.9785958286,0.3137337157,0.01249623611,1,temporal_sigmoid
logistic,S2,2024,2024-04-26,2024-04-20,2024-04-26,2024-04-27,2024-04-29,2024-04-29,1,1,fixed36_0047,0.9750015429,0.2966021101,0.01249623611,1,temporal_sigmoid
logistic,S2,2024,2024-04-27,2024-04-21,2024-04-27,2024-04-28,2024-04-30,2024-04-30,1,1,fixed36_0047,0.947862869,0.222407536,0.01249623611,1,temporal_sigmoid
logistic,S2,2024,2024-04-28,2024-04-22,2024-04-28,2024-04-29,2024-05-01,2024-05-01,1,1,fixed36_0047,0.9969730567,0.5551370016,0.01249623611,1,temporal_sigmoid
logistic,S2,2024,2024-04-29,2024-04-23,2024-04-29,2024-04-30,2024-05-02,2024-05-02,1,1,fixed36_0047,0.9988858645,0.6749566205,0.01249623611,1,temporal_sigmoid
logistic,S2,2024,2024-04-30,2024-04-24,2024-04-30,2024-05-01,2024-05-03,2024-05-03,1,1,fixed36_0047,0.9955732077,0.506856878,0.01249623611,1,temporal_sigmoid
logistic,S2,2024,2024-05-01,2024-04-25,2024-05-01,2024-05-02,2024-05-04,2024-05-04,1,0,,0.9980415628,0.609071779,0.01249623611,1,temporal_sigmoid
logistic,S2,2024,2024-05-02,2024-04-26,2024-05-02,2024-05-03,2024-05-05,2024-05-05,1,0,,0.9095888748,0.1747119168,0.01249623611,1,temporal_sigmoid
logistic,S2,2024,2024-05-03,2024-04-27,2024-05-03,2024-05-04,2024-05-06,2024-05-06,1,0,,0.9615893686,0.2518065133,0.01249623611,1,temporal_sigmoid
logistic,S2,2024,2024-05-04,2024-04-28,2024-05-04,2024-05-05,2024-05-07,2024-05-07,1,0,,0.8970690927,0.1644347876,0.01249623611,1,temporal_sigmoid
logistic,S2,2024,2024-05-05,2024-04-29,2024-05-05,2024-05-06,2024-05-08,2024-05-08,1,0,,2.152775106e-06,8.589173601e-05,0.01249623611,0,temporal_sigmoid
logistic,S2,2024,2024-05-06,2024-04-30,2024-05-06,2024-05-07,2024-05-09,2024-05-09,1,0,,2.223258822e-07,5.815969701e-05,0.01249623611,0,temporal_sigmoid
logistic,S2,2024,2024-05-07,2024-05-01,2024-05-07,2024-05-08,2024-05-10,2024-05-10,1,0,,3.926600142e-05,0.0003759271738,0.01249623611,0,temporal_sigmoid
logistic,S2,2024,2024-05-08,2024-05-02,2024-05-08,2024-05-09,2024-05-11,2024-05-11,1,0,,0.008595756676,0.005817493118,0.01249623611,0,temporal_sigmoid
logistic,S2,2024,2024-05-09,2024-05-03,2024-05-09,2024-05-10,2024-05-12,2024-05-12,1,0,,0.07532437397,0.0179539711,0.01249623611,1,temporal_sigmoid
logistic,S2,2024,2024-05-10,2024-05-04,2024-05-10,2024-05-11,2024-05-13,2024-05-13,1,0,,0.2176747088,0.03301697415,0.01249623611,1,temporal_sigmoid
logistic,S2,2024,2024-05-11,2024-05-05,2024-05-11,2024-05-12,2024-05-14,2024-05-14,1,0,,0.002684995968,0.003217914592,0.01249623611,0,temporal_sigmoid
logistic,S2,2024,2024-05-12,2024-05-06,2024-05-12,2024-05-13,2024-05-15,2024-05-15,1,0,,0.2319216459,0.03437078638,0.01249623611,1,temporal_sigmoid
logistic,S2,2024,2024-05-13,2024-05-07,2024-05-13,2024-05-14,2024-05-16,2024-05-16,1,0,,0.6581689721,0.08367395568,0.01249623611,1,temporal_sigmoid
logistic,S2,2024,2024-05-14,2024-05-08,2024-05-14,2024-05-15,2024-05-17,2024-05-17,1,1,fixed36_0048,0.7658426745,0.1067855756,0.01249623611,1,temporal_sigmoid
logistic,S2,2024,2024-05-15,2024-05-09,2024-05-15,2024-05-16,2024-05-18,2024-05-18,1,0,,0.9301082995,0.1961800241,0.01249623611,1,temporal_sigmoid
logistic,S2,2024,2024-05-16,2024-05-10,2024-05-16,2024-05-17,2024-05-19,2024-05-19,1,0,,0.9830213832,0.3401480942,0.01249623611,1,temporal_sigmoid
logistic,S2,2024,2024-05-17,2024-05-11,2024-05-17,2024-05-18,2024-05-20,2024-05-20,1,0,,0.985377625,0.3576815821,0.01249623611,1,temporal_sigmoid
logistic,S2,2024,2024-05-18,2024-05-12,2024-05-18,2024-05-19,2024-05-21,2024-05-21,1,0,,0.008208648544,0.005682398201,0.01249623611,0,temporal_sigmoid
logistic,S2,2024,2024-05-19,2024-05-13,2024-05-19,2024-05-20,2024-05-22,2024-05-22,1,0,,0.003306015193,0.003576904605,0.01249623611,0,temporal_sigmoid
logistic,S2,2024,2024-05-20,2024-05-14,2024-05-20,2024-05-21,2024-05-23,2024-05-23,1,0,,0.09576361786,0.02046480224,0.01249623611,1,temporal_sigmoid
logistic,S2,2024,2024-05-21,2024-05-15,2024-05-21,2024-05-22,2024-05-24,2024-05-24,1,0,,0.6424228337,0.08101315573,0.01249623611,1,temporal_sigmoid
logistic,S2,2024,2024-05-22,2024-05-16,2024-05-22,2024-05-23,2024-05-25,2024-05-25,1,1,fixed36_0049,0.01656455618,0.008135486634,0.01249623611,0,temporal_sigmoid
logistic,S2,2024,2024-05-23,2024-05-17,2024-05-23,2024-05-24,2024-05-26,2024-05-26,1,0,,0.8199263879,0.1239279853,0.01249623611,1,temporal_sigmoid
logistic,S2,2024,2024-05-24,2024-05-18,2024-05-24,2024-05-25,2024-05-27,2024-05-27,1,0,,0.9240503317,0.1890895459,0.01249623611,1,temporal_sigmoid
logistic,S2,2024,2024-05-25,2024-05-19,2024-05-25,2024-05-26,2024-05-28,2024-05-28,1,0,,0.3801628524,0.04855853762,0.01249623611,1,temporal_sigmoid
logistic,S2,2024,2024-05-26,2024-05-20,2024-05-26,2024-05-27,2024-05-29,2024-05-29,1,0,,0.01806667653,0.008506085999,0.01249623611,0,temporal_sigmoid
logistic,S2,2024,2024-05-27,2024-05-21,2024-05-27,2024-05-28,2024-05-30,2024-05-30,1,0,,1.988101967e-35,5.815969701e-05,0.01249623611,0,temporal_sigmoid
logistic,S2,2024,2024-05-28,2024-05-22,2024-05-28,2024-05-29,2024-05-31,2024-05-31,1,0,,0.001675164781,0.002531968383,0.01249623611,0,temporal_sigmoid
logistic,S2,2024,2024-05-29,2024-05-23,2024-05-29,2024-05-30,2024-06-01,2024-06-01,1,0,,0.672784021,0.08626987599,0.01249623611,1,temporal_sigmoid
logistic,S2,2024,2024-05-30,2024-05-24,2024-05-30,2024-05-31,2024-06-02,2024-06-02,1,0,,0.2286014063,0.03405600797,0.01249623611,1,temporal_sigmoid
logistic,S2,2024,2024-05-31,2024-05-25,2024-05-31,2024-06-01,2024-06-03,2024-06-03,1,0,,0.1037346118,0.02138998787,0.01249623611,1,temporal_sigmoid
logistic,S2,2024,2024-06-01,2024-05-26,2024-06-01,2024-06-02,2024-06-04,2024-06-04,1,0,,0.4659040355,0.05753683723,0.01249623611,1,temporal_sigmoid
logistic,S2,2024,2024-06-02,2024-05-27,2024-06-02,2024-06-03,2024-06-05,2024-06-05,1,0,,0.7107460556,0.09368652397,0.01249623611,1,temporal_sigmoid
logistic,S2,2024,2024-06-03,2024-05-28,2024-06-03,2024-06-04,2024-06-06,2024-06-06,1,0,,0.002399496247,0.00303921012,0.01249623611,0,temporal_sigmoid
logistic,S2,2024,2024-06-04,2024-05-29,2024-06-04,2024-06-05,2024-06-07,2024-06-07,1,0,,0.0009954746933,0.001943665544,0.01249623611,0,temporal_sigmoid
logistic,S2,2024,2024-06-05,2024-05-30,2024-06-05,2024-06-06,2024-06-08,2024-06-08,1,0,,0.06625203466,0.01675674074,0.01249623611,1,temporal_sigmoid
logistic,S2,2024,2024-06-06,2024-05-31,2024-06-06,2024-06-07,2024-06-09,2024-06-09,1,0,,0.004355833265,0.004115386154,0.01249623611,0,temporal_sigmoid
logistic,S2,2024,2024-06-07,2024-06-01,2024-06-07,2024-06-08,2024-06-10,2024-06-10,1,0,,0.009613524004,0.006159243606,0.01249623611,0,temporal_sigmoid
logistic,S2,2024,2024-06-08,2024-06-02,2024-06-08,2024-06-09,2024-06-11,2024-06-11,1,0,,0.03470441721,0.01191735181,0.01249623611,0,temporal_sigmoid
logistic,S2,2024,2024-06-09,2024-06-03,2024-06-09,2024-06-10,2024-06-12,2024-06-12,1,0,,0.002378837652,0.00302588401,0.01249623611,0,temporal_sigmoid
logistic,S2,2024,2024-06-10,2024-06-04,2024-06-10,2024-06-11,2024-06-13,2024-06-13,1,0,,0.00394434177,0.003912834938,0.01249623611,0,temporal_sigmoid
logistic,S2,2024,2024-06-11,2024-06-05,2024-06-11,2024-06-12,2024-06-14,2024-06-14,1,0,,0.2128016216,0.0325517475,0.01249623611,1,temporal_sigmoid
logistic,S2,2024,2024-06-12,2024-06-06,2024-06-12,2024-06-13,2024-06-15,2024-06-15,1,0,,0.01101025429,0.006600945306,0.01249623611,0,temporal_sigmoid
logistic,S2,2024,2024-06-13,2024-06-07,2024-06-13,2024-06-14,2024-06-16,2024-06-16,1,0,,0.0003324820126,0.001113373435,0.01249623611,0,temporal_sigmoid
logistic,S2,2024,2024-06-14,2024-06-08,2024-06-14,2024-06-15,2024-06-17,2024-06-17,1,0,,0.0004042210603,0.001229576798,0.01249623611,0,temporal_sigmoid
logistic,S2,2024,2024-06-15,2024-06-09,2024-06-15,2024-06-16,2024-06-18,2024-06-18,1,0,,0.0005636141632,0.001455814099,0.01249623611,0,temporal_sigmoid
logistic,S2,2024,2024-06-16,2024-06-10,2024-06-16,2024-06-17,2024-06-19,2024-06-19,1,0,,0.007243998739,0.005331632039,0.01249623611,0,temporal_sigmoid
logistic,S2,2024,2024-06-17,2024-06-11,2024-06-17,2024-06-18,2024-06-20,2024-06-20,1,0,,0.00267793376,0.003213609926,0.01249623611,0,temporal_sigmoid
logistic,S2,2024,2024-06-18,2024-06-12,2024-06-18,2024-06-19,2024-06-21,2024-06-21,1,0,,2.078768241e-05,0.0002720710683,0.01249623611,0,temporal_sigmoid
logistic,S2,2024,2024-06-19,2024-06-13,2024-06-19,2024-06-20,2024-06-22,2024-06-22,1,0,,1.036953037e-07,5.815969701e-05,0.01249623611,0,temporal_sigmoid
logistic,S2,2024,2024-06-20,2024-06-14,2024-06-20,2024-06-21,2024-06-23,2024-06-23,1,0,,1.821040299e-06,7.88850268e-05,0.01249623611,0,temporal_sigmoid
logistic,S2,2024,2024-06-21,2024-06-15,2024-06-21,2024-06-22,2024-06-24,2024-06-24,1,0,,1.295065625e-05,0.0002138922072,0.01249623611,0,temporal_sigmoid
logistic,S2,2024,2024-06-22,2024-06-16,2024-06-22,2024-06-23,2024-06-25,2024-06-25,1,0,,5.586557514e-05,0.0004497237914,0.01249623611,0,temporal_sigmoid
logistic,S2,2024,2024-06-23,2024-06-17,2024-06-23,2024-06-24,2024-06-26,2024-06-26,1,0,,0.0002808761791,0.001021921346,0.01249623611,0,temporal_sigmoid
logistic,S2,2024,2024-06-24,2024-06-18,2024-06-24,2024-06-25,2024-06-27,2024-06-27,1,0,,0.001169843468,0.00210976828,0.01249623611,0,temporal_sigmoid
logistic,S2,2024,2024-06-25,2024-06-19,2024-06-25,2024-06-26,2024-06-28,2024-06-28,1,0,,0.001045153011,0.001992354624,0.01249623611,0,temporal_sigmoid
logistic,S2,2024,2024-06-26,2024-06-20,2024-06-26,2024-06-27,2024-06-29,2024-06-29,1,0,,1.104536771e-05,0.0001972677938,0.01249623611,0,temporal_sigmoid
logistic,S2,2024,2024-06-27,2024-06-21,2024-06-27,2024-06-28,2024-06-30,2024-06-30,1,0,,1.787705188e-05,0.0002519859433,0.01249623611,0,temporal_sigmoid
weighted_rf,S2,2014,2014-02-28,2014-02-22,2014-02-28,2014-03-01,2014-03-03,2014-03-03,1,0,,0,0.0005101675167,0.04378074642,0,temporal_sigmoid
weighted_rf,S2,2014,2014-03-01,2014-02-23,2014-03-01,2014-03-02,2014-03-04,2014-03-04,1,0,,0,0.0005101675167,0.04378074642,0,temporal_sigmoid
weighted_rf,S2,2014,2014-03-02,2014-02-24,2014-03-02,2014-03-03,2014-03-05,2014-03-05,1,0,,0,0.0005101675167,0.04378074642,0,temporal_sigmoid
weighted_rf,S2,2014,2014-03-03,2014-02-25,2014-03-03,2014-03-04,2014-03-06,2014-03-06,1,0,,0,0.0005101675167,0.04378074642,0,temporal_sigmoid
weighted_rf,S2,2014,2014-03-04,2014-02-26,2014-03-04,2014-03-05,2014-03-07,2014-03-07,1,0,,0,0.0005101675167,0.04378074642,0,temporal_sigmoid
weighted_rf,S2,2014,2014-03-05,2014-02-27,2014-03-05,2014-03-06,2014-03-08,2014-03-08,1,0,,0,0.0005101675167,0.04378074642,0,temporal_sigmoid
weighted_rf,S2,2014,2014-03-06,2014-02-28,2014-03-06,2014-03-07,2014-03-09,2014-03-09,1,0,,0,0.0005101675167,0.04378074642,0,temporal_sigmoid
weighted_rf,S2,2014,2014-03-07,2014-03-01,2014-03-07,2014-03-08,2014-03-10,2014-03-10,1,0,,0,0.0005101675167,0.04378074642,0,temporal_sigmoid
weighted_rf,S2,2014,2014-03-08,2014-03-02,2014-03-08,2014-03-09,2014-03-11,2014-03-11,1,0,,0,0.0005101675167,0.04378074642,0,temporal_sigmoid
weighted_rf,S2,2014,2014-03-09,2014-03-03,2014-03-09,2014-03-10,2014-03-12,2014-03-12,1,0,,0,0.0005101675167,0.04378074642,0,temporal_sigmoid
weighted_rf,S2,2014,2014-03-10,2014-03-04,2014-03-10,2014-03-11,2014-03-13,2014-03-13,1,0,,0,0.0005101675167,0.04378074642,0,temporal_sigmoid
weighted_rf,S2,2014,2014-03-11,2014-03-05,2014-03-11,2014-03-12,2014-03-14,2014-03-14,1,0,,0,0.0005101675167,0.04378074642,0,temporal_sigmoid
weighted_rf,S2,2014,2014-03-12,2014-03-06,2014-03-12,2014-03-13,2014-03-15,2014-03-15,1,0,,0,0.0005101675167,0.04378074642,0,temporal_sigmoid
weighted_rf,S2,2014,2014-03-13,2014-03-07,2014-03-13,2014-03-14,2014-03-16,2014-03-16,1,0,,0,0.0005101675167,0.04378074642,0,temporal_sigmoid
weighted_rf,S2,2014,2014-03-14,2014-03-08,2014-03-14,2014-03-15,2014-03-17,2014-03-17,1,0,,0,0.0005101675167,0.04378074642,0,temporal_sigmoid
weighted_rf,S2,2014,2014-03-15,2014-03-09,2014-03-15,2014-03-16,2014-03-18,2014-03-18,1,0,,0,0.0005101675167,0.04378074642,0,temporal_sigmoid
weighted_rf,S2,2014,2014-03-16,2014-03-10,2014-03-16,2014-03-17,2014-03-19,2014-03-19,1,0,,0,0.0005101675167,0.04378074642,0,temporal_sigmoid
weighted_rf,S2,2014,2014-03-17,2014-03-11,2014-03-17,2014-03-18,2014-03-20,2014-03-20,1,0,,0,0.0005101675167,0.04378074642,0,temporal_sigmoid
weighted_rf,S2,2014,2014-03-18,2014-03-12,2014-03-18,2014-03-19,2014-03-21,2014-03-21,1,0,,0,0.0005101675167,0.04378074642,0,temporal_sigmoid
weighted_rf,S2,2014,2014-03-19,2014-03-13,2014-03-19,2014-03-20,2014-03-22,2014-03-22,1,0,,0,0.0005101675167,0.04378074642,0,temporal_sigmoid
weighted_rf,S2,2014,2014-03-20,2014-03-14,2014-03-20,2014-03-21,2014-03-23,2014-03-23,1,0,,0,0.0005101675167,0.04378074642,0,temporal_sigmoid
weighted_rf,S2,2014,2014-03-21,2014-03-15,2014-03-21,2014-03-22,2014-03-24,2014-03-24,1,0,,0,0.0005101675167,0.04378074642,0,temporal_sigmoid
weighted_rf,S2,2014,2014-03-22,2014-03-16,2014-03-22,2014-03-23,2014-03-25,2014-03-25,1,0,,0,0.0005101675167,0.04378074642,0,temporal_sigmoid
weighted_rf,S2,2014,2014-03-23,2014-03-17,2014-03-23,2014-03-24,2014-03-26,2014-03-26,1,0,,0,0.0005101675167,0.04378074642,0,temporal_sigmoid
weighted_rf,S2,2014,2014-03-24,2014-03-18,2014-03-24,2014-03-25,2014-03-27,2014-03-27,1,0,,0,0.0005101675167,0.04378074642,0,temporal_sigmoid
weighted_rf,S2,2014,2014-03-25,2014-03-19,2014-03-25,2014-03-26,2014-03-28,2014-03-28,1,0,,0,0.0005101675167,0.04378074642,0,temporal_sigmoid
weighted_rf,S2,2014,2014-03-26,2014-03-20,2014-03-26,2014-03-27,2014-03-29,2014-03-29,1,0,,0,0.0005101675167,0.04378074642,0,temporal_sigmoid
weighted_rf,S2,2014,2014-03-27,2014-03-21,2014-03-27,2014-03-28,2014-03-30,2014-03-30,1,0,,0,0.0005101675167,0.04378074642,0,temporal_sigmoid
weighted_rf,S2,2014,2014-03-28,2014-03-22,2014-03-28,2014-03-29,2014-03-31,2014-03-31,1,0,,0.03636559207,0.0481862467,0.04378074642,1,temporal_sigmoid
weighted_rf,S2,2014,2014-03-29,2014-03-23,2014-03-29,2014-03-30,2014-04-01,2014-04-01,1,0,,0.06183823498,0.06065239731,0.04378074642,1,temporal_sigmoid
weighted_rf,S2,2014,2014-03-30,2014-03-24,2014-03-30,2014-03-31,2014-04-02,2014-04-02,1,0,,0.1214334033,0.08188372039,0.04378074642,1,temporal_sigmoid
weighted_rf,S2,2014,2014-03-31,2014-03-25,2014-03-31,2014-04-01,2014-04-03,2014-04-03,1,0,,0.2080211211,0.1055557222,0.04378074642,1,temporal_sigmoid
weighted_rf,S2,2014,2014-04-01,2014-03-26,2014-04-01,2014-04-02,2014-04-04,2014-04-04,1,0,,0.0763922799,0.0665453296,0.04378074642,1,temporal_sigmoid
weighted_rf,S2,2014,2014-04-02,2014-03-27,2014-04-02,2014-04-03,2014-04-05,2014-04-05,1,0,,0.07471193133,0.06589636903,0.04378074642,1,temporal_sigmoid
weighted_rf,S2,2014,2014-04-03,2014-03-28,2014-04-03,2014-04-04,2014-04-06,2014-04-06,1,0,,0.0526198965,0.05653453762,0.04378074642,1,temporal_sigmoid
weighted_rf,S2,2014,2014-04-04,2014-03-29,2014-04-04,2014-04-05,2014-04-07,2014-04-07,1,0,,0,0.0005101675167,0.04378074642,0,temporal_sigmoid
weighted_rf,S2,2014,2014-04-05,2014-03-30,2014-04-05,2014-04-06,2014-04-08,2014-04-08,1,0,,0,0.0005101675167,0.04378074642,0,temporal_sigmoid
weighted_rf,S2,2014,2014-04-06,2014-03-31,2014-04-06,2014-04-07,2014-04-09,2014-04-09,1,0,,0,0.0005101675167,0.04378074642,0,temporal_sigmoid
weighted_rf,S2,2014,2014-04-07,2014-04-01,2014-04-07,2014-04-08,2014-04-10,2014-04-10,1,0,,0.008090870237,0.0252960608,0.04378074642,0,temporal_sigmoid
weighted_rf,S2,2014,2014-04-08,2014-04-02,2014-04-08,2014-04-09,2014-04-11,2014-04-11,1,0,,0,0.0005101675167,0.04378074642,0,temporal_sigmoid
weighted_rf,S2,2014,2014-04-09,2014-04-03,2014-04-09,2014-04-10,2014-04-12,2014-04-12,1,0,,0,0.0005101675167,0.04378074642,0,temporal_sigmoid
weighted_rf,S2,2014,2014-04-10,2014-04-04,2014-04-10,2014-04-11,2014-04-13,2014-04-13,1,0,,0,0.0005101675167,0.04378074642,0,temporal_sigmoid
weighted_rf,S2,2014,2014-04-11,2014-04-05,2014-04-11,2014-04-12,2014-04-14,2014-04-14,1,0,,0.05278273353,0.05661047484,0.04378074642,1,temporal_sigmoid
weighted_rf,S2,2014,2014-04-12,2014-04-06,2014-04-12,2014-04-13,2014-04-15,2014-04-15,1,0,,0.05540114419,0.05781474142,0.04378074642,1,temporal_sigmoid
weighted_rf,S2,2014,2014-04-13,2014-04-07,2014-04-13,2014-04-14,2014-04-16,2014-04-16,1,0,,0.1239708706,0.0826600984,0.04378074642,1,temporal_sigmoid
weighted_rf,S2,2014,2014-04-14,2014-04-08,2014-04-14,2014-04-15,2014-04-17,2014-04-17,1,0,,0.007521853414,0.02451749417,0.04378074642,0,temporal_sigmoid
weighted_rf,S2,2014,2014-04-15,2014-04-09,2014-04-15,2014-04-16,2014-04-18,2014-04-18,1,0,,0.02811080582,0.04313501964,0.04378074642,0,temporal_sigmoid
weighted_rf,S2,2014,2014-04-16,2014-04-10,2014-04-16,2014-04-17,2014-04-19,2014-04-19,1,0,,0.3306595524,0.1345383963,0.04378074642,1,temporal_sigmoid
weighted_rf,S2,2014,2014-04-17,2014-04-11,2014-04-17,2014-04-18,2014-04-20,2014-04-20,1,0,,0.1118994862,0.07889917988,0.04378074642,1,temporal_sigmoid
weighted_rf,S2,2014,2014-04-18,2014-04-12,2014-04-18,2014-04-19,2014-04-21,2014-04-21,1,0,,0.1656513673,0.09457201722,0.04378074642,1,temporal_sigmoid
weighted_rf,S2,2014,2014-04-19,2014-04-13,2014-04-19,2014-04-20,2014-04-22,2014-04-22,1,1,fixed36_0035,0.1606925119,0.09322413915,0.04378074642,1,temporal_sigmoid
weighted_rf,S2,2014,2014-04-20,2014-04-14,2014-04-20,2014-04-21,2014-04-23,2014-04-23,1,1,fixed36_0035,0.3783386187,0.1454899805,0.04378074642,1,temporal_sigmoid
weighted_rf,S2,2014,2014-04-21,2014-04-15,2014-04-21,2014-04-22,2014-04-24,2014-04-24,1,1,fixed36_0035,0.3468470878,0.1382518849,0.04378074642,1,temporal_sigmoid
weighted_rf,S2,2014,2014-04-22,2014-04-16,2014-04-22,2014-04-23,2014-04-25,2014-04-25,1,1,fixed36_0035,0.3577080673,0.1407443369,0.04378074642,1,temporal_sigmoid
weighted_rf,S2,2014,2014-04-23,2014-04-17,2014-04-23,2014-04-24,2014-04-26,2014-04-26,1,1,fixed36_0035,0.2711719633,0.1207793349,0.04378074642,1,temporal_sigmoid
weighted_rf,S2,2014,2014-04-24,2014-04-18,2014-04-24,2014-04-25,2014-04-27,2014-04-27,1,0,,0.3154161451,0.1310366766,0.04378074642,1,temporal_sigmoid
weighted_rf,S2,2014,2014-04-25,2014-04-19,2014-04-25,2014-04-26,2014-04-28,2014-04-28,1,0,,0.3109686208,0.1300130967,0.04378074642,1,temporal_sigmoid
weighted_rf,S2,2014,2014-04-26,2014-04-20,2014-04-26,2014-04-27,2014-04-29,2014-04-29,1,0,,0.128485771,0.0840243457,0.04378074642,1,temporal_sigmoid
weighted_rf,S2,2014,2014-04-27,2014-04-21,2014-04-27,2014-04-28,2014-04-30,2014-04-30,1,0,,0.09502667815,0.07331122703,0.04378074642,1,temporal_sigmoid
weighted_rf,S2,2014,2014-04-28,2014-04-22,2014-04-28,2014-04-29,2014-05-01,2014-05-01,1,0,,0.1372719222,0.08662090334,0.04378074642,1,temporal_sigmoid
weighted_rf,S2,2014,2014-04-29,2014-04-23,2014-04-29,2014-04-30,2014-05-02,2014-05-02,1,0,,0,0.0005101675167,0.04378074642,0,temporal_sigmoid
weighted_rf,S2,2014,2014-04-30,2014-04-24,2014-04-30,2014-05-01,2014-05-03,2014-05-03,1,0,,0.02210282125,0.03890683002,0.04378074642,0,temporal_sigmoid
weighted_rf,S2,2014,2014-05-01,2014-04-25,2014-05-01,2014-05-02,2014-05-04,2014-05-04,1,0,,0,0.0005101675167,0.04378074642,0,temporal_sigmoid
weighted_rf,S2,2014,2014-05-02,2014-04-26,2014-05-02,2014-05-03,2014-05-05,2014-05-05,1,0,,0,0.0005101675167,0.04378074642,0,temporal_sigmoid
weighted_rf,S2,2014,2014-05-03,2014-04-27,2014-05-03,2014-05-04,2014-05-06,2014-05-06,1,0,,0,0.0005101675167,0.04378074642,0,temporal_sigmoid
weighted_rf,S2,2014,2014-05-04,2014-04-28,2014-05-04,2014-05-05,2014-05-07,2014-05-07,1,0,,0,0.0005101675167,0.04378074642,0,temporal_sigmoid
weighted_rf,S2,2014,2014-05-05,2014-04-29,2014-05-05,2014-05-06,2014-05-08,2014-05-08,1,0,,0,0.0005101675167,0.04378074642,0,temporal_sigmoid
weighted_rf,S2,2014,2014-05-06,2014-04-30,2014-05-06,2014-05-07,2014-05-09,2014-05-09,1,0,,0.006750219877,0.02340554266,0.04378074642,0,temporal_sigmoid
weighted_rf,S2,2014,2014-05-07,2014-05-01,2014-05-07,2014-05-08,2014-05-10,2014-05-10,1,0,,0,0.0005101675167,0.04378074642,0,temporal_sigmoid
weighted_rf,S2,2014,2014-05-08,2014-05-02,2014-05-08,2014-05-09,2014-05-11,2014-05-11,1,0,,0,0.0005101675167,0.04378074642,0,temporal_sigmoid
weighted_rf,S2,2014,2014-05-09,2014-05-03,2014-05-09,2014-05-10,2014-05-12,2014-05-12,1,0,,0.07340748412,0.06538743661,0.04378074642,1,temporal_sigmoid
weighted_rf,S2,2014,2014-05-10,2014-05-04,2014-05-10,2014-05-11,2014-05-13,2014-05-13,1,0,,0.09772325162,0.07423420044,0.04378074642,1,temporal_sigmoid
weighted_rf,S2,2014,2014-05-11,2014-05-05,2014-05-11,2014-05-12,2014-05-14,2014-05-14,1,0,,0,0.0005101675167,0.04378074642,0,temporal_sigmoid
weighted_rf,S2,2014,2014-05-12,2014-05-06,2014-05-12,2014-05-13,2014-05-15,2014-05-15,1,1,fixed36_0036,0,0.0005101675167,0.04378074642,0,temporal_sigmoid
weighted_rf,S2,2014,2014-05-13,2014-05-07,2014-05-13,2014-05-14,2014-05-16,2014-05-16,1,1,fixed36_0036,0.1118690436,0.07888946819,0.04378074642,1,temporal_sigmoid
weighted_rf,S2,2014,2014-05-14,2014-05-08,2014-05-14,2014-05-15,2014-05-17,2014-05-17,1,0,,0.3062457862,0.1289248642,0.04378074642,1,temporal_sigmoid
weighted_rf,S2,2014,2014-05-15,2014-05-09,2014-05-15,2014-05-16,2014-05-18,2014-05-18,1,0,,0.06755929326,0.063046524,0.04378074642,1,temporal_sigmoid
weighted_rf,S2,2014,2014-05-16,2014-05-10,2014-05-16,2014-05-17,2014-05-19,2014-05-19,1,0,,0.3017297057,0.1278828307,0.04378074642,1,temporal_sigmoid
weighted_rf,S2,2014,2014-05-17,2014-05-11,2014-05-17,2014-05-18,2014-05-20,2014-05-20,1,0,,0.1212578718,0.08182974778,0.04378074642,1,temporal_sigmoid
weighted_rf,S2,2014,2014-05-18,2014-05-12,2014-05-18,2014-05-19,2014-05-21,2014-05-21,1,0,,0.1343897185,0.08577720276,0.04378074642,1,temporal_sigmoid
weighted_rf,S2,2014,2014-05-19,2014-05-13,2014-05-19,2014-05-20,2014-05-22,2014-05-22,1,1,fixed36_0037,0.185434185,0.09980726801,0.04378074642,1,temporal_sigmoid
weighted_rf,S2,2014,2014-05-20,2014-05-14,2014-05-20,2014-05-21,2014-05-23,2014-05-23,1,1,fixed36_0037,0.3928471178,0.1488429472,0.04378074642,1,temporal_sigmoid
weighted_rf,S2,2014,2014-05-21,2014-05-15,2014-05-21,2014-05-22,2014-05-24,2014-05-24,1,0,,0.3761211436,0.144978843,0.04378074642,1,temporal_sigmoid
weighted_rf,S2,2014,2014-05-22,2014-05-16,2014-05-22,2014-05-23,2014-05-25,2014-05-25,1,0,,0.3003708558,0.1275689862,0.04378074642,1,temporal_sigmoid
weighted_rf,S2,2014,2014-05-23,2014-05-17,2014-05-23,2014-05-24,2014-05-26,2014-05-26,1,0,,0.4020844428,0.1509872046,0.04378074642,1,temporal_sigmoid
weighted_rf,S2,2014,2014-05-24,2014-05-18,2014-05-24,2014-05-25,2014-05-27,2014-05-27,1,0,,0.0989225758,0.07464076341,0.04378074642,1,temporal_sigmoid
weighted_rf,S2,2014,2014-05-25,2014-05-19,2014-05-25,2014-05-26,2014-05-28,2014-05-28,1,0,,0,0.0005101675167,0.04378074642,0,temporal_sigmoid
weighted_rf,S2,2014,2014-05-26,2014-05-20,2014-05-26,2014-05-27,2014-05-29,2014-05-29,1,0,,0,0.0005101675167,0.04378074642,0,temporal_sigmoid
weighted_rf,S2,2014,2014-05-27,2014-05-21,2014-05-27,2014-05-28,2014-05-30,2014-05-30,1,0,,0,0.0005101675167,0.04378074642,0,temporal_sigmoid
weighted_rf,S2,2014,2014-05-28,2014-05-22,2014-05-28,2014-05-29,2014-05-31,2014-05-31,1,0,,0,0.0005101675167,0.04378074642,0,temporal_sigmoid
weighted_rf,S2,2014,2014-05-29,2014-05-23,2014-05-29,2014-05-30,2014-06-01,2014-06-01,1,0,,0,0.0005101675167,0.04378074642,0,temporal_sigmoid
weighted_rf,S2,2014,2014-05-30,2014-05-24,2014-05-30,2014-05-31,2014-06-02,2014-06-02,1,0,,0,0.0005101675167,0.04378074642,0,temporal_sigmoid
weighted_rf,S2,2014,2014-05-31,2014-05-25,2014-05-31,2014-06-01,2014-06-03,2014-06-03,1,0,,0,0.0005101675167,0.04378074642,0,temporal_sigmoid
weighted_rf,S2,2014,2014-06-01,2014-05-26,2014-06-01,2014-06-02,2014-06-04,2014-06-04,1,0,,0,0.0005101675167,0.04378074642,0,temporal_sigmoid
weighted_rf,S2,2014,2014-06-02,2014-05-27,2014-06-02,2014-06-03,2014-06-05,2014-06-05,1,0,,0,0.0005101675167,0.04378074642,0,temporal_sigmoid
weighted_rf,S2,2014,2014-06-03,2014-05-28,2014-06-03,2014-06-04,2014-06-06,2014-06-06,1,0,,0,0.0005101675167,0.04378074642,0,temporal_sigmoid
weighted_rf,S2,2014,2014-06-04,2014-05-29,2014-06-04,2014-06-05,2014-06-07,2014-06-07,1,0,,0,0.0005101675167,0.04378074642,0,temporal_sigmoid
weighted_rf,S2,2014,2014-06-05,2014-05-30,2014-06-05,2014-06-06,2014-06-08,2014-06-08,1,0,,0,0.0005101675167,0.04378074642,0,temporal_sigmoid
weighted_rf,S2,2014,2014-06-06,2014-05-31,2014-06-06,2014-06-07,2014-06-09,2014-06-09,1,0,,0,0.0005101675167,0.04378074642,0,temporal_sigmoid
weighted_rf,S2,2014,2014-06-07,2014-06-01,2014-06-07,2014-06-08,2014-06-10,2014-06-10,1,0,,0,0.0005101675167,0.04378074642,0,temporal_sigmoid
weighted_rf,S2,2014,2014-06-08,2014-06-02,2014-06-08,2014-06-09,2014-06-11,2014-06-11,1,0,,0.02998563383,0.04434821253,0.04378074642,1,temporal_sigmoid
weighted_rf,S2,2014,2014-06-09,2014-06-03,2014-06-09,2014-06-10,2014-06-12,2014-06-12,1,0,,0,0.0005101675167,0.04378074642,0,temporal_sigmoid
weighted_rf,S2,2014,2014-06-10,2014-06-04,2014-06-10,2014-06-11,2014-06-13,2014-06-13,1,0,,0,0.0005101675167,0.04378074642,0,temporal_sigmoid
weighted_rf,S2,2014,2014-06-11,2014-06-05,2014-06-11,2014-06-12,2014-06-14,2014-06-14,1,0,,0,0.0005101675167,0.04378074642,0,temporal_sigmoid
weighted_rf,S2,2014,2014-06-12,2014-06-06,2014-06-12,2014-06-13,2014-06-15,2014-06-15,1,0,,0.01421480849,0.03220313788,0.04378074642,0,temporal_sigmoid
weighted_rf,S2,2014,2014-06-13,2014-06-07,2014-06-13,2014-06-14,2014-06-16,2014-06-16,1,0,,0.006740437158,0.02339098831,0.04378074642,0,temporal_sigmoid
weighted_rf,S2,2014,2014-06-14,2014-06-08,2014-06-14,2014-06-15,2014-06-17,2014-06-17,1,0,,0,0.0005101675167,0.04378074642,0,temporal_sigmoid
weighted_rf,S2,2014,2014-06-15,2014-06-09,2014-06-15,2014-06-16,2014-06-18,2014-06-18,1,0,,0,0.0005101675167,0.04378074642,0,temporal_sigmoid
weighted_rf,S2,2014,2014-06-16,2014-06-10,2014-06-16,2014-06-17,2014-06-19,2014-06-19,1,0,,0.01506931834,0.03301836412,0.04378074642,0,temporal_sigmoid
weighted_rf,S2,2014,2014-06-17,2014-06-11,2014-06-17,2014-06-18,2014-06-20,2014-06-20,1,0,,0,0.0005101675167,0.04378074642,0,temporal_sigmoid
weighted_rf,S2,2014,2014-06-18,2014-06-12,2014-06-18,2014-06-19,2014-06-21,2014-06-21,1,0,,0,0.0005101675167,0.04378074642,0,temporal_sigmoid
weighted_rf,S2,2014,2014-06-19,2014-06-13,2014-06-19,2014-06-20,2014-06-22,2014-06-22,1,0,,0,0.0005101675167,0.04378074642,0,temporal_sigmoid
weighted_rf,S2,2014,2014-06-20,2014-06-14,2014-06-20,2014-06-21,2014-06-23,2014-06-23,1,0,,0,0.0005101675167,0.04378074642,0,temporal_sigmoid
weighted_rf,S2,2014,2014-06-21,2014-06-15,2014-06-21,2014-06-22,2014-06-24,2014-06-24,1,0,,0,0.0005101675167,0.04378074642,0,temporal_sigmoid
weighted_rf,S2,2014,2014-06-22,2014-06-16,2014-06-22,2014-06-23,2014-06-25,2014-06-25,1,0,,0,0.0005101675167,0.04378074642,0,temporal_sigmoid
weighted_rf,S2,2014,2014-06-23,2014-06-17,2014-06-23,2014-06-24,2014-06-26,2014-06-26,1,0,,0,0.0005101675167,0.04378074642,0,temporal_sigmoid
weighted_rf,S2,2014,2014-06-24,2014-06-18,2014-06-24,2014-06-25,2014-06-27,2014-06-27,1,0,,0,0.0005101675167,0.04378074642,0,temporal_sigmoid
weighted_rf,S2,2014,2014-06-25,2014-06-19,2014-06-25,2014-06-26,2014-06-28,2014-06-28,1,0,,0,0.0005101675167,0.04378074642,0,temporal_sigmoid
weighted_rf,S2,2014,2014-06-26,2014-06-20,2014-06-26,2014-06-27,2014-06-29,2014-06-29,1,0,,0,0.0005101675167,0.04378074642,0,temporal_sigmoid
weighted_rf,S2,2014,2014-06-27,2014-06-21,2014-06-27,2014-06-28,2014-06-30,2014-06-30,1,0,,0,0.0005101675167,0.04378074642,0,temporal_sigmoid
weighted_rf,S2,2015,2015-02-28,2015-02-22,2015-02-28,2015-03-01,2015-03-03,2015-03-03,1,0,,0.01983854891,0.006647051111,0.03803514558,0,temporal_sigmoid
weighted_rf,S2,2015,2015-03-01,2015-02-23,2015-03-01,2015-03-02,2015-03-04,2015-03-04,1,0,,0.01612722061,0.005653157431,0.03803514558,0,temporal_sigmoid
weighted_rf,S2,2015,2015-03-02,2015-02-24,2015-03-02,2015-03-03,2015-03-05,2015-03-05,1,0,,0.02120268758,0.00700256379,0.03803514558,0,temporal_sigmoid
weighted_rf,S2,2015,2015-03-03,2015-02-25,2015-03-03,2015-03-04,2015-03-06,2015-03-06,1,0,,0.01489310198,0.005312559254,0.03803514558,0,temporal_sigmoid
weighted_rf,S2,2015,2015-03-04,2015-02-26,2015-03-04,2015-03-05,2015-03-07,2015-03-07,1,0,,0.001503344082,0.0008977411339,0.03803514558,0,temporal_sigmoid
weighted_rf,S2,2015,2015-03-05,2015-02-27,2015-03-05,2015-03-06,2015-03-08,2015-03-08,1,0,,0.0003687938272,0.0003030215785,0.03803514558,0,temporal_sigmoid
weighted_rf,S2,2015,2015-03-06,2015-02-28,2015-03-06,2015-03-07,2015-03-09,2015-03-09,1,0,,0.006557229603,0.002807277557,0.03803514558,0,temporal_sigmoid
weighted_rf,S2,2015,2015-03-07,2015-03-01,2015-03-07,2015-03-08,2015-03-10,2015-03-10,1,0,,0.01246632051,0.004624770751,0.03803514558,0,temporal_sigmoid
weighted_rf,S2,2015,2015-03-08,2015-03-02,2015-03-08,2015-03-09,2015-03-11,2015-03-11,1,0,,0.01246632051,0.004624770751,0.03803514558,0,temporal_sigmoid
weighted_rf,S2,2015,2015-03-09,2015-03-03,2015-03-09,2015-03-10,2015-03-12,2015-03-12,1,0,,0.02068765099,0.006868894502,0.03803514558,0,temporal_sigmoid
weighted_rf,S2,2015,2015-03-10,2015-03-04,2015-03-10,2015-03-11,2015-03-13,2015-03-13,1,0,,0.03010991868,0.009226703527,0.03803514558,0,temporal_sigmoid
weighted_rf,S2,2015,2015-03-11,2015-03-05,2015-03-11,2015-03-12,2015-03-14,2015-03-14,1,0,,0.02682133349,0.008422697216,0.03803514558,0,temporal_sigmoid
weighted_rf,S2,2015,2015-03-12,2015-03-06,2015-03-12,2015-03-13,2015-03-15,2015-03-15,1,0,,0.02682133349,0.008422697216,0.03803514558,0,temporal_sigmoid
weighted_rf,S2,2015,2015-03-13,2015-03-07,2015-03-13,2015-03-14,2015-03-16,2015-03-16,1,0,,0.04462599053,0.01260835955,0.03803514558,0,temporal_sigmoid
weighted_rf,S2,2015,2015-03-14,2015-03-08,2015-03-14,2015-03-15,2015-03-17,2015-03-17,1,0,,0.03130427904,0.009514540997,0.03803514558,0,temporal_sigmoid
weighted_rf,S2,2015,2015-03-15,2015-03-09,2015-03-15,2015-03-16,2015-03-18,2015-03-18,1,0,,0.04794446589,0.01335268435,0.03803514558,0,temporal_sigmoid
weighted_rf,S2,2015,2015-03-16,2015-03-10,2015-03-16,2015-03-17,2015-03-19,2015-03-19,1,0,,0.02349451765,0.00758979584,0.03803514558,0,temporal_sigmoid
weighted_rf,S2,2015,2015-03-17,2015-03-11,2015-03-17,2015-03-18,2015-03-20,2015-03-20,1,0,,0.03262899598,0.009831427325,0.03803514558,0,temporal_sigmoid
weighted_rf,S2,2015,2015-03-18,2015-03-12,2015-03-18,2015-03-19,2015-03-21,2015-03-21,1,0,,0.009769696854,0.003825854503,0.03803514558,0,temporal_sigmoid
weighted_rf,S2,2015,2015-03-19,2015-03-13,2015-03-19,2015-03-20,2015-03-22,2015-03-22,1,0,,0.01904166609,0.00643710094,0.03803514558,0,temporal_sigmoid
weighted_rf,S2,2015,2015-03-20,2015-03-14,2015-03-20,2015-03-21,2015-03-23,2015-03-23,1,0,,0.03289167805,0.009893980171,0.03803514558,0,temporal_sigmoid
weighted_rf,S2,2015,2015-03-21,2015-03-15,2015-03-21,2015-03-22,2015-03-24,2015-03-24,1,0,,0.02631633247,0.008297615317,0.03803514558,0,temporal_sigmoid
weighted_rf,S2,2015,2015-03-22,2015-03-16,2015-03-22,2015-03-23,2015-03-25,2015-03-25,1,0,,0.03507881534,0.01041135945,0.03803514558,0,temporal_sigmoid
weighted_rf,S2,2015,2015-03-23,2015-03-17,2015-03-23,2015-03-24,2015-03-26,2015-03-26,1,0,,0.08937293512,0.02216113627,0.03803514558,0,temporal_sigmoid
weighted_rf,S2,2015,2015-03-24,2015-03-18,2015-03-24,2015-03-25,2015-03-27,2015-03-27,1,0,,0.1189280704,0.02817470913,0.03803514558,0,temporal_sigmoid
weighted_rf,S2,2015,2015-03-25,2015-03-19,2015-03-25,2015-03-26,2015-03-28,2015-03-28,1,0,,0.1738154455,0.03924734903,0.03803514558,1,temporal_sigmoid
weighted_rf,S2,2015,2015-03-26,2015-03-20,2015-03-26,2015-03-27,2015-03-29,2015-03-29,1,0,,0.1000118829,0.0243393953,0.03803514558,0,temporal_sigmoid
weighted_rf,S2,2015,2015-03-27,2015-03-21,2015-03-27,2015-03-28,2015-03-30,2015-03-30,1,0,,0.04935382528,0.01366626828,0.03803514558,0,temporal_sigmoid
weighted_rf,S2,2015,2015-03-28,2015-03-22,2015-03-28,2015-03-29,2015-03-31,2015-03-31,1,0,,0.06842335828,0.01779349323,0.03803514558,0,temporal_sigmoid
weighted_rf,S2,2015,2015-03-29,2015-03-23,2015-03-29,2015-03-30,2015-04-01,2015-04-01,1,0,,0.04922522495,0.01363771393,0.03803514558,0,temporal_sigmoid
weighted_rf,S2,2015,2015-03-30,2015-03-24,2015-03-30,2015-03-31,2015-04-02,2015-04-02,1,0,,0.07916700832,0.02004922217,0.03803514558,0,temporal_sigmoid
weighted_rf,S2,2015,2015-03-31,2015-03-25,2015-03-31,2015-04-01,2015-04-03,2015-04-03,1,0,,0.01418196985,0.005113636184,0.03803514558,0,temporal_sigmoid
weighted_rf,S2,2015,2015-04-01,2015-03-26,2015-04-01,2015-04-02,2015-04-04,2015-04-04,1,0,,0,3.148799799e-06,0.03803514558,0,temporal_sigmoid
weighted_rf,S2,2015,2015-04-02,2015-03-27,2015-04-02,2015-04-03,2015-04-05,2015-04-05,1,0,,0.00472972973,0.00217926093,0.03803514558,0,temporal_sigmoid
weighted_rf,S2,2015,2015-04-03,2015-03-28,2015-04-03,2015-04-04,2015-04-06,2015-04-06,1,0,,0.00472972973,0.00217926093,0.03803514558,0,temporal_sigmoid
weighted_rf,S2,2015,2015-04-04,2015-03-29,2015-04-04,2015-04-05,2015-04-07,2015-04-07,1,0,,0.01089456489,0.004164213223,0.03803514558,0,temporal_sigmoid
weighted_rf,S2,2015,2015-04-05,2015-03-30,2015-04-05,2015-04-06,2015-04-08,2015-04-08,1,0,,0.00472972973,0.00217926093,0.03803514558,0,temporal_sigmoid
weighted_rf,S2,2015,2015-04-06,2015-03-31,2015-04-06,2015-04-07,2015-04-09,2015-04-09,1,0,,0.00472972973,0.00217926093,0.03803514558,0,temporal_sigmoid
weighted_rf,S2,2015,2015-04-07,2015-04-01,2015-04-07,2015-04-08,2015-04-10,2015-04-10,1,0,,0.00472972973,0.00217926093,0.03803514558,0,temporal_sigmoid
weighted_rf,S2,2015,2015-04-08,2015-04-02,2015-04-08,2015-04-09,2015-04-11,2015-04-11,1,0,,0.00472972973,0.00217926093,0.03803514558,0,temporal_sigmoid
weighted_rf,S2,2015,2015-04-09,2015-04-03,2015-04-09,2015-04-10,2015-04-12,2015-04-12,1,0,,0.02988824878,0.009173049513,0.03803514558,0,temporal_sigmoid
weighted_rf,S2,2015,2015-04-10,2015-04-04,2015-04-10,2015-04-11,2015-04-13,2015-04-13,1,0,,0.03464055657,0.01030816587,0.03803514558,0,temporal_sigmoid
weighted_rf,S2,2015,2015-04-11,2015-04-05,2015-04-11,2015-04-12,2015-04-14,2015-04-14,1,0,,0.01927152507,0.00649784011,0.03803514558,0,temporal_sigmoid
weighted_rf,S2,2015,2015-04-12,2015-04-06,2015-04-12,2015-04-13,2015-04-15,2015-04-15,1,0,,0.01691825507,0.005868617829,0.03803514558,0,temporal_sigmoid
weighted_rf,S2,2015,2015-04-13,2015-04-07,2015-04-13,2015-04-14,2015-04-16,2015-04-16,1,0,,0.01234649669,0.004590114521,0.03803514558,0,temporal_sigmoid
weighted_rf,S2,2015,2015-04-14,2015-04-08,2015-04-14,2015-04-15,2015-04-17,2015-04-17,1,0,,0.07635614837,0.0194627025,0.03803514558,0,temporal_sigmoid
weighted_rf,S2,2015,2015-04-15,2015-04-09,2015-04-15,2015-04-16,2015-04-18,2015-04-18,1,0,,0.1388597708,0.0321910831,0.03803514558,0,temporal_sigmoid
weighted_rf,S2,2015,2015-04-16,2015-04-10,2015-04-16,2015-04-17,2015-04-19,2015-04-19,1,0,,0.1588994294,0.03622924026,0.03803514558,0,temporal_sigmoid
weighted_rf,S2,2015,2015-04-17,2015-04-11,2015-04-17,2015-04-18,2015-04-20,2015-04-20,1,0,,0.09293325952,0.02289236061,0.03803514558,0,temporal_sigmoid
weighted_rf,S2,2015,2015-04-18,2015-04-12,2015-04-18,2015-04-19,2015-04-21,2015-04-21,1,0,,0.05904522676,0.01578768275,0.03803514558,0,temporal_sigmoid
weighted_rf,S2,2015,2015-04-19,2015-04-13,2015-04-19,2015-04-20,2015-04-22,2015-04-22,1,0,,0.01948383649,0.006553812049,0.03803514558,0,temporal_sigmoid
weighted_rf,S2,2015,2015-04-20,2015-04-14,2015-04-20,2015-04-21,2015-04-23,2015-04-23,1,0,,0.01043674536,0.004027454123,0.03803514558,0,temporal_sigmoid
weighted_rf,S2,2015,2015-04-21,2015-04-15,2015-04-21,2015-04-22,2015-04-24,2015-04-24,1,0,,0.00472972973,0.00217926093,0.03803514558,0,temporal_sigmoid
weighted_rf,S2,2015,2015-04-22,2015-04-16,2015-04-22,2015-04-23,2015-04-25,2015-04-25,1,0,,0.01661825486,0.005787154589,0.03803514558,0,temporal_sigmoid
weighted_rf,S2,2015,2015-04-23,2015-04-17,2015-04-23,2015-04-24,2015-04-26,2015-04-26,1,0,,0.01089456489,0.004164213223,0.03803514558,0,temporal_sigmoid
weighted_rf,S2,2015,2015-04-24,2015-04-18,2015-04-24,2015-04-25,2015-04-27,2015-04-27,1,0,,0.00472972973,0.00217926093,0.03803514558,0,temporal_sigmoid
weighted_rf,S2,2015,2015-04-25,2015-04-19,2015-04-25,2015-04-26,2015-04-28,2015-04-28,1,0,,0.00472972973,0.00217926093,0.03803514558,0,temporal_sigmoid
weighted_rf,S2,2015,2015-04-26,2015-04-20,2015-04-26,2015-04-27,2015-04-29,2015-04-29,1,0,,0.00472972973,0.00217926093,0.03803514558,0,temporal_sigmoid
weighted_rf,S2,2015,2015-04-27,2015-04-21,2015-04-27,2015-04-28,2015-04-30,2015-04-30,1,0,,0.01682725642,0.005843939406,0.03803514558,0,temporal_sigmoid
weighted_rf,S2,2015,2015-04-28,2015-04-22,2015-04-28,2015-04-29,2015-05-01,2015-05-01,1,0,,0.00472972973,0.00217926093,0.03803514558,0,temporal_sigmoid
weighted_rf,S2,2015,2015-04-29,2015-04-23,2015-04-29,2015-04-30,2015-05-02,2015-05-02,1,0,,0.01526559009,0.005415958583,0.03803514558,0,temporal_sigmoid
weighted_rf,S2,2015,2015-04-30,2015-04-24,2015-04-30,2015-05-01,2015-05-03,2015-05-03,1,0,,0.01526559009,0.005415958583,0.03803514558,0,temporal_sigmoid
weighted_rf,S2,2015,2015-05-01,2015-04-25,2015-05-01,2015-05-02,2015-05-04,2015-05-04,1,0,,0.01089456489,0.004164213223,0.03803514558,0,temporal_sigmoid
weighted_rf,S2,2015,2015-05-02,2015-04-26,2015-05-02,2015-05-03,2015-05-05,2015-05-05,1,0,,0.01425656844,0.005134599903,0.03803514558,0,temporal_sigmoid
weighted_rf,S2,2015,2015-05-03,2015-04-27,2015-05-03,2015-05-04,2015-05-06,2015-05-06,1,0,,0.02779879342,0.008663529836,0.03803514558,0,temporal_sigmoid
weighted_rf,S2,2015,2015-05-04,2015-04-28,2015-05-04,2015-05-05,2015-05-07,2015-05-07,1,0,,0.01660983845,0.00578486481,0.03803514558,0,temporal_sigmoid
weighted_rf,S2,2015,2015-05-05,2015-04-29,2015-05-05,2015-05-06,2015-05-08,2015-05-08,1,0,,0.05533076747,0.01498125079,0.03803514558,0,temporal_sigmoid
weighted_rf,S2,2015,2015-05-06,2015-04-30,2015-05-06,2015-05-07,2015-05-09,2015-05-09,1,0,,0.05800112938,0.01556176397,0.03803514558,0,temporal_sigmoid
weighted_rf,S2,2015,2015-05-07,2015-05-01,2015-05-07,2015-05-08,2015-05-10,2015-05-10,1,0,,0.02203917573,0.007218289376,0.03803514558,0,temporal_sigmoid
weighted_rf,S2,2015,2015-05-08,2015-05-02,2015-05-08,2015-05-09,2015-05-11,2015-05-11,1,0,,0.03145609319,0.009550980243,0.03803514558,0,temporal_sigmoid
weighted_rf,S2,2015,2015-05-09,2015-05-03,2015-05-09,2015-05-10,2015-05-12,2015-05-12,1,0,,0.03400580974,0.0101582879,0.03803514558,0,temporal_sigmoid
weighted_rf,S2,2015,2015-05-10,2015-05-04,2015-05-10,2015-05-11,2015-05-13,2015-05-13,1,0,,0.02094722197,0.006936344189,0.03803514558,0,temporal_sigmoid
weighted_rf,S2,2015,2015-05-11,2015-05-05,2015-05-11,2015-05-12,2015-05-14,2015-05-14,1,0,,0.01301426201,0.004782363326,0.03803514558,0,temporal_sigmoid
weighted_rf,S2,2015,2015-05-12,2015-05-06,2015-05-12,2015-05-13,2015-05-15,2015-05-15,1,0,,0.0133257649,0.004871326474,0.03803514558,0,temporal_sigmoid
weighted_rf,S2,2015,2015-05-13,2015-05-07,2015-05-13,2015-05-14,2015-05-16,2015-05-16,1,0,,0.02492610648,0.007950844449,0.03803514558,0,temporal_sigmoid
weighted_rf,S2,2015,2015-05-14,2015-05-08,2015-05-14,2015-05-15,2015-05-17,2015-05-17,1,0,,0.06955684847,0.01803338482,0.03803514558,0,temporal_sigmoid
weighted_rf,S2,2015,2015-05-15,2015-05-09,2015-05-15,2015-05-16,2015-05-18,2015-05-18,1,0,,0.02510146718,0.00799478821,0.03803514558,0,temporal_sigmoid
weighted_rf,S2,2015,2015-05-16,2015-05-10,2015-05-16,2015-05-17,2015-05-19,2015-05-19,1,0,,0.02439244574,0.007816741187,0.03803514558,0,temporal_sigmoid
weighted_rf,S2,2015,2015-05-17,2015-05-11,2015-05-17,2015-05-18,2015-05-20,2015-05-20,1,0,,0.02391708482,0.007696804816,0.03803514558,0,temporal_sigmoid
weighted_rf,S2,2015,2015-05-18,2015-05-12,2015-05-18,2015-05-19,2015-05-21,2015-05-21,1,0,,0.02391708482,0.007696804816,0.03803514558,0,temporal_sigmoid
weighted_rf,S2,2015,2015-05-19,2015-05-13,2015-05-19,2015-05-20,2015-05-22,2015-05-22,1,0,,0.06086651589,0.01618042241,0.03803514558,0,temporal_sigmoid
weighted_rf,S2,2015,2015-05-20,2015-05-14,2015-05-20,2015-05-21,2015-05-23,2015-05-23,1,0,,0.07199816021,0.01854842971,0.03803514558,0,temporal_sigmoid
weighted_rf,S2,2015,2015-05-21,2015-05-15,2015-05-21,2015-05-22,2015-05-24,2015-05-24,1,0,,0.04959592708,0.01371999269,0.03803514558,0,temporal_sigmoid
weighted_rf,S2,2015,2015-05-22,2015-05-16,2015-05-22,2015-05-23,2015-05-25,2015-05-25,1,0,,0.1036569471,0.0250815346,0.03803514558,0,temporal_sigmoid
weighted_rf,S2,2015,2015-05-23,2015-05-17,2015-05-23,2015-05-24,2015-05-26,2015-05-26,1,0,,0.1672262496,0.03791219069,0.03803514558,0,temporal_sigmoid
weighted_rf,S2,2015,2015-05-24,2015-05-18,2015-05-24,2015-05-25,2015-05-27,2015-05-27,1,0,,0.1237374072,0.02914509722,0.03803514558,0,temporal_sigmoid
weighted_rf,S2,2015,2015-05-25,2015-05-19,2015-05-25,2015-05-26,2015-05-28,2015-05-28,1,0,,0.07402625554,0.01897469192,0.03803514558,0,temporal_sigmoid
weighted_rf,S2,2015,2015-05-26,2015-05-20,2015-05-26,2015-05-27,2015-05-29,2015-05-29,1,0,,0.01773430896,0.006088728791,0.03803514558,0,temporal_sigmoid
weighted_rf,S2,2015,2015-05-27,2015-05-21,2015-05-27,2015-05-28,2015-05-30,2015-05-30,1,0,,0.02486998194,0.007936767475,0.03803514558,0,temporal_sigmoid
weighted_rf,S2,2015,2015-05-28,2015-05-22,2015-05-28,2015-05-29,2015-05-31,2015-05-31,1,0,,0.02990731624,0.009177667612,0.03803514558,0,temporal_sigmoid
weighted_rf,S2,2015,2015-05-29,2015-05-23,2015-05-29,2015-05-30,2015-06-01,2015-06-01,1,0,,0.03200684551,0.009682903457,0.03803514558,0,temporal_sigmoid
weighted_rf,S2,2015,2015-05-30,2015-05-24,2015-05-30,2015-05-31,2015-06-02,2015-06-02,1,0,,0.01657898041,0.005776467489,0.03803514558,0,temporal_sigmoid
weighted_rf,S2,2015,2015-05-31,2015-05-25,2015-05-31,2015-06-01,2015-06-03,2015-06-03,1,0,,0.03048783351,0.009318006035,0.03803514558,0,temporal_sigmoid
weighted_rf,S2,2015,2015-06-01,2015-05-26,2015-06-01,2015-06-02,2015-06-04,2015-06-04,1,0,,0.06205753969,0.0164363651,0.03803514558,0,temporal_sigmoid
weighted_rf,S2,2015,2015-06-02,2015-05-27,2015-06-02,2015-06-03,2015-06-05,2015-06-05,1,0,,0.0255120243,0.008097437809,0.03803514558,0,temporal_sigmoid
weighted_rf,S2,2015,2015-06-03,2015-05-28,2015-06-03,2015-06-04,2015-06-06,2015-06-06,1,0,,0.1604397502,0.03654024646,0.03803514558,0,temporal_sigmoid
weighted_rf,S2,2015,2015-06-04,2015-05-29,2015-06-04,2015-06-05,2015-06-07,2015-06-07,1,0,,0.2058023108,0.0457908795,0.03803514558,1,temporal_sigmoid
weighted_rf,S2,2015,2015-06-05,2015-05-30,2015-06-05,2015-06-06,2015-06-08,2015-06-08,1,0,,0.1822390389,0.04095961343,0.03803514558,1,temporal_sigmoid
weighted_rf,S2,2015,2015-06-06,2015-05-31,2015-06-06,2015-06-07,2015-06-09,2015-06-09,1,0,,0.04197142828,0.01200638206,0.03803514558,0,temporal_sigmoid
weighted_rf,S2,2015,2015-06-07,2015-06-01,2015-06-07,2015-06-08,2015-06-10,2015-06-10,1,0,,0.2068437067,0.04600607052,0.03803514558,1,temporal_sigmoid
weighted_rf,S2,2015,2015-06-08,2015-06-02,2015-06-08,2015-06-09,2015-06-11,2015-06-11,1,0,,0.1596173749,0.03637418476,0.03803514558,0,temporal_sigmoid
weighted_rf,S2,2015,2015-06-09,2015-06-03,2015-06-09,2015-06-10,2015-06-12,2015-06-12,1,0,,0.2091672633,0.04648677414,0.03803514558,1,temporal_sigmoid
weighted_rf,S2,2015,2015-06-10,2015-06-04,2015-06-10,2015-06-11,2015-06-13,2015-06-13,1,0,,0.02346380642,0.007582004,0.03803514558,0,temporal_sigmoid
weighted_rf,S2,2015,2015-06-11,2015-06-05,2015-06-11,2015-06-12,2015-06-14,2015-06-14,1,0,,0.00472972973,0.00217926093,0.03803514558,0,temporal_sigmoid
weighted_rf,S2,2015,2015-06-12,2015-06-06,2015-06-12,2015-06-13,2015-06-15,2015-06-15,1,0,,0.00472972973,0.00217926093,0.03803514558,0,temporal_sigmoid
weighted_rf,S2,2015,2015-06-13,2015-06-07,2015-06-13,2015-06-14,2015-06-16,2015-06-16,1,0,,0.00472972973,0.00217926093,0.03803514558,0,temporal_sigmoid
weighted_rf,S2,2015,2015-06-14,2015-06-08,2015-06-14,2015-06-15,2015-06-17,2015-06-17,1,0,,0.00472972973,0.00217926093,0.03803514558,0,temporal_sigmoid
weighted_rf,S2,2015,2015-06-15,2015-06-09,2015-06-15,2015-06-16,2015-06-18,2015-06-18,1,0,,0.00472972973,0.00217926093,0.03803514558,0,temporal_sigmoid
weighted_rf,S2,2015,2015-06-16,2015-06-10,2015-06-16,2015-06-17,2015-06-19,2015-06-19,1,0,,0.01089456489,0.004164213223,0.03803514558,0,temporal_sigmoid
weighted_rf,S2,2015,2015-06-17,2015-06-11,2015-06-17,2015-06-18,2015-06-20,2015-06-20,1,0,,0.01089456489,0.004164213223,0.03803514558,0,temporal_sigmoid
weighted_rf,S2,2015,2015-06-18,2015-06-12,2015-06-18,2015-06-19,2015-06-21,2015-06-21,1,0,,0.01089456489,0.004164213223,0.03803514558,0,temporal_sigmoid
weighted_rf,S2,2015,2015-06-19,2015-06-13,2015-06-19,2015-06-20,2015-06-22,2015-06-22,1,0,,0.02432793224,0.007800491053,0.03803514558,0,temporal_sigmoid
weighted_rf,S2,2015,2015-06-20,2015-06-14,2015-06-20,2015-06-21,2015-06-23,2015-06-23,1,0,,0.01519474656,0.005396333951,0.03803514558,0,temporal_sigmoid
weighted_rf,S2,2015,2015-06-21,2015-06-15,2015-06-21,2015-06-22,2015-06-24,2015-06-24,1,0,,0.01207894725,0.004512472747,0.03803514558,0,temporal_sigmoid
weighted_rf,S2,2015,2015-06-22,2015-06-16,2015-06-22,2015-06-23,2015-06-25,2015-06-25,1,0,,0.00472972973,0.00217926093,0.03803514558,0,temporal_sigmoid
weighted_rf,S2,2015,2015-06-23,2015-06-17,2015-06-23,2015-06-24,2015-06-26,2015-06-26,1,0,,0.00472972973,0.00217926093,0.03803514558,0,temporal_sigmoid
weighted_rf,S2,2015,2015-06-24,2015-06-18,2015-06-24,2015-06-25,2015-06-27,2015-06-27,1,0,,0.00472972973,0.00217926093,0.03803514558,0,temporal_sigmoid
weighted_rf,S2,2015,2015-06-25,2015-06-19,2015-06-25,2015-06-26,2015-06-28,2015-06-28,1,0,,0.00472972973,0.00217926093,0.03803514558,0,temporal_sigmoid
weighted_rf,S2,2015,2015-06-26,2015-06-20,2015-06-26,2015-06-27,2015-06-29,2015-06-29,1,0,,0.00472972973,0.00217926093,0.03803514558,0,temporal_sigmoid
weighted_rf,S2,2015,2015-06-27,2015-06-21,2015-06-27,2015-06-28,2015-06-30,2015-06-30,1,0,,0.00472972973,0.00217926093,0.03803514558,0,temporal_sigmoid
weighted_rf,S2,2016,2016-02-29,2016-02-23,2016-02-29,2016-03-01,2016-03-03,2016-03-03,1,0,,0,9.428531102e-06,0.0274105336,0,temporal_sigmoid
weighted_rf,S2,2016,2016-03-01,2016-02-24,2016-03-01,2016-03-02,2016-03-04,2016-03-04,1,0,,0.007320872274,0.008179646974,0.0274105336,0,temporal_sigmoid
weighted_rf,S2,2016,2016-03-02,2016-02-25,2016-03-02,2016-03-03,2016-03-05,2016-03-05,1,0,,0.0221702671,0.01900890781,0.0274105336,0,temporal_sigmoid
weighted_rf,S2,2016,2016-03-03,2016-02-26,2016-03-03,2016-03-04,2016-03-06,2016-03-06,1,0,,0.01484939483,0.01400583611,0.0274105336,0,temporal_sigmoid
weighted_rf,S2,2016,2016-03-04,2016-02-27,2016-03-04,2016-03-05,2016-03-07,2016-03-07,1,0,,0,9.428531102e-06,0.0274105336,0,temporal_sigmoid
weighted_rf,S2,2016,2016-03-05,2016-02-28,2016-03-05,2016-03-06,2016-03-08,2016-03-08,1,0,,0.01448753894,0.01374526763,0.0274105336,0,temporal_sigmoid
weighted_rf,S2,2016,2016-03-06,2016-02-29,2016-03-06,2016-03-07,2016-03-09,2016-03-09,1,0,,0.006611676431,0.007570202167,0.0274105336,0,temporal_sigmoid
weighted_rf,S2,2016,2016-03-07,2016-03-01,2016-03-07,2016-03-08,2016-03-10,2016-03-10,1,0,,0.007320872274,0.008179646974,0.0274105336,0,temporal_sigmoid
weighted_rf,S2,2016,2016-03-08,2016-03-02,2016-03-08,2016-03-09,2016-03-11,2016-03-11,1,0,,0,9.428531102e-06,0.0274105336,0,temporal_sigmoid
weighted_rf,S2,2016,2016-03-09,2016-03-03,2016-03-09,2016-03-10,2016-03-12,2016-03-12,1,0,,0,9.428531102e-06,0.0274105336,0,temporal_sigmoid
weighted_rf,S2,2016,2016-03-10,2016-03-04,2016-03-10,2016-03-11,2016-03-13,2016-03-13,1,0,,0.007111606406,0.008001345457,0.0274105336,0,temporal_sigmoid
weighted_rf,S2,2016,2016-03-11,2016-03-05,2016-03-11,2016-03-12,2016-03-14,2016-03-14,1,0,,0.02736045108,0.02232181792,0.0274105336,0,temporal_sigmoid
weighted_rf,S2,2016,2016-03-12,2016-03-06,2016-03-12,2016-03-13,2016-03-15,2016-03-15,1,0,,0.04253989702,0.03131139018,0.0274105336,1,temporal_sigmoid
weighted_rf,S2,2016,2016-03-13,2016-03-07,2016-03-13,2016-03-14,2016-03-16,2016-03-16,1,0,,0.01438651468,0.01367224964,0.0274105336,0,temporal_sigmoid
weighted_rf,S2,2016,2016-03-14,2016-03-08,2016-03-14,2016-03-15,2016-03-17,2016-03-17,1,0,,0.01418980189,0.01352972351,0.0274105336,0,temporal_sigmoid
weighted_rf,S2,2016,2016-03-15,2016-03-09,2016-03-15,2016-03-16,2016-03-18,2016-03-18,1,0,,0.00727490827,0.008140589653,0.0274105336,0,temporal_sigmoid
weighted_rf,S2,2016,2016-03-16,2016-03-10,2016-03-16,2016-03-17,2016-03-19,2016-03-19,1,0,,0.00727490827,0.008140589653,0.0274105336,0,temporal_sigmoid
weighted_rf,S2,2016,2016-03-17,2016-03-11,2016-03-17,2016-03-18,2016-03-20,2016-03-20,1,0,,0.008053064275,0.008794215686,0.0274105336,0,temporal_sigmoid
weighted_rf,S2,2016,2016-03-18,2016-03-12,2016-03-18,2016-03-19,2016-03-21,2016-03-21,1,0,,0,9.428531102e-06,0.0274105336,0,temporal_sigmoid
weighted_rf,S2,2016,2016-03-19,2016-03-13,2016-03-19,2016-03-20,2016-03-22,2016-03-22,1,0,,0,9.428531102e-06,0.0274105336,0,temporal_sigmoid
weighted_rf,S2,2016,2016-03-20,2016-03-14,2016-03-20,2016-03-21,2016-03-23,2016-03-23,1,0,,0,9.428531102e-06,0.0274105336,0,temporal_sigmoid
weighted_rf,S2,2016,2016-03-21,2016-03-15,2016-03-21,2016-03-22,2016-03-24,2016-03-24,1,0,,0,9.428531102e-06,0.0274105336,0,temporal_sigmoid
weighted_rf,S2,2016,2016-03-22,2016-03-16,2016-03-22,2016-03-23,2016-03-25,2016-03-25,1,0,,0.0281589412,0.02281826557,0.0274105336,0,temporal_sigmoid
weighted_rf,S2,2016,2016-03-23,2016-03-17,2016-03-23,2016-03-24,2016-03-26,2016-03-26,1,0,,0.02258432121,0.01927923207,0.0274105336,0,temporal_sigmoid
weighted_rf,S2,2016,2016-03-24,2016-03-18,2016-03-24,2016-03-25,2016-03-27,2016-03-27,1,0,,0.04431040005,0.03230990494,0.0274105336,1,temporal_sigmoid
weighted_rf,S2,2016,2016-03-25,2016-03-19,2016-03-25,2016-03-26,2016-03-28,2016-03-28,1,0,,0.02303277386,0.01957073891,0.0274105336,0,temporal_sigmoid
weighted_rf,S2,2016,2016-03-26,2016-03-20,2016-03-26,2016-03-27,2016-03-29,2016-03-29,1,0,,0.007073579514,0.007968811483,0.0274105336,0,temporal_sigmoid
weighted_rf,S2,2016,2016-03-27,2016-03-21,2016-03-27,2016-03-28,2016-03-30,2016-03-30,1,0,,0,9.428531102e-06,0.0274105336,0,temporal_sigmoid
weighted_rf,S2,2016,2016-03-28,2016-03-22,2016-03-28,2016-03-29,2016-03-31,2016-03-31,1,0,,0.007073579514,0.007968811483,0.0274105336,0,temporal_sigmoid
weighted_rf,S2,2016,2016-03-29,2016-03-23,2016-03-29,2016-03-30,2016-04-01,2016-04-01,1,0,,0.007073579514,0.007968811483,0.0274105336,0,temporal_sigmoid
weighted_rf,S2,2016,2016-03-30,2016-03-24,2016-03-30,2016-03-31,2016-04-02,2016-04-02,1,0,,0.007073579514,0.007968811483,0.0274105336,0,temporal_sigmoid
weighted_rf,S2,2016,2016-03-31,2016-03-25,2016-03-31,2016-04-01,2016-04-03,2016-04-03,1,0,,0,9.428531102e-06,0.0274105336,0,temporal_sigmoid
weighted_rf,S2,2016,2016-04-01,2016-03-26,2016-04-01,2016-04-02,2016-04-04,2016-04-04,1,0,,0,9.428531102e-06,0.0274105336,0,temporal_sigmoid
weighted_rf,S2,2016,2016-04-02,2016-03-27,2016-04-02,2016-04-03,2016-04-05,2016-04-05,1,0,,0,9.428531102e-06,0.0274105336,0,temporal_sigmoid
weighted_rf,S2,2016,2016-04-03,2016-03-28,2016-04-03,2016-04-04,2016-04-06,2016-04-06,1,0,,0,9.428531102e-06,0.0274105336,0,temporal_sigmoid
weighted_rf,S2,2016,2016-04-04,2016-03-29,2016-04-04,2016-04-05,2016-04-07,2016-04-07,1,0,,0,9.428531102e-06,0.0274105336,0,temporal_sigmoid
weighted_rf,S2,2016,2016-04-05,2016-03-30,2016-04-05,2016-04-06,2016-04-08,2016-04-08,1,0,,0,9.428531102e-06,0.0274105336,0,temporal_sigmoid
weighted_rf,S2,2016,2016-04-06,2016-03-31,2016-04-06,2016-04-07,2016-04-09,2016-04-09,1,0,,0.01502696546,0.01413315686,0.0274105336,0,temporal_sigmoid
weighted_rf,S2,2016,2016-04-07,2016-04-01,2016-04-07,2016-04-08,2016-04-10,2016-04-10,1,0,,0.007320872274,0.008179646974,0.0274105336,0,temporal_sigmoid
weighted_rf,S2,2016,2016-04-08,2016-04-02,2016-04-08,2016-04-09,2016-04-11,2016-04-11,1,0,,0.03714385979,0.02821151238,0.0274105336,1,temporal_sigmoid
weighted_rf,S2,2016,2016-04-09,2016-04-03,2016-04-09,2016-04-10,2016-04-12,2016-04-12,1,0,,0.05865672367,0.04012916063,0.0274105336,1,temporal_sigmoid
weighted_rf,S2,2016,2016-04-10,2016-04-04,2016-04-10,2016-04-11,2016-04-13,2016-04-13,1,0,,0.05762945453,0.03958315227,0.0274105336,1,temporal_sigmoid
weighted_rf,S2,2016,2016-04-11,2016-04-05,2016-04-11,2016-04-12,2016-04-14,2016-04-14,1,0,,0.1603154217,0.08923408336,0.0274105336,1,temporal_sigmoid
weighted_rf,S2,2016,2016-04-12,2016-04-06,2016-04-12,2016-04-13,2016-04-15,2016-04-15,1,0,,0.3459150739,0.1753632828,0.0274105336,1,temporal_sigmoid
weighted_rf,S2,2016,2016-04-13,2016-04-07,2016-04-13,2016-04-14,2016-04-16,2016-04-16,1,0,,0.3359139861,0.1705209063,0.0274105336,1,temporal_sigmoid
weighted_rf,S2,2016,2016-04-14,2016-04-08,2016-04-14,2016-04-15,2016-04-17,2016-04-17,1,0,,0.3302180238,0.1677798901,0.0274105336,1,temporal_sigmoid
weighted_rf,S2,2016,2016-04-15,2016-04-09,2016-04-15,2016-04-16,2016-04-18,2016-04-18,1,0,,0.1582467207,0.08828371593,0.0274105336,1,temporal_sigmoid
weighted_rf,S2,2016,2016-04-16,2016-04-10,2016-04-16,2016-04-17,2016-04-19,2016-04-19,1,0,,0.188160115,0.1019666983,0.0274105336,1,temporal_sigmoid
weighted_rf,S2,2016,2016-04-17,2016-04-11,2016-04-17,2016-04-18,2016-04-20,2016-04-20,1,0,,0.0461905463,0.0333611634,0.0274105336,1,temporal_sigmoid
weighted_rf,S2,2016,2016-04-18,2016-04-12,2016-04-18,2016-04-19,2016-04-21,2016-04-21,1,0,,0.03937883408,0.02950638883,0.0274105336,1,temporal_sigmoid
weighted_rf,S2,2016,2016-04-19,2016-04-13,2016-04-19,2016-04-20,2016-04-22,2016-04-22,1,0,,0.1182154568,0.06965888396,0.0274105336,1,temporal_sigmoid
weighted_rf,S2,2016,2016-04-20,2016-04-14,2016-04-20,2016-04-21,2016-04-23,2016-04-23,1,0,,0.1236768364,0.07223431584,0.0274105336,1,temporal_sigmoid
weighted_rf,S2,2016,2016-04-21,2016-04-15,2016-04-21,2016-04-22,2016-04-24,2016-04-24,1,0,,0.1532697812,0.08599373813,0.0274105336,1,temporal_sigmoid
weighted_rf,S2,2016,2016-04-22,2016-04-16,2016-04-22,2016-04-23,2016-04-25,2016-04-25,1,0,,0.2947231175,0.1509441912,0.0274105336,1,temporal_sigmoid
weighted_rf,S2,2016,2016-04-23,2016-04-17,2016-04-23,2016-04-24,2016-04-26,2016-04-26,1,1,fixed36_0038,0.2807089199,0.1443975331,0.0274105336,1,temporal_sigmoid
weighted_rf,S2,2016,2016-04-24,2016-04-18,2016-04-24,2016-04-25,2016-04-27,2016-04-27,1,1,fixed36_0038,0.7807716006,0.475659841,0.0274105336,1,temporal_sigmoid
weighted_rf,S2,2016,2016-04-25,2016-04-19,2016-04-25,2016-04-26,2016-04-28,2016-04-28,1,0,,0.722562535,0.4169082486,0.0274105336,1,temporal_sigmoid
weighted_rf,S2,2016,2016-04-26,2016-04-20,2016-04-26,2016-04-27,2016-04-29,2016-04-29,1,0,,0.6288299828,0.3401677611,0.0274105336,1,temporal_sigmoid
weighted_rf,S2,2016,2016-04-27,2016-04-21,2016-04-27,2016-04-28,2016-04-30,2016-04-30,1,0,,0.4290092644,0.2173808453,0.0274105336,1,temporal_sigmoid
weighted_rf,S2,2016,2016-04-28,2016-04-22,2016-04-28,2016-04-29,2016-05-01,2016-05-01,1,1,fixed36_0039,0.4112657325,0.208102888,0.0274105336,1,temporal_sigmoid
weighted_rf,S2,2016,2016-04-29,2016-04-23,2016-04-29,2016-04-30,2016-05-02,2016-05-02,1,0,,0.7011305093,0.3977189943,0.0274105336,1,temporal_sigmoid
weighted_rf,S2,2016,2016-04-30,2016-04-24,2016-04-30,2016-05-01,2016-05-03,2016-05-03,1,0,,0.8279569983,0.5328383457,0.0274105336,1,temporal_sigmoid
weighted_rf,S2,2016,2016-05-01,2016-04-25,2016-05-01,2016-05-02,2016-05-04,2016-05-04,1,0,,0.1772878106,0.09700538203,0.0274105336,1,temporal_sigmoid
weighted_rf,S2,2016,2016-05-02,2016-04-26,2016-05-02,2016-05-03,2016-05-05,2016-05-05,1,0,,0.02342811173,0.01982664598,0.0274105336,0,temporal_sigmoid
weighted_rf,S2,2016,2016-05-03,2016-04-27,2016-05-03,2016-05-04,2016-05-06,2016-05-06,1,0,,0.007675379903,0.008478951765,0.0274105336,0,temporal_sigmoid
weighted_rf,S2,2016,2016-05-04,2016-04-28,2016-05-04,2016-05-05,2016-05-07,2016-05-07,1,0,,0.0227740325,0.01940270971,0.0274105336,0,temporal_sigmoid
weighted_rf,S2,2016,2016-05-05,2016-04-29,2016-05-05,2016-05-06,2016-05-08,2016-05-08,1,0,,0.0150986526,0.01418445752,0.0274105336,0,temporal_sigmoid
weighted_rf,S2,2016,2016-05-06,2016-04-30,2016-05-06,2016-05-07,2016-05-09,2016-05-09,1,0,,0.007073579514,0.007968811483,0.0274105336,0,temporal_sigmoid
weighted_rf,S2,2016,2016-05-07,2016-05-01,2016-05-07,2016-05-08,2016-05-10,2016-05-10,1,0,,0.007073579514,0.007968811483,0.0274105336,0,temporal_sigmoid
weighted_rf,S2,2016,2016-05-08,2016-05-02,2016-05-08,2016-05-09,2016-05-11,2016-05-11,1,0,,0.006741352201,0.007682762602,0.0274105336,0,temporal_sigmoid
weighted_rf,S2,2016,2016-05-09,2016-05-03,2016-05-09,2016-05-10,2016-05-12,2016-05-12,1,0,,0.006741352201,0.007682762602,0.0274105336,0,temporal_sigmoid
weighted_rf,S2,2016,2016-05-10,2016-05-04,2016-05-10,2016-05-11,2016-05-13,2016-05-13,1,0,,0.0295955903,0.02370363507,0.0274105336,0,temporal_sigmoid
weighted_rf,S2,2016,2016-05-11,2016-05-05,2016-05-11,2016-05-12,2016-05-14,2016-05-14,1,0,,0.0888320227,0.05550240453,0.0274105336,1,temporal_sigmoid
weighted_rf,S2,2016,2016-05-12,2016-05-06,2016-05-12,2016-05-13,2016-05-15,2016-05-15,1,0,,0.02088731924,0.01816381894,0.0274105336,0,temporal_sigmoid
weighted_rf,S2,2016,2016-05-13,2016-05-07,2016-05-13,2016-05-14,2016-05-16,2016-05-16,1,0,,0.01381493172,0.01325682113,0.0274105336,0,temporal_sigmoid
weighted_rf,S2,2016,2016-05-14,2016-05-08,2016-05-14,2016-05-15,2016-05-17,2016-05-17,1,0,,0.01381493172,0.01325682113,0.0274105336,0,temporal_sigmoid
weighted_rf,S2,2016,2016-05-15,2016-05-09,2016-05-15,2016-05-16,2016-05-18,2016-05-18,1,0,,0.03594216525,0.02750836886,0.0274105336,1,temporal_sigmoid
weighted_rf,S2,2016,2016-05-16,2016-05-10,2016-05-16,2016-05-17,2016-05-19,2016-05-19,1,0,,0.007073579514,0.007968811483,0.0274105336,0,temporal_sigmoid
weighted_rf,S2,2016,2016-05-17,2016-05-11,2016-05-17,2016-05-18,2016-05-20,2016-05-20,1,0,,0.01465361718,0.01386504608,0.0274105336,0,temporal_sigmoid
weighted_rf,S2,2016,2016-05-18,2016-05-12,2016-05-18,2016-05-19,2016-05-21,2016-05-21,1,0,,0.01381493172,0.01325682113,0.0274105336,0,temporal_sigmoid
weighted_rf,S2,2016,2016-05-19,2016-05-13,2016-05-19,2016-05-20,2016-05-22,2016-05-22,1,0,,0.01381493172,0.01325682113,0.0274105336,0,temporal_sigmoid
weighted_rf,S2,2016,2016-05-20,2016-05-14,2016-05-20,2016-05-21,2016-05-23,2016-05-23,1,0,,0.01381493172,0.01325682113,0.0274105336,0,temporal_sigmoid
weighted_rf,S2,2016,2016-05-21,2016-05-15,2016-05-21,2016-05-22,2016-05-24,2016-05-24,1,0,,0.01444744539,0.0137163033,0.0274105336,0,temporal_sigmoid
weighted_rf,S2,2016,2016-05-22,2016-05-16,2016-05-22,2016-05-23,2016-05-25,2016-05-25,1,0,,0.006741352201,0.007682762602,0.0274105336,0,temporal_sigmoid
weighted_rf,S2,2016,2016-05-23,2016-05-17,2016-05-23,2016-05-24,2016-05-26,2016-05-26,1,0,,0,9.428531102e-06,0.0274105336,0,temporal_sigmoid
weighted_rf,S2,2016,2016-05-24,2016-05-18,2016-05-24,2016-05-25,2016-05-27,2016-05-27,1,0,,0,9.428531102e-06,0.0274105336,0,temporal_sigmoid
weighted_rf,S2,2016,2016-05-25,2016-05-19,2016-05-25,2016-05-26,2016-05-28,2016-05-28,1,0,,0,9.428531102e-06,0.0274105336,0,temporal_sigmoid
weighted_rf,S2,2016,2016-05-26,2016-05-20,2016-05-26,2016-05-27,2016-05-29,2016-05-29,1,0,,0,9.428531102e-06,0.0274105336,0,temporal_sigmoid
weighted_rf,S2,2016,2016-05-27,2016-05-21,2016-05-27,2016-05-28,2016-05-30,2016-05-30,1,0,,0,9.428531102e-06,0.0274105336,0,temporal_sigmoid
weighted_rf,S2,2016,2016-05-28,2016-05-22,2016-05-28,2016-05-29,2016-05-31,2016-05-31,1,0,,0,9.428531102e-06,0.0274105336,0,temporal_sigmoid
weighted_rf,S2,2016,2016-05-29,2016-05-23,2016-05-29,2016-05-30,2016-06-01,2016-06-01,1,0,,0,9.428531102e-06,0.0274105336,0,temporal_sigmoid
weighted_rf,S2,2016,2016-05-30,2016-05-24,2016-05-30,2016-05-31,2016-06-02,2016-06-02,1,0,,0,9.428531102e-06,0.0274105336,0,temporal_sigmoid
weighted_rf,S2,2016,2016-05-31,2016-05-25,2016-05-31,2016-06-01,2016-06-03,2016-06-03,1,0,,0,9.428531102e-06,0.0274105336,0,temporal_sigmoid
weighted_rf,S2,2016,2016-06-01,2016-05-26,2016-06-01,2016-06-02,2016-06-04,2016-06-04,1,0,,0,9.428531102e-06,0.0274105336,0,temporal_sigmoid
weighted_rf,S2,2016,2016-06-02,2016-05-27,2016-06-02,2016-06-03,2016-06-05,2016-06-05,1,0,,0.007750993138,0.008542359397,0.0274105336,0,temporal_sigmoid
weighted_rf,S2,2016,2016-06-03,2016-05-28,2016-06-03,2016-06-04,2016-06-06,2016-06-06,1,0,,0.01428175194,0.01359640231,0.0274105336,0,temporal_sigmoid
weighted_rf,S2,2016,2016-06-04,2016-05-29,2016-06-04,2016-06-05,2016-06-07,2016-06-07,1,0,,0.02094112401,0.01819949569,0.0274105336,0,temporal_sigmoid
weighted_rf,S2,2016,2016-06-05,2016-05-30,2016-06-05,2016-06-06,2016-06-08,2016-06-08,1,0,,0.03034958318,0.02416444899,0.0274105336,0,temporal_sigmoid
weighted_rf,S2,2016,2016-06-06,2016-05-31,2016-06-06,2016-06-07,2016-06-09,2016-06-09,1,0,,0,9.428531102e-06,0.0274105336,0,temporal_sigmoid
weighted_rf,S2,2016,2016-06-07,2016-06-01,2016-06-07,2016-06-08,2016-06-10,2016-06-10,1,0,,0,9.428531102e-06,0.0274105336,0,temporal_sigmoid
weighted_rf,S2,2016,2016-06-08,2016-06-02,2016-06-08,2016-06-09,2016-06-11,2016-06-11,1,0,,0,9.428531102e-06,0.0274105336,0,temporal_sigmoid
weighted_rf,S2,2016,2016-06-09,2016-06-03,2016-06-09,2016-06-10,2016-06-12,2016-06-12,1,0,,0,9.428531102e-06,0.0274105336,0,temporal_sigmoid
weighted_rf,S2,2016,2016-06-10,2016-06-04,2016-06-10,2016-06-11,2016-06-13,2016-06-13,1,0,,0.02173876634,0.01872595952,0.0274105336,0,temporal_sigmoid
weighted_rf,S2,2016,2016-06-11,2016-06-05,2016-06-11,2016-06-12,2016-06-14,2016-06-14,1,0,,0,9.428531102e-06,0.0274105336,0,temporal_sigmoid
weighted_rf,S2,2016,2016-06-12,2016-06-06,2016-06-12,2016-06-13,2016-06-15,2016-06-15,1,0,,0,9.428531102e-06,0.0274105336,0,temporal_sigmoid
weighted_rf,S2,2016,2016-06-13,2016-06-07,2016-06-13,2016-06-14,2016-06-16,2016-06-16,1,0,,0,9.428531102e-06,0.0274105336,0,temporal_sigmoid
weighted_rf,S2,2016,2016-06-14,2016-06-08,2016-06-14,2016-06-15,2016-06-17,2016-06-17,1,0,,0,9.428531102e-06,0.0274105336,0,temporal_sigmoid
weighted_rf,S2,2016,2016-06-15,2016-06-09,2016-06-15,2016-06-16,2016-06-18,2016-06-18,1,0,,0,9.428531102e-06,0.0274105336,0,temporal_sigmoid
weighted_rf,S2,2016,2016-06-16,2016-06-10,2016-06-16,2016-06-17,2016-06-19,2016-06-19,1,0,,0,9.428531102e-06,0.0274105336,0,temporal_sigmoid
weighted_rf,S2,2016,2016-06-17,2016-06-11,2016-06-17,2016-06-18,2016-06-20,2016-06-20,1,0,,0,9.428531102e-06,0.0274105336,0,temporal_sigmoid
weighted_rf,S2,2016,2016-06-18,2016-06-12,2016-06-18,2016-06-19,2016-06-21,2016-06-21,1,0,,0,9.428531102e-06,0.0274105336,0,temporal_sigmoid
weighted_rf,S2,2016,2016-06-19,2016-06-13,2016-06-19,2016-06-20,2016-06-22,2016-06-22,1,0,,0,9.428531102e-06,0.0274105336,0,temporal_sigmoid
weighted_rf,S2,2016,2016-06-20,2016-06-14,2016-06-20,2016-06-21,2016-06-23,2016-06-23,1,0,,0,9.428531102e-06,0.0274105336,0,temporal_sigmoid
weighted_rf,S2,2016,2016-06-21,2016-06-15,2016-06-21,2016-06-22,2016-06-24,2016-06-24,1,0,,0,9.428531102e-06,0.0274105336,0,temporal_sigmoid
weighted_rf,S2,2016,2016-06-22,2016-06-16,2016-06-22,2016-06-23,2016-06-25,2016-06-25,1,0,,0,9.428531102e-06,0.0274105336,0,temporal_sigmoid
weighted_rf,S2,2016,2016-06-23,2016-06-17,2016-06-23,2016-06-24,2016-06-26,2016-06-26,1,0,,0,9.428531102e-06,0.0274105336,0,temporal_sigmoid
weighted_rf,S2,2016,2016-06-24,2016-06-18,2016-06-24,2016-06-25,2016-06-27,2016-06-27,1,0,,0.008030048526,0.008775106292,0.0274105336,0,temporal_sigmoid
weighted_rf,S2,2016,2016-06-25,2016-06-19,2016-06-25,2016-06-26,2016-06-28,2016-06-28,1,0,,0,9.428531102e-06,0.0274105336,0,temporal_sigmoid
weighted_rf,S2,2016,2016-06-26,2016-06-20,2016-06-26,2016-06-27,2016-06-29,2016-06-29,1,0,,0.02155235596,0.01860332704,0.0274105336,0,temporal_sigmoid
weighted_rf,S2,2016,2016-06-27,2016-06-21,2016-06-27,2016-06-28,2016-06-30,2016-06-30,1,0,,0,9.428531102e-06,0.0274105336,0,temporal_sigmoid
weighted_rf,S2,2017,2017-02-28,2017-02-22,2017-02-28,2017-03-01,2017-03-03,2017-03-03,1,0,,0,0.0001246981321,0.01977493298,0,temporal_sigmoid
weighted_rf,S2,2017,2017-03-01,2017-02-23,2017-03-01,2017-03-02,2017-03-04,2017-03-04,1,0,,0,0.0001246981321,0.01977493298,0,temporal_sigmoid
weighted_rf,S2,2017,2017-03-02,2017-02-24,2017-03-02,2017-03-03,2017-03-05,2017-03-05,1,0,,0,0.0001246981321,0.01977493298,0,temporal_sigmoid
weighted_rf,S2,2017,2017-03-03,2017-02-25,2017-03-03,2017-03-04,2017-03-06,2017-03-06,1,0,,0,0.0001246981321,0.01977493298,0,temporal_sigmoid
weighted_rf,S2,2017,2017-03-04,2017-02-26,2017-03-04,2017-03-05,2017-03-07,2017-03-07,1,0,,0,0.0001246981321,0.01977493298,0,temporal_sigmoid
weighted_rf,S2,2017,2017-03-05,2017-02-27,2017-03-05,2017-03-06,2017-03-08,2017-03-08,1,0,,0,0.0001246981321,0.01977493298,0,temporal_sigmoid
weighted_rf,S2,2017,2017-03-06,2017-02-28,2017-03-06,2017-03-07,2017-03-09,2017-03-09,1,0,,0,0.0001246981321,0.01977493298,0,temporal_sigmoid
weighted_rf,S2,2017,2017-03-07,2017-03-01,2017-03-07,2017-03-08,2017-03-10,2017-03-10,1,0,,0,0.0001246981321,0.01977493298,0,temporal_sigmoid
weighted_rf,S2,2017,2017-03-08,2017-03-02,2017-03-08,2017-03-09,2017-03-11,2017-03-11,1,0,,0,0.0001246981321,0.01977493298,0,temporal_sigmoid
weighted_rf,S2,2017,2017-03-09,2017-03-03,2017-03-09,2017-03-10,2017-03-12,2017-03-12,1,0,,0,0.0001246981321,0.01977493298,0,temporal_sigmoid
weighted_rf,S2,2017,2017-03-10,2017-03-04,2017-03-10,2017-03-11,2017-03-13,2017-03-13,1,0,,0,0.0001246981321,0.01977493298,0,temporal_sigmoid
weighted_rf,S2,2017,2017-03-11,2017-03-05,2017-03-11,2017-03-12,2017-03-14,2017-03-14,1,0,,0,0.0001246981321,0.01977493298,0,temporal_sigmoid
weighted_rf,S2,2017,2017-03-12,2017-03-06,2017-03-12,2017-03-13,2017-03-15,2017-03-15,1,0,,0,0.0001246981321,0.01977493298,0,temporal_sigmoid
weighted_rf,S2,2017,2017-03-13,2017-03-07,2017-03-13,2017-03-14,2017-03-16,2017-03-16,1,0,,0,0.0001246981321,0.01977493298,0,temporal_sigmoid
weighted_rf,S2,2017,2017-03-14,2017-03-08,2017-03-14,2017-03-15,2017-03-17,2017-03-17,1,0,,0,0.0001246981321,0.01977493298,0,temporal_sigmoid
weighted_rf,S2,2017,2017-03-15,2017-03-09,2017-03-15,2017-03-16,2017-03-18,2017-03-18,1,0,,0,0.0001246981321,0.01977493298,0,temporal_sigmoid
weighted_rf,S2,2017,2017-03-16,2017-03-10,2017-03-16,2017-03-17,2017-03-19,2017-03-19,1,0,,0,0.0001246981321,0.01977493298,0,temporal_sigmoid
weighted_rf,S2,2017,2017-03-17,2017-03-11,2017-03-17,2017-03-18,2017-03-20,2017-03-20,1,0,,0,0.0001246981321,0.01977493298,0,temporal_sigmoid
weighted_rf,S2,2017,2017-03-18,2017-03-12,2017-03-18,2017-03-19,2017-03-21,2017-03-21,1,0,,0,0.0001246981321,0.01977493298,0,temporal_sigmoid
weighted_rf,S2,2017,2017-03-19,2017-03-13,2017-03-19,2017-03-20,2017-03-22,2017-03-22,1,0,,0,0.0001246981321,0.01977493298,0,temporal_sigmoid
weighted_rf,S2,2017,2017-03-20,2017-03-14,2017-03-20,2017-03-21,2017-03-23,2017-03-23,1,0,,0,0.0001246981321,0.01977493298,0,temporal_sigmoid
weighted_rf,S2,2017,2017-03-21,2017-03-15,2017-03-21,2017-03-22,2017-03-24,2017-03-24,1,0,,0,0.0001246981321,0.01977493298,0,temporal_sigmoid
weighted_rf,S2,2017,2017-03-22,2017-03-16,2017-03-22,2017-03-23,2017-03-25,2017-03-25,1,0,,0,0.0001246981321,0.01977493298,0,temporal_sigmoid
weighted_rf,S2,2017,2017-03-23,2017-03-17,2017-03-23,2017-03-24,2017-03-26,2017-03-26,1,0,,0,0.0001246981321,0.01977493298,0,temporal_sigmoid
weighted_rf,S2,2017,2017-03-24,2017-03-18,2017-03-24,2017-03-25,2017-03-27,2017-03-27,1,0,,0,0.0001246981321,0.01977493298,0,temporal_sigmoid
weighted_rf,S2,2017,2017-03-25,2017-03-19,2017-03-25,2017-03-26,2017-03-28,2017-03-28,1,0,,0,0.0001246981321,0.01977493298,0,temporal_sigmoid
weighted_rf,S2,2017,2017-03-26,2017-03-20,2017-03-26,2017-03-27,2017-03-29,2017-03-29,1,0,,0,0.0001246981321,0.01977493298,0,temporal_sigmoid
weighted_rf,S2,2017,2017-03-27,2017-03-21,2017-03-27,2017-03-28,2017-03-30,2017-03-30,1,0,,0,0.0001246981321,0.01977493298,0,temporal_sigmoid
weighted_rf,S2,2017,2017-03-28,2017-03-22,2017-03-28,2017-03-29,2017-03-31,2017-03-31,1,0,,0,0.0001246981321,0.01977493298,0,temporal_sigmoid
weighted_rf,S2,2017,2017-03-29,2017-03-23,2017-03-29,2017-03-30,2017-04-01,2017-04-01,1,0,,0,0.0001246981321,0.01977493298,0,temporal_sigmoid
weighted_rf,S2,2017,2017-03-30,2017-03-24,2017-03-30,2017-03-31,2017-04-02,2017-04-02,1,0,,0,0.0001246981321,0.01977493298,0,temporal_sigmoid
weighted_rf,S2,2017,2017-03-31,2017-03-25,2017-03-31,2017-04-01,2017-04-03,2017-04-03,1,0,,0,0.0001246981321,0.01977493298,0,temporal_sigmoid
weighted_rf,S2,2017,2017-04-01,2017-03-26,2017-04-01,2017-04-02,2017-04-04,2017-04-04,1,0,,0.05219385133,0.05614936315,0.01977493298,1,temporal_sigmoid
weighted_rf,S2,2017,2017-04-02,2017-03-27,2017-04-02,2017-04-03,2017-04-05,2017-04-05,1,0,,0,0.0001246981321,0.01977493298,0,temporal_sigmoid
weighted_rf,S2,2017,2017-04-03,2017-03-28,2017-04-03,2017-04-04,2017-04-06,2017-04-06,1,0,,0,0.0001246981321,0.01977493298,0,temporal_sigmoid
weighted_rf,S2,2017,2017-04-04,2017-03-29,2017-04-04,2017-04-05,2017-04-07,2017-04-07,1,0,,0,0.0001246981321,0.01977493298,0,temporal_sigmoid
weighted_rf,S2,2017,2017-04-05,2017-03-30,2017-04-05,2017-04-06,2017-04-08,2017-04-08,1,0,,0,0.0001246981321,0.01977493298,0,temporal_sigmoid
weighted_rf,S2,2017,2017-04-06,2017-03-31,2017-04-06,2017-04-07,2017-04-09,2017-04-09,1,0,,0,0.0001246981321,0.01977493298,0,temporal_sigmoid
weighted_rf,S2,2017,2017-04-07,2017-04-01,2017-04-07,2017-04-08,2017-04-10,2017-04-10,1,0,,0,0.0001246981321,0.01977493298,0,temporal_sigmoid
weighted_rf,S2,2017,2017-04-08,2017-04-02,2017-04-08,2017-04-09,2017-04-11,2017-04-11,1,0,,0,0.0001246981321,0.01977493298,0,temporal_sigmoid
weighted_rf,S2,2017,2017-04-09,2017-04-03,2017-04-09,2017-04-10,2017-04-12,2017-04-12,1,0,,0,0.0001246981321,0.01977493298,0,temporal_sigmoid
weighted_rf,S2,2017,2017-04-10,2017-04-04,2017-04-10,2017-04-11,2017-04-13,2017-04-13,1,0,,0,0.0001246981321,0.01977493298,0,temporal_sigmoid
weighted_rf,S2,2017,2017-04-11,2017-04-05,2017-04-11,2017-04-12,2017-04-14,2017-04-14,1,0,,0,0.0001246981321,0.01977493298,0,temporal_sigmoid
weighted_rf,S2,2017,2017-04-12,2017-04-06,2017-04-12,2017-04-13,2017-04-15,2017-04-15,1,0,,0.007518464653,0.01902697262,0.01977493298,0,temporal_sigmoid
weighted_rf,S2,2017,2017-04-13,2017-04-07,2017-04-13,2017-04-14,2017-04-16,2017-04-16,1,0,,0,0.0001246981321,0.01977493298,0,temporal_sigmoid
weighted_rf,S2,2017,2017-04-14,2017-04-08,2017-04-14,2017-04-15,2017-04-17,2017-04-17,1,0,,0.06746982777,0.06490445711,0.01977493298,1,temporal_sigmoid
weighted_rf,S2,2017,2017-04-15,2017-04-09,2017-04-15,2017-04-16,2017-04-18,2017-04-18,1,0,,0,0.0001246981321,0.01977493298,0,temporal_sigmoid
weighted_rf,S2,2017,2017-04-16,2017-04-10,2017-04-16,2017-04-17,2017-04-19,2017-04-19,1,0,,0,0.0001246981321,0.01977493298,0,temporal_sigmoid
weighted_rf,S2,2017,2017-04-17,2017-04-11,2017-04-17,2017-04-18,2017-04-20,2017-04-20,1,0,,0.008024203357,0.01973133375,0.01977493298,0,temporal_sigmoid
weighted_rf,S2,2017,2017-04-18,2017-04-12,2017-04-18,2017-04-19,2017-04-21,2017-04-21,1,0,,0,0.0001246981321,0.01977493298,0,temporal_sigmoid
weighted_rf,S2,2017,2017-04-19,2017-04-13,2017-04-19,2017-04-20,2017-04-22,2017-04-22,1,0,,0,0.0001246981321,0.01977493298,0,temporal_sigmoid
weighted_rf,S2,2017,2017-04-20,2017-04-14,2017-04-20,2017-04-21,2017-04-23,2017-04-23,1,0,,0,0.0001246981321,0.01977493298,0,temporal_sigmoid
weighted_rf,S2,2017,2017-04-21,2017-04-15,2017-04-21,2017-04-22,2017-04-24,2017-04-24,1,0,,0,0.0001246981321,0.01977493298,0,temporal_sigmoid
weighted_rf,S2,2017,2017-04-22,2017-04-16,2017-04-22,2017-04-23,2017-04-25,2017-04-25,1,0,,0,0.0001246981321,0.01977493298,0,temporal_sigmoid
weighted_rf,S2,2017,2017-04-23,2017-04-17,2017-04-23,2017-04-24,2017-04-26,2017-04-26,1,0,,0,0.0001246981321,0.01977493298,0,temporal_sigmoid
weighted_rf,S2,2017,2017-04-24,2017-04-18,2017-04-24,2017-04-25,2017-04-27,2017-04-27,1,0,,0,0.0001246981321,0.01977493298,0,temporal_sigmoid
weighted_rf,S2,2017,2017-04-25,2017-04-19,2017-04-25,2017-04-26,2017-04-28,2017-04-28,1,0,,0,0.0001246981321,0.01977493298,0,temporal_sigmoid
weighted_rf,S2,2017,2017-04-26,2017-04-20,2017-04-26,2017-04-27,2017-04-29,2017-04-29,1,0,,0.02212194254,0.0347375694,0.01977493298,1,temporal_sigmoid
weighted_rf,S2,2017,2017-04-27,2017-04-21,2017-04-27,2017-04-28,2017-04-30,2017-04-30,1,0,,0,0.0001246981321,0.01977493298,0,temporal_sigmoid
weighted_rf,S2,2017,2017-04-28,2017-04-22,2017-04-28,2017-04-29,2017-05-01,2017-05-01,1,0,,0,0.0001246981321,0.01977493298,0,temporal_sigmoid
weighted_rf,S2,2017,2017-04-29,2017-04-23,2017-04-29,2017-04-30,2017-05-02,2017-05-02,1,0,,0,0.0001246981321,0.01977493298,0,temporal_sigmoid
weighted_rf,S2,2017,2017-04-30,2017-04-24,2017-04-30,2017-05-01,2017-05-03,2017-05-03,1,0,,0,0.0001246981321,0.01977493298,0,temporal_sigmoid
weighted_rf,S2,2017,2017-05-01,2017-04-25,2017-05-01,2017-05-02,2017-05-04,2017-05-04,1,0,,0,0.0001246981321,0.01977493298,0,temporal_sigmoid
weighted_rf,S2,2017,2017-05-02,2017-04-26,2017-05-02,2017-05-03,2017-05-05,2017-05-05,1,0,,0,0.0001246981321,0.01977493298,0,temporal_sigmoid
weighted_rf,S2,2017,2017-05-03,2017-04-27,2017-05-03,2017-05-04,2017-05-06,2017-05-06,1,0,,0,0.0001246981321,0.01977493298,0,temporal_sigmoid
weighted_rf,S2,2017,2017-05-04,2017-04-28,2017-05-04,2017-05-05,2017-05-07,2017-05-07,1,0,,0,0.0001246981321,0.01977493298,0,temporal_sigmoid
weighted_rf,S2,2017,2017-05-05,2017-04-29,2017-05-05,2017-05-06,2017-05-08,2017-05-08,1,0,,0,0.0001246981321,0.01977493298,0,temporal_sigmoid
weighted_rf,S2,2017,2017-05-06,2017-04-30,2017-05-06,2017-05-07,2017-05-09,2017-05-09,1,0,,0,0.0001246981321,0.01977493298,0,temporal_sigmoid
weighted_rf,S2,2017,2017-05-07,2017-05-01,2017-05-07,2017-05-08,2017-05-10,2017-05-10,1,0,,0,0.0001246981321,0.01977493298,0,temporal_sigmoid
weighted_rf,S2,2017,2017-05-08,2017-05-02,2017-05-08,2017-05-09,2017-05-11,2017-05-11,1,0,,0,0.0001246981321,0.01977493298,0,temporal_sigmoid
weighted_rf,S2,2017,2017-05-09,2017-05-03,2017-05-09,2017-05-10,2017-05-12,2017-05-12,1,0,,0,0.0001246981321,0.01977493298,0,temporal_sigmoid
weighted_rf,S2,2017,2017-05-10,2017-05-04,2017-05-10,2017-05-11,2017-05-13,2017-05-13,1,0,,0,0.0001246981321,0.01977493298,0,temporal_sigmoid
weighted_rf,S2,2017,2017-05-11,2017-05-05,2017-05-11,2017-05-12,2017-05-14,2017-05-14,1,0,,0,0.0001246981321,0.01977493298,0,temporal_sigmoid
weighted_rf,S2,2017,2017-05-12,2017-05-06,2017-05-12,2017-05-13,2017-05-15,2017-05-15,1,0,,0,0.0001246981321,0.01977493298,0,temporal_sigmoid
weighted_rf,S2,2017,2017-05-13,2017-05-07,2017-05-13,2017-05-14,2017-05-16,2017-05-16,1,0,,0,0.0001246981321,0.01977493298,0,temporal_sigmoid
weighted_rf,S2,2017,2017-05-14,2017-05-08,2017-05-14,2017-05-15,2017-05-17,2017-05-17,1,0,,0,0.0001246981321,0.01977493298,0,temporal_sigmoid
weighted_rf,S2,2017,2017-05-15,2017-05-09,2017-05-15,2017-05-16,2017-05-18,2017-05-18,1,0,,0,0.0001246981321,0.01977493298,0,temporal_sigmoid
weighted_rf,S2,2017,2017-05-16,2017-05-10,2017-05-16,2017-05-17,2017-05-19,2017-05-19,1,0,,0.007016490554,0.01830668434,0.01977493298,0,temporal_sigmoid
weighted_rf,S2,2017,2017-05-17,2017-05-11,2017-05-17,2017-05-18,2017-05-20,2017-05-20,1,0,,0,0.0001246981321,0.01977493298,0,temporal_sigmoid
weighted_rf,S2,2017,2017-05-18,2017-05-12,2017-05-18,2017-05-19,2017-05-21,2017-05-21,1,0,,0,0.0001246981321,0.01977493298,0,temporal_sigmoid
weighted_rf,S2,2017,2017-05-19,2017-05-13,2017-05-19,2017-05-20,2017-05-22,2017-05-22,1,0,,0,0.0001246981321,0.01977493298,0,temporal_sigmoid
weighted_rf,S2,2017,2017-05-20,2017-05-14,2017-05-20,2017-05-21,2017-05-23,2017-05-23,1,0,,0.01505135333,0.02802522713,0.01977493298,1,temporal_sigmoid
weighted_rf,S2,2017,2017-05-21,2017-05-15,2017-05-21,2017-05-22,2017-05-24,2017-05-24,1,0,,0,0.0001246981321,0.01977493298,0,temporal_sigmoid
weighted_rf,S2,2017,2017-05-22,2017-05-16,2017-05-22,2017-05-23,2017-05-25,2017-05-25,1,0,,0.02160267732,0.03428045683,0.01977493298,1,temporal_sigmoid
weighted_rf,S2,2017,2017-05-23,2017-05-17,2017-05-23,2017-05-24,2017-05-26,2017-05-26,1,0,,0.02250758281,0.03507400418,0.01977493298,1,temporal_sigmoid
weighted_rf,S2,2017,2017-05-24,2017-05-18,2017-05-24,2017-05-25,2017-05-27,2017-05-27,1,0,,0.02148412093,0.03417541541,0.01977493298,1,temporal_sigmoid
weighted_rf,S2,2017,2017-05-25,2017-05-19,2017-05-25,2017-05-26,2017-05-28,2017-05-28,1,0,,0.006748482042,0.01791272627,0.01977493298,0,temporal_sigmoid
weighted_rf,S2,2017,2017-05-26,2017-05-20,2017-05-26,2017-05-27,2017-05-29,2017-05-29,1,0,,0,0.0001246981321,0.01977493298,0,temporal_sigmoid
weighted_rf,S2,2017,2017-05-27,2017-05-21,2017-05-27,2017-05-28,2017-05-30,2017-05-30,1,0,,0,0.0001246981321,0.01977493298,0,temporal_sigmoid
weighted_rf,S2,2017,2017-05-28,2017-05-22,2017-05-28,2017-05-29,2017-05-31,2017-05-31,1,0,,0,0.0001246981321,0.01977493298,0,temporal_sigmoid
weighted_rf,S2,2017,2017-05-29,2017-05-23,2017-05-29,2017-05-30,2017-06-01,2017-06-01,1,0,,0,0.0001246981321,0.01977493298,0,temporal_sigmoid
weighted_rf,S2,2017,2017-05-30,2017-05-24,2017-05-30,2017-05-31,2017-06-02,2017-06-02,1,0,,0,0.0001246981321,0.01977493298,0,temporal_sigmoid
weighted_rf,S2,2017,2017-05-31,2017-05-25,2017-05-31,2017-06-01,2017-06-03,2017-06-03,1,0,,0.0153812854,0.02836609193,0.01977493298,1,temporal_sigmoid
weighted_rf,S2,2017,2017-06-01,2017-05-26,2017-06-01,2017-06-02,2017-06-04,2017-06-04,1,0,,0,0.0001246981321,0.01977493298,0,temporal_sigmoid
weighted_rf,S2,2017,2017-06-02,2017-05-27,2017-06-02,2017-06-03,2017-06-05,2017-06-05,1,0,,0,0.0001246981321,0.01977493298,0,temporal_sigmoid
weighted_rf,S2,2017,2017-06-03,2017-05-28,2017-06-03,2017-06-04,2017-06-06,2017-06-06,1,0,,0,0.0001246981321,0.01977493298,0,temporal_sigmoid
weighted_rf,S2,2017,2017-06-04,2017-05-29,2017-06-04,2017-06-05,2017-06-07,2017-06-07,1,0,,0,0.0001246981321,0.01977493298,0,temporal_sigmoid
weighted_rf,S2,2017,2017-06-05,2017-05-30,2017-06-05,2017-06-06,2017-06-08,2017-06-08,1,0,,0,0.0001246981321,0.01977493298,0,temporal_sigmoid
weighted_rf,S2,2017,2017-06-06,2017-05-31,2017-06-06,2017-06-07,2017-06-09,2017-06-09,1,0,,0.03843432212,0.04729105757,0.01977493298,1,temporal_sigmoid
weighted_rf,S2,2017,2017-06-07,2017-06-01,2017-06-07,2017-06-08,2017-06-10,2017-06-10,1,0,,0.03028773045,0.04139423498,0.01977493298,1,temporal_sigmoid
weighted_rf,S2,2017,2017-06-08,2017-06-02,2017-06-08,2017-06-09,2017-06-11,2017-06-11,1,0,,0.02991366609,0.04110793423,0.01977493298,1,temporal_sigmoid
weighted_rf,S2,2017,2017-06-09,2017-06-03,2017-06-09,2017-06-10,2017-06-12,2017-06-12,1,0,,0.02360306951,0.03601614961,0.01977493298,1,temporal_sigmoid
weighted_rf,S2,2017,2017-06-10,2017-06-04,2017-06-10,2017-06-11,2017-06-13,2017-06-13,1,0,,0.007611832612,0.01915856002,0.01977493298,0,temporal_sigmoid
weighted_rf,S2,2017,2017-06-11,2017-06-05,2017-06-11,2017-06-12,2017-06-14,2017-06-14,1,0,,0.006628787879,0.01773453801,0.01977493298,0,temporal_sigmoid
weighted_rf,S2,2017,2017-06-12,2017-06-06,2017-06-12,2017-06-13,2017-06-15,2017-06-15,1,0,,0,0.0001246981321,0.01977493298,0,temporal_sigmoid
weighted_rf,S2,2017,2017-06-13,2017-06-07,2017-06-13,2017-06-14,2017-06-16,2017-06-16,1,0,,0,0.0001246981321,0.01977493298,0,temporal_sigmoid
weighted_rf,S2,2017,2017-06-14,2017-06-08,2017-06-14,2017-06-15,2017-06-17,2017-06-17,1,0,,0,0.0001246981321,0.01977493298,0,temporal_sigmoid
weighted_rf,S2,2017,2017-06-15,2017-06-09,2017-06-15,2017-06-16,2017-06-18,2017-06-18,1,0,,0,0.0001246981321,0.01977493298,0,temporal_sigmoid
weighted_rf,S2,2017,2017-06-16,2017-06-10,2017-06-16,2017-06-17,2017-06-19,2017-06-19,1,0,,0,0.0001246981321,0.01977493298,0,temporal_sigmoid
weighted_rf,S2,2017,2017-06-17,2017-06-11,2017-06-17,2017-06-18,2017-06-20,2017-06-20,1,0,,0,0.0001246981321,0.01977493298,0,temporal_sigmoid
weighted_rf,S2,2017,2017-06-18,2017-06-12,2017-06-18,2017-06-19,2017-06-21,2017-06-21,1,0,,0,0.0001246981321,0.01977493298,0,temporal_sigmoid
weighted_rf,S2,2017,2017-06-19,2017-06-13,2017-06-19,2017-06-20,2017-06-22,2017-06-22,1,0,,0,0.0001246981321,0.01977493298,0,temporal_sigmoid
weighted_rf,S2,2017,2017-06-20,2017-06-14,2017-06-20,2017-06-21,2017-06-23,2017-06-23,1,0,,0,0.0001246981321,0.01977493298,0,temporal_sigmoid
weighted_rf,S2,2017,2017-06-21,2017-06-15,2017-06-21,2017-06-22,2017-06-24,2017-06-24,1,0,,0,0.0001246981321,0.01977493298,0,temporal_sigmoid
weighted_rf,S2,2017,2017-06-22,2017-06-16,2017-06-22,2017-06-23,2017-06-25,2017-06-25,1,0,,0,0.0001246981321,0.01977493298,0,temporal_sigmoid
weighted_rf,S2,2017,2017-06-23,2017-06-17,2017-06-23,2017-06-24,2017-06-26,2017-06-26,1,0,,0,0.0001246981321,0.01977493298,0,temporal_sigmoid
weighted_rf,S2,2017,2017-06-24,2017-06-18,2017-06-24,2017-06-25,2017-06-27,2017-06-27,1,0,,0,0.0001246981321,0.01977493298,0,temporal_sigmoid
weighted_rf,S2,2017,2017-06-25,2017-06-19,2017-06-25,2017-06-26,2017-06-28,2017-06-28,1,0,,0,0.0001246981321,0.01977493298,0,temporal_sigmoid
weighted_rf,S2,2017,2017-06-26,2017-06-20,2017-06-26,2017-06-27,2017-06-29,2017-06-29,1,0,,0,0.0001246981321,0.01977493298,0,temporal_sigmoid
weighted_rf,S2,2017,2017-06-27,2017-06-21,2017-06-27,2017-06-28,2017-06-30,2017-06-30,1,0,,0,0.0001246981321,0.01977493298,0,temporal_sigmoid
weighted_rf,S2,2018,2018-02-28,2018-02-22,2018-02-28,2018-03-01,2018-03-03,2018-03-03,1,0,,0,7.065610917e-06,0.08779766022,0,temporal_sigmoid
weighted_rf,S2,2018,2018-03-01,2018-02-23,2018-03-01,2018-03-02,2018-03-04,2018-03-04,1,0,,0,7.065610917e-06,0.08779766022,0,temporal_sigmoid
weighted_rf,S2,2018,2018-03-02,2018-02-24,2018-03-02,2018-03-03,2018-03-05,2018-03-05,1,0,,0,7.065610917e-06,0.08779766022,0,temporal_sigmoid
weighted_rf,S2,2018,2018-03-03,2018-02-25,2018-03-03,2018-03-04,2018-03-06,2018-03-06,1,0,,0,7.065610917e-06,0.08779766022,0,temporal_sigmoid
weighted_rf,S2,2018,2018-03-04,2018-02-26,2018-03-04,2018-03-05,2018-03-07,2018-03-07,1,0,,0,7.065610917e-06,0.08779766022,0,temporal_sigmoid
weighted_rf,S2,2018,2018-03-05,2018-02-27,2018-03-05,2018-03-06,2018-03-08,2018-03-08,1,0,,0,7.065610917e-06,0.08779766022,0,temporal_sigmoid
weighted_rf,S2,2018,2018-03-06,2018-02-28,2018-03-06,2018-03-07,2018-03-09,2018-03-09,1,0,,0,7.065610917e-06,0.08779766022,0,temporal_sigmoid
weighted_rf,S2,2018,2018-03-07,2018-03-01,2018-03-07,2018-03-08,2018-03-10,2018-03-10,1,0,,0,7.065610917e-06,0.08779766022,0,temporal_sigmoid
weighted_rf,S2,2018,2018-03-08,2018-03-02,2018-03-08,2018-03-09,2018-03-11,2018-03-11,1,0,,0,7.065610917e-06,0.08779766022,0,temporal_sigmoid
weighted_rf,S2,2018,2018-03-09,2018-03-03,2018-03-09,2018-03-10,2018-03-12,2018-03-12,1,0,,0,7.065610917e-06,0.08779766022,0,temporal_sigmoid
weighted_rf,S2,2018,2018-03-10,2018-03-04,2018-03-10,2018-03-11,2018-03-13,2018-03-13,1,0,,0,7.065610917e-06,0.08779766022,0,temporal_sigmoid
weighted_rf,S2,2018,2018-03-11,2018-03-05,2018-03-11,2018-03-12,2018-03-14,2018-03-14,1,0,,0,7.065610917e-06,0.08779766022,0,temporal_sigmoid
weighted_rf,S2,2018,2018-03-12,2018-03-06,2018-03-12,2018-03-13,2018-03-15,2018-03-15,1,0,,0,7.065610917e-06,0.08779766022,0,temporal_sigmoid
weighted_rf,S2,2018,2018-03-13,2018-03-07,2018-03-13,2018-03-14,2018-03-16,2018-03-16,1,0,,0,7.065610917e-06,0.08779766022,0,temporal_sigmoid
weighted_rf,S2,2018,2018-03-14,2018-03-08,2018-03-14,2018-03-15,2018-03-17,2018-03-17,1,0,,0,7.065610917e-06,0.08779766022,0,temporal_sigmoid
weighted_rf,S2,2018,2018-03-15,2018-03-09,2018-03-15,2018-03-16,2018-03-18,2018-03-18,1,0,,0,7.065610917e-06,0.08779766022,0,temporal_sigmoid
weighted_rf,S2,2018,2018-03-16,2018-03-10,2018-03-16,2018-03-17,2018-03-19,2018-03-19,1,0,,0,7.065610917e-06,0.08779766022,0,temporal_sigmoid
weighted_rf,S2,2018,2018-03-17,2018-03-11,2018-03-17,2018-03-18,2018-03-20,2018-03-20,1,0,,0,7.065610917e-06,0.08779766022,0,temporal_sigmoid
weighted_rf,S2,2018,2018-03-18,2018-03-12,2018-03-18,2018-03-19,2018-03-21,2018-03-21,1,0,,0,7.065610917e-06,0.08779766022,0,temporal_sigmoid
weighted_rf,S2,2018,2018-03-19,2018-03-13,2018-03-19,2018-03-20,2018-03-22,2018-03-22,1,0,,0,7.065610917e-06,0.08779766022,0,temporal_sigmoid
weighted_rf,S2,2018,2018-03-20,2018-03-14,2018-03-20,2018-03-21,2018-03-23,2018-03-23,1,0,,0,7.065610917e-06,0.08779766022,0,temporal_sigmoid
weighted_rf,S2,2018,2018-03-21,2018-03-15,2018-03-21,2018-03-22,2018-03-24,2018-03-24,1,0,,0,7.065610917e-06,0.08779766022,0,temporal_sigmoid
weighted_rf,S2,2018,2018-03-22,2018-03-16,2018-03-22,2018-03-23,2018-03-25,2018-03-25,1,0,,0,7.065610917e-06,0.08779766022,0,temporal_sigmoid
weighted_rf,S2,2018,2018-03-23,2018-03-17,2018-03-23,2018-03-24,2018-03-26,2018-03-26,1,0,,0,7.065610917e-06,0.08779766022,0,temporal_sigmoid
weighted_rf,S2,2018,2018-03-24,2018-03-18,2018-03-24,2018-03-25,2018-03-27,2018-03-27,1,0,,0,7.065610917e-06,0.08779766022,0,temporal_sigmoid
weighted_rf,S2,2018,2018-03-25,2018-03-19,2018-03-25,2018-03-26,2018-03-28,2018-03-28,1,0,,0.116014414,0.05837923358,0.08779766022,0,temporal_sigmoid
weighted_rf,S2,2018,2018-03-26,2018-03-20,2018-03-26,2018-03-27,2018-03-29,2018-03-29,1,0,,0,7.065610917e-06,0.08779766022,0,temporal_sigmoid
weighted_rf,S2,2018,2018-03-27,2018-03-21,2018-03-27,2018-03-28,2018-03-30,2018-03-30,1,0,,0,7.065610917e-06,0.08779766022,0,temporal_sigmoid
weighted_rf,S2,2018,2018-03-28,2018-03-22,2018-03-28,2018-03-29,2018-03-31,2018-03-31,1,0,,0,7.065610917e-06,0.08779766022,0,temporal_sigmoid
weighted_rf,S2,2018,2018-03-29,2018-03-23,2018-03-29,2018-03-30,2018-04-01,2018-04-01,1,0,,0,7.065610917e-06,0.08779766022,0,temporal_sigmoid
weighted_rf,S2,2018,2018-03-30,2018-03-24,2018-03-30,2018-03-31,2018-04-02,2018-04-02,1,0,,0,7.065610917e-06,0.08779766022,0,temporal_sigmoid
weighted_rf,S2,2018,2018-03-31,2018-03-25,2018-03-31,2018-04-01,2018-04-03,2018-04-03,1,0,,0,7.065610917e-06,0.08779766022,0,temporal_sigmoid
weighted_rf,S2,2018,2018-04-01,2018-03-26,2018-04-01,2018-04-02,2018-04-04,2018-04-04,1,0,,0,7.065610917e-06,0.08779766022,0,temporal_sigmoid
weighted_rf,S2,2018,2018-04-02,2018-03-27,2018-04-02,2018-04-03,2018-04-05,2018-04-05,1,0,,0,7.065610917e-06,0.08779766022,0,temporal_sigmoid
weighted_rf,S2,2018,2018-04-03,2018-03-28,2018-04-03,2018-04-04,2018-04-06,2018-04-06,1,0,,0,7.065610917e-06,0.08779766022,0,temporal_sigmoid
weighted_rf,S2,2018,2018-04-04,2018-03-29,2018-04-04,2018-04-05,2018-04-07,2018-04-07,1,0,,0,7.065610917e-06,0.08779766022,0,temporal_sigmoid
weighted_rf,S2,2018,2018-04-05,2018-03-30,2018-04-05,2018-04-06,2018-04-08,2018-04-08,1,0,,0,7.065610917e-06,0.08779766022,0,temporal_sigmoid
weighted_rf,S2,2018,2018-04-06,2018-03-31,2018-04-06,2018-04-07,2018-04-09,2018-04-09,1,0,,0,7.065610917e-06,0.08779766022,0,temporal_sigmoid
weighted_rf,S2,2018,2018-04-07,2018-04-01,2018-04-07,2018-04-08,2018-04-10,2018-04-10,1,0,,0,7.065610917e-06,0.08779766022,0,temporal_sigmoid
weighted_rf,S2,2018,2018-04-08,2018-04-02,2018-04-08,2018-04-09,2018-04-11,2018-04-11,1,0,,0,7.065610917e-06,0.08779766022,0,temporal_sigmoid
weighted_rf,S2,2018,2018-04-09,2018-04-03,2018-04-09,2018-04-10,2018-04-12,2018-04-12,1,0,,0,7.065610917e-06,0.08779766022,0,temporal_sigmoid
weighted_rf,S2,2018,2018-04-10,2018-04-04,2018-04-10,2018-04-11,2018-04-13,2018-04-13,1,0,,0,7.065610917e-06,0.08779766022,0,temporal_sigmoid
weighted_rf,S2,2018,2018-04-11,2018-04-05,2018-04-11,2018-04-12,2018-04-14,2018-04-14,1,0,,0,7.065610917e-06,0.08779766022,0,temporal_sigmoid
weighted_rf,S2,2018,2018-04-12,2018-04-06,2018-04-12,2018-04-13,2018-04-15,2018-04-15,1,0,,0,7.065610917e-06,0.08779766022,0,temporal_sigmoid
weighted_rf,S2,2018,2018-04-13,2018-04-07,2018-04-13,2018-04-14,2018-04-16,2018-04-16,1,0,,0,7.065610917e-06,0.08779766022,0,temporal_sigmoid
weighted_rf,S2,2018,2018-04-14,2018-04-08,2018-04-14,2018-04-15,2018-04-17,2018-04-17,1,0,,0,7.065610917e-06,0.08779766022,0,temporal_sigmoid
weighted_rf,S2,2018,2018-04-15,2018-04-09,2018-04-15,2018-04-16,2018-04-18,2018-04-18,1,0,,0,7.065610917e-06,0.08779766022,0,temporal_sigmoid
weighted_rf,S2,2018,2018-04-16,2018-04-10,2018-04-16,2018-04-17,2018-04-19,2018-04-19,1,0,,0,7.065610917e-06,0.08779766022,0,temporal_sigmoid
weighted_rf,S2,2018,2018-04-17,2018-04-11,2018-04-17,2018-04-18,2018-04-20,2018-04-20,1,0,,0,7.065610917e-06,0.08779766022,0,temporal_sigmoid
weighted_rf,S2,2018,2018-04-18,2018-04-12,2018-04-18,2018-04-19,2018-04-21,2018-04-21,1,0,,0,7.065610917e-06,0.08779766022,0,temporal_sigmoid
weighted_rf,S2,2018,2018-04-19,2018-04-13,2018-04-19,2018-04-20,2018-04-22,2018-04-22,1,0,,0,7.065610917e-06,0.08779766022,0,temporal_sigmoid
weighted_rf,S2,2018,2018-04-20,2018-04-14,2018-04-20,2018-04-21,2018-04-23,2018-04-23,1,0,,0,7.065610917e-06,0.08779766022,0,temporal_sigmoid
weighted_rf,S2,2018,2018-04-21,2018-04-15,2018-04-21,2018-04-22,2018-04-24,2018-04-24,1,0,,0,7.065610917e-06,0.08779766022,0,temporal_sigmoid
weighted_rf,S2,2018,2018-04-22,2018-04-16,2018-04-22,2018-04-23,2018-04-25,2018-04-25,1,0,,0,7.065610917e-06,0.08779766022,0,temporal_sigmoid
weighted_rf,S2,2018,2018-04-23,2018-04-17,2018-04-23,2018-04-24,2018-04-26,2018-04-26,1,0,,0,7.065610917e-06,0.08779766022,0,temporal_sigmoid
weighted_rf,S2,2018,2018-04-24,2018-04-18,2018-04-24,2018-04-25,2018-04-27,2018-04-27,1,0,,0,7.065610917e-06,0.08779766022,0,temporal_sigmoid
weighted_rf,S2,2018,2018-04-25,2018-04-19,2018-04-25,2018-04-26,2018-04-28,2018-04-28,1,0,,0,7.065610917e-06,0.08779766022,0,temporal_sigmoid
weighted_rf,S2,2018,2018-04-26,2018-04-20,2018-04-26,2018-04-27,2018-04-29,2018-04-29,1,0,,0,7.065610917e-06,0.08779766022,0,temporal_sigmoid
weighted_rf,S2,2018,2018-04-27,2018-04-21,2018-04-27,2018-04-28,2018-04-30,2018-04-30,1,0,,0,7.065610917e-06,0.08779766022,0,temporal_sigmoid
weighted_rf,S2,2018,2018-04-28,2018-04-22,2018-04-28,2018-04-29,2018-05-01,2018-05-01,1,0,,0,7.065610917e-06,0.08779766022,0,temporal_sigmoid
weighted_rf,S2,2018,2018-04-29,2018-04-23,2018-04-29,2018-04-30,2018-05-02,2018-05-02,1,0,,0,7.065610917e-06,0.08779766022,0,temporal_sigmoid
weighted_rf,S2,2018,2018-04-30,2018-04-24,2018-04-30,2018-05-01,2018-05-03,2018-05-03,1,0,,0,7.065610917e-06,0.08779766022,0,temporal_sigmoid
weighted_rf,S2,2018,2018-05-01,2018-04-25,2018-05-01,2018-05-02,2018-05-04,2018-05-04,1,0,,0,7.065610917e-06,0.08779766022,0,temporal_sigmoid
weighted_rf,S2,2018,2018-05-02,2018-04-26,2018-05-02,2018-05-03,2018-05-05,2018-05-05,1,0,,0,7.065610917e-06,0.08779766022,0,temporal_sigmoid
weighted_rf,S2,2018,2018-05-03,2018-04-27,2018-05-03,2018-05-04,2018-05-06,2018-05-06,1,0,,0,7.065610917e-06,0.08779766022,0,temporal_sigmoid
weighted_rf,S2,2018,2018-05-04,2018-04-28,2018-05-04,2018-05-05,2018-05-07,2018-05-07,1,0,,0,7.065610917e-06,0.08779766022,0,temporal_sigmoid
weighted_rf,S2,2018,2018-05-05,2018-04-29,2018-05-05,2018-05-06,2018-05-08,2018-05-08,1,0,,0,7.065610917e-06,0.08779766022,0,temporal_sigmoid
weighted_rf,S2,2018,2018-05-06,2018-04-30,2018-05-06,2018-05-07,2018-05-09,2018-05-09,1,0,,0,7.065610917e-06,0.08779766022,0,temporal_sigmoid
weighted_rf,S2,2018,2018-05-07,2018-05-01,2018-05-07,2018-05-08,2018-05-10,2018-05-10,1,0,,0,7.065610917e-06,0.08779766022,0,temporal_sigmoid
weighted_rf,S2,2018,2018-05-08,2018-05-02,2018-05-08,2018-05-09,2018-05-11,2018-05-11,1,0,,0,7.065610917e-06,0.08779766022,0,temporal_sigmoid
weighted_rf,S2,2018,2018-05-09,2018-05-03,2018-05-09,2018-05-10,2018-05-12,2018-05-12,1,0,,0,7.065610917e-06,0.08779766022,0,temporal_sigmoid
weighted_rf,S2,2018,2018-05-10,2018-05-04,2018-05-10,2018-05-11,2018-05-13,2018-05-13,1,0,,0,7.065610917e-06,0.08779766022,0,temporal_sigmoid
weighted_rf,S2,2018,2018-05-11,2018-05-05,2018-05-11,2018-05-12,2018-05-14,2018-05-14,1,0,,0,7.065610917e-06,0.08779766022,0,temporal_sigmoid
weighted_rf,S2,2018,2018-05-12,2018-05-06,2018-05-12,2018-05-13,2018-05-15,2018-05-15,1,0,,0,7.065610917e-06,0.08779766022,0,temporal_sigmoid
weighted_rf,S2,2018,2018-05-13,2018-05-07,2018-05-13,2018-05-14,2018-05-16,2018-05-16,1,0,,0,7.065610917e-06,0.08779766022,0,temporal_sigmoid
weighted_rf,S2,2018,2018-05-14,2018-05-08,2018-05-14,2018-05-15,2018-05-17,2018-05-17,1,0,,0,7.065610917e-06,0.08779766022,0,temporal_sigmoid
weighted_rf,S2,2018,2018-05-15,2018-05-09,2018-05-15,2018-05-16,2018-05-18,2018-05-18,1,0,,0,7.065610917e-06,0.08779766022,0,temporal_sigmoid
weighted_rf,S2,2018,2018-05-16,2018-05-10,2018-05-16,2018-05-17,2018-05-19,2018-05-19,1,0,,0,7.065610917e-06,0.08779766022,0,temporal_sigmoid
weighted_rf,S2,2018,2018-05-17,2018-05-11,2018-05-17,2018-05-18,2018-05-20,2018-05-20,1,0,,0,7.065610917e-06,0.08779766022,0,temporal_sigmoid
weighted_rf,S2,2018,2018-05-18,2018-05-12,2018-05-18,2018-05-19,2018-05-21,2018-05-21,1,0,,0,7.065610917e-06,0.08779766022,0,temporal_sigmoid
weighted_rf,S2,2018,2018-05-19,2018-05-13,2018-05-19,2018-05-20,2018-05-22,2018-05-22,1,0,,0,7.065610917e-06,0.08779766022,0,temporal_sigmoid
weighted_rf,S2,2018,2018-05-20,2018-05-14,2018-05-20,2018-05-21,2018-05-23,2018-05-23,1,0,,0,7.065610917e-06,0.08779766022,0,temporal_sigmoid
weighted_rf,S2,2018,2018-05-21,2018-05-15,2018-05-21,2018-05-22,2018-05-24,2018-05-24,1,0,,0,7.065610917e-06,0.08779766022,0,temporal_sigmoid
weighted_rf,S2,2018,2018-05-22,2018-05-16,2018-05-22,2018-05-23,2018-05-25,2018-05-25,1,0,,0,7.065610917e-06,0.08779766022,0,temporal_sigmoid
weighted_rf,S2,2018,2018-05-23,2018-05-17,2018-05-23,2018-05-24,2018-05-26,2018-05-26,1,0,,0,7.065610917e-06,0.08779766022,0,temporal_sigmoid
weighted_rf,S2,2018,2018-05-24,2018-05-18,2018-05-24,2018-05-25,2018-05-27,2018-05-27,1,0,,0,7.065610917e-06,0.08779766022,0,temporal_sigmoid
weighted_rf,S2,2018,2018-05-25,2018-05-19,2018-05-25,2018-05-26,2018-05-28,2018-05-28,1,0,,0,7.065610917e-06,0.08779766022,0,temporal_sigmoid
weighted_rf,S2,2018,2018-05-26,2018-05-20,2018-05-26,2018-05-27,2018-05-29,2018-05-29,1,0,,0.01104999433,0.009206067895,0.08779766022,0,temporal_sigmoid
weighted_rf,S2,2018,2018-05-27,2018-05-21,2018-05-27,2018-05-28,2018-05-30,2018-05-30,1,0,,0.01234396375,0.01002778484,0.08779766022,0,temporal_sigmoid
weighted_rf,S2,2018,2018-05-28,2018-05-22,2018-05-28,2018-05-29,2018-05-31,2018-05-31,1,0,,0,7.065610917e-06,0.08779766022,0,temporal_sigmoid
weighted_rf,S2,2018,2018-05-29,2018-05-23,2018-05-29,2018-05-30,2018-06-01,2018-06-01,1,0,,0,7.065610917e-06,0.08779766022,0,temporal_sigmoid
weighted_rf,S2,2018,2018-05-30,2018-05-24,2018-05-30,2018-05-31,2018-06-02,2018-06-02,1,0,,0,7.065610917e-06,0.08779766022,0,temporal_sigmoid
weighted_rf,S2,2018,2018-05-31,2018-05-25,2018-05-31,2018-06-01,2018-06-03,2018-06-03,1,0,,0,7.065610917e-06,0.08779766022,0,temporal_sigmoid
weighted_rf,S2,2018,2018-06-01,2018-05-26,2018-06-01,2018-06-02,2018-06-04,2018-06-04,1,0,,0,7.065610917e-06,0.08779766022,0,temporal_sigmoid
weighted_rf,S2,2018,2018-06-02,2018-05-27,2018-06-02,2018-06-03,2018-06-05,2018-06-05,1,0,,0,7.065610917e-06,0.08779766022,0,temporal_sigmoid
weighted_rf,S2,2018,2018-06-03,2018-05-28,2018-06-03,2018-06-04,2018-06-06,2018-06-06,1,0,,0,7.065610917e-06,0.08779766022,0,temporal_sigmoid
weighted_rf,S2,2018,2018-06-04,2018-05-29,2018-06-04,2018-06-05,2018-06-07,2018-06-07,1,0,,0,7.065610917e-06,0.08779766022,0,temporal_sigmoid
weighted_rf,S2,2018,2018-06-05,2018-05-30,2018-06-05,2018-06-06,2018-06-08,2018-06-08,1,0,,0,7.065610917e-06,0.08779766022,0,temporal_sigmoid
weighted_rf,S2,2018,2018-06-06,2018-05-31,2018-06-06,2018-06-07,2018-06-09,2018-06-09,1,0,,0,7.065610917e-06,0.08779766022,0,temporal_sigmoid
weighted_rf,S2,2018,2018-06-07,2018-06-01,2018-06-07,2018-06-08,2018-06-10,2018-06-10,1,0,,0.007589587559,0.00689008695,0.08779766022,0,temporal_sigmoid
weighted_rf,S2,2018,2018-06-08,2018-06-02,2018-06-08,2018-06-09,2018-06-11,2018-06-11,1,0,,0.03852702733,0.02425230188,0.08779766022,0,temporal_sigmoid
weighted_rf,S2,2018,2018-06-09,2018-06-03,2018-06-09,2018-06-10,2018-06-12,2018-06-12,1,0,,0.006229773463,0.005917366998,0.08779766022,0,temporal_sigmoid
weighted_rf,S2,2018,2018-06-10,2018-06-04,2018-06-10,2018-06-11,2018-06-13,2018-06-13,1,0,,0,7.065610917e-06,0.08779766022,0,temporal_sigmoid
weighted_rf,S2,2018,2018-06-11,2018-06-05,2018-06-11,2018-06-12,2018-06-14,2018-06-14,1,0,,0,7.065610917e-06,0.08779766022,0,temporal_sigmoid
weighted_rf,S2,2018,2018-06-12,2018-06-06,2018-06-12,2018-06-13,2018-06-15,2018-06-15,1,0,,0,7.065610917e-06,0.08779766022,0,temporal_sigmoid
weighted_rf,S2,2018,2018-06-13,2018-06-07,2018-06-13,2018-06-14,2018-06-16,2018-06-16,1,0,,0,7.065610917e-06,0.08779766022,0,temporal_sigmoid
weighted_rf,S2,2018,2018-06-14,2018-06-08,2018-06-14,2018-06-15,2018-06-17,2018-06-17,1,0,,0,7.065610917e-06,0.08779766022,0,temporal_sigmoid
weighted_rf,S2,2018,2018-06-15,2018-06-09,2018-06-15,2018-06-16,2018-06-18,2018-06-18,1,0,,0,7.065610917e-06,0.08779766022,0,temporal_sigmoid
weighted_rf,S2,2018,2018-06-16,2018-06-10,2018-06-16,2018-06-17,2018-06-19,2018-06-19,1,0,,0,7.065610917e-06,0.08779766022,0,temporal_sigmoid
weighted_rf,S2,2018,2018-06-17,2018-06-11,2018-06-17,2018-06-18,2018-06-20,2018-06-20,1,0,,0,7.065610917e-06,0.08779766022,0,temporal_sigmoid
weighted_rf,S2,2018,2018-06-18,2018-06-12,2018-06-18,2018-06-19,2018-06-21,2018-06-21,1,0,,0,7.065610917e-06,0.08779766022,0,temporal_sigmoid
weighted_rf,S2,2018,2018-06-19,2018-06-13,2018-06-19,2018-06-20,2018-06-22,2018-06-22,1,0,,0,7.065610917e-06,0.08779766022,0,temporal_sigmoid
weighted_rf,S2,2018,2018-06-20,2018-06-14,2018-06-20,2018-06-21,2018-06-23,2018-06-23,1,0,,0,7.065610917e-06,0.08779766022,0,temporal_sigmoid
weighted_rf,S2,2018,2018-06-21,2018-06-15,2018-06-21,2018-06-22,2018-06-24,2018-06-24,1,0,,0,7.065610917e-06,0.08779766022,0,temporal_sigmoid
weighted_rf,S2,2018,2018-06-22,2018-06-16,2018-06-22,2018-06-23,2018-06-25,2018-06-25,1,0,,0,7.065610917e-06,0.08779766022,0,temporal_sigmoid
weighted_rf,S2,2018,2018-06-23,2018-06-17,2018-06-23,2018-06-24,2018-06-26,2018-06-26,1,0,,0,7.065610917e-06,0.08779766022,0,temporal_sigmoid
weighted_rf,S2,2018,2018-06-24,2018-06-18,2018-06-24,2018-06-25,2018-06-27,2018-06-27,1,0,,0,7.065610917e-06,0.08779766022,0,temporal_sigmoid
weighted_rf,S2,2018,2018-06-25,2018-06-19,2018-06-25,2018-06-26,2018-06-28,2018-06-28,1,0,,0,7.065610917e-06,0.08779766022,0,temporal_sigmoid
weighted_rf,S2,2018,2018-06-26,2018-06-20,2018-06-26,2018-06-27,2018-06-29,2018-06-29,1,0,,0,7.065610917e-06,0.08779766022,0,temporal_sigmoid
weighted_rf,S2,2018,2018-06-27,2018-06-21,2018-06-27,2018-06-28,2018-06-30,2018-06-30,1,0,,0,7.065610917e-06,0.08779766022,0,temporal_sigmoid
weighted_rf,S2,2019,2019-02-28,2019-02-22,2019-02-28,2019-03-01,2019-03-03,2019-03-03,1,0,,0,1.615939176e-05,0.02866754442,0,temporal_sigmoid
weighted_rf,S2,2019,2019-03-01,2019-02-23,2019-03-01,2019-03-02,2019-03-04,2019-03-04,1,0,,0,1.615939176e-05,0.02866754442,0,temporal_sigmoid
weighted_rf,S2,2019,2019-03-02,2019-02-24,2019-03-02,2019-03-03,2019-03-05,2019-03-05,1,0,,0,1.615939176e-05,0.02866754442,0,temporal_sigmoid
weighted_rf,S2,2019,2019-03-03,2019-02-25,2019-03-03,2019-03-04,2019-03-06,2019-03-06,1,0,,0,1.615939176e-05,0.02866754442,0,temporal_sigmoid
weighted_rf,S2,2019,2019-03-04,2019-02-26,2019-03-04,2019-03-05,2019-03-07,2019-03-07,1,0,,0.007661447054,0.01626688473,0.02866754442,0,temporal_sigmoid
weighted_rf,S2,2019,2019-03-05,2019-02-27,2019-03-05,2019-03-06,2019-03-08,2019-03-08,1,0,,0,1.615939176e-05,0.02866754442,0,temporal_sigmoid
weighted_rf,S2,2019,2019-03-06,2019-02-28,2019-03-06,2019-03-07,2019-03-09,2019-03-09,1,0,,0,1.615939176e-05,0.02866754442,0,temporal_sigmoid
weighted_rf,S2,2019,2019-03-07,2019-03-01,2019-03-07,2019-03-08,2019-03-10,2019-03-10,1,0,,0,1.615939176e-05,0.02866754442,0,temporal_sigmoid
weighted_rf,S2,2019,2019-03-08,2019-03-02,2019-03-08,2019-03-09,2019-03-11,2019-03-11,1,0,,0,1.615939176e-05,0.02866754442,0,temporal_sigmoid
weighted_rf,S2,2019,2019-03-09,2019-03-03,2019-03-09,2019-03-10,2019-03-12,2019-03-12,1,0,,0,1.615939176e-05,0.02866754442,0,temporal_sigmoid
weighted_rf,S2,2019,2019-03-10,2019-03-04,2019-03-10,2019-03-11,2019-03-13,2019-03-13,1,0,,0,1.615939176e-05,0.02866754442,0,temporal_sigmoid
weighted_rf,S2,2019,2019-03-11,2019-03-05,2019-03-11,2019-03-12,2019-03-14,2019-03-14,1,0,,0,1.615939176e-05,0.02866754442,0,temporal_sigmoid
weighted_rf,S2,2019,2019-03-12,2019-03-06,2019-03-12,2019-03-13,2019-03-15,2019-03-15,1,0,,0,1.615939176e-05,0.02866754442,0,temporal_sigmoid
weighted_rf,S2,2019,2019-03-13,2019-03-07,2019-03-13,2019-03-14,2019-03-16,2019-03-16,1,0,,0,1.615939176e-05,0.02866754442,0,temporal_sigmoid
weighted_rf,S2,2019,2019-03-14,2019-03-08,2019-03-14,2019-03-15,2019-03-17,2019-03-17,1,0,,0,1.615939176e-05,0.02866754442,0,temporal_sigmoid
weighted_rf,S2,2019,2019-03-15,2019-03-09,2019-03-15,2019-03-16,2019-03-18,2019-03-18,1,0,,0.0159580919,0.02853680982,0.02866754442,0,temporal_sigmoid
weighted_rf,S2,2019,2019-03-16,2019-03-10,2019-03-16,2019-03-17,2019-03-19,2019-03-19,1,0,,0.01603661414,0.02864407294,0.02866754442,0,temporal_sigmoid
weighted_rf,S2,2019,2019-03-17,2019-03-11,2019-03-17,2019-03-18,2019-03-20,2019-03-20,1,0,,0.09696691774,0.1126411341,0.02866754442,1,temporal_sigmoid
weighted_rf,S2,2019,2019-03-18,2019-03-12,2019-03-18,2019-03-19,2019-03-21,2019-03-21,1,0,,0.02444689794,0.03951886916,0.02866754442,1,temporal_sigmoid
weighted_rf,S2,2019,2019-03-19,2019-03-13,2019-03-19,2019-03-20,2019-03-22,2019-03-22,1,0,,0,1.615939176e-05,0.02866754442,0,temporal_sigmoid
weighted_rf,S2,2019,2019-03-20,2019-03-14,2019-03-20,2019-03-21,2019-03-23,2019-03-23,1,0,,0,1.615939176e-05,0.02866754442,0,temporal_sigmoid
weighted_rf,S2,2019,2019-03-21,2019-03-15,2019-03-21,2019-03-22,2019-03-24,2019-03-24,1,0,,0.007823129252,0.01652971267,0.02866754442,0,temporal_sigmoid
weighted_rf,S2,2019,2019-03-22,2019-03-16,2019-03-22,2019-03-23,2019-03-25,2019-03-25,1,0,,0.008083059596,0.0169495662,0.02866754442,0,temporal_sigmoid
weighted_rf,S2,2019,2019-03-23,2019-03-17,2019-03-23,2019-03-24,2019-03-26,2019-03-26,1,0,,0.09703764115,0.1127036334,0.02866754442,1,temporal_sigmoid
weighted_rf,S2,2019,2019-03-24,2019-03-18,2019-03-24,2019-03-25,2019-03-27,2019-03-27,1,0,,0.04108349964,0.05866667974,0.02866754442,1,temporal_sigmoid
weighted_rf,S2,2019,2019-03-25,2019-03-19,2019-03-25,2019-03-26,2019-03-28,2019-03-28,1,0,,0.06304700425,0.0812191693,0.02866754442,1,temporal_sigmoid
weighted_rf,S2,2019,2019-03-26,2019-03-20,2019-03-26,2019-03-27,2019-03-29,2019-03-29,1,0,,0.05699939341,0.07523295521,0.02866754442,1,temporal_sigmoid
weighted_rf,S2,2019,2019-03-27,2019-03-21,2019-03-27,2019-03-28,2019-03-30,2019-03-30,1,0,,0.01584642782,0.02838405402,0.02866754442,0,temporal_sigmoid
weighted_rf,S2,2019,2019-03-28,2019-03-22,2019-03-28,2019-03-29,2019-03-31,2019-03-31,1,0,,0.03901730168,0.05641006987,0.02866754442,1,temporal_sigmoid
weighted_rf,S2,2019,2019-03-29,2019-03-23,2019-03-29,2019-03-30,2019-04-01,2019-04-01,1,0,,0.008288288288,0.01727879698,0.02866754442,0,temporal_sigmoid
weighted_rf,S2,2019,2019-03-30,2019-03-24,2019-03-30,2019-03-31,2019-04-02,2019-04-02,1,0,,0.008288288288,0.01727879698,0.02866754442,0,temporal_sigmoid
weighted_rf,S2,2019,2019-03-31,2019-03-25,2019-03-31,2019-04-01,2019-04-03,2019-04-03,1,0,,0.008014492754,0.01683912903,0.02866754442,0,temporal_sigmoid
weighted_rf,S2,2019,2019-04-01,2019-03-26,2019-04-01,2019-04-02,2019-04-04,2019-04-04,1,0,,0,1.615939176e-05,0.02866754442,0,temporal_sigmoid
weighted_rf,S2,2019,2019-04-02,2019-03-27,2019-04-02,2019-04-03,2019-04-05,2019-04-05,1,0,,0,1.615939176e-05,0.02866754442,0,temporal_sigmoid
weighted_rf,S2,2019,2019-04-03,2019-03-28,2019-04-03,2019-04-04,2019-04-06,2019-04-06,1,0,,0,1.615939176e-05,0.02866754442,0,temporal_sigmoid
weighted_rf,S2,2019,2019-04-04,2019-03-29,2019-04-04,2019-04-05,2019-04-07,2019-04-07,1,0,,0,1.615939176e-05,0.02866754442,0,temporal_sigmoid
weighted_rf,S2,2019,2019-04-05,2019-03-30,2019-04-05,2019-04-06,2019-04-08,2019-04-08,1,0,,0,1.615939176e-05,0.02866754442,0,temporal_sigmoid
weighted_rf,S2,2019,2019-04-06,2019-03-31,2019-04-06,2019-04-07,2019-04-09,2019-04-09,1,0,,0,1.615939176e-05,0.02866754442,0,temporal_sigmoid
weighted_rf,S2,2019,2019-04-07,2019-04-01,2019-04-07,2019-04-08,2019-04-10,2019-04-10,1,0,,0,1.615939176e-05,0.02866754442,0,temporal_sigmoid
weighted_rf,S2,2019,2019-04-08,2019-04-02,2019-04-08,2019-04-09,2019-04-11,2019-04-11,1,0,,0,1.615939176e-05,0.02866754442,0,temporal_sigmoid
weighted_rf,S2,2019,2019-04-09,2019-04-03,2019-04-09,2019-04-10,2019-04-12,2019-04-12,1,0,,0,1.615939176e-05,0.02866754442,0,temporal_sigmoid
weighted_rf,S2,2019,2019-04-10,2019-04-04,2019-04-10,2019-04-11,2019-04-13,2019-04-13,1,0,,0,1.615939176e-05,0.02866754442,0,temporal_sigmoid
weighted_rf,S2,2019,2019-04-11,2019-04-05,2019-04-11,2019-04-12,2019-04-14,2019-04-14,1,0,,0,1.615939176e-05,0.02866754442,0,temporal_sigmoid
weighted_rf,S2,2019,2019-04-12,2019-04-06,2019-04-12,2019-04-13,2019-04-15,2019-04-15,1,0,,0,1.615939176e-05,0.02866754442,0,temporal_sigmoid
weighted_rf,S2,2019,2019-04-13,2019-04-07,2019-04-13,2019-04-14,2019-04-16,2019-04-16,1,0,,0,1.615939176e-05,0.02866754442,0,temporal_sigmoid
weighted_rf,S2,2019,2019-04-14,2019-04-08,2019-04-14,2019-04-15,2019-04-17,2019-04-17,1,0,,0,1.615939176e-05,0.02866754442,0,temporal_sigmoid
weighted_rf,S2,2019,2019-04-15,2019-04-09,2019-04-15,2019-04-16,2019-04-18,2019-04-18,1,0,,0,1.615939176e-05,0.02866754442,0,temporal_sigmoid
weighted_rf,S2,2019,2019-04-16,2019-04-10,2019-04-16,2019-04-17,2019-04-19,2019-04-19,1,0,,0.00795500491,0.0167431329,0.02866754442,0,temporal_sigmoid
weighted_rf,S2,2019,2019-04-17,2019-04-11,2019-04-17,2019-04-18,2019-04-20,2019-04-20,1,0,,0,1.615939176e-05,0.02866754442,0,temporal_sigmoid
weighted_rf,S2,2019,2019-04-18,2019-04-12,2019-04-18,2019-04-19,2019-04-21,2019-04-21,1,0,,0,1.615939176e-05,0.02866754442,0,temporal_sigmoid
weighted_rf,S2,2019,2019-04-19,2019-04-13,2019-04-19,2019-04-20,2019-04-22,2019-04-22,1,0,,0.0156137024,0.02806484701,0.02866754442,0,temporal_sigmoid
weighted_rf,S2,2019,2019-04-20,2019-04-14,2019-04-20,2019-04-21,2019-04-23,2019-04-23,1,0,,0.01571579688,0.02820502081,0.02866754442,0,temporal_sigmoid
weighted_rf,S2,2019,2019-04-21,2019-04-15,2019-04-21,2019-04-22,2019-04-24,2019-04-24,1,0,,0,1.615939176e-05,0.02866754442,0,temporal_sigmoid
weighted_rf,S2,2019,2019-04-22,2019-04-16,2019-04-22,2019-04-23,2019-04-25,2019-04-25,1,0,,0.007963476653,0.01675681423,0.02866754442,0,temporal_sigmoid
weighted_rf,S2,2019,2019-04-23,2019-04-17,2019-04-23,2019-04-24,2019-04-26,2019-04-26,1,0,,0,1.615939176e-05,0.02866754442,0,temporal_sigmoid
weighted_rf,S2,2019,2019-04-24,2019-04-18,2019-04-24,2019-04-25,2019-04-27,2019-04-27,1,0,,0.07065584787,0.08855839525,0.02866754442,1,temporal_sigmoid
weighted_rf,S2,2019,2019-04-25,2019-04-19,2019-04-25,2019-04-26,2019-04-28,2019-04-28,1,0,,0.07237622339,0.0901910215,0.02866754442,1,temporal_sigmoid
weighted_rf,S2,2019,2019-04-26,2019-04-20,2019-04-26,2019-04-27,2019-04-29,2019-04-29,1,0,,0.04008469989,0.05757938892,0.02866754442,1,temporal_sigmoid
weighted_rf,S2,2019,2019-04-27,2019-04-21,2019-04-27,2019-04-28,2019-04-30,2019-04-30,1,0,,0.08061248258,0.09788445593,0.02866754442,1,temporal_sigmoid
weighted_rf,S2,2019,2019-04-28,2019-04-22,2019-04-28,2019-04-29,2019-05-01,2019-05-01,1,0,,0.09486381899,0.1107777914,0.02866754442,1,temporal_sigmoid
weighted_rf,S2,2019,2019-04-29,2019-04-23,2019-04-29,2019-04-30,2019-05-02,2019-05-02,1,0,,0.2774851244,0.2540116404,0.02866754442,1,temporal_sigmoid
weighted_rf,S2,2019,2019-04-30,2019-04-24,2019-04-30,2019-05-01,2019-05-03,2019-05-03,1,0,,0.4984430304,0.4155127215,0.02866754442,1,temporal_sigmoid
weighted_rf,S2,2019,2019-05-01,2019-04-25,2019-05-01,2019-05-02,2019-05-04,2019-05-04,1,0,,0.4269948358,0.3625940004,0.02866754442,1,temporal_sigmoid
weighted_rf,S2,2019,2019-05-02,2019-04-26,2019-05-02,2019-05-03,2019-05-05,2019-05-05,1,0,,0.4413062195,0.3730825176,0.02866754442,1,temporal_sigmoid
weighted_rf,S2,2019,2019-05-03,2019-04-27,2019-05-03,2019-05-04,2019-05-06,2019-05-06,1,0,,0,1.615939176e-05,0.02866754442,0,temporal_sigmoid
weighted_rf,S2,2019,2019-05-04,2019-04-28,2019-05-04,2019-05-05,2019-05-07,2019-05-07,1,0,,0,1.615939176e-05,0.02866754442,0,temporal_sigmoid
weighted_rf,S2,2019,2019-05-05,2019-04-29,2019-05-05,2019-05-06,2019-05-08,2019-05-08,1,0,,0,1.615939176e-05,0.02866754442,0,temporal_sigmoid
weighted_rf,S2,2019,2019-05-06,2019-04-30,2019-05-06,2019-05-07,2019-05-09,2019-05-09,1,0,,0,1.615939176e-05,0.02866754442,0,temporal_sigmoid
weighted_rf,S2,2019,2019-05-07,2019-05-01,2019-05-07,2019-05-08,2019-05-10,2019-05-10,1,0,,0.01638250941,0.02911507199,0.02866754442,1,temporal_sigmoid
weighted_rf,S2,2019,2019-05-08,2019-05-02,2019-05-08,2019-05-09,2019-05-11,2019-05-11,1,0,,0.05658178548,0.07481407321,0.02866754442,1,temporal_sigmoid
weighted_rf,S2,2019,2019-05-09,2019-05-03,2019-05-09,2019-05-10,2019-05-12,2019-05-12,1,0,,0.05595180276,0.07418074844,0.02866754442,1,temporal_sigmoid
weighted_rf,S2,2019,2019-05-10,2019-05-04,2019-05-10,2019-05-11,2019-05-13,2019-05-13,1,0,,0.1220543011,0.1342284683,0.02866754442,1,temporal_sigmoid
weighted_rf,S2,2019,2019-05-11,2019-05-05,2019-05-11,2019-05-12,2019-05-14,2019-05-14,1,0,,0.2145208009,0.2072991554,0.02866754442,1,temporal_sigmoid
weighted_rf,S2,2019,2019-05-12,2019-05-06,2019-05-12,2019-05-13,2019-05-15,2019-05-15,1,0,,0.1605017779,0.165565388,0.02866754442,1,temporal_sigmoid
weighted_rf,S2,2019,2019-05-13,2019-05-07,2019-05-13,2019-05-14,2019-05-16,2019-05-16,1,0,,0.03175507388,0.04823051733,0.02866754442,1,temporal_sigmoid
weighted_rf,S2,2019,2019-05-14,2019-05-08,2019-05-14,2019-05-15,2019-05-17,2019-05-17,1,0,,0,1.615939176e-05,0.02866754442,0,temporal_sigmoid
weighted_rf,S2,2019,2019-05-15,2019-05-09,2019-05-15,2019-05-16,2019-05-18,2019-05-18,1,0,,0,1.615939176e-05,0.02866754442,0,temporal_sigmoid
weighted_rf,S2,2019,2019-05-16,2019-05-10,2019-05-16,2019-05-17,2019-05-19,2019-05-19,1,0,,0,1.615939176e-05,0.02866754442,0,temporal_sigmoid
weighted_rf,S2,2019,2019-05-17,2019-05-11,2019-05-17,2019-05-18,2019-05-20,2019-05-20,1,0,,0.01501678657,0.02724079578,0.02866754442,0,temporal_sigmoid
weighted_rf,S2,2019,2019-05-18,2019-05-12,2019-05-18,2019-05-19,2019-05-21,2019-05-21,1,0,,0.03216174753,0.04869987346,0.02866754442,1,temporal_sigmoid
weighted_rf,S2,2019,2019-05-19,2019-05-13,2019-05-19,2019-05-20,2019-05-22,2019-05-22,1,0,,0.007963476653,0.01675681423,0.02866754442,0,temporal_sigmoid
weighted_rf,S2,2019,2019-05-20,2019-05-14,2019-05-20,2019-05-21,2019-05-23,2019-05-23,1,0,,0,1.615939176e-05,0.02866754442,0,temporal_sigmoid
weighted_rf,S2,2019,2019-05-21,2019-05-15,2019-05-21,2019-05-22,2019-05-24,2019-05-24,1,0,,0,1.615939176e-05,0.02866754442,0,temporal_sigmoid
weighted_rf,S2,2019,2019-05-22,2019-05-16,2019-05-22,2019-05-23,2019-05-25,2019-05-25,1,0,,0.03194743403,0.04845270901,0.02866754442,1,temporal_sigmoid
weighted_rf,S2,2019,2019-05-23,2019-05-17,2019-05-23,2019-05-24,2019-05-26,2019-05-26,1,0,,0,1.615939176e-05,0.02866754442,0,temporal_sigmoid
weighted_rf,S2,2019,2019-05-24,2019-05-18,2019-05-24,2019-05-25,2019-05-27,2019-05-27,1,0,,0,1.615939176e-05,0.02866754442,0,temporal_sigmoid
weighted_rf,S2,2019,2019-05-25,2019-05-19,2019-05-25,2019-05-26,2019-05-28,2019-05-28,1,0,,0,1.615939176e-05,0.02866754442,0,temporal_sigmoid
weighted_rf,S2,2019,2019-05-26,2019-05-20,2019-05-26,2019-05-27,2019-05-29,2019-05-29,1,0,,0,1.615939176e-05,0.02866754442,0,temporal_sigmoid
weighted_rf,S2,2019,2019-05-27,2019-05-21,2019-05-27,2019-05-28,2019-05-30,2019-05-30,1,0,,0,1.615939176e-05,0.02866754442,0,temporal_sigmoid
weighted_rf,S2,2019,2019-05-28,2019-05-22,2019-05-28,2019-05-29,2019-05-31,2019-05-31,1,0,,0.007960651759,0.01675225259,0.02866754442,0,temporal_sigmoid
weighted_rf,S2,2019,2019-05-29,2019-05-23,2019-05-29,2019-05-30,2019-06-01,2019-06-01,1,0,,0.007960651759,0.01675225259,0.02866754442,0,temporal_sigmoid
weighted_rf,S2,2019,2019-05-30,2019-05-24,2019-05-30,2019-05-31,2019-06-02,2019-06-02,1,0,,0.007960651759,0.01675225259,0.02866754442,0,temporal_sigmoid
weighted_rf,S2,2019,2019-05-31,2019-05-25,2019-05-31,2019-06-01,2019-06-03,2019-06-03,1,0,,0,1.615939176e-05,0.02866754442,0,temporal_sigmoid
weighted_rf,S2,2019,2019-06-01,2019-05-26,2019-06-01,2019-06-02,2019-06-04,2019-06-04,1,0,,0,1.615939176e-05,0.02866754442,0,temporal_sigmoid
weighted_rf,S2,2019,2019-06-02,2019-05-27,2019-06-02,2019-06-03,2019-06-05,2019-06-05,1,0,,0,1.615939176e-05,0.02866754442,0,temporal_sigmoid
weighted_rf,S2,2019,2019-06-03,2019-05-28,2019-06-03,2019-06-04,2019-06-06,2019-06-06,1,0,,0,1.615939176e-05,0.02866754442,0,temporal_sigmoid
weighted_rf,S2,2019,2019-06-04,2019-05-29,2019-06-04,2019-06-05,2019-06-07,2019-06-07,1,0,,0,1.615939176e-05,0.02866754442,0,temporal_sigmoid
weighted_rf,S2,2019,2019-06-05,2019-05-30,2019-06-05,2019-06-06,2019-06-08,2019-06-08,1,0,,0,1.615939176e-05,0.02866754442,0,temporal_sigmoid
weighted_rf,S2,2019,2019-06-06,2019-05-31,2019-06-06,2019-06-07,2019-06-09,2019-06-09,1,0,,0,1.615939176e-05,0.02866754442,0,temporal_sigmoid
weighted_rf,S2,2019,2019-06-07,2019-06-01,2019-06-07,2019-06-08,2019-06-10,2019-06-10,1,0,,0,1.615939176e-05,0.02866754442,0,temporal_sigmoid
weighted_rf,S2,2019,2019-06-08,2019-06-02,2019-06-08,2019-06-09,2019-06-11,2019-06-11,1,0,,0,1.615939176e-05,0.02866754442,0,temporal_sigmoid
weighted_rf,S2,2019,2019-06-09,2019-06-03,2019-06-09,2019-06-10,2019-06-12,2019-06-12,1,0,,0,1.615939176e-05,0.02866754442,0,temporal_sigmoid
weighted_rf,S2,2019,2019-06-10,2019-06-04,2019-06-10,2019-06-11,2019-06-13,2019-06-13,1,0,,0,1.615939176e-05,0.02866754442,0,temporal_sigmoid
weighted_rf,S2,2019,2019-06-11,2019-06-05,2019-06-11,2019-06-12,2019-06-14,2019-06-14,1,0,,0,1.615939176e-05,0.02866754442,0,temporal_sigmoid
weighted_rf,S2,2019,2019-06-12,2019-06-06,2019-06-12,2019-06-13,2019-06-15,2019-06-15,1,0,,0.02384259147,0.03877194632,0.02866754442,1,temporal_sigmoid
weighted_rf,S2,2019,2019-06-13,2019-06-07,2019-06-13,2019-06-14,2019-06-16,2019-06-16,1,0,,0.01577526606,0.02828656936,0.02866754442,0,temporal_sigmoid
weighted_rf,S2,2019,2019-06-14,2019-06-08,2019-06-14,2019-06-15,2019-06-17,2019-06-17,1,0,,0,1.615939176e-05,0.02866754442,0,temporal_sigmoid
weighted_rf,S2,2019,2019-06-15,2019-06-09,2019-06-15,2019-06-16,2019-06-18,2019-06-18,1,0,,0,1.615939176e-05,0.02866754442,0,temporal_sigmoid
weighted_rf,S2,2019,2019-06-16,2019-06-10,2019-06-16,2019-06-17,2019-06-19,2019-06-19,1,0,,0,1.615939176e-05,0.02866754442,0,temporal_sigmoid
weighted_rf,S2,2019,2019-06-17,2019-06-11,2019-06-17,2019-06-18,2019-06-20,2019-06-20,1,0,,0,1.615939176e-05,0.02866754442,0,temporal_sigmoid
weighted_rf,S2,2019,2019-06-18,2019-06-12,2019-06-18,2019-06-19,2019-06-21,2019-06-21,1,0,,0,1.615939176e-05,0.02866754442,0,temporal_sigmoid
weighted_rf,S2,2019,2019-06-19,2019-06-13,2019-06-19,2019-06-20,2019-06-22,2019-06-22,1,0,,0.01504397196,0.02727849553,0.02866754442,0,temporal_sigmoid
weighted_rf,S2,2019,2019-06-20,2019-06-14,2019-06-20,2019-06-21,2019-06-23,2019-06-23,1,0,,0,1.615939176e-05,0.02866754442,0,temporal_sigmoid
weighted_rf,S2,2019,2019-06-21,2019-06-15,2019-06-21,2019-06-22,2019-06-24,2019-06-24,1,0,,0,1.615939176e-05,0.02866754442,0,temporal_sigmoid
weighted_rf,S2,2019,2019-06-22,2019-06-16,2019-06-22,2019-06-23,2019-06-25,2019-06-25,1,0,,0,1.615939176e-05,0.02866754442,0,temporal_sigmoid
weighted_rf,S2,2019,2019-06-23,2019-06-17,2019-06-23,2019-06-24,2019-06-26,2019-06-26,1,0,,0,1.615939176e-05,0.02866754442,0,temporal_sigmoid
weighted_rf,S2,2019,2019-06-24,2019-06-18,2019-06-24,2019-06-25,2019-06-27,2019-06-27,1,0,,0.008148640662,0.01705498611,0.02866754442,0,temporal_sigmoid
weighted_rf,S2,2019,2019-06-25,2019-06-19,2019-06-25,2019-06-26,2019-06-28,2019-06-28,1,0,,0,1.615939176e-05,0.02866754442,0,temporal_sigmoid
weighted_rf,S2,2019,2019-06-26,2019-06-20,2019-06-26,2019-06-27,2019-06-29,2019-06-29,1,0,,0,1.615939176e-05,0.02866754442,0,temporal_sigmoid
weighted_rf,S2,2019,2019-06-27,2019-06-21,2019-06-27,2019-06-28,2019-06-30,2019-06-30,1,0,,0,1.615939176e-05,0.02866754442,0,temporal_sigmoid
weighted_rf,S2,2020,2020-02-29,2020-02-23,2020-02-29,2020-03-01,2020-03-03,2020-03-03,1,0,,0.007926829268,0.03103872346,0.03162363416,0,temporal_sigmoid
weighted_rf,S2,2020,2020-03-01,2020-02-24,2020-03-01,2020-03-02,2020-03-04,2020-03-04,1,0,,0,0.0002903011393,0.03162363416,0,temporal_sigmoid
weighted_rf,S2,2020,2020-03-02,2020-02-25,2020-03-02,2020-03-03,2020-03-05,2020-03-05,1,0,,0,0.0002903011393,0.03162363416,0,temporal_sigmoid
weighted_rf,S2,2020,2020-03-03,2020-02-26,2020-03-03,2020-03-04,2020-03-06,2020-03-06,1,0,,0,0.0002903011393,0.03162363416,0,temporal_sigmoid
weighted_rf,S2,2020,2020-03-04,2020-02-27,2020-03-04,2020-03-05,2020-03-07,2020-03-07,1,0,,0,0.0002903011393,0.03162363416,0,temporal_sigmoid
weighted_rf,S2,2020,2020-03-05,2020-02-28,2020-03-05,2020-03-06,2020-03-08,2020-03-08,1,0,,0.008168402778,0.03151868005,0.03162363416,0,temporal_sigmoid
weighted_rf,S2,2020,2020-03-06,2020-02-29,2020-03-06,2020-03-07,2020-03-09,2020-03-09,1,0,,0,0.0002903011393,0.03162363416,0,temporal_sigmoid
weighted_rf,S2,2020,2020-03-07,2020-03-01,2020-03-07,2020-03-08,2020-03-10,2020-03-10,1,0,,0,0.0002903011393,0.03162363416,0,temporal_sigmoid
weighted_rf,S2,2020,2020-03-08,2020-03-02,2020-03-08,2020-03-09,2020-03-11,2020-03-11,1,0,,0,0.0002903011393,0.03162363416,0,temporal_sigmoid
weighted_rf,S2,2020,2020-03-09,2020-03-03,2020-03-09,2020-03-10,2020-03-12,2020-03-12,1,0,,0.007926829268,0.03103872346,0.03162363416,0,temporal_sigmoid
weighted_rf,S2,2020,2020-03-10,2020-03-04,2020-03-10,2020-03-11,2020-03-13,2020-03-13,1,0,,0,0.0002903011393,0.03162363416,0,temporal_sigmoid
weighted_rf,S2,2020,2020-03-11,2020-03-05,2020-03-11,2020-03-12,2020-03-14,2020-03-14,1,0,,0,0.0002903011393,0.03162363416,0,temporal_sigmoid
weighted_rf,S2,2020,2020-03-12,2020-03-06,2020-03-12,2020-03-13,2020-03-15,2020-03-15,1,0,,0,0.0002903011393,0.03162363416,0,temporal_sigmoid
weighted_rf,S2,2020,2020-03-13,2020-03-07,2020-03-13,2020-03-14,2020-03-16,2020-03-16,1,0,,0,0.0002903011393,0.03162363416,0,temporal_sigmoid
weighted_rf,S2,2020,2020-03-14,2020-03-08,2020-03-14,2020-03-15,2020-03-17,2020-03-17,1,0,,0,0.0002903011393,0.03162363416,0,temporal_sigmoid
weighted_rf,S2,2020,2020-03-15,2020-03-09,2020-03-15,2020-03-16,2020-03-18,2020-03-18,1,0,,0,0.0002903011393,0.03162363416,0,temporal_sigmoid
weighted_rf,S2,2020,2020-03-16,2020-03-10,2020-03-16,2020-03-17,2020-03-19,2020-03-19,1,0,,0,0.0002903011393,0.03162363416,0,temporal_sigmoid
weighted_rf,S2,2020,2020-03-17,2020-03-11,2020-03-17,2020-03-18,2020-03-20,2020-03-20,1,0,,0,0.0002903011393,0.03162363416,0,temporal_sigmoid
weighted_rf,S2,2020,2020-03-18,2020-03-12,2020-03-18,2020-03-19,2020-03-21,2020-03-21,1,0,,0,0.0002903011393,0.03162363416,0,temporal_sigmoid
weighted_rf,S2,2020,2020-03-19,2020-03-13,2020-03-19,2020-03-20,2020-03-22,2020-03-22,1,0,,0,0.0002903011393,0.03162363416,0,temporal_sigmoid
weighted_rf,S2,2020,2020-03-20,2020-03-14,2020-03-20,2020-03-21,2020-03-23,2020-03-23,1,0,,0,0.0002903011393,0.03162363416,0,temporal_sigmoid
weighted_rf,S2,2020,2020-03-21,2020-03-15,2020-03-21,2020-03-22,2020-03-24,2020-03-24,1,0,,0,0.0002903011393,0.03162363416,0,temporal_sigmoid
weighted_rf,S2,2020,2020-03-22,2020-03-16,2020-03-22,2020-03-23,2020-03-25,2020-03-25,1,0,,0,0.0002903011393,0.03162363416,0,temporal_sigmoid
weighted_rf,S2,2020,2020-03-23,2020-03-17,2020-03-23,2020-03-24,2020-03-26,2020-03-26,1,0,,0,0.0002903011393,0.03162363416,0,temporal_sigmoid
weighted_rf,S2,2020,2020-03-24,2020-03-18,2020-03-24,2020-03-25,2020-03-27,2020-03-27,1,0,,0,0.0002903011393,0.03162363416,0,temporal_sigmoid
weighted_rf,S2,2020,2020-03-25,2020-03-19,2020-03-25,2020-03-26,2020-03-28,2020-03-28,1,0,,0,0.0002903011393,0.03162363416,0,temporal_sigmoid
weighted_rf,S2,2020,2020-03-26,2020-03-20,2020-03-26,2020-03-27,2020-03-29,2020-03-29,1,0,,0,0.0002903011393,0.03162363416,0,temporal_sigmoid
weighted_rf,S2,2020,2020-03-27,2020-03-21,2020-03-27,2020-03-28,2020-03-30,2020-03-30,1,0,,0.05755291093,0.08498221832,0.03162363416,1,temporal_sigmoid
weighted_rf,S2,2020,2020-03-28,2020-03-22,2020-03-28,2020-03-29,2020-03-31,2020-03-31,1,0,,0.04024527106,0.07087962611,0.03162363416,1,temporal_sigmoid
weighted_rf,S2,2020,2020-03-29,2020-03-23,2020-03-29,2020-03-30,2020-04-01,2020-04-01,1,0,,0,0.0002903011393,0.03162363416,0,temporal_sigmoid
weighted_rf,S2,2020,2020-03-30,2020-03-24,2020-03-30,2020-03-31,2020-04-02,2020-04-02,1,0,,0,0.0002903011393,0.03162363416,0,temporal_sigmoid
weighted_rf,S2,2020,2020-03-31,2020-03-25,2020-03-31,2020-04-01,2020-04-03,2020-04-03,1,0,,0.02373628522,0.05424185278,0.03162363416,1,temporal_sigmoid
weighted_rf,S2,2020,2020-04-01,2020-03-26,2020-04-01,2020-04-02,2020-04-04,2020-04-04,1,0,,0.008333333333,0.03184231848,0.03162363416,1,temporal_sigmoid
weighted_rf,S2,2020,2020-04-02,2020-03-27,2020-04-02,2020-04-03,2020-04-05,2020-04-05,1,0,,0.06245837473,0.08859130949,0.03162363416,1,temporal_sigmoid
weighted_rf,S2,2020,2020-04-03,2020-03-28,2020-04-03,2020-04-04,2020-04-06,2020-04-06,1,0,,0.02314213233,0.05354905996,0.03162363416,1,temporal_sigmoid
weighted_rf,S2,2020,2020-04-04,2020-03-29,2020-04-04,2020-04-05,2020-04-07,2020-04-07,1,0,,0.03962705567,0.0703258406,0.03162363416,1,temporal_sigmoid
weighted_rf,S2,2020,2020-04-05,2020-03-30,2020-04-05,2020-04-06,2020-04-08,2020-04-08,1,0,,0,0.0002903011393,0.03162363416,0,temporal_sigmoid
weighted_rf,S2,2020,2020-04-06,2020-03-31,2020-04-06,2020-04-07,2020-04-09,2020-04-09,1,0,,0.1105140962,0.1187062313,0.03162363416,1,temporal_sigmoid
weighted_rf,S2,2020,2020-04-07,2020-04-01,2020-04-07,2020-04-08,2020-04-10,2020-04-10,1,0,,0.3568299861,0.2276656371,0.03162363416,1,temporal_sigmoid
weighted_rf,S2,2020,2020-04-08,2020-04-02,2020-04-08,2020-04-09,2020-04-11,2020-04-11,1,0,,0.01633126012,0.04486463167,0.03162363416,1,temporal_sigmoid
weighted_rf,S2,2020,2020-04-09,2020-04-03,2020-04-09,2020-04-10,2020-04-12,2020-04-12,1,0,,0.01609438127,0.04453270186,0.03162363416,1,temporal_sigmoid
weighted_rf,S2,2020,2020-04-10,2020-04-04,2020-04-10,2020-04-11,2020-04-13,2020-04-13,1,0,,0.01625796318,0.04476218152,0.03162363416,1,temporal_sigmoid
weighted_rf,S2,2020,2020-04-11,2020-04-05,2020-04-11,2020-04-12,2020-04-14,2020-04-14,1,0,,0.01615292657,0.04461496487,0.03162363416,1,temporal_sigmoid
weighted_rf,S2,2020,2020-04-12,2020-04-06,2020-04-12,2020-04-13,2020-04-15,2020-04-15,1,0,,0,0.0002903011393,0.03162363416,0,temporal_sigmoid
weighted_rf,S2,2020,2020-04-13,2020-04-07,2020-04-13,2020-04-14,2020-04-16,2020-04-16,1,0,,0,0.0002903011393,0.03162363416,0,temporal_sigmoid
weighted_rf,S2,2020,2020-04-14,2020-04-08,2020-04-14,2020-04-15,2020-04-17,2020-04-17,1,0,,0.04029661449,0.07092543044,0.03162363416,1,temporal_sigmoid
weighted_rf,S2,2020,2020-04-15,2020-04-09,2020-04-15,2020-04-16,2020-04-18,2020-04-18,1,0,,0,0.0002903011393,0.03162363416,0,temporal_sigmoid
weighted_rf,S2,2020,2020-04-16,2020-04-10,2020-04-16,2020-04-17,2020-04-19,2020-04-19,1,0,,0,0.0002903011393,0.03162363416,0,temporal_sigmoid
weighted_rf,S2,2020,2020-04-17,2020-04-11,2020-04-17,2020-04-18,2020-04-20,2020-04-20,1,0,,0,0.0002903011393,0.03162363416,0,temporal_sigmoid
weighted_rf,S2,2020,2020-04-18,2020-04-12,2020-04-18,2020-04-19,2020-04-21,2020-04-21,1,0,,0,0.0002903011393,0.03162363416,0,temporal_sigmoid
weighted_rf,S2,2020,2020-04-19,2020-04-13,2020-04-19,2020-04-20,2020-04-22,2020-04-22,1,0,,0,0.0002903011393,0.03162363416,0,temporal_sigmoid
weighted_rf,S2,2020,2020-04-20,2020-04-14,2020-04-20,2020-04-21,2020-04-23,2020-04-23,1,0,,0,0.0002903011393,0.03162363416,0,temporal_sigmoid
weighted_rf,S2,2020,2020-04-21,2020-04-15,2020-04-21,2020-04-22,2020-04-24,2020-04-24,1,0,,0,0.0002903011393,0.03162363416,0,temporal_sigmoid
weighted_rf,S2,2020,2020-04-22,2020-04-16,2020-04-22,2020-04-23,2020-04-25,2020-04-25,1,0,,0,0.0002903011393,0.03162363416,0,temporal_sigmoid
weighted_rf,S2,2020,2020-04-23,2020-04-17,2020-04-23,2020-04-24,2020-04-26,2020-04-26,1,0,,0,0.0002903011393,0.03162363416,0,temporal_sigmoid
weighted_rf,S2,2020,2020-04-24,2020-04-18,2020-04-24,2020-04-25,2020-04-27,2020-04-27,1,0,,0,0.0002903011393,0.03162363416,0,temporal_sigmoid
weighted_rf,S2,2020,2020-04-25,2020-04-19,2020-04-25,2020-04-26,2020-04-28,2020-04-28,1,0,,0,0.0002903011393,0.03162363416,0,temporal_sigmoid
weighted_rf,S2,2020,2020-04-26,2020-04-20,2020-04-26,2020-04-27,2020-04-29,2020-04-29,1,0,,0,0.0002903011393,0.03162363416,0,temporal_sigmoid
weighted_rf,S2,2020,2020-04-27,2020-04-21,2020-04-27,2020-04-28,2020-04-30,2020-04-30,1,0,,0,0.0002903011393,0.03162363416,0,temporal_sigmoid
weighted_rf,S2,2020,2020-04-28,2020-04-22,2020-04-28,2020-04-29,2020-05-01,2020-05-01,1,0,,0,0.0002903011393,0.03162363416,0,temporal_sigmoid
weighted_rf,S2,2020,2020-04-29,2020-04-23,2020-04-29,2020-04-30,2020-05-02,2020-05-02,1,0,,0,0.0002903011393,0.03162363416,0,temporal_sigmoid
weighted_rf,S2,2020,2020-04-30,2020-04-24,2020-04-30,2020-05-01,2020-05-03,2020-05-03,1,0,,0,0.0002903011393,0.03162363416,0,temporal_sigmoid
weighted_rf,S2,2020,2020-05-01,2020-04-25,2020-05-01,2020-05-02,2020-05-04,2020-05-04,1,0,,0,0.0002903011393,0.03162363416,0,temporal_sigmoid
weighted_rf,S2,2020,2020-05-02,2020-04-26,2020-05-02,2020-05-03,2020-05-05,2020-05-05,1,0,,0,0.0002903011393,0.03162363416,0,temporal_sigmoid
weighted_rf,S2,2020,2020-05-03,2020-04-27,2020-05-03,2020-05-04,2020-05-06,2020-05-06,1,0,,0,0.0002903011393,0.03162363416,0,temporal_sigmoid
weighted_rf,S2,2020,2020-05-04,2020-04-28,2020-05-04,2020-05-05,2020-05-07,2020-05-07,1,0,,0,0.0002903011393,0.03162363416,0,temporal_sigmoid
weighted_rf,S2,2020,2020-05-05,2020-04-29,2020-05-05,2020-05-06,2020-05-08,2020-05-08,1,0,,0,0.0002903011393,0.03162363416,0,temporal_sigmoid
weighted_rf,S2,2020,2020-05-06,2020-04-30,2020-05-06,2020-05-07,2020-05-09,2020-05-09,1,0,,0,0.0002903011393,0.03162363416,0,temporal_sigmoid
weighted_rf,S2,2020,2020-05-07,2020-05-01,2020-05-07,2020-05-08,2020-05-10,2020-05-10,1,0,,0,0.0002903011393,0.03162363416,0,temporal_sigmoid
weighted_rf,S2,2020,2020-05-08,2020-05-02,2020-05-08,2020-05-09,2020-05-11,2020-05-11,1,0,,0,0.0002903011393,0.03162363416,0,temporal_sigmoid
weighted_rf,S2,2020,2020-05-09,2020-05-03,2020-05-09,2020-05-10,2020-05-12,2020-05-12,1,0,,0.01518350315,0.0432330287,0.03162363416,1,temporal_sigmoid
weighted_rf,S2,2020,2020-05-10,2020-05-04,2020-05-10,2020-05-11,2020-05-13,2020-05-13,1,0,,0.01554772973,0.04375726693,0.03162363416,1,temporal_sigmoid
weighted_rf,S2,2020,2020-05-11,2020-05-05,2020-05-11,2020-05-12,2020-05-14,2020-05-14,1,0,,0,0.0002903011393,0.03162363416,0,temporal_sigmoid
weighted_rf,S2,2020,2020-05-12,2020-05-06,2020-05-12,2020-05-13,2020-05-15,2020-05-15,1,0,,0.01557541115,0.04379685747,0.03162363416,1,temporal_sigmoid
weighted_rf,S2,2020,2020-05-13,2020-05-07,2020-05-13,2020-05-14,2020-05-16,2020-05-16,1,0,,0,0.0002903011393,0.03162363416,0,temporal_sigmoid
weighted_rf,S2,2020,2020-05-14,2020-05-08,2020-05-14,2020-05-15,2020-05-17,2020-05-17,1,0,,0.02314091866,0.0535476358,0.03162363416,1,temporal_sigmoid
weighted_rf,S2,2020,2020-05-15,2020-05-09,2020-05-15,2020-05-16,2020-05-18,2020-05-18,1,0,,0.01584672797,0.04418305667,0.03162363416,1,temporal_sigmoid
weighted_rf,S2,2020,2020-05-16,2020-05-10,2020-05-16,2020-05-17,2020-05-19,2020-05-19,1,0,,0,0.0002903011393,0.03162363416,0,temporal_sigmoid
weighted_rf,S2,2020,2020-05-17,2020-05-11,2020-05-17,2020-05-18,2020-05-20,2020-05-20,1,0,,0.008333333333,0.03184231848,0.03162363416,1,temporal_sigmoid
weighted_rf,S2,2020,2020-05-18,2020-05-12,2020-05-18,2020-05-19,2020-05-21,2020-05-21,1,0,,0.02484916079,0.05551664988,0.03162363416,1,temporal_sigmoid
weighted_rf,S2,2020,2020-05-19,2020-05-13,2020-05-19,2020-05-20,2020-05-22,2020-05-22,1,0,,0,0.0002903011393,0.03162363416,0,temporal_sigmoid
weighted_rf,S2,2020,2020-05-20,2020-05-14,2020-05-20,2020-05-21,2020-05-23,2020-05-23,1,0,,0,0.0002903011393,0.03162363416,0,temporal_sigmoid
weighted_rf,S2,2020,2020-05-21,2020-05-15,2020-05-21,2020-05-22,2020-05-24,2020-05-24,1,0,,0,0.0002903011393,0.03162363416,0,temporal_sigmoid
weighted_rf,S2,2020,2020-05-22,2020-05-16,2020-05-22,2020-05-23,2020-05-25,2020-05-25,1,0,,0,0.0002903011393,0.03162363416,0,temporal_sigmoid
weighted_rf,S2,2020,2020-05-23,2020-05-17,2020-05-23,2020-05-24,2020-05-26,2020-05-26,1,0,,0,0.0002903011393,0.03162363416,0,temporal_sigmoid
weighted_rf,S2,2020,2020-05-24,2020-05-18,2020-05-24,2020-05-25,2020-05-27,2020-05-27,1,0,,0,0.0002903011393,0.03162363416,0,temporal_sigmoid
weighted_rf,S2,2020,2020-05-25,2020-05-19,2020-05-25,2020-05-26,2020-05-28,2020-05-28,1,0,,0,0.0002903011393,0.03162363416,0,temporal_sigmoid
weighted_rf,S2,2020,2020-05-26,2020-05-20,2020-05-26,2020-05-27,2020-05-29,2020-05-29,1,0,,0,0.0002903011393,0.03162363416,0,temporal_sigmoid
weighted_rf,S2,2020,2020-05-27,2020-05-21,2020-05-27,2020-05-28,2020-05-30,2020-05-30,1,0,,0,0.0002903011393,0.03162363416,0,temporal_sigmoid
weighted_rf,S2,2020,2020-05-28,2020-05-22,2020-05-28,2020-05-29,2020-05-31,2020-05-31,1,0,,0,0.0002903011393,0.03162363416,0,temporal_sigmoid
weighted_rf,S2,2020,2020-05-29,2020-05-23,2020-05-29,2020-05-30,2020-06-01,2020-06-01,1,0,,0,0.0002903011393,0.03162363416,0,temporal_sigmoid
weighted_rf,S2,2020,2020-05-30,2020-05-24,2020-05-30,2020-05-31,2020-06-02,2020-06-02,1,0,,0,0.0002903011393,0.03162363416,0,temporal_sigmoid
weighted_rf,S2,2020,2020-05-31,2020-05-25,2020-05-31,2020-06-01,2020-06-03,2020-06-03,1,0,,0,0.0002903011393,0.03162363416,0,temporal_sigmoid
weighted_rf,S2,2020,2020-06-01,2020-05-26,2020-06-01,2020-06-02,2020-06-04,2020-06-04,1,0,,0,0.0002903011393,0.03162363416,0,temporal_sigmoid
weighted_rf,S2,2020,2020-06-02,2020-05-27,2020-06-02,2020-06-03,2020-06-05,2020-06-05,1,0,,0,0.0002903011393,0.03162363416,0,temporal_sigmoid
weighted_rf,S2,2020,2020-06-03,2020-05-28,2020-06-03,2020-06-04,2020-06-06,2020-06-06,1,0,,0,0.0002903011393,0.03162363416,0,temporal_sigmoid
weighted_rf,S2,2020,2020-06-04,2020-05-29,2020-06-04,2020-06-05,2020-06-07,2020-06-07,1,0,,0,0.0002903011393,0.03162363416,0,temporal_sigmoid
weighted_rf,S2,2020,2020-06-05,2020-05-30,2020-06-05,2020-06-06,2020-06-08,2020-06-08,1,0,,0,0.0002903011393,0.03162363416,0,temporal_sigmoid
weighted_rf,S2,2020,2020-06-06,2020-05-31,2020-06-06,2020-06-07,2020-06-09,2020-06-09,1,0,,0,0.0002903011393,0.03162363416,0,temporal_sigmoid
weighted_rf,S2,2020,2020-06-07,2020-06-01,2020-06-07,2020-06-08,2020-06-10,2020-06-10,1,0,,0,0.0002903011393,0.03162363416,0,temporal_sigmoid
weighted_rf,S2,2020,2020-06-08,2020-06-02,2020-06-08,2020-06-09,2020-06-11,2020-06-11,1,0,,0,0.0002903011393,0.03162363416,0,temporal_sigmoid
weighted_rf,S2,2020,2020-06-09,2020-06-03,2020-06-09,2020-06-10,2020-06-12,2020-06-12,1,0,,0,0.0002903011393,0.03162363416,0,temporal_sigmoid
weighted_rf,S2,2020,2020-06-10,2020-06-04,2020-06-10,2020-06-11,2020-06-13,2020-06-13,1,0,,0,0.0002903011393,0.03162363416,0,temporal_sigmoid
weighted_rf,S2,2020,2020-06-11,2020-06-05,2020-06-11,2020-06-12,2020-06-14,2020-06-14,1,0,,0,0.0002903011393,0.03162363416,0,temporal_sigmoid
weighted_rf,S2,2020,2020-06-12,2020-06-06,2020-06-12,2020-06-13,2020-06-15,2020-06-15,1,0,,0,0.0002903011393,0.03162363416,0,temporal_sigmoid
weighted_rf,S2,2020,2020-06-13,2020-06-07,2020-06-13,2020-06-14,2020-06-16,2020-06-16,1,0,,0,0.0002903011393,0.03162363416,0,temporal_sigmoid
weighted_rf,S2,2020,2020-06-14,2020-06-08,2020-06-14,2020-06-15,2020-06-17,2020-06-17,1,0,,0,0.0002903011393,0.03162363416,0,temporal_sigmoid
weighted_rf,S2,2020,2020-06-15,2020-06-09,2020-06-15,2020-06-16,2020-06-18,2020-06-18,1,0,,0,0.0002903011393,0.03162363416,0,temporal_sigmoid
weighted_rf,S2,2020,2020-06-16,2020-06-10,2020-06-16,2020-06-17,2020-06-19,2020-06-19,1,0,,0,0.0002903011393,0.03162363416,0,temporal_sigmoid
weighted_rf,S2,2020,2020-06-17,2020-06-11,2020-06-17,2020-06-18,2020-06-20,2020-06-20,1,0,,0,0.0002903011393,0.03162363416,0,temporal_sigmoid
weighted_rf,S2,2020,2020-06-18,2020-06-12,2020-06-18,2020-06-19,2020-06-21,2020-06-21,1,0,,0,0.0002903011393,0.03162363416,0,temporal_sigmoid
weighted_rf,S2,2020,2020-06-19,2020-06-13,2020-06-19,2020-06-20,2020-06-22,2020-06-22,1,0,,0,0.0002903011393,0.03162363416,0,temporal_sigmoid
weighted_rf,S2,2020,2020-06-20,2020-06-14,2020-06-20,2020-06-21,2020-06-23,2020-06-23,1,0,,0,0.0002903011393,0.03162363416,0,temporal_sigmoid
weighted_rf,S2,2020,2020-06-21,2020-06-15,2020-06-21,2020-06-22,2020-06-24,2020-06-24,1,0,,0,0.0002903011393,0.03162363416,0,temporal_sigmoid
weighted_rf,S2,2020,2020-06-22,2020-06-16,2020-06-22,2020-06-23,2020-06-25,2020-06-25,1,0,,0,0.0002903011393,0.03162363416,0,temporal_sigmoid
weighted_rf,S2,2020,2020-06-23,2020-06-17,2020-06-23,2020-06-24,2020-06-26,2020-06-26,1,0,,0,0.0002903011393,0.03162363416,0,temporal_sigmoid
weighted_rf,S2,2020,2020-06-24,2020-06-18,2020-06-24,2020-06-25,2020-06-27,2020-06-27,1,0,,0,0.0002903011393,0.03162363416,0,temporal_sigmoid
weighted_rf,S2,2020,2020-06-25,2020-06-19,2020-06-25,2020-06-26,2020-06-28,2020-06-28,1,0,,0,0.0002903011393,0.03162363416,0,temporal_sigmoid
weighted_rf,S2,2020,2020-06-26,2020-06-20,2020-06-26,2020-06-27,2020-06-29,2020-06-29,1,0,,0,0.0002903011393,0.03162363416,0,temporal_sigmoid
weighted_rf,S2,2020,2020-06-27,2020-06-21,2020-06-27,2020-06-28,2020-06-30,2020-06-30,1,0,,0,0.0002903011393,0.03162363416,0,temporal_sigmoid
weighted_rf,S2,2021,2021-02-28,2021-02-22,2021-02-28,2021-03-01,2021-03-03,2021-03-03,1,0,,0,9.09566291e-07,0.03605194226,0,temporal_sigmoid
weighted_rf,S2,2021,2021-03-01,2021-02-23,2021-03-01,2021-03-02,2021-03-04,2021-03-04,1,0,,0,9.09566291e-07,0.03605194226,0,temporal_sigmoid
weighted_rf,S2,2021,2021-03-02,2021-02-24,2021-03-02,2021-03-03,2021-03-05,2021-03-05,1,0,,0,9.09566291e-07,0.03605194226,0,temporal_sigmoid
weighted_rf,S2,2021,2021-03-03,2021-02-25,2021-03-03,2021-03-04,2021-03-06,2021-03-06,1,0,,0,9.09566291e-07,0.03605194226,0,temporal_sigmoid
weighted_rf,S2,2021,2021-03-04,2021-02-26,2021-03-04,2021-03-05,2021-03-07,2021-03-07,1,0,,0,9.09566291e-07,0.03605194226,0,temporal_sigmoid
weighted_rf,S2,2021,2021-03-05,2021-02-27,2021-03-05,2021-03-06,2021-03-08,2021-03-08,1,0,,0,9.09566291e-07,0.03605194226,0,temporal_sigmoid
weighted_rf,S2,2021,2021-03-06,2021-02-28,2021-03-06,2021-03-07,2021-03-09,2021-03-09,1,0,,0,9.09566291e-07,0.03605194226,0,temporal_sigmoid
weighted_rf,S2,2021,2021-03-07,2021-03-01,2021-03-07,2021-03-08,2021-03-10,2021-03-10,1,0,,0,9.09566291e-07,0.03605194226,0,temporal_sigmoid
weighted_rf,S2,2021,2021-03-08,2021-03-02,2021-03-08,2021-03-09,2021-03-11,2021-03-11,1,0,,0,9.09566291e-07,0.03605194226,0,temporal_sigmoid
weighted_rf,S2,2021,2021-03-09,2021-03-03,2021-03-09,2021-03-10,2021-03-12,2021-03-12,1,0,,0.007687276416,0.00384155555,0.03605194226,0,temporal_sigmoid
weighted_rf,S2,2021,2021-03-10,2021-03-04,2021-03-10,2021-03-11,2021-03-13,2021-03-13,1,0,,0,9.09566291e-07,0.03605194226,0,temporal_sigmoid
weighted_rf,S2,2021,2021-03-11,2021-03-05,2021-03-11,2021-03-12,2021-03-14,2021-03-14,1,0,,0,9.09566291e-07,0.03605194226,0,temporal_sigmoid
weighted_rf,S2,2021,2021-03-12,2021-03-06,2021-03-12,2021-03-13,2021-03-15,2021-03-15,1,0,,0,9.09566291e-07,0.03605194226,0,temporal_sigmoid
weighted_rf,S2,2021,2021-03-13,2021-03-07,2021-03-13,2021-03-14,2021-03-16,2021-03-16,1,0,,0,9.09566291e-07,0.03605194226,0,temporal_sigmoid
weighted_rf,S2,2021,2021-03-14,2021-03-08,2021-03-14,2021-03-15,2021-03-17,2021-03-17,1,0,,0,9.09566291e-07,0.03605194226,0,temporal_sigmoid
weighted_rf,S2,2021,2021-03-15,2021-03-09,2021-03-15,2021-03-16,2021-03-18,2021-03-18,1,0,,0,9.09566291e-07,0.03605194226,0,temporal_sigmoid
weighted_rf,S2,2021,2021-03-16,2021-03-10,2021-03-16,2021-03-17,2021-03-19,2021-03-19,1,0,,0,9.09566291e-07,0.03605194226,0,temporal_sigmoid
weighted_rf,S2,2021,2021-03-17,2021-03-11,2021-03-17,2021-03-18,2021-03-20,2021-03-20,1,0,,0,9.09566291e-07,0.03605194226,0,temporal_sigmoid
weighted_rf,S2,2021,2021-03-18,2021-03-12,2021-03-18,2021-03-19,2021-03-21,2021-03-21,1,0,,0.01500502899,0.007193733882,0.03605194226,0,temporal_sigmoid
weighted_rf,S2,2021,2021-03-19,2021-03-13,2021-03-19,2021-03-20,2021-03-22,2021-03-22,1,0,,0.007796223958,0.003892510528,0.03605194226,0,temporal_sigmoid
weighted_rf,S2,2021,2021-03-20,2021-03-14,2021-03-20,2021-03-21,2021-03-23,2021-03-23,1,0,,0.04594950858,0.02076043439,0.03605194226,0,temporal_sigmoid
weighted_rf,S2,2021,2021-03-21,2021-03-15,2021-03-21,2021-03-22,2021-03-24,2021-03-24,1,0,,0.1970216852,0.08825255895,0.03605194226,1,temporal_sigmoid
weighted_rf,S2,2021,2021-03-22,2021-03-16,2021-03-22,2021-03-23,2021-03-25,2021-03-25,1,0,,0.1996133296,0.08948360624,0.03605194226,1,temporal_sigmoid
weighted_rf,S2,2021,2021-03-23,2021-03-17,2021-03-23,2021-03-24,2021-03-26,2021-03-26,1,0,,0.3362128667,0.1598761297,0.03605194226,1,temporal_sigmoid
weighted_rf,S2,2021,2021-03-24,2021-03-18,2021-03-24,2021-03-25,2021-03-27,2021-03-27,1,0,,0.3068534208,0.143718748,0.03605194226,1,temporal_sigmoid
weighted_rf,S2,2021,2021-03-25,2021-03-19,2021-03-25,2021-03-26,2021-03-28,2021-03-28,1,0,,0.2602725808,0.1193119867,0.03605194226,1,temporal_sigmoid
weighted_rf,S2,2021,2021-03-26,2021-03-20,2021-03-26,2021-03-27,2021-03-29,2021-03-29,1,0,,0.2519514279,0.1150971973,0.03605194226,1,temporal_sigmoid
weighted_rf,S2,2021,2021-03-27,2021-03-21,2021-03-27,2021-03-28,2021-03-30,2021-03-30,1,0,,0.1002393718,0.04429537051,0.03605194226,1,temporal_sigmoid
weighted_rf,S2,2021,2021-03-28,2021-03-22,2021-03-28,2021-03-29,2021-03-31,2021-03-31,1,0,,0.08691798446,0.03848379199,0.03605194226,1,temporal_sigmoid
weighted_rf,S2,2021,2021-03-29,2021-03-23,2021-03-29,2021-03-30,2021-04-01,2021-04-01,1,0,,0.0343309885,0.01572132252,0.03605194226,0,temporal_sigmoid
weighted_rf,S2,2021,2021-03-30,2021-03-24,2021-03-30,2021-03-31,2021-04-02,2021-04-02,1,0,,0.02098575732,0.009865800916,0.03605194226,0,temporal_sigmoid
weighted_rf,S2,2021,2021-03-31,2021-03-25,2021-03-31,2021-04-01,2021-04-03,2021-04-03,1,0,,0.1362123067,0.06022795392,0.03605194226,1,temporal_sigmoid
weighted_rf,S2,2021,2021-04-01,2021-03-26,2021-04-01,2021-04-02,2021-04-04,2021-04-04,1,0,,0.4739335882,0.2456303812,0.03605194226,1,temporal_sigmoid
weighted_rf,S2,2021,2021-04-02,2021-03-27,2021-04-02,2021-04-03,2021-04-05,2021-04-05,1,0,,0.2244326344,0.1014449598,0.03605194226,1,temporal_sigmoid
weighted_rf,S2,2021,2021-04-03,2021-03-28,2021-04-03,2021-04-04,2021-04-06,2021-04-06,1,0,,0.1340819194,0.0592728958,0.03605194226,1,temporal_sigmoid
weighted_rf,S2,2021,2021-04-04,2021-03-29,2021-04-04,2021-04-05,2021-04-07,2021-04-07,1,0,,0.09057650931,0.04007605846,0.03605194226,1,temporal_sigmoid
weighted_rf,S2,2021,2021-04-05,2021-03-30,2021-04-05,2021-04-06,2021-04-08,2021-04-08,1,0,,0,9.09566291e-07,0.03605194226,0,temporal_sigmoid
weighted_rf,S2,2021,2021-04-06,2021-03-31,2021-04-06,2021-04-07,2021-04-09,2021-04-09,1,0,,0.008106026888,0.004037177075,0.03605194226,0,temporal_sigmoid
weighted_rf,S2,2021,2021-04-07,2021-04-01,2021-04-07,2021-04-08,2021-04-10,2021-04-10,1,0,,0.02226559756,0.01043260366,0.03605194226,0,temporal_sigmoid
weighted_rf,S2,2021,2021-04-08,2021-04-02,2021-04-08,2021-04-09,2021-04-11,2021-04-11,1,0,,0.02347953462,0.01096891759,0.03605194226,0,temporal_sigmoid
weighted_rf,S2,2021,2021-04-09,2021-04-03,2021-04-09,2021-04-10,2021-04-12,2021-04-12,1,0,,0.03842075749,0.01749897671,0.03605194226,0,temporal_sigmoid
weighted_rf,S2,2021,2021-04-10,2021-04-04,2021-04-10,2021-04-11,2021-04-13,2021-04-13,1,0,,0.09468320734,0.04186668358,0.03605194226,1,temporal_sigmoid
weighted_rf,S2,2021,2021-04-11,2021-04-05,2021-04-11,2021-04-12,2021-04-14,2021-04-14,1,1,fixed36_0040,0.1645425909,0.07309021613,0.03605194226,1,temporal_sigmoid
weighted_rf,S2,2021,2021-04-12,2021-04-06,2021-04-12,2021-04-13,2021-04-15,2021-04-15,1,0,,0.4015216657,0.198295449,0.03605194226,1,temporal_sigmoid
weighted_rf,S2,2021,2021-04-13,2021-04-07,2021-04-13,2021-04-14,2021-04-16,2021-04-16,1,0,,0.5035197643,0.2666693354,0.03605194226,1,temporal_sigmoid
weighted_rf,S2,2021,2021-04-14,2021-04-08,2021-04-14,2021-04-15,2021-04-17,2021-04-17,1,0,,0.4762507941,0.2472397793,0.03605194226,1,temporal_sigmoid
weighted_rf,S2,2021,2021-04-15,2021-04-09,2021-04-15,2021-04-16,2021-04-18,2021-04-18,1,0,,0.3028426157,0.1415599801,0.03605194226,1,temporal_sigmoid
weighted_rf,S2,2021,2021-04-16,2021-04-10,2021-04-16,2021-04-17,2021-04-19,2021-04-19,1,0,,0.1125345846,0.04969758463,0.03605194226,1,temporal_sigmoid
weighted_rf,S2,2021,2021-04-17,2021-04-11,2021-04-17,2021-04-18,2021-04-20,2021-04-20,1,0,,0.007983682984,0.003980086839,0.03605194226,0,temporal_sigmoid
weighted_rf,S2,2021,2021-04-18,2021-04-12,2021-04-18,2021-04-19,2021-04-21,2021-04-21,1,1,fixed36_0041,0.02100281419,0.009873364737,0.03605194226,0,temporal_sigmoid
weighted_rf,S2,2021,2021-04-19,2021-04-13,2021-04-19,2021-04-20,2021-04-22,2021-04-22,1,0,,0.2883508194,0.1338524598,0.03605194226,1,temporal_sigmoid
weighted_rf,S2,2021,2021-04-20,2021-04-14,2021-04-20,2021-04-21,2021-04-23,2021-04-23,1,0,,0.7093228584,0.4519812152,0.03605194226,1,temporal_sigmoid
weighted_rf,S2,2021,2021-04-21,2021-04-15,2021-04-21,2021-04-22,2021-04-24,2021-04-24,1,0,,0.5145850913,0.2748227046,0.03605194226,1,temporal_sigmoid
weighted_rf,S2,2021,2021-04-22,2021-04-16,2021-04-22,2021-04-23,2021-04-25,2021-04-25,1,0,,0.02885294857,0.0133302127,0.03605194226,0,temporal_sigmoid
weighted_rf,S2,2021,2021-04-23,2021-04-17,2021-04-23,2021-04-24,2021-04-26,2021-04-26,1,1,fixed36_0042,0.1123375309,0.04961067793,0.03605194226,1,temporal_sigmoid
weighted_rf,S2,2021,2021-04-24,2021-04-18,2021-04-24,2021-04-25,2021-04-27,2021-04-27,1,1,fixed36_0042,0.206181589,0.09261842539,0.03605194226,1,temporal_sigmoid
weighted_rf,S2,2021,2021-04-25,2021-04-19,2021-04-25,2021-04-26,2021-04-28,2021-04-28,1,1,fixed36_0042,0.2885439566,0.1339542456,0.03605194226,1,temporal_sigmoid
weighted_rf,S2,2021,2021-04-26,2021-04-20,2021-04-26,2021-04-27,2021-04-29,2021-04-29,1,1,fixed36_0042,0.7031587861,0.4451266001,0.03605194226,1,temporal_sigmoid
weighted_rf,S2,2021,2021-04-27,2021-04-21,2021-04-27,2021-04-28,2021-04-30,2021-04-30,1,0,,0.630445868,0.3713238978,0.03605194226,1,temporal_sigmoid
weighted_rf,S2,2021,2021-04-28,2021-04-22,2021-04-28,2021-04-29,2021-05-01,2021-05-01,1,0,,0.5188801612,0.2780313051,0.03605194226,1,temporal_sigmoid
weighted_rf,S2,2021,2021-04-29,2021-04-23,2021-04-29,2021-04-30,2021-05-02,2021-05-02,1,0,,0.4922914685,0.2585574425,0.03605194226,1,temporal_sigmoid
weighted_rf,S2,2021,2021-04-30,2021-04-24,2021-04-30,2021-05-01,2021-05-03,2021-05-03,1,0,,0.4089743813,0.2029202873,0.03605194226,1,temporal_sigmoid
weighted_rf,S2,2021,2021-05-01,2021-04-25,2021-05-01,2021-05-02,2021-05-04,2021-05-04,1,0,,0.3216877872,0.1518029685,0.03605194226,1,temporal_sigmoid
weighted_rf,S2,2021,2021-05-02,2021-04-26,2021-05-02,2021-05-03,2021-05-05,2021-05-05,1,0,,0.08533780383,0.03779686516,0.03605194226,1,temporal_sigmoid
weighted_rf,S2,2021,2021-05-03,2021-04-27,2021-05-03,2021-05-04,2021-05-06,2021-05-06,1,0,,0,9.09566291e-07,0.03605194226,0,temporal_sigmoid
weighted_rf,S2,2021,2021-05-04,2021-04-28,2021-05-04,2021-05-05,2021-05-07,2021-05-07,1,0,,0.01363809342,0.006576151122,0.03605194226,0,temporal_sigmoid
weighted_rf,S2,2021,2021-05-05,2021-04-29,2021-05-05,2021-05-06,2021-05-08,2021-05-08,1,0,,0,9.09566291e-07,0.03605194226,0,temporal_sigmoid
weighted_rf,S2,2021,2021-05-06,2021-04-30,2021-05-06,2021-05-07,2021-05-09,2021-05-09,1,0,,0.006652777778,0.003355463361,0.03605194226,0,temporal_sigmoid
weighted_rf,S2,2021,2021-05-07,2021-05-01,2021-05-07,2021-05-08,2021-05-10,2021-05-10,1,0,,0.006652777778,0.003355463361,0.03605194226,0,temporal_sigmoid
weighted_rf,S2,2021,2021-05-08,2021-05-02,2021-05-08,2021-05-09,2021-05-11,2021-05-11,1,0,,0,9.09566291e-07,0.03605194226,0,temporal_sigmoid
weighted_rf,S2,2021,2021-05-09,2021-05-03,2021-05-09,2021-05-10,2021-05-12,2021-05-12,1,0,,0.005829278183,0.002965250909,0.03605194226,0,temporal_sigmoid
weighted_rf,S2,2021,2021-05-10,2021-05-04,2021-05-10,2021-05-11,2021-05-13,2021-05-13,1,0,,0.005829278183,0.002965250909,0.03605194226,0,temporal_sigmoid
weighted_rf,S2,2021,2021-05-11,2021-05-05,2021-05-11,2021-05-12,2021-05-14,2021-05-14,1,0,,0,9.09566291e-07,0.03605194226,0,temporal_sigmoid
weighted_rf,S2,2021,2021-05-12,2021-05-06,2021-05-12,2021-05-13,2021-05-15,2021-05-15,1,0,,0,9.09566291e-07,0.03605194226,0,temporal_sigmoid
weighted_rf,S2,2021,2021-05-13,2021-05-07,2021-05-13,2021-05-14,2021-05-16,2021-05-16,1,0,,0,9.09566291e-07,0.03605194226,0,temporal_sigmoid
weighted_rf,S2,2021,2021-05-14,2021-05-08,2021-05-14,2021-05-15,2021-05-17,2021-05-17,1,0,,0,9.09566291e-07,0.03605194226,0,temporal_sigmoid
weighted_rf,S2,2021,2021-05-15,2021-05-09,2021-05-15,2021-05-16,2021-05-18,2021-05-18,1,0,,0,9.09566291e-07,0.03605194226,0,temporal_sigmoid
weighted_rf,S2,2021,2021-05-16,2021-05-10,2021-05-16,2021-05-17,2021-05-19,2021-05-19,1,0,,0.007421432251,0.003717037608,0.03605194226,0,temporal_sigmoid
weighted_rf,S2,2021,2021-05-17,2021-05-11,2021-05-17,2021-05-18,2021-05-20,2021-05-20,1,0,,0.005467739481,0.002792890958,0.03605194226,0,temporal_sigmoid
weighted_rf,S2,2021,2021-05-18,2021-05-12,2021-05-18,2021-05-19,2021-05-21,2021-05-21,1,0,,0.008061015949,0.004016179259,0.03605194226,0,temporal_sigmoid
weighted_rf,S2,2021,2021-05-19,2021-05-13,2021-05-19,2021-05-20,2021-05-22,2021-05-22,1,0,,0,9.09566291e-07,0.03605194226,0,temporal_sigmoid
weighted_rf,S2,2021,2021-05-20,2021-05-14,2021-05-20,2021-05-21,2021-05-23,2021-05-23,1,0,,0.0225270241,0.01054820425,0.03605194226,0,temporal_sigmoid
weighted_rf,S2,2021,2021-05-21,2021-05-15,2021-05-21,2021-05-22,2021-05-24,2021-05-24,1,0,,0.01589582045,0.00759461387,0.03605194226,0,temporal_sigmoid
weighted_rf,S2,2021,2021-05-22,2021-05-16,2021-05-22,2021-05-23,2021-05-25,2021-05-25,1,0,,0.2586013187,0.118462115,0.03605194226,1,temporal_sigmoid
weighted_rf,S2,2021,2021-05-23,2021-05-17,2021-05-23,2021-05-24,2021-05-26,2021-05-26,1,0,,0.3275156172,0.1550230141,0.03605194226,1,temporal_sigmoid
weighted_rf,S2,2021,2021-05-24,2021-05-18,2021-05-24,2021-05-25,2021-05-27,2021-05-27,1,0,,0.05871580103,0.02627530262,0.03605194226,0,temporal_sigmoid
weighted_rf,S2,2021,2021-05-25,2021-05-19,2021-05-25,2021-05-26,2021-05-28,2021-05-28,1,0,,0.02183382589,0.01024154892,0.03605194226,0,temporal_sigmoid
weighted_rf,S2,2021,2021-05-26,2021-05-20,2021-05-26,2021-05-27,2021-05-29,2021-05-29,1,0,,0.0590709186,0.02642862977,0.03605194226,0,temporal_sigmoid
weighted_rf,S2,2021,2021-05-27,2021-05-21,2021-05-27,2021-05-28,2021-05-30,2021-05-30,1,0,,0.05135690732,0.02309759131,0.03605194226,0,temporal_sigmoid
weighted_rf,S2,2021,2021-05-28,2021-05-22,2021-05-28,2021-05-29,2021-05-31,2021-05-31,1,0,,0,9.09566291e-07,0.03605194226,0,temporal_sigmoid
weighted_rf,S2,2021,2021-05-29,2021-05-23,2021-05-29,2021-05-30,2021-06-01,2021-06-01,1,0,,0.03793788662,0.01728935847,0.03605194226,0,temporal_sigmoid
weighted_rf,S2,2021,2021-05-30,2021-05-24,2021-05-30,2021-05-31,2021-06-02,2021-06-02,1,0,,0,9.09566291e-07,0.03605194226,0,temporal_sigmoid
weighted_rf,S2,2021,2021-05-31,2021-05-25,2021-05-31,2021-06-01,2021-06-03,2021-06-03,1,0,,0,9.09566291e-07,0.03605194226,0,temporal_sigmoid
weighted_rf,S2,2021,2021-06-01,2021-05-26,2021-06-01,2021-06-02,2021-06-04,2021-06-04,1,0,,0,9.09566291e-07,0.03605194226,0,temporal_sigmoid
weighted_rf,S2,2021,2021-06-02,2021-05-27,2021-06-02,2021-06-03,2021-06-05,2021-06-05,1,0,,0,9.09566291e-07,0.03605194226,0,temporal_sigmoid
weighted_rf,S2,2021,2021-06-03,2021-05-28,2021-06-03,2021-06-04,2021-06-06,2021-06-06,1,0,,0,9.09566291e-07,0.03605194226,0,temporal_sigmoid
weighted_rf,S2,2021,2021-06-04,2021-05-29,2021-06-04,2021-06-05,2021-06-07,2021-06-07,1,0,,0,9.09566291e-07,0.03605194226,0,temporal_sigmoid
weighted_rf,S2,2021,2021-06-05,2021-05-30,2021-06-05,2021-06-06,2021-06-08,2021-06-08,1,0,,0,9.09566291e-07,0.03605194226,0,temporal_sigmoid
weighted_rf,S2,2021,2021-06-06,2021-05-31,2021-06-06,2021-06-07,2021-06-09,2021-06-09,1,0,,0,9.09566291e-07,0.03605194226,0,temporal_sigmoid
weighted_rf,S2,2021,2021-06-07,2021-06-01,2021-06-07,2021-06-08,2021-06-10,2021-06-10,1,0,,0,9.09566291e-07,0.03605194226,0,temporal_sigmoid
weighted_rf,S2,2021,2021-06-08,2021-06-02,2021-06-08,2021-06-09,2021-06-11,2021-06-11,1,0,,0,9.09566291e-07,0.03605194226,0,temporal_sigmoid
weighted_rf,S2,2021,2021-06-09,2021-06-03,2021-06-09,2021-06-10,2021-06-12,2021-06-12,1,0,,0,9.09566291e-07,0.03605194226,0,temporal_sigmoid
weighted_rf,S2,2021,2021-06-10,2021-06-04,2021-06-10,2021-06-11,2021-06-13,2021-06-13,1,0,,0,9.09566291e-07,0.03605194226,0,temporal_sigmoid
weighted_rf,S2,2021,2021-06-11,2021-06-05,2021-06-11,2021-06-12,2021-06-14,2021-06-14,1,0,,0,9.09566291e-07,0.03605194226,0,temporal_sigmoid
weighted_rf,S2,2021,2021-06-12,2021-06-06,2021-06-12,2021-06-13,2021-06-15,2021-06-15,1,0,,0,9.09566291e-07,0.03605194226,0,temporal_sigmoid
weighted_rf,S2,2021,2021-06-13,2021-06-07,2021-06-13,2021-06-14,2021-06-16,2021-06-16,1,0,,0,9.09566291e-07,0.03605194226,0,temporal_sigmoid
weighted_rf,S2,2021,2021-06-14,2021-06-08,2021-06-14,2021-06-15,2021-06-17,2021-06-17,1,0,,0,9.09566291e-07,0.03605194226,0,temporal_sigmoid
weighted_rf,S2,2021,2021-06-15,2021-06-09,2021-06-15,2021-06-16,2021-06-18,2021-06-18,1,0,,0,9.09566291e-07,0.03605194226,0,temporal_sigmoid
weighted_rf,S2,2021,2021-06-16,2021-06-10,2021-06-16,2021-06-17,2021-06-19,2021-06-19,1,0,,0,9.09566291e-07,0.03605194226,0,temporal_sigmoid
weighted_rf,S2,2021,2021-06-17,2021-06-11,2021-06-17,2021-06-18,2021-06-20,2021-06-20,1,0,,0,9.09566291e-07,0.03605194226,0,temporal_sigmoid
weighted_rf,S2,2021,2021-06-18,2021-06-12,2021-06-18,2021-06-19,2021-06-21,2021-06-21,1,0,,0,9.09566291e-07,0.03605194226,0,temporal_sigmoid
weighted_rf,S2,2021,2021-06-19,2021-06-13,2021-06-19,2021-06-20,2021-06-22,2021-06-22,1,0,,0,9.09566291e-07,0.03605194226,0,temporal_sigmoid
weighted_rf,S2,2021,2021-06-20,2021-06-14,2021-06-20,2021-06-21,2021-06-23,2021-06-23,1,0,,0,9.09566291e-07,0.03605194226,0,temporal_sigmoid
weighted_rf,S2,2021,2021-06-21,2021-06-15,2021-06-21,2021-06-22,2021-06-24,2021-06-24,1,0,,0,9.09566291e-07,0.03605194226,0,temporal_sigmoid
weighted_rf,S2,2021,2021-06-22,2021-06-16,2021-06-22,2021-06-23,2021-06-25,2021-06-25,1,0,,0,9.09566291e-07,0.03605194226,0,temporal_sigmoid
weighted_rf,S2,2021,2021-06-23,2021-06-17,2021-06-23,2021-06-24,2021-06-26,2021-06-26,1,0,,0,9.09566291e-07,0.03605194226,0,temporal_sigmoid
weighted_rf,S2,2021,2021-06-24,2021-06-18,2021-06-24,2021-06-25,2021-06-27,2021-06-27,1,0,,0,9.09566291e-07,0.03605194226,0,temporal_sigmoid
weighted_rf,S2,2021,2021-06-25,2021-06-19,2021-06-25,2021-06-26,2021-06-28,2021-06-28,1,0,,0,9.09566291e-07,0.03605194226,0,temporal_sigmoid
weighted_rf,S2,2021,2021-06-26,2021-06-20,2021-06-26,2021-06-27,2021-06-29,2021-06-29,1,0,,0,9.09566291e-07,0.03605194226,0,temporal_sigmoid
weighted_rf,S2,2021,2021-06-27,2021-06-21,2021-06-27,2021-06-28,2021-06-30,2021-06-30,1,0,,0,9.09566291e-07,0.03605194226,0,temporal_sigmoid
weighted_rf,S2,2022,2022-02-28,2022-02-22,2022-02-28,2022-03-01,2022-03-03,2022-03-03,1,0,,0.004553576978,0.00100012596,0.0491158438,0,temporal_sigmoid
weighted_rf,S2,2022,2022-03-01,2022-02-23,2022-03-01,2022-03-02,2022-03-04,2022-03-04,1,0,,0.01077050819,0.002316273663,0.0491158438,0,temporal_sigmoid
weighted_rf,S2,2022,2022-03-02,2022-02-24,2022-03-02,2022-03-03,2022-03-05,2022-03-05,1,0,,0.01077050819,0.002316273663,0.0491158438,0,temporal_sigmoid
weighted_rf,S2,2022,2022-03-03,2022-02-25,2022-03-03,2022-03-04,2022-03-06,2022-03-06,1,0,,0.01077050819,0.002316273663,0.0491158438,0,temporal_sigmoid
weighted_rf,S2,2022,2022-03-04,2022-02-26,2022-03-04,2022-03-05,2022-03-07,2022-03-07,1,0,,0.01077050819,0.002316273663,0.0491158438,0,temporal_sigmoid
weighted_rf,S2,2022,2022-03-05,2022-02-27,2022-03-05,2022-03-06,2022-03-08,2022-03-08,1,0,,0.004553576978,0.00100012596,0.0491158438,0,temporal_sigmoid
weighted_rf,S2,2022,2022-03-06,2022-02-28,2022-03-06,2022-03-07,2022-03-09,2022-03-09,1,0,,0.01687002498,0.003596430888,0.0491158438,0,temporal_sigmoid
weighted_rf,S2,2022,2022-03-07,2022-03-01,2022-03-07,2022-03-08,2022-03-10,2022-03-10,1,0,,0.01077050819,0.002316273663,0.0491158438,0,temporal_sigmoid
weighted_rf,S2,2022,2022-03-08,2022-03-02,2022-03-08,2022-03-09,2022-03-11,2022-03-11,1,0,,0.01077050819,0.002316273663,0.0491158438,0,temporal_sigmoid
weighted_rf,S2,2022,2022-03-09,2022-03-03,2022-03-09,2022-03-10,2022-03-12,2022-03-12,1,0,,0.01842784811,0.003922886476,0.0491158438,0,temporal_sigmoid
weighted_rf,S2,2022,2022-03-10,2022-03-04,2022-03-10,2022-03-11,2022-03-13,2022-03-13,1,0,,0.01842784811,0.003922886476,0.0491158438,0,temporal_sigmoid
weighted_rf,S2,2022,2022-03-11,2022-03-05,2022-03-11,2022-03-12,2022-03-14,2022-03-14,1,0,,0.01221091689,0.002619080346,0.0491158438,0,temporal_sigmoid
weighted_rf,S2,2022,2022-03-12,2022-03-06,2022-03-12,2022-03-13,2022-03-15,2022-03-15,1,0,,0.01221091689,0.002619080346,0.0491158438,0,temporal_sigmoid
weighted_rf,S2,2022,2022-03-13,2022-03-07,2022-03-13,2022-03-14,2022-03-16,2022-03-16,1,0,,0.01221091689,0.002619080346,0.0491158438,0,temporal_sigmoid
weighted_rf,S2,2022,2022-03-14,2022-03-08,2022-03-14,2022-03-15,2022-03-17,2022-03-17,1,0,,0.05577812238,0.01183172259,0.0491158438,0,temporal_sigmoid
weighted_rf,S2,2022,2022-03-15,2022-03-09,2022-03-15,2022-03-16,2022-03-18,2022-03-18,1,0,,0.05134079187,0.0108785291,0.0491158438,0,temporal_sigmoid
weighted_rf,S2,2022,2022-03-16,2022-03-10,2022-03-16,2022-03-17,2022-03-19,2022-03-19,1,0,,0.05798510122,0.01230755051,0.0491158438,0,temporal_sigmoid
weighted_rf,S2,2022,2022-03-17,2022-03-11,2022-03-17,2022-03-18,2022-03-20,2022-03-20,1,0,,0.1663179338,0.03752335788,0.0491158438,0,temporal_sigmoid
weighted_rf,S2,2022,2022-03-18,2022-03-12,2022-03-18,2022-03-19,2022-03-21,2022-03-21,1,0,,0.2150029995,0.05034833801,0.0491158438,1,temporal_sigmoid
weighted_rf,S2,2022,2022-03-19,2022-03-13,2022-03-19,2022-03-20,2022-03-22,2022-03-22,1,0,,0.2131092995,0.04982883756,0.0491158438,1,temporal_sigmoid
weighted_rf,S2,2022,2022-03-20,2022-03-14,2022-03-20,2022-03-21,2022-03-23,2022-03-23,1,0,,0.182215618,0.04159385714,0.0491158438,0,temporal_sigmoid
weighted_rf,S2,2022,2022-03-21,2022-03-15,2022-03-21,2022-03-22,2022-03-24,2022-03-24,1,0,,0.1115018279,0.02426437344,0.0491158438,0,temporal_sigmoid
weighted_rf,S2,2022,2022-03-22,2022-03-16,2022-03-22,2022-03-23,2022-03-25,2022-03-25,1,0,,0.05336528926,0.01131284648,0.0491158438,0,temporal_sigmoid
weighted_rf,S2,2022,2022-03-23,2022-03-17,2022-03-23,2022-03-24,2022-03-26,2022-03-26,1,0,,0.3786342113,0.1032671899,0.0491158438,1,temporal_sigmoid
weighted_rf,S2,2022,2022-03-24,2022-03-18,2022-03-24,2022-03-25,2022-03-27,2022-03-27,1,0,,0.09781934702,0.02112394362,0.0491158438,0,temporal_sigmoid
weighted_rf,S2,2022,2022-03-25,2022-03-19,2022-03-25,2022-03-26,2022-03-28,2022-03-28,1,0,,0.07129627878,0.01520371687,0.0491158438,0,temporal_sigmoid
weighted_rf,S2,2022,2022-03-26,2022-03-20,2022-03-26,2022-03-27,2022-03-29,2022-03-29,1,0,,0.0282522732,0.005983511998,0.0491158438,0,temporal_sigmoid
weighted_rf,S2,2022,2022-03-27,2022-03-21,2022-03-27,2022-03-28,2022-03-30,2022-03-30,1,0,,0.01993966705,0.004239679701,0.0491158438,0,temporal_sigmoid
weighted_rf,S2,2022,2022-03-28,2022-03-22,2022-03-28,2022-03-29,2022-03-31,2022-03-31,1,0,,0.02774080294,0.005876044484,0.0491158438,0,temporal_sigmoid
weighted_rf,S2,2022,2022-03-29,2022-03-23,2022-03-29,2022-03-30,2022-04-01,2022-04-01,1,0,,0.04087054111,0.008646573636,0.0491158438,0,temporal_sigmoid
weighted_rf,S2,2022,2022-03-30,2022-03-24,2022-03-30,2022-03-31,2022-04-02,2022-04-02,1,0,,0.04285160635,0.009067151599,0.0491158438,0,temporal_sigmoid
weighted_rf,S2,2022,2022-03-31,2022-03-25,2022-03-31,2022-04-01,2022-04-03,2022-04-03,1,0,,0.09406389945,0.02027266218,0.0491158438,0,temporal_sigmoid
weighted_rf,S2,2022,2022-04-01,2022-03-26,2022-04-01,2022-04-02,2022-04-04,2022-04-04,1,0,,0.1159634512,0.02530205212,0.0491158438,0,temporal_sigmoid
weighted_rf,S2,2022,2022-04-02,2022-03-27,2022-04-02,2022-04-03,2022-04-05,2022-04-05,1,0,,0.05619321012,0.01192112614,0.0491158438,0,temporal_sigmoid
weighted_rf,S2,2022,2022-04-03,2022-03-28,2022-04-03,2022-04-04,2022-04-06,2022-04-06,1,0,,0.0327656676,0.006933254003,0.0491158438,0,temporal_sigmoid
weighted_rf,S2,2022,2022-04-04,2022-03-29,2022-04-04,2022-04-05,2022-04-07,2022-04-07,1,0,,0.06039252384,0.01282795832,0.0491158438,0,temporal_sigmoid
weighted_rf,S2,2022,2022-04-05,2022-03-30,2022-04-05,2022-04-06,2022-04-08,2022-04-08,1,0,,0.1382184327,0.03058401748,0.0491158438,0,temporal_sigmoid
weighted_rf,S2,2022,2022-04-06,2022-03-31,2022-04-06,2022-04-07,2022-04-09,2022-04-09,1,0,,0.07727649148,0.01652043253,0.0491158438,0,temporal_sigmoid
weighted_rf,S2,2022,2022-04-07,2022-04-01,2022-04-07,2022-04-08,2022-04-10,2022-04-10,1,0,,0.1392784349,0.03084016119,0.0491158438,0,temporal_sigmoid
weighted_rf,S2,2022,2022-04-08,2022-04-02,2022-04-08,2022-04-09,2022-04-11,2022-04-11,1,0,,0.162554153,0.03657537806,0.0491158438,0,temporal_sigmoid
weighted_rf,S2,2022,2022-04-09,2022-04-03,2022-04-09,2022-04-10,2022-04-12,2022-04-12,1,0,,0.1495487047,0.03334431782,0.0491158438,0,temporal_sigmoid
weighted_rf,S2,2022,2022-04-10,2022-04-04,2022-04-10,2022-04-11,2022-04-13,2022-04-13,1,0,,0.2322584898,0.05516475762,0.0491158438,1,temporal_sigmoid
weighted_rf,S2,2022,2022-04-11,2022-04-05,2022-04-11,2022-04-12,2022-04-14,2022-04-14,1,0,,0.1163391782,0.02538975262,0.0491158438,0,temporal_sigmoid
weighted_rf,S2,2022,2022-04-12,2022-04-06,2022-04-12,2022-04-13,2022-04-15,2022-04-15,1,0,,0.08600273007,0.01846026543,0.0491158438,0,temporal_sigmoid
weighted_rf,S2,2022,2022-04-13,2022-04-07,2022-04-13,2022-04-14,2022-04-16,2022-04-16,1,0,,0.1128398151,0.02457484138,0.0491158438,0,temporal_sigmoid
weighted_rf,S2,2022,2022-04-14,2022-04-08,2022-04-14,2022-04-15,2022-04-17,2022-04-17,1,0,,0.1324856302,0.02920605946,0.0491158438,0,temporal_sigmoid
weighted_rf,S2,2022,2022-04-15,2022-04-09,2022-04-15,2022-04-16,2022-04-18,2022-04-18,1,0,,0.3500279743,0.09268368924,0.0491158438,1,temporal_sigmoid
weighted_rf,S2,2022,2022-04-16,2022-04-10,2022-04-16,2022-04-17,2022-04-19,2022-04-19,1,0,,0.4221447279,0.1207332632,0.0491158438,1,temporal_sigmoid
weighted_rf,S2,2022,2022-04-17,2022-04-11,2022-04-17,2022-04-18,2022-04-20,2022-04-20,1,0,,0.3282247556,0.08504543842,0.0491158438,1,temporal_sigmoid
weighted_rf,S2,2022,2022-04-18,2022-04-12,2022-04-18,2022-04-19,2022-04-21,2022-04-21,1,0,,0.2036467554,0.04725903925,0.0491158438,0,temporal_sigmoid
weighted_rf,S2,2022,2022-04-19,2022-04-13,2022-04-19,2022-04-20,2022-04-22,2022-04-22,1,0,,0.1530485857,0.03420712379,0.0491158438,0,temporal_sigmoid
weighted_rf,S2,2022,2022-04-20,2022-04-14,2022-04-20,2022-04-21,2022-04-23,2022-04-23,1,0,,0,2.818060234e-07,0.0491158438,0,temporal_sigmoid
weighted_rf,S2,2022,2022-04-21,2022-04-15,2022-04-21,2022-04-22,2022-04-24,2022-04-24,1,0,,0.004553576978,0.00100012596,0.0491158438,0,temporal_sigmoid
weighted_rf,S2,2022,2022-04-22,2022-04-16,2022-04-22,2022-04-23,2022-04-25,2022-04-25,1,0,,0.004553576978,0.00100012596,0.0491158438,0,temporal_sigmoid
weighted_rf,S2,2022,2022-04-23,2022-04-17,2022-04-23,2022-04-24,2022-04-26,2022-04-26,1,0,,0.03887980001,0.008224689296,0.0491158438,0,temporal_sigmoid
weighted_rf,S2,2022,2022-04-24,2022-04-18,2022-04-24,2022-04-25,2022-04-27,2022-04-27,1,0,,0.04724250366,0.01000213938,0.0491158438,0,temporal_sigmoid
weighted_rf,S2,2022,2022-04-25,2022-04-19,2022-04-25,2022-04-26,2022-04-28,2022-04-28,1,0,,0.07056311045,0.0150429747,0.0491158438,0,temporal_sigmoid
weighted_rf,S2,2022,2022-04-26,2022-04-20,2022-04-26,2022-04-27,2022-04-29,2022-04-29,1,0,,0.1258349533,0.02762274792,0.0491158438,0,temporal_sigmoid
weighted_rf,S2,2022,2022-04-27,2022-04-21,2022-04-27,2022-04-28,2022-04-30,2022-04-30,1,0,,0.1707795626,0.03865479513,0.0491158438,0,temporal_sigmoid
weighted_rf,S2,2022,2022-04-28,2022-04-22,2022-04-28,2022-04-29,2022-05-01,2022-05-01,1,0,,0.1618854544,0.03640756852,0.0491158438,0,temporal_sigmoid
weighted_rf,S2,2022,2022-04-29,2022-04-23,2022-04-29,2022-04-30,2022-05-02,2022-05-02,1,0,,0.2764775024,0.06823688526,0.0491158438,1,temporal_sigmoid
weighted_rf,S2,2022,2022-04-30,2022-04-24,2022-04-30,2022-05-01,2022-05-03,2022-05-03,1,0,,0.1856238712,0.04248085574,0.0491158438,0,temporal_sigmoid
weighted_rf,S2,2022,2022-05-01,2022-04-25,2022-05-01,2022-05-02,2022-05-04,2022-05-04,1,0,,0.06838865224,0.01456710203,0.0491158438,0,temporal_sigmoid
weighted_rf,S2,2022,2022-05-02,2022-04-26,2022-05-02,2022-05-03,2022-05-05,2022-05-05,1,0,,0.03655624752,0.00773317482,0.0491158438,0,temporal_sigmoid
weighted_rf,S2,2022,2022-05-03,2022-04-27,2022-05-03,2022-05-04,2022-05-06,2022-05-06,1,0,,0.006282199897,0.001368338761,0.0491158438,0,temporal_sigmoid
weighted_rf,S2,2022,2022-05-04,2022-04-28,2022-05-04,2022-05-05,2022-05-07,2022-05-07,1,0,,0.01571303912,0.003353914189,0.0491158438,0,temporal_sigmoid
weighted_rf,S2,2022,2022-05-05,2022-04-29,2022-05-05,2022-05-06,2022-05-08,2022-05-08,1,0,,0,2.818060234e-07,0.0491158438,0,temporal_sigmoid
weighted_rf,S2,2022,2022-05-06,2022-04-30,2022-05-06,2022-05-07,2022-05-09,2022-05-09,1,0,,0,2.818060234e-07,0.0491158438,0,temporal_sigmoid
weighted_rf,S2,2022,2022-05-07,2022-05-01,2022-05-07,2022-05-08,2022-05-10,2022-05-10,1,0,,0,2.818060234e-07,0.0491158438,0,temporal_sigmoid
weighted_rf,S2,2022,2022-05-08,2022-05-02,2022-05-08,2022-05-09,2022-05-11,2022-05-11,1,0,,0.06467873293,0.01375812706,0.0491158438,0,temporal_sigmoid
weighted_rf,S2,2022,2022-05-09,2022-05-03,2022-05-09,2022-05-10,2022-05-12,2022-05-12,1,0,,0,2.818060234e-07,0.0491158438,0,temporal_sigmoid
weighted_rf,S2,2022,2022-05-10,2022-05-04,2022-05-10,2022-05-11,2022-05-13,2022-05-13,1,0,,0,2.818060234e-07,0.0491158438,0,temporal_sigmoid
weighted_rf,S2,2022,2022-05-11,2022-05-05,2022-05-11,2022-05-12,2022-05-14,2022-05-14,1,0,,0,2.818060234e-07,0.0491158438,0,temporal_sigmoid
weighted_rf,S2,2022,2022-05-12,2022-05-06,2022-05-12,2022-05-13,2022-05-15,2022-05-15,1,0,,0,2.818060234e-07,0.0491158438,0,temporal_sigmoid
weighted_rf,S2,2022,2022-05-13,2022-05-07,2022-05-13,2022-05-14,2022-05-16,2022-05-16,1,0,,0,2.818060234e-07,0.0491158438,0,temporal_sigmoid
weighted_rf,S2,2022,2022-05-14,2022-05-08,2022-05-14,2022-05-15,2022-05-17,2022-05-17,1,0,,0.006755260244,0.001468706846,0.0491158438,0,temporal_sigmoid
weighted_rf,S2,2022,2022-05-15,2022-05-09,2022-05-15,2022-05-16,2022-05-18,2022-05-18,1,0,,0.03309858518,0.007003419836,0.0491158438,0,temporal_sigmoid
weighted_rf,S2,2022,2022-05-16,2022-05-10,2022-05-16,2022-05-17,2022-05-19,2022-05-19,1,0,,0.01907589829,0.004058680561,0.0491158438,0,temporal_sigmoid
weighted_rf,S2,2022,2022-05-17,2022-05-11,2022-05-17,2022-05-18,2022-05-20,2022-05-20,1,0,,0.03144069897,0.006654162061,0.0491158438,0,temporal_sigmoid
weighted_rf,S2,2022,2022-05-18,2022-05-12,2022-05-18,2022-05-19,2022-05-21,2022-05-21,1,0,,0.03831427391,0.008104973017,0.0491158438,0,temporal_sigmoid
weighted_rf,S2,2022,2022-05-19,2022-05-13,2022-05-19,2022-05-20,2022-05-22,2022-05-22,1,0,,0.03078860216,0.006516894111,0.0491158438,0,temporal_sigmoid
weighted_rf,S2,2022,2022-05-20,2022-05-14,2022-05-20,2022-05-21,2022-05-23,2022-05-23,1,0,,0.00633748056,0.001380075094,0.0491158438,0,temporal_sigmoid
weighted_rf,S2,2022,2022-05-21,2022-05-15,2022-05-21,2022-05-22,2022-05-24,2022-05-24,1,0,,0.00633748056,0.001380075094,0.0491158438,0,temporal_sigmoid
weighted_rf,S2,2022,2022-05-22,2022-05-16,2022-05-22,2022-05-23,2022-05-25,2022-05-25,1,0,,0,2.818060234e-07,0.0491158438,0,temporal_sigmoid
weighted_rf,S2,2022,2022-05-23,2022-05-17,2022-05-23,2022-05-24,2022-05-26,2022-05-26,1,0,,0.006233243968,0.001357943455,0.0491158438,0,temporal_sigmoid
weighted_rf,S2,2022,2022-05-24,2022-05-18,2022-05-24,2022-05-25,2022-05-27,2022-05-27,1,0,,0.007222468261,0.001567698826,0.0491158438,0,temporal_sigmoid
weighted_rf,S2,2022,2022-05-25,2022-05-19,2022-05-25,2022-05-26,2022-05-28,2022-05-28,1,0,,0,2.818060234e-07,0.0491158438,0,temporal_sigmoid
weighted_rf,S2,2022,2022-05-26,2022-05-20,2022-05-26,2022-05-27,2022-05-29,2022-05-29,1,0,,0,2.818060234e-07,0.0491158438,0,temporal_sigmoid
weighted_rf,S2,2022,2022-05-27,2022-05-21,2022-05-27,2022-05-28,2022-05-30,2022-05-30,1,0,,0,2.818060234e-07,0.0491158438,0,temporal_sigmoid
weighted_rf,S2,2022,2022-05-28,2022-05-22,2022-05-28,2022-05-29,2022-05-31,2022-05-31,1,0,,0,2.818060234e-07,0.0491158438,0,temporal_sigmoid
weighted_rf,S2,2022,2022-05-29,2022-05-23,2022-05-29,2022-05-30,2022-06-01,2022-06-01,1,0,,0,2.818060234e-07,0.0491158438,0,temporal_sigmoid
weighted_rf,S2,2022,2022-05-30,2022-05-24,2022-05-30,2022-05-31,2022-06-02,2022-06-02,1,0,,0,2.818060234e-07,0.0491158438,0,temporal_sigmoid
weighted_rf,S2,2022,2022-05-31,2022-05-25,2022-05-31,2022-06-01,2022-06-03,2022-06-03,1,0,,0,2.818060234e-07,0.0491158438,0,temporal_sigmoid
weighted_rf,S2,2022,2022-06-01,2022-05-26,2022-06-01,2022-06-02,2022-06-04,2022-06-04,1,0,,0,2.818060234e-07,0.0491158438,0,temporal_sigmoid
weighted_rf,S2,2022,2022-06-02,2022-05-27,2022-06-02,2022-06-03,2022-06-05,2022-06-05,1,0,,0,2.818060234e-07,0.0491158438,0,temporal_sigmoid
weighted_rf,S2,2022,2022-06-03,2022-05-28,2022-06-03,2022-06-04,2022-06-06,2022-06-06,1,0,,0.006146698549,0.001339562327,0.0491158438,0,temporal_sigmoid
weighted_rf,S2,2022,2022-06-04,2022-05-29,2022-06-04,2022-06-05,2022-06-07,2022-06-07,1,0,,0,2.818060234e-07,0.0491158438,0,temporal_sigmoid
weighted_rf,S2,2022,2022-06-05,2022-05-30,2022-06-05,2022-06-06,2022-06-08,2022-06-08,1,0,,0,2.818060234e-07,0.0491158438,0,temporal_sigmoid
weighted_rf,S2,2022,2022-06-06,2022-05-31,2022-06-06,2022-06-07,2022-06-09,2022-06-09,1,0,,0,2.818060234e-07,0.0491158438,0,temporal_sigmoid
weighted_rf,S2,2022,2022-06-07,2022-06-01,2022-06-07,2022-06-08,2022-06-10,2022-06-10,1,0,,0,2.818060234e-07,0.0491158438,0,temporal_sigmoid
weighted_rf,S2,2022,2022-06-08,2022-06-02,2022-06-08,2022-06-09,2022-06-11,2022-06-11,1,0,,0.005879050369,0.001282683352,0.0491158438,0,temporal_sigmoid
weighted_rf,S2,2022,2022-06-09,2022-06-03,2022-06-09,2022-06-10,2022-06-12,2022-06-12,1,0,,0,2.818060234e-07,0.0491158438,0,temporal_sigmoid
weighted_rf,S2,2022,2022-06-10,2022-06-04,2022-06-10,2022-06-11,2022-06-13,2022-06-13,1,0,,0,2.818060234e-07,0.0491158438,0,temporal_sigmoid
weighted_rf,S2,2022,2022-06-11,2022-06-05,2022-06-11,2022-06-12,2022-06-14,2022-06-14,1,0,,0.00633748056,0.001380075094,0.0491158438,0,temporal_sigmoid
weighted_rf,S2,2022,2022-06-12,2022-06-06,2022-06-12,2022-06-13,2022-06-15,2022-06-15,1,0,,0.01653152156,0.003525484198,0.0491158438,0,temporal_sigmoid
weighted_rf,S2,2022,2022-06-13,2022-06-07,2022-06-13,2022-06-14,2022-06-16,2022-06-16,1,0,,0.0134693824,0.002883316977,0.0491158438,0,temporal_sigmoid
weighted_rf,S2,2022,2022-06-14,2022-06-08,2022-06-14,2022-06-15,2022-06-17,2022-06-17,1,0,,0.00713190184,0.001548519394,0.0491158438,0,temporal_sigmoid
weighted_rf,S2,2022,2022-06-15,2022-06-09,2022-06-15,2022-06-16,2022-06-18,2022-06-18,1,0,,0.00713190184,0.001548519394,0.0491158438,0,temporal_sigmoid
weighted_rf,S2,2022,2022-06-16,2022-06-10,2022-06-16,2022-06-17,2022-06-19,2022-06-19,1,0,,0,2.818060234e-07,0.0491158438,0,temporal_sigmoid
weighted_rf,S2,2022,2022-06-17,2022-06-11,2022-06-17,2022-06-18,2022-06-20,2022-06-20,1,0,,0,2.818060234e-07,0.0491158438,0,temporal_sigmoid
weighted_rf,S2,2022,2022-06-18,2022-06-12,2022-06-18,2022-06-19,2022-06-21,2022-06-21,1,0,,0,2.818060234e-07,0.0491158438,0,temporal_sigmoid
weighted_rf,S2,2022,2022-06-19,2022-06-13,2022-06-19,2022-06-20,2022-06-22,2022-06-22,1,0,,0,2.818060234e-07,0.0491158438,0,temporal_sigmoid
weighted_rf,S2,2022,2022-06-20,2022-06-14,2022-06-20,2022-06-21,2022-06-23,2022-06-23,1,0,,0,2.818060234e-07,0.0491158438,0,temporal_sigmoid
weighted_rf,S2,2022,2022-06-21,2022-06-15,2022-06-21,2022-06-22,2022-06-24,2022-06-24,1,0,,0,2.818060234e-07,0.0491158438,0,temporal_sigmoid
weighted_rf,S2,2022,2022-06-22,2022-06-16,2022-06-22,2022-06-23,2022-06-25,2022-06-25,1,0,,0,2.818060234e-07,0.0491158438,0,temporal_sigmoid
weighted_rf,S2,2022,2022-06-23,2022-06-17,2022-06-23,2022-06-24,2022-06-26,2022-06-26,1,0,,0,2.818060234e-07,0.0491158438,0,temporal_sigmoid
weighted_rf,S2,2022,2022-06-24,2022-06-18,2022-06-24,2022-06-25,2022-06-27,2022-06-27,1,0,,0,2.818060234e-07,0.0491158438,0,temporal_sigmoid
weighted_rf,S2,2022,2022-06-25,2022-06-19,2022-06-25,2022-06-26,2022-06-28,2022-06-28,1,0,,0,2.818060234e-07,0.0491158438,0,temporal_sigmoid
weighted_rf,S2,2022,2022-06-26,2022-06-20,2022-06-26,2022-06-27,2022-06-29,2022-06-29,1,0,,0,2.818060234e-07,0.0491158438,0,temporal_sigmoid
weighted_rf,S2,2022,2022-06-27,2022-06-21,2022-06-27,2022-06-28,2022-06-30,2022-06-30,1,0,,0.00633748056,0.001380075094,0.0491158438,0,temporal_sigmoid
weighted_rf,S2,2023,2023-02-28,2023-02-22,2023-02-28,2023-03-01,2023-03-03,2023-03-03,1,0,,0.00709227417,0.002042801045,0.02415856797,0,temporal_sigmoid
weighted_rf,S2,2023,2023-03-01,2023-02-23,2023-03-01,2023-03-02,2023-03-04,2023-03-04,1,0,,0,7.165131503e-07,0.02415856797,0,temporal_sigmoid
weighted_rf,S2,2023,2023-03-02,2023-02-24,2023-03-02,2023-03-03,2023-03-05,2023-03-05,1,0,,0,7.165131503e-07,0.02415856797,0,temporal_sigmoid
weighted_rf,S2,2023,2023-03-03,2023-02-25,2023-03-03,2023-03-04,2023-03-06,2023-03-06,1,0,,0,7.165131503e-07,0.02415856797,0,temporal_sigmoid
weighted_rf,S2,2023,2023-03-04,2023-02-26,2023-03-04,2023-03-05,2023-03-07,2023-03-07,1,0,,0,7.165131503e-07,0.02415856797,0,temporal_sigmoid
weighted_rf,S2,2023,2023-03-05,2023-02-27,2023-03-05,2023-03-06,2023-03-08,2023-03-08,1,0,,0,7.165131503e-07,0.02415856797,0,temporal_sigmoid
weighted_rf,S2,2023,2023-03-06,2023-02-28,2023-03-06,2023-03-07,2023-03-09,2023-03-09,1,0,,0,7.165131503e-07,0.02415856797,0,temporal_sigmoid
weighted_rf,S2,2023,2023-03-07,2023-03-01,2023-03-07,2023-03-08,2023-03-10,2023-03-10,1,0,,0,7.165131503e-07,0.02415856797,0,temporal_sigmoid
weighted_rf,S2,2023,2023-03-08,2023-03-02,2023-03-08,2023-03-09,2023-03-11,2023-03-11,1,0,,0.008048292451,0.002289500429,0.02415856797,0,temporal_sigmoid
weighted_rf,S2,2023,2023-03-09,2023-03-03,2023-03-09,2023-03-10,2023-03-12,2023-03-12,1,0,,0.008048292451,0.002289500429,0.02415856797,0,temporal_sigmoid
weighted_rf,S2,2023,2023-03-10,2023-03-04,2023-03-10,2023-03-11,2023-03-13,2023-03-13,1,0,,0,7.165131503e-07,0.02415856797,0,temporal_sigmoid
weighted_rf,S2,2023,2023-03-11,2023-03-05,2023-03-11,2023-03-12,2023-03-14,2023-03-14,1,0,,0.008048292451,0.002289500429,0.02415856797,0,temporal_sigmoid
weighted_rf,S2,2023,2023-03-12,2023-03-06,2023-03-12,2023-03-13,2023-03-15,2023-03-15,1,0,,0.008048292451,0.002289500429,0.02415856797,0,temporal_sigmoid
weighted_rf,S2,2023,2023-03-13,2023-03-07,2023-03-13,2023-03-14,2023-03-16,2023-03-16,1,0,,0,7.165131503e-07,0.02415856797,0,temporal_sigmoid
weighted_rf,S2,2023,2023-03-14,2023-03-08,2023-03-14,2023-03-15,2023-03-17,2023-03-17,1,0,,0,7.165131503e-07,0.02415856797,0,temporal_sigmoid
weighted_rf,S2,2023,2023-03-15,2023-03-09,2023-03-15,2023-03-16,2023-03-18,2023-03-18,1,0,,0,7.165131503e-07,0.02415856797,0,temporal_sigmoid
weighted_rf,S2,2023,2023-03-16,2023-03-10,2023-03-16,2023-03-17,2023-03-19,2023-03-19,1,0,,0.007025684289,0.002025506663,0.02415856797,0,temporal_sigmoid
weighted_rf,S2,2023,2023-03-17,2023-03-11,2023-03-17,2023-03-18,2023-03-20,2023-03-20,1,0,,0,7.165131503e-07,0.02415856797,0,temporal_sigmoid
weighted_rf,S2,2023,2023-03-18,2023-03-12,2023-03-18,2023-03-19,2023-03-21,2023-03-21,1,0,,0,7.165131503e-07,0.02415856797,0,temporal_sigmoid
weighted_rf,S2,2023,2023-03-19,2023-03-13,2023-03-19,2023-03-20,2023-03-22,2023-03-22,1,0,,0,7.165131503e-07,0.02415856797,0,temporal_sigmoid
weighted_rf,S2,2023,2023-03-20,2023-03-14,2023-03-20,2023-03-21,2023-03-23,2023-03-23,1,0,,0,7.165131503e-07,0.02415856797,0,temporal_sigmoid
weighted_rf,S2,2023,2023-03-21,2023-03-15,2023-03-21,2023-03-22,2023-03-24,2023-03-24,1,0,,0,7.165131503e-07,0.02415856797,0,temporal_sigmoid
weighted_rf,S2,2023,2023-03-22,2023-03-16,2023-03-22,2023-03-23,2023-03-25,2023-03-25,1,0,,0,7.165131503e-07,0.02415856797,0,temporal_sigmoid
weighted_rf,S2,2023,2023-03-23,2023-03-17,2023-03-23,2023-03-24,2023-03-26,2023-03-26,1,0,,0,7.165131503e-07,0.02415856797,0,temporal_sigmoid
weighted_rf,S2,2023,2023-03-24,2023-03-18,2023-03-24,2023-03-25,2023-03-27,2023-03-27,1,0,,0,7.165131503e-07,0.02415856797,0,temporal_sigmoid
weighted_rf,S2,2023,2023-03-25,2023-03-19,2023-03-25,2023-03-26,2023-03-28,2023-03-28,1,0,,0,7.165131503e-07,0.02415856797,0,temporal_sigmoid
weighted_rf,S2,2023,2023-03-26,2023-03-20,2023-03-26,2023-03-27,2023-03-29,2023-03-29,1,0,,0,7.165131503e-07,0.02415856797,0,temporal_sigmoid
weighted_rf,S2,2023,2023-03-27,2023-03-21,2023-03-27,2023-03-28,2023-03-30,2023-03-30,1,0,,0,7.165131503e-07,0.02415856797,0,temporal_sigmoid
weighted_rf,S2,2023,2023-03-28,2023-03-22,2023-03-28,2023-03-29,2023-03-31,2023-03-31,1,0,,0.006848184818,0.001979332015,0.02415856797,0,temporal_sigmoid
weighted_rf,S2,2023,2023-03-29,2023-03-23,2023-03-29,2023-03-30,2023-04-01,2023-04-01,1,0,,0,7.165131503e-07,0.02415856797,0,temporal_sigmoid
weighted_rf,S2,2023,2023-03-30,2023-03-24,2023-03-30,2023-03-31,2023-04-02,2023-04-02,1,0,,0,7.165131503e-07,0.02415856797,0,temporal_sigmoid
weighted_rf,S2,2023,2023-03-31,2023-03-25,2023-03-31,2023-04-01,2023-04-03,2023-04-03,1,0,,0,7.165131503e-07,0.02415856797,0,temporal_sigmoid
weighted_rf,S2,2023,2023-04-01,2023-03-26,2023-04-01,2023-04-02,2023-04-04,2023-04-04,1,0,,0,7.165131503e-07,0.02415856797,0,temporal_sigmoid
weighted_rf,S2,2023,2023-04-02,2023-03-27,2023-04-02,2023-04-03,2023-04-05,2023-04-05,1,0,,0,7.165131503e-07,0.02415856797,0,temporal_sigmoid
weighted_rf,S2,2023,2023-04-03,2023-03-28,2023-04-03,2023-04-04,2023-04-06,2023-04-06,1,0,,0,7.165131503e-07,0.02415856797,0,temporal_sigmoid
weighted_rf,S2,2023,2023-04-04,2023-03-29,2023-04-04,2023-04-05,2023-04-07,2023-04-07,1,0,,0,7.165131503e-07,0.02415856797,0,temporal_sigmoid
weighted_rf,S2,2023,2023-04-05,2023-03-30,2023-04-05,2023-04-06,2023-04-08,2023-04-08,1,0,,0.006954536985,0.002007011701,0.02415856797,0,temporal_sigmoid
weighted_rf,S2,2023,2023-04-06,2023-03-31,2023-04-06,2023-04-07,2023-04-09,2023-04-09,1,0,,0.06515070728,0.01553992459,0.02415856797,0,temporal_sigmoid
weighted_rf,S2,2023,2023-04-07,2023-04-01,2023-04-07,2023-04-08,2023-04-10,2023-04-10,1,1,fixed36_0043,0.1804690682,0.04241211077,0.02415856797,1,temporal_sigmoid
weighted_rf,S2,2023,2023-04-08,2023-04-02,2023-04-08,2023-04-09,2023-04-11,2023-04-11,1,1,fixed36_0043,0.257863506,0.06250226495,0.02415856797,1,temporal_sigmoid
weighted_rf,S2,2023,2023-04-09,2023-04-03,2023-04-09,2023-04-10,2023-04-12,2023-04-12,1,1,fixed36_0043,0.3892910962,0.1030425397,0.02415856797,1,temporal_sigmoid
weighted_rf,S2,2023,2023-04-10,2023-04-04,2023-04-10,2023-04-11,2023-04-13,2023-04-13,1,1,fixed36_0043,0.428456963,0.1172775574,0.02415856797,1,temporal_sigmoid
weighted_rf,S2,2023,2023-04-11,2023-04-05,2023-04-11,2023-04-12,2023-04-14,2023-04-14,1,1,fixed36_0043,0.4881457389,0.1415344787,0.02415856797,1,temporal_sigmoid
weighted_rf,S2,2023,2023-04-12,2023-04-06,2023-04-12,2023-04-13,2023-04-15,2023-04-15,1,1,fixed36_0043,0.5565892157,0.1741896817,0.02415856797,1,temporal_sigmoid
weighted_rf,S2,2023,2023-04-13,2023-04-07,2023-04-13,2023-04-14,2023-04-16,2023-04-16,1,1,fixed36_0043,0.6495253778,0.2302618002,0.02415856797,1,temporal_sigmoid
weighted_rf,S2,2023,2023-04-14,2023-04-08,2023-04-14,2023-04-15,2023-04-17,2023-04-17,1,1,fixed36_0043,0.6295360278,0.2167675295,0.02415856797,1,temporal_sigmoid
weighted_rf,S2,2023,2023-04-15,2023-04-09,2023-04-15,2023-04-16,2023-04-18,2023-04-18,1,1,fixed36_0043,0.513793346,0.1530876418,0.02415856797,1,temporal_sigmoid
weighted_rf,S2,2023,2023-04-16,2023-04-10,2023-04-16,2023-04-17,2023-04-19,2023-04-19,1,1,fixed36_0043,0.6648992725,0.2412880126,0.02415856797,1,temporal_sigmoid
weighted_rf,S2,2023,2023-04-17,2023-04-11,2023-04-17,2023-04-18,2023-04-20,2023-04-20,1,1,fixed36_0043,0.6005290571,0.1986895963,0.02415856797,1,temporal_sigmoid
weighted_rf,S2,2023,2023-04-18,2023-04-12,2023-04-18,2023-04-19,2023-04-21,2023-04-21,1,0,,0.5166354588,0.1544152862,0.02415856797,1,temporal_sigmoid
weighted_rf,S2,2023,2023-04-19,2023-04-13,2023-04-19,2023-04-20,2023-04-22,2023-04-22,1,0,,0.5416166375,0.166525727,0.02415856797,1,temporal_sigmoid
weighted_rf,S2,2023,2023-04-20,2023-04-14,2023-04-20,2023-04-21,2023-04-23,2023-04-23,1,0,,0.5730050922,0.1829741072,0.02415856797,1,temporal_sigmoid
weighted_rf,S2,2023,2023-04-21,2023-04-15,2023-04-21,2023-04-22,2023-04-24,2023-04-24,1,0,,0.2575673864,0.06242097801,0.02415856797,1,temporal_sigmoid
weighted_rf,S2,2023,2023-04-22,2023-04-16,2023-04-22,2023-04-23,2023-04-25,2023-04-25,1,0,,0.4345702388,0.1196109014,0.02415856797,1,temporal_sigmoid
weighted_rf,S2,2023,2023-04-23,2023-04-17,2023-04-23,2023-04-24,2023-04-26,2023-04-26,1,0,,0.02244490362,0.005798566517,0.02415856797,0,temporal_sigmoid
weighted_rf,S2,2023,2023-04-24,2023-04-18,2023-04-24,2023-04-25,2023-04-27,2023-04-27,1,0,,0.07414221698,0.01756573821,0.02415856797,0,temporal_sigmoid
weighted_rf,S2,2023,2023-04-25,2023-04-19,2023-04-25,2023-04-26,2023-04-28,2023-04-28,1,0,,0.1736763521,0.04074634587,0.02415856797,1,temporal_sigmoid
weighted_rf,S2,2023,2023-04-26,2023-04-20,2023-04-26,2023-04-27,2023-04-29,2023-04-29,1,0,,0.5176562225,0.1548945294,0.02415856797,1,temporal_sigmoid
weighted_rf,S2,2023,2023-04-27,2023-04-21,2023-04-27,2023-04-28,2023-04-30,2023-04-30,1,0,,0.4182400408,0.1134476986,0.02415856797,1,temporal_sigmoid
weighted_rf,S2,2023,2023-04-28,2023-04-22,2023-04-28,2023-04-29,2023-05-01,2023-05-01,1,0,,0.2464524572,0.05939675069,0.02415856797,1,temporal_sigmoid
weighted_rf,S2,2023,2023-04-29,2023-04-23,2023-04-29,2023-04-30,2023-05-02,2023-05-02,1,0,,0.2716250728,0.06632236275,0.02415856797,1,temporal_sigmoid
weighted_rf,S2,2023,2023-04-30,2023-04-24,2023-04-30,2023-05-01,2023-05-03,2023-05-03,1,0,,0.1261660316,0.02944023835,0.02415856797,1,temporal_sigmoid
weighted_rf,S2,2023,2023-05-01,2023-04-25,2023-05-01,2023-05-02,2023-05-04,2023-05-04,1,0,,0.1020464214,0.0238883291,0.02415856797,0,temporal_sigmoid
weighted_rf,S2,2023,2023-05-02,2023-04-26,2023-05-02,2023-05-03,2023-05-05,2023-05-05,1,0,,0.3777079696,0.09905205499,0.02415856797,1,temporal_sigmoid
weighted_rf,S2,2023,2023-05-03,2023-04-27,2023-05-03,2023-05-04,2023-05-06,2023-05-06,1,0,,0.1171518335,0.02735322895,0.02415856797,1,temporal_sigmoid
weighted_rf,S2,2023,2023-05-04,2023-04-28,2023-05-04,2023-05-05,2023-05-07,2023-05-07,1,0,,0.03784943244,0.009363793885,0.02415856797,0,temporal_sigmoid
weighted_rf,S2,2023,2023-05-05,2023-04-29,2023-05-05,2023-05-06,2023-05-08,2023-05-08,1,1,fixed36_0044,0.0238463921,0.006128072086,0.02415856797,0,temporal_sigmoid
weighted_rf,S2,2023,2023-05-06,2023-04-30,2023-05-06,2023-05-07,2023-05-09,2023-05-09,1,1,fixed36_0044,0.3965441733,0.1055901466,0.02415856797,1,temporal_sigmoid
weighted_rf,S2,2023,2023-05-07,2023-05-01,2023-05-07,2023-05-08,2023-05-10,2023-05-10,1,1,fixed36_0044,0.6197882494,0.210504394,0.02415856797,1,temporal_sigmoid
weighted_rf,S2,2023,2023-05-08,2023-05-02,2023-05-08,2023-05-09,2023-05-11,2023-05-11,1,1,fixed36_0044,0.5569897971,0.1743991704,0.02415856797,1,temporal_sigmoid
weighted_rf,S2,2023,2023-05-09,2023-05-03,2023-05-09,2023-05-10,2023-05-12,2023-05-12,1,1,fixed36_0044,0.5331752488,0.1623422687,0.02415856797,1,temporal_sigmoid
weighted_rf,S2,2023,2023-05-10,2023-05-04,2023-05-10,2023-05-11,2023-05-13,2023-05-13,1,0,,0.5446526134,0.1680540921,0.02415856797,1,temporal_sigmoid
weighted_rf,S2,2023,2023-05-11,2023-05-05,2023-05-11,2023-05-12,2023-05-14,2023-05-14,1,0,,0.5779563968,0.185706735,0.02415856797,1,temporal_sigmoid
weighted_rf,S2,2023,2023-05-12,2023-05-06,2023-05-12,2023-05-13,2023-05-15,2023-05-15,1,0,,0.5003878532,0.1469552776,0.02415856797,1,temporal_sigmoid
weighted_rf,S2,2023,2023-05-13,2023-05-07,2023-05-13,2023-05-14,2023-05-16,2023-05-16,1,0,,0.3148241874,0.07889707811,0.02415856797,1,temporal_sigmoid
weighted_rf,S2,2023,2023-05-14,2023-05-08,2023-05-14,2023-05-15,2023-05-17,2023-05-17,1,0,,0.08192852244,0.01932274593,0.02415856797,0,temporal_sigmoid
weighted_rf,S2,2023,2023-05-15,2023-05-09,2023-05-15,2023-05-16,2023-05-18,2023-05-18,1,0,,0.1850350568,0.04353962803,0.02415856797,1,temporal_sigmoid
weighted_rf,S2,2023,2023-05-16,2023-05-10,2023-05-16,2023-05-17,2023-05-19,2023-05-19,1,0,,0.05676131551,0.01364955295,0.02415856797,0,temporal_sigmoid
weighted_rf,S2,2023,2023-05-17,2023-05-11,2023-05-17,2023-05-18,2023-05-20,2023-05-20,1,0,,0.01369790651,0.003702117464,0.02415856797,0,temporal_sigmoid
weighted_rf,S2,2023,2023-05-18,2023-05-12,2023-05-18,2023-05-19,2023-05-21,2023-05-21,1,0,,0.007108683233,0.002047060388,0.02415856797,0,temporal_sigmoid
weighted_rf,S2,2023,2023-05-19,2023-05-13,2023-05-19,2023-05-20,2023-05-22,2023-05-22,1,0,,0.007108683233,0.002047060388,0.02415856797,0,temporal_sigmoid
weighted_rf,S2,2023,2023-05-20,2023-05-14,2023-05-20,2023-05-21,2023-05-23,2023-05-23,1,0,,0.00810546875,0.002304165615,0.02415856797,0,temporal_sigmoid
weighted_rf,S2,2023,2023-05-21,2023-05-15,2023-05-21,2023-05-22,2023-05-24,2023-05-24,1,0,,0.03848056018,0.009507898602,0.02415856797,0,temporal_sigmoid
weighted_rf,S2,2023,2023-05-22,2023-05-16,2023-05-22,2023-05-23,2023-05-25,2023-05-25,1,0,,0.02373799647,0.006102635736,0.02415856797,0,temporal_sigmoid
weighted_rf,S2,2023,2023-05-23,2023-05-17,2023-05-23,2023-05-24,2023-05-26,2023-05-26,1,0,,0.006946577319,0.002004941463,0.02415856797,0,temporal_sigmoid
weighted_rf,S2,2023,2023-05-24,2023-05-18,2023-05-24,2023-05-25,2023-05-27,2023-05-27,1,0,,0,7.165131503e-07,0.02415856797,0,temporal_sigmoid
weighted_rf,S2,2023,2023-05-25,2023-05-19,2023-05-25,2023-05-26,2023-05-28,2023-05-28,1,0,,0,7.165131503e-07,0.02415856797,0,temporal_sigmoid
weighted_rf,S2,2023,2023-05-26,2023-05-20,2023-05-26,2023-05-27,2023-05-29,2023-05-29,1,0,,0,7.165131503e-07,0.02415856797,0,temporal_sigmoid
weighted_rf,S2,2023,2023-05-27,2023-05-21,2023-05-27,2023-05-28,2023-05-30,2023-05-30,1,0,,0,7.165131503e-07,0.02415856797,0,temporal_sigmoid
weighted_rf,S2,2023,2023-05-28,2023-05-22,2023-05-28,2023-05-29,2023-05-31,2023-05-31,1,0,,0,7.165131503e-07,0.02415856797,0,temporal_sigmoid
weighted_rf,S2,2023,2023-05-29,2023-05-23,2023-05-29,2023-05-30,2023-06-01,2023-06-01,1,1,fixed36_0045,0.05157565123,0.01247921572,0.02415856797,0,temporal_sigmoid
weighted_rf,S2,2023,2023-05-30,2023-05-24,2023-05-30,2023-05-31,2023-06-02,2023-06-02,1,1,fixed36_0045,0.1243884952,0.02902744014,0.02415856797,1,temporal_sigmoid
weighted_rf,S2,2023,2023-05-31,2023-05-25,2023-05-31,2023-06-01,2023-06-03,2023-06-03,1,1,fixed36_0045,0.1933924052,0.04562022489,0.02415856797,1,temporal_sigmoid
weighted_rf,S2,2023,2023-06-01,2023-05-26,2023-06-01,2023-06-02,2023-06-04,2023-06-04,1,1,fixed36_0045,0.2024021175,0.04788857668,0.02415856797,1,temporal_sigmoid
weighted_rf,S2,2023,2023-06-02,2023-05-27,2023-06-02,2023-06-03,2023-06-05,2023-06-05,1,1,fixed36_0045,0.3104264284,0.07757366664,0.02415856797,1,temporal_sigmoid
weighted_rf,S2,2023,2023-06-03,2023-05-28,2023-06-03,2023-06-04,2023-06-06,2023-06-06,1,1,fixed36_0045,0.3526886339,0.09074210146,0.02415856797,1,temporal_sigmoid
weighted_rf,S2,2023,2023-06-04,2023-05-29,2023-06-04,2023-06-05,2023-06-07,2023-06-07,1,0,,0.3900407796,0.1033040903,0.02415856797,1,temporal_sigmoid
weighted_rf,S2,2023,2023-06-05,2023-05-30,2023-06-05,2023-06-06,2023-06-08,2023-06-08,1,0,,0.5436857045,0.1675659455,0.02415856797,1,temporal_sigmoid
weighted_rf,S2,2023,2023-06-06,2023-05-31,2023-06-06,2023-06-07,2023-06-09,2023-06-09,1,0,,0.4535629424,0.1270694244,0.02415856797,1,temporal_sigmoid
weighted_rf,S2,2023,2023-06-07,2023-06-01,2023-06-07,2023-06-08,2023-06-10,2023-06-10,1,0,,0.10589571,0.02476779243,0.02415856797,1,temporal_sigmoid
weighted_rf,S2,2023,2023-06-08,2023-06-02,2023-06-08,2023-06-09,2023-06-11,2023-06-11,1,0,,0.05522832001,0.01330379438,0.02415856797,0,temporal_sigmoid
weighted_rf,S2,2023,2023-06-09,2023-06-03,2023-06-09,2023-06-10,2023-06-12,2023-06-12,1,0,,0.005824854793,0.001710814276,0.02415856797,0,temporal_sigmoid
weighted_rf,S2,2023,2023-06-10,2023-06-04,2023-06-10,2023-06-11,2023-06-13,2023-06-13,1,0,,0.005824854793,0.001710814276,0.02415856797,0,temporal_sigmoid
weighted_rf,S2,2023,2023-06-11,2023-06-05,2023-06-11,2023-06-12,2023-06-14,2023-06-14,1,0,,0,7.165131503e-07,0.02415856797,0,temporal_sigmoid
weighted_rf,S2,2023,2023-06-12,2023-06-06,2023-06-12,2023-06-13,2023-06-15,2023-06-15,1,0,,0,7.165131503e-07,0.02415856797,0,temporal_sigmoid
weighted_rf,S2,2023,2023-06-13,2023-06-07,2023-06-13,2023-06-14,2023-06-16,2023-06-16,1,0,,0,7.165131503e-07,0.02415856797,0,temporal_sigmoid
weighted_rf,S2,2023,2023-06-14,2023-06-08,2023-06-14,2023-06-15,2023-06-17,2023-06-17,1,0,,0.03189517391,0.007998149777,0.02415856797,0,temporal_sigmoid
weighted_rf,S2,2023,2023-06-15,2023-06-09,2023-06-15,2023-06-16,2023-06-18,2023-06-18,1,0,,0.01410469448,0.003801583,0.02415856797,0,temporal_sigmoid
weighted_rf,S2,2023,2023-06-16,2023-06-10,2023-06-16,2023-06-17,2023-06-19,2023-06-19,1,0,,0.02881255397,0.007285822648,0.02415856797,0,temporal_sigmoid
weighted_rf,S2,2023,2023-06-17,2023-06-11,2023-06-17,2023-06-18,2023-06-20,2023-06-20,1,0,,0.02907553863,0.00734676109,0.02415856797,0,temporal_sigmoid
weighted_rf,S2,2023,2023-06-18,2023-06-12,2023-06-18,2023-06-19,2023-06-21,2023-06-21,1,0,,0.006743131682,0.001951950822,0.02415856797,0,temporal_sigmoid
weighted_rf,S2,2023,2023-06-19,2023-06-13,2023-06-19,2023-06-20,2023-06-22,2023-06-22,1,0,,0.006743131682,0.001951950822,0.02415856797,0,temporal_sigmoid
weighted_rf,S2,2023,2023-06-20,2023-06-14,2023-06-20,2023-06-21,2023-06-23,2023-06-23,1,0,,0.006743131682,0.001951950822,0.02415856797,0,temporal_sigmoid
weighted_rf,S2,2023,2023-06-21,2023-06-15,2023-06-21,2023-06-22,2023-06-24,2023-06-24,1,0,,0.006743131682,0.001951950822,0.02415856797,0,temporal_sigmoid
weighted_rf,S2,2023,2023-06-22,2023-06-16,2023-06-22,2023-06-23,2023-06-25,2023-06-25,1,0,,0.006743131682,0.001951950822,0.02415856797,0,temporal_sigmoid
weighted_rf,S2,2023,2023-06-23,2023-06-17,2023-06-23,2023-06-24,2023-06-26,2023-06-26,1,0,,0.006743131682,0.001951950822,0.02415856797,0,temporal_sigmoid
weighted_rf,S2,2023,2023-06-24,2023-06-18,2023-06-24,2023-06-25,2023-06-27,2023-06-27,1,0,,0,7.165131503e-07,0.02415856797,0,temporal_sigmoid
weighted_rf,S2,2023,2023-06-25,2023-06-19,2023-06-25,2023-06-26,2023-06-28,2023-06-28,1,0,,0,7.165131503e-07,0.02415856797,0,temporal_sigmoid
weighted_rf,S2,2023,2023-06-26,2023-06-20,2023-06-26,2023-06-27,2023-06-29,2023-06-29,1,0,,0,7.165131503e-07,0.02415856797,0,temporal_sigmoid
weighted_rf,S2,2023,2023-06-27,2023-06-21,2023-06-27,2023-06-28,2023-06-30,2023-06-30,1,0,,0.006743131682,0.001951950822,0.02415856797,0,temporal_sigmoid
weighted_rf,S2,2024,2024-02-29,2024-02-23,2024-02-29,2024-03-01,2024-03-03,2024-03-03,1,0,,0.05949743138,0.003625335003,0.02411300902,0,temporal_sigmoid
weighted_rf,S2,2024,2024-03-01,2024-02-24,2024-03-01,2024-03-02,2024-03-04,2024-03-04,1,0,,0.06452659433,0.003960962405,0.02411300902,0,temporal_sigmoid
weighted_rf,S2,2024,2024-03-02,2024-02-25,2024-03-02,2024-03-03,2024-03-05,2024-03-05,1,0,,0.06719829897,0.004140958797,0.02411300902,0,temporal_sigmoid
weighted_rf,S2,2024,2024-03-03,2024-02-26,2024-03-03,2024-03-04,2024-03-06,2024-03-06,1,0,,0.06923119339,0.004278708055,0.02411300902,0,temporal_sigmoid
weighted_rf,S2,2024,2024-03-04,2024-02-27,2024-03-04,2024-03-05,2024-03-07,2024-03-07,1,0,,0.05140594165,0.003094084216,0.02411300902,0,temporal_sigmoid
weighted_rf,S2,2024,2024-03-05,2024-02-28,2024-03-05,2024-03-06,2024-03-08,2024-03-08,1,0,,0.07088166321,0.004391047444,0.02411300902,0,temporal_sigmoid
weighted_rf,S2,2024,2024-03-06,2024-02-29,2024-03-06,2024-03-07,2024-03-09,2024-03-09,1,0,,0.07159381671,0.004439659728,0.02411300902,0,temporal_sigmoid
weighted_rf,S2,2024,2024-03-07,2024-03-01,2024-03-07,2024-03-08,2024-03-10,2024-03-10,1,0,,0.0708515732,0.004388995324,0.02411300902,0,temporal_sigmoid
weighted_rf,S2,2024,2024-03-08,2024-03-02,2024-03-08,2024-03-09,2024-03-11,2024-03-11,1,0,,0.07159381671,0.004439659728,0.02411300902,0,temporal_sigmoid
weighted_rf,S2,2024,2024-03-09,2024-03-03,2024-03-09,2024-03-10,2024-03-12,2024-03-12,1,0,,0.07644739589,0.004773215005,0.02411300902,0,temporal_sigmoid
weighted_rf,S2,2024,2024-03-10,2024-03-04,2024-03-10,2024-03-11,2024-03-13,2024-03-13,1,0,,0.07644739589,0.004773215005,0.02411300902,0,temporal_sigmoid
weighted_rf,S2,2024,2024-03-11,2024-03-05,2024-03-11,2024-03-12,2024-03-14,2024-03-14,1,0,,0.06663420072,0.004102856538,0.02411300902,0,temporal_sigmoid
weighted_rf,S2,2024,2024-03-12,2024-03-06,2024-03-12,2024-03-13,2024-03-15,2024-03-15,1,0,,0.06453696034,0.0039616585,0.02411300902,0,temporal_sigmoid
weighted_rf,S2,2024,2024-03-13,2024-03-07,2024-03-13,2024-03-14,2024-03-16,2024-03-16,1,0,,0.08286006375,0.005219951645,0.02411300902,0,temporal_sigmoid
weighted_rf,S2,2024,2024-03-14,2024-03-08,2024-03-14,2024-03-15,2024-03-17,2024-03-17,1,0,,0.05753101488,0.003495236898,0.02411300902,0,temporal_sigmoid
weighted_rf,S2,2024,2024-03-15,2024-03-09,2024-03-15,2024-03-16,2024-03-18,2024-03-18,1,0,,0.07356399512,0.004574584764,0.02411300902,0,temporal_sigmoid
weighted_rf,S2,2024,2024-03-16,2024-03-10,2024-03-16,2024-03-17,2024-03-19,2024-03-19,1,0,,0.07586928246,0.004733279147,0.02411300902,0,temporal_sigmoid
weighted_rf,S2,2024,2024-03-17,2024-03-11,2024-03-17,2024-03-18,2024-03-20,2024-03-20,1,0,,0.08968346938,0.005702914341,0.02411300902,0,temporal_sigmoid
weighted_rf,S2,2024,2024-03-18,2024-03-12,2024-03-18,2024-03-19,2024-03-21,2024-03-21,1,0,,0.08963477567,0.005699439779,0.02411300902,0,temporal_sigmoid
weighted_rf,S2,2024,2024-03-19,2024-03-13,2024-03-19,2024-03-20,2024-03-22,2024-03-22,1,0,,0.07917456905,0.004962360214,0.02411300902,0,temporal_sigmoid
weighted_rf,S2,2024,2024-03-20,2024-03-14,2024-03-20,2024-03-21,2024-03-23,2024-03-23,1,0,,0.05472207349,0.003310501888,0.02411300902,0,temporal_sigmoid
weighted_rf,S2,2024,2024-03-21,2024-03-15,2024-03-21,2024-03-22,2024-03-24,2024-03-24,1,0,,0.05431910654,0.003284106657,0.02411300902,0,temporal_sigmoid
weighted_rf,S2,2024,2024-03-22,2024-03-16,2024-03-22,2024-03-23,2024-03-25,2024-03-25,1,0,,0.04994834308,0.002999532399,0.02411300902,0,temporal_sigmoid
weighted_rf,S2,2024,2024-03-23,2024-03-17,2024-03-23,2024-03-24,2024-03-26,2024-03-26,1,0,,0.04486344856,0.002672437989,0.02411300902,0,temporal_sigmoid
weighted_rf,S2,2024,2024-03-24,2024-03-18,2024-03-24,2024-03-25,2024-03-27,2024-03-27,1,0,,0.031637293,0.001841964831,0.02411300902,0,temporal_sigmoid
weighted_rf,S2,2024,2024-03-25,2024-03-19,2024-03-25,2024-03-26,2024-03-28,2024-03-28,1,0,,0.01941192349,0.001101691072,0.02411300902,0,temporal_sigmoid
weighted_rf,S2,2024,2024-03-26,2024-03-20,2024-03-26,2024-03-27,2024-03-29,2024-03-29,1,0,,0.03877617764,0.002286532588,0.02411300902,0,temporal_sigmoid
weighted_rf,S2,2024,2024-03-27,2024-03-21,2024-03-27,2024-03-28,2024-03-30,2024-03-30,1,0,,0.05335599827,0.003221129345,0.02411300902,0,temporal_sigmoid
weighted_rf,S2,2024,2024-03-28,2024-03-22,2024-03-28,2024-03-29,2024-03-31,2024-03-31,1,0,,0.03260467497,0.001901693106,0.02411300902,0,temporal_sigmoid
weighted_rf,S2,2024,2024-03-29,2024-03-23,2024-03-29,2024-03-30,2024-04-01,2024-04-01,1,0,,0.03841723457,0.002263971819,0.02411300902,0,temporal_sigmoid
weighted_rf,S2,2024,2024-03-30,2024-03-24,2024-03-30,2024-03-31,2024-04-02,2024-04-02,1,0,,0.03616570525,0.002122954597,0.02411300902,0,temporal_sigmoid
weighted_rf,S2,2024,2024-03-31,2024-03-25,2024-03-31,2024-04-01,2024-04-03,2024-04-03,1,0,,0.04461774685,0.00265674156,0.02411300902,0,temporal_sigmoid
weighted_rf,S2,2024,2024-04-01,2024-03-26,2024-04-01,2024-04-02,2024-04-04,2024-04-04,1,0,,0.1689718143,0.01193087692,0.02411300902,0,temporal_sigmoid
weighted_rf,S2,2024,2024-04-02,2024-03-27,2024-04-02,2024-04-03,2024-04-05,2024-04-05,1,0,,0.2881451634,0.02391071646,0.02411300902,0,temporal_sigmoid
weighted_rf,S2,2024,2024-04-03,2024-03-28,2024-04-03,2024-04-04,2024-04-06,2024-04-06,1,0,,0.4027486421,0.03973973809,0.02411300902,1,temporal_sigmoid
weighted_rf,S2,2024,2024-04-04,2024-03-29,2024-04-04,2024-04-05,2024-04-07,2024-04-07,1,0,,0.3065980504,0.0261230098,0.02411300902,1,temporal_sigmoid
weighted_rf,S2,2024,2024-04-05,2024-03-30,2024-04-05,2024-04-06,2024-04-08,2024-04-08,1,0,,0.3177183219,0.02751150824,0.02411300902,1,temporal_sigmoid
weighted_rf,S2,2024,2024-04-06,2024-03-31,2024-04-06,2024-04-07,2024-04-09,2024-04-09,1,0,,0.7381394013,0.1524776785,0.02411300902,1,temporal_sigmoid
weighted_rf,S2,2024,2024-04-07,2024-04-01,2024-04-07,2024-04-08,2024-04-10,2024-04-10,1,0,,0.2849892041,0.02354334468,0.02411300902,0,temporal_sigmoid
weighted_rf,S2,2024,2024-04-08,2024-04-02,2024-04-08,2024-04-09,2024-04-11,2024-04-11,1,0,,0.306504765,0.02611154212,0.02411300902,1,temporal_sigmoid
weighted_rf,S2,2024,2024-04-09,2024-04-03,2024-04-09,2024-04-10,2024-04-12,2024-04-12,1,0,,0.2478858899,0.0194480166,0.02411300902,0,temporal_sigmoid
weighted_rf,S2,2024,2024-04-10,2024-04-04,2024-04-10,2024-04-11,2024-04-13,2024-04-13,1,0,,0.1464996702,0.01004427756,0.02411300902,0,temporal_sigmoid
weighted_rf,S2,2024,2024-04-11,2024-04-05,2024-04-11,2024-04-12,2024-04-14,2024-04-14,1,0,,0.1724738345,0.012234225,0.02411300902,0,temporal_sigmoid
weighted_rf,S2,2024,2024-04-12,2024-04-06,2024-04-12,2024-04-13,2024-04-15,2024-04-15,1,0,,0.4249990863,0.04349678365,0.02411300902,1,temporal_sigmoid
weighted_rf,S2,2024,2024-04-13,2024-04-07,2024-04-13,2024-04-14,2024-04-16,2024-04-16,1,0,,0.7148607024,0.1375579824,0.02411300902,1,temporal_sigmoid
weighted_rf,S2,2024,2024-04-14,2024-04-08,2024-04-14,2024-04-15,2024-04-17,2024-04-17,1,1,fixed36_0046,0.7128281793,0.1363496642,0.02411300902,1,temporal_sigmoid
weighted_rf,S2,2024,2024-04-15,2024-04-09,2024-04-15,2024-04-16,2024-04-18,2024-04-18,1,0,,0.9055487878,0.3875538564,0.02411300902,1,temporal_sigmoid
weighted_rf,S2,2024,2024-04-16,2024-04-10,2024-04-16,2024-04-17,2024-04-19,2024-04-19,1,0,,0.7844059519,0.1895258149,0.02411300902,1,temporal_sigmoid
weighted_rf,S2,2024,2024-04-17,2024-04-11,2024-04-17,2024-04-18,2024-04-20,2024-04-20,1,0,,0.6898497051,0.1236081858,0.02411300902,1,temporal_sigmoid
weighted_rf,S2,2024,2024-04-18,2024-04-12,2024-04-18,2024-04-19,2024-04-21,2024-04-21,1,1,fixed36_0047,0.5632958869,0.07457141378,0.02411300902,1,temporal_sigmoid
weighted_rf,S2,2024,2024-04-19,2024-04-13,2024-04-19,2024-04-20,2024-04-22,2024-04-22,1,1,fixed36_0047,0.8958206466,0.3613704617,0.02411300902,1,temporal_sigmoid
weighted_rf,S2,2024,2024-04-20,2024-04-14,2024-04-20,2024-04-21,2024-04-23,2024-04-23,1,1,fixed36_0047,0.9167395444,0.4217921637,0.02411300902,1,temporal_sigmoid
weighted_rf,S2,2024,2024-04-21,2024-04-15,2024-04-21,2024-04-22,2024-04-24,2024-04-24,1,1,fixed36_0047,0.8780895297,0.320507207,0.02411300902,1,temporal_sigmoid
weighted_rf,S2,2024,2024-04-22,2024-04-16,2024-04-22,2024-04-23,2024-04-25,2024-04-25,1,1,fixed36_0047,0.9140326572,0.4130600274,0.02411300902,1,temporal_sigmoid
weighted_rf,S2,2024,2024-04-23,2024-04-17,2024-04-23,2024-04-24,2024-04-26,2024-04-26,1,1,fixed36_0047,0.9185293722,0.4277370599,0.02411300902,1,temporal_sigmoid
weighted_rf,S2,2024,2024-04-24,2024-04-18,2024-04-24,2024-04-25,2024-04-27,2024-04-27,1,1,fixed36_0047,0.9144261298,0.4143104782,0.02411300902,1,temporal_sigmoid
weighted_rf,S2,2024,2024-04-25,2024-04-19,2024-04-25,2024-04-26,2024-04-28,2024-04-28,1,1,fixed36_0047,0.9219736121,0.4395804233,0.02411300902,1,temporal_sigmoid
weighted_rf,S2,2024,2024-04-26,2024-04-20,2024-04-26,2024-04-27,2024-04-29,2024-04-29,1,1,fixed36_0047,0.8913945404,0.3504053347,0.02411300902,1,temporal_sigmoid
weighted_rf,S2,2024,2024-04-27,2024-04-21,2024-04-27,2024-04-28,2024-04-30,2024-04-30,1,1,fixed36_0047,0.8742516011,0.3126438066,0.02411300902,1,temporal_sigmoid
weighted_rf,S2,2024,2024-04-28,2024-04-22,2024-04-28,2024-04-29,2024-05-01,2024-05-01,1,1,fixed36_0047,0.9219736121,0.4395804233,0.02411300902,1,temporal_sigmoid
weighted_rf,S2,2024,2024-04-29,2024-04-23,2024-04-29,2024-04-30,2024-05-02,2024-05-02,1,1,fixed36_0047,0.9219736121,0.4395804233,0.02411300902,1,temporal_sigmoid
weighted_rf,S2,2024,2024-04-30,2024-04-24,2024-04-30,2024-05-01,2024-05-03,2024-05-03,1,1,fixed36_0047,0.8980387462,0.367078868,0.02411300902,1,temporal_sigmoid
weighted_rf,S2,2024,2024-05-01,2024-04-25,2024-05-01,2024-05-02,2024-05-04,2024-05-04,1,0,,0.9219736121,0.4395804233,0.02411300902,1,temporal_sigmoid
weighted_rf,S2,2024,2024-05-02,2024-04-26,2024-05-02,2024-05-03,2024-05-05,2024-05-05,1,0,,0.7863568873,0.1913591869,0.02411300902,1,temporal_sigmoid
weighted_rf,S2,2024,2024-05-03,2024-04-27,2024-05-03,2024-05-04,2024-05-06,2024-05-06,1,0,,0.8068864004,0.2123318718,0.02411300902,1,temporal_sigmoid
weighted_rf,S2,2024,2024-05-04,2024-04-28,2024-05-04,2024-05-05,2024-05-07,2024-05-07,1,0,,0.7031832783,0.1308025647,0.02411300902,1,temporal_sigmoid
weighted_rf,S2,2024,2024-05-05,2024-04-29,2024-05-05,2024-05-06,2024-05-08,2024-05-08,1,0,,0.4758771617,0.0531894063,0.02411300902,1,temporal_sigmoid
weighted_rf,S2,2024,2024-05-06,2024-04-30,2024-05-06,2024-05-07,2024-05-09,2024-05-09,1,0,,0.168011546,0.01184814734,0.02411300902,0,temporal_sigmoid
weighted_rf,S2,2024,2024-05-07,2024-05-01,2024-05-07,2024-05-08,2024-05-10,2024-05-10,1,0,,0.1559171001,0.01082247593,0.02411300902,0,temporal_sigmoid
weighted_rf,S2,2024,2024-05-08,2024-05-02,2024-05-08,2024-05-09,2024-05-11,2024-05-11,1,0,,0.1111317383,0.007273236546,0.02411300902,0,temporal_sigmoid
weighted_rf,S2,2024,2024-05-09,2024-05-03,2024-05-09,2024-05-10,2024-05-12,2024-05-12,1,0,,0.06859237846,0.004235348175,0.02411300902,0,temporal_sigmoid
weighted_rf,S2,2024,2024-05-10,2024-05-04,2024-05-10,2024-05-11,2024-05-13,2024-05-13,1,0,,0.04875328533,0.002922273119,0.02411300902,0,temporal_sigmoid
weighted_rf,S2,2024,2024-05-11,2024-05-05,2024-05-11,2024-05-12,2024-05-14,2024-05-14,1,0,,0.02824485719,0.001633808855,0.02411300902,0,temporal_sigmoid
weighted_rf,S2,2024,2024-05-12,2024-05-06,2024-05-12,2024-05-13,2024-05-15,2024-05-15,1,0,,0.05178035531,0.003118428397,0.02411300902,0,temporal_sigmoid
weighted_rf,S2,2024,2024-05-13,2024-05-07,2024-05-13,2024-05-14,2024-05-16,2024-05-16,1,0,,0.1131572113,0.007425711457,0.02411300902,0,temporal_sigmoid
weighted_rf,S2,2024,2024-05-14,2024-05-08,2024-05-14,2024-05-15,2024-05-17,2024-05-17,1,1,fixed36_0048,0.2875632248,0.02384273986,0.02411300902,0,temporal_sigmoid
weighted_rf,S2,2024,2024-05-15,2024-05-09,2024-05-15,2024-05-16,2024-05-18,2024-05-18,1,0,,0.7032834455,0.1308586397,0.02411300902,1,temporal_sigmoid
weighted_rf,S2,2024,2024-05-16,2024-05-10,2024-05-16,2024-05-17,2024-05-19,2024-05-19,1,0,,0.8049895544,0.2102553522,0.02411300902,1,temporal_sigmoid
weighted_rf,S2,2024,2024-05-17,2024-05-11,2024-05-17,2024-05-18,2024-05-20,2024-05-20,1,0,,0.8894678569,0.3458010771,0.02411300902,1,temporal_sigmoid
weighted_rf,S2,2024,2024-05-18,2024-05-12,2024-05-18,2024-05-19,2024-05-21,2024-05-21,1,0,,0.3638228433,0.03375938904,0.02411300902,1,temporal_sigmoid
weighted_rf,S2,2024,2024-05-19,2024-05-13,2024-05-19,2024-05-20,2024-05-22,2024-05-22,1,0,,0.1683875846,0.01188052107,0.02411300902,0,temporal_sigmoid
weighted_rf,S2,2024,2024-05-20,2024-05-14,2024-05-20,2024-05-21,2024-05-23,2024-05-23,1,0,,0.1297423063,0.00870222468,0.02411300902,0,temporal_sigmoid
weighted_rf,S2,2024,2024-05-21,2024-05-15,2024-05-21,2024-05-22,2024-05-24,2024-05-24,1,0,,0.3957480236,0.03861103446,0.02411300902,1,temporal_sigmoid
weighted_rf,S2,2024,2024-05-22,2024-05-16,2024-05-22,2024-05-23,2024-05-25,2024-05-25,1,1,fixed36_0049,0.0901406021,0.005735552984,0.02411300902,0,temporal_sigmoid
weighted_rf,S2,2024,2024-05-23,2024-05-17,2024-05-23,2024-05-24,2024-05-26,2024-05-26,1,0,,0.6866176396,0.1219414113,0.02411300902,1,temporal_sigmoid
weighted_rf,S2,2024,2024-05-24,2024-05-18,2024-05-24,2024-05-25,2024-05-27,2024-05-27,1,0,,0.7917861402,0.1965991953,0.02411300902,1,temporal_sigmoid
weighted_rf,S2,2024,2024-05-25,2024-05-19,2024-05-25,2024-05-26,2024-05-28,2024-05-28,1,0,,0.7553128001,0.1649322271,0.02411300902,1,temporal_sigmoid
weighted_rf,S2,2024,2024-05-26,2024-05-20,2024-05-26,2024-05-27,2024-05-29,2024-05-29,1,0,,0.3216886721,0.02801777992,0.02411300902,1,temporal_sigmoid
weighted_rf,S2,2024,2024-05-27,2024-05-21,2024-05-27,2024-05-28,2024-05-30,2024-05-30,1,0,,0.08801059809,0.005583777184,0.02411300902,0,temporal_sigmoid
weighted_rf,S2,2024,2024-05-28,2024-05-22,2024-05-28,2024-05-29,2024-05-31,2024-05-31,1,0,,0.04639877745,0.002770748548,0.02411300902,0,temporal_sigmoid
weighted_rf,S2,2024,2024-05-29,2024-05-23,2024-05-29,2024-05-30,2024-06-01,2024-06-01,1,0,,0.1090535554,0.007117554615,0.02411300902,0,temporal_sigmoid
weighted_rf,S2,2024,2024-05-30,2024-05-24,2024-05-30,2024-05-31,2024-06-02,2024-06-02,1,0,,0.0417898913,0.002476811821,0.02411300902,0,temporal_sigmoid
weighted_rf,S2,2024,2024-05-31,2024-05-25,2024-05-31,2024-06-01,2024-06-03,2024-06-03,1,0,,0.05779199064,0.003512466405,0.02411300902,0,temporal_sigmoid
weighted_rf,S2,2024,2024-06-01,2024-05-26,2024-06-01,2024-06-02,2024-06-04,2024-06-04,1,0,,0.1097482311,0.007169509005,0.02411300902,0,temporal_sigmoid
weighted_rf,S2,2024,2024-06-02,2024-05-27,2024-06-02,2024-06-03,2024-06-05,2024-06-05,1,0,,0.2710697375,0.02195965688,0.02411300902,0,temporal_sigmoid
weighted_rf,S2,2024,2024-06-03,2024-05-28,2024-06-03,2024-06-04,2024-06-06,2024-06-06,1,0,,0.1239980544,0.008254391992,0.02411300902,0,temporal_sigmoid
weighted_rf,S2,2024,2024-06-04,2024-05-29,2024-06-04,2024-06-05,2024-06-07,2024-06-07,1,0,,0.04726239762,0.002826220169,0.02411300902,0,temporal_sigmoid
weighted_rf,S2,2024,2024-06-05,2024-05-30,2024-06-05,2024-06-06,2024-06-08,2024-06-08,1,0,,0.1185255022,0.007833397594,0.02411300902,0,temporal_sigmoid
weighted_rf,S2,2024,2024-06-06,2024-05-31,2024-06-06,2024-06-07,2024-06-09,2024-06-09,1,0,,0.07579045497,0.004727838094,0.02411300902,0,temporal_sigmoid
weighted_rf,S2,2024,2024-06-07,2024-06-01,2024-06-07,2024-06-08,2024-06-10,2024-06-10,1,0,,0.1144172108,0.007520933464,0.02411300902,0,temporal_sigmoid
weighted_rf,S2,2024,2024-06-08,2024-06-02,2024-06-08,2024-06-09,2024-06-11,2024-06-11,1,0,,0.1266389913,0.00845952395,0.02411300902,0,temporal_sigmoid
weighted_rf,S2,2024,2024-06-09,2024-06-03,2024-06-09,2024-06-10,2024-06-12,2024-06-12,1,0,,0.04733370718,0.00283080602,0.02411300902,0,temporal_sigmoid
weighted_rf,S2,2024,2024-06-10,2024-06-04,2024-06-10,2024-06-11,2024-06-13,2024-06-13,1,0,,0.0510214724,0.00306911031,0.02411300902,0,temporal_sigmoid
weighted_rf,S2,2024,2024-06-11,2024-06-05,2024-06-11,2024-06-12,2024-06-14,2024-06-14,1,0,,0.179478003,0.01284874726,0.02411300902,0,temporal_sigmoid
weighted_rf,S2,2024,2024-06-12,2024-06-06,2024-06-12,2024-06-13,2024-06-15,2024-06-15,1,0,,0.05592910275,0.003389725068,0.02411300902,0,temporal_sigmoid
weighted_rf,S2,2024,2024-06-13,2024-06-07,2024-06-13,2024-06-14,2024-06-16,2024-06-16,1,0,,0.04216337071,0.002500498789,0.02411300902,0,temporal_sigmoid
weighted_rf,S2,2024,2024-06-14,2024-06-08,2024-06-14,2024-06-15,2024-06-17,2024-06-17,1,0,,0.03348076747,0.001955925421,0.02411300902,0,temporal_sigmoid
weighted_rf,S2,2024,2024-06-15,2024-06-09,2024-06-15,2024-06-16,2024-06-18,2024-06-18,1,0,,0.05308660755,0.003203541347,0.02411300902,0,temporal_sigmoid
weighted_rf,S2,2024,2024-06-16,2024-06-10,2024-06-16,2024-06-17,2024-06-19,2024-06-19,1,0,,0.06096734777,0.003723000609,0.02411300902,0,temporal_sigmoid
weighted_rf,S2,2024,2024-06-17,2024-06-11,2024-06-17,2024-06-18,2024-06-20,2024-06-20,1,0,,0.07112801924,0.004407854425,0.02411300902,0,temporal_sigmoid
weighted_rf,S2,2024,2024-06-18,2024-06-12,2024-06-18,2024-06-19,2024-06-21,2024-06-21,1,0,,0.03989595529,0.002357054282,0.02411300902,0,temporal_sigmoid
weighted_rf,S2,2024,2024-06-19,2024-06-13,2024-06-19,2024-06-20,2024-06-22,2024-06-22,1,0,,0.03199229757,0.001863864628,0.02411300902,0,temporal_sigmoid
weighted_rf,S2,2024,2024-06-20,2024-06-14,2024-06-20,2024-06-21,2024-06-23,2024-06-23,1,0,,0.02404298195,0.001378854411,0.02411300902,0,temporal_sigmoid
weighted_rf,S2,2024,2024-06-21,2024-06-15,2024-06-21,2024-06-22,2024-06-24,2024-06-24,1,0,,0.02563710049,0.001475199471,0.02411300902,0,temporal_sigmoid
weighted_rf,S2,2024,2024-06-22,2024-06-16,2024-06-22,2024-06-23,2024-06-25,2024-06-25,1,0,,0.02058250229,0.001171356723,0.02411300902,0,temporal_sigmoid
weighted_rf,S2,2024,2024-06-23,2024-06-17,2024-06-23,2024-06-24,2024-06-26,2024-06-26,1,0,,0.02937296194,0.001702801826,0.02411300902,0,temporal_sigmoid
weighted_rf,S2,2024,2024-06-24,2024-06-18,2024-06-24,2024-06-25,2024-06-27,2024-06-27,1,0,,0.05069072147,0.003047645307,0.02411300902,0,temporal_sigmoid
weighted_rf,S2,2024,2024-06-25,2024-06-19,2024-06-25,2024-06-26,2024-06-28,2024-06-28,1,0,,0.07131745512,0.004420785028,0.02411300902,0,temporal_sigmoid
weighted_rf,S2,2024,2024-06-26,2024-06-20,2024-06-26,2024-06-27,2024-06-29,2024-06-29,1,0,,0.06082100721,0.003713261356,0.02411300902,0,temporal_sigmoid
weighted_rf,S2,2024,2024-06-27,2024-06-21,2024-06-27,2024-06-28,2024-06-30,2024-06-30,1,0,,0.03565787371,0.002091267646,0.02411300902,0,temporal_sigmoid
weighted_svc,S2,2014,2014-02-28,2014-02-22,2014-02-28,2014-03-01,2014-03-03,2014-03-03,1,0,,-1.593511534,0.0009454750893,0.03634450595,0,temporal_sigmoid
weighted_svc,S2,2014,2014-03-01,2014-02-23,2014-03-01,2014-03-02,2014-03-04,2014-03-04,1,0,,-1.759524673,0.0006230058096,0.03634450595,0,temporal_sigmoid
weighted_svc,S2,2014,2014-03-02,2014-02-24,2014-03-02,2014-03-03,2014-03-05,2014-03-05,1,0,,-1.666609363,0.0007868483073,0.03634450595,0,temporal_sigmoid
weighted_svc,S2,2014,2014-03-03,2014-02-25,2014-03-03,2014-03-04,2014-03-06,2014-03-06,1,0,,-1.728540183,0.0006734532284,0.03634450595,0,temporal_sigmoid
weighted_svc,S2,2014,2014-03-04,2014-02-26,2014-03-04,2014-03-05,2014-03-07,2014-03-07,1,0,,-1.665766751,0.0007885159505,0.03634450595,0,temporal_sigmoid
weighted_svc,S2,2014,2014-03-05,2014-02-27,2014-03-05,2014-03-06,2014-03-08,2014-03-08,1,0,,-1.700430306,0.0007227431801,0.03634450595,0,temporal_sigmoid
weighted_svc,S2,2014,2014-03-06,2014-02-28,2014-03-06,2014-03-07,2014-03-09,2014-03-09,1,0,,-1.697422623,0.0007282260719,0.03634450595,0,temporal_sigmoid
weighted_svc,S2,2014,2014-03-07,2014-03-01,2014-03-07,2014-03-08,2014-03-10,2014-03-10,1,0,,-1.659250823,0.0008015316619,0.03634450595,0,temporal_sigmoid
weighted_svc,S2,2014,2014-03-08,2014-03-02,2014-03-08,2014-03-09,2014-03-11,2014-03-11,1,0,,-1.614574275,0.0008967456173,0.03634450595,0,temporal_sigmoid
weighted_svc,S2,2014,2014-03-09,2014-03-03,2014-03-09,2014-03-10,2014-03-12,2014-03-12,1,0,,-1.655910836,0.0008082863578,0.03634450595,0,temporal_sigmoid
weighted_svc,S2,2014,2014-03-10,2014-03-04,2014-03-10,2014-03-11,2014-03-13,2014-03-13,1,0,,-1.624108802,0.0008755200729,0.03634450595,0,temporal_sigmoid
weighted_svc,S2,2014,2014-03-11,2014-03-05,2014-03-11,2014-03-12,2014-03-14,2014-03-14,1,0,,-1.499951072,0.00119595783,0.03634450595,0,temporal_sigmoid
weighted_svc,S2,2014,2014-03-12,2014-03-06,2014-03-12,2014-03-13,2014-03-15,2014-03-15,1,0,,-1.533468247,0.001099397419,0.03634450595,0,temporal_sigmoid
weighted_svc,S2,2014,2014-03-13,2014-03-07,2014-03-13,2014-03-14,2014-03-16,2014-03-16,1,0,,-1.488761316,0.001230045154,0.03634450595,0,temporal_sigmoid
weighted_svc,S2,2014,2014-03-14,2014-03-08,2014-03-14,2014-03-15,2014-03-17,2014-03-17,1,0,,-1.39869485,0.001542212709,0.03634450595,0,temporal_sigmoid
weighted_svc,S2,2014,2014-03-15,2014-03-09,2014-03-15,2014-03-16,2014-03-18,2014-03-18,1,0,,-1.365879601,0.001674646916,0.03634450595,0,temporal_sigmoid
weighted_svc,S2,2014,2014-03-16,2014-03-10,2014-03-16,2014-03-17,2014-03-19,2014-03-19,1,0,,-1.406652535,0.001511705483,0.03634450595,0,temporal_sigmoid
weighted_svc,S2,2014,2014-03-17,2014-03-11,2014-03-17,2014-03-18,2014-03-20,2014-03-20,1,0,,-1.15125252,0.002869400887,0.03634450595,0,temporal_sigmoid
weighted_svc,S2,2014,2014-03-18,2014-03-12,2014-03-18,2014-03-19,2014-03-21,2014-03-21,1,0,,-1.252237726,0.002227346363,0.03634450595,0,temporal_sigmoid
weighted_svc,S2,2014,2014-03-19,2014-03-13,2014-03-19,2014-03-20,2014-03-22,2014-03-22,1,0,,-1.32733011,0.001844794583,0.03634450595,0,temporal_sigmoid
weighted_svc,S2,2014,2014-03-20,2014-03-14,2014-03-20,2014-03-21,2014-03-23,2014-03-23,1,0,,-1.114120272,0.00314934572,0.03634450595,0,temporal_sigmoid
weighted_svc,S2,2014,2014-03-21,2014-03-15,2014-03-21,2014-03-22,2014-03-24,2014-03-24,1,0,,-1.315359732,0.001901060927,0.03634450595,0,temporal_sigmoid
weighted_svc,S2,2014,2014-03-22,2014-03-16,2014-03-22,2014-03-23,2014-03-25,2014-03-25,1,0,,-1.325735759,0.001852191731,0.03634450595,0,temporal_sigmoid
weighted_svc,S2,2014,2014-03-23,2014-03-17,2014-03-23,2014-03-24,2014-03-26,2014-03-26,1,0,,-2.052594436,0.0002982498162,0.03634450595,0,temporal_sigmoid
weighted_svc,S2,2014,2014-03-24,2014-03-18,2014-03-24,2014-03-25,2014-03-27,2014-03-27,1,0,,-2.185546808,0.0002135126215,0.03634450595,0,temporal_sigmoid
weighted_svc,S2,2014,2014-03-25,2014-03-19,2014-03-25,2014-03-26,2014-03-28,2014-03-28,1,0,,-2.139325224,0.0002398221988,0.03634450595,0,temporal_sigmoid
weighted_svc,S2,2014,2014-03-26,2014-03-20,2014-03-26,2014-03-27,2014-03-29,2014-03-29,1,0,,-1.853733663,0.0004916615621,0.03634450595,0,temporal_sigmoid
weighted_svc,S2,2014,2014-03-27,2014-03-21,2014-03-27,2014-03-28,2014-03-30,2014-03-30,1,0,,-1.218150404,0.00242620209,0.03634450595,0,temporal_sigmoid
weighted_svc,S2,2014,2014-03-28,2014-03-22,2014-03-28,2014-03-29,2014-03-31,2014-03-31,1,0,,-0.7083149166,0.008688973541,0.03634450595,0,temporal_sigmoid
weighted_svc,S2,2014,2014-03-29,2014-03-23,2014-03-29,2014-03-30,2014-04-01,2014-04-01,1,0,,-0.3555001364,0.02084062538,0.03634450595,0,temporal_sigmoid
weighted_svc,S2,2014,2014-03-30,2014-03-24,2014-03-30,2014-03-31,2014-04-02,2014-04-02,1,0,,-0.09922346764,0.0389645022,0.03634450595,1,temporal_sigmoid
weighted_svc,S2,2014,2014-03-31,2014-03-25,2014-03-31,2014-04-01,2014-04-03,2014-04-03,1,0,,0.1748136843,0.07472542338,0.03634450595,1,temporal_sigmoid
weighted_svc,S2,2014,2014-04-01,2014-03-26,2014-04-01,2014-04-02,2014-04-04,2014-04-04,1,0,,0.1130578271,0.06467250312,0.03634450595,1,temporal_sigmoid
weighted_svc,S2,2014,2014-04-02,2014-03-27,2014-04-02,2014-04-03,2014-04-05,2014-04-05,1,0,,0.5678428072,0.1782917158,0.03634450595,1,temporal_sigmoid
weighted_svc,S2,2014,2014-04-03,2014-03-28,2014-04-03,2014-04-04,2014-04-06,2014-04-06,1,0,,-0.2115331933,0.02966213961,0.03634450595,0,temporal_sigmoid
weighted_svc,S2,2014,2014-04-04,2014-03-29,2014-04-04,2014-04-05,2014-04-07,2014-04-07,1,0,,-1.982881879,0.0003553746431,0.03634450595,0,temporal_sigmoid
weighted_svc,S2,2014,2014-04-05,2014-03-30,2014-04-05,2014-04-06,2014-04-08,2014-04-08,1,0,,-1.87950211,0.0004608278073,0.03634450595,0,temporal_sigmoid
weighted_svc,S2,2014,2014-04-06,2014-03-31,2014-04-06,2014-04-07,2014-04-09,2014-04-09,1,0,,-1.916216513,0.0004202053607,0.03634450595,0,temporal_sigmoid
weighted_svc,S2,2014,2014-04-07,2014-04-01,2014-04-07,2014-04-08,2014-04-10,2014-04-10,1,0,,-1.178214012,0.002681816485,0.03634450595,0,temporal_sigmoid
weighted_svc,S2,2014,2014-04-08,2014-04-02,2014-04-08,2014-04-09,2014-04-11,2014-04-11,1,0,,-0.8406243426,0.006245201809,0.03634450595,0,temporal_sigmoid
weighted_svc,S2,2014,2014-04-09,2014-04-03,2014-04-09,2014-04-10,2014-04-12,2014-04-12,1,0,,-1.217139571,0.002432361905,0.03634450595,0,temporal_sigmoid
weighted_svc,S2,2014,2014-04-10,2014-04-04,2014-04-10,2014-04-11,2014-04-13,2014-04-13,1,0,,-1.274636532,0.002105618313,0.03634450595,0,temporal_sigmoid
weighted_svc,S2,2014,2014-04-11,2014-04-05,2014-04-11,2014-04-12,2014-04-14,2014-04-14,1,0,,-0.972317508,0.004492555501,0.03634450595,0,temporal_sigmoid
weighted_svc,S2,2014,2014-04-12,2014-04-06,2014-04-12,2014-04-13,2014-04-15,2014-04-15,1,0,,-1.107705097,0.003200397505,0.03634450595,0,temporal_sigmoid
weighted_svc,S2,2014,2014-04-13,2014-04-07,2014-04-13,2014-04-14,2014-04-16,2014-04-16,1,0,,-1.116933607,0.003127214118,0.03634450595,0,temporal_sigmoid
weighted_svc,S2,2014,2014-04-14,2014-04-08,2014-04-14,2014-04-15,2014-04-17,2014-04-17,1,0,,-0.7494977342,0.007840888862,0.03634450595,0,temporal_sigmoid
weighted_svc,S2,2014,2014-04-15,2014-04-09,2014-04-15,2014-04-16,2014-04-18,2014-04-18,1,0,,-0.2436347491,0.02742492521,0.03634450595,0,temporal_sigmoid
weighted_svc,S2,2014,2014-04-16,2014-04-10,2014-04-16,2014-04-17,2014-04-19,2014-04-19,1,0,,0.3545596062,0.1126170531,0.03634450595,1,temporal_sigmoid
weighted_svc,S2,2014,2014-04-17,2014-04-11,2014-04-17,2014-04-18,2014-04-20,2014-04-20,1,0,,0.3097249983,0.1018328015,0.03634450595,1,temporal_sigmoid
weighted_svc,S2,2014,2014-04-18,2014-04-12,2014-04-18,2014-04-19,2014-04-21,2014-04-21,1,0,,0.1929919801,0.07794803047,0.03634450595,1,temporal_sigmoid
weighted_svc,S2,2014,2014-04-19,2014-04-13,2014-04-19,2014-04-20,2014-04-22,2014-04-22,1,1,fixed36_0035,0.1902444617,0.07745292068,0.03634450595,1,temporal_sigmoid
weighted_svc,S2,2014,2014-04-20,2014-04-14,2014-04-20,2014-04-21,2014-04-23,2014-04-23,1,1,fixed36_0035,1.106741069,0.4568927766,0.03634450595,1,temporal_sigmoid
weighted_svc,S2,2014,2014-04-21,2014-04-15,2014-04-21,2014-04-22,2014-04-24,2014-04-24,1,1,fixed36_0035,1.063408519,0.4300072737,0.03634450595,1,temporal_sigmoid
weighted_svc,S2,2014,2014-04-22,2014-04-16,2014-04-22,2014-04-23,2014-04-25,2014-04-25,1,1,fixed36_0035,0.9431465251,0.357959697,0.03634450595,1,temporal_sigmoid
weighted_svc,S2,2014,2014-04-23,2014-04-17,2014-04-23,2014-04-24,2014-04-26,2014-04-26,1,1,fixed36_0035,0.8958901155,0.3311339117,0.03634450595,1,temporal_sigmoid
weighted_svc,S2,2014,2014-04-24,2014-04-18,2014-04-24,2014-04-25,2014-04-27,2014-04-27,1,0,,0.896647271,0.3315557384,0.03634450595,1,temporal_sigmoid
weighted_svc,S2,2014,2014-04-25,2014-04-19,2014-04-25,2014-04-26,2014-04-28,2014-04-28,1,0,,0.6881474594,0.2269791399,0.03634450595,1,temporal_sigmoid
weighted_svc,S2,2014,2014-04-26,2014-04-20,2014-04-26,2014-04-27,2014-04-29,2014-04-29,1,0,,0.2952480274,0.09855115252,0.03634450595,1,temporal_sigmoid
weighted_svc,S2,2014,2014-04-27,2014-04-21,2014-04-27,2014-04-28,2014-04-30,2014-04-30,1,0,,0.5450649352,0.170054464,0.03634450595,1,temporal_sigmoid
weighted_svc,S2,2014,2014-04-28,2014-04-22,2014-04-28,2014-04-29,2014-05-01,2014-05-01,1,0,,0.07614030834,0.05927892086,0.03634450595,1,temporal_sigmoid
weighted_svc,S2,2014,2014-04-29,2014-04-23,2014-04-29,2014-04-30,2014-05-02,2014-05-02,1,0,,-1.292774167,0.002011929851,0.03634450595,0,temporal_sigmoid
weighted_svc,S2,2014,2014-04-30,2014-04-24,2014-04-30,2014-05-01,2014-05-03,2014-05-03,1,0,,-1.485230286,0.00124100184,0.03634450595,0,temporal_sigmoid
weighted_svc,S2,2014,2014-05-01,2014-04-25,2014-05-01,2014-05-02,2014-05-04,2014-05-04,1,0,,-1.694485039,0.0007336212946,0.03634450595,0,temporal_sigmoid
weighted_svc,S2,2014,2014-05-02,2014-04-26,2014-05-02,2014-05-03,2014-05-05,2014-05-05,1,0,,-1.705229252,0.0007140801767,0.03634450595,0,temporal_sigmoid
weighted_svc,S2,2014,2014-05-03,2014-04-27,2014-05-03,2014-05-04,2014-05-06,2014-05-06,1,0,,-1.915514309,0.0004209476828,0.03634450595,0,temporal_sigmoid
weighted_svc,S2,2014,2014-05-04,2014-04-28,2014-05-04,2014-05-05,2014-05-07,2014-05-07,1,0,,-1.560067507,0.001028341405,0.03634450595,0,temporal_sigmoid
weighted_svc,S2,2014,2014-05-05,2014-04-29,2014-05-05,2014-05-06,2014-05-08,2014-05-08,1,0,,-1.687283606,0.0007470171689,0.03634450595,0,temporal_sigmoid
weighted_svc,S2,2014,2014-05-06,2014-04-30,2014-05-06,2014-05-07,2014-05-09,2014-05-09,1,0,,-1.171262346,0.002728979237,0.03634450595,0,temporal_sigmoid
weighted_svc,S2,2014,2014-05-07,2014-05-01,2014-05-07,2014-05-08,2014-05-10,2014-05-10,1,0,,-1.408204131,0.001505827736,0.03634450595,0,temporal_sigmoid
weighted_svc,S2,2014,2014-05-08,2014-05-02,2014-05-08,2014-05-09,2014-05-11,2014-05-11,1,0,,-1.145662442,0.00290990192,0.03634450595,0,temporal_sigmoid
weighted_svc,S2,2014,2014-05-09,2014-05-03,2014-05-09,2014-05-10,2014-05-12,2014-05-12,1,0,,-0.1407377785,0.03523816139,0.03634450595,0,temporal_sigmoid
weighted_svc,S2,2014,2014-05-10,2014-05-04,2014-05-10,2014-05-11,2014-05-13,2014-05-13,1,0,,-0.2024171925,0.03032907685,0.03634450595,0,temporal_sigmoid
weighted_svc,S2,2014,2014-05-11,2014-05-05,2014-05-11,2014-05-12,2014-05-14,2014-05-14,1,0,,-1.004221859,0.004147649724,0.03634450595,0,temporal_sigmoid
weighted_svc,S2,2014,2014-05-12,2014-05-06,2014-05-12,2014-05-13,2014-05-15,2014-05-15,1,1,fixed36_0036,-0.6050366086,0.01123668324,0.03634450595,0,temporal_sigmoid
weighted_svc,S2,2014,2014-05-13,2014-05-07,2014-05-13,2014-05-14,2014-05-16,2014-05-16,1,1,fixed36_0036,0.04198866889,0.05466735369,0.03634450595,1,temporal_sigmoid
weighted_svc,S2,2014,2014-05-14,2014-05-08,2014-05-14,2014-05-15,2014-05-17,2014-05-17,1,0,,0.4609720966,0.1422532413,0.03634450595,1,temporal_sigmoid
weighted_svc,S2,2014,2014-05-15,2014-05-09,2014-05-15,2014-05-16,2014-05-18,2014-05-18,1,0,,0.4891010724,0.1511041337,0.03634450595,1,temporal_sigmoid
weighted_svc,S2,2014,2014-05-16,2014-05-10,2014-05-16,2014-05-17,2014-05-19,2014-05-19,1,0,,0.5301716893,0.1648339899,0.03634450595,1,temporal_sigmoid
weighted_svc,S2,2014,2014-05-17,2014-05-11,2014-05-17,2014-05-18,2014-05-20,2014-05-20,1,0,,0.02038918312,0.05192742702,0.03634450595,1,temporal_sigmoid
weighted_svc,S2,2014,2014-05-18,2014-05-12,2014-05-18,2014-05-19,2014-05-21,2014-05-21,1,0,,0.1948759658,0.07828920228,0.03634450595,1,temporal_sigmoid
weighted_svc,S2,2014,2014-05-19,2014-05-13,2014-05-19,2014-05-20,2014-05-22,2014-05-22,1,1,fixed36_0037,0.3779747653,0.1186367009,0.03634450595,1,temporal_sigmoid
weighted_svc,S2,2014,2014-05-20,2014-05-14,2014-05-20,2014-05-21,2014-05-23,2014-05-23,1,1,fixed36_0037,0.7623521528,0.2613712171,0.03634450595,1,temporal_sigmoid
weighted_svc,S2,2014,2014-05-21,2014-05-15,2014-05-21,2014-05-22,2014-05-24,2014-05-24,1,0,,0.8343323738,0.2977880508,0.03634450595,1,temporal_sigmoid
weighted_svc,S2,2014,2014-05-22,2014-05-16,2014-05-22,2014-05-23,2014-05-25,2014-05-25,1,0,,0.7202622481,0.2414598548,0.03634450595,1,temporal_sigmoid
weighted_svc,S2,2014,2014-05-23,2014-05-17,2014-05-23,2014-05-24,2014-05-26,2014-05-26,1,0,,0.6909886094,0.2282351236,0.03634450595,1,temporal_sigmoid
weighted_svc,S2,2014,2014-05-24,2014-05-18,2014-05-24,2014-05-25,2014-05-27,2014-05-27,1,0,,-0.3381758787,0.0217483969,0.03634450595,0,temporal_sigmoid
weighted_svc,S2,2014,2014-05-25,2014-05-19,2014-05-25,2014-05-26,2014-05-28,2014-05-28,1,0,,-0.9580703931,0.004655658891,0.03634450595,0,temporal_sigmoid
weighted_svc,S2,2014,2014-05-26,2014-05-20,2014-05-26,2014-05-27,2014-05-29,2014-05-29,1,0,,-1.182583072,0.002652592013,0.03634450595,0,temporal_sigmoid
weighted_svc,S2,2014,2014-05-27,2014-05-21,2014-05-27,2014-05-28,2014-05-30,2014-05-30,1,0,,-1.469296432,0.001291669171,0.03634450595,0,temporal_sigmoid
weighted_svc,S2,2014,2014-05-28,2014-05-22,2014-05-28,2014-05-29,2014-05-31,2014-05-31,1,0,,-1.651627719,0.0008170317184,0.03634450595,0,temporal_sigmoid
weighted_svc,S2,2014,2014-05-29,2014-05-23,2014-05-29,2014-05-30,2014-06-01,2014-06-01,1,0,,-1.323643302,0.001861944831,0.03634450595,0,temporal_sigmoid
weighted_svc,S2,2014,2014-05-30,2014-05-24,2014-05-30,2014-05-31,2014-06-02,2014-06-02,1,0,,-1.714056073,0.0006984161421,0.03634450595,0,temporal_sigmoid
weighted_svc,S2,2014,2014-05-31,2014-05-25,2014-05-31,2014-06-01,2014-06-03,2014-06-03,1,0,,-1.984209949,0.000354190252,0.03634450595,0,temporal_sigmoid
weighted_svc,S2,2014,2014-06-01,2014-05-26,2014-06-01,2014-06-02,2014-06-04,2014-06-04,1,0,,-2.147251525,0.0002350906468,0.03634450595,0,temporal_sigmoid
weighted_svc,S2,2014,2014-06-02,2014-05-27,2014-06-02,2014-06-03,2014-06-05,2014-06-05,1,0,,-1.903920771,0.0004333947862,0.03634450595,0,temporal_sigmoid
weighted_svc,S2,2014,2014-06-03,2014-05-28,2014-06-03,2014-06-04,2014-06-06,2014-06-06,1,0,,-1.828742145,0.0005235340362,0.03634450595,0,temporal_sigmoid
weighted_svc,S2,2014,2014-06-04,2014-05-29,2014-06-04,2014-06-05,2014-06-07,2014-06-07,1,0,,-1.574200972,0.000992471781,0.03634450595,0,temporal_sigmoid
weighted_svc,S2,2014,2014-06-05,2014-05-30,2014-06-05,2014-06-06,2014-06-08,2014-06-08,1,0,,-1.282223421,0.002065910524,0.03634450595,0,temporal_sigmoid
weighted_svc,S2,2014,2014-06-06,2014-05-31,2014-06-06,2014-06-07,2014-06-09,2014-06-09,1,0,,-0.9796670453,0.004410653717,0.03634450595,0,temporal_sigmoid
weighted_svc,S2,2014,2014-06-07,2014-06-01,2014-06-07,2014-06-08,2014-06-10,2014-06-10,1,0,,-0.9420041727,0.00484666785,0.03634450595,0,temporal_sigmoid
weighted_svc,S2,2014,2014-06-08,2014-06-02,2014-06-08,2014-06-09,2014-06-11,2014-06-11,1,0,,-0.6246758703,0.01070103726,0.03634450595,0,temporal_sigmoid
weighted_svc,S2,2014,2014-06-09,2014-06-03,2014-06-09,2014-06-10,2014-06-12,2014-06-12,1,0,,-0.8925771894,0.005484569722,0.03634450595,0,temporal_sigmoid
weighted_svc,S2,2014,2014-06-10,2014-06-04,2014-06-10,2014-06-11,2014-06-13,2014-06-13,1,0,,-1.018739535,0.003999560913,0.03634450595,0,temporal_sigmoid
weighted_svc,S2,2014,2014-06-11,2014-06-05,2014-06-11,2014-06-12,2014-06-14,2014-06-14,1,0,,-1.277854353,0.002088684912,0.03634450595,0,temporal_sigmoid
weighted_svc,S2,2014,2014-06-12,2014-06-06,2014-06-12,2014-06-13,2014-06-15,2014-06-15,1,0,,-0.8785009519,0.005681055111,0.03634450595,0,temporal_sigmoid
weighted_svc,S2,2014,2014-06-13,2014-06-07,2014-06-13,2014-06-14,2014-06-16,2014-06-16,1,0,,-1.275108065,0.002103128387,0.03634450595,0,temporal_sigmoid
weighted_svc,S2,2014,2014-06-14,2014-06-08,2014-06-14,2014-06-15,2014-06-17,2014-06-17,1,0,,-1.282673391,0.002063579112,0.03634450595,0,temporal_sigmoid
weighted_svc,S2,2014,2014-06-15,2014-06-09,2014-06-15,2014-06-16,2014-06-18,2014-06-18,1,0,,-1.44073259,0.001387724541,0.03634450595,0,temporal_sigmoid
weighted_svc,S2,2014,2014-06-16,2014-06-10,2014-06-16,2014-06-17,2014-06-19,2014-06-19,1,0,,-1.415043519,0.001480189592,0.03634450595,0,temporal_sigmoid
weighted_svc,S2,2014,2014-06-17,2014-06-11,2014-06-17,2014-06-18,2014-06-20,2014-06-20,1,0,,-1.518953633,0.001140218165,0.03634450595,0,temporal_sigmoid
weighted_svc,S2,2014,2014-06-18,2014-06-12,2014-06-18,2014-06-19,2014-06-21,2014-06-21,1,0,,-1.544423092,0.001069557694,0.03634450595,0,temporal_sigmoid
weighted_svc,S2,2014,2014-06-19,2014-06-13,2014-06-19,2014-06-20,2014-06-22,2014-06-22,1,0,,-1.327068355,0.001846006991,0.03634450595,0,temporal_sigmoid
weighted_svc,S2,2014,2014-06-20,2014-06-14,2014-06-20,2014-06-21,2014-06-23,2014-06-23,1,0,,-1.207025469,0.002494860695,0.03634450595,0,temporal_sigmoid
weighted_svc,S2,2014,2014-06-21,2014-06-15,2014-06-21,2014-06-22,2014-06-24,2014-06-24,1,0,,-1.095773343,0.003297553985,0.03634450595,0,temporal_sigmoid
weighted_svc,S2,2014,2014-06-22,2014-06-16,2014-06-22,2014-06-23,2014-06-25,2014-06-25,1,0,,-1.028762714,0.00390040339,0.03634450595,0,temporal_sigmoid
weighted_svc,S2,2014,2014-06-23,2014-06-17,2014-06-23,2014-06-24,2014-06-26,2014-06-26,1,0,,-1.056737953,0.003636416812,0.03634450595,0,temporal_sigmoid
weighted_svc,S2,2014,2014-06-24,2014-06-18,2014-06-24,2014-06-25,2014-06-27,2014-06-27,1,0,,-1.202030382,0.002526315559,0.03634450595,0,temporal_sigmoid
weighted_svc,S2,2014,2014-06-25,2014-06-19,2014-06-25,2014-06-26,2014-06-28,2014-06-28,1,0,,-1.280344715,0.002075673018,0.03634450595,0,temporal_sigmoid
weighted_svc,S2,2014,2014-06-26,2014-06-20,2014-06-26,2014-06-27,2014-06-29,2014-06-29,1,0,,-1.346021843,0.001760240871,0.03634450595,0,temporal_sigmoid
weighted_svc,S2,2014,2014-06-27,2014-06-21,2014-06-27,2014-06-28,2014-06-30,2014-06-30,1,0,,-1.344885302,0.001765269822,0.03634450595,0,temporal_sigmoid
weighted_svc,S2,2015,2015-02-28,2015-02-22,2015-02-28,2015-03-01,2015-03-03,2015-03-03,1,0,,-1.99508191,0.001564002297,0.0441941368,0,temporal_sigmoid
weighted_svc,S2,2015,2015-03-01,2015-02-23,2015-03-01,2015-03-02,2015-03-04,2015-03-04,1,0,,-2.018115128,0.001497787942,0.0441941368,0,temporal_sigmoid
weighted_svc,S2,2015,2015-03-02,2015-02-24,2015-03-02,2015-03-03,2015-03-05,2015-03-05,1,0,,-1.798971721,0.002260148995,0.0441941368,0,temporal_sigmoid
weighted_svc,S2,2015,2015-03-03,2015-02-25,2015-03-03,2015-03-04,2015-03-06,2015-03-06,1,0,,-1.939646018,0.001735594932,0.0441941368,0,temporal_sigmoid
weighted_svc,S2,2015,2015-03-04,2015-02-26,2015-03-04,2015-03-05,2015-03-07,2015-03-07,1,0,,-3.433754482,0.0001046209739,0.0441941368,0,temporal_sigmoid
weighted_svc,S2,2015,2015-03-05,2015-02-27,2015-03-05,2015-03-06,2015-03-08,2015-03-08,1,0,,-3.311443366,0.0001316809859,0.0441941368,0,temporal_sigmoid
weighted_svc,S2,2015,2015-03-06,2015-02-28,2015-03-06,2015-03-07,2015-03-09,2015-03-09,1,0,,-3.240874093,0.0001503706425,0.0441941368,0,temporal_sigmoid
weighted_svc,S2,2015,2015-03-07,2015-03-01,2015-03-07,2015-03-08,2015-03-10,2015-03-10,1,0,,-3.274056773,0.0001412732854,0.0441941368,0,temporal_sigmoid
weighted_svc,S2,2015,2015-03-08,2015-03-02,2015-03-08,2015-03-09,2015-03-11,2015-03-11,1,0,,-3.204538617,0.0001610055772,0.0441941368,0,temporal_sigmoid
weighted_svc,S2,2015,2015-03-09,2015-03-03,2015-03-09,2015-03-10,2015-03-12,2015-03-12,1,0,,-3.045688214,0.0002170609068,0.0441941368,0,temporal_sigmoid
weighted_svc,S2,2015,2015-03-10,2015-03-04,2015-03-10,2015-03-11,2015-03-13,2015-03-13,1,0,,-2.079049629,0.001335805807,0.0441941368,0,temporal_sigmoid
weighted_svc,S2,2015,2015-03-11,2015-03-05,2015-03-11,2015-03-12,2015-03-14,2015-03-14,1,0,,-1.824962548,0.002152543689,0.0441941368,0,temporal_sigmoid
weighted_svc,S2,2015,2015-03-12,2015-03-06,2015-03-12,2015-03-13,2015-03-15,2015-03-15,1,0,,-1.801433926,0.002249729108,0.0441941368,0,temporal_sigmoid
weighted_svc,S2,2015,2015-03-13,2015-03-07,2015-03-13,2015-03-14,2015-03-16,2015-03-16,1,0,,-1.693805609,0.002753167984,0.0441941368,0,temporal_sigmoid
weighted_svc,S2,2015,2015-03-14,2015-03-08,2015-03-14,2015-03-15,2015-03-17,2015-03-17,1,0,,-0.8171344022,0.01415764571,0.0441941368,0,temporal_sigmoid
weighted_svc,S2,2015,2015-03-15,2015-03-09,2015-03-15,2015-03-16,2015-03-18,2015-03-18,1,0,,-0.3274271138,0.03482042196,0.0441941368,0,temporal_sigmoid
weighted_svc,S2,2015,2015-03-16,2015-03-10,2015-03-16,2015-03-17,2015-03-19,2015-03-19,1,0,,-0.9660377274,0.0107363425,0.0441941368,0,temporal_sigmoid
weighted_svc,S2,2015,2015-03-17,2015-03-11,2015-03-17,2015-03-18,2015-03-20,2015-03-20,1,0,,-0.8586187182,0.01310883962,0.0441941368,0,temporal_sigmoid
weighted_svc,S2,2015,2015-03-18,2015-03-12,2015-03-18,2015-03-19,2015-03-21,2015-03-21,1,0,,-1.657151609,0.002949103809,0.0441941368,0,temporal_sigmoid
weighted_svc,S2,2015,2015-03-19,2015-03-13,2015-03-19,2015-03-20,2015-03-22,2015-03-22,1,0,,-2.188111486,0.001088323998,0.0441941368,0,temporal_sigmoid
weighted_svc,S2,2015,2015-03-20,2015-03-14,2015-03-20,2015-03-21,2015-03-23,2015-03-23,1,0,,-2.293123318,0.0008934261692,0.0441941368,0,temporal_sigmoid
weighted_svc,S2,2015,2015-03-21,2015-03-15,2015-03-21,2015-03-22,2015-03-24,2015-03-24,1,0,,-2.44654018,0.0006696217721,0.0441941368,0,temporal_sigmoid
weighted_svc,S2,2015,2015-03-22,2015-03-16,2015-03-22,2015-03-23,2015-03-25,2015-03-25,1,0,,-2.161509936,0.001144102107,0.0441941368,0,temporal_sigmoid
weighted_svc,S2,2015,2015-03-23,2015-03-17,2015-03-23,2015-03-24,2015-03-26,2015-03-26,1,0,,-1.394177997,0.004827192524,0.0441941368,0,temporal_sigmoid
weighted_svc,S2,2015,2015-03-24,2015-03-18,2015-03-24,2015-03-25,2015-03-27,2015-03-27,1,0,,-0.6161177138,0.02052983682,0.0441941368,0,temporal_sigmoid
weighted_svc,S2,2015,2015-03-25,2015-03-19,2015-03-25,2015-03-26,2015-03-28,2015-03-28,1,0,,-0.3136990242,0.03569875911,0.0441941368,0,temporal_sigmoid
weighted_svc,S2,2015,2015-03-26,2015-03-20,2015-03-26,2015-03-27,2015-03-29,2015-03-29,1,0,,-0.2891976387,0.03731966194,0.0441941368,0,temporal_sigmoid
weighted_svc,S2,2015,2015-03-27,2015-03-21,2015-03-27,2015-03-28,2015-03-30,2015-03-30,1,0,,-0.828285058,0.01386786791,0.0441941368,0,temporal_sigmoid
weighted_svc,S2,2015,2015-03-28,2015-03-22,2015-03-28,2015-03-29,2015-03-31,2015-03-31,1,0,,-1.030518973,0.009521699668,0.0441941368,0,temporal_sigmoid
weighted_svc,S2,2015,2015-03-29,2015-03-23,2015-03-29,2015-03-30,2015-04-01,2015-04-01,1,0,,-1.022431809,0.009666238573,0.0441941368,0,temporal_sigmoid
weighted_svc,S2,2015,2015-03-30,2015-03-24,2015-03-30,2015-03-31,2015-04-02,2015-04-02,1,0,,-0.519309613,0.02452962992,0.0441941368,0,temporal_sigmoid
weighted_svc,S2,2015,2015-03-31,2015-03-25,2015-03-31,2015-04-01,2015-04-03,2015-04-03,1,0,,-1.931321594,0.001762936653,0.0441941368,0,temporal_sigmoid
weighted_svc,S2,2015,2015-04-01,2015-03-26,2015-04-01,2015-04-02,2015-04-04,2015-04-04,1,0,,-2.852731424,0.0003120088745,0.0441941368,0,temporal_sigmoid
weighted_svc,S2,2015,2015-04-02,2015-03-27,2015-04-02,2015-04-03,2015-04-05,2015-04-05,1,0,,-3.385572158,0.0001145446035,0.0441941368,0,temporal_sigmoid
weighted_svc,S2,2015,2015-04-03,2015-03-28,2015-04-03,2015-04-04,2015-04-06,2015-04-06,1,0,,-2.79317413,0.0003489822139,0.0441941368,0,temporal_sigmoid
weighted_svc,S2,2015,2015-04-04,2015-03-29,2015-04-04,2015-04-05,2015-04-07,2015-04-07,1,0,,-3.121719016,0.0001881414741,0.0441941368,0,temporal_sigmoid
weighted_svc,S2,2015,2015-04-05,2015-03-30,2015-04-05,2015-04-06,2015-04-08,2015-04-08,1,0,,-3.679094841,6.595030178e-05,0.0441941368,0,temporal_sigmoid
weighted_svc,S2,2015,2015-04-06,2015-03-31,2015-04-06,2015-04-07,2015-04-09,2015-04-09,1,0,,-3.452000928,0.0001010915261,0.0441941368,0,temporal_sigmoid
weighted_svc,S2,2015,2015-04-07,2015-04-01,2015-04-07,2015-04-08,2015-04-10,2015-04-10,1,0,,-2.903605695,0.0002835437466,0.0441941368,0,temporal_sigmoid
weighted_svc,S2,2015,2015-04-08,2015-04-02,2015-04-08,2015-04-09,2015-04-11,2015-04-11,1,0,,-2.841372971,0.0003187445382,0.0441941368,0,temporal_sigmoid
weighted_svc,S2,2015,2015-04-09,2015-04-03,2015-04-09,2015-04-10,2015-04-12,2015-04-12,1,0,,-1.987082038,0.001587677137,0.0441941368,0,temporal_sigmoid
weighted_svc,S2,2015,2015-04-10,2015-04-04,2015-04-10,2015-04-11,2015-04-13,2015-04-13,1,0,,-1.253603913,0.00627907476,0.0441941368,0,temporal_sigmoid
weighted_svc,S2,2015,2015-04-11,2015-04-05,2015-04-11,2015-04-12,2015-04-14,2015-04-14,1,0,,-1.34508076,0.005291751201,0.0441941368,0,temporal_sigmoid
weighted_svc,S2,2015,2015-04-12,2015-04-06,2015-04-12,2015-04-13,2015-04-15,2015-04-15,1,0,,-1.321724705,0.005528098819,0.0441941368,0,temporal_sigmoid
weighted_svc,S2,2015,2015-04-13,2015-04-07,2015-04-13,2015-04-14,2015-04-16,2015-04-16,1,0,,-1.268036767,0.006111931586,0.0441941368,0,temporal_sigmoid
weighted_svc,S2,2015,2015-04-14,2015-04-08,2015-04-14,2015-04-15,2015-04-17,2015-04-17,1,0,,-0.9208795976,0.01167704366,0.0441941368,0,temporal_sigmoid
weighted_svc,S2,2015,2015-04-15,2015-04-09,2015-04-15,2015-04-16,2015-04-18,2015-04-18,1,0,,-0.2139570966,0.04275084087,0.0441941368,0,temporal_sigmoid
weighted_svc,S2,2015,2015-04-16,2015-04-10,2015-04-16,2015-04-17,2015-04-19,2015-04-19,1,0,,-0.2042155084,0.04350702285,0.0441941368,0,temporal_sigmoid
weighted_svc,S2,2015,2015-04-17,2015-04-11,2015-04-17,2015-04-18,2015-04-20,2015-04-20,1,0,,-0.719110023,0.0169755592,0.0441941368,0,temporal_sigmoid
weighted_svc,S2,2015,2015-04-18,2015-04-12,2015-04-18,2015-04-19,2015-04-21,2015-04-21,1,0,,-1.347494907,0.005267902291,0.0441941368,0,temporal_sigmoid
weighted_svc,S2,2015,2015-04-19,2015-04-13,2015-04-19,2015-04-20,2015-04-22,2015-04-22,1,0,,-2.415038986,0.000710469058,0.0441941368,0,temporal_sigmoid
weighted_svc,S2,2015,2015-04-20,2015-04-14,2015-04-20,2015-04-21,2015-04-23,2015-04-23,1,0,,-1.575253843,0.00343858024,0.0441941368,0,temporal_sigmoid
weighted_svc,S2,2015,2015-04-21,2015-04-15,2015-04-21,2015-04-22,2015-04-24,2015-04-24,1,0,,-1.718451378,0.002628776884,0.0441941368,0,temporal_sigmoid
weighted_svc,S2,2015,2015-04-22,2015-04-16,2015-04-22,2015-04-23,2015-04-25,2015-04-25,1,0,,-1.576464317,0.003430786737,0.0441941368,0,temporal_sigmoid
weighted_svc,S2,2015,2015-04-23,2015-04-17,2015-04-23,2015-04-24,2015-04-26,2015-04-26,1,0,,-2.586873512,0.0005143498417,0.0441941368,0,temporal_sigmoid
weighted_svc,S2,2015,2015-04-24,2015-04-18,2015-04-24,2015-04-25,2015-04-27,2015-04-27,1,0,,-2.73447486,0.000389705997,0.0441941368,0,temporal_sigmoid
weighted_svc,S2,2015,2015-04-25,2015-04-19,2015-04-25,2015-04-26,2015-04-28,2015-04-28,1,0,,-3.047229997,0.0002164324632,0.0441941368,0,temporal_sigmoid
weighted_svc,S2,2015,2015-04-26,2015-04-20,2015-04-26,2015-04-27,2015-04-29,2015-04-29,1,0,,-2.581710254,0.000519366939,0.0441941368,0,temporal_sigmoid
weighted_svc,S2,2015,2015-04-27,2015-04-21,2015-04-27,2015-04-28,2015-04-30,2015-04-30,1,0,,-2.375655547,0.0007650570323,0.0441941368,0,temporal_sigmoid
weighted_svc,S2,2015,2015-04-28,2015-04-22,2015-04-28,2015-04-29,2015-05-01,2015-05-01,1,0,,-2.315990379,0.0008558445343,0.0441941368,0,temporal_sigmoid
weighted_svc,S2,2015,2015-04-29,2015-04-23,2015-04-29,2015-04-30,2015-05-02,2015-05-02,1,0,,-2.411079538,0.0007157763397,0.0441941368,0,temporal_sigmoid
weighted_svc,S2,2015,2015-04-30,2015-04-24,2015-04-30,2015-05-01,2015-05-03,2015-05-03,1,0,,-2.585375109,0.0005158008181,0.0441941368,0,temporal_sigmoid
weighted_svc,S2,2015,2015-05-01,2015-04-25,2015-05-01,2015-05-02,2015-05-04,2015-05-04,1,0,,-2.814748669,0.0003351082037,0.0441941368,0,temporal_sigmoid
weighted_svc,S2,2015,2015-05-02,2015-04-26,2015-05-02,2015-05-03,2015-05-05,2015-05-05,1,0,,-2.348830334,0.0008046187671,0.0441941368,0,temporal_sigmoid
weighted_svc,S2,2015,2015-05-03,2015-04-27,2015-05-03,2015-05-04,2015-05-06,2015-05-06,1,0,,-1.289091052,0.005876006909,0.0441941368,0,temporal_sigmoid
weighted_svc,S2,2015,2015-05-04,2015-04-28,2015-05-04,2015-05-05,2015-05-07,2015-05-07,1,0,,-1.237554752,0.006470273809,0.0441941368,0,temporal_sigmoid
weighted_svc,S2,2015,2015-05-05,2015-04-29,2015-05-05,2015-05-06,2015-05-08,2015-05-08,1,0,,-0.753168309,0.01593894503,0.0441941368,0,temporal_sigmoid
weighted_svc,S2,2015,2015-05-06,2015-04-30,2015-05-06,2015-05-07,2015-05-09,2015-05-09,1,0,,-0.6020154909,0.02107007162,0.0441941368,0,temporal_sigmoid
weighted_svc,S2,2015,2015-05-07,2015-05-01,2015-05-07,2015-05-08,2015-05-10,2015-05-10,1,0,,-2.18196392,0.00110096791,0.0441941368,0,temporal_sigmoid
weighted_svc,S2,2015,2015-05-08,2015-05-02,2015-05-08,2015-05-09,2015-05-11,2015-05-11,1,0,,-2.277855556,0.0009194319981,0.0441941368,0,temporal_sigmoid
weighted_svc,S2,2015,2015-05-09,2015-05-03,2015-05-09,2015-05-10,2015-05-12,2015-05-12,1,0,,-2.01528629,0.001505766879,0.0441941368,0,temporal_sigmoid
weighted_svc,S2,2015,2015-05-10,2015-05-04,2015-05-10,2015-05-11,2015-05-13,2015-05-13,1,0,,-2.444499967,0.0006721947245,0.0441941368,0,temporal_sigmoid
weighted_svc,S2,2015,2015-05-11,2015-05-05,2015-05-11,2015-05-12,2015-05-14,2015-05-14,1,0,,-2.581019723,0.0005200416202,0.0441941368,0,temporal_sigmoid
weighted_svc,S2,2015,2015-05-12,2015-05-06,2015-05-12,2015-05-13,2015-05-15,2015-05-15,1,0,,-2.727795885,0.0003946308288,0.0441941368,0,temporal_sigmoid
weighted_svc,S2,2015,2015-05-13,2015-05-07,2015-05-13,2015-05-14,2015-05-16,2015-05-16,1,0,,-1.716698636,0.002637435051,0.0441941368,0,temporal_sigmoid
weighted_svc,S2,2015,2015-05-14,2015-05-08,2015-05-14,2015-05-15,2015-05-17,2015-05-17,1,0,,-0.9869625879,0.01032625426,0.0441941368,0,temporal_sigmoid
weighted_svc,S2,2015,2015-05-15,2015-05-09,2015-05-15,2015-05-16,2015-05-18,2015-05-18,1,0,,-1.592822827,0.003327174593,0.0441941368,0,temporal_sigmoid
weighted_svc,S2,2015,2015-05-16,2015-05-10,2015-05-16,2015-05-17,2015-05-19,2015-05-19,1,0,,-2.105140291,0.001271913642,0.0441941368,0,temporal_sigmoid
weighted_svc,S2,2015,2015-05-17,2015-05-11,2015-05-17,2015-05-18,2015-05-20,2015-05-20,1,0,,-2.311560467,0.0008629995528,0.0441941368,0,temporal_sigmoid
weighted_svc,S2,2015,2015-05-18,2015-05-12,2015-05-18,2015-05-19,2015-05-21,2015-05-21,1,0,,-1.606022274,0.003245849548,0.0441941368,0,temporal_sigmoid
weighted_svc,S2,2015,2015-05-19,2015-05-13,2015-05-19,2015-05-20,2015-05-22,2015-05-22,1,0,,-1.06245088,0.008971610377,0.0441941368,0,temporal_sigmoid
weighted_svc,S2,2015,2015-05-20,2015-05-14,2015-05-20,2015-05-21,2015-05-23,2015-05-23,1,0,,-0.7730346001,0.01536330852,0.0441941368,0,temporal_sigmoid
weighted_svc,S2,2015,2015-05-21,2015-05-15,2015-05-21,2015-05-22,2015-05-24,2015-05-24,1,0,,-0.6172492365,0.02048708232,0.0441941368,0,temporal_sigmoid
weighted_svc,S2,2015,2015-05-22,2015-05-16,2015-05-22,2015-05-23,2015-05-25,2015-05-25,1,0,,-0.1056924291,0.05190543466,0.0441941368,1,temporal_sigmoid
weighted_svc,S2,2015,2015-05-23,2015-05-17,2015-05-23,2015-05-24,2015-05-26,2015-05-26,1,0,,-0.1656682264,0.04662620831,0.0441941368,1,temporal_sigmoid
weighted_svc,S2,2015,2015-05-24,2015-05-18,2015-05-24,2015-05-25,2015-05-27,2015-05-27,1,0,,-0.6749593753,0.01841844109,0.0441941368,0,temporal_sigmoid
weighted_svc,S2,2015,2015-05-25,2015-05-19,2015-05-25,2015-05-26,2015-05-28,2015-05-28,1,0,,-0.5666417279,0.02248711577,0.0441941368,0,temporal_sigmoid
weighted_svc,S2,2015,2015-05-26,2015-05-20,2015-05-26,2015-05-27,2015-05-29,2015-05-29,1,0,,-0.9615930427,0.0108255029,0.0441941368,0,temporal_sigmoid
weighted_svc,S2,2015,2015-05-27,2015-05-21,2015-05-27,2015-05-28,2015-05-30,2015-05-30,1,0,,-1.172159677,0.007310991918,0.0441941368,0,temporal_sigmoid
weighted_svc,S2,2015,2015-05-28,2015-05-22,2015-05-28,2015-05-29,2015-05-31,2015-05-31,1,0,,-0.5606812604,0.02273488558,0.0441941368,0,temporal_sigmoid
weighted_svc,S2,2015,2015-05-29,2015-05-23,2015-05-29,2015-05-30,2015-06-01,2015-06-01,1,0,,-0.626221589,0.02015113513,0.0441941368,0,temporal_sigmoid
weighted_svc,S2,2015,2015-05-30,2015-05-24,2015-05-30,2015-05-31,2015-06-02,2015-06-02,1,0,,-1.377661452,0.004978756126,0.0441941368,0,temporal_sigmoid
weighted_svc,S2,2015,2015-05-31,2015-05-25,2015-05-31,2015-06-01,2015-06-03,2015-06-03,1,0,,-0.5127042671,0.02482868647,0.0441941368,0,temporal_sigmoid
weighted_svc,S2,2015,2015-06-01,2015-05-26,2015-06-01,2015-06-02,2015-06-04,2015-06-04,1,0,,-0.6762346786,0.01837512231,0.0441941368,0,temporal_sigmoid
weighted_svc,S2,2015,2015-06-02,2015-05-27,2015-06-02,2015-06-03,2015-06-05,2015-06-05,1,0,,-0.9961125852,0.0101518386,0.0441941368,0,temporal_sigmoid
weighted_svc,S2,2015,2015-06-03,2015-05-28,2015-06-03,2015-06-04,2015-06-06,2015-06-06,1,0,,-0.6426107164,0.01955136018,0.0441941368,0,temporal_sigmoid
weighted_svc,S2,2015,2015-06-04,2015-05-29,2015-06-04,2015-06-05,2015-06-07,2015-06-07,1,0,,-0.1769202632,0.04569435829,0.0441941368,1,temporal_sigmoid
weighted_svc,S2,2015,2015-06-05,2015-05-30,2015-06-05,2015-06-06,2015-06-08,2015-06-08,1,0,,-0.1721094175,0.04609058404,0.0441941368,1,temporal_sigmoid
weighted_svc,S2,2015,2015-06-06,2015-05-31,2015-06-06,2015-06-07,2015-06-09,2015-06-09,1,0,,-0.7299937097,0.01663729108,0.0441941368,0,temporal_sigmoid
weighted_svc,S2,2015,2015-06-07,2015-06-01,2015-06-07,2015-06-08,2015-06-10,2015-06-10,1,0,,-0.2595828352,0.03937336942,0.0441941368,0,temporal_sigmoid
weighted_svc,S2,2015,2015-06-08,2015-06-02,2015-06-08,2015-06-09,2015-06-11,2015-06-11,1,0,,-0.2269234635,0.04176379971,0.0441941368,0,temporal_sigmoid
weighted_svc,S2,2015,2015-06-09,2015-06-03,2015-06-09,2015-06-10,2015-06-12,2015-06-12,1,0,,-0.1989562263,0.04392056027,0.0441941368,0,temporal_sigmoid
weighted_svc,S2,2015,2015-06-10,2015-06-04,2015-06-10,2015-06-11,2015-06-13,2015-06-13,1,0,,-1.467108339,0.004211012923,0.0441941368,0,temporal_sigmoid
weighted_svc,S2,2015,2015-06-11,2015-06-05,2015-06-11,2015-06-12,2015-06-14,2015-06-14,1,0,,-2.201566975,0.001061153515,0.0441941368,0,temporal_sigmoid
weighted_svc,S2,2015,2015-06-12,2015-06-06,2015-06-12,2015-06-13,2015-06-15,2015-06-15,1,0,,-2.423894399,0.0006987410697,0.0441941368,0,temporal_sigmoid
weighted_svc,S2,2015,2015-06-13,2015-06-07,2015-06-13,2015-06-14,2015-06-16,2015-06-16,1,0,,-2.823747114,0.0003294857709,0.0441941368,0,temporal_sigmoid
weighted_svc,S2,2015,2015-06-14,2015-06-08,2015-06-14,2015-06-15,2015-06-17,2015-06-17,1,0,,-2.655842393,0.0004517987721,0.0441941368,0,temporal_sigmoid
weighted_svc,S2,2015,2015-06-15,2015-06-09,2015-06-15,2015-06-16,2015-06-18,2015-06-18,1,0,,-2.879743871,0.0002965563086,0.0441941368,0,temporal_sigmoid
weighted_svc,S2,2015,2015-06-16,2015-06-10,2015-06-16,2015-06-17,2015-06-19,2015-06-19,1,0,,-2.941187441,0.0002641970201,0.0441941368,0,temporal_sigmoid
weighted_svc,S2,2015,2015-06-17,2015-06-11,2015-06-17,2015-06-18,2015-06-20,2015-06-20,1,0,,-2.764137383,0.0003685657127,0.0441941368,0,temporal_sigmoid
weighted_svc,S2,2015,2015-06-18,2015-06-12,2015-06-18,2015-06-19,2015-06-21,2015-06-21,1,0,,-2.156863609,0.001154133408,0.0441941368,0,temporal_sigmoid
weighted_svc,S2,2015,2015-06-19,2015-06-13,2015-06-19,2015-06-20,2015-06-22,2015-06-22,1,0,,-1.498362778,0.003971542572,0.0441941368,0,temporal_sigmoid
weighted_svc,S2,2015,2015-06-20,2015-06-14,2015-06-20,2015-06-21,2015-06-23,2015-06-23,1,0,,-1.58374551,0.003384277576,0.0441941368,0,temporal_sigmoid
weighted_svc,S2,2015,2015-06-21,2015-06-15,2015-06-21,2015-06-22,2015-06-24,2015-06-24,1,0,,-1.928907984,0.00177094431,0.0441941368,0,temporal_sigmoid
weighted_svc,S2,2015,2015-06-22,2015-06-16,2015-06-22,2015-06-23,2015-06-25,2015-06-25,1,0,,-2.535286978,0.0005667309574,0.0441941368,0,temporal_sigmoid
weighted_svc,S2,2015,2015-06-23,2015-06-17,2015-06-23,2015-06-24,2015-06-26,2015-06-26,1,0,,-2.492178718,0.0006145699566,0.0441941368,0,temporal_sigmoid
weighted_svc,S2,2015,2015-06-24,2015-06-18,2015-06-24,2015-06-25,2015-06-27,2015-06-27,1,0,,-2.759364513,0.0003718882435,0.0441941368,0,temporal_sigmoid
weighted_svc,S2,2015,2015-06-25,2015-06-19,2015-06-25,2015-06-26,2015-06-28,2015-06-28,1,0,,-2.631683058,0.0004727937286,0.0441941368,0,temporal_sigmoid
weighted_svc,S2,2015,2015-06-26,2015-06-20,2015-06-26,2015-06-27,2015-06-29,2015-06-29,1,0,,-2.666004559,0.0004432485037,0.0441941368,0,temporal_sigmoid
weighted_svc,S2,2015,2015-06-27,2015-06-21,2015-06-27,2015-06-28,2015-06-30,2015-06-30,1,0,,-2.717573622,0.0004022890938,0.0441941368,0,temporal_sigmoid
weighted_svc,S2,2016,2016-02-29,2016-02-23,2016-02-29,2016-03-01,2016-03-03,2016-03-03,1,0,,-2.358268935,0.0009383471288,0.04126658142,0,temporal_sigmoid
weighted_svc,S2,2016,2016-03-01,2016-02-24,2016-03-01,2016-03-02,2016-03-04,2016-03-04,1,0,,-2.35978799,0.000935748544,0.04126658142,0,temporal_sigmoid
weighted_svc,S2,2016,2016-03-02,2016-02-25,2016-03-02,2016-03-03,2016-03-05,2016-03-05,1,0,,-2.119593068,0.001450608778,0.04126658142,0,temporal_sigmoid
weighted_svc,S2,2016,2016-03-03,2016-02-26,2016-03-03,2016-03-04,2016-03-06,2016-03-06,1,0,,-1.956725194,0.001952456779,0.04126658142,0,temporal_sigmoid
weighted_svc,S2,2016,2016-03-04,2016-02-27,2016-03-04,2016-03-05,2016-03-07,2016-03-07,1,0,,-1.64539801,0.003443472497,0.04126658142,0,temporal_sigmoid
weighted_svc,S2,2016,2016-03-05,2016-02-28,2016-03-05,2016-03-06,2016-03-08,2016-03-08,1,0,,-1.622169049,0.003592244822,0.04126658142,0,temporal_sigmoid
weighted_svc,S2,2016,2016-03-06,2016-02-29,2016-03-06,2016-03-07,2016-03-09,2016-03-09,1,0,,-1.932783243,0.002039592825,0.04126658142,0,temporal_sigmoid
weighted_svc,S2,2016,2016-03-07,2016-03-01,2016-03-07,2016-03-08,2016-03-10,2016-03-10,1,0,,-1.871032267,0.002282665686,0.04126658142,0,temporal_sigmoid
weighted_svc,S2,2016,2016-03-08,2016-03-02,2016-03-08,2016-03-09,2016-03-11,2016-03-11,1,0,,-1.747215202,0.002860553105,0.04126658142,0,temporal_sigmoid
weighted_svc,S2,2016,2016-03-09,2016-03-03,2016-03-09,2016-03-10,2016-03-12,2016-03-12,1,0,,-1.35348487,0.005856009415,0.04126658142,0,temporal_sigmoid
weighted_svc,S2,2016,2016-03-10,2016-03-04,2016-03-10,2016-03-11,2016-03-13,2016-03-13,1,0,,-1.230958637,0.007314741583,0.04126658142,0,temporal_sigmoid
weighted_svc,S2,2016,2016-03-11,2016-03-05,2016-03-11,2016-03-12,2016-03-14,2016-03-14,1,0,,-0.8565690168,0.01439462461,0.04126658142,0,temporal_sigmoid
weighted_svc,S2,2016,2016-03-12,2016-03-06,2016-03-12,2016-03-13,2016-03-15,2016-03-15,1,0,,-0.1559166646,0.04992107552,0.04126658142,1,temporal_sigmoid
weighted_svc,S2,2016,2016-03-13,2016-03-07,2016-03-13,2016-03-14,2016-03-16,2016-03-16,1,0,,-0.6401779989,0.02122772892,0.04126658142,0,temporal_sigmoid
weighted_svc,S2,2016,2016-03-14,2016-03-08,2016-03-14,2016-03-15,2016-03-17,2016-03-17,1,0,,-2.001624576,0.001798940352,0.04126658142,0,temporal_sigmoid
weighted_svc,S2,2016,2016-03-15,2016-03-09,2016-03-15,2016-03-16,2016-03-18,2016-03-18,1,0,,-2.170699633,0.001321444986,0.04126658142,0,temporal_sigmoid
weighted_svc,S2,2016,2016-03-16,2016-03-10,2016-03-16,2016-03-17,2016-03-19,2016-03-19,1,0,,-2.682900027,0.0005187088401,0.04126658142,0,temporal_sigmoid
weighted_svc,S2,2016,2016-03-17,2016-03-11,2016-03-17,2016-03-18,2016-03-20,2016-03-20,1,0,,-2.362149326,0.0009317233728,0.04126658142,0,temporal_sigmoid
weighted_svc,S2,2016,2016-03-18,2016-03-12,2016-03-18,2016-03-19,2016-03-21,2016-03-21,1,0,,-2.528837086,0.0006872462819,0.04126658142,0,temporal_sigmoid
weighted_svc,S2,2016,2016-03-19,2016-03-13,2016-03-19,2016-03-20,2016-03-22,2016-03-22,1,0,,-3.047487392,0.0002665031082,0.04126658142,0,temporal_sigmoid
weighted_svc,S2,2016,2016-03-20,2016-03-14,2016-03-20,2016-03-21,2016-03-23,2016-03-23,1,0,,-3.185792443,0.0002070004826,0.04126658142,0,temporal_sigmoid
weighted_svc,S2,2016,2016-03-21,2016-03-15,2016-03-21,2016-03-22,2016-03-24,2016-03-24,1,0,,-2.060760592,0.001614980776,0.04126658142,0,temporal_sigmoid
weighted_svc,S2,2016,2016-03-22,2016-03-16,2016-03-22,2016-03-23,2016-03-25,2016-03-25,1,0,,-1.200594603,0.007728838226,0.04126658142,0,temporal_sigmoid
weighted_svc,S2,2016,2016-03-23,2016-03-17,2016-03-23,2016-03-24,2016-03-26,2016-03-26,1,0,,-1.210975023,0.007584719908,0.04126658142,0,temporal_sigmoid
weighted_svc,S2,2016,2016-03-24,2016-03-18,2016-03-24,2016-03-25,2016-03-27,2016-03-27,1,0,,-1.676534804,0.003253641181,0.04126658142,0,temporal_sigmoid
weighted_svc,S2,2016,2016-03-25,2016-03-19,2016-03-25,2016-03-26,2016-03-28,2016-03-28,1,0,,-1.668451182,0.003301898111,0.04126658142,0,temporal_sigmoid
weighted_svc,S2,2016,2016-03-26,2016-03-20,2016-03-26,2016-03-27,2016-03-29,2016-03-29,1,0,,-1.88371671,0.002230482624,0.04126658142,0,temporal_sigmoid
weighted_svc,S2,2016,2016-03-27,2016-03-21,2016-03-27,2016-03-28,2016-03-30,2016-03-30,1,0,,-1.323478057,0.00618402724,0.04126658142,0,temporal_sigmoid
weighted_svc,S2,2016,2016-03-28,2016-03-22,2016-03-28,2016-03-29,2016-03-31,2016-03-31,1,0,,-3.106189554,0.0002394026288,0.04126658142,0,temporal_sigmoid
weighted_svc,S2,2016,2016-03-29,2016-03-23,2016-03-29,2016-03-30,2016-04-01,2016-04-01,1,0,,-2.039650531,0.001678388112,0.04126658142,0,temporal_sigmoid
weighted_svc,S2,2016,2016-03-30,2016-03-24,2016-03-30,2016-03-31,2016-04-02,2016-04-02,1,0,,-2.074536944,0.001574896767,0.04126658142,0,temporal_sigmoid
weighted_svc,S2,2016,2016-03-31,2016-03-25,2016-03-31,2016-04-01,2016-04-03,2016-04-03,1,0,,-3.136146061,0.0002266529777,0.04126658142,0,temporal_sigmoid
weighted_svc,S2,2016,2016-04-01,2016-03-26,2016-04-01,2016-04-02,2016-04-04,2016-04-04,1,0,,-3.42457328,0.0001338167054,0.04126658142,0,temporal_sigmoid
weighted_svc,S2,2016,2016-04-02,2016-03-27,2016-04-02,2016-04-03,2016-04-05,2016-04-05,1,0,,-3.311483943,0.0001645291895,0.04126658142,0,temporal_sigmoid
weighted_svc,S2,2016,2016-04-03,2016-03-28,2016-04-03,2016-04-04,2016-04-06,2016-04-06,1,0,,-3.06341383,0.0002588609982,0.04126658142,0,temporal_sigmoid
weighted_svc,S2,2016,2016-04-04,2016-03-29,2016-04-04,2016-04-05,2016-04-07,2016-04-07,1,0,,-2.833947263,0.000393649057,0.04126658142,0,temporal_sigmoid
weighted_svc,S2,2016,2016-04-05,2016-03-30,2016-04-05,2016-04-06,2016-04-08,2016-04-08,1,0,,-2.480174025,0.0007511088919,0.04126658142,0,temporal_sigmoid
weighted_svc,S2,2016,2016-04-06,2016-03-31,2016-04-06,2016-04-07,2016-04-09,2016-04-09,1,0,,-1.626344909,0.003565035737,0.04126658142,0,temporal_sigmoid
weighted_svc,S2,2016,2016-04-07,2016-04-01,2016-04-07,2016-04-08,2016-04-10,2016-04-10,1,0,,-1.377668542,0.00560428134,0.04126658142,0,temporal_sigmoid
weighted_svc,S2,2016,2016-04-08,2016-04-02,2016-04-08,2016-04-09,2016-04-11,2016-04-11,1,0,,-0.9361090969,0.0124716826,0.04126658142,0,temporal_sigmoid
weighted_svc,S2,2016,2016-04-09,2016-04-03,2016-04-09,2016-04-10,2016-04-12,2016-04-12,1,0,,-0.3117283119,0.03802239552,0.04126658142,0,temporal_sigmoid
weighted_svc,S2,2016,2016-04-10,2016-04-04,2016-04-10,2016-04-11,2016-04-13,2016-04-13,1,0,,-0.004738245315,0.06477581068,0.04126658142,1,temporal_sigmoid
weighted_svc,S2,2016,2016-04-11,2016-04-05,2016-04-11,2016-04-12,2016-04-14,2016-04-14,1,0,,0.5475658217,0.1596773259,0.04126658142,1,temporal_sigmoid
weighted_svc,S2,2016,2016-04-12,2016-04-06,2016-04-12,2016-04-13,2016-04-15,2016-04-15,1,0,,0.7292046474,0.2093706836,0.04126658142,1,temporal_sigmoid
weighted_svc,S2,2016,2016-04-13,2016-04-07,2016-04-13,2016-04-14,2016-04-16,2016-04-16,1,0,,0.6932507337,0.1987028442,0.04126658142,1,temporal_sigmoid
weighted_svc,S2,2016,2016-04-14,2016-04-08,2016-04-14,2016-04-15,2016-04-17,2016-04-17,1,0,,0.8705856994,0.2553312286,0.04126658142,1,temporal_sigmoid
weighted_svc,S2,2016,2016-04-15,2016-04-09,2016-04-15,2016-04-16,2016-04-18,2016-04-18,1,0,,0.126417737,0.08089910077,0.04126658142,1,temporal_sigmoid
weighted_svc,S2,2016,2016-04-16,2016-04-10,2016-04-16,2016-04-17,2016-04-19,2016-04-19,1,0,,0.08548741756,0.07550944973,0.04126658142,1,temporal_sigmoid
weighted_svc,S2,2016,2016-04-17,2016-04-11,2016-04-17,2016-04-18,2016-04-20,2016-04-20,1,0,,-0.7196804448,0.01841026173,0.04126658142,0,temporal_sigmoid
weighted_svc,S2,2016,2016-04-18,2016-04-12,2016-04-18,2016-04-19,2016-04-21,2016-04-21,1,0,,-0.3372844558,0.03635068237,0.04126658142,0,temporal_sigmoid
weighted_svc,S2,2016,2016-04-19,2016-04-13,2016-04-19,2016-04-20,2016-04-22,2016-04-22,1,0,,0.5306001194,0.1555613037,0.04126658142,1,temporal_sigmoid
weighted_svc,S2,2016,2016-04-20,2016-04-14,2016-04-20,2016-04-21,2016-04-23,2016-04-23,1,0,,0.6242625052,0.1793903582,0.04126658142,1,temporal_sigmoid
weighted_svc,S2,2016,2016-04-21,2016-04-15,2016-04-21,2016-04-22,2016-04-24,2016-04-24,1,0,,0.9077942555,0.268472402,0.04126658142,1,temporal_sigmoid
weighted_svc,S2,2016,2016-04-22,2016-04-16,2016-04-22,2016-04-23,2016-04-25,2016-04-25,1,0,,1.030383706,0.3146692283,0.04126658142,1,temporal_sigmoid
weighted_svc,S2,2016,2016-04-23,2016-04-17,2016-04-23,2016-04-24,2016-04-26,2016-04-26,1,1,fixed36_0038,1.13626349,0.3578045402,0.04126658142,1,temporal_sigmoid
weighted_svc,S2,2016,2016-04-24,2016-04-18,2016-04-24,2016-04-25,2016-04-27,2016-04-27,1,1,fixed36_0038,1.599680809,0.5651020368,0.04126658142,1,temporal_sigmoid
weighted_svc,S2,2016,2016-04-25,2016-04-19,2016-04-25,2016-04-26,2016-04-28,2016-04-28,1,0,,1.489689012,0.5152221137,0.04126658142,1,temporal_sigmoid
weighted_svc,S2,2016,2016-04-26,2016-04-20,2016-04-26,2016-04-27,2016-04-29,2016-04-29,1,0,,1.06448668,0.3282604491,0.04126658142,1,temporal_sigmoid
weighted_svc,S2,2016,2016-04-27,2016-04-21,2016-04-27,2016-04-28,2016-04-30,2016-04-30,1,0,,0.7038146377,0.2017942128,0.04126658142,1,temporal_sigmoid
weighted_svc,S2,2016,2016-04-28,2016-04-22,2016-04-28,2016-04-29,2016-05-01,2016-05-01,1,1,fixed36_0039,0.9950482571,0.3009142824,0.04126658142,1,temporal_sigmoid
weighted_svc,S2,2016,2016-04-29,2016-04-23,2016-04-29,2016-04-30,2016-05-02,2016-05-02,1,0,,1.393490018,0.4713123457,0.04126658142,1,temporal_sigmoid
weighted_svc,S2,2016,2016-04-30,2016-04-24,2016-04-30,2016-05-01,2016-05-03,2016-05-03,1,0,,1.404165799,0.4761758122,0.04126658142,1,temporal_sigmoid
weighted_svc,S2,2016,2016-05-01,2016-04-25,2016-05-01,2016-05-02,2016-05-04,2016-05-04,1,0,,0.07082732968,0.07366055164,0.04126658142,1,temporal_sigmoid
weighted_svc,S2,2016,2016-05-02,2016-04-26,2016-05-02,2016-05-03,2016-05-05,2016-05-05,1,0,,-2.633478517,0.0005677047295,0.04126658142,0,temporal_sigmoid
weighted_svc,S2,2016,2016-05-03,2016-04-27,2016-05-03,2016-05-04,2016-05-06,2016-05-06,1,0,,-2.814113031,0.0004081718485,0.04126658142,0,temporal_sigmoid
weighted_svc,S2,2016,2016-05-04,2016-04-28,2016-05-04,2016-05-05,2016-05-07,2016-05-07,1,0,,-2.850547392,0.0003818921362,0.04126658142,0,temporal_sigmoid
weighted_svc,S2,2016,2016-05-05,2016-04-29,2016-05-05,2016-05-06,2016-05-08,2016-05-08,1,0,,-2.223966999,0.001199030287,0.04126658142,0,temporal_sigmoid
weighted_svc,S2,2016,2016-05-06,2016-04-30,2016-05-06,2016-05-07,2016-05-09,2016-05-09,1,0,,-1.908511014,0.002131892862,0.04126658142,0,temporal_sigmoid
weighted_svc,S2,2016,2016-05-07,2016-05-01,2016-05-07,2016-05-08,2016-05-10,2016-05-10,1,0,,-2.000321366,0.001803221633,0.04126658142,0,temporal_sigmoid
weighted_svc,S2,2016,2016-05-08,2016-05-02,2016-05-08,2016-05-09,2016-05-11,2016-05-11,1,0,,-1.554416515,0.004063757064,0.04126658142,0,temporal_sigmoid
weighted_svc,S2,2016,2016-05-09,2016-05-03,2016-05-09,2016-05-10,2016-05-12,2016-05-12,1,0,,-1.412890763,0.005256780657,0.04126658142,0,temporal_sigmoid
weighted_svc,S2,2016,2016-05-10,2016-05-04,2016-05-10,2016-05-11,2016-05-13,2016-05-13,1,0,,-0.9445956121,0.01228212845,0.04126658142,0,temporal_sigmoid
weighted_svc,S2,2016,2016-05-11,2016-05-05,2016-05-11,2016-05-12,2016-05-14,2016-05-14,1,0,,-0.2626373616,0.04144291738,0.04126658142,1,temporal_sigmoid
weighted_svc,S2,2016,2016-05-12,2016-05-06,2016-05-12,2016-05-13,2016-05-15,2016-05-15,1,0,,-0.6216864287,0.02194125393,0.04126658142,0,temporal_sigmoid
weighted_svc,S2,2016,2016-05-13,2016-05-07,2016-05-13,2016-05-14,2016-05-16,2016-05-16,1,0,,-2.756913623,0.0004531229836,0.04126658142,0,temporal_sigmoid
weighted_svc,S2,2016,2016-05-14,2016-05-08,2016-05-14,2016-05-15,2016-05-17,2016-05-17,1,0,,-2.271357942,0.001099675694,0.04126658142,0,temporal_sigmoid
weighted_svc,S2,2016,2016-05-15,2016-05-09,2016-05-15,2016-05-16,2016-05-18,2016-05-18,1,0,,-1.442339766,0.004982751175,0.04126658142,0,temporal_sigmoid
weighted_svc,S2,2016,2016-05-16,2016-05-10,2016-05-16,2016-05-17,2016-05-19,2016-05-19,1,0,,-1.000961631,0.01109340296,0.04126658142,0,temporal_sigmoid
weighted_svc,S2,2016,2016-05-17,2016-05-11,2016-05-17,2016-05-18,2016-05-20,2016-05-20,1,0,,-0.616028925,0.02216420418,0.04126658142,0,temporal_sigmoid
weighted_svc,S2,2016,2016-05-18,2016-05-12,2016-05-18,2016-05-19,2016-05-21,2016-05-21,1,0,,-1.825749618,0.002479090699,0.04126658142,0,temporal_sigmoid
weighted_svc,S2,2016,2016-05-19,2016-05-13,2016-05-19,2016-05-20,2016-05-22,2016-05-22,1,0,,-2.412557506,0.0008498053075,0.04126658142,0,temporal_sigmoid
weighted_svc,S2,2016,2016-05-20,2016-05-14,2016-05-20,2016-05-21,2016-05-23,2016-05-23,1,0,,-2.525596136,0.0006913255292,0.04126658142,0,temporal_sigmoid
weighted_svc,S2,2016,2016-05-21,2016-05-15,2016-05-21,2016-05-22,2016-05-24,2016-05-24,1,0,,-1.982931241,0.001861334217,0.04126658142,0,temporal_sigmoid
weighted_svc,S2,2016,2016-05-22,2016-05-16,2016-05-22,2016-05-23,2016-05-25,2016-05-25,1,0,,-2.167875213,0.001328273579,0.04126658142,0,temporal_sigmoid
weighted_svc,S2,2016,2016-05-23,2016-05-17,2016-05-23,2016-05-24,2016-05-26,2016-05-26,1,0,,-1.69793515,0.003129254337,0.04126658142,0,temporal_sigmoid
weighted_svc,S2,2016,2016-05-24,2016-05-18,2016-05-24,2016-05-25,2016-05-27,2016-05-27,1,0,,-2.091568603,0.001526711535,0.04126658142,0,temporal_sigmoid
weighted_svc,S2,2016,2016-05-25,2016-05-19,2016-05-25,2016-05-26,2016-05-28,2016-05-28,1,0,,-2.38354542,0.0008960307071,0.04126658142,0,temporal_sigmoid
weighted_svc,S2,2016,2016-05-26,2016-05-20,2016-05-26,2016-05-27,2016-05-29,2016-05-29,1,0,,-1.972003921,0.001898802574,0.04126658142,0,temporal_sigmoid
weighted_svc,S2,2016,2016-05-27,2016-05-21,2016-05-27,2016-05-28,2016-05-30,2016-05-30,1,0,,-2.655632095,0.0005451946102,0.04126658142,0,temporal_sigmoid
weighted_svc,S2,2016,2016-05-28,2016-05-22,2016-05-28,2016-05-29,2016-05-31,2016-05-31,1,0,,-3.243901501,0.0001861512497,0.04126658142,0,temporal_sigmoid
weighted_svc,S2,2016,2016-05-29,2016-05-23,2016-05-29,2016-05-30,2016-06-01,2016-06-01,1,0,,-2.828258277,0.0003977609287,0.04126658142,0,temporal_sigmoid
weighted_svc,S2,2016,2016-05-30,2016-05-24,2016-05-30,2016-05-31,2016-06-02,2016-06-02,1,0,,-1.682709521,0.003217253999,0.04126658142,0,temporal_sigmoid
weighted_svc,S2,2016,2016-05-31,2016-05-25,2016-05-31,2016-06-01,2016-06-03,2016-06-03,1,0,,-1.941096995,0.002008903913,0.04126658142,0,temporal_sigmoid
weighted_svc,S2,2016,2016-06-01,2016-05-26,2016-06-01,2016-06-02,2016-06-04,2016-06-04,1,0,,-1.93767788,0.002021468853,0.04126658142,0,temporal_sigmoid
weighted_svc,S2,2016,2016-06-02,2016-05-27,2016-06-02,2016-06-03,2016-06-05,2016-06-05,1,0,,-1.366499273,0.005719176598,0.04126658142,0,temporal_sigmoid
weighted_svc,S2,2016,2016-06-03,2016-05-28,2016-06-03,2016-06-04,2016-06-06,2016-06-06,1,0,,-0.9451831102,0.01226911194,0.04126658142,0,temporal_sigmoid
weighted_svc,S2,2016,2016-06-04,2016-05-29,2016-06-04,2016-06-05,2016-06-07,2016-06-07,1,0,,-0.7453964359,0.01758001834,0.04126658142,0,temporal_sigmoid
weighted_svc,S2,2016,2016-06-05,2016-05-30,2016-06-05,2016-06-06,2016-06-08,2016-06-08,1,0,,-0.8661377748,0.01414865298,0.04126658142,0,temporal_sigmoid
weighted_svc,S2,2016,2016-06-06,2016-05-31,2016-06-06,2016-06-07,2016-06-09,2016-06-09,1,0,,-1.68712614,0.003191476264,0.04126658142,0,temporal_sigmoid
weighted_svc,S2,2016,2016-06-07,2016-06-01,2016-06-07,2016-06-08,2016-06-10,2016-06-10,1,0,,-2.072420921,0.001580988406,0.04126658142,0,temporal_sigmoid
weighted_svc,S2,2016,2016-06-08,2016-06-02,2016-06-08,2016-06-09,2016-06-11,2016-06-11,1,0,,-1.76675154,0.002760513308,0.04126658142,0,temporal_sigmoid
weighted_svc,S2,2016,2016-06-09,2016-06-03,2016-06-09,2016-06-10,2016-06-12,2016-06-12,1,0,,-2.215242771,0.001218274627,0.04126658142,0,temporal_sigmoid
weighted_svc,S2,2016,2016-06-10,2016-06-04,2016-06-10,2016-06-11,2016-06-13,2016-06-13,1,0,,-1.535823792,0.004203602592,0.04126658142,0,temporal_sigmoid
weighted_svc,S2,2016,2016-06-11,2016-06-05,2016-06-11,2016-06-12,2016-06-14,2016-06-14,1,0,,-2.928244948,0.0003313622863,0.04126658142,0,temporal_sigmoid
weighted_svc,S2,2016,2016-06-12,2016-06-06,2016-06-12,2016-06-13,2016-06-15,2016-06-15,1,0,,-3.011805951,0.0002844531358,0.04126658142,0,temporal_sigmoid
weighted_svc,S2,2016,2016-06-13,2016-06-07,2016-06-13,2016-06-14,2016-06-16,2016-06-16,1,0,,-3.179358975,0.0002094477968,0.04126658142,0,temporal_sigmoid
weighted_svc,S2,2016,2016-06-14,2016-06-08,2016-06-14,2016-06-15,2016-06-17,2016-06-17,1,0,,-3.174623747,0.0002112675566,0.04126658142,0,temporal_sigmoid
weighted_svc,S2,2016,2016-06-15,2016-06-09,2016-06-15,2016-06-16,2016-06-18,2016-06-18,1,0,,-2.652318893,0.0005485035239,0.04126658142,0,temporal_sigmoid
weighted_svc,S2,2016,2016-06-16,2016-06-10,2016-06-16,2016-06-17,2016-06-19,2016-06-19,1,0,,-2.590143567,0.0006144579216,0.04126658142,0,temporal_sigmoid
weighted_svc,S2,2016,2016-06-17,2016-06-11,2016-06-17,2016-06-18,2016-06-20,2016-06-20,1,0,,-2.920328197,0.0003361890729,0.04126658142,0,temporal_sigmoid
weighted_svc,S2,2016,2016-06-18,2016-06-12,2016-06-18,2016-06-19,2016-06-21,2016-06-21,1,0,,-2.059839147,0.001617697892,0.04126658142,0,temporal_sigmoid
weighted_svc,S2,2016,2016-06-19,2016-06-13,2016-06-19,2016-06-20,2016-06-22,2016-06-22,1,0,,-2.165129141,0.001334946537,0.04126658142,0,temporal_sigmoid
weighted_svc,S2,2016,2016-06-20,2016-06-14,2016-06-20,2016-06-21,2016-06-23,2016-06-23,1,0,,-1.971892929,0.001899186986,0.04126658142,0,temporal_sigmoid
weighted_svc,S2,2016,2016-06-21,2016-06-15,2016-06-21,2016-06-22,2016-06-24,2016-06-24,1,0,,-1.813627959,0.002534474148,0.04126658142,0,temporal_sigmoid
weighted_svc,S2,2016,2016-06-22,2016-06-16,2016-06-22,2016-06-23,2016-06-25,2016-06-25,1,0,,-2.329481641,0.0009889781006,0.04126658142,0,temporal_sigmoid
weighted_svc,S2,2016,2016-06-23,2016-06-17,2016-06-23,2016-06-24,2016-06-26,2016-06-26,1,0,,-2.400571284,0.0008686070477,0.04126658142,0,temporal_sigmoid
weighted_svc,S2,2016,2016-06-24,2016-06-18,2016-06-24,2016-06-25,2016-06-27,2016-06-27,1,0,,-2.01284189,0.001762506497,0.04126658142,0,temporal_sigmoid
weighted_svc,S2,2016,2016-06-25,2016-06-19,2016-06-25,2016-06-26,2016-06-28,2016-06-28,1,0,,-2.143807411,0.001387910425,0.04126658142,0,temporal_sigmoid
weighted_svc,S2,2016,2016-06-26,2016-06-20,2016-06-26,2016-06-27,2016-06-29,2016-06-29,1,0,,-1.703720986,0.003096446669,0.04126658142,0,temporal_sigmoid
weighted_svc,S2,2016,2016-06-27,2016-06-21,2016-06-27,2016-06-28,2016-06-30,2016-06-30,1,0,,-1.571323152,0.003940620226,0.04126658142,0,temporal_sigmoid
weighted_svc,S2,2017,2017-02-28,2017-02-22,2017-02-28,2017-03-01,2017-03-03,2017-03-03,1,0,,-4.384956464,4.534382379e-05,0.01775865095,0,temporal_sigmoid
weighted_svc,S2,2017,2017-03-01,2017-02-23,2017-03-01,2017-03-02,2017-03-04,2017-03-04,1,0,,-2.889997126,0.0005811974122,0.01775865095,0,temporal_sigmoid
weighted_svc,S2,2017,2017-03-02,2017-02-24,2017-03-02,2017-03-03,2017-03-05,2017-03-05,1,0,,-2.958396359,0.0005171959788,0.01775865095,0,temporal_sigmoid
weighted_svc,S2,2017,2017-03-03,2017-02-25,2017-03-03,2017-03-04,2017-03-06,2017-03-06,1,0,,-3.173955086,0.0003580600236,0.01775865095,0,temporal_sigmoid
weighted_svc,S2,2017,2017-03-04,2017-02-26,2017-03-04,2017-03-05,2017-03-07,2017-03-07,1,0,,-3.878282579,0.0001076537358,0.01775865095,0,temporal_sigmoid
weighted_svc,S2,2017,2017-03-05,2017-02-27,2017-03-05,2017-03-06,2017-03-08,2017-03-08,1,0,,-4.232326546,5.883543497e-05,0.01775865095,0,temporal_sigmoid
weighted_svc,S2,2017,2017-03-06,2017-02-28,2017-03-06,2017-03-07,2017-03-09,2017-03-09,1,0,,-4.297568705,5.263629199e-05,0.01775865095,0,temporal_sigmoid
weighted_svc,S2,2017,2017-03-07,2017-03-01,2017-03-07,2017-03-08,2017-03-10,2017-03-10,1,0,,-3.803659751,0.000122273381,0.01775865095,0,temporal_sigmoid
weighted_svc,S2,2017,2017-03-08,2017-03-02,2017-03-08,2017-03-09,2017-03-11,2017-03-11,1,0,,-4.891198565,1.911223761e-05,0.01775865095,0,temporal_sigmoid
weighted_svc,S2,2017,2017-03-09,2017-03-03,2017-03-09,2017-03-10,2017-03-12,2017-03-12,1,0,,-5.133381835,1.264189688e-05,0.01775865095,0,temporal_sigmoid
weighted_svc,S2,2017,2017-03-10,2017-03-04,2017-03-10,2017-03-11,2017-03-13,2017-03-13,1,0,,-4.547119586,3.438193901e-05,0.01775865095,0,temporal_sigmoid
weighted_svc,S2,2017,2017-03-11,2017-03-05,2017-03-11,2017-03-12,2017-03-14,2017-03-14,1,0,,-4.967356904,1.678283357e-05,0.01775865095,0,temporal_sigmoid
weighted_svc,S2,2017,2017-03-12,2017-03-06,2017-03-12,2017-03-13,2017-03-15,2017-03-15,1,0,,-4.133643945,6.962675255e-05,0.01775865095,0,temporal_sigmoid
weighted_svc,S2,2017,2017-03-13,2017-03-07,2017-03-13,2017-03-14,2017-03-16,2017-03-16,1,0,,-4.043413528,8.121726292e-05,0.01775865095,0,temporal_sigmoid
weighted_svc,S2,2017,2017-03-14,2017-03-08,2017-03-14,2017-03-15,2017-03-17,2017-03-17,1,0,,-4.474306957,3.893102753e-05,0.01775865095,0,temporal_sigmoid
weighted_svc,S2,2017,2017-03-15,2017-03-09,2017-03-15,2017-03-16,2017-03-18,2017-03-18,1,0,,-4.833236561,2.10994493e-05,0.01775865095,0,temporal_sigmoid
weighted_svc,S2,2017,2017-03-16,2017-03-10,2017-03-16,2017-03-17,2017-03-19,2017-03-19,1,0,,-4.762600592,2.380258474e-05,0.01775865095,0,temporal_sigmoid
weighted_svc,S2,2017,2017-03-17,2017-03-11,2017-03-17,2017-03-18,2017-03-20,2017-03-20,1,0,,-4.765860636,2.367052486e-05,0.01775865095,0,temporal_sigmoid
weighted_svc,S2,2017,2017-03-18,2017-03-12,2017-03-18,2017-03-19,2017-03-21,2017-03-21,1,0,,-5.781130524,4.185194573e-06,0.01775865095,0,temporal_sigmoid
weighted_svc,S2,2017,2017-03-19,2017-03-13,2017-03-19,2017-03-20,2017-03-22,2017-03-22,1,0,,-3.605319691,0.0001715208002,0.01775865095,0,temporal_sigmoid
weighted_svc,S2,2017,2017-03-20,2017-03-14,2017-03-20,2017-03-21,2017-03-23,2017-03-23,1,0,,-5.066921119,1.416025687e-05,0.01775865095,0,temporal_sigmoid
weighted_svc,S2,2017,2017-03-21,2017-03-15,2017-03-21,2017-03-22,2017-03-24,2017-03-24,1,0,,-4.219610347,6.012615581e-05,0.01775865095,0,temporal_sigmoid
weighted_svc,S2,2017,2017-03-22,2017-03-16,2017-03-22,2017-03-23,2017-03-25,2017-03-25,1,0,,-3.82939474,0.0001170199394,0.01775865095,0,temporal_sigmoid
weighted_svc,S2,2017,2017-03-23,2017-03-17,2017-03-23,2017-03-24,2017-03-26,2017-03-26,1,0,,-3.422316326,0.0002343842663,0.01775865095,0,temporal_sigmoid
weighted_svc,S2,2017,2017-03-24,2017-03-18,2017-03-24,2017-03-25,2017-03-27,2017-03-27,1,0,,-2.798349524,0.00067952991,0.01775865095,0,temporal_sigmoid
weighted_svc,S2,2017,2017-03-25,2017-03-19,2017-03-25,2017-03-26,2017-03-28,2017-03-28,1,0,,-3.992086855,8.865180322e-05,0.01775865095,0,temporal_sigmoid
weighted_svc,S2,2017,2017-03-26,2017-03-20,2017-03-26,2017-03-27,2017-03-29,2017-03-29,1,0,,-3.453877355,0.0002220962868,0.01775865095,0,temporal_sigmoid
weighted_svc,S2,2017,2017-03-27,2017-03-21,2017-03-27,2017-03-28,2017-03-30,2017-03-30,1,0,,-3.057918847,0.0004364413196,0.01775865095,0,temporal_sigmoid
weighted_svc,S2,2017,2017-03-28,2017-03-22,2017-03-28,2017-03-29,2017-03-31,2017-03-31,1,0,,-2.758937755,0.0007267739879,0.01775865095,0,temporal_sigmoid
weighted_svc,S2,2017,2017-03-29,2017-03-23,2017-03-29,2017-03-30,2017-04-01,2017-04-01,1,0,,-2.82871476,0.0006452340646,0.01775865095,0,temporal_sigmoid
weighted_svc,S2,2017,2017-03-30,2017-03-24,2017-03-30,2017-03-31,2017-04-02,2017-04-02,1,0,,-1.790641935,0.003782280259,0.01775865095,0,temporal_sigmoid
weighted_svc,S2,2017,2017-03-31,2017-03-25,2017-03-31,2017-04-01,2017-04-03,2017-04-03,1,0,,-1.639760497,0.004887674695,0.01775865095,0,temporal_sigmoid
weighted_svc,S2,2017,2017-04-01,2017-03-26,2017-04-01,2017-04-02,2017-04-04,2017-04-04,1,0,,-1.096167904,0.01226791877,0.01775865095,0,temporal_sigmoid
weighted_svc,S2,2017,2017-04-02,2017-03-27,2017-04-02,2017-04-03,2017-04-05,2017-04-05,1,0,,-1.039094265,0.0135060442,0.01775865095,0,temporal_sigmoid
weighted_svc,S2,2017,2017-04-03,2017-03-28,2017-04-03,2017-04-04,2017-04-06,2017-04-06,1,0,,-2.289959347,0.001616632276,0.01775865095,0,temporal_sigmoid
weighted_svc,S2,2017,2017-04-04,2017-03-29,2017-04-04,2017-04-05,2017-04-07,2017-04-07,1,0,,-4.308329445,5.167851519e-05,0.01775865095,0,temporal_sigmoid
weighted_svc,S2,2017,2017-04-05,2017-03-30,2017-04-05,2017-04-06,2017-04-08,2017-04-08,1,0,,-4.52892011,3.546655738e-05,0.01775865095,0,temporal_sigmoid
weighted_svc,S2,2017,2017-04-06,2017-03-31,2017-04-06,2017-04-07,2017-04-09,2017-04-09,1,0,,-3.872422969,0.0001087355809,0.01775865095,0,temporal_sigmoid
weighted_svc,S2,2017,2017-04-07,2017-04-01,2017-04-07,2017-04-08,2017-04-10,2017-04-10,1,0,,-2.175195591,0.001965713879,0.01775865095,0,temporal_sigmoid
weighted_svc,S2,2017,2017-04-08,2017-04-02,2017-04-08,2017-04-09,2017-04-11,2017-04-11,1,0,,-1.840762129,0.003473282903,0.01775865095,0,temporal_sigmoid
weighted_svc,S2,2017,2017-04-09,2017-04-03,2017-04-09,2017-04-10,2017-04-12,2017-04-12,1,0,,-1.856249447,0.003382988896,0.01775865095,0,temporal_sigmoid
weighted_svc,S2,2017,2017-04-10,2017-04-04,2017-04-10,2017-04-11,2017-04-13,2017-04-13,1,0,,-1.219979462,0.009954509609,0.01775865095,0,temporal_sigmoid
weighted_svc,S2,2017,2017-04-11,2017-04-05,2017-04-11,2017-04-12,2017-04-14,2017-04-14,1,0,,-1.140753304,0.01137929864,0.01775865095,0,temporal_sigmoid
weighted_svc,S2,2017,2017-04-12,2017-04-06,2017-04-12,2017-04-13,2017-04-15,2017-04-15,1,0,,-1.659824353,0.004723922527,0.01775865095,0,temporal_sigmoid
weighted_svc,S2,2017,2017-04-13,2017-04-07,2017-04-13,2017-04-14,2017-04-16,2017-04-16,1,0,,-1.324784697,0.008337745861,0.01775865095,0,temporal_sigmoid
weighted_svc,S2,2017,2017-04-14,2017-04-08,2017-04-14,2017-04-15,2017-04-17,2017-04-17,1,0,,-1.145418287,0.01129008159,0.01775865095,0,temporal_sigmoid
weighted_svc,S2,2017,2017-04-15,2017-04-09,2017-04-15,2017-04-16,2017-04-18,2017-04-18,1,0,,-2.072197592,0.002342591873,0.01775865095,0,temporal_sigmoid
weighted_svc,S2,2017,2017-04-16,2017-04-10,2017-04-16,2017-04-17,2017-04-19,2017-04-19,1,0,,-3.993182023,8.848627752e-05,0.01775865095,0,temporal_sigmoid
weighted_svc,S2,2017,2017-04-17,2017-04-11,2017-04-17,2017-04-18,2017-04-20,2017-04-20,1,0,,-2.165967122,0.001996855949,0.01775865095,0,temporal_sigmoid
weighted_svc,S2,2017,2017-04-18,2017-04-12,2017-04-18,2017-04-19,2017-04-21,2017-04-21,1,0,,-1.304135083,0.008634236261,0.01775865095,0,temporal_sigmoid
weighted_svc,S2,2017,2017-04-19,2017-04-13,2017-04-19,2017-04-20,2017-04-22,2017-04-22,1,0,,-3.70409105,0.0001449174574,0.01775865095,0,temporal_sigmoid
weighted_svc,S2,2017,2017-04-20,2017-04-14,2017-04-20,2017-04-21,2017-04-23,2017-04-23,1,0,,-4.30552185,5.192671635e-05,0.01775865095,0,temporal_sigmoid
weighted_svc,S2,2017,2017-04-21,2017-04-15,2017-04-21,2017-04-22,2017-04-24,2017-04-24,1,0,,-4.353579906,4.783797923e-05,0.01775865095,0,temporal_sigmoid
weighted_svc,S2,2017,2017-04-22,2017-04-16,2017-04-22,2017-04-23,2017-04-25,2017-04-25,1,0,,-4.514053836,3.63778701e-05,0.01775865095,0,temporal_sigmoid
weighted_svc,S2,2017,2017-04-23,2017-04-17,2017-04-23,2017-04-24,2017-04-26,2017-04-26,1,0,,-3.94009744,9.687632768e-05,0.01775865095,0,temporal_sigmoid
weighted_svc,S2,2017,2017-04-24,2017-04-18,2017-04-24,2017-04-25,2017-04-27,2017-04-27,1,0,,-3.76120882,0.0001314594576,0.01775865095,0,temporal_sigmoid
weighted_svc,S2,2017,2017-04-25,2017-04-19,2017-04-25,2017-04-26,2017-04-28,2017-04-28,1,0,,-1.825791779,0.003562844707,0.01775865095,0,temporal_sigmoid
weighted_svc,S2,2017,2017-04-26,2017-04-20,2017-04-26,2017-04-27,2017-04-29,2017-04-29,1,0,,-1.521550719,0.005973696211,0.01775865095,0,temporal_sigmoid
weighted_svc,S2,2017,2017-04-27,2017-04-21,2017-04-27,2017-04-28,2017-04-30,2017-04-30,1,0,,-1.330966181,0.008250970678,0.01775865095,0,temporal_sigmoid
weighted_svc,S2,2017,2017-04-28,2017-04-22,2017-04-28,2017-04-29,2017-05-01,2017-05-01,1,0,,-1.285629507,0.008908808925,0.01775865095,0,temporal_sigmoid
weighted_svc,S2,2017,2017-04-29,2017-04-23,2017-04-29,2017-04-30,2017-05-02,2017-05-02,1,0,,-1.140487344,0.01138440603,0.01775865095,0,temporal_sigmoid
weighted_svc,S2,2017,2017-04-30,2017-04-24,2017-04-30,2017-05-01,2017-05-03,2017-05-03,1,0,,-1.834908891,0.003508030297,0.01775865095,0,temporal_sigmoid
weighted_svc,S2,2017,2017-05-01,2017-04-25,2017-05-01,2017-05-02,2017-05-04,2017-05-04,1,0,,-3.459230665,0.0002200768662,0.01775865095,0,temporal_sigmoid
weighted_svc,S2,2017,2017-05-02,2017-04-26,2017-05-02,2017-05-03,2017-05-05,2017-05-05,1,0,,-3.311466921,0.000283182846,0.01775865095,0,temporal_sigmoid
weighted_svc,S2,2017,2017-05-03,2017-04-27,2017-05-03,2017-05-04,2017-05-06,2017-05-06,1,0,,-1.63404238,0.00493536922,0.01775865095,0,temporal_sigmoid
weighted_svc,S2,2017,2017-05-04,2017-04-28,2017-05-04,2017-05-05,2017-05-07,2017-05-07,1,0,,-1.649849628,0.00480463765,0.01775865095,0,temporal_sigmoid
weighted_svc,S2,2017,2017-05-05,2017-04-29,2017-05-05,2017-05-06,2017-05-08,2017-05-08,1,0,,-1.192385322,0.01042950658,0.01775865095,0,temporal_sigmoid
weighted_svc,S2,2017,2017-05-06,2017-04-30,2017-05-06,2017-05-07,2017-05-09,2017-05-09,1,0,,-1.961953518,0.002826162312,0.01775865095,0,temporal_sigmoid
weighted_svc,S2,2017,2017-05-07,2017-05-01,2017-05-07,2017-05-08,2017-05-10,2017-05-10,1,0,,-2.319984272,0.00153600403,0.01775865095,0,temporal_sigmoid
weighted_svc,S2,2017,2017-05-08,2017-05-02,2017-05-08,2017-05-09,2017-05-11,2017-05-11,1,0,,-1.690287989,0.004485672774,0.01775865095,0,temporal_sigmoid
weighted_svc,S2,2017,2017-05-09,2017-05-03,2017-05-09,2017-05-10,2017-05-12,2017-05-12,1,0,,-3.5747324,0.0001807105803,0.01775865095,0,temporal_sigmoid
weighted_svc,S2,2017,2017-05-10,2017-05-04,2017-05-10,2017-05-11,2017-05-13,2017-05-13,1,0,,-2.646282048,0.0008807059997,0.01775865095,0,temporal_sigmoid
weighted_svc,S2,2017,2017-05-11,2017-05-05,2017-05-11,2017-05-12,2017-05-14,2017-05-14,1,0,,-2.802006742,0.0006753046587,0.01775865095,0,temporal_sigmoid
weighted_svc,S2,2017,2017-05-12,2017-05-06,2017-05-12,2017-05-13,2017-05-15,2017-05-15,1,0,,-1.97241562,0.002776287835,0.01775865095,0,temporal_sigmoid
weighted_svc,S2,2017,2017-05-13,2017-05-07,2017-05-13,2017-05-14,2017-05-16,2017-05-16,1,0,,-2.218146622,0.001827031677,0.01775865095,0,temporal_sigmoid
weighted_svc,S2,2017,2017-05-14,2017-05-08,2017-05-14,2017-05-15,2017-05-17,2017-05-17,1,0,,-2.730862354,0.0007624175606,0.01775865095,0,temporal_sigmoid
weighted_svc,S2,2017,2017-05-15,2017-05-09,2017-05-15,2017-05-16,2017-05-18,2017-05-18,1,0,,-3.533728679,0.0001938068616,0.01775865095,0,temporal_sigmoid
weighted_svc,S2,2017,2017-05-16,2017-05-10,2017-05-16,2017-05-17,2017-05-19,2017-05-19,1,0,,-4.124923029,7.06707142e-05,0.01775865095,0,temporal_sigmoid
weighted_svc,S2,2017,2017-05-17,2017-05-11,2017-05-17,2017-05-18,2017-05-20,2017-05-20,1,0,,-3.419716542,0.000235426268,0.01775865095,0,temporal_sigmoid
weighted_svc,S2,2017,2017-05-18,2017-05-12,2017-05-18,2017-05-19,2017-05-21,2017-05-21,1,0,,-2.99801726,0.0004833964888,0.01775865095,0,temporal_sigmoid
weighted_svc,S2,2017,2017-05-19,2017-05-13,2017-05-19,2017-05-20,2017-05-22,2017-05-22,1,0,,-1.978671376,0.002746885996,0.01775865095,0,temporal_sigmoid
weighted_svc,S2,2017,2017-05-20,2017-05-14,2017-05-20,2017-05-21,2017-05-23,2017-05-23,1,0,,-1.261939987,0.009272958431,0.01775865095,0,temporal_sigmoid
weighted_svc,S2,2017,2017-05-21,2017-05-15,2017-05-21,2017-05-22,2017-05-24,2017-05-24,1,0,,-1.056871958,0.01310771439,0.01775865095,0,temporal_sigmoid
weighted_svc,S2,2017,2017-05-22,2017-05-16,2017-05-22,2017-05-23,2017-05-25,2017-05-25,1,0,,-0.8712723788,0.01790498493,0.01775865095,1,temporal_sigmoid
weighted_svc,S2,2017,2017-05-23,2017-05-17,2017-05-23,2017-05-24,2017-05-26,2017-05-26,1,0,,-0.3183704318,0.04474467896,0.01775865095,1,temporal_sigmoid
weighted_svc,S2,2017,2017-05-24,2017-05-18,2017-05-24,2017-05-25,2017-05-27,2017-05-27,1,0,,-0.2827537232,0.04741587471,0.01775865095,1,temporal_sigmoid
weighted_svc,S2,2017,2017-05-25,2017-05-19,2017-05-25,2017-05-26,2017-05-28,2017-05-28,1,0,,-0.2586910766,0.04930559321,0.01775865095,1,temporal_sigmoid
weighted_svc,S2,2017,2017-05-26,2017-05-20,2017-05-26,2017-05-27,2017-05-29,2017-05-29,1,0,,-1.676124146,0.004594919692,0.01775865095,0,temporal_sigmoid
weighted_svc,S2,2017,2017-05-27,2017-05-21,2017-05-27,2017-05-28,2017-05-30,2017-05-30,1,0,,-1.795760587,0.003749506717,0.01775865095,0,temporal_sigmoid
weighted_svc,S2,2017,2017-05-28,2017-05-22,2017-05-28,2017-05-29,2017-05-31,2017-05-31,1,0,,-2.17441637,0.001968324571,0.01775865095,0,temporal_sigmoid
weighted_svc,S2,2017,2017-05-29,2017-05-23,2017-05-29,2017-05-30,2017-06-01,2017-06-01,1,0,,-2.842015709,0.0006307614462,0.01775865095,0,temporal_sigmoid
weighted_svc,S2,2017,2017-05-30,2017-05-24,2017-05-30,2017-05-31,2017-06-02,2017-06-02,1,0,,-3.051099439,0.0004415481504,0.01775865095,0,temporal_sigmoid
weighted_svc,S2,2017,2017-05-31,2017-05-25,2017-05-31,2017-06-01,2017-06-03,2017-06-03,1,0,,-2.864817708,0.0006067016051,0.01775865095,0,temporal_sigmoid
weighted_svc,S2,2017,2017-06-01,2017-05-26,2017-06-01,2017-06-02,2017-06-04,2017-06-04,1,0,,-3.412206074,0.0002384625753,0.01775865095,0,temporal_sigmoid
weighted_svc,S2,2017,2017-06-02,2017-05-27,2017-06-02,2017-06-03,2017-06-05,2017-06-05,1,0,,-2.538779588,0.00105787152,0.01775865095,0,temporal_sigmoid
weighted_svc,S2,2017,2017-06-03,2017-05-28,2017-06-03,2017-06-04,2017-06-06,2017-06-06,1,0,,-2.129159294,0.002126042046,0.01775865095,0,temporal_sigmoid
weighted_svc,S2,2017,2017-06-04,2017-05-29,2017-06-04,2017-06-05,2017-06-07,2017-06-07,1,0,,-2.401197308,0.001337472884,0.01775865095,0,temporal_sigmoid
weighted_svc,S2,2017,2017-06-05,2017-05-30,2017-06-05,2017-06-06,2017-06-08,2017-06-08,1,0,,-2.941788898,0.0005320566175,0.01775865095,0,temporal_sigmoid
weighted_svc,S2,2017,2017-06-06,2017-05-31,2017-06-06,2017-06-07,2017-06-09,2017-06-09,1,0,,-2.072950266,0.002339591685,0.01775865095,0,temporal_sigmoid
weighted_svc,S2,2017,2017-06-07,2017-06-01,2017-06-07,2017-06-08,2017-06-10,2017-06-10,1,0,,-1.522207785,0.005967041173,0.01775865095,0,temporal_sigmoid
weighted_svc,S2,2017,2017-06-08,2017-06-02,2017-06-08,2017-06-09,2017-06-11,2017-06-11,1,0,,-2.327291831,0.001516995824,0.01775865095,0,temporal_sigmoid
weighted_svc,S2,2017,2017-06-09,2017-06-03,2017-06-09,2017-06-10,2017-06-12,2017-06-12,1,0,,-2.15883282,0.002021268163,0.01775865095,0,temporal_sigmoid
weighted_svc,S2,2017,2017-06-10,2017-06-04,2017-06-10,2017-06-11,2017-06-13,2017-06-13,1,0,,-2.684710159,0.000824846196,0.01775865095,0,temporal_sigmoid
weighted_svc,S2,2017,2017-06-11,2017-06-05,2017-06-11,2017-06-12,2017-06-14,2017-06-14,1,0,,-3.404957156,0.0002414302671,0.01775865095,0,temporal_sigmoid
weighted_svc,S2,2017,2017-06-12,2017-06-06,2017-06-12,2017-06-13,2017-06-15,2017-06-15,1,0,,-3.190060712,0.0003483556327,0.01775865095,0,temporal_sigmoid
weighted_svc,S2,2017,2017-06-13,2017-06-07,2017-06-13,2017-06-14,2017-06-16,2017-06-16,1,0,,-2.665094844,0.0008529023611,0.01775865095,0,temporal_sigmoid
weighted_svc,S2,2017,2017-06-14,2017-06-08,2017-06-14,2017-06-15,2017-06-17,2017-06-17,1,0,,-2.323638093,0.001526470277,0.01775865095,0,temporal_sigmoid
weighted_svc,S2,2017,2017-06-15,2017-06-09,2017-06-15,2017-06-16,2017-06-18,2017-06-18,1,0,,-2.886664806,0.0005845101961,0.01775865095,0,temporal_sigmoid
weighted_svc,S2,2017,2017-06-16,2017-06-10,2017-06-16,2017-06-17,2017-06-19,2017-06-19,1,0,,-3.664451136,0.0001550589105,0.01775865095,0,temporal_sigmoid
weighted_svc,S2,2017,2017-06-17,2017-06-11,2017-06-17,2017-06-18,2017-06-20,2017-06-20,1,0,,-3.337097264,0.0002710662411,0.01775865095,0,temporal_sigmoid
weighted_svc,S2,2017,2017-06-18,2017-06-12,2017-06-18,2017-06-19,2017-06-21,2017-06-21,1,0,,-3.581735424,0.0001785640349,0.01775865095,0,temporal_sigmoid
weighted_svc,S2,2017,2017-06-19,2017-06-13,2017-06-19,2017-06-20,2017-06-22,2017-06-22,1,0,,-4.460826314,3.98370431e-05,0.01775865095,0,temporal_sigmoid
weighted_svc,S2,2017,2017-06-20,2017-06-14,2017-06-20,2017-06-21,2017-06-23,2017-06-23,1,0,,-4.503900404,3.701370356e-05,0.01775865095,0,temporal_sigmoid
weighted_svc,S2,2017,2017-06-21,2017-06-15,2017-06-21,2017-06-22,2017-06-24,2017-06-24,1,0,,-4.645595844,2.906322174e-05,0.01775865095,0,temporal_sigmoid
weighted_svc,S2,2017,2017-06-22,2017-06-16,2017-06-22,2017-06-23,2017-06-25,2017-06-25,1,0,,-4.206523543,6.148406365e-05,0.01775865095,0,temporal_sigmoid
weighted_svc,S2,2017,2017-06-23,2017-06-17,2017-06-23,2017-06-24,2017-06-26,2017-06-26,1,0,,-4.024912587,8.382234359e-05,0.01775865095,0,temporal_sigmoid
weighted_svc,S2,2017,2017-06-24,2017-06-18,2017-06-24,2017-06-25,2017-06-27,2017-06-27,1,0,,-3.815834512,0.0001197593108,0.01775865095,0,temporal_sigmoid
weighted_svc,S2,2017,2017-06-25,2017-06-19,2017-06-25,2017-06-26,2017-06-28,2017-06-28,1,0,,-3.577339599,0.0001799084316,0.01775865095,0,temporal_sigmoid
weighted_svc,S2,2017,2017-06-26,2017-06-20,2017-06-26,2017-06-27,2017-06-29,2017-06-29,1,0,,-3.456315789,0.0002211741528,0.01775865095,0,temporal_sigmoid
weighted_svc,S2,2017,2017-06-27,2017-06-21,2017-06-27,2017-06-28,2017-06-30,2017-06-30,1,0,,-3.272642435,0.00030257606,0.01775865095,0,temporal_sigmoid
weighted_svc,S2,2018,2018-02-28,2018-02-22,2018-02-28,2018-03-01,2018-03-03,2018-03-03,1,0,,-4.640987486,0.0001803308419,0.03964853264,0,temporal_sigmoid
weighted_svc,S2,2018,2018-03-01,2018-02-23,2018-03-01,2018-03-02,2018-03-04,2018-03-04,1,0,,-4.215790961,0.000325059638,0.03964853264,0,temporal_sigmoid
weighted_svc,S2,2018,2018-03-02,2018-02-24,2018-03-02,2018-03-03,2018-03-05,2018-03-05,1,0,,-3.868953077,0.0005256082874,0.03964853264,0,temporal_sigmoid
weighted_svc,S2,2018,2018-03-03,2018-02-25,2018-03-03,2018-03-04,2018-03-06,2018-03-06,1,0,,-3.514793012,0.0008584432438,0.03964853264,0,temporal_sigmoid
weighted_svc,S2,2018,2018-03-04,2018-02-26,2018-03-04,2018-03-05,2018-03-07,2018-03-07,1,0,,-3.513894446,0.0008595121751,0.03964853264,0,temporal_sigmoid
weighted_svc,S2,2018,2018-03-05,2018-02-27,2018-03-05,2018-03-06,2018-03-08,2018-03-08,1,0,,-3.901545558,0.0005024033938,0.03964853264,0,temporal_sigmoid
weighted_svc,S2,2018,2018-03-06,2018-02-28,2018-03-06,2018-03-07,2018-03-09,2018-03-09,1,0,,-3.210157051,0.001308873634,0.03964853264,0,temporal_sigmoid
weighted_svc,S2,2018,2018-03-07,2018-03-01,2018-03-07,2018-03-08,2018-03-10,2018-03-10,1,0,,-4.763947596,0.000152077121,0.03964853264,0,temporal_sigmoid
weighted_svc,S2,2018,2018-03-08,2018-03-02,2018-03-08,2018-03-09,2018-03-11,2018-03-11,1,0,,-5.794247355,3.646730649e-05,0.03964853264,0,temporal_sigmoid
weighted_svc,S2,2018,2018-03-09,2018-03-03,2018-03-09,2018-03-10,2018-03-12,2018-03-12,1,0,,-6.087421565,2.428995171e-05,0.03964853264,0,temporal_sigmoid
weighted_svc,S2,2018,2018-03-10,2018-03-04,2018-03-10,2018-03-11,2018-03-13,2018-03-13,1,0,,-5.222996646,8.0493504e-05,0.03964853264,0,temporal_sigmoid
weighted_svc,S2,2018,2018-03-11,2018-03-05,2018-03-11,2018-03-12,2018-03-14,2018-03-14,1,0,,-3.420379951,0.0009783480281,0.03964853264,0,temporal_sigmoid
weighted_svc,S2,2018,2018-03-12,2018-03-06,2018-03-12,2018-03-13,2018-03-15,2018-03-15,1,0,,-3.496101693,0.0008809544034,0.03964853264,0,temporal_sigmoid
weighted_svc,S2,2018,2018-03-13,2018-03-07,2018-03-13,2018-03-14,2018-03-16,2018-03-16,1,0,,-4.327025839,0.0002786269148,0.03964853264,0,temporal_sigmoid
weighted_svc,S2,2018,2018-03-14,2018-03-08,2018-03-14,2018-03-15,2018-03-17,2018-03-17,1,0,,-3.588067083,0.0007756016775,0.03964853264,0,temporal_sigmoid
weighted_svc,S2,2018,2018-03-15,2018-03-09,2018-03-15,2018-03-16,2018-03-18,2018-03-18,1,0,,-2.716162492,0.002592444695,0.03964853264,0,temporal_sigmoid
weighted_svc,S2,2018,2018-03-16,2018-03-10,2018-03-16,2018-03-17,2018-03-19,2018-03-19,1,0,,-3.463144157,0.0009220936333,0.03964853264,0,temporal_sigmoid
weighted_svc,S2,2018,2018-03-17,2018-03-11,2018-03-17,2018-03-18,2018-03-20,2018-03-20,1,0,,-1.767966763,0.009581680557,0.03964853264,0,temporal_sigmoid
weighted_svc,S2,2018,2018-03-18,2018-03-12,2018-03-18,2018-03-19,2018-03-21,2018-03-21,1,0,,-1.694972309,0.01059105897,0.03964853264,0,temporal_sigmoid
weighted_svc,S2,2018,2018-03-19,2018-03-13,2018-03-19,2018-03-20,2018-03-22,2018-03-22,1,0,,-2.538745462,0.003312802948,0.03964853264,0,temporal_sigmoid
weighted_svc,S2,2018,2018-03-20,2018-03-14,2018-03-20,2018-03-21,2018-03-23,2018-03-23,1,0,,-3.01275827,0.001720074177,0.03964853264,0,temporal_sigmoid
weighted_svc,S2,2018,2018-03-21,2018-03-15,2018-03-21,2018-03-22,2018-03-24,2018-03-24,1,0,,-3.138513361,0.001445325913,0.03964853264,0,temporal_sigmoid
weighted_svc,S2,2018,2018-03-22,2018-03-16,2018-03-22,2018-03-23,2018-03-25,2018-03-25,1,0,,-2.819699021,0.002246643034,0.03964853264,0,temporal_sigmoid
weighted_svc,S2,2018,2018-03-23,2018-03-17,2018-03-23,2018-03-24,2018-03-26,2018-03-26,1,0,,-1.89327514,0.008066287283,0.03964853264,0,temporal_sigmoid
weighted_svc,S2,2018,2018-03-24,2018-03-18,2018-03-24,2018-03-25,2018-03-27,2018-03-27,1,0,,-1.162233854,0.02190965513,0.03964853264,0,temporal_sigmoid
weighted_svc,S2,2018,2018-03-25,2018-03-19,2018-03-25,2018-03-26,2018-03-28,2018-03-28,1,0,,-0.3764031082,0.06241842764,0.03964853264,1,temporal_sigmoid
weighted_svc,S2,2018,2018-03-26,2018-03-20,2018-03-26,2018-03-27,2018-03-29,2018-03-29,1,0,,-1.841899955,0.008656484744,0.03964853264,0,temporal_sigmoid
weighted_svc,S2,2018,2018-03-27,2018-03-21,2018-03-27,2018-03-28,2018-03-30,2018-03-30,1,0,,-3.159005957,0.001404906505,0.03964853264,0,temporal_sigmoid
weighted_svc,S2,2018,2018-03-28,2018-03-22,2018-03-28,2018-03-29,2018-03-31,2018-03-31,1,0,,-1.919985105,0.00777539404,0.03964853264,0,temporal_sigmoid
weighted_svc,S2,2018,2018-03-29,2018-03-23,2018-03-29,2018-03-30,2018-04-01,2018-04-01,1,0,,-2.236335069,0.005029089285,0.03964853264,0,temporal_sigmoid
weighted_svc,S2,2018,2018-03-30,2018-03-24,2018-03-30,2018-03-31,2018-04-02,2018-04-02,1,0,,-4.277038503,0.0002986106571,0.03964853264,0,temporal_sigmoid
weighted_svc,S2,2018,2018-03-31,2018-03-25,2018-03-31,2018-04-01,2018-04-03,2018-04-03,1,0,,-6.928158034,7.574170462e-06,0.03964853264,0,temporal_sigmoid
weighted_svc,S2,2018,2018-04-01,2018-03-26,2018-04-01,2018-04-02,2018-04-04,2018-04-04,1,0,,-4.019566533,0.0004266191119,0.03964853264,0,temporal_sigmoid
weighted_svc,S2,2018,2018-04-02,2018-03-27,2018-04-02,2018-04-03,2018-04-05,2018-04-05,1,0,,-5.383755263,6.441630606e-05,0.03964853264,0,temporal_sigmoid
weighted_svc,S2,2018,2018-04-03,2018-03-28,2018-04-03,2018-04-04,2018-04-06,2018-04-06,1,0,,-2.875732898,0.002079104088,0.03964853264,0,temporal_sigmoid
weighted_svc,S2,2018,2018-04-04,2018-03-29,2018-04-04,2018-04-05,2018-04-07,2018-04-07,1,0,,-2.592215917,0.003076881266,0.03964853264,0,temporal_sigmoid
weighted_svc,S2,2018,2018-04-05,2018-03-30,2018-04-05,2018-04-06,2018-04-08,2018-04-08,1,0,,-2.609275684,0.003005193798,0.03964853264,0,temporal_sigmoid
weighted_svc,S2,2018,2018-04-06,2018-03-31,2018-04-06,2018-04-07,2018-04-09,2018-04-09,1,0,,-5.043506252,0.0001032283395,0.03964853264,0,temporal_sigmoid
weighted_svc,S2,2018,2018-04-07,2018-04-01,2018-04-07,2018-04-08,2018-04-10,2018-04-10,1,0,,-2.965422,0.001836502719,0.03964853264,0,temporal_sigmoid
weighted_svc,S2,2018,2018-04-08,2018-04-02,2018-04-08,2018-04-09,2018-04-11,2018-04-11,1,0,,-2.636840118,0.002892866723,0.03964853264,0,temporal_sigmoid
weighted_svc,S2,2018,2018-04-09,2018-04-03,2018-04-09,2018-04-10,2018-04-12,2018-04-12,1,0,,-1.361690157,0.01670602284,0.03964853264,0,temporal_sigmoid
weighted_svc,S2,2018,2018-04-10,2018-04-04,2018-04-10,2018-04-11,2018-04-13,2018-04-13,1,0,,-2.229446216,0.005077094883,0.03964853264,0,temporal_sigmoid
weighted_svc,S2,2018,2018-04-11,2018-04-05,2018-04-11,2018-04-12,2018-04-14,2018-04-14,1,0,,-3.137732761,0.001446888312,0.03964853264,0,temporal_sigmoid
weighted_svc,S2,2018,2018-04-12,2018-04-06,2018-04-12,2018-04-13,2018-04-15,2018-04-15,1,0,,-4.343839096,0.0002722104312,0.03964853264,0,temporal_sigmoid
weighted_svc,S2,2018,2018-04-13,2018-04-07,2018-04-13,2018-04-14,2018-04-16,2018-04-16,1,0,,-3.186938709,0.001351623996,0.03964853264,0,temporal_sigmoid
weighted_svc,S2,2018,2018-04-14,2018-04-08,2018-04-14,2018-04-15,2018-04-17,2018-04-17,1,0,,-2.968114062,0.001829675208,0.03964853264,0,temporal_sigmoid
weighted_svc,S2,2018,2018-04-15,2018-04-09,2018-04-15,2018-04-16,2018-04-18,2018-04-18,1,0,,-3.549432111,0.0008182336515,0.03964853264,0,temporal_sigmoid
weighted_svc,S2,2018,2018-04-16,2018-04-10,2018-04-16,2018-04-17,2018-04-19,2018-04-19,1,0,,-2.158958317,0.005595265431,0.03964853264,0,temporal_sigmoid
weighted_svc,S2,2018,2018-04-17,2018-04-11,2018-04-17,2018-04-18,2018-04-20,2018-04-20,1,0,,-4.496428324,0.0002203296958,0.03964853264,0,temporal_sigmoid
weighted_svc,S2,2018,2018-04-18,2018-04-12,2018-04-18,2018-04-19,2018-04-21,2018-04-21,1,0,,-4.647950099,0.0001785991848,0.03964853264,0,temporal_sigmoid
weighted_svc,S2,2018,2018-04-19,2018-04-13,2018-04-19,2018-04-20,2018-04-22,2018-04-22,1,0,,-4.313458746,0.0002839146244,0.03964853264,0,temporal_sigmoid
weighted_svc,S2,2018,2018-04-20,2018-04-14,2018-04-20,2018-04-21,2018-04-23,2018-04-23,1,0,,-2.995126836,0.001762553484,0.03964853264,0,temporal_sigmoid
weighted_svc,S2,2018,2018-04-21,2018-04-15,2018-04-21,2018-04-22,2018-04-24,2018-04-24,1,0,,-4.122135421,0.0003701019581,0.03964853264,0,temporal_sigmoid
weighted_svc,S2,2018,2018-04-22,2018-04-16,2018-04-22,2018-04-23,2018-04-25,2018-04-25,1,0,,-3.275405257,0.001195829763,0.03964853264,0,temporal_sigmoid
weighted_svc,S2,2018,2018-04-23,2018-04-17,2018-04-23,2018-04-24,2018-04-26,2018-04-26,1,0,,-2.096902522,0.006094783164,0.03964853264,0,temporal_sigmoid
weighted_svc,S2,2018,2018-04-24,2018-04-18,2018-04-24,2018-04-25,2018-04-27,2018-04-27,1,0,,-2.214138517,0.005185406249,0.03964853264,0,temporal_sigmoid
weighted_svc,S2,2018,2018-04-25,2018-04-19,2018-04-25,2018-04-26,2018-04-28,2018-04-28,1,0,,-2.600893424,0.003040206673,0.03964853264,0,temporal_sigmoid
weighted_svc,S2,2018,2018-04-26,2018-04-20,2018-04-26,2018-04-27,2018-04-29,2018-04-29,1,0,,-5.004731996,0.0001089274753,0.03964853264,0,temporal_sigmoid
weighted_svc,S2,2018,2018-04-27,2018-04-21,2018-04-27,2018-04-28,2018-04-30,2018-04-30,1,0,,-5.237423458,7.890000034e-05,0.03964853264,0,temporal_sigmoid
weighted_svc,S2,2018,2018-04-28,2018-04-22,2018-04-28,2018-04-29,2018-05-01,2018-05-01,1,0,,-3.559836186,0.000806528048,0.03964853264,0,temporal_sigmoid
weighted_svc,S2,2018,2018-04-29,2018-04-23,2018-04-29,2018-04-30,2018-05-02,2018-05-02,1,0,,-5.746128542,3.89824129e-05,0.03964853264,0,temporal_sigmoid
weighted_svc,S2,2018,2018-04-30,2018-04-24,2018-04-30,2018-05-01,2018-05-03,2018-05-03,1,0,,-5.258323599,7.664727307e-05,0.03964853264,0,temporal_sigmoid
weighted_svc,S2,2018,2018-05-01,2018-04-25,2018-05-01,2018-05-02,2018-05-04,2018-05-04,1,0,,-3.193502846,0.001339398447,0.03964853264,0,temporal_sigmoid
weighted_svc,S2,2018,2018-05-02,2018-04-26,2018-05-02,2018-05-03,2018-05-05,2018-05-05,1,0,,-4.07882202,0.0003929930245,0.03964853264,0,temporal_sigmoid
weighted_svc,S2,2018,2018-05-03,2018-04-27,2018-05-03,2018-05-04,2018-05-06,2018-05-06,1,0,,-3.414882377,0.0009858242643,0.03964853264,0,temporal_sigmoid
weighted_svc,S2,2018,2018-05-04,2018-04-28,2018-05-04,2018-05-05,2018-05-07,2018-05-07,1,0,,-5.10467263,9.483796136e-05,0.03964853264,0,temporal_sigmoid
weighted_svc,S2,2018,2018-05-05,2018-04-29,2018-05-05,2018-05-06,2018-05-08,2018-05-08,1,0,,-4.19463737,0.0003347285004,0.03964853264,0,temporal_sigmoid
weighted_svc,S2,2018,2018-05-06,2018-04-30,2018-05-06,2018-05-07,2018-05-09,2018-05-09,1,0,,-1.962711571,0.007331562507,0.03964853264,0,temporal_sigmoid
weighted_svc,S2,2018,2018-05-07,2018-05-01,2018-05-07,2018-05-08,2018-05-10,2018-05-10,1,0,,-3.364157581,0.001057555498,0.03964853264,0,temporal_sigmoid
weighted_svc,S2,2018,2018-05-08,2018-05-02,2018-05-08,2018-05-09,2018-05-11,2018-05-11,1,0,,-2.838836015,0.002187961634,0.03964853264,0,temporal_sigmoid
weighted_svc,S2,2018,2018-05-09,2018-05-03,2018-05-09,2018-05-10,2018-05-12,2018-05-12,1,0,,-3.298449009,0.001158281227,0.03964853264,0,temporal_sigmoid
weighted_svc,S2,2018,2018-05-10,2018-05-04,2018-05-10,2018-05-11,2018-05-13,2018-05-13,1,0,,-4.161201357,0.0003506011214,0.03964853264,0,temporal_sigmoid
weighted_svc,S2,2018,2018-05-11,2018-05-05,2018-05-11,2018-05-12,2018-05-14,2018-05-14,1,0,,-6.142134908,2.251601788e-05,0.03964853264,0,temporal_sigmoid
weighted_svc,S2,2018,2018-05-12,2018-05-06,2018-05-12,2018-05-13,2018-05-15,2018-05-15,1,0,,-4.890910257,0.0001275400904,0.03964853264,0,temporal_sigmoid
weighted_svc,S2,2018,2018-05-13,2018-05-07,2018-05-13,2018-05-14,2018-05-16,2018-05-16,1,0,,-6.53075787,1.313880804e-05,0.03964853264,0,temporal_sigmoid
weighted_svc,S2,2018,2018-05-14,2018-05-08,2018-05-14,2018-05-15,2018-05-17,2018-05-17,1,0,,-5.406378322,6.242783286e-05,0.03964853264,0,temporal_sigmoid
weighted_svc,S2,2018,2018-05-15,2018-05-09,2018-05-15,2018-05-16,2018-05-18,2018-05-18,1,0,,-4.112222796,0.0003752202517,0.03964853264,0,temporal_sigmoid
weighted_svc,S2,2018,2018-05-16,2018-05-10,2018-05-16,2018-05-17,2018-05-19,2018-05-19,1,0,,-6.156089383,2.208470414e-05,0.03964853264,0,temporal_sigmoid
weighted_svc,S2,2018,2018-05-17,2018-05-11,2018-05-17,2018-05-18,2018-05-20,2018-05-20,1,0,,-5.006423791,0.0001086723697,0.03964853264,0,temporal_sigmoid
weighted_svc,S2,2018,2018-05-18,2018-05-12,2018-05-18,2018-05-19,2018-05-21,2018-05-21,1,0,,-4.899211825,0.0001260811183,0.03964853264,0,temporal_sigmoid
weighted_svc,S2,2018,2018-05-19,2018-05-13,2018-05-19,2018-05-20,2018-05-22,2018-05-22,1,0,,-3.695814606,0.0006680740542,0.03964853264,0,temporal_sigmoid
weighted_svc,S2,2018,2018-05-20,2018-05-14,2018-05-20,2018-05-21,2018-05-23,2018-05-23,1,0,,-4.189434384,0.0003371504047,0.03964853264,0,temporal_sigmoid
weighted_svc,S2,2018,2018-05-21,2018-05-15,2018-05-21,2018-05-22,2018-05-24,2018-05-24,1,0,,-4.066802644,0.0003995924634,0.03964853264,0,temporal_sigmoid
weighted_svc,S2,2018,2018-05-22,2018-05-16,2018-05-22,2018-05-23,2018-05-25,2018-05-25,1,0,,-3.459809013,0.0009263622045,0.03964853264,0,temporal_sigmoid
weighted_svc,S2,2018,2018-05-23,2018-05-17,2018-05-23,2018-05-24,2018-05-26,2018-05-26,1,0,,-3.656312583,0.0007056467453,0.03964853264,0,temporal_sigmoid
weighted_svc,S2,2018,2018-05-24,2018-05-18,2018-05-24,2018-05-25,2018-05-27,2018-05-27,1,0,,-4.138437567,0.00036183582,0.03964853264,0,temporal_sigmoid
weighted_svc,S2,2018,2018-05-25,2018-05-19,2018-05-25,2018-05-26,2018-05-28,2018-05-28,1,0,,-2.796298979,0.00232053462,0.03964853264,0,temporal_sigmoid
weighted_svc,S2,2018,2018-05-26,2018-05-20,2018-05-26,2018-05-27,2018-05-29,2018-05-29,1,0,,-1.551966652,0.01288301216,0.03964853264,0,temporal_sigmoid
weighted_svc,S2,2018,2018-05-27,2018-05-21,2018-05-27,2018-05-28,2018-05-30,2018-05-30,1,0,,-1.100065608,0.02383436337,0.03964853264,0,temporal_sigmoid
weighted_svc,S2,2018,2018-05-28,2018-05-22,2018-05-28,2018-05-29,2018-05-31,2018-05-31,1,0,,-1.587353579,0.01227392351,0.03964853264,0,temporal_sigmoid
weighted_svc,S2,2018,2018-05-29,2018-05-23,2018-05-29,2018-05-30,2018-06-01,2018-06-01,1,0,,-2.481275876,0.003586504173,0.03964853264,0,temporal_sigmoid
weighted_svc,S2,2018,2018-05-30,2018-05-24,2018-05-30,2018-05-31,2018-06-02,2018-06-02,1,0,,-2.525471179,0.003374112971,0.03964853264,0,temporal_sigmoid
weighted_svc,S2,2018,2018-05-31,2018-05-25,2018-05-31,2018-06-01,2018-06-03,2018-06-03,1,0,,-5.043644542,0.0001032085565,0.03964853264,0,temporal_sigmoid
weighted_svc,S2,2018,2018-06-01,2018-05-26,2018-06-01,2018-06-02,2018-06-04,2018-06-04,1,0,,-4.30319154,0.0002879828031,0.03964853264,0,temporal_sigmoid
weighted_svc,S2,2018,2018-06-02,2018-05-27,2018-06-02,2018-06-03,2018-06-05,2018-06-05,1,0,,-3.325181884,0.00111619457,0.03964853264,0,temporal_sigmoid
weighted_svc,S2,2018,2018-06-03,2018-05-28,2018-06-03,2018-06-04,2018-06-06,2018-06-06,1,0,,-2.154287998,0.005631399112,0.03964853264,0,temporal_sigmoid
weighted_svc,S2,2018,2018-06-04,2018-05-29,2018-06-04,2018-06-05,2018-06-07,2018-06-07,1,0,,-2.559866951,0.003217529932,0.03964853264,0,temporal_sigmoid
weighted_svc,S2,2018,2018-06-05,2018-05-30,2018-06-05,2018-06-06,2018-06-08,2018-06-08,1,0,,-2.556205358,0.003233848413,0.03964853264,0,temporal_sigmoid
weighted_svc,S2,2018,2018-06-06,2018-05-31,2018-06-06,2018-06-07,2018-06-09,2018-06-09,1,0,,-2.631050446,0.002916107411,0.03964853264,0,temporal_sigmoid
weighted_svc,S2,2018,2018-06-07,2018-06-01,2018-06-07,2018-06-08,2018-06-10,2018-06-10,1,0,,-2.067639149,0.006345478829,0.03964853264,0,temporal_sigmoid
weighted_svc,S2,2018,2018-06-08,2018-06-02,2018-06-08,2018-06-09,2018-06-11,2018-06-11,1,0,,-2.846895195,0.002163709076,0.03964853264,0,temporal_sigmoid
weighted_svc,S2,2018,2018-06-09,2018-06-03,2018-06-09,2018-06-10,2018-06-12,2018-06-12,1,0,,-4.668623675,0.0001735548576,0.03964853264,0,temporal_sigmoid
weighted_svc,S2,2018,2018-06-10,2018-06-04,2018-06-10,2018-06-11,2018-06-13,2018-06-13,1,0,,-4.330516582,0.0002772824131,0.03964853264,0,temporal_sigmoid
weighted_svc,S2,2018,2018-06-11,2018-06-05,2018-06-11,2018-06-12,2018-06-14,2018-06-14,1,0,,-4.770759478,0.0001506482007,0.03964853264,0,temporal_sigmoid
weighted_svc,S2,2018,2018-06-12,2018-06-06,2018-06-12,2018-06-13,2018-06-15,2018-06-15,1,0,,-4.58078084,0.0001960224618,0.03964853264,0,temporal_sigmoid
weighted_svc,S2,2018,2018-06-13,2018-06-07,2018-06-13,2018-06-14,2018-06-16,2018-06-16,1,0,,-3.751219741,0.000618719464,0.03964853264,0,temporal_sigmoid
weighted_svc,S2,2018,2018-06-14,2018-06-08,2018-06-14,2018-06-15,2018-06-17,2018-06-17,1,0,,-4.033354027,0.0004185469146,0.03964853264,0,temporal_sigmoid
weighted_svc,S2,2018,2018-06-15,2018-06-09,2018-06-15,2018-06-16,2018-06-18,2018-06-18,1,0,,-4.284120475,0.0002956946247,0.03964853264,0,temporal_sigmoid
weighted_svc,S2,2018,2018-06-16,2018-06-10,2018-06-16,2018-06-17,2018-06-19,2018-06-19,1,0,,-4.608893458,0.0001885324523,0.03964853264,0,temporal_sigmoid
weighted_svc,S2,2018,2018-06-17,2018-06-11,2018-06-17,2018-06-18,2018-06-20,2018-06-20,1,0,,-4.287143661,0.000294458501,0.03964853264,0,temporal_sigmoid
weighted_svc,S2,2018,2018-06-18,2018-06-12,2018-06-18,2018-06-19,2018-06-21,2018-06-21,1,0,,-3.833500479,0.0005520674443,0.03964853264,0,temporal_sigmoid
weighted_svc,S2,2018,2018-06-19,2018-06-13,2018-06-19,2018-06-20,2018-06-22,2018-06-22,1,0,,-4.894855519,0.0001268446312,0.03964853264,0,temporal_sigmoid
weighted_svc,S2,2018,2018-06-20,2018-06-14,2018-06-20,2018-06-21,2018-06-23,2018-06-23,1,0,,-4.930452306,0.0001207387053,0.03964853264,0,temporal_sigmoid
weighted_svc,S2,2018,2018-06-21,2018-06-15,2018-06-21,2018-06-22,2018-06-24,2018-06-24,1,0,,-3.889823777,0.0005106286294,0.03964853264,0,temporal_sigmoid
weighted_svc,S2,2018,2018-06-22,2018-06-16,2018-06-22,2018-06-23,2018-06-25,2018-06-25,1,0,,-4.263583203,0.0003042303662,0.03964853264,0,temporal_sigmoid
weighted_svc,S2,2018,2018-06-23,2018-06-17,2018-06-23,2018-06-24,2018-06-26,2018-06-26,1,0,,-5.219404981,8.089519689e-05,0.03964853264,0,temporal_sigmoid
weighted_svc,S2,2018,2018-06-24,2018-06-18,2018-06-24,2018-06-25,2018-06-27,2018-06-27,1,0,,-5.176744533,8.582245663e-05,0.03964853264,0,temporal_sigmoid
weighted_svc,S2,2018,2018-06-25,2018-06-19,2018-06-25,2018-06-26,2018-06-28,2018-06-28,1,0,,-5.504032435,5.452513664e-05,0.03964853264,0,temporal_sigmoid
weighted_svc,S2,2018,2018-06-26,2018-06-20,2018-06-26,2018-06-27,2018-06-29,2018-06-29,1,0,,-3.962873598,0.000461479756,0.03964853264,0,temporal_sigmoid
weighted_svc,S2,2018,2018-06-27,2018-06-21,2018-06-27,2018-06-28,2018-06-30,2018-06-30,1,0,,-4.219802235,0.0003232579095,0.03964853264,0,temporal_sigmoid
weighted_svc,S2,2019,2019-02-28,2019-02-22,2019-02-28,2019-03-01,2019-03-03,2019-03-03,1,0,,-2.311130912,0.000471520833,0.02230893646,0,temporal_sigmoid
weighted_svc,S2,2019,2019-03-01,2019-02-23,2019-03-01,2019-03-02,2019-03-04,2019-03-04,1,0,,-2.409018512,0.000384810036,0.02230893646,0,temporal_sigmoid
weighted_svc,S2,2019,2019-03-02,2019-02-24,2019-03-02,2019-03-03,2019-03-05,2019-03-05,1,0,,-2.656149466,0.0002303602503,0.02230893646,0,temporal_sigmoid
weighted_svc,S2,2019,2019-03-03,2019-02-25,2019-03-03,2019-03-04,2019-03-06,2019-03-06,1,0,,-2.865339232,0.0001491965752,0.02230893646,0,temporal_sigmoid
weighted_svc,S2,2019,2019-03-04,2019-02-26,2019-03-04,2019-03-05,2019-03-07,2019-03-07,1,0,,-2.990335868,0.0001150879426,0.02230893646,0,temporal_sigmoid
weighted_svc,S2,2019,2019-03-05,2019-02-27,2019-03-05,2019-03-06,2019-03-08,2019-03-08,1,0,,-3.070650298,9.740828478e-05,0.02230893646,0,temporal_sigmoid
weighted_svc,S2,2019,2019-03-06,2019-02-28,2019-03-06,2019-03-07,2019-03-09,2019-03-09,1,0,,-2.789168824,0.0001747638301,0.02230893646,0,temporal_sigmoid
weighted_svc,S2,2019,2019-03-07,2019-03-01,2019-03-07,2019-03-08,2019-03-10,2019-03-10,1,0,,-2.725531991,0.000199452582,0.02230893646,0,temporal_sigmoid
weighted_svc,S2,2019,2019-03-08,2019-03-02,2019-03-08,2019-03-09,2019-03-11,2019-03-11,1,0,,-2.619418856,0.00024861636,0.02230893646,0,temporal_sigmoid
weighted_svc,S2,2019,2019-03-09,2019-03-03,2019-03-09,2019-03-10,2019-03-12,2019-03-12,1,0,,-2.548013776,0.000288348729,0.02230893646,0,temporal_sigmoid
weighted_svc,S2,2019,2019-03-10,2019-03-04,2019-03-10,2019-03-11,2019-03-13,2019-03-13,1,0,,-2.585688077,0.0002666528244,0.02230893646,0,temporal_sigmoid
weighted_svc,S2,2019,2019-03-11,2019-03-05,2019-03-11,2019-03-12,2019-03-14,2019-03-14,1,0,,-2.443237914,0.0003584204743,0.02230893646,0,temporal_sigmoid
weighted_svc,S2,2019,2019-03-12,2019-03-06,2019-03-12,2019-03-13,2019-03-15,2019-03-15,1,0,,-1.785176478,0.001404407429,0.02230893646,0,temporal_sigmoid
weighted_svc,S2,2019,2019-03-13,2019-03-07,2019-03-13,2019-03-14,2019-03-16,2019-03-16,1,0,,-1.393651295,0.003161362299,0.02230893646,0,temporal_sigmoid
weighted_svc,S2,2019,2019-03-14,2019-03-08,2019-03-14,2019-03-15,2019-03-17,2019-03-17,1,0,,-1.097062426,0.00583744175,0.02230893646,0,temporal_sigmoid
weighted_svc,S2,2019,2019-03-15,2019-03-09,2019-03-15,2019-03-16,2019-03-18,2019-03-18,1,0,,-0.5307539579,0.01867979002,0.02230893646,0,temporal_sigmoid
weighted_svc,S2,2019,2019-03-16,2019-03-10,2019-03-16,2019-03-17,2019-03-19,2019-03-19,1,0,,-0.1895575709,0.03722516191,0.02230893646,1,temporal_sigmoid
weighted_svc,S2,2019,2019-03-17,2019-03-11,2019-03-17,2019-03-18,2019-03-20,2019-03-20,1,0,,-0.06891486619,0.04732320567,0.02230893646,1,temporal_sigmoid
weighted_svc,S2,2019,2019-03-18,2019-03-12,2019-03-18,2019-03-19,2019-03-21,2019-03-21,1,0,,-0.874867598,0.009228957483,0.02230893646,0,temporal_sigmoid
weighted_svc,S2,2019,2019-03-19,2019-03-13,2019-03-19,2019-03-20,2019-03-22,2019-03-22,1,0,,-0.736500718,0.01226376432,0.02230893646,0,temporal_sigmoid
weighted_svc,S2,2019,2019-03-20,2019-03-14,2019-03-20,2019-03-21,2019-03-23,2019-03-23,1,0,,-0.6441554722,0.01481809385,0.02230893646,0,temporal_sigmoid
weighted_svc,S2,2019,2019-03-21,2019-03-15,2019-03-21,2019-03-22,2019-03-24,2019-03-24,1,0,,0.04000446353,0.05863146702,0.02230893646,1,temporal_sigmoid
weighted_svc,S2,2019,2019-03-22,2019-03-16,2019-03-22,2019-03-23,2019-03-25,2019-03-25,1,0,,-0.4267968295,0.02307746532,0.02230893646,1,temporal_sigmoid
weighted_svc,S2,2019,2019-03-23,2019-03-17,2019-03-23,2019-03-24,2019-03-26,2019-03-26,1,0,,-0.04205062833,0.04990308001,0.02230893646,1,temporal_sigmoid
weighted_svc,S2,2019,2019-03-24,2019-03-18,2019-03-24,2019-03-25,2019-03-27,2019-03-27,1,0,,-0.3514771848,0.02688009344,0.02230893646,1,temporal_sigmoid
weighted_svc,S2,2019,2019-03-25,2019-03-19,2019-03-25,2019-03-26,2019-03-28,2019-03-28,1,0,,-0.08262316633,0.04605606975,0.02230893646,1,temporal_sigmoid
weighted_svc,S2,2019,2019-03-26,2019-03-20,2019-03-26,2019-03-27,2019-03-29,2019-03-29,1,0,,-0.1939844168,0.03689705227,0.02230893646,1,temporal_sigmoid
weighted_svc,S2,2019,2019-03-27,2019-03-21,2019-03-27,2019-03-28,2019-03-30,2019-03-30,1,0,,-1.229905057,0.004436224426,0.02230893646,0,temporal_sigmoid
weighted_svc,S2,2019,2019-03-28,2019-03-22,2019-03-28,2019-03-29,2019-03-31,2019-03-31,1,0,,-0.392363466,0.02474593024,0.02230893646,1,temporal_sigmoid
weighted_svc,S2,2019,2019-03-29,2019-03-23,2019-03-29,2019-03-30,2019-04-01,2019-04-01,1,0,,-0.1626787689,0.03927836857,0.02230893646,1,temporal_sigmoid
weighted_svc,S2,2019,2019-03-30,2019-03-24,2019-03-30,2019-03-31,2019-04-02,2019-04-02,1,0,,-0.1209278329,0.04268441203,0.02230893646,1,temporal_sigmoid
weighted_svc,S2,2019,2019-03-31,2019-03-25,2019-03-31,2019-04-01,2019-04-03,2019-04-03,1,0,,-1.671196913,0.001778840319,0.02230893646,0,temporal_sigmoid
weighted_svc,S2,2019,2019-04-01,2019-03-26,2019-04-01,2019-04-02,2019-04-04,2019-04-04,1,0,,-2.165853754,0.0006374779082,0.02230893646,0,temporal_sigmoid
weighted_svc,S2,2019,2019-04-02,2019-03-27,2019-04-02,2019-04-03,2019-04-05,2019-04-05,1,0,,-2.793959839,0.0001730337937,0.02230893646,0,temporal_sigmoid
weighted_svc,S2,2019,2019-04-03,2019-03-28,2019-04-03,2019-04-04,2019-04-06,2019-04-06,1,0,,-2.331330522,0.0004521575175,0.02230893646,0,temporal_sigmoid
weighted_svc,S2,2019,2019-04-04,2019-03-29,2019-04-04,2019-04-05,2019-04-07,2019-04-07,1,0,,-2.360638637,0.0004254672776,0.02230893646,0,temporal_sigmoid
weighted_svc,S2,2019,2019-04-05,2019-03-30,2019-04-05,2019-04-06,2019-04-08,2019-04-08,1,0,,-2.404392828,0.0003885232644,0.02230893646,0,temporal_sigmoid
weighted_svc,S2,2019,2019-04-06,2019-03-31,2019-04-06,2019-04-07,2019-04-09,2019-04-09,1,0,,-2.680125237,0.0002191729002,0.02230893646,0,temporal_sigmoid
weighted_svc,S2,2019,2019-04-07,2019-04-01,2019-04-07,2019-04-08,2019-04-10,2019-04-10,1,0,,-2.614550931,0.0002511420029,0.02230893646,0,temporal_sigmoid
weighted_svc,S2,2019,2019-04-08,2019-04-02,2019-04-08,2019-04-09,2019-04-11,2019-04-11,1,0,,-2.921586007,0.0001327494749,0.02230893646,0,temporal_sigmoid
weighted_svc,S2,2019,2019-04-09,2019-04-03,2019-04-09,2019-04-10,2019-04-12,2019-04-12,1,0,,-2.95334713,0.0001242764255,0.02230893646,0,temporal_sigmoid
weighted_svc,S2,2019,2019-04-10,2019-04-04,2019-04-10,2019-04-11,2019-04-13,2019-04-13,1,0,,-2.784974048,0.0001762927584,0.02230893646,0,temporal_sigmoid
weighted_svc,S2,2019,2019-04-11,2019-04-05,2019-04-11,2019-04-12,2019-04-14,2019-04-14,1,0,,-2.770836121,0.0001815449816,0.02230893646,0,temporal_sigmoid
weighted_svc,S2,2019,2019-04-12,2019-04-06,2019-04-12,2019-04-13,2019-04-15,2019-04-15,1,0,,-2.25270537,0.0005323200782,0.02230893646,0,temporal_sigmoid
weighted_svc,S2,2019,2019-04-13,2019-04-07,2019-04-13,2019-04-14,2019-04-16,2019-04-16,1,0,,-1.976214509,0.0009448902928,0.02230893646,0,temporal_sigmoid
weighted_svc,S2,2019,2019-04-14,2019-04-08,2019-04-14,2019-04-15,2019-04-17,2019-04-17,1,0,,-1.711287103,0.001636961017,0.02230893646,0,temporal_sigmoid
weighted_svc,S2,2019,2019-04-15,2019-04-09,2019-04-15,2019-04-16,2019-04-18,2019-04-18,1,0,,-1.297287631,0.003859115611,0.02230893646,0,temporal_sigmoid
weighted_svc,S2,2019,2019-04-16,2019-04-10,2019-04-16,2019-04-17,2019-04-19,2019-04-19,1,0,,-1.446606669,0.002833041012,0.02230893646,0,temporal_sigmoid
weighted_svc,S2,2019,2019-04-17,2019-04-11,2019-04-17,2019-04-18,2019-04-20,2019-04-20,1,0,,-1.041518482,0.006546541612,0.02230893646,0,temporal_sigmoid
weighted_svc,S2,2019,2019-04-18,2019-04-12,2019-04-18,2019-04-19,2019-04-21,2019-04-21,1,0,,-1.206953902,0.00465179778,0.02230893646,0,temporal_sigmoid
weighted_svc,S2,2019,2019-04-19,2019-04-13,2019-04-19,2019-04-20,2019-04-22,2019-04-22,1,0,,-1.086498519,0.005966157404,0.02230893646,0,temporal_sigmoid
weighted_svc,S2,2019,2019-04-20,2019-04-14,2019-04-20,2019-04-21,2019-04-23,2019-04-23,1,0,,-1.250055337,0.004255175056,0.02230893646,0,temporal_sigmoid
weighted_svc,S2,2019,2019-04-21,2019-04-15,2019-04-21,2019-04-22,2019-04-24,2019-04-24,1,0,,-1.020696558,0.006833877017,0.02230893646,0,temporal_sigmoid
weighted_svc,S2,2019,2019-04-22,2019-04-16,2019-04-22,2019-04-23,2019-04-25,2019-04-25,1,0,,-1.131493612,0.005436776535,0.02230893646,0,temporal_sigmoid
weighted_svc,S2,2019,2019-04-23,2019-04-17,2019-04-23,2019-04-24,2019-04-26,2019-04-26,1,0,,-0.4517831723,0.0219360375,0.02230893646,0,temporal_sigmoid
weighted_svc,S2,2019,2019-04-24,2019-04-18,2019-04-24,2019-04-25,2019-04-27,2019-04-27,1,0,,-0.08142884814,0.04616517083,0.02230893646,1,temporal_sigmoid
weighted_svc,S2,2019,2019-04-25,2019-04-19,2019-04-25,2019-04-26,2019-04-28,2019-04-28,1,0,,0.1546074765,0.07323360543,0.02230893646,1,temporal_sigmoid
weighted_svc,S2,2019,2019-04-26,2019-04-20,2019-04-26,2019-04-27,2019-04-29,2019-04-29,1,0,,0.426898379,0.1221170598,0.02230893646,1,temporal_sigmoid
weighted_svc,S2,2019,2019-04-27,2019-04-21,2019-04-27,2019-04-28,2019-04-30,2019-04-30,1,0,,0.2979760153,0.09619043958,0.02230893646,1,temporal_sigmoid
weighted_svc,S2,2019,2019-04-28,2019-04-22,2019-04-28,2019-04-29,2019-05-01,2019-05-01,1,0,,0.683103114,0.1914790548,0.02230893646,1,temporal_sigmoid
weighted_svc,S2,2019,2019-04-29,2019-04-23,2019-04-29,2019-04-30,2019-05-02,2019-05-02,1,0,,1.124008915,0.3717486756,0.02230893646,1,temporal_sigmoid
weighted_svc,S2,2019,2019-04-30,2019-04-24,2019-04-30,2019-05-01,2019-05-03,2019-05-03,1,0,,1.437215717,0.5314008382,0.02230893646,1,temporal_sigmoid
weighted_svc,S2,2019,2019-05-01,2019-04-25,2019-05-01,2019-05-02,2019-05-04,2019-05-04,1,0,,1.189406981,0.4039824433,0.02230893646,1,temporal_sigmoid
weighted_svc,S2,2019,2019-05-02,2019-04-26,2019-05-02,2019-05-03,2019-05-05,2019-05-05,1,0,,0.9278687661,0.28250278,0.02230893646,1,temporal_sigmoid
weighted_svc,S2,2019,2019-05-03,2019-04-27,2019-05-03,2019-05-04,2019-05-06,2019-05-06,1,0,,-1.234007153,0.004398755922,0.02230893646,0,temporal_sigmoid
weighted_svc,S2,2019,2019-05-04,2019-04-28,2019-05-04,2019-05-05,2019-05-07,2019-05-07,1,0,,-1.746328826,0.001522234228,0.02230893646,0,temporal_sigmoid
weighted_svc,S2,2019,2019-05-05,2019-04-29,2019-05-05,2019-05-06,2019-05-08,2019-05-08,1,0,,-1.071109552,0.006158728073,0.02230893646,0,temporal_sigmoid
weighted_svc,S2,2019,2019-05-06,2019-04-30,2019-05-06,2019-05-07,2019-05-09,2019-05-09,1,0,,-0.441455414,0.0224009821,0.02230893646,1,temporal_sigmoid
weighted_svc,S2,2019,2019-05-07,2019-05-01,2019-05-07,2019-05-08,2019-05-10,2019-05-10,1,0,,-0.1616647956,0.03935791288,0.02230893646,1,temporal_sigmoid
weighted_svc,S2,2019,2019-05-08,2019-05-02,2019-05-08,2019-05-09,2019-05-11,2019-05-11,1,0,,0.06629497829,0.06171880164,0.02230893646,1,temporal_sigmoid
weighted_svc,S2,2019,2019-05-09,2019-05-03,2019-05-09,2019-05-10,2019-05-12,2019-05-12,1,0,,0.1939956457,0.07898321839,0.02230893646,1,temporal_sigmoid
weighted_svc,S2,2019,2019-05-10,2019-05-04,2019-05-10,2019-05-11,2019-05-13,2019-05-13,1,0,,0.4651764941,0.1308988832,0.02230893646,1,temporal_sigmoid
weighted_svc,S2,2019,2019-05-11,2019-05-05,2019-05-11,2019-05-12,2019-05-14,2019-05-14,1,0,,0.9060193672,0.2733962376,0.02230893646,1,temporal_sigmoid
weighted_svc,S2,2019,2019-05-12,2019-05-06,2019-05-12,2019-05-13,2019-05-15,2019-05-15,1,0,,0.6193422667,0.1718102795,0.02230893646,1,temporal_sigmoid
weighted_svc,S2,2019,2019-05-13,2019-05-07,2019-05-13,2019-05-14,2019-05-16,2019-05-16,1,0,,-0.4656077875,0.02132840835,0.02230893646,0,temporal_sigmoid
weighted_svc,S2,2019,2019-05-14,2019-05-08,2019-05-14,2019-05-15,2019-05-17,2019-05-17,1,0,,-1.266101437,0.004116279207,0.02230893646,0,temporal_sigmoid
weighted_svc,S2,2019,2019-05-15,2019-05-09,2019-05-15,2019-05-16,2019-05-18,2019-05-18,1,0,,-1.381794457,0.003239922439,0.02230893646,0,temporal_sigmoid
weighted_svc,S2,2019,2019-05-16,2019-05-10,2019-05-16,2019-05-17,2019-05-19,2019-05-19,1,0,,-1.657513614,0.001830023596,0.02230893646,0,temporal_sigmoid
weighted_svc,S2,2019,2019-05-17,2019-05-11,2019-05-17,2019-05-18,2019-05-20,2019-05-20,1,0,,-0.776511358,0.01129692117,0.02230893646,0,temporal_sigmoid
weighted_svc,S2,2019,2019-05-18,2019-05-12,2019-05-18,2019-05-19,2019-05-21,2019-05-21,1,0,,-0.3716223627,0.02580708411,0.02230893646,1,temporal_sigmoid
weighted_svc,S2,2019,2019-05-19,2019-05-13,2019-05-19,2019-05-20,2019-05-22,2019-05-22,1,0,,-0.5780386801,0.01696218644,0.02230893646,0,temporal_sigmoid
weighted_svc,S2,2019,2019-05-20,2019-05-14,2019-05-20,2019-05-21,2019-05-23,2019-05-23,1,0,,-0.3023598305,0.02968120228,0.02230893646,1,temporal_sigmoid
weighted_svc,S2,2019,2019-05-21,2019-05-15,2019-05-21,2019-05-22,2019-05-24,2019-05-24,1,0,,-0.261446108,0.03222871078,0.02230893646,1,temporal_sigmoid
weighted_svc,S2,2019,2019-05-22,2019-05-16,2019-05-22,2019-05-23,2019-05-25,2019-05-25,1,0,,-0.4966262558,0.02002436982,0.02230893646,0,temporal_sigmoid
weighted_svc,S2,2019,2019-05-23,2019-05-17,2019-05-23,2019-05-24,2019-05-26,2019-05-26,1,0,,-1.234122474,0.004397707145,0.02230893646,0,temporal_sigmoid
weighted_svc,S2,2019,2019-05-24,2019-05-18,2019-05-24,2019-05-25,2019-05-27,2019-05-27,1,0,,-2.108928587,0.0007174232945,0.02230893646,0,temporal_sigmoid
weighted_svc,S2,2019,2019-05-25,2019-05-19,2019-05-25,2019-05-26,2019-05-28,2019-05-28,1,0,,-2.102359448,0.0007272712058,0.02230893646,0,temporal_sigmoid
weighted_svc,S2,2019,2019-05-26,2019-05-20,2019-05-26,2019-05-27,2019-05-29,2019-05-29,1,0,,-1.134354934,0.005404737827,0.02230893646,0,temporal_sigmoid
weighted_svc,S2,2019,2019-05-27,2019-05-21,2019-05-27,2019-05-28,2019-05-30,2019-05-30,1,0,,-1.112112152,0.00565882293,0.02230893646,0,temporal_sigmoid
weighted_svc,S2,2019,2019-05-28,2019-05-22,2019-05-28,2019-05-29,2019-05-31,2019-05-31,1,0,,-0.5583725778,0.01765684741,0.02230893646,0,temporal_sigmoid
weighted_svc,S2,2019,2019-05-29,2019-05-23,2019-05-29,2019-05-30,2019-06-01,2019-06-01,1,0,,-0.4023987901,0.02424788713,0.02230893646,1,temporal_sigmoid
weighted_svc,S2,2019,2019-05-30,2019-05-24,2019-05-30,2019-05-31,2019-06-02,2019-06-02,1,0,,-0.6289254598,0.01528701423,0.02230893646,0,temporal_sigmoid
weighted_svc,S2,2019,2019-05-31,2019-05-25,2019-05-31,2019-06-01,2019-06-03,2019-06-03,1,0,,-0.9305934623,0.008228630666,0.02230893646,0,temporal_sigmoid
weighted_svc,S2,2019,2019-06-01,2019-05-26,2019-06-01,2019-06-02,2019-06-04,2019-06-04,1,0,,-1.686042449,0.00172492461,0.02230893646,0,temporal_sigmoid
weighted_svc,S2,2019,2019-06-02,2019-05-27,2019-06-02,2019-06-03,2019-06-05,2019-06-05,1,0,,-2.332926311,0.0004506621077,0.02230893646,0,temporal_sigmoid
weighted_svc,S2,2019,2019-06-03,2019-05-28,2019-06-03,2019-06-04,2019-06-06,2019-06-06,1,0,,-2.271993191,0.0005114283427,0.02230893646,0,temporal_sigmoid
weighted_svc,S2,2019,2019-06-04,2019-05-29,2019-06-04,2019-06-05,2019-06-07,2019-06-07,1,0,,-2.243740314,0.0005423189242,0.02230893646,0,temporal_sigmoid
weighted_svc,S2,2019,2019-06-05,2019-05-30,2019-06-05,2019-06-06,2019-06-08,2019-06-08,1,0,,-2.199262847,0.0005947706512,0.02230893646,0,temporal_sigmoid
weighted_svc,S2,2019,2019-06-06,2019-05-31,2019-06-06,2019-06-07,2019-06-09,2019-06-09,1,0,,-1.909960955,0.001084126367,0.02230893646,0,temporal_sigmoid
weighted_svc,S2,2019,2019-06-07,2019-06-01,2019-06-07,2019-06-08,2019-06-10,2019-06-10,1,0,,-2.202907547,0.0005902881294,0.02230893646,0,temporal_sigmoid
weighted_svc,S2,2019,2019-06-08,2019-06-02,2019-06-08,2019-06-09,2019-06-11,2019-06-11,1,0,,-2.026259876,0.0008516913347,0.02230893646,0,temporal_sigmoid
weighted_svc,S2,2019,2019-06-09,2019-06-03,2019-06-09,2019-06-10,2019-06-12,2019-06-12,1,0,,-1.788338605,0.001395227253,0.02230893646,0,temporal_sigmoid
weighted_svc,S2,2019,2019-06-10,2019-06-04,2019-06-10,2019-06-11,2019-06-13,2019-06-13,1,0,,-1.453095401,0.002795224266,0.02230893646,0,temporal_sigmoid
weighted_svc,S2,2019,2019-06-11,2019-06-05,2019-06-11,2019-06-12,2019-06-14,2019-06-14,1,0,,-1.015568685,0.006906541038,0.02230893646,0,temporal_sigmoid
weighted_svc,S2,2019,2019-06-12,2019-06-06,2019-06-12,2019-06-13,2019-06-15,2019-06-15,1,0,,-0.6874929642,0.01355992497,0.02230893646,0,temporal_sigmoid
weighted_svc,S2,2019,2019-06-13,2019-06-07,2019-06-13,2019-06-14,2019-06-16,2019-06-16,1,0,,-0.8855702252,0.009027910828,0.02230893646,0,temporal_sigmoid
weighted_svc,S2,2019,2019-06-14,2019-06-08,2019-06-14,2019-06-15,2019-06-17,2019-06-17,1,0,,-1.317035013,0.003704618537,0.02230893646,0,temporal_sigmoid
weighted_svc,S2,2019,2019-06-15,2019-06-09,2019-06-15,2019-06-16,2019-06-18,2019-06-18,1,0,,-1.9463172,0.001005360284,0.02230893646,0,temporal_sigmoid
weighted_svc,S2,2019,2019-06-16,2019-06-10,2019-06-16,2019-06-17,2019-06-19,2019-06-19,1,0,,-1.066434797,0.006218439975,0.02230893646,0,temporal_sigmoid
weighted_svc,S2,2019,2019-06-17,2019-06-11,2019-06-17,2019-06-18,2019-06-20,2019-06-20,1,0,,-1.715645437,0.001622234508,0.02230893646,0,temporal_sigmoid
weighted_svc,S2,2019,2019-06-18,2019-06-12,2019-06-18,2019-06-19,2019-06-21,2019-06-21,1,0,,-1.694095141,0.001696364658,0.02230893646,0,temporal_sigmoid
weighted_svc,S2,2019,2019-06-19,2019-06-13,2019-06-19,2019-06-20,2019-06-22,2019-06-22,1,0,,-1.124329395,0.005517826418,0.02230893646,0,temporal_sigmoid
weighted_svc,S2,2019,2019-06-20,2019-06-14,2019-06-20,2019-06-21,2019-06-23,2019-06-23,1,0,,-1.56194221,0.002230926405,0.02230893646,0,temporal_sigmoid
weighted_svc,S2,2019,2019-06-21,2019-06-15,2019-06-21,2019-06-22,2019-06-24,2019-06-24,1,0,,-1.925743016,0.001049204306,0.02230893646,0,temporal_sigmoid
weighted_svc,S2,2019,2019-06-22,2019-06-16,2019-06-22,2019-06-23,2019-06-25,2019-06-25,1,0,,-1.523924056,0.002413776605,0.02230893646,0,temporal_sigmoid
weighted_svc,S2,2019,2019-06-23,2019-06-17,2019-06-23,2019-06-24,2019-06-26,2019-06-26,1,0,,-1.070620644,0.00616494625,0.02230893646,0,temporal_sigmoid
weighted_svc,S2,2019,2019-06-24,2019-06-18,2019-06-24,2019-06-25,2019-06-27,2019-06-27,1,0,,-0.6545280132,0.01450687076,0.02230893646,0,temporal_sigmoid
weighted_svc,S2,2019,2019-06-25,2019-06-19,2019-06-25,2019-06-26,2019-06-28,2019-06-28,1,0,,-0.4797181153,0.02072520703,0.02230893646,0,temporal_sigmoid
weighted_svc,S2,2019,2019-06-26,2019-06-20,2019-06-26,2019-06-27,2019-06-29,2019-06-29,1,0,,-0.7862920008,0.01107227513,0.02230893646,0,temporal_sigmoid
weighted_svc,S2,2019,2019-06-27,2019-06-21,2019-06-27,2019-06-28,2019-06-30,2019-06-30,1,0,,-1.127568203,0.005481037532,0.02230893646,0,temporal_sigmoid
weighted_svc,S2,2020,2020-02-29,2020-02-23,2020-02-29,2020-03-01,2020-03-03,2020-03-03,1,0,,-7.41678622,0.001096568735,0.02799659094,0,temporal_sigmoid
weighted_svc,S2,2020,2020-03-01,2020-02-24,2020-03-01,2020-03-02,2020-03-04,2020-03-04,1,0,,-7.35329788,0.001145031966,0.02799659094,0,temporal_sigmoid
weighted_svc,S2,2020,2020-03-02,2020-02-25,2020-03-02,2020-03-03,2020-03-05,2020-03-05,1,0,,-7.920562304,0.0007779919428,0.02799659094,0,temporal_sigmoid
weighted_svc,S2,2020,2020-03-03,2020-02-26,2020-03-03,2020-03-04,2020-03-06,2020-03-06,1,0,,-9.350592636,0.0002935385944,0.02799659094,0,temporal_sigmoid
weighted_svc,S2,2020,2020-03-04,2020-02-27,2020-03-04,2020-03-05,2020-03-07,2020-03-07,1,0,,-8.911806531,0.0003958880931,0.02799659094,0,temporal_sigmoid
weighted_svc,S2,2020,2020-03-05,2020-02-28,2020-03-05,2020-03-06,2020-03-08,2020-03-08,1,0,,-8.332745883,0.0005874688678,0.02799659094,0,temporal_sigmoid
weighted_svc,S2,2020,2020-03-06,2020-02-29,2020-03-06,2020-03-07,2020-03-09,2020-03-09,1,0,,-10.8170931,0.0001080001467,0.02799659094,0,temporal_sigmoid
weighted_svc,S2,2020,2020-03-07,2020-03-01,2020-03-07,2020-03-08,2020-03-10,2020-03-10,1,0,,-9.858677492,0.0002075999299,0.02799659094,0,temporal_sigmoid
weighted_svc,S2,2020,2020-03-08,2020-03-02,2020-03-08,2020-03-09,2020-03-11,2020-03-11,1,0,,-8.111998728,0.0006828421031,0.02799659094,0,temporal_sigmoid
weighted_svc,S2,2020,2020-03-09,2020-03-03,2020-03-09,2020-03-10,2020-03-12,2020-03-12,1,0,,-8.628560932,0.000480200206,0.02799659094,0,temporal_sigmoid
weighted_svc,S2,2020,2020-03-10,2020-03-04,2020-03-10,2020-03-11,2020-03-13,2020-03-13,1,0,,-8.712949167,0.0004533581536,0.02799659094,0,temporal_sigmoid
weighted_svc,S2,2020,2020-03-11,2020-03-05,2020-03-11,2020-03-12,2020-03-14,2020-03-14,1,0,,-8.23876108,0.0006263292308,0.02799659094,0,temporal_sigmoid
weighted_svc,S2,2020,2020-03-12,2020-03-06,2020-03-12,2020-03-13,2020-03-15,2020-03-15,1,0,,-6.499279482,0.00204810602,0.02799659094,0,temporal_sigmoid
weighted_svc,S2,2020,2020-03-13,2020-03-07,2020-03-13,2020-03-14,2020-03-16,2020-03-16,1,0,,-6.034093408,0.002810547061,0.02799659094,0,temporal_sigmoid
weighted_svc,S2,2020,2020-03-14,2020-03-08,2020-03-14,2020-03-15,2020-03-17,2020-03-17,1,0,,-7.938891997,0.0007683352194,0.02799659094,0,temporal_sigmoid
weighted_svc,S2,2020,2020-03-15,2020-03-09,2020-03-15,2020-03-16,2020-03-18,2020-03-18,1,0,,-8.352765401,0.0005795078179,0.02799659094,0,temporal_sigmoid
weighted_svc,S2,2020,2020-03-16,2020-03-10,2020-03-16,2020-03-17,2020-03-19,2020-03-19,1,0,,-7.515505763,0.0010252503,0.02799659094,0,temporal_sigmoid
weighted_svc,S2,2020,2020-03-17,2020-03-11,2020-03-17,2020-03-18,2020-03-20,2020-03-20,1,0,,-7.018715439,0.001438072324,0.02799659094,0,temporal_sigmoid
weighted_svc,S2,2020,2020-03-18,2020-03-12,2020-03-18,2020-03-19,2020-03-21,2020-03-21,1,0,,-6.785258573,0.001685830753,0.02799659094,0,temporal_sigmoid
weighted_svc,S2,2020,2020-03-19,2020-03-13,2020-03-19,2020-03-20,2020-03-22,2020-03-22,1,0,,-6.78813944,0.001682527635,0.02799659094,0,temporal_sigmoid
weighted_svc,S2,2020,2020-03-20,2020-03-14,2020-03-20,2020-03-21,2020-03-23,2020-03-23,1,0,,-6.599691296,0.001912815842,0.02799659094,0,temporal_sigmoid
weighted_svc,S2,2020,2020-03-21,2020-03-15,2020-03-21,2020-03-22,2020-03-24,2020-03-24,1,0,,-5.334431445,0.00452124817,0.02799659094,0,temporal_sigmoid
weighted_svc,S2,2020,2020-03-22,2020-03-16,2020-03-22,2020-03-23,2020-03-25,2020-03-25,1,0,,-8.612000439,0.0004856513044,0.02799659094,0,temporal_sigmoid
weighted_svc,S2,2020,2020-03-23,2020-03-17,2020-03-23,2020-03-24,2020-03-26,2020-03-26,1,0,,-7.189307776,0.001280343155,0.02799659094,0,temporal_sigmoid
weighted_svc,S2,2020,2020-03-24,2020-03-18,2020-03-24,2020-03-25,2020-03-27,2020-03-27,1,0,,-6.044025164,0.002791628953,0.02799659094,0,temporal_sigmoid
weighted_svc,S2,2020,2020-03-25,2020-03-19,2020-03-25,2020-03-26,2020-03-28,2020-03-28,1,0,,-4.465428061,0.008147773639,0.02799659094,0,temporal_sigmoid
weighted_svc,S2,2020,2020-03-26,2020-03-20,2020-03-26,2020-03-27,2020-03-29,2020-03-29,1,0,,-2.43878682,0.03168278924,0.02799659094,1,temporal_sigmoid
weighted_svc,S2,2020,2020-03-27,2020-03-21,2020-03-27,2020-03-28,2020-03-30,2020-03-30,1,0,,-2.185666215,0.03742858253,0.02799659094,1,temporal_sigmoid
weighted_svc,S2,2020,2020-03-28,2020-03-22,2020-03-28,2020-03-29,2020-03-31,2020-03-31,1,0,,-3.574454944,0.01485809067,0.02799659094,0,temporal_sigmoid
weighted_svc,S2,2020,2020-03-29,2020-03-23,2020-03-29,2020-03-30,2020-04-01,2020-04-01,1,0,,-4.318329472,0.008999755912,0.02799659094,0,temporal_sigmoid
weighted_svc,S2,2020,2020-03-30,2020-03-24,2020-03-30,2020-03-31,2020-04-02,2020-04-02,1,0,,-4.676281738,0.007064254184,0.02799659094,0,temporal_sigmoid
weighted_svc,S2,2020,2020-03-31,2020-03-25,2020-03-31,2020-04-01,2020-04-03,2020-04-03,1,0,,-4.267803378,0.009312314489,0.02799659094,0,temporal_sigmoid
weighted_svc,S2,2020,2020-04-01,2020-03-26,2020-04-01,2020-04-02,2020-04-04,2020-04-04,1,0,,-4.495679149,0.007982740159,0.02799659094,0,temporal_sigmoid
weighted_svc,S2,2020,2020-04-02,2020-03-27,2020-04-02,2020-04-03,2020-04-05,2020-04-05,1,0,,-2.96913139,0.0222818686,0.02799659094,0,temporal_sigmoid
weighted_svc,S2,2020,2020-04-03,2020-03-28,2020-04-03,2020-04-04,2020-04-06,2020-04-06,1,0,,-4.119107213,0.0102959012,0.02799659094,0,temporal_sigmoid
weighted_svc,S2,2020,2020-04-04,2020-03-29,2020-04-04,2020-04-05,2020-04-07,2020-04-07,1,0,,-2.793208487,0.02505079864,0.02799659094,0,temporal_sigmoid
weighted_svc,S2,2020,2020-04-05,2020-03-30,2020-04-05,2020-04-06,2020-04-08,2020-04-08,1,0,,-3.759834053,0.01311679561,0.02799659094,0,temporal_sigmoid
weighted_svc,S2,2020,2020-04-06,2020-03-31,2020-04-06,2020-04-07,2020-04-09,2020-04-09,1,0,,-0.7112192978,0.09606846479,0.02799659094,1,temporal_sigmoid
weighted_svc,S2,2020,2020-04-07,2020-04-01,2020-04-07,2020-04-08,2020-04-10,2020-04-10,1,0,,0.1487625674,0.1604022265,0.02799659094,1,temporal_sigmoid
weighted_svc,S2,2020,2020-04-08,2020-04-02,2020-04-08,2020-04-09,2020-04-11,2020-04-11,1,0,,-3.643676846,0.01418272714,0.02799659094,0,temporal_sigmoid
weighted_svc,S2,2020,2020-04-09,2020-04-03,2020-04-09,2020-04-10,2020-04-12,2020-04-12,1,0,,-2.660585862,0.02735714353,0.02799659094,0,temporal_sigmoid
weighted_svc,S2,2020,2020-04-10,2020-04-04,2020-04-10,2020-04-11,2020-04-13,2020-04-13,1,0,,-2.405111855,0.0323949362,0.02799659094,1,temporal_sigmoid
weighted_svc,S2,2020,2020-04-11,2020-04-05,2020-04-11,2020-04-12,2020-04-14,2020-04-14,1,0,,-4.617818612,0.007349471266,0.02799659094,0,temporal_sigmoid
weighted_svc,S2,2020,2020-04-12,2020-04-06,2020-04-12,2020-04-13,2020-04-15,2020-04-15,1,0,,-8.953234505,0.0003848644924,0.02799659094,0,temporal_sigmoid
weighted_svc,S2,2020,2020-04-13,2020-04-07,2020-04-13,2020-04-14,2020-04-16,2020-04-16,1,0,,-6.754997328,0.001720920992,0.02799659094,0,temporal_sigmoid
weighted_svc,S2,2020,2020-04-14,2020-04-08,2020-04-14,2020-04-15,2020-04-17,2020-04-17,1,0,,-3.939218127,0.01162404942,0.02799659094,0,temporal_sigmoid
weighted_svc,S2,2020,2020-04-15,2020-04-09,2020-04-15,2020-04-16,2020-04-18,2020-04-18,1,0,,-6.333146659,0.002293231751,0.02799659094,0,temporal_sigmoid
weighted_svc,S2,2020,2020-04-16,2020-04-10,2020-04-16,2020-04-17,2020-04-19,2020-04-19,1,0,,-3.858328206,0.01227517673,0.02799659094,0,temporal_sigmoid
weighted_svc,S2,2020,2020-04-17,2020-04-11,2020-04-17,2020-04-18,2020-04-20,2020-04-20,1,0,,-7.553543053,0.0009990244403,0.02799659094,0,temporal_sigmoid
weighted_svc,S2,2020,2020-04-18,2020-04-12,2020-04-18,2020-04-19,2020-04-21,2020-04-21,1,0,,-8.489714903,0.0005278645843,0.02799659094,0,temporal_sigmoid
weighted_svc,S2,2020,2020-04-19,2020-04-13,2020-04-19,2020-04-20,2020-04-22,2020-04-22,1,0,,-3.779557415,0.01294382276,0.02799659094,0,temporal_sigmoid
weighted_svc,S2,2020,2020-04-20,2020-04-14,2020-04-20,2020-04-21,2020-04-23,2020-04-23,1,0,,-10.7278279,0.0001147779189,0.02799659094,0,temporal_sigmoid
weighted_svc,S2,2020,2020-04-21,2020-04-15,2020-04-21,2020-04-22,2020-04-24,2020-04-24,1,0,,-8.292733276,0.0006037094946,0.02799659094,0,temporal_sigmoid
weighted_svc,S2,2020,2020-04-22,2020-04-16,2020-04-22,2020-04-23,2020-04-25,2020-04-25,1,0,,-8.041648259,0.0007163756922,0.02799659094,0,temporal_sigmoid
weighted_svc,S2,2020,2020-04-23,2020-04-17,2020-04-23,2020-04-24,2020-04-26,2020-04-26,1,0,,-8.795015571,0.0004286938082,0.02799659094,0,temporal_sigmoid
weighted_svc,S2,2020,2020-04-24,2020-04-18,2020-04-24,2020-04-25,2020-04-27,2020-04-27,1,0,,-11.69005684,5.955343977e-05,0.02799659094,0,temporal_sigmoid
weighted_svc,S2,2020,2020-04-25,2020-04-19,2020-04-25,2020-04-26,2020-04-28,2020-04-28,1,0,,-8.879476154,0.000404709716,0.02799659094,0,temporal_sigmoid
weighted_svc,S2,2020,2020-04-26,2020-04-20,2020-04-26,2020-04-27,2020-04-29,2020-04-29,1,0,,-10.29448706,0.0001542340369,0.02799659094,0,temporal_sigmoid
weighted_svc,S2,2020,2020-04-27,2020-04-21,2020-04-27,2020-04-28,2020-04-30,2020-04-30,1,0,,-7.244531969,0.00123308109,0.02799659094,0,temporal_sigmoid
weighted_svc,S2,2020,2020-04-28,2020-04-22,2020-04-28,2020-04-29,2020-05-01,2020-05-01,1,0,,-10.13791049,0.0001716108259,0.02799659094,0,temporal_sigmoid
weighted_svc,S2,2020,2020-04-29,2020-04-23,2020-04-29,2020-04-30,2020-05-02,2020-05-02,1,0,,-6.390400209,0.002205615308,0.02799659094,0,temporal_sigmoid
weighted_svc,S2,2020,2020-04-30,2020-04-24,2020-04-30,2020-05-01,2020-05-03,2020-05-03,1,0,,-7.866947484,0.0008069398822,0.02799659094,0,temporal_sigmoid
weighted_svc,S2,2020,2020-05-01,2020-04-25,2020-05-01,2020-05-02,2020-05-04,2020-05-04,1,0,,-7.85274877,0.0008147847424,0.02799659094,0,temporal_sigmoid
weighted_svc,S2,2020,2020-05-02,2020-04-26,2020-05-02,2020-05-03,2020-05-05,2020-05-05,1,0,,-7.132179531,0.001331139284,0.02799659094,0,temporal_sigmoid
weighted_svc,S2,2020,2020-05-03,2020-04-27,2020-05-03,2020-05-04,2020-05-06,2020-05-06,1,0,,-6.598734646,0.001914061735,0.02799659094,0,temporal_sigmoid
weighted_svc,S2,2020,2020-05-04,2020-04-28,2020-05-04,2020-05-05,2020-05-07,2020-05-07,1,0,,-4.401088671,0.00851010942,0.02799659094,0,temporal_sigmoid
weighted_svc,S2,2020,2020-05-05,2020-04-29,2020-05-05,2020-05-06,2020-05-08,2020-05-08,1,0,,-5.109065989,0.005268377921,0.02799659094,0,temporal_sigmoid
weighted_svc,S2,2020,2020-05-06,2020-04-30,2020-05-06,2020-05-07,2020-05-09,2020-05-09,1,0,,-7.900416272,0.0007887455301,0.02799659094,0,temporal_sigmoid
weighted_svc,S2,2020,2020-05-07,2020-05-01,2020-05-07,2020-05-08,2020-05-10,2020-05-10,1,0,,-6.409119624,0.00217769945,0.02799659094,0,temporal_sigmoid
weighted_svc,S2,2020,2020-05-08,2020-05-02,2020-05-08,2020-05-09,2020-05-11,2020-05-11,1,0,,-6.696536495,0.001790788937,0.02799659094,0,temporal_sigmoid
weighted_svc,S2,2020,2020-05-09,2020-05-03,2020-05-09,2020-05-10,2020-05-12,2020-05-12,1,0,,-4.306340674,0.009072965732,0.02799659094,0,temporal_sigmoid
weighted_svc,S2,2020,2020-05-10,2020-05-04,2020-05-10,2020-05-11,2020-05-13,2020-05-13,1,0,,-3.34413616,0.01734117811,0.02799659094,0,temporal_sigmoid
weighted_svc,S2,2020,2020-05-11,2020-05-05,2020-05-11,2020-05-12,2020-05-14,2020-05-14,1,0,,-3.788556692,0.01286564931,0.02799659094,0,temporal_sigmoid
weighted_svc,S2,2020,2020-05-12,2020-05-06,2020-05-12,2020-05-13,2020-05-15,2020-05-15,1,0,,-2.95690714,0.02246420052,0.02799659094,0,temporal_sigmoid
weighted_svc,S2,2020,2020-05-13,2020-05-07,2020-05-13,2020-05-14,2020-05-16,2020-05-16,1,0,,-5.585842666,0.003811618418,0.02799659094,0,temporal_sigmoid
weighted_svc,S2,2020,2020-05-14,2020-05-08,2020-05-14,2020-05-15,2020-05-17,2020-05-17,1,0,,-2.402418641,0.03245255496,0.02799659094,1,temporal_sigmoid
weighted_svc,S2,2020,2020-05-15,2020-05-09,2020-05-15,2020-05-16,2020-05-18,2020-05-18,1,0,,-2.580012541,0.02885778043,0.02799659094,1,temporal_sigmoid
weighted_svc,S2,2020,2020-05-16,2020-05-10,2020-05-16,2020-05-17,2020-05-19,2020-05-19,1,0,,-0.757927349,0.09333782348,0.02799659094,1,temporal_sigmoid
weighted_svc,S2,2020,2020-05-17,2020-05-11,2020-05-17,2020-05-18,2020-05-20,2020-05-20,1,0,,-0.4280084838,0.114197931,0.02799659094,1,temporal_sigmoid
weighted_svc,S2,2020,2020-05-18,2020-05-12,2020-05-18,2020-05-19,2020-05-21,2020-05-21,1,0,,-0.790998033,0.09144675146,0.02799659094,1,temporal_sigmoid
weighted_svc,S2,2020,2020-05-19,2020-05-13,2020-05-19,2020-05-20,2020-05-22,2020-05-22,1,0,,-3.406432109,0.01663191545,0.02799659094,0,temporal_sigmoid
weighted_svc,S2,2020,2020-05-20,2020-05-14,2020-05-20,2020-05-21,2020-05-23,2020-05-23,1,0,,-6.202387183,0.002506576908,0.02799659094,0,temporal_sigmoid
weighted_svc,S2,2020,2020-05-21,2020-05-15,2020-05-21,2020-05-22,2020-05-24,2020-05-24,1,0,,-4.029386021,0.01093841321,0.02799659094,0,temporal_sigmoid
weighted_svc,S2,2020,2020-05-22,2020-05-16,2020-05-22,2020-05-23,2020-05-25,2020-05-25,1,0,,-5.661481819,0.003620688946,0.02799659094,0,temporal_sigmoid
weighted_svc,S2,2020,2020-05-23,2020-05-17,2020-05-23,2020-05-24,2020-05-26,2020-05-26,1,0,,-2.948802605,0.02258588724,0.02799659094,0,temporal_sigmoid
weighted_svc,S2,2020,2020-05-24,2020-05-18,2020-05-24,2020-05-25,2020-05-27,2020-05-27,1,0,,-2.201351475,0.037045118,0.02799659094,1,temporal_sigmoid
weighted_svc,S2,2020,2020-05-25,2020-05-19,2020-05-25,2020-05-26,2020-05-28,2020-05-28,1,0,,-2.465403267,0.03113065072,0.02799659094,1,temporal_sigmoid
weighted_svc,S2,2020,2020-05-26,2020-05-20,2020-05-26,2020-05-27,2020-05-29,2020-05-29,1,0,,-3.534920714,0.01525791662,0.02799659094,0,temporal_sigmoid
weighted_svc,S2,2020,2020-05-27,2020-05-21,2020-05-27,2020-05-28,2020-05-30,2020-05-30,1,0,,-6.624251635,0.001881105368,0.02799659094,0,temporal_sigmoid
weighted_svc,S2,2020,2020-05-28,2020-05-22,2020-05-28,2020-05-29,2020-05-31,2020-05-31,1,0,,-8.44021716,0.0005459765589,0.02799659094,0,temporal_sigmoid
weighted_svc,S2,2020,2020-05-29,2020-05-23,2020-05-29,2020-05-30,2020-06-01,2020-06-01,1,0,,-9.427153461,0.0002786103856,0.02799659094,0,temporal_sigmoid
weighted_svc,S2,2020,2020-05-30,2020-05-24,2020-05-30,2020-05-31,2020-06-02,2020-06-02,1,0,,-9.126306851,0.0003420338039,0.02799659094,0,temporal_sigmoid
weighted_svc,S2,2020,2020-05-31,2020-05-25,2020-05-31,2020-06-01,2020-06-03,2020-06-03,1,0,,-6.197840937,0.002514340429,0.02799659094,0,temporal_sigmoid
weighted_svc,S2,2020,2020-06-01,2020-05-26,2020-06-01,2020-06-02,2020-06-04,2020-06-04,1,0,,-4.661614476,0.007134759879,0.02799659094,0,temporal_sigmoid
weighted_svc,S2,2020,2020-06-02,2020-05-27,2020-06-02,2020-06-03,2020-06-05,2020-06-05,1,0,,-4.664571788,0.007120488039,0.02799659094,0,temporal_sigmoid
weighted_svc,S2,2020,2020-06-03,2020-05-28,2020-06-03,2020-06-04,2020-06-06,2020-06-06,1,0,,-6.553485278,0.001973926725,0.02799659094,0,temporal_sigmoid
weighted_svc,S2,2020,2020-06-04,2020-05-29,2020-06-04,2020-06-05,2020-06-07,2020-06-07,1,0,,-8.448043801,0.0005430718686,0.02799659094,0,temporal_sigmoid
weighted_svc,S2,2020,2020-06-05,2020-05-30,2020-06-05,2020-06-06,2020-06-08,2020-06-08,1,0,,-4.990961754,0.005707724841,0.02799659094,0,temporal_sigmoid
weighted_svc,S2,2020,2020-06-06,2020-05-31,2020-06-06,2020-06-07,2020-06-09,2020-06-09,1,0,,-5.177105053,0.005030719416,0.02799659094,0,temporal_sigmoid
weighted_svc,S2,2020,2020-06-07,2020-06-01,2020-06-07,2020-06-08,2020-06-10,2020-06-10,1,0,,-5.439651409,0.00420951621,0.02799659094,0,temporal_sigmoid
weighted_svc,S2,2020,2020-06-08,2020-06-02,2020-06-08,2020-06-09,2020-06-11,2020-06-11,1,0,,-6.101054666,0.002685430889,0.02799659094,0,temporal_sigmoid
weighted_svc,S2,2020,2020-06-09,2020-06-03,2020-06-09,2020-06-10,2020-06-12,2020-06-12,1,0,,-5.245654172,0.004802067451,0.02799659094,0,temporal_sigmoid
weighted_svc,S2,2020,2020-06-10,2020-06-04,2020-06-10,2020-06-11,2020-06-13,2020-06-13,1,0,,-6.966013023,0.001490617853,0.02799659094,0,temporal_sigmoid
weighted_svc,S2,2020,2020-06-11,2020-06-05,2020-06-11,2020-06-12,2020-06-14,2020-06-14,1,0,,-5.264309726,0.004741650696,0.02799659094,0,temporal_sigmoid
weighted_svc,S2,2020,2020-06-12,2020-06-06,2020-06-12,2020-06-13,2020-06-15,2020-06-15,1,0,,-4.615950113,0.007358772977,0.02799659094,0,temporal_sigmoid
weighted_svc,S2,2020,2020-06-13,2020-06-07,2020-06-13,2020-06-14,2020-06-16,2020-06-16,1,0,,-4.807517375,0.006463415112,0.02799659094,0,temporal_sigmoid
weighted_svc,S2,2020,2020-06-14,2020-06-08,2020-06-14,2020-06-15,2020-06-17,2020-06-17,1,0,,-3.50368433,0.0155812975,0.02799659094,0,temporal_sigmoid
weighted_svc,S2,2020,2020-06-15,2020-06-09,2020-06-15,2020-06-16,2020-06-18,2020-06-18,1,0,,-3.472640996,0.01590936023,0.02799659094,0,temporal_sigmoid
weighted_svc,S2,2020,2020-06-16,2020-06-10,2020-06-16,2020-06-17,2020-06-19,2020-06-19,1,0,,-7.665294894,0.0009257875167,0.02799659094,0,temporal_sigmoid
weighted_svc,S2,2020,2020-06-17,2020-06-11,2020-06-17,2020-06-18,2020-06-20,2020-06-20,1,0,,-7.250812766,0.00122781743,0.02799659094,0,temporal_sigmoid
weighted_svc,S2,2020,2020-06-18,2020-06-12,2020-06-18,2020-06-19,2020-06-21,2020-06-21,1,0,,-6.271130746,0.002392057814,0.02799659094,0,temporal_sigmoid
weighted_svc,S2,2020,2020-06-19,2020-06-13,2020-06-19,2020-06-20,2020-06-22,2020-06-22,1,0,,-7.065503843,0.001392975257,0.02799659094,0,temporal_sigmoid
weighted_svc,S2,2020,2020-06-20,2020-06-14,2020-06-20,2020-06-21,2020-06-23,2020-06-23,1,0,,-5.948120919,0.002979743881,0.02799659094,0,temporal_sigmoid
weighted_svc,S2,2020,2020-06-21,2020-06-15,2020-06-21,2020-06-22,2020-06-24,2020-06-24,1,0,,-6.258905491,0.002412035132,0.02799659094,0,temporal_sigmoid
weighted_svc,S2,2020,2020-06-22,2020-06-16,2020-06-22,2020-06-23,2020-06-25,2020-06-25,1,0,,-5.944186254,0.002987725937,0.02799659094,0,temporal_sigmoid
weighted_svc,S2,2020,2020-06-23,2020-06-17,2020-06-23,2020-06-24,2020-06-26,2020-06-26,1,0,,-6.239264091,0.002444480273,0.02799659094,0,temporal_sigmoid
weighted_svc,S2,2020,2020-06-24,2020-06-18,2020-06-24,2020-06-25,2020-06-27,2020-06-27,1,0,,-5.794095347,0.003308659951,0.02799659094,0,temporal_sigmoid
weighted_svc,S2,2020,2020-06-25,2020-06-19,2020-06-25,2020-06-26,2020-06-28,2020-06-28,1,0,,-5.201961798,0.004946581857,0.02799659094,0,temporal_sigmoid
weighted_svc,S2,2020,2020-06-26,2020-06-20,2020-06-26,2020-06-27,2020-06-29,2020-06-29,1,0,,-5.920279957,0.003036683737,0.02799659094,0,temporal_sigmoid
weighted_svc,S2,2020,2020-06-27,2020-06-21,2020-06-27,2020-06-28,2020-06-30,2020-06-30,1,0,,-9.178208934,0.000330143522,0.02799659094,0,temporal_sigmoid
weighted_svc,S2,2021,2021-02-28,2021-02-22,2021-02-28,2021-03-01,2021-03-03,2021-03-03,1,0,,-2.192857746,0.0004569708836,0.01136199031,0,temporal_sigmoid
weighted_svc,S2,2021,2021-03-01,2021-02-23,2021-03-01,2021-03-02,2021-03-04,2021-03-04,1,0,,-2.26023123,0.0003955603619,0.01136199031,0,temporal_sigmoid
weighted_svc,S2,2021,2021-03-02,2021-02-24,2021-03-02,2021-03-03,2021-03-05,2021-03-05,1,0,,-1.86803533,0.0009162020536,0.01136199031,0,temporal_sigmoid
weighted_svc,S2,2021,2021-03-03,2021-02-25,2021-03-03,2021-03-04,2021-03-06,2021-03-06,1,0,,-2.416038963,0.0002833061689,0.01136199031,0,temporal_sigmoid
weighted_svc,S2,2021,2021-03-04,2021-02-26,2021-03-04,2021-03-05,2021-03-07,2021-03-07,1,0,,-2.911887345,9.791869162e-05,0.01136199031,0,temporal_sigmoid
weighted_svc,S2,2021,2021-03-05,2021-02-27,2021-03-05,2021-03-06,2021-03-08,2021-03-08,1,0,,-2.874217751,0.0001061499925,0.01136199031,0,temporal_sigmoid
weighted_svc,S2,2021,2021-03-06,2021-02-28,2021-03-06,2021-03-07,2021-03-09,2021-03-09,1,0,,-2.523640441,0.0002249779508,0.01136199031,0,temporal_sigmoid
weighted_svc,S2,2021,2021-03-07,2021-03-01,2021-03-07,2021-03-08,2021-03-10,2021-03-10,1,0,,-2.148101376,0.000502946674,0.01136199031,0,temporal_sigmoid
weighted_svc,S2,2021,2021-03-08,2021-03-02,2021-03-08,2021-03-09,2021-03-11,2021-03-11,1,0,,-2.520928911,0.0002262887307,0.01136199031,0,temporal_sigmoid
weighted_svc,S2,2021,2021-03-09,2021-03-03,2021-03-09,2021-03-10,2021-03-12,2021-03-12,1,0,,-2.50423373,0.0002345292647,0.01136199031,0,temporal_sigmoid
weighted_svc,S2,2021,2021-03-10,2021-03-04,2021-03-10,2021-03-11,2021-03-13,2021-03-13,1,0,,-2.468410626,0.0002532377138,0.01136199031,0,temporal_sigmoid
weighted_svc,S2,2021,2021-03-11,2021-03-05,2021-03-11,2021-03-12,2021-03-14,2021-03-14,1,0,,-1.853493481,0.0009451752065,0.01136199031,0,temporal_sigmoid
weighted_svc,S2,2021,2021-03-12,2021-03-06,2021-03-12,2021-03-13,2021-03-15,2021-03-15,1,0,,-1.536868198,0.001861175969,0.01136199031,0,temporal_sigmoid
weighted_svc,S2,2021,2021-03-13,2021-03-07,2021-03-13,2021-03-14,2021-03-16,2021-03-16,1,0,,-2.550085549,0.0002125855225,0.01136199031,0,temporal_sigmoid
weighted_svc,S2,2021,2021-03-14,2021-03-08,2021-03-14,2021-03-15,2021-03-17,2021-03-17,1,0,,-3.157058043,5.790420374e-05,0.01136199031,0,temporal_sigmoid
weighted_svc,S2,2021,2021-03-15,2021-03-09,2021-03-15,2021-03-16,2021-03-18,2021-03-18,1,0,,-2.877746649,0.0001053503731,0.01136199031,0,temporal_sigmoid
weighted_svc,S2,2021,2021-03-16,2021-03-10,2021-03-16,2021-03-17,2021-03-19,2021-03-19,1,0,,-2.453311992,0.0002615631779,0.01136199031,0,temporal_sigmoid
weighted_svc,S2,2021,2021-03-17,2021-03-11,2021-03-17,2021-03-18,2021-03-20,2021-03-20,1,0,,-1.733910289,0.001220913418,0.01136199031,0,temporal_sigmoid
weighted_svc,S2,2021,2021-03-18,2021-03-12,2021-03-18,2021-03-19,2021-03-21,2021-03-21,1,0,,-1.429171559,0.002343190697,0.01136199031,0,temporal_sigmoid
weighted_svc,S2,2021,2021-03-19,2021-03-13,2021-03-19,2021-03-20,2021-03-22,2021-03-22,1,0,,-0.9647616756,0.006313756769,0.01136199031,0,temporal_sigmoid
weighted_svc,S2,2021,2021-03-20,2021-03-14,2021-03-20,2021-03-21,2021-03-23,2021-03-23,1,0,,-0.5892612441,0.01400808333,0.01136199031,1,temporal_sigmoid
weighted_svc,S2,2021,2021-03-21,2021-03-15,2021-03-21,2021-03-22,2021-03-24,2021-03-24,1,0,,0.1263934932,0.06178002259,0.01136199031,1,temporal_sigmoid
weighted_svc,S2,2021,2021-03-22,2021-03-16,2021-03-22,2021-03-23,2021-03-25,2021-03-25,1,0,,0.2784722109,0.08359245225,0.01136199031,1,temporal_sigmoid
weighted_svc,S2,2021,2021-03-23,2021-03-17,2021-03-23,2021-03-24,2021-03-26,2021-03-26,1,0,,0.4439570947,0.1150786627,0.01136199031,1,temporal_sigmoid
weighted_svc,S2,2021,2021-03-24,2021-03-18,2021-03-24,2021-03-25,2021-03-27,2021-03-27,1,0,,0.382074781,0.1022479404,0.01136199031,1,temporal_sigmoid
weighted_svc,S2,2021,2021-03-25,2021-03-19,2021-03-25,2021-03-26,2021-03-28,2021-03-28,1,0,,0.5830352469,0.149078621,0.01136199031,1,temporal_sigmoid
weighted_svc,S2,2021,2021-03-26,2021-03-20,2021-03-26,2021-03-27,2021-03-29,2021-03-29,1,0,,0.4195146827,0.109851231,0.01136199031,1,temporal_sigmoid
weighted_svc,S2,2021,2021-03-27,2021-03-21,2021-03-27,2021-03-28,2021-03-30,2021-03-30,1,0,,0.2192518334,0.07437054693,0.01136199031,1,temporal_sigmoid
weighted_svc,S2,2021,2021-03-28,2021-03-22,2021-03-28,2021-03-29,2021-03-31,2021-03-31,1,0,,-0.147426133,0.03532552336,0.01136199031,1,temporal_sigmoid
weighted_svc,S2,2021,2021-03-29,2021-03-23,2021-03-29,2021-03-30,2021-04-01,2021-04-01,1,0,,-0.364187372,0.02249539171,0.01136199031,1,temporal_sigmoid
weighted_svc,S2,2021,2021-03-30,2021-03-24,2021-03-30,2021-03-31,2021-04-02,2021-04-02,1,0,,-0.6224522797,0.01305890347,0.01136199031,1,temporal_sigmoid
weighted_svc,S2,2021,2021-03-31,2021-03-25,2021-03-31,2021-04-01,2021-04-03,2021-04-03,1,0,,0.1731313449,0.06784662596,0.01136199031,1,temporal_sigmoid
weighted_svc,S2,2021,2021-04-01,2021-03-26,2021-04-01,2021-04-02,2021-04-04,2021-04-04,1,0,,0.6737904473,0.175467539,0.01136199031,1,temporal_sigmoid
weighted_svc,S2,2021,2021-04-02,2021-03-27,2021-04-02,2021-04-03,2021-04-05,2021-04-05,1,0,,-0.01596836983,0.04628803822,0.01136199031,1,temporal_sigmoid
weighted_svc,S2,2021,2021-04-03,2021-03-28,2021-04-03,2021-04-04,2021-04-06,2021-04-06,1,0,,-0.5742939443,0.01445806194,0.01136199031,1,temporal_sigmoid
weighted_svc,S2,2021,2021-04-04,2021-03-29,2021-04-04,2021-04-05,2021-04-07,2021-04-07,1,0,,-1.148233863,0.004270003136,0.01136199031,0,temporal_sigmoid
weighted_svc,S2,2021,2021-04-05,2021-03-30,2021-04-05,2021-04-06,2021-04-08,2021-04-08,1,0,,-2.121328778,0.0005326298257,0.01136199031,0,temporal_sigmoid
weighted_svc,S2,2021,2021-04-06,2021-03-31,2021-04-06,2021-04-07,2021-04-09,2021-04-09,1,0,,-2.260186573,0.0003955982026,0.01136199031,0,temporal_sigmoid
weighted_svc,S2,2021,2021-04-07,2021-04-01,2021-04-07,2021-04-08,2021-04-10,2021-04-10,1,0,,-1.239235111,0.00351612894,0.01136199031,0,temporal_sigmoid
weighted_svc,S2,2021,2021-04-08,2021-04-02,2021-04-08,2021-04-09,2021-04-11,2021-04-11,1,0,,-1.024381108,0.005560717792,0.01136199031,0,temporal_sigmoid
weighted_svc,S2,2021,2021-04-09,2021-04-03,2021-04-09,2021-04-10,2021-04-12,2021-04-12,1,0,,-0.03708962148,0.04433047434,0.01136199031,1,temporal_sigmoid
weighted_svc,S2,2021,2021-04-10,2021-04-04,2021-04-10,2021-04-11,2021-04-13,2021-04-13,1,0,,0.3180113862,0.09031641115,0.01136199031,1,temporal_sigmoid
weighted_svc,S2,2021,2021-04-11,2021-04-05,2021-04-11,2021-04-12,2021-04-14,2021-04-14,1,1,fixed36_0040,0.7167437344,0.1891847936,0.01136199031,1,temporal_sigmoid
weighted_svc,S2,2021,2021-04-12,2021-04-06,2021-04-12,2021-04-13,2021-04-15,2021-04-15,1,0,,1.24483543,0.4197879175,0.01136199031,1,temporal_sigmoid
weighted_svc,S2,2021,2021-04-13,2021-04-07,2021-04-13,2021-04-14,2021-04-16,2021-04-16,1,0,,1.466271609,0.5376490107,0.01136199031,1,temporal_sigmoid
weighted_svc,S2,2021,2021-04-14,2021-04-08,2021-04-14,2021-04-15,2021-04-17,2021-04-17,1,0,,1.265781351,0.4307582708,0.01136199031,1,temporal_sigmoid
weighted_svc,S2,2021,2021-04-15,2021-04-09,2021-04-15,2021-04-16,2021-04-18,2021-04-18,1,0,,0.873605927,0.2461655082,0.01136199031,1,temporal_sigmoid
weighted_svc,S2,2021,2021-04-16,2021-04-10,2021-04-16,2021-04-17,2021-04-19,2021-04-19,1,0,,-0.001292371768,0.04769638682,0.01136199031,1,temporal_sigmoid
weighted_svc,S2,2021,2021-04-17,2021-04-11,2021-04-17,2021-04-18,2021-04-20,2021-04-20,1,0,,-0.8374255411,0.008278206984,0.01136199031,0,temporal_sigmoid
weighted_svc,S2,2021,2021-04-18,2021-04-12,2021-04-18,2021-04-19,2021-04-21,2021-04-21,1,1,fixed36_0041,-0.4780308717,0.01771181213,0.01136199031,1,temporal_sigmoid
weighted_svc,S2,2021,2021-04-19,2021-04-13,2021-04-19,2021-04-20,2021-04-22,2021-04-22,1,0,,0.7948621347,0.2162063685,0.01136199031,1,temporal_sigmoid
weighted_svc,S2,2021,2021-04-20,2021-04-14,2021-04-20,2021-04-21,2021-04-23,2021-04-23,1,0,,1.12369123,0.3581852246,0.01136199031,1,temporal_sigmoid
weighted_svc,S2,2021,2021-04-21,2021-04-15,2021-04-21,2021-04-22,2021-04-24,2021-04-24,1,0,,1.081962281,0.3378987085,0.01136199031,1,temporal_sigmoid
weighted_svc,S2,2021,2021-04-22,2021-04-16,2021-04-22,2021-04-23,2021-04-25,2021-04-25,1,0,,-0.4608799927,0.01836271612,0.01136199031,1,temporal_sigmoid
weighted_svc,S2,2021,2021-04-23,2021-04-17,2021-04-23,2021-04-24,2021-04-26,2021-04-26,1,1,fixed36_0042,0.1319578198,0.06247480152,0.01136199031,1,temporal_sigmoid
weighted_svc,S2,2021,2021-04-24,2021-04-18,2021-04-24,2021-04-25,2021-04-27,2021-04-27,1,1,fixed36_0042,0.8164186783,0.2241371024,0.01136199031,1,temporal_sigmoid
weighted_svc,S2,2021,2021-04-25,2021-04-19,2021-04-25,2021-04-26,2021-04-28,2021-04-28,1,1,fixed36_0042,1.387682728,0.4956175945,0.01136199031,1,temporal_sigmoid
weighted_svc,S2,2021,2021-04-26,2021-04-20,2021-04-26,2021-04-27,2021-04-29,2021-04-29,1,1,fixed36_0042,1.736653388,0.6748700264,0.01136199031,1,temporal_sigmoid
weighted_svc,S2,2021,2021-04-27,2021-04-21,2021-04-27,2021-04-28,2021-04-30,2021-04-30,1,0,,1.483317118,0.546715658,0.01136199031,1,temporal_sigmoid
weighted_svc,S2,2021,2021-04-28,2021-04-22,2021-04-28,2021-04-29,2021-05-01,2021-05-01,1,0,,1.018380309,0.3081195991,0.01136199031,1,temporal_sigmoid
weighted_svc,S2,2021,2021-04-29,2021-04-23,2021-04-29,2021-04-30,2021-05-02,2021-05-02,1,0,,0.9218406305,0.2658454616,0.01136199031,1,temporal_sigmoid
weighted_svc,S2,2021,2021-04-30,2021-04-24,2021-04-30,2021-05-01,2021-05-03,2021-05-03,1,0,,1.729202479,0.6713568283,0.01136199031,1,temporal_sigmoid
weighted_svc,S2,2021,2021-05-01,2021-04-25,2021-05-01,2021-05-02,2021-05-04,2021-05-04,1,0,,1.150709948,0.3716021096,0.01136199031,1,temporal_sigmoid
weighted_svc,S2,2021,2021-05-02,2021-04-26,2021-05-02,2021-05-03,2021-05-05,2021-05-05,1,0,,0.5779301878,0.1476961745,0.01136199031,1,temporal_sigmoid
weighted_svc,S2,2021,2021-05-03,2021-04-27,2021-05-03,2021-05-04,2021-05-06,2021-05-06,1,0,,-0.8839884689,0.007497960293,0.01136199031,0,temporal_sigmoid
weighted_svc,S2,2021,2021-05-04,2021-04-28,2021-05-04,2021-05-05,2021-05-07,2021-05-07,1,0,,-2.257970381,0.0003974806895,0.01136199031,0,temporal_sigmoid
weighted_svc,S2,2021,2021-05-05,2021-04-29,2021-05-05,2021-05-06,2021-05-08,2021-05-08,1,0,,-1.31958837,0.002961584205,0.01136199031,0,temporal_sigmoid
weighted_svc,S2,2021,2021-05-06,2021-04-30,2021-05-06,2021-05-07,2021-05-09,2021-05-09,1,0,,-1.536597438,0.001862254169,0.01136199031,0,temporal_sigmoid
weighted_svc,S2,2021,2021-05-07,2021-05-01,2021-05-07,2021-05-08,2021-05-10,2021-05-10,1,0,,-1.28356875,0.003198477112,0.01136199031,0,temporal_sigmoid
weighted_svc,S2,2021,2021-05-08,2021-05-02,2021-05-08,2021-05-09,2021-05-11,2021-05-11,1,0,,-1.640782584,0.001490180514,0.01136199031,0,temporal_sigmoid
weighted_svc,S2,2021,2021-05-09,2021-05-03,2021-05-09,2021-05-10,2021-05-12,2021-05-12,1,0,,-1.941252149,0.0007832643943,0.01136199031,0,temporal_sigmoid
weighted_svc,S2,2021,2021-05-10,2021-05-04,2021-05-10,2021-05-11,2021-05-13,2021-05-13,1,0,,-1.701678889,0.00130810839,0.01136199031,0,temporal_sigmoid
weighted_svc,S2,2021,2021-05-11,2021-05-05,2021-05-11,2021-05-12,2021-05-14,2021-05-14,1,0,,-3.071263991,6.959065501e-05,0.01136199031,0,temporal_sigmoid
weighted_svc,S2,2021,2021-05-12,2021-05-06,2021-05-12,2021-05-13,2021-05-15,2021-05-15,1,0,,-2.103449432,0.0005534217319,0.01136199031,0,temporal_sigmoid
weighted_svc,S2,2021,2021-05-13,2021-05-07,2021-05-13,2021-05-14,2021-05-16,2021-05-16,1,0,,-2.544488759,0.0002151499915,0.01136199031,0,temporal_sigmoid
weighted_svc,S2,2021,2021-05-14,2021-05-08,2021-05-14,2021-05-15,2021-05-17,2021-05-17,1,0,,-1.62078795,0.00155531709,0.01136199031,0,temporal_sigmoid
weighted_svc,S2,2021,2021-05-15,2021-05-09,2021-05-15,2021-05-16,2021-05-18,2021-05-18,1,0,,-1.248174143,0.003449645624,0.01136199031,0,temporal_sigmoid
weighted_svc,S2,2021,2021-05-16,2021-05-10,2021-05-16,2021-05-17,2021-05-19,2021-05-19,1,0,,-1.116015401,0.004573833972,0.01136199031,0,temporal_sigmoid
weighted_svc,S2,2021,2021-05-17,2021-05-11,2021-05-17,2021-05-18,2021-05-20,2021-05-20,1,0,,-0.7650345949,0.009653958745,0.01136199031,0,temporal_sigmoid
weighted_svc,S2,2021,2021-05-18,2021-05-12,2021-05-18,2021-05-19,2021-05-21,2021-05-21,1,0,,-1.013884265,0.005686499574,0.01136199031,0,temporal_sigmoid
weighted_svc,S2,2021,2021-05-19,2021-05-13,2021-05-19,2021-05-20,2021-05-22,2021-05-22,1,0,,-1.270818768,0.003286781183,0.01136199031,0,temporal_sigmoid
weighted_svc,S2,2021,2021-05-20,2021-05-14,2021-05-20,2021-05-21,2021-05-23,2021-05-23,1,0,,-0.9704261735,0.006238054381,0.01136199031,0,temporal_sigmoid
weighted_svc,S2,2021,2021-05-21,2021-05-15,2021-05-21,2021-05-22,2021-05-24,2021-05-24,1,0,,-0.2960079863,0.02594249938,0.01136199031,1,temporal_sigmoid
weighted_svc,S2,2021,2021-05-22,2021-05-16,2021-05-22,2021-05-23,2021-05-25,2021-05-25,1,0,,0.4149874422,0.108906152,0.01136199031,1,temporal_sigmoid
weighted_svc,S2,2021,2021-05-23,2021-05-17,2021-05-23,2021-05-24,2021-05-26,2021-05-26,1,0,,0.5269244172,0.1344598207,0.01136199031,1,temporal_sigmoid
weighted_svc,S2,2021,2021-05-24,2021-05-18,2021-05-24,2021-05-25,2021-05-27,2021-05-27,1,0,,-1.10432447,0.004689325693,0.01136199031,0,temporal_sigmoid
weighted_svc,S2,2021,2021-05-25,2021-05-19,2021-05-25,2021-05-26,2021-05-28,2021-05-28,1,0,,-1.485003294,0.00207951238,0.01136199031,0,temporal_sigmoid
weighted_svc,S2,2021,2021-05-26,2021-05-20,2021-05-26,2021-05-27,2021-05-29,2021-05-29,1,0,,-0.8854268451,0.00747505694,0.01136199031,0,temporal_sigmoid
weighted_svc,S2,2021,2021-05-27,2021-05-21,2021-05-27,2021-05-28,2021-05-30,2021-05-30,1,0,,-0.8183127207,0.008621319067,0.01136199031,0,temporal_sigmoid
weighted_svc,S2,2021,2021-05-28,2021-05-22,2021-05-28,2021-05-29,2021-05-31,2021-05-31,1,0,,-1.270219034,0.003290994147,0.01136199031,0,temporal_sigmoid
weighted_svc,S2,2021,2021-05-29,2021-05-23,2021-05-29,2021-05-30,2021-06-01,2021-06-01,1,0,,-0.6873724076,0.01138216138,0.01136199031,1,temporal_sigmoid
weighted_svc,S2,2021,2021-05-30,2021-05-24,2021-05-30,2021-05-31,2021-06-02,2021-06-02,1,0,,-0.6414692272,0.01254396273,0.01136199031,1,temporal_sigmoid
weighted_svc,S2,2021,2021-05-31,2021-05-25,2021-05-31,2021-06-01,2021-06-03,2021-06-03,1,0,,-2.567009303,0.0002050154318,0.01136199031,0,temporal_sigmoid
weighted_svc,S2,2021,2021-06-01,2021-05-26,2021-06-01,2021-06-02,2021-06-04,2021-06-04,1,0,,-3.105616636,6.465202185e-05,0.01136199031,0,temporal_sigmoid
weighted_svc,S2,2021,2021-06-02,2021-05-27,2021-06-02,2021-06-03,2021-06-05,2021-06-05,1,0,,-2.160196686,0.0004900843042,0.01136199031,0,temporal_sigmoid
weighted_svc,S2,2021,2021-06-03,2021-05-28,2021-06-03,2021-06-04,2021-06-06,2021-06-06,1,0,,-1.629853495,0.001525439242,0.01136199031,0,temporal_sigmoid
weighted_svc,S2,2021,2021-06-04,2021-05-29,2021-06-04,2021-06-05,2021-06-07,2021-06-07,1,0,,-1.020426863,0.005607772666,0.01136199031,0,temporal_sigmoid
weighted_svc,S2,2021,2021-06-05,2021-05-30,2021-06-05,2021-06-06,2021-06-08,2021-06-08,1,0,,-2.513449123,0.0002299442471,0.01136199031,0,temporal_sigmoid
weighted_svc,S2,2021,2021-06-06,2021-05-31,2021-06-06,2021-06-07,2021-06-09,2021-06-09,1,0,,-2.765454582,0.0001340079089,0.01136199031,0,temporal_sigmoid
weighted_svc,S2,2021,2021-06-07,2021-06-01,2021-06-07,2021-06-08,2021-06-10,2021-06-10,1,0,,-2.4914658,0.0002410332405,0.01136199031,0,temporal_sigmoid
weighted_svc,S2,2021,2021-06-08,2021-06-02,2021-06-08,2021-06-09,2021-06-11,2021-06-11,1,0,,-2.630488469,0.0001789450766,0.01136199031,0,temporal_sigmoid
weighted_svc,S2,2021,2021-06-09,2021-06-03,2021-06-09,2021-06-10,2021-06-12,2021-06-12,1,0,,-2.410426277,0.0002867332764,0.01136199031,0,temporal_sigmoid
weighted_svc,S2,2021,2021-06-10,2021-06-04,2021-06-10,2021-06-11,2021-06-13,2021-06-13,1,0,,-2.600567201,0.0001907925527,0.01136199031,0,temporal_sigmoid
weighted_svc,S2,2021,2021-06-11,2021-06-05,2021-06-11,2021-06-12,2021-06-14,2021-06-14,1,0,,-2.480002981,0.0002470258667,0.01136199031,0,temporal_sigmoid
weighted_svc,S2,2021,2021-06-12,2021-06-06,2021-06-12,2021-06-13,2021-06-15,2021-06-15,1,0,,-2.570880371,0.0002033221077,0.01136199031,0,temporal_sigmoid
weighted_svc,S2,2021,2021-06-13,2021-06-07,2021-06-13,2021-06-14,2021-06-16,2021-06-16,1,0,,-2.331261979,0.0003397276316,0.01136199031,0,temporal_sigmoid
weighted_svc,S2,2021,2021-06-14,2021-06-08,2021-06-14,2021-06-15,2021-06-17,2021-06-17,1,0,,-2.096299882,0.000561961246,0.01136199031,0,temporal_sigmoid
weighted_svc,S2,2021,2021-06-15,2021-06-09,2021-06-15,2021-06-16,2021-06-18,2021-06-18,1,0,,-2.474516043,0.000249946862,0.01136199031,0,temporal_sigmoid
weighted_svc,S2,2021,2021-06-16,2021-06-10,2021-06-16,2021-06-17,2021-06-19,2021-06-19,1,0,,-2.723675673,0.0001465572594,0.01136199031,0,temporal_sigmoid
weighted_svc,S2,2021,2021-06-17,2021-06-11,2021-06-17,2021-06-18,2021-06-20,2021-06-20,1,0,,-3.029600547,7.608919644e-05,0.01136199031,0,temporal_sigmoid
weighted_svc,S2,2021,2021-06-18,2021-06-12,2021-06-18,2021-06-19,2021-06-21,2021-06-21,1,0,,-2.93404631,9.337807178e-05,0.01136199031,0,temporal_sigmoid
weighted_svc,S2,2021,2021-06-19,2021-06-13,2021-06-19,2021-06-20,2021-06-22,2021-06-22,1,0,,-2.913851581,9.750743355e-05,0.01136199031,0,temporal_sigmoid
weighted_svc,S2,2021,2021-06-20,2021-06-14,2021-06-20,2021-06-21,2021-06-23,2021-06-23,1,0,,-2.941005561,9.19959564e-05,0.01136199031,0,temporal_sigmoid
weighted_svc,S2,2021,2021-06-21,2021-06-15,2021-06-21,2021-06-22,2021-06-24,2021-06-24,1,0,,-2.882199583,0.0001043499637,0.01136199031,0,temporal_sigmoid
weighted_svc,S2,2021,2021-06-22,2021-06-16,2021-06-22,2021-06-23,2021-06-25,2021-06-25,1,0,,-2.875219912,0.0001059222961,0.01136199031,0,temporal_sigmoid
weighted_svc,S2,2021,2021-06-23,2021-06-17,2021-06-23,2021-06-24,2021-06-26,2021-06-26,1,0,,-2.627656985,0.0001800339693,0.01136199031,0,temporal_sigmoid
weighted_svc,S2,2021,2021-06-24,2021-06-18,2021-06-24,2021-06-25,2021-06-27,2021-06-27,1,0,,-2.478467474,0.0002478398445,0.01136199031,0,temporal_sigmoid
weighted_svc,S2,2021,2021-06-25,2021-06-19,2021-06-25,2021-06-26,2021-06-28,2021-06-28,1,0,,-2.450595916,0.0002630896186,0.01136199031,0,temporal_sigmoid
weighted_svc,S2,2021,2021-06-26,2021-06-20,2021-06-26,2021-06-27,2021-06-29,2021-06-29,1,0,,-2.713133257,0.0001499054374,0.01136199031,0,temporal_sigmoid
weighted_svc,S2,2021,2021-06-27,2021-06-21,2021-06-27,2021-06-28,2021-06-30,2021-06-30,1,0,,-2.430726368,0.0002745305775,0.01136199031,0,temporal_sigmoid
weighted_svc,S2,2022,2022-02-28,2022-02-22,2022-02-28,2022-03-01,2022-03-03,2022-03-03,1,0,,-2.439026035,8.133863171e-05,0.01643316094,0,temporal_sigmoid
weighted_svc,S2,2022,2022-03-01,2022-02-23,2022-03-01,2022-03-02,2022-03-04,2022-03-04,1,0,,-2.142463843,0.0001681138308,0.01643316094,0,temporal_sigmoid
weighted_svc,S2,2022,2022-03-02,2022-02-24,2022-03-02,2022-03-03,2022-03-05,2022-03-05,1,0,,-2.14743642,0.0001660798041,0.01643316094,0,temporal_sigmoid
weighted_svc,S2,2022,2022-03-03,2022-02-25,2022-03-03,2022-03-04,2022-03-06,2022-03-06,1,0,,-2.140579172,0.0001688912458,0.01643316094,0,temporal_sigmoid
weighted_svc,S2,2022,2022-03-04,2022-02-26,2022-03-04,2022-03-05,2022-03-07,2022-03-07,1,0,,-1.920405217,0.0002895162223,0.01643316094,0,temporal_sigmoid
weighted_svc,S2,2022,2022-03-05,2022-02-27,2022-03-05,2022-03-06,2022-03-08,2022-03-08,1,0,,-1.855080805,0.0003397134006,0.01643316094,0,temporal_sigmoid
weighted_svc,S2,2022,2022-03-06,2022-02-28,2022-03-06,2022-03-07,2022-03-09,2022-03-09,1,0,,-1.592821924,0.0006454287164,0.01643316094,0,temporal_sigmoid
weighted_svc,S2,2022,2022-03-07,2022-03-01,2022-03-07,2022-03-08,2022-03-10,2022-03-10,1,0,,-1.350709726,0.001166990663,0.01643316094,0,temporal_sigmoid
weighted_svc,S2,2022,2022-03-08,2022-03-02,2022-03-08,2022-03-09,2022-03-11,2022-03-11,1,0,,-1.242814365,0.001519297543,0.01643316094,0,temporal_sigmoid
weighted_svc,S2,2022,2022-03-09,2022-03-03,2022-03-09,2022-03-10,2022-03-12,2022-03-12,1,0,,-1.191447618,0.001722559997,0.01643316094,0,temporal_sigmoid
weighted_svc,S2,2022,2022-03-10,2022-03-04,2022-03-10,2022-03-11,2022-03-13,2022-03-13,1,0,,-1.031336026,0.002547225147,0.01643316094,0,temporal_sigmoid
weighted_svc,S2,2022,2022-03-11,2022-03-05,2022-03-11,2022-03-12,2022-03-14,2022-03-14,1,0,,-1.159588192,0.001862047859,0.01643316094,0,temporal_sigmoid
weighted_svc,S2,2022,2022-03-12,2022-03-06,2022-03-12,2022-03-13,2022-03-15,2022-03-15,1,0,,-0.9981144586,0.002762480231,0.01643316094,0,temporal_sigmoid
weighted_svc,S2,2022,2022-03-13,2022-03-07,2022-03-13,2022-03-14,2022-03-16,2022-03-16,1,0,,-0.8197332226,0.004268951469,0.01643316094,0,temporal_sigmoid
weighted_svc,S2,2022,2022-03-14,2022-03-08,2022-03-14,2022-03-15,2022-03-17,2022-03-17,1,0,,-0.6496792808,0.006459348619,0.01643316094,0,temporal_sigmoid
weighted_svc,S2,2022,2022-03-15,2022-03-09,2022-03-15,2022-03-16,2022-03-18,2022-03-18,1,0,,-0.5053180877,0.009172863929,0.01643316094,0,temporal_sigmoid
weighted_svc,S2,2022,2022-03-16,2022-03-10,2022-03-16,2022-03-17,2022-03-19,2022-03-19,1,0,,-0.293360545,0.01531738794,0.01643316094,0,temporal_sigmoid
weighted_svc,S2,2022,2022-03-17,2022-03-11,2022-03-17,2022-03-18,2022-03-20,2022-03-20,1,0,,-0.1613588543,0.02103854721,0.01643316094,1,temporal_sigmoid
weighted_svc,S2,2022,2022-03-18,2022-03-12,2022-03-18,2022-03-19,2022-03-21,2022-03-21,1,0,,0.07428331532,0.03685593472,0.01643316094,1,temporal_sigmoid
weighted_svc,S2,2022,2022-03-19,2022-03-13,2022-03-19,2022-03-20,2022-03-22,2022-03-22,1,0,,0.1341282402,0.04242520487,0.01643316094,1,temporal_sigmoid
weighted_svc,S2,2022,2022-03-20,2022-03-14,2022-03-20,2022-03-21,2022-03-23,2022-03-23,1,0,,0.2411580941,0.05444362231,0.01643316094,1,temporal_sigmoid
weighted_svc,S2,2022,2022-03-21,2022-03-15,2022-03-21,2022-03-22,2022-03-24,2022-03-24,1,0,,-0.2229083832,0.01814881189,0.01643316094,1,temporal_sigmoid
weighted_svc,S2,2022,2022-03-22,2022-03-16,2022-03-22,2022-03-23,2022-03-25,2022-03-25,1,0,,-0.1812567204,0.02005821944,0.01643316094,1,temporal_sigmoid
weighted_svc,S2,2022,2022-03-23,2022-03-17,2022-03-23,2022-03-24,2022-03-26,2022-03-26,1,0,,0.3829428839,0.07533686266,0.01643316094,1,temporal_sigmoid
weighted_svc,S2,2022,2022-03-24,2022-03-18,2022-03-24,2022-03-25,2022-03-27,2022-03-27,1,0,,0.2166860734,0.05144017208,0.01643316094,1,temporal_sigmoid
weighted_svc,S2,2022,2022-03-25,2022-03-19,2022-03-25,2022-03-26,2022-03-28,2022-03-28,1,0,,0.2615504,0.05707185501,0.01643316094,1,temporal_sigmoid
weighted_svc,S2,2022,2022-03-26,2022-03-20,2022-03-26,2022-03-27,2022-03-29,2022-03-29,1,0,,-0.1801300248,0.02011251437,0.01643316094,1,temporal_sigmoid
weighted_svc,S2,2022,2022-03-27,2022-03-21,2022-03-27,2022-03-28,2022-03-30,2022-03-30,1,0,,-0.3767328497,0.01252455348,0.01643316094,0,temporal_sigmoid
weighted_svc,S2,2022,2022-03-28,2022-03-22,2022-03-28,2022-03-29,2022-03-31,2022-03-31,1,0,,-0.296171505,0.01521392793,0.01643316094,0,temporal_sigmoid
weighted_svc,S2,2022,2022-03-29,2022-03-23,2022-03-29,2022-03-30,2022-04-01,2022-04-01,1,0,,-0.3763174458,0.01253713866,0.01643316094,0,temporal_sigmoid
weighted_svc,S2,2022,2022-03-30,2022-03-24,2022-03-30,2022-03-31,2022-04-02,2022-04-02,1,0,,-0.5394235914,0.008444204053,0.01643316094,0,temporal_sigmoid
weighted_svc,S2,2022,2022-03-31,2022-03-25,2022-03-31,2022-04-01,2022-04-03,2022-04-03,1,0,,0.02133701706,0.03252058727,0.01643316094,1,temporal_sigmoid
weighted_svc,S2,2022,2022-04-01,2022-03-26,2022-04-01,2022-04-02,2022-04-04,2022-04-04,1,0,,0.2316966753,0.05326331056,0.01643316094,1,temporal_sigmoid
weighted_svc,S2,2022,2022-04-02,2022-03-27,2022-04-02,2022-04-03,2022-04-05,2022-04-05,1,0,,-0.1638965246,0.02091095931,0.01643316094,1,temporal_sigmoid
weighted_svc,S2,2022,2022-04-03,2022-03-28,2022-04-03,2022-04-04,2022-04-06,2022-04-06,1,0,,-0.08461718668,0.0252774405,0.01643316094,1,temporal_sigmoid
weighted_svc,S2,2022,2022-04-04,2022-03-29,2022-04-04,2022-04-05,2022-04-07,2022-04-07,1,0,,0.1564576509,0.04470266359,0.01643316094,1,temporal_sigmoid
weighted_svc,S2,2022,2022-04-05,2022-03-30,2022-04-05,2022-04-06,2022-04-08,2022-04-08,1,0,,0.2883760605,0.06071097918,0.01643316094,1,temporal_sigmoid
weighted_svc,S2,2022,2022-04-06,2022-03-31,2022-04-06,2022-04-07,2022-04-09,2022-04-09,1,0,,-0.007308215023,0.03038481823,0.01643316094,1,temporal_sigmoid
weighted_svc,S2,2022,2022-04-07,2022-04-01,2022-04-07,2022-04-08,2022-04-10,2022-04-10,1,0,,0.324617682,0.06597272894,0.01643316094,1,temporal_sigmoid
weighted_svc,S2,2022,2022-04-08,2022-04-02,2022-04-08,2022-04-09,2022-04-11,2022-04-11,1,0,,0.4003416226,0.07835859011,0.01643316094,1,temporal_sigmoid
weighted_svc,S2,2022,2022-04-09,2022-04-03,2022-04-09,2022-04-10,2022-04-12,2022-04-12,1,0,,0.3873742292,0.07609616174,0.01643316094,1,temporal_sigmoid
weighted_svc,S2,2022,2022-04-10,2022-04-04,2022-04-10,2022-04-11,2022-04-13,2022-04-13,1,0,,0.3030847278,0.06279740269,0.01643316094,1,temporal_sigmoid
weighted_svc,S2,2022,2022-04-11,2022-04-05,2022-04-11,2022-04-12,2022-04-14,2022-04-14,1,0,,-0.04024412921,0.02809689768,0.01643316094,1,temporal_sigmoid
weighted_svc,S2,2022,2022-04-12,2022-04-06,2022-04-12,2022-04-13,2022-04-15,2022-04-15,1,0,,-0.003774915063,0.03064072788,0.01643316094,1,temporal_sigmoid
weighted_svc,S2,2022,2022-04-13,2022-04-07,2022-04-13,2022-04-14,2022-04-16,2022-04-16,1,0,,0.1640804852,0.04550649841,0.01643316094,1,temporal_sigmoid
weighted_svc,S2,2022,2022-04-14,2022-04-08,2022-04-14,2022-04-15,2022-04-17,2022-04-17,1,0,,0.2277389251,0.05277677877,0.01643316094,1,temporal_sigmoid
weighted_svc,S2,2022,2022-04-15,2022-04-09,2022-04-15,2022-04-16,2022-04-18,2022-04-18,1,0,,0.6724671941,0.1420234525,0.01643316094,1,temporal_sigmoid
weighted_svc,S2,2022,2022-04-16,2022-04-10,2022-04-16,2022-04-17,2022-04-19,2022-04-19,1,0,,0.5410230632,0.1071284438,0.01643316094,1,temporal_sigmoid
weighted_svc,S2,2022,2022-04-17,2022-04-11,2022-04-17,2022-04-18,2022-04-20,2022-04-20,1,0,,0.4933126383,0.09645676499,0.01643316094,1,temporal_sigmoid
weighted_svc,S2,2022,2022-04-18,2022-04-12,2022-04-18,2022-04-19,2022-04-21,2022-04-21,1,0,,0.1785783318,0.04707343717,0.01643316094,1,temporal_sigmoid
weighted_svc,S2,2022,2022-04-19,2022-04-13,2022-04-19,2022-04-20,2022-04-22,2022-04-22,1,0,,-0.2711227223,0.01616065039,0.01643316094,0,temporal_sigmoid
weighted_svc,S2,2022,2022-04-20,2022-04-14,2022-04-20,2022-04-21,2022-04-23,2022-04-23,1,0,,-2.079970115,0.0001959038616,0.01643316094,0,temporal_sigmoid
weighted_svc,S2,2022,2022-04-21,2022-04-15,2022-04-21,2022-04-22,2022-04-24,2022-04-24,1,0,,-1.718174479,0.0004749314203,0.01643316094,0,temporal_sigmoid
weighted_svc,S2,2022,2022-04-22,2022-04-16,2022-04-22,2022-04-23,2022-04-25,2022-04-25,1,0,,-1.892686047,0.0003098409198,0.01643316094,0,temporal_sigmoid
weighted_svc,S2,2022,2022-04-23,2022-04-17,2022-04-23,2022-04-24,2022-04-26,2022-04-26,1,0,,-1.034715691,0.002526287313,0.01643316094,0,temporal_sigmoid
weighted_svc,S2,2022,2022-04-24,2022-04-18,2022-04-24,2022-04-25,2022-04-27,2022-04-27,1,0,,-0.3114459865,0.01466365067,0.01643316094,0,temporal_sigmoid
weighted_svc,S2,2022,2022-04-25,2022-04-19,2022-04-25,2022-04-26,2022-04-28,2022-04-28,1,0,,-0.3762127731,0.01254031182,0.01643316094,0,temporal_sigmoid
weighted_svc,S2,2022,2022-04-26,2022-04-20,2022-04-26,2022-04-27,2022-04-29,2022-04-29,1,0,,-0.3659150902,0.0128563936,0.01643316094,0,temporal_sigmoid
weighted_svc,S2,2022,2022-04-27,2022-04-21,2022-04-27,2022-04-28,2022-04-30,2022-04-30,1,0,,0.04986402763,0.03479137124,0.01643316094,1,temporal_sigmoid
weighted_svc,S2,2022,2022-04-28,2022-04-22,2022-04-28,2022-04-29,2022-05-01,2022-05-01,1,0,,0.2591796072,0.05676027997,0.01643316094,1,temporal_sigmoid
weighted_svc,S2,2022,2022-04-29,2022-04-23,2022-04-29,2022-04-30,2022-05-02,2022-05-02,1,0,,0.5267949961,0.1038416103,0.01643316094,1,temporal_sigmoid
weighted_svc,S2,2022,2022-04-30,2022-04-24,2022-04-30,2022-05-01,2022-05-03,2022-05-03,1,0,,-0.1967824099,0.01932450831,0.01643316094,1,temporal_sigmoid
weighted_svc,S2,2022,2022-05-01,2022-04-25,2022-05-01,2022-05-02,2022-05-04,2022-05-04,1,0,,-0.3971720584,0.01192049143,0.01643316094,0,temporal_sigmoid
weighted_svc,S2,2022,2022-05-02,2022-04-26,2022-05-02,2022-05-03,2022-05-05,2022-05-05,1,0,,-1.282812094,0.001377759774,0.01643316094,0,temporal_sigmoid
weighted_svc,S2,2022,2022-05-03,2022-04-27,2022-05-03,2022-05-04,2022-05-06,2022-05-06,1,0,,-2.017591041,0.0002282226095,0.01643316094,0,temporal_sigmoid
weighted_svc,S2,2022,2022-05-04,2022-04-28,2022-05-04,2022-05-05,2022-05-07,2022-05-07,1,0,,-1.947877627,0.0002706878554,0.01643316094,0,temporal_sigmoid
weighted_svc,S2,2022,2022-05-05,2022-04-29,2022-05-05,2022-05-06,2022-05-08,2022-05-08,1,0,,-1.38686706,0.001068225763,0.01643316094,0,temporal_sigmoid
weighted_svc,S2,2022,2022-05-06,2022-04-30,2022-05-06,2022-05-07,2022-05-09,2022-05-09,1,0,,-1.253546313,0.001479954339,0.01643316094,0,temporal_sigmoid
weighted_svc,S2,2022,2022-05-07,2022-05-01,2022-05-07,2022-05-08,2022-05-10,2022-05-10,1,0,,-0.9851076651,0.002851615113,0.01643316094,0,temporal_sigmoid
weighted_svc,S2,2022,2022-05-08,2022-05-02,2022-05-08,2022-05-09,2022-05-11,2022-05-11,1,0,,-0.5753363713,0.007738918745,0.01643316094,0,temporal_sigmoid
weighted_svc,S2,2022,2022-05-09,2022-05-03,2022-05-09,2022-05-10,2022-05-12,2022-05-12,1,0,,-2.011051459,0.0002319053771,0.01643316094,0,temporal_sigmoid
weighted_svc,S2,2022,2022-05-10,2022-05-04,2022-05-10,2022-05-11,2022-05-13,2022-05-13,1,0,,-2.03569912,0.0002183273046,0.01643316094,0,temporal_sigmoid
weighted_svc,S2,2022,2022-05-11,2022-05-05,2022-05-11,2022-05-12,2022-05-14,2022-05-14,1,0,,-2.025145139,0.0002240412376,0.01643316094,0,temporal_sigmoid
weighted_svc,S2,2022,2022-05-12,2022-05-06,2022-05-12,2022-05-13,2022-05-15,2022-05-15,1,0,,-1.409144881,0.001011576987,0.01643316094,0,temporal_sigmoid
weighted_svc,S2,2022,2022-05-13,2022-05-07,2022-05-13,2022-05-14,2022-05-16,2022-05-16,1,0,,-1.427809683,0.0009664328224,0.01643316094,0,temporal_sigmoid
weighted_svc,S2,2022,2022-05-14,2022-05-08,2022-05-14,2022-05-15,2022-05-17,2022-05-17,1,0,,-1.118142985,0.00206050903,0.01643316094,0,temporal_sigmoid
weighted_svc,S2,2022,2022-05-15,2022-05-09,2022-05-15,2022-05-16,2022-05-18,2022-05-18,1,0,,-0.8338186769,0.004124834675,0.01643316094,0,temporal_sigmoid
weighted_svc,S2,2022,2022-05-16,2022-05-10,2022-05-16,2022-05-17,2022-05-19,2022-05-19,1,0,,-0.3847905013,0.01228288989,0.01643316094,0,temporal_sigmoid
weighted_svc,S2,2022,2022-05-17,2022-05-11,2022-05-17,2022-05-18,2022-05-20,2022-05-20,1,0,,-0.4574139072,0.01030261716,0.01643316094,0,temporal_sigmoid
weighted_svc,S2,2022,2022-05-18,2022-05-12,2022-05-18,2022-05-19,2022-05-21,2022-05-21,1,0,,-0.3833873795,0.01232463842,0.01643316094,0,temporal_sigmoid
weighted_svc,S2,2022,2022-05-19,2022-05-13,2022-05-19,2022-05-20,2022-05-22,2022-05-22,1,0,,-1.208047009,0.001654068452,0.01643316094,0,temporal_sigmoid
weighted_svc,S2,2022,2022-05-20,2022-05-14,2022-05-20,2022-05-21,2022-05-23,2022-05-23,1,0,,-1.539673146,0.0007350623239,0.01643316094,0,temporal_sigmoid
weighted_svc,S2,2022,2022-05-21,2022-05-15,2022-05-21,2022-05-22,2022-05-24,2022-05-24,1,0,,-1.816222497,0.000373608942,0.01643316094,0,temporal_sigmoid
weighted_svc,S2,2022,2022-05-22,2022-05-16,2022-05-22,2022-05-23,2022-05-25,2022-05-25,1,0,,-1.621353012,0.0006019066744,0.01643316094,0,temporal_sigmoid
weighted_svc,S2,2022,2022-05-23,2022-05-17,2022-05-23,2022-05-24,2022-05-26,2022-05-26,1,0,,-1.590685555,0.0006488114191,0.01643316094,0,temporal_sigmoid
weighted_svc,S2,2022,2022-05-24,2022-05-18,2022-05-24,2022-05-25,2022-05-27,2022-05-27,1,0,,-1.077785055,0.002274026374,0.01643316094,0,temporal_sigmoid
weighted_svc,S2,2022,2022-05-25,2022-05-19,2022-05-25,2022-05-26,2022-05-28,2022-05-28,1,0,,-1.919072242,0.0002904623781,0.01643316094,0,temporal_sigmoid
weighted_svc,S2,2022,2022-05-26,2022-05-20,2022-05-26,2022-05-27,2022-05-29,2022-05-29,1,0,,-1.956923807,0.0002647599243,0.01643316094,0,temporal_sigmoid
weighted_svc,S2,2022,2022-05-27,2022-05-21,2022-05-27,2022-05-28,2022-05-30,2022-05-30,1,0,,-2.148734093,0.0001655530532,0.01643316094,0,temporal_sigmoid
weighted_svc,S2,2022,2022-05-28,2022-05-22,2022-05-28,2022-05-29,2022-05-31,2022-05-31,1,0,,-2.12728586,0.0001744776992,0.01643316094,0,temporal_sigmoid
weighted_svc,S2,2022,2022-05-29,2022-05-23,2022-05-29,2022-05-30,2022-06-01,2022-06-01,1,0,,-2.438319926,8.147936383e-05,0.01643316094,0,temporal_sigmoid
weighted_svc,S2,2022,2022-05-30,2022-05-24,2022-05-30,2022-05-31,2022-06-02,2022-06-02,1,0,,-2.18321651,0.000152151674,0.01643316094,0,temporal_sigmoid
weighted_svc,S2,2022,2022-05-31,2022-05-25,2022-05-31,2022-06-01,2022-06-03,2022-06-03,1,0,,-1.842041303,0.000350730247,0.01643316094,0,temporal_sigmoid
weighted_svc,S2,2022,2022-06-01,2022-05-26,2022-06-01,2022-06-02,2022-06-04,2022-06-04,1,0,,-1.961529682,0.0002617917523,0.01643316094,0,temporal_sigmoid
weighted_svc,S2,2022,2022-06-02,2022-05-27,2022-06-02,2022-06-03,2022-06-05,2022-06-05,1,0,,-2.18729092,0.0001506416062,0.01643316094,0,temporal_sigmoid
weighted_svc,S2,2022,2022-06-03,2022-05-28,2022-06-03,2022-06-04,2022-06-06,2022-06-06,1,0,,-1.899114702,0.0003050036778,0.01643316094,0,temporal_sigmoid
weighted_svc,S2,2022,2022-06-04,2022-05-29,2022-06-04,2022-06-05,2022-06-07,2022-06-07,1,0,,-2.183597254,0.000152009923,0.01643316094,0,temporal_sigmoid
weighted_svc,S2,2022,2022-06-05,2022-05-30,2022-06-05,2022-06-06,2022-06-08,2022-06-08,1,0,,-1.518397136,0.0007743379947,0.01643316094,0,temporal_sigmoid
weighted_svc,S2,2022,2022-06-06,2022-05-31,2022-06-06,2022-06-07,2022-06-09,2022-06-09,1,0,,-1.73003966,0.0004613390042,0.01643316094,0,temporal_sigmoid
weighted_svc,S2,2022,2022-06-07,2022-06-01,2022-06-07,2022-06-08,2022-06-10,2022-06-10,1,0,,-1.41771905,0.000990583006,0.01643316094,0,temporal_sigmoid
weighted_svc,S2,2022,2022-06-08,2022-06-02,2022-06-08,2022-06-09,2022-06-11,2022-06-11,1,0,,-1.286043716,0.001366916316,0.01643316094,0,temporal_sigmoid
weighted_svc,S2,2022,2022-06-09,2022-06-03,2022-06-09,2022-06-10,2022-06-12,2022-06-12,1,0,,-2.204494282,0.0001444291112,0.01643316094,0,temporal_sigmoid
weighted_svc,S2,2022,2022-06-10,2022-06-04,2022-06-10,2022-06-11,2022-06-13,2022-06-13,1,0,,-1.981252165,0.0002494535898,0.01643316094,0,temporal_sigmoid
weighted_svc,S2,2022,2022-06-11,2022-06-05,2022-06-11,2022-06-12,2022-06-14,2022-06-14,1,0,,-1.543426368,0.0007283433496,0.01643316094,0,temporal_sigmoid
weighted_svc,S2,2022,2022-06-12,2022-06-06,2022-06-12,2022-06-13,2022-06-15,2022-06-15,1,0,,-1.481641818,0.0008471923686,0.01643316094,0,temporal_sigmoid
weighted_svc,S2,2022,2022-06-13,2022-06-07,2022-06-13,2022-06-14,2022-06-16,2022-06-16,1,0,,-1.468395394,0.0008750951205,0.01643316094,0,temporal_sigmoid
weighted_svc,S2,2022,2022-06-14,2022-06-08,2022-06-14,2022-06-15,2022-06-17,2022-06-17,1,0,,-1.59129187,0.0006478495908,0.01643316094,0,temporal_sigmoid
weighted_svc,S2,2022,2022-06-15,2022-06-09,2022-06-15,2022-06-16,2022-06-18,2022-06-18,1,0,,-1.753760596,0.0004353196109,0.01643316094,0,temporal_sigmoid
weighted_svc,S2,2022,2022-06-16,2022-06-10,2022-06-16,2022-06-17,2022-06-19,2022-06-19,1,0,,-1.807850673,0.0003813431382,0.01643316094,0,temporal_sigmoid
weighted_svc,S2,2022,2022-06-17,2022-06-11,2022-06-17,2022-06-18,2022-06-20,2022-06-20,1,0,,-2.169894538,0.0001571955445,0.01643316094,0,temporal_sigmoid
weighted_svc,S2,2022,2022-06-18,2022-06-12,2022-06-18,2022-06-19,2022-06-21,2022-06-21,1,0,,-2.173762335,0.000155714165,0.01643316094,0,temporal_sigmoid
weighted_svc,S2,2022,2022-06-19,2022-06-13,2022-06-19,2022-06-20,2022-06-22,2022-06-22,1,0,,-2.316646451,0.0001097525786,0.01643316094,0,temporal_sigmoid
weighted_svc,S2,2022,2022-06-20,2022-06-14,2022-06-20,2022-06-21,2022-06-23,2022-06-23,1,0,,-2.358819965,9.8986264e-05,0.01643316094,0,temporal_sigmoid
weighted_svc,S2,2022,2022-06-21,2022-06-15,2022-06-21,2022-06-22,2022-06-24,2022-06-24,1,0,,-2.226000307,0.000137021872,0.01643316094,0,temporal_sigmoid
weighted_svc,S2,2022,2022-06-22,2022-06-16,2022-06-22,2022-06-23,2022-06-25,2022-06-25,1,0,,-2.261284006,0.000125682992,0.01643316094,0,temporal_sigmoid
weighted_svc,S2,2022,2022-06-23,2022-06-17,2022-06-23,2022-06-24,2022-06-26,2022-06-26,1,0,,-2.149934116,0.000165067427,0.01643316094,0,temporal_sigmoid
weighted_svc,S2,2022,2022-06-24,2022-06-18,2022-06-24,2022-06-25,2022-06-27,2022-06-27,1,0,,-1.995980917,0.0002406201719,0.01643316094,0,temporal_sigmoid
weighted_svc,S2,2022,2022-06-25,2022-06-19,2022-06-25,2022-06-26,2022-06-28,2022-06-28,1,0,,-2.174362795,0.0001554854416,0.01643316094,0,temporal_sigmoid
weighted_svc,S2,2022,2022-06-26,2022-06-20,2022-06-26,2022-06-27,2022-06-29,2022-06-29,1,0,,-1.965372526,0.0002593407741,0.01643316094,0,temporal_sigmoid
weighted_svc,S2,2022,2022-06-27,2022-06-21,2022-06-27,2022-06-28,2022-06-30,2022-06-30,1,0,,-1.645924329,0.0005667831592,0.01643316094,0,temporal_sigmoid
weighted_svc,S2,2023,2023-02-28,2023-02-22,2023-02-28,2023-03-01,2023-03-03,2023-03-03,1,0,,-3.960035478,0.0001646709803,0.01920808347,0,temporal_sigmoid
weighted_svc,S2,2023,2023-03-01,2023-02-23,2023-03-01,2023-03-02,2023-03-04,2023-03-04,1,0,,-3.277279894,0.0004099418246,0.01920808347,0,temporal_sigmoid
weighted_svc,S2,2023,2023-03-02,2023-02-24,2023-03-02,2023-03-03,2023-03-05,2023-03-05,1,0,,-2.55784757,0.001071347741,0.01920808347,0,temporal_sigmoid
weighted_svc,S2,2023,2023-03-03,2023-02-25,2023-03-03,2023-03-04,2023-03-06,2023-03-06,1,0,,-2.041874098,0.002132528244,0.01920808347,0,temporal_sigmoid
weighted_svc,S2,2023,2023-03-04,2023-02-26,2023-03-04,2023-03-05,2023-03-07,2023-03-07,1,0,,-1.97676205,0.002325926347,0.01920808347,0,temporal_sigmoid
weighted_svc,S2,2023,2023-03-05,2023-02-27,2023-03-05,2023-03-06,2023-03-08,2023-03-08,1,0,,-1.718964618,0.003279320425,0.01920808347,0,temporal_sigmoid
weighted_svc,S2,2023,2023-03-06,2023-02-28,2023-03-06,2023-03-07,2023-03-09,2023-03-09,1,0,,-1.581212439,0.003939448788,0.01920808347,0,temporal_sigmoid
weighted_svc,S2,2023,2023-03-07,2023-03-01,2023-03-07,2023-03-08,2023-03-10,2023-03-10,1,0,,-1.436246149,0.004777445065,0.01920808347,0,temporal_sigmoid
weighted_svc,S2,2023,2023-03-08,2023-03-02,2023-03-08,2023-03-09,2023-03-11,2023-03-11,1,0,,-2.373551077,0.001370093304,0.01920808347,0,temporal_sigmoid
weighted_svc,S2,2023,2023-03-09,2023-03-03,2023-03-09,2023-03-10,2023-03-12,2023-03-12,1,0,,-2.786098196,0.0007899435478,0.01920808347,0,temporal_sigmoid
weighted_svc,S2,2023,2023-03-10,2023-03-04,2023-03-10,2023-03-11,2023-03-13,2023-03-13,1,0,,-3.334218556,0.0003799207789,0.01920808347,0,temporal_sigmoid
weighted_svc,S2,2023,2023-03-11,2023-03-05,2023-03-11,2023-03-12,2023-03-14,2023-03-14,1,0,,-2.492931195,0.001168315376,0.01920808347,0,temporal_sigmoid
weighted_svc,S2,2023,2023-03-12,2023-03-06,2023-03-12,2023-03-13,2023-03-15,2023-03-15,1,0,,-2.024446475,0.002182661771,0.01920808347,0,temporal_sigmoid
weighted_svc,S2,2023,2023-03-13,2023-03-07,2023-03-13,2023-03-14,2023-03-16,2023-03-16,1,0,,-1.779430903,0.003025555061,0.01920808347,0,temporal_sigmoid
weighted_svc,S2,2023,2023-03-14,2023-03-08,2023-03-14,2023-03-15,2023-03-17,2023-03-17,1,0,,-3.430404006,0.0003341144915,0.01920808347,0,temporal_sigmoid
weighted_svc,S2,2023,2023-03-15,2023-03-09,2023-03-15,2023-03-16,2023-03-18,2023-03-18,1,0,,-4.390819652,9.261020827e-05,0.01920808347,0,temporal_sigmoid
weighted_svc,S2,2023,2023-03-16,2023-03-10,2023-03-16,2023-03-17,2023-03-19,2023-03-19,1,0,,-4.669051039,6.385724126e-05,0.01920808347,0,temporal_sigmoid
weighted_svc,S2,2023,2023-03-17,2023-03-11,2023-03-17,2023-03-18,2023-03-20,2023-03-20,1,0,,-5.349593598,2.572167538e-05,0.01920808347,0,temporal_sigmoid
weighted_svc,S2,2023,2023-03-18,2023-03-12,2023-03-18,2023-03-19,2023-03-21,2023-03-21,1,0,,-3.638685893,0.0002529658811,0.01920808347,0,temporal_sigmoid
weighted_svc,S2,2023,2023-03-19,2023-03-13,2023-03-19,2023-03-20,2023-03-22,2023-03-22,1,0,,-6.398595945,6.332254055e-06,0.01920808347,0,temporal_sigmoid
weighted_svc,S2,2023,2023-03-20,2023-03-14,2023-03-20,2023-03-21,2023-03-23,2023-03-23,1,0,,-5.445121194,2.263938983e-05,0.01920808347,0,temporal_sigmoid
weighted_svc,S2,2023,2023-03-21,2023-03-15,2023-03-21,2023-03-22,2023-03-24,2023-03-24,1,0,,-6.069283817,9.832428747e-06,0.01920808347,0,temporal_sigmoid
weighted_svc,S2,2023,2023-03-22,2023-03-16,2023-03-22,2023-03-23,2023-03-25,2023-03-25,1,0,,-5.436452488,2.290314714e-05,0.01920808347,0,temporal_sigmoid
weighted_svc,S2,2023,2023-03-23,2023-03-17,2023-03-23,2023-03-24,2023-03-26,2023-03-26,1,0,,-4.708789543,6.055511454e-05,0.01920808347,0,temporal_sigmoid
weighted_svc,S2,2023,2023-03-24,2023-03-18,2023-03-24,2023-03-25,2023-03-27,2023-03-27,1,0,,-4.484877353,8.167341902e-05,0.01920808347,0,temporal_sigmoid
weighted_svc,S2,2023,2023-03-25,2023-03-19,2023-03-25,2023-03-26,2023-03-28,2023-03-28,1,0,,-4.517440066,7.819620777e-05,0.01920808347,0,temporal_sigmoid
weighted_svc,S2,2023,2023-03-26,2023-03-20,2023-03-26,2023-03-27,2023-03-29,2023-03-29,1,0,,-3.756827709,0.000216032356,0.01920808347,0,temporal_sigmoid
weighted_svc,S2,2023,2023-03-27,2023-03-21,2023-03-27,2023-03-28,2023-03-30,2023-03-30,1,0,,-4.211623932,0.0001176623518,0.01920808347,0,temporal_sigmoid
weighted_svc,S2,2023,2023-03-28,2023-03-22,2023-03-28,2023-03-29,2023-03-31,2023-03-31,1,0,,-2.894279332,0.0006836964891,0.01920808347,0,temporal_sigmoid
weighted_svc,S2,2023,2023-03-29,2023-03-23,2023-03-29,2023-03-30,2023-04-01,2023-04-01,1,0,,-4.838565424,5.091484547e-05,0.01920808347,0,temporal_sigmoid
weighted_svc,S2,2023,2023-03-30,2023-03-24,2023-03-30,2023-03-31,2023-04-02,2023-04-02,1,0,,-3.82597858,0.0001969690348,0.01920808347,0,temporal_sigmoid
weighted_svc,S2,2023,2023-03-31,2023-03-25,2023-03-31,2023-04-01,2023-04-03,2023-04-03,1,0,,-4.853864106,4.988464187e-05,0.01920808347,0,temporal_sigmoid
weighted_svc,S2,2023,2023-04-01,2023-03-26,2023-04-01,2023-04-02,2023-04-04,2023-04-04,1,0,,-5.950725576,1.152022398e-05,0.01920808347,0,temporal_sigmoid
weighted_svc,S2,2023,2023-04-02,2023-03-27,2023-04-02,2023-04-03,2023-04-05,2023-04-05,1,0,,-3.748656964,0.0002184033817,0.01920808347,0,temporal_sigmoid
weighted_svc,S2,2023,2023-04-03,2023-03-28,2023-04-03,2023-04-04,2023-04-06,2023-04-06,1,0,,-2.156945911,0.001829149401,0.01920808347,0,temporal_sigmoid
weighted_svc,S2,2023,2023-04-04,2023-03-29,2023-04-04,2023-04-05,2023-04-07,2023-04-07,1,0,,-1.953085774,0.002400507867,0.01920808347,0,temporal_sigmoid
weighted_svc,S2,2023,2023-04-05,2023-03-30,2023-04-05,2023-04-06,2023-04-08,2023-04-08,1,0,,-1.885368869,0.002627249935,0.01920808347,0,temporal_sigmoid
weighted_svc,S2,2023,2023-04-06,2023-03-31,2023-04-06,2023-04-07,2023-04-09,2023-04-09,1,0,,-1.79426354,0.002966356068,0.01920808347,0,temporal_sigmoid
weighted_svc,S2,2023,2023-04-07,2023-04-01,2023-04-07,2023-04-08,2023-04-10,2023-04-10,1,1,fixed36_0043,-1.336706806,0.005453365236,0.01920808347,0,temporal_sigmoid
weighted_svc,S2,2023,2023-04-08,2023-04-02,2023-04-08,2023-04-09,2023-04-11,2023-04-11,1,1,fixed36_0043,-0.8715013712,0.01010630946,0.01920808347,0,temporal_sigmoid
weighted_svc,S2,2023,2023-04-09,2023-04-03,2023-04-09,2023-04-10,2023-04-12,2023-04-12,1,1,fixed36_0043,-0.1529545372,0.02597502381,0.01920808347,1,temporal_sigmoid
weighted_svc,S2,2023,2023-04-10,2023-04-04,2023-04-10,2023-04-11,2023-04-13,2023-04-13,1,1,fixed36_0043,0.1231006586,0.03713221387,0.01920808347,1,temporal_sigmoid
weighted_svc,S2,2023,2023-04-11,2023-04-05,2023-04-11,2023-04-12,2023-04-14,2023-04-14,1,1,fixed36_0043,0.02168698726,0.03257974818,0.01920808347,1,temporal_sigmoid
weighted_svc,S2,2023,2023-04-12,2023-04-06,2023-04-12,2023-04-13,2023-04-15,2023-04-15,1,1,fixed36_0043,0.2022795116,0.04110582394,0.01920808347,1,temporal_sigmoid
weighted_svc,S2,2023,2023-04-13,2023-04-07,2023-04-13,2023-04-14,2023-04-16,2023-04-16,1,1,fixed36_0043,-0.08177437674,0.02849302329,0.01920808347,1,temporal_sigmoid
weighted_svc,S2,2023,2023-04-14,2023-04-08,2023-04-14,2023-04-15,2023-04-17,2023-04-17,1,1,fixed36_0043,-0.4874801041,0.01676918365,0.01920808347,0,temporal_sigmoid
weighted_svc,S2,2023,2023-04-15,2023-04-09,2023-04-15,2023-04-16,2023-04-18,2023-04-18,1,1,fixed36_0043,-0.694403793,0.01277010015,0.01920808347,0,temporal_sigmoid
weighted_svc,S2,2023,2023-04-16,2023-04-10,2023-04-16,2023-04-17,2023-04-19,2023-04-19,1,1,fixed36_0043,-0.5151652677,0.01617001575,0.01920808347,0,temporal_sigmoid
weighted_svc,S2,2023,2023-04-17,2023-04-11,2023-04-17,2023-04-18,2023-04-20,2023-04-20,1,1,fixed36_0043,-0.5910766068,0.01463309025,0.01920808347,0,temporal_sigmoid
weighted_svc,S2,2023,2023-04-18,2023-04-12,2023-04-18,2023-04-19,2023-04-21,2023-04-21,1,0,,-0.3219276425,0.02083457748,0.01920808347,1,temporal_sigmoid
weighted_svc,S2,2023,2023-04-19,2023-04-13,2023-04-19,2023-04-20,2023-04-22,2023-04-22,1,0,,-0.01980626005,0.03087681361,0.01920808347,1,temporal_sigmoid
weighted_svc,S2,2023,2023-04-20,2023-04-14,2023-04-20,2023-04-21,2023-04-23,2023-04-23,1,0,,0.2950430929,0.04627919684,0.01920808347,1,temporal_sigmoid
weighted_svc,S2,2023,2023-04-21,2023-04-15,2023-04-21,2023-04-22,2023-04-24,2023-04-24,1,0,,1.483895748,0.1919931904,0.01920808347,1,temporal_sigmoid
weighted_svc,S2,2023,2023-04-22,2023-04-16,2023-04-22,2023-04-23,2023-04-25,2023-04-25,1,0,,1.367405677,0.168994975,0.01920808347,1,temporal_sigmoid
weighted_svc,S2,2023,2023-04-23,2023-04-17,2023-04-23,2023-04-24,2023-04-26,2023-04-26,1,0,,-2.574596282,0.001047662178,0.01920808347,0,temporal_sigmoid
weighted_svc,S2,2023,2023-04-24,2023-04-18,2023-04-24,2023-04-25,2023-04-27,2023-04-27,1,0,,-0.09164737745,0.02813010237,0.01920808347,1,temporal_sigmoid
weighted_svc,S2,2023,2023-04-25,2023-04-19,2023-04-25,2023-04-26,2023-04-28,2023-04-28,1,0,,0.9940467005,0.1099104313,0.01920808347,1,temporal_sigmoid
weighted_svc,S2,2023,2023-04-26,2023-04-20,2023-04-26,2023-04-27,2023-04-29,2023-04-29,1,0,,1.811076658,0.2689561396,0.01920808347,1,temporal_sigmoid
weighted_svc,S2,2023,2023-04-27,2023-04-21,2023-04-27,2023-04-28,2023-04-30,2023-04-30,1,0,,0.9094530557,0.09932993804,0.01920808347,1,temporal_sigmoid
weighted_svc,S2,2023,2023-04-28,2023-04-22,2023-04-28,2023-04-29,2023-05-01,2023-05-01,1,0,,1.144439601,0.1311648553,0.01920808347,1,temporal_sigmoid
weighted_svc,S2,2023,2023-04-29,2023-04-23,2023-04-29,2023-04-30,2023-05-02,2023-05-02,1,0,,0.322228748,0.04790921964,0.01920808347,1,temporal_sigmoid
weighted_svc,S2,2023,2023-04-30,2023-04-24,2023-04-30,2023-05-01,2023-05-03,2023-05-03,1,0,,0.2870325286,0.0458090433,0.01920808347,1,temporal_sigmoid
weighted_svc,S2,2023,2023-05-01,2023-04-25,2023-05-01,2023-05-02,2023-05-04,2023-05-04,1,0,,0.05831706701,0.03415823552,0.01920808347,1,temporal_sigmoid
weighted_svc,S2,2023,2023-05-02,2023-04-26,2023-05-02,2023-05-03,2023-05-05,2023-05-05,1,0,,2.017112907,0.3263774219,0.01920808347,1,temporal_sigmoid
weighted_svc,S2,2023,2023-05-03,2023-04-27,2023-05-03,2023-05-04,2023-05-06,2023-05-06,1,0,,0.5567593146,0.06440640162,0.01920808347,1,temporal_sigmoid
weighted_svc,S2,2023,2023-05-04,2023-04-28,2023-05-04,2023-05-05,2023-05-07,2023-05-07,1,0,,-0.8719394723,0.01010045471,0.01920808347,0,temporal_sigmoid
weighted_svc,S2,2023,2023-05-05,2023-04-29,2023-05-05,2023-05-06,2023-05-08,2023-05-08,1,1,fixed36_0044,0.6221938121,0.06988005212,0.01920808347,1,temporal_sigmoid
weighted_svc,S2,2023,2023-05-06,2023-04-30,2023-05-06,2023-05-07,2023-05-09,2023-05-09,1,1,fixed36_0044,1.454196675,0.1859119954,0.01920808347,1,temporal_sigmoid
weighted_svc,S2,2023,2023-05-07,2023-05-01,2023-05-07,2023-05-08,2023-05-10,2023-05-10,1,1,fixed36_0044,1.814469754,0.2698485265,0.01920808347,1,temporal_sigmoid
weighted_svc,S2,2023,2023-05-08,2023-05-02,2023-05-08,2023-05-09,2023-05-11,2023-05-11,1,1,fixed36_0044,1.018769242,0.1131841124,0.01920808347,1,temporal_sigmoid
weighted_svc,S2,2023,2023-05-09,2023-05-03,2023-05-09,2023-05-10,2023-05-12,2023-05-12,1,1,fixed36_0044,-0.2182969305,0.02385509416,0.01920808347,1,temporal_sigmoid
weighted_svc,S2,2023,2023-05-10,2023-05-04,2023-05-10,2023-05-11,2023-05-13,2023-05-13,1,0,,-0.6760150754,0.01308360941,0.01920808347,0,temporal_sigmoid
weighted_svc,S2,2023,2023-05-11,2023-05-05,2023-05-11,2023-05-12,2023-05-14,2023-05-14,1,0,,-0.5353043529,0.01574744047,0.01920808347,0,temporal_sigmoid
weighted_svc,S2,2023,2023-05-12,2023-05-06,2023-05-12,2023-05-13,2023-05-15,2023-05-15,1,0,,-0.8160957661,0.01087446808,0.01920808347,0,temporal_sigmoid
weighted_svc,S2,2023,2023-05-13,2023-05-07,2023-05-13,2023-05-14,2023-05-16,2023-05-16,1,0,,2.495091226,0.4785302878,0.01920808347,1,temporal_sigmoid
weighted_svc,S2,2023,2023-05-14,2023-05-08,2023-05-14,2023-05-15,2023-05-17,2023-05-17,1,0,,-0.4588457681,0.01741184654,0.01920808347,0,temporal_sigmoid
weighted_svc,S2,2023,2023-05-15,2023-05-09,2023-05-15,2023-05-16,2023-05-18,2023-05-18,1,0,,1.429642042,0.1809972757,0.01920808347,1,temporal_sigmoid
weighted_svc,S2,2023,2023-05-16,2023-05-10,2023-05-16,2023-05-17,2023-05-19,2023-05-19,1,0,,0.2888643707,0.04591615457,0.01920808347,1,temporal_sigmoid
weighted_svc,S2,2023,2023-05-17,2023-05-11,2023-05-17,2023-05-18,2023-05-20,2023-05-20,1,0,,-2.045931721,0.002121021688,0.01920808347,0,temporal_sigmoid
weighted_svc,S2,2023,2023-05-18,2023-05-12,2023-05-18,2023-05-19,2023-05-21,2023-05-21,1,0,,-3.510919014,0.0003000448903,0.01920808347,0,temporal_sigmoid
weighted_svc,S2,2023,2023-05-19,2023-05-13,2023-05-19,2023-05-20,2023-05-22,2023-05-22,1,0,,-1.698279259,0.003370915898,0.01920808347,0,temporal_sigmoid
weighted_svc,S2,2023,2023-05-20,2023-05-14,2023-05-20,2023-05-21,2023-05-23,2023-05-23,1,0,,-0.9201328176,0.009476487223,0.01920808347,0,temporal_sigmoid
weighted_svc,S2,2023,2023-05-21,2023-05-15,2023-05-21,2023-05-22,2023-05-24,2023-05-24,1,0,,-0.4472503698,0.01767891987,0.01920808347,0,temporal_sigmoid
weighted_svc,S2,2023,2023-05-22,2023-05-16,2023-05-22,2023-05-23,2023-05-25,2023-05-25,1,0,,-1.247256197,0.006141483892,0.01920808347,0,temporal_sigmoid
weighted_svc,S2,2023,2023-05-23,2023-05-17,2023-05-23,2023-05-24,2023-05-26,2023-05-26,1,0,,-4.508188569,7.916879417e-05,0.01920808347,0,temporal_sigmoid
weighted_svc,S2,2023,2023-05-24,2023-05-18,2023-05-24,2023-05-25,2023-05-27,2023-05-27,1,0,,-5.6138048,1.807080378e-05,0.01920808347,0,temporal_sigmoid
weighted_svc,S2,2023,2023-05-25,2023-05-19,2023-05-25,2023-05-26,2023-05-28,2023-05-28,1,0,,-4.031931368,0.0001495896434,0.01920808347,0,temporal_sigmoid
weighted_svc,S2,2023,2023-05-26,2023-05-20,2023-05-26,2023-05-27,2023-05-29,2023-05-29,1,0,,-4.407330155,9.058962967e-05,0.01920808347,0,temporal_sigmoid
weighted_svc,S2,2023,2023-05-27,2023-05-21,2023-05-27,2023-05-28,2023-05-30,2023-05-30,1,0,,-4.164317079,0.0001253392107,0.01920808347,0,temporal_sigmoid
weighted_svc,S2,2023,2023-05-28,2023-05-22,2023-05-28,2023-05-29,2023-05-31,2023-05-31,1,0,,-2.371034648,0.001374701654,0.01920808347,0,temporal_sigmoid
weighted_svc,S2,2023,2023-05-29,2023-05-23,2023-05-29,2023-05-30,2023-06-01,2023-06-01,1,1,fixed36_0045,-1.63168775,0.003683456949,0.01920808347,0,temporal_sigmoid
weighted_svc,S2,2023,2023-05-30,2023-05-24,2023-05-30,2023-05-31,2023-06-02,2023-06-02,1,1,fixed36_0045,-1.876490043,0.002658522056,0.01920808347,0,temporal_sigmoid
weighted_svc,S2,2023,2023-05-31,2023-05-25,2023-05-31,2023-06-01,2023-06-03,2023-06-03,1,1,fixed36_0045,-1.804622634,0.002925697881,0.01920808347,0,temporal_sigmoid
weighted_svc,S2,2023,2023-06-01,2023-05-26,2023-06-01,2023-06-02,2023-06-04,2023-06-04,1,1,fixed36_0045,-2.261240053,0.001591583099,0.01920808347,0,temporal_sigmoid
weighted_svc,S2,2023,2023-06-02,2023-05-27,2023-06-02,2023-06-03,2023-06-05,2023-06-05,1,1,fixed36_0045,-1.930041582,0.002475388506,0.01920808347,0,temporal_sigmoid
weighted_svc,S2,2023,2023-06-03,2023-05-28,2023-06-03,2023-06-04,2023-06-06,2023-06-06,1,1,fixed36_0045,-1.913721739,0.002529823845,0.01920808347,0,temporal_sigmoid
weighted_svc,S2,2023,2023-06-04,2023-05-29,2023-06-04,2023-06-05,2023-06-07,2023-06-07,1,0,,-1.688148015,0.003416703198,0.01920808347,0,temporal_sigmoid
weighted_svc,S2,2023,2023-06-05,2023-05-30,2023-06-05,2023-06-06,2023-06-08,2023-06-08,1,0,,-1.557491468,0.004065799375,0.01920808347,0,temporal_sigmoid
weighted_svc,S2,2023,2023-06-06,2023-05-31,2023-06-06,2023-06-07,2023-06-09,2023-06-09,1,0,,-1.53912811,0.004166377078,0.01920808347,0,temporal_sigmoid
weighted_svc,S2,2023,2023-06-07,2023-06-01,2023-06-07,2023-06-08,2023-06-10,2023-06-10,1,0,,-1.496673081,0.004408493062,0.01920808347,0,temporal_sigmoid
weighted_svc,S2,2023,2023-06-08,2023-06-02,2023-06-08,2023-06-09,2023-06-11,2023-06-11,1,0,,-2.674460275,0.0009169080129,0.01920808347,0,temporal_sigmoid
weighted_svc,S2,2023,2023-06-09,2023-06-03,2023-06-09,2023-06-10,2023-06-12,2023-06-12,1,0,,-3.228827881,0.0004373484976,0.01920808347,0,temporal_sigmoid
weighted_svc,S2,2023,2023-06-10,2023-06-04,2023-06-10,2023-06-11,2023-06-13,2023-06-13,1,0,,-3.349476713,0.0003722561442,0.01920808347,0,temporal_sigmoid
weighted_svc,S2,2023,2023-06-11,2023-06-05,2023-06-11,2023-06-12,2023-06-14,2023-06-14,1,0,,-3.358898122,0.0003676008731,0.01920808347,0,temporal_sigmoid
weighted_svc,S2,2023,2023-06-12,2023-06-06,2023-06-12,2023-06-13,2023-06-15,2023-06-15,1,0,,-3.133524716,0.0004967152312,0.01920808347,0,temporal_sigmoid
weighted_svc,S2,2023,2023-06-13,2023-06-07,2023-06-13,2023-06-14,2023-06-16,2023-06-16,1,0,,-3.705996615,0.000231211875,0.01920808347,0,temporal_sigmoid
weighted_svc,S2,2023,2023-06-14,2023-06-08,2023-06-14,2023-06-15,2023-06-17,2023-06-17,1,0,,-3.257140763,0.0004211185447,0.01920808347,0,temporal_sigmoid
weighted_svc,S2,2023,2023-06-15,2023-06-09,2023-06-15,2023-06-16,2023-06-18,2023-06-18,1,0,,-3.169972491,0.0004731149009,0.01920808347,0,temporal_sigmoid
weighted_svc,S2,2023,2023-06-16,2023-06-10,2023-06-16,2023-06-17,2023-06-19,2023-06-19,1,0,,-2.588613962,0.001028241366,0.01920808347,0,temporal_sigmoid
weighted_svc,S2,2023,2023-06-17,2023-06-11,2023-06-17,2023-06-18,2023-06-20,2023-06-20,1,0,,-2.736489963,0.0008440357278,0.01920808347,0,temporal_sigmoid
weighted_svc,S2,2023,2023-06-18,2023-06-12,2023-06-18,2023-06-19,2023-06-21,2023-06-21,1,0,,-4.113672011,0.0001341136921,0.01920808347,0,temporal_sigmoid
weighted_svc,S2,2023,2023-06-19,2023-06-13,2023-06-19,2023-06-20,2023-06-22,2023-06-22,1,0,,-3.686266315,0.0002373871443,0.01920808347,0,temporal_sigmoid
weighted_svc,S2,2023,2023-06-20,2023-06-14,2023-06-20,2023-06-21,2023-06-23,2023-06-23,1,0,,-2.897045273,0.0006811759944,0.01920808347,0,temporal_sigmoid
weighted_svc,S2,2023,2023-06-21,2023-06-15,2023-06-21,2023-06-22,2023-06-24,2023-06-24,1,0,,-3.464746322,0.0003191336066,0.01920808347,0,temporal_sigmoid
weighted_svc,S2,2023,2023-06-22,2023-06-16,2023-06-22,2023-06-23,2023-06-25,2023-06-25,1,0,,-4.066024442,0.0001429288099,0.01920808347,0,temporal_sigmoid
weighted_svc,S2,2023,2023-06-23,2023-06-17,2023-06-23,2023-06-24,2023-06-26,2023-06-26,1,0,,-3.913722127,0.0001751816972,0.01920808347,0,temporal_sigmoid
weighted_svc,S2,2023,2023-06-24,2023-06-18,2023-06-24,2023-06-25,2023-06-27,2023-06-27,1,0,,-4.032868511,0.0001494024681,0.01920808347,0,temporal_sigmoid
weighted_svc,S2,2023,2023-06-25,2023-06-19,2023-06-25,2023-06-26,2023-06-28,2023-06-28,1,0,,-4.22199514,0.0001160431968,0.01920808347,0,temporal_sigmoid
weighted_svc,S2,2023,2023-06-26,2023-06-20,2023-06-26,2023-06-27,2023-06-29,2023-06-29,1,0,,-5.20991091,3.09996359e-05,0.01920808347,0,temporal_sigmoid
weighted_svc,S2,2023,2023-06-27,2023-06-21,2023-06-27,2023-06-28,2023-06-30,2023-06-30,1,0,,-5.353993281,2.557090661e-05,0.01920808347,0,temporal_sigmoid
weighted_svc,S2,2024,2024-02-29,2024-02-23,2024-02-29,2024-03-01,2024-03-03,2024-03-03,1,0,,-4.322741046,0.0001383946817,0.01353678266,0,temporal_sigmoid
weighted_svc,S2,2024,2024-03-01,2024-02-24,2024-03-01,2024-03-02,2024-03-04,2024-03-04,1,0,,-4.030513201,0.0002103718661,0.01353678266,0,temporal_sigmoid
weighted_svc,S2,2024,2024-03-02,2024-02-25,2024-03-02,2024-03-03,2024-03-05,2024-03-05,1,0,,-3.672389607,0.0003514335592,0.01353678266,0,temporal_sigmoid
weighted_svc,S2,2024,2024-03-03,2024-02-26,2024-03-03,2024-03-04,2024-03-06,2024-03-06,1,0,,-4.120772022,0.0001848487136,0.01353678266,0,temporal_sigmoid
weighted_svc,S2,2024,2024-03-04,2024-02-27,2024-03-04,2024-03-05,2024-03-07,2024-03-07,1,0,,-5.165657414,4.135058135e-05,0.01353678266,0,temporal_sigmoid
weighted_svc,S2,2024,2024-03-05,2024-02-28,2024-03-05,2024-03-06,2024-03-08,2024-03-08,1,0,,-3.680941938,0.0003471535611,0.01353678266,0,temporal_sigmoid
weighted_svc,S2,2024,2024-03-06,2024-02-29,2024-03-06,2024-03-07,2024-03-09,2024-03-09,1,0,,-4.159917217,0.0001747650467,0.01353678266,0,temporal_sigmoid
weighted_svc,S2,2024,2024-03-07,2024-03-01,2024-03-07,2024-03-08,2024-03-10,2024-03-10,1,0,,-4.394260141,0.0001249129984,0.01353678266,0,temporal_sigmoid
weighted_svc,S2,2024,2024-03-08,2024-03-02,2024-03-08,2024-03-09,2024-03-11,2024-03-11,1,0,,-4.058266571,0.0002021696313,0.01353678266,0,temporal_sigmoid
weighted_svc,S2,2024,2024-03-09,2024-03-03,2024-03-09,2024-03-10,2024-03-12,2024-03-12,1,0,,-3.933683902,0.0002416830637,0.01353678266,0,temporal_sigmoid
weighted_svc,S2,2024,2024-03-10,2024-03-04,2024-03-10,2024-03-11,2024-03-13,2024-03-13,1,0,,-3.606289615,0.0003863425351,0.01353678266,0,temporal_sigmoid
weighted_svc,S2,2024,2024-03-11,2024-03-05,2024-03-11,2024-03-12,2024-03-14,2024-03-14,1,0,,-3.054797512,0.0008512381919,0.01353678266,0,temporal_sigmoid
weighted_svc,S2,2024,2024-03-12,2024-03-06,2024-03-12,2024-03-13,2024-03-15,2024-03-15,1,0,,-2.934166765,0.001011739926,0.01353678266,0,temporal_sigmoid
weighted_svc,S2,2024,2024-03-13,2024-03-07,2024-03-13,2024-03-14,2024-03-16,2024-03-16,1,0,,-2.378996965,0.002239261064,0.01353678266,0,temporal_sigmoid
weighted_svc,S2,2024,2024-03-14,2024-03-08,2024-03-14,2024-03-15,2024-03-17,2024-03-17,1,0,,-3.727915054,0.0003245582516,0.01353678266,0,temporal_sigmoid
weighted_svc,S2,2024,2024-03-15,2024-03-09,2024-03-15,2024-03-16,2024-03-18,2024-03-18,1,0,,-2.527497217,0.001810739852,0.01353678266,0,temporal_sigmoid
weighted_svc,S2,2024,2024-03-16,2024-03-10,2024-03-16,2024-03-17,2024-03-19,2024-03-19,1,0,,-2.477106992,0.001946090173,0.01353678266,0,temporal_sigmoid
weighted_svc,S2,2024,2024-03-17,2024-03-11,2024-03-17,2024-03-18,2024-03-20,2024-03-20,1,0,,-2.03846159,0.003643025483,0.01353678266,0,temporal_sigmoid
weighted_svc,S2,2024,2024-03-18,2024-03-12,2024-03-18,2024-03-19,2024-03-21,2024-03-21,1,0,,-2.227226234,0.002781886221,0.01353678266,0,temporal_sigmoid
weighted_svc,S2,2024,2024-03-19,2024-03-13,2024-03-19,2024-03-20,2024-03-22,2024-03-22,1,0,,-2.672108927,0.001472273847,0.01353678266,0,temporal_sigmoid
weighted_svc,S2,2024,2024-03-20,2024-03-14,2024-03-20,2024-03-21,2024-03-23,2024-03-23,1,0,,-4.571847046,9.684550244e-05,0.01353678266,0,temporal_sigmoid
weighted_svc,S2,2024,2024-03-21,2024-03-15,2024-03-21,2024-03-22,2024-03-24,2024-03-24,1,0,,-4.136987086,0.0001806030509,0.01353678266,0,temporal_sigmoid
weighted_svc,S2,2024,2024-03-22,2024-03-16,2024-03-22,2024-03-23,2024-03-25,2024-03-25,1,0,,-3.769247601,0.0003058954335,0.01353678266,0,temporal_sigmoid
weighted_svc,S2,2024,2024-03-23,2024-03-17,2024-03-23,2024-03-24,2024-03-26,2024-03-26,1,0,,-3.590345098,0.0003952696207,0.01353678266,0,temporal_sigmoid
weighted_svc,S2,2024,2024-03-24,2024-03-18,2024-03-24,2024-03-25,2024-03-27,2024-03-27,1,0,,-3.764732457,0.000307880808,0.01353678266,0,temporal_sigmoid
weighted_svc,S2,2024,2024-03-25,2024-03-19,2024-03-25,2024-03-26,2024-03-28,2024-03-28,1,0,,-3.212759175,0.0006788933042,0.01353678266,0,temporal_sigmoid
weighted_svc,S2,2024,2024-03-26,2024-03-20,2024-03-26,2024-03-27,2024-03-29,2024-03-29,1,0,,-2.413556955,0.002131275494,0.01353678266,0,temporal_sigmoid
weighted_svc,S2,2024,2024-03-27,2024-03-21,2024-03-27,2024-03-28,2024-03-30,2024-03-30,1,0,,-2.758201687,0.001301588527,0.01353678266,0,temporal_sigmoid
weighted_svc,S2,2024,2024-03-28,2024-03-22,2024-03-28,2024-03-29,2024-03-31,2024-03-31,1,0,,-3.906790221,0.0002511783923,0.01353678266,0,temporal_sigmoid
weighted_svc,S2,2024,2024-03-29,2024-03-23,2024-03-29,2024-03-30,2024-04-01,2024-04-01,1,0,,-3.388591805,0.0005277385336,0.01353678266,0,temporal_sigmoid
weighted_svc,S2,2024,2024-03-30,2024-03-24,2024-03-30,2024-03-31,2024-04-02,2024-04-02,1,0,,-3.059956195,0.000844972862,0.01353678266,0,temporal_sigmoid
weighted_svc,S2,2024,2024-03-31,2024-03-25,2024-03-31,2024-04-01,2024-04-03,2024-04-03,1,0,,-2.341056952,0.00236410328,0.01353678266,0,temporal_sigmoid
weighted_svc,S2,2024,2024-04-01,2024-03-26,2024-04-01,2024-04-02,2024-04-04,2024-04-04,1,0,,-0.8167909904,0.02062689705,0.01353678266,1,temporal_sigmoid
weighted_svc,S2,2024,2024-04-02,2024-03-27,2024-04-02,2024-04-03,2024-04-05,2024-04-05,1,0,,-0.380311071,0.03787961091,0.01353678266,1,temporal_sigmoid
weighted_svc,S2,2024,2024-04-03,2024-03-28,2024-04-03,2024-04-04,2024-04-06,2024-04-06,1,0,,-0.1235080126,0.05382647843,0.01353678266,1,temporal_sigmoid
weighted_svc,S2,2024,2024-04-04,2024-03-29,2024-04-04,2024-04-05,2024-04-07,2024-04-07,1,0,,-0.3150397697,0.04144039166,0.01353678266,1,temporal_sigmoid
weighted_svc,S2,2024,2024-04-05,2024-03-30,2024-04-05,2024-04-06,2024-04-08,2024-04-08,1,0,,-0.8946550124,0.01848901686,0.01353678266,1,temporal_sigmoid
weighted_svc,S2,2024,2024-04-06,2024-03-31,2024-04-06,2024-04-07,2024-04-09,2024-04-09,1,0,,0.844195883,0.1854746958,0.01353678266,1,temporal_sigmoid
weighted_svc,S2,2024,2024-04-07,2024-04-01,2024-04-07,2024-04-08,2024-04-10,2024-04-10,1,0,,-1.36348987,0.009528633671,0.01353678266,0,temporal_sigmoid
weighted_svc,S2,2024,2024-04-08,2024-04-02,2024-04-08,2024-04-09,2024-04-11,2024-04-11,1,0,,-0.9984787943,0.01597347945,0.01353678266,1,temporal_sigmoid
weighted_svc,S2,2024,2024-04-09,2024-04-03,2024-04-09,2024-04-10,2024-04-12,2024-04-12,1,0,,-0.1628424553,0.05102643846,0.01353678266,1,temporal_sigmoid
weighted_svc,S2,2024,2024-04-10,2024-04-04,2024-04-10,2024-04-11,2024-04-13,2024-04-13,1,0,,-1.690318832,0.005986099103,0.01353678266,0,temporal_sigmoid
weighted_svc,S2,2024,2024-04-11,2024-04-05,2024-04-11,2024-04-12,2024-04-14,2024-04-14,1,0,,-1.847337212,0.004785538296,0.01353678266,0,temporal_sigmoid
weighted_svc,S2,2024,2024-04-12,2024-04-06,2024-04-12,2024-04-13,2024-04-15,2024-04-15,1,0,,0.05749875168,0.06867453694,0.01353678266,1,temporal_sigmoid
weighted_svc,S2,2024,2024-04-13,2024-04-07,2024-04-13,2024-04-14,2024-04-16,2024-04-16,1,0,,1.015070257,0.2253460405,0.01353678266,1,temporal_sigmoid
weighted_svc,S2,2024,2024-04-14,2024-04-08,2024-04-14,2024-04-15,2024-04-17,2024-04-17,1,1,fixed36_0046,0.9840694686,0.2176844725,0.01353678266,1,temporal_sigmoid
weighted_svc,S2,2024,2024-04-15,2024-04-09,2024-04-15,2024-04-16,2024-04-18,2024-04-18,1,0,,1.846956738,0.48938465,0.01353678266,1,temporal_sigmoid
weighted_svc,S2,2024,2024-04-16,2024-04-10,2024-04-16,2024-04-17,2024-04-19,2024-04-19,1,0,,1.529098036,0.3780007633,0.01353678266,1,temporal_sigmoid
weighted_svc,S2,2024,2024-04-17,2024-04-11,2024-04-17,2024-04-18,2024-04-20,2024-04-20,1,0,,1.321993192,0.3111221862,0.01353678266,1,temporal_sigmoid
weighted_svc,S2,2024,2024-04-18,2024-04-12,2024-04-18,2024-04-19,2024-04-21,2024-04-21,1,1,fixed36_0047,0.5772423017,0.134435017,0.01353678266,1,temporal_sigmoid
weighted_svc,S2,2024,2024-04-19,2024-04-13,2024-04-19,2024-04-20,2024-04-22,2024-04-22,1,1,fixed36_0047,1.627094433,0.4115435401,0.01353678266,1,temporal_sigmoid
weighted_svc,S2,2024,2024-04-20,2024-04-14,2024-04-20,2024-04-21,2024-04-23,2024-04-23,1,1,fixed36_0047,1.939236848,0.5224333822,0.01353678266,1,temporal_sigmoid
weighted_svc,S2,2024,2024-04-21,2024-04-15,2024-04-21,2024-04-22,2024-04-24,2024-04-24,1,1,fixed36_0047,1.441774116,0.3490538466,0.01353678266,1,temporal_sigmoid
weighted_svc,S2,2024,2024-04-22,2024-04-16,2024-04-22,2024-04-23,2024-04-25,2024-04-25,1,1,fixed36_0047,1.221063369,0.2809938554,0.01353678266,1,temporal_sigmoid
weighted_svc,S2,2024,2024-04-23,2024-04-17,2024-04-23,2024-04-24,2024-04-26,2024-04-26,1,1,fixed36_0047,0.9851492488,0.2179481421,0.01353678266,1,temporal_sigmoid
weighted_svc,S2,2024,2024-04-24,2024-04-18,2024-04-24,2024-04-25,2024-04-27,2024-04-27,1,1,fixed36_0047,0.8125858241,0.1787275193,0.01353678266,1,temporal_sigmoid
weighted_svc,S2,2024,2024-04-25,2024-04-19,2024-04-25,2024-04-26,2024-04-28,2024-04-28,1,1,fixed36_0047,0.5331107729,0.1272435501,0.01353678266,1,temporal_sigmoid
weighted_svc,S2,2024,2024-04-26,2024-04-20,2024-04-26,2024-04-27,2024-04-29,2024-04-29,1,1,fixed36_0047,0.5397774147,0.1283084478,0.01353678266,1,temporal_sigmoid
weighted_svc,S2,2024,2024-04-27,2024-04-21,2024-04-27,2024-04-28,2024-04-30,2024-04-30,1,1,fixed36_0047,0.4076138807,0.1085707999,0.01353678266,1,temporal_sigmoid
weighted_svc,S2,2024,2024-04-28,2024-04-22,2024-04-28,2024-04-29,2024-05-01,2024-05-01,1,1,fixed36_0047,0.7024153041,0.1567124005,0.01353678266,1,temporal_sigmoid
weighted_svc,S2,2024,2024-04-29,2024-04-23,2024-04-29,2024-04-30,2024-05-02,2024-05-02,1,1,fixed36_0047,0.7114159701,0.1584247834,0.01353678266,1,temporal_sigmoid
weighted_svc,S2,2024,2024-04-30,2024-04-24,2024-04-30,2024-05-01,2024-05-03,2024-05-03,1,1,fixed36_0047,0.486730725,0.1200424392,0.01353678266,1,temporal_sigmoid
weighted_svc,S2,2024,2024-05-01,2024-04-25,2024-05-01,2024-05-02,2024-05-04,2024-05-04,1,0,,0.4521846375,0.1149098149,0.01353678266,1,temporal_sigmoid
weighted_svc,S2,2024,2024-05-02,2024-04-26,2024-05-02,2024-05-03,2024-05-05,2024-05-05,1,0,,0.1750582409,0.08026612122,0.01353678266,1,temporal_sigmoid
weighted_svc,S2,2024,2024-05-03,2024-04-27,2024-05-03,2024-05-04,2024-05-06,2024-05-06,1,0,,0.3463726916,0.1003629575,0.01353678266,1,temporal_sigmoid
weighted_svc,S2,2024,2024-05-04,2024-04-28,2024-05-04,2024-05-05,2024-05-07,2024-05-07,1,0,,1.102874161,0.2480698212,0.01353678266,1,temporal_sigmoid
weighted_svc,S2,2024,2024-05-05,2024-04-29,2024-05-05,2024-05-06,2024-05-08,2024-05-08,1,0,,-2.007830277,0.003805904696,0.01353678266,0,temporal_sigmoid
weighted_svc,S2,2024,2024-05-06,2024-04-30,2024-05-06,2024-05-07,2024-05-09,2024-05-09,1,0,,-3.103597361,0.0007937801328,0.01353678266,0,temporal_sigmoid
weighted_svc,S2,2024,2024-05-07,2024-05-01,2024-05-07,2024-05-08,2024-05-10,2024-05-10,1,0,,-2.743377931,0.001329501212,0.01353678266,0,temporal_sigmoid
weighted_svc,S2,2024,2024-05-08,2024-05-02,2024-05-08,2024-05-09,2024-05-11,2024-05-11,1,0,,-2.058698461,0.003539246751,0.01353678266,0,temporal_sigmoid
weighted_svc,S2,2024,2024-05-09,2024-05-03,2024-05-09,2024-05-10,2024-05-12,2024-05-12,1,0,,-0.9430798882,0.01727070679,0.01353678266,1,temporal_sigmoid
weighted_svc,S2,2024,2024-05-10,2024-05-04,2024-05-10,2024-05-11,2024-05-13,2024-05-13,1,0,,-0.1936792506,0.04892826462,0.01353678266,1,temporal_sigmoid
weighted_svc,S2,2024,2024-05-11,2024-05-05,2024-05-11,2024-05-12,2024-05-14,2024-05-14,1,0,,-1.819944856,0.00497620396,0.01353678266,0,temporal_sigmoid
weighted_svc,S2,2024,2024-05-12,2024-05-06,2024-05-12,2024-05-13,2024-05-15,2024-05-15,1,0,,-0.9872642621,0.01622810133,0.01353678266,1,temporal_sigmoid
weighted_svc,S2,2024,2024-05-13,2024-05-07,2024-05-13,2024-05-14,2024-05-16,2024-05-16,1,0,,-0.1710979158,0.05045652322,0.01353678266,1,temporal_sigmoid
weighted_svc,S2,2024,2024-05-14,2024-05-08,2024-05-14,2024-05-15,2024-05-17,2024-05-17,1,1,fixed36_0048,0.4646565961,0.1167404139,0.01353678266,1,temporal_sigmoid
weighted_svc,S2,2024,2024-05-15,2024-05-09,2024-05-15,2024-05-16,2024-05-18,2024-05-18,1,0,,1.469951058,0.3582849405,0.01353678266,1,temporal_sigmoid
weighted_svc,S2,2024,2024-05-16,2024-05-10,2024-05-16,2024-05-17,2024-05-19,2024-05-19,1,0,,2.048180943,0.5611767658,0.01353678266,1,temporal_sigmoid
weighted_svc,S2,2024,2024-05-17,2024-05-11,2024-05-17,2024-05-18,2024-05-20,2024-05-20,1,0,,1.802996604,0.473655873,0.01353678266,1,temporal_sigmoid
weighted_svc,S2,2024,2024-05-18,2024-05-12,2024-05-18,2024-05-19,2024-05-21,2024-05-21,1,0,,-0.7305910954,0.02327626396,0.01353678266,1,temporal_sigmoid
weighted_svc,S2,2024,2024-05-19,2024-05-13,2024-05-19,2024-05-20,2024-05-22,2024-05-22,1,0,,-1.323395274,0.01008656109,0.01353678266,0,temporal_sigmoid
weighted_svc,S2,2024,2024-05-20,2024-05-14,2024-05-20,2024-05-21,2024-05-23,2024-05-23,1,0,,-1.213149629,0.01179280679,0.01353678266,0,temporal_sigmoid
weighted_svc,S2,2024,2024-05-21,2024-05-15,2024-05-21,2024-05-22,2024-05-24,2024-05-24,1,0,,-0.07290951072,0.05764168651,0.01353678266,1,temporal_sigmoid
weighted_svc,S2,2024,2024-05-22,2024-05-16,2024-05-22,2024-05-23,2024-05-25,2024-05-25,1,1,fixed36_0049,-0.9582119233,0.01690643382,0.01353678266,1,temporal_sigmoid
weighted_svc,S2,2024,2024-05-23,2024-05-17,2024-05-23,2024-05-24,2024-05-26,2024-05-26,1,0,,1.007518388,0.2234621989,0.01353678266,1,temporal_sigmoid
weighted_svc,S2,2024,2024-05-24,2024-05-18,2024-05-24,2024-05-25,2024-05-27,2024-05-27,1,0,,1.11118848,0.2502993053,0.01353678266,1,temporal_sigmoid
weighted_svc,S2,2024,2024-05-25,2024-05-19,2024-05-25,2024-05-26,2024-05-28,2024-05-28,1,0,,0.6269244136,0.1429386456,0.01353678266,1,temporal_sigmoid
weighted_svc,S2,2024,2024-05-26,2024-05-20,2024-05-26,2024-05-27,2024-05-29,2024-05-29,1,0,,-0.588625429,0.02837957037,0.01353678266,1,temporal_sigmoid
weighted_svc,S2,2024,2024-05-27,2024-05-21,2024-05-27,2024-05-28,2024-05-30,2024-05-30,1,0,,-1.85328182,0.004745130499,0.01353678266,0,temporal_sigmoid
weighted_svc,S2,2024,2024-05-28,2024-05-22,2024-05-28,2024-05-29,2024-05-31,2024-05-31,1,0,,-1.767681498,0.005361197941,0.01353678266,0,temporal_sigmoid
weighted_svc,S2,2024,2024-05-29,2024-05-23,2024-05-29,2024-05-30,2024-06-01,2024-06-01,1,0,,-0.3693254837,0.03845763559,0.01353678266,1,temporal_sigmoid
weighted_svc,S2,2024,2024-05-30,2024-05-24,2024-05-30,2024-05-31,2024-06-02,2024-06-02,1,0,,-0.3729959291,0.03826357327,0.01353678266,1,temporal_sigmoid
weighted_svc,S2,2024,2024-05-31,2024-05-25,2024-05-31,2024-06-01,2024-06-03,2024-06-03,1,0,,-0.7663455898,0.02213924876,0.01353678266,1,temporal_sigmoid
weighted_svc,S2,2024,2024-06-01,2024-05-26,2024-06-01,2024-06-02,2024-06-04,2024-06-04,1,0,,-0.3598758198,0.03896161137,0.01353678266,1,temporal_sigmoid
weighted_svc,S2,2024,2024-06-02,2024-05-27,2024-06-02,2024-06-03,2024-06-05,2024-06-05,1,0,,-0.08259725801,0.05689207731,0.01353678266,1,temporal_sigmoid
weighted_svc,S2,2024,2024-06-03,2024-05-28,2024-06-03,2024-06-04,2024-06-06,2024-06-06,1,0,,-1.600688579,0.006801093327,0.01353678266,0,temporal_sigmoid
weighted_svc,S2,2024,2024-06-04,2024-05-29,2024-06-04,2024-06-05,2024-06-07,2024-06-07,1,0,,-2.215917772,0.002827213874,0.01353678266,0,temporal_sigmoid
weighted_svc,S2,2024,2024-06-05,2024-05-30,2024-06-05,2024-06-06,2024-06-08,2024-06-08,1,0,,-1.25440188,0.0111232969,0.01353678266,0,temporal_sigmoid
weighted_svc,S2,2024,2024-06-06,2024-05-31,2024-06-06,2024-06-07,2024-06-09,2024-06-09,1,0,,-2.456154992,0.002005298053,0.01353678266,0,temporal_sigmoid
weighted_svc,S2,2024,2024-06-07,2024-06-01,2024-06-07,2024-06-08,2024-06-10,2024-06-10,1,0,,-2.096838957,0.003351596801,0.01353678266,0,temporal_sigmoid
weighted_svc,S2,2024,2024-06-08,2024-06-02,2024-06-08,2024-06-09,2024-06-11,2024-06-11,1,0,,-1.824102641,0.004946784223,0.01353678266,0,temporal_sigmoid
weighted_svc,S2,2024,2024-06-09,2024-06-03,2024-06-09,2024-06-10,2024-06-12,2024-06-12,1,0,,-2.15808306,0.003070804955,0.01353678266,0,temporal_sigmoid
weighted_svc,S2,2024,2024-06-10,2024-06-04,2024-06-10,2024-06-11,2024-06-13,2024-06-13,1,0,,-2.176527298,0.002990930115,0.01353678266,0,temporal_sigmoid
weighted_svc,S2,2024,2024-06-11,2024-06-05,2024-06-11,2024-06-12,2024-06-14,2024-06-14,1,0,,-1.168159482,0.01256841919,0.01353678266,0,temporal_sigmoid
weighted_svc,S2,2024,2024-06-12,2024-06-06,2024-06-12,2024-06-13,2024-06-15,2024-06-15,1,0,,-1.690491246,0.00598462889,0.01353678266,0,temporal_sigmoid
weighted_svc,S2,2024,2024-06-13,2024-06-07,2024-06-13,2024-06-14,2024-06-16,2024-06-16,1,0,,-2.276030172,0.002594433819,0.01353678266,0,temporal_sigmoid
weighted_svc,S2,2024,2024-06-14,2024-06-08,2024-06-14,2024-06-15,2024-06-17,2024-06-17,1,0,,-2.366000847,0.00228126628,0.01353678266,0,temporal_sigmoid
weighted_svc,S2,2024,2024-06-15,2024-06-09,2024-06-15,2024-06-16,2024-06-18,2024-06-18,1,0,,-2.098191653,0.003345126844,0.01353678266,0,temporal_sigmoid
weighted_svc,S2,2024,2024-06-16,2024-06-10,2024-06-16,2024-06-17,2024-06-19,2024-06-19,1,0,,-1.835638153,0.004866064105,0.01353678266,0,temporal_sigmoid
weighted_svc,S2,2024,2024-06-17,2024-06-11,2024-06-17,2024-06-18,2024-06-20,2024-06-20,1,0,,-1.44798387,0.008451015999,0.01353678266,0,temporal_sigmoid
weighted_svc,S2,2024,2024-06-18,2024-06-12,2024-06-18,2024-06-19,2024-06-21,2024-06-21,1,0,,-3.138182311,0.0007554212934,0.01353678266,0,temporal_sigmoid
weighted_svc,S2,2024,2024-06-19,2024-06-13,2024-06-19,2024-06-20,2024-06-22,2024-06-22,1,0,,-4.254756623,0.0001525564905,0.01353678266,0,temporal_sigmoid
weighted_svc,S2,2024,2024-06-20,2024-06-14,2024-06-20,2024-06-21,2024-06-23,2024-06-23,1,0,,-4.277360427,0.0001476940111,0.01353678266,0,temporal_sigmoid
weighted_svc,S2,2024,2024-06-21,2024-06-15,2024-06-21,2024-06-22,2024-06-24,2024-06-24,1,0,,-4.178345105,0.000170210353,0.01353678266,0,temporal_sigmoid
weighted_svc,S2,2024,2024-06-22,2024-06-16,2024-06-22,2024-06-23,2024-06-25,2024-06-25,1,0,,-3.701848849,0.0003369088381,0.01353678266,0,temporal_sigmoid
weighted_svc,S2,2024,2024-06-23,2024-06-17,2024-06-23,2024-06-24,2024-06-26,2024-06-26,1,0,,-2.971258732,0.0009594082579,0.01353678266,0,temporal_sigmoid
weighted_svc,S2,2024,2024-06-24,2024-06-18,2024-06-24,2024-06-25,2024-06-27,2024-06-27,1,0,,-2.541455952,0.001774936876,0.01353678266,0,temporal_sigmoid
weighted_svc,S2,2024,2024-06-25,2024-06-19,2024-06-25,2024-06-26,2024-06-28,2024-06-28,1,0,,-2.585603756,0.001666287862,0.01353678266,0,temporal_sigmoid
weighted_svc,S2,2024,2024-06-26,2024-06-20,2024-06-26,2024-06-27,2024-06-29,2024-06-29,1,0,,-3.530241682,0.0004308140304,0.01353678266,0,temporal_sigmoid
weighted_svc,S2,2024,2024-06-27,2024-06-21,2024-06-27,2024-06-28,2024-06-30,2024-06-30,1,0,,-3.763749606,0.0003083146866,0.01353678266,0,temporal_sigmoid
xgboost,S2,2014,2014-02-28,2014-02-22,2014-02-28,2014-03-01,2014-03-03,2014-03-03,1,0,,0.003193966113,0.002078776124,0.02354311311,0,temporal_sigmoid
xgboost,S2,2014,2014-03-01,2014-02-23,2014-03-01,2014-03-02,2014-03-04,2014-03-04,1,0,,0.005188984331,0.002876638884,0.02354311311,0,temporal_sigmoid
xgboost,S2,2014,2014-03-02,2014-02-24,2014-03-02,2014-03-03,2014-03-05,2014-03-05,1,0,,0.006262749899,0.003263008649,0.02354311311,0,temporal_sigmoid
xgboost,S2,2014,2014-03-03,2014-02-25,2014-03-03,2014-03-04,2014-03-06,2014-03-06,1,0,,0.005685184617,0.00305813715,0.02354311311,0,temporal_sigmoid
xgboost,S2,2014,2014-03-04,2014-02-26,2014-03-04,2014-03-05,2014-03-07,2014-03-07,1,0,,0.006488546263,0.003341410876,0.02354311311,0,temporal_sigmoid
xgboost,S2,2014,2014-03-05,2014-02-27,2014-03-05,2014-03-06,2014-03-08,2014-03-08,1,0,,0.002626421396,0.00182377645,0.02354311311,0,temporal_sigmoid
xgboost,S2,2014,2014-03-06,2014-02-28,2014-03-06,2014-03-07,2014-03-09,2014-03-09,1,0,,0.002666693181,0.00184243297,0.02354311311,0,temporal_sigmoid
xgboost,S2,2014,2014-03-07,2014-03-01,2014-03-07,2014-03-08,2014-03-10,2014-03-10,1,0,,0.002093172865,0.001566974629,0.02354311311,0,temporal_sigmoid
xgboost,S2,2014,2014-03-08,2014-03-02,2014-03-08,2014-03-09,2014-03-11,2014-03-11,1,0,,0.001648775768,0.001335885741,0.02354311311,0,temporal_sigmoid
xgboost,S2,2014,2014-03-09,2014-03-03,2014-03-09,2014-03-10,2014-03-12,2014-03-12,1,0,,0.001471300959,0.001237960029,0.02354311311,0,temporal_sigmoid
xgboost,S2,2014,2014-03-10,2014-03-04,2014-03-10,2014-03-11,2014-03-13,2014-03-13,1,0,,0.001147027826,0.001048176234,0.02354311311,0,temporal_sigmoid
xgboost,S2,2014,2014-03-11,2014-03-05,2014-03-11,2014-03-12,2014-03-14,2014-03-14,1,0,,0.003630851163,0.002264973213,0.02354311311,0,temporal_sigmoid
xgboost,S2,2014,2014-03-12,2014-03-06,2014-03-12,2014-03-13,2014-03-15,2014-03-15,1,0,,0.003940841183,0.002392631971,0.02354311311,0,temporal_sigmoid
xgboost,S2,2014,2014-03-13,2014-03-07,2014-03-13,2014-03-14,2014-03-16,2014-03-16,1,0,,0.003294243943,0.00212221857,0.02354311311,0,temporal_sigmoid
xgboost,S2,2014,2014-03-14,2014-03-08,2014-03-14,2014-03-15,2014-03-17,2014-03-17,1,0,,0.003940841183,0.002392631971,0.02354311311,0,temporal_sigmoid
xgboost,S2,2014,2014-03-15,2014-03-09,2014-03-15,2014-03-16,2014-03-18,2014-03-18,1,0,,0.003940841183,0.002392631971,0.02354311311,0,temporal_sigmoid
xgboost,S2,2014,2014-03-16,2014-03-10,2014-03-16,2014-03-17,2014-03-19,2014-03-19,1,0,,0.003940841183,0.002392631971,0.02354311311,0,temporal_sigmoid
xgboost,S2,2014,2014-03-17,2014-03-11,2014-03-17,2014-03-18,2014-03-20,2014-03-20,1,0,,0.00808831118,0.003873717421,0.02354311311,0,temporal_sigmoid
xgboost,S2,2014,2014-03-18,2014-03-12,2014-03-18,2014-03-19,2014-03-21,2014-03-21,1,0,,0.00791767519,0.003818682277,0.02354311311,0,temporal_sigmoid
xgboost,S2,2014,2014-03-19,2014-03-13,2014-03-19,2014-03-20,2014-03-22,2014-03-22,1,0,,0.004484661855,0.002608906825,0.02354311311,0,temporal_sigmoid
xgboost,S2,2014,2014-03-20,2014-03-14,2014-03-20,2014-03-21,2014-03-23,2014-03-23,1,0,,0.005010136869,0.002809844935,0.02354311311,0,temporal_sigmoid
xgboost,S2,2014,2014-03-21,2014-03-15,2014-03-21,2014-03-22,2014-03-24,2014-03-24,1,0,,0.00656204205,0.00336673805,0.02354311311,0,temporal_sigmoid
xgboost,S2,2014,2014-03-22,2014-03-16,2014-03-22,2014-03-23,2014-03-25,2014-03-25,1,0,,0.003807001514,0.002337934995,0.02354311311,0,temporal_sigmoid
xgboost,S2,2014,2014-03-23,2014-03-17,2014-03-23,2014-03-24,2014-03-26,2014-03-26,1,0,,0.002276570303,0.001657495916,0.02354311311,0,temporal_sigmoid
xgboost,S2,2014,2014-03-24,2014-03-18,2014-03-24,2014-03-25,2014-03-27,2014-03-27,1,0,,0.001002029749,0.0009576511854,0.02354311311,0,temporal_sigmoid
xgboost,S2,2014,2014-03-25,2014-03-19,2014-03-25,2014-03-26,2014-03-28,2014-03-28,1,0,,0.002857074607,0.001929405764,0.02354311311,0,temporal_sigmoid
xgboost,S2,2014,2014-03-26,2014-03-20,2014-03-26,2014-03-27,2014-03-29,2014-03-29,1,0,,0.007991505787,0.003842541436,0.02354311311,0,temporal_sigmoid
xgboost,S2,2014,2014-03-27,2014-03-21,2014-03-27,2014-03-28,2014-03-30,2014-03-30,1,0,,0.07185851783,0.01719961194,0.02354311311,0,temporal_sigmoid
xgboost,S2,2014,2014-03-28,2014-03-22,2014-03-28,2014-03-29,2014-03-31,2014-03-31,1,0,,0.3543351293,0.06084174354,0.02354311311,1,temporal_sigmoid
xgboost,S2,2014,2014-03-29,2014-03-23,2014-03-29,2014-03-30,2014-04-01,2014-04-01,1,0,,0.3178633749,0.05488737745,0.02354311311,1,temporal_sigmoid
xgboost,S2,2014,2014-03-30,2014-03-24,2014-03-30,2014-03-31,2014-04-02,2014-04-02,1,0,,0.5550695062,0.1008423952,0.02354311311,1,temporal_sigmoid
xgboost,S2,2014,2014-03-31,2014-03-25,2014-03-31,2014-04-01,2014-04-03,2014-04-03,1,0,,0.5919650793,0.110362726,0.02354311311,1,temporal_sigmoid
xgboost,S2,2014,2014-04-01,2014-03-26,2014-04-01,2014-04-02,2014-04-04,2014-04-04,1,0,,0.5060577989,0.08951962453,0.02354311311,1,temporal_sigmoid
xgboost,S2,2014,2014-04-02,2014-03-27,2014-04-02,2014-04-03,2014-04-05,2014-04-05,1,0,,0.4909876287,0.08628973603,0.02354311311,1,temporal_sigmoid
xgboost,S2,2014,2014-04-03,2014-03-28,2014-04-03,2014-04-04,2014-04-06,2014-04-06,1,0,,0.08998206258,0.02019270185,0.02354311311,0,temporal_sigmoid
xgboost,S2,2014,2014-04-04,2014-03-29,2014-04-04,2014-04-05,2014-04-07,2014-04-07,1,0,,0.002681090264,0.001849080055,0.02354311311,0,temporal_sigmoid
xgboost,S2,2014,2014-04-05,2014-03-30,2014-04-05,2014-04-06,2014-04-08,2014-04-08,1,0,,0.002982929582,0.001985852486,0.02354311311,0,temporal_sigmoid
xgboost,S2,2014,2014-04-06,2014-03-31,2014-04-06,2014-04-07,2014-04-09,2014-04-09,1,0,,0.00245545269,0.001743495238,0.02354311311,0,temporal_sigmoid
xgboost,S2,2014,2014-04-07,2014-04-01,2014-04-07,2014-04-08,2014-04-10,2014-04-10,1,0,,0.03904193267,0.01124593307,0.02354311311,0,temporal_sigmoid
xgboost,S2,2014,2014-04-08,2014-04-02,2014-04-08,2014-04-09,2014-04-11,2014-04-11,1,0,,0.02201528288,0.007607081885,0.02354311311,0,temporal_sigmoid
xgboost,S2,2014,2014-04-09,2014-04-03,2014-04-09,2014-04-10,2014-04-12,2014-04-12,1,0,,0.005319799762,0.002925018485,0.02354311311,0,temporal_sigmoid
xgboost,S2,2014,2014-04-10,2014-04-04,2014-04-10,2014-04-11,2014-04-13,2014-04-13,1,0,,0.01056004129,0.004633550119,0.02354311311,0,temporal_sigmoid
xgboost,S2,2014,2014-04-11,2014-04-05,2014-04-11,2014-04-12,2014-04-14,2014-04-14,1,0,,0.4228213131,0.07285207267,0.02354311311,1,temporal_sigmoid
xgboost,S2,2014,2014-04-12,2014-04-06,2014-04-12,2014-04-13,2014-04-15,2014-04-15,1,0,,0.04010438919,0.01145558128,0.02354311311,0,temporal_sigmoid
xgboost,S2,2014,2014-04-13,2014-04-07,2014-04-13,2014-04-14,2014-04-16,2014-04-16,1,0,,0.0506031625,0.01345297783,0.02354311311,0,temporal_sigmoid
xgboost,S2,2014,2014-04-14,2014-04-08,2014-04-14,2014-04-15,2014-04-17,2014-04-17,1,0,,0.1427126676,0.02836255704,0.02354311311,1,temporal_sigmoid
xgboost,S2,2014,2014-04-15,2014-04-09,2014-04-15,2014-04-16,2014-04-18,2014-04-18,1,0,,0.2865218818,0.04995368203,0.02354311311,1,temporal_sigmoid
xgboost,S2,2014,2014-04-16,2014-04-10,2014-04-16,2014-04-17,2014-04-19,2014-04-19,1,0,,0.5383844972,0.09683484652,0.02354311311,1,temporal_sigmoid
xgboost,S2,2014,2014-04-17,2014-04-11,2014-04-17,2014-04-18,2014-04-20,2014-04-20,1,0,,0.3917586505,0.06725083775,0.02354311311,1,temporal_sigmoid
xgboost,S2,2014,2014-04-18,2014-04-12,2014-04-18,2014-04-19,2014-04-21,2014-04-21,1,0,,0.4811645746,0.08424013553,0.02354311311,1,temporal_sigmoid
xgboost,S2,2014,2014-04-19,2014-04-13,2014-04-19,2014-04-20,2014-04-22,2014-04-22,1,1,fixed36_0035,0.5016704202,0.08856823816,0.02354311311,1,temporal_sigmoid
xgboost,S2,2014,2014-04-20,2014-04-14,2014-04-20,2014-04-21,2014-04-23,2014-04-23,1,1,fixed36_0035,0.9110696316,0.3141573924,0.02354311311,1,temporal_sigmoid
xgboost,S2,2014,2014-04-21,2014-04-15,2014-04-21,2014-04-22,2014-04-24,2014-04-24,1,1,fixed36_0035,0.9113254547,0.31461281,0.02354311311,1,temporal_sigmoid
xgboost,S2,2014,2014-04-22,2014-04-16,2014-04-22,2014-04-23,2014-04-25,2014-04-25,1,1,fixed36_0035,0.8856167793,0.2752994386,0.02354311311,1,temporal_sigmoid
xgboost,S2,2014,2014-04-23,2014-04-17,2014-04-23,2014-04-24,2014-04-26,2014-04-26,1,1,fixed36_0035,0.8852693439,0.2748429837,0.02354311311,1,temporal_sigmoid
xgboost,S2,2014,2014-04-24,2014-04-18,2014-04-24,2014-04-25,2014-04-27,2014-04-27,1,0,,0.8086955547,0.2022435456,0.02354311311,1,temporal_sigmoid
xgboost,S2,2014,2014-04-25,2014-04-19,2014-04-25,2014-04-26,2014-04-28,2014-04-28,1,0,,0.7514702082,0.1685040765,0.02354311311,1,temporal_sigmoid
xgboost,S2,2014,2014-04-26,2014-04-20,2014-04-26,2014-04-27,2014-04-29,2014-04-29,1,0,,0.4875324368,0.08556395291,0.02354311311,1,temporal_sigmoid
xgboost,S2,2014,2014-04-27,2014-04-21,2014-04-27,2014-04-28,2014-04-30,2014-04-30,1,0,,0.5213003755,0.09289950489,0.02354311311,1,temporal_sigmoid
xgboost,S2,2014,2014-04-28,2014-04-22,2014-04-28,2014-04-29,2014-05-01,2014-05-01,1,0,,0.3664318323,0.06287698028,0.02354311311,1,temporal_sigmoid
xgboost,S2,2014,2014-04-29,2014-04-23,2014-04-29,2014-04-30,2014-05-02,2014-05-02,1,0,,0.02399957925,0.008065918119,0.02354311311,0,temporal_sigmoid
xgboost,S2,2014,2014-04-30,2014-04-24,2014-04-30,2014-05-01,2014-05-03,2014-05-03,1,0,,0.04112977907,0.01165645587,0.02354311311,0,temporal_sigmoid
xgboost,S2,2014,2014-05-01,2014-04-25,2014-05-01,2014-05-02,2014-05-04,2014-05-04,1,0,,0.002470731502,0.001750743084,0.02354311311,0,temporal_sigmoid
xgboost,S2,2014,2014-05-02,2014-04-26,2014-05-02,2014-05-03,2014-05-05,2014-05-05,1,0,,0.00125651143,0.001114029689,0.02354311311,0,temporal_sigmoid
xgboost,S2,2014,2014-05-03,2014-04-27,2014-05-03,2014-05-04,2014-05-06,2014-05-06,1,0,,0.001033934648,0.0009779235172,0.02354311311,0,temporal_sigmoid
xgboost,S2,2014,2014-05-04,2014-04-28,2014-05-04,2014-05-05,2014-05-07,2014-05-07,1,0,,0.001127741067,0.001036363664,0.02354311311,0,temporal_sigmoid
xgboost,S2,2014,2014-05-05,2014-04-29,2014-05-05,2014-05-06,2014-05-08,2014-05-08,1,0,,0.0009413069929,0.0009184660591,0.02354311311,0,temporal_sigmoid
xgboost,S2,2014,2014-05-06,2014-04-30,2014-05-06,2014-05-07,2014-05-09,2014-05-09,1,0,,0.01796410605,0.006628630356,0.02354311311,0,temporal_sigmoid
xgboost,S2,2014,2014-05-07,2014-05-01,2014-05-07,2014-05-08,2014-05-10,2014-05-10,1,0,,0.001341422438,0.001163800814,0.02354311311,0,temporal_sigmoid
xgboost,S2,2014,2014-05-08,2014-05-02,2014-05-08,2014-05-09,2014-05-11,2014-05-11,1,0,,0.001037800219,0.0009803655207,0.02354311311,0,temporal_sigmoid
xgboost,S2,2014,2014-05-09,2014-05-03,2014-05-09,2014-05-10,2014-05-12,2014-05-12,1,0,,0.205844596,0.03776027897,0.02354311311,1,temporal_sigmoid
xgboost,S2,2014,2014-05-10,2014-05-04,2014-05-10,2014-05-11,2014-05-13,2014-05-13,1,0,,0.1734692156,0.03295608034,0.02354311311,1,temporal_sigmoid
xgboost,S2,2014,2014-05-11,2014-05-05,2014-05-11,2014-05-12,2014-05-14,2014-05-14,1,0,,0.007789221127,0.003776998584,0.02354311311,0,temporal_sigmoid
xgboost,S2,2014,2014-05-12,2014-05-06,2014-05-12,2014-05-13,2014-05-15,2014-05-15,1,1,fixed36_0036,0.03259341419,0.009936517774,0.02354311311,0,temporal_sigmoid
xgboost,S2,2014,2014-05-13,2014-05-07,2014-05-13,2014-05-14,2014-05-16,2014-05-16,1,1,fixed36_0036,0.3271356821,0.05637735866,0.02354311311,1,temporal_sigmoid
xgboost,S2,2014,2014-05-14,2014-05-08,2014-05-14,2014-05-15,2014-05-17,2014-05-17,1,0,,0.6429774761,0.1253683766,0.02354311311,1,temporal_sigmoid
xgboost,S2,2014,2014-05-15,2014-05-09,2014-05-15,2014-05-16,2014-05-18,2014-05-18,1,0,,0.08805302531,0.01988055321,0.02354311311,0,temporal_sigmoid
xgboost,S2,2014,2014-05-16,2014-05-10,2014-05-16,2014-05-17,2014-05-19,2014-05-19,1,0,,0.5193553567,0.0924615636,0.02354311311,1,temporal_sigmoid
xgboost,S2,2014,2014-05-17,2014-05-11,2014-05-17,2014-05-18,2014-05-20,2014-05-20,1,0,,0.3011364341,0.05223583309,0.02354311311,1,temporal_sigmoid
xgboost,S2,2014,2014-05-18,2014-05-12,2014-05-18,2014-05-19,2014-05-21,2014-05-21,1,0,,0.2989547849,0.05189321237,0.02354311311,1,temporal_sigmoid
xgboost,S2,2014,2014-05-19,2014-05-13,2014-05-19,2014-05-20,2014-05-22,2014-05-22,1,1,fixed36_0037,0.4027510285,0.06920116842,0.02354311311,1,temporal_sigmoid
xgboost,S2,2014,2014-05-20,2014-05-14,2014-05-20,2014-05-21,2014-05-23,2014-05-23,1,1,fixed36_0037,0.7298544049,0.1582235213,0.02354311311,1,temporal_sigmoid
xgboost,S2,2014,2014-05-21,2014-05-15,2014-05-21,2014-05-22,2014-05-24,2014-05-24,1,0,,0.6521081924,0.1283296088,0.02354311311,1,temporal_sigmoid
xgboost,S2,2014,2014-05-22,2014-05-16,2014-05-22,2014-05-23,2014-05-25,2014-05-25,1,0,,0.5178738832,0.09212932813,0.02354311311,1,temporal_sigmoid
xgboost,S2,2014,2014-05-23,2014-05-17,2014-05-23,2014-05-24,2014-05-26,2014-05-26,1,0,,0.7312040329,0.1588347141,0.02354311311,1,temporal_sigmoid
xgboost,S2,2014,2014-05-24,2014-05-18,2014-05-24,2014-05-25,2014-05-27,2014-05-27,1,0,,0.01297213323,0.005321461627,0.02354311311,0,temporal_sigmoid
xgboost,S2,2014,2014-05-25,2014-05-19,2014-05-25,2014-05-26,2014-05-28,2014-05-28,1,0,,0.003069294151,0.002024134031,0.02354311311,0,temporal_sigmoid
xgboost,S2,2014,2014-05-26,2014-05-20,2014-05-26,2014-05-27,2014-05-29,2014-05-29,1,0,,0.002652935917,0.001836070223,0.02354311311,0,temporal_sigmoid
xgboost,S2,2014,2014-05-27,2014-05-21,2014-05-27,2014-05-28,2014-05-30,2014-05-30,1,0,,0.0007753681275,0.0008068221352,0.02354311311,0,temporal_sigmoid
xgboost,S2,2014,2014-05-28,2014-05-22,2014-05-28,2014-05-29,2014-05-31,2014-05-31,1,0,,0.0003205982794,0.0004471790932,0.02354311311,0,temporal_sigmoid
xgboost,S2,2014,2014-05-29,2014-05-23,2014-05-29,2014-05-30,2014-06-01,2014-06-01,1,0,,0.00269812718,0.00185693076,0.02354311311,0,temporal_sigmoid
xgboost,S2,2014,2014-05-30,2014-05-24,2014-05-30,2014-05-31,2014-06-02,2014-06-02,1,0,,0.0009185479139,0.0009035650151,0.02354311311,0,temporal_sigmoid
xgboost,S2,2014,2014-05-31,2014-05-25,2014-05-31,2014-06-01,2014-06-03,2014-06-03,1,0,,0.0004202027339,0.0005357898239,0.02354311311,0,temporal_sigmoid
xgboost,S2,2014,2014-06-01,2014-05-26,2014-06-01,2014-06-02,2014-06-04,2014-06-04,1,0,,0.0003268963774,0.0004530301521,0.02354311311,0,temporal_sigmoid
xgboost,S2,2014,2014-06-02,2014-05-27,2014-06-02,2014-06-03,2014-06-05,2014-06-05,1,0,,0.000260263856,0.0003890248551,0.02354311311,0,temporal_sigmoid
xgboost,S2,2014,2014-06-03,2014-05-28,2014-06-03,2014-06-04,2014-06-06,2014-06-06,1,0,,0.0005344457459,0.000629196717,0.02354311311,0,temporal_sigmoid
xgboost,S2,2014,2014-06-04,2014-05-29,2014-06-04,2014-06-05,2014-06-07,2014-06-07,1,0,,0.001969040139,0.001504214274,0.02354311311,0,temporal_sigmoid
xgboost,S2,2014,2014-06-05,2014-05-30,2014-06-05,2014-06-06,2014-06-08,2014-06-08,1,0,,0.01024149917,0.004539123383,0.02354311311,0,temporal_sigmoid
xgboost,S2,2014,2014-06-06,2014-05-31,2014-06-06,2014-06-07,2014-06-09,2014-06-09,1,0,,0.0217209477,0.007537971784,0.02354311311,0,temporal_sigmoid
xgboost,S2,2014,2014-06-07,2014-06-01,2014-06-07,2014-06-08,2014-06-10,2014-06-10,1,0,,0.04911966249,0.01317802878,0.02354311311,0,temporal_sigmoid
xgboost,S2,2014,2014-06-08,2014-06-02,2014-06-08,2014-06-09,2014-06-11,2014-06-11,1,0,,0.1060323343,0.02274385764,0.02354311311,0,temporal_sigmoid
xgboost,S2,2014,2014-06-09,2014-06-03,2014-06-09,2014-06-10,2014-06-12,2014-06-12,1,0,,0.003689580597,0.002289425689,0.02354311311,0,temporal_sigmoid
xgboost,S2,2014,2014-06-10,2014-06-04,2014-06-10,2014-06-11,2014-06-13,2014-06-13,1,0,,0.003608223749,0.002255517477,0.02354311311,0,temporal_sigmoid
xgboost,S2,2014,2014-06-11,2014-06-05,2014-06-11,2014-06-12,2014-06-14,2014-06-14,1,0,,0.001335964422,0.001160633558,0.02354311311,0,temporal_sigmoid
xgboost,S2,2014,2014-06-12,2014-06-06,2014-06-12,2014-06-13,2014-06-15,2014-06-15,1,0,,0.01886609383,0.006851910313,0.02354311311,0,temporal_sigmoid
xgboost,S2,2014,2014-06-13,2014-06-07,2014-06-13,2014-06-14,2014-06-16,2014-06-16,1,0,,0.006657023448,0.003399333113,0.02354311311,0,temporal_sigmoid
xgboost,S2,2014,2014-06-14,2014-06-08,2014-06-14,2014-06-15,2014-06-17,2014-06-17,1,0,,0.001246557804,0.001108123465,0.02354311311,0,temporal_sigmoid
xgboost,S2,2014,2014-06-15,2014-06-09,2014-06-15,2014-06-16,2014-06-18,2014-06-18,1,0,,0.0007838184829,0.0008126877673,0.02354311311,0,temporal_sigmoid
xgboost,S2,2014,2014-06-16,2014-06-10,2014-06-16,2014-06-17,2014-06-19,2014-06-19,1,0,,0.005293421913,0.002915294718,0.02354311311,0,temporal_sigmoid
xgboost,S2,2014,2014-06-17,2014-06-11,2014-06-17,2014-06-18,2014-06-20,2014-06-20,1,0,,0.000842459267,0.0008528312773,0.02354311311,0,temporal_sigmoid
xgboost,S2,2014,2014-06-18,2014-06-12,2014-06-18,2014-06-19,2014-06-21,2014-06-21,1,0,,0.001369343721,0.001179937181,0.02354311311,0,temporal_sigmoid
xgboost,S2,2014,2014-06-19,2014-06-13,2014-06-19,2014-06-20,2014-06-22,2014-06-22,1,0,,0.0005629346706,0.0006514152654,0.02354311311,0,temporal_sigmoid
xgboost,S2,2014,2014-06-20,2014-06-14,2014-06-20,2014-06-21,2014-06-23,2014-06-23,1,0,,0.0006478219875,0.0007155152314,0.02354311311,0,temporal_sigmoid
xgboost,S2,2014,2014-06-21,2014-06-15,2014-06-21,2014-06-22,2014-06-24,2014-06-24,1,0,,0.0004401033802,0.0005526151345,0.02354311311,0,temporal_sigmoid
xgboost,S2,2014,2014-06-22,2014-06-16,2014-06-22,2014-06-23,2014-06-25,2014-06-25,1,0,,0.0003505923087,0.0004747177004,0.02354311311,0,temporal_sigmoid
xgboost,S2,2014,2014-06-23,2014-06-17,2014-06-23,2014-06-24,2014-06-26,2014-06-26,1,0,,0.0002896265942,0.0004178288752,0.02354311311,0,temporal_sigmoid
xgboost,S2,2014,2014-06-24,2014-06-18,2014-06-24,2014-06-25,2014-06-27,2014-06-27,1,0,,0.0003635779431,0.0004863958505,0.02354311311,0,temporal_sigmoid
xgboost,S2,2014,2014-06-25,2014-06-19,2014-06-25,2014-06-26,2014-06-28,2014-06-28,1,0,,0.000434495043,0.0005478994954,0.02354311311,0,temporal_sigmoid
xgboost,S2,2014,2014-06-26,2014-06-20,2014-06-26,2014-06-27,2014-06-29,2014-06-29,1,0,,0.00111420732,0.00102803467,0.02354311311,0,temporal_sigmoid
xgboost,S2,2014,2014-06-27,2014-06-21,2014-06-27,2014-06-28,2014-06-30,2014-06-30,1,0,,0.001022425247,0.0009706346841,0.02354311311,0,temporal_sigmoid
xgboost,S2,2015,2015-02-28,2015-02-22,2015-02-28,2015-03-01,2015-03-03,2015-03-03,1,0,,0.002971656853,0.008553534252,0.01744897897,0,temporal_sigmoid
xgboost,S2,2015,2015-03-01,2015-02-23,2015-03-01,2015-03-02,2015-03-04,2015-03-04,1,0,,0.001761255087,0.006448932945,0.01744897897,0,temporal_sigmoid
xgboost,S2,2015,2015-03-02,2015-02-24,2015-03-02,2015-03-03,2015-03-05,2015-03-05,1,0,,0.009304815903,0.01582991727,0.01744897897,0,temporal_sigmoid
xgboost,S2,2015,2015-03-03,2015-02-25,2015-03-03,2015-03-04,2015-03-06,2015-03-06,1,0,,0.008104451932,0.0146939902,0.01744897897,0,temporal_sigmoid
xgboost,S2,2015,2015-03-04,2015-02-26,2015-03-04,2015-03-05,2015-03-07,2015-03-07,1,0,,0.001230776194,0.005313593108,0.01744897897,0,temporal_sigmoid
xgboost,S2,2015,2015-03-05,2015-02-27,2015-03-05,2015-03-06,2015-03-08,2015-03-08,1,0,,0.009288460948,0.01581491005,0.01744897897,0,temporal_sigmoid
xgboost,S2,2015,2015-03-06,2015-02-28,2015-03-06,2015-03-07,2015-03-09,2015-03-09,1,0,,0.009811882861,0.01628933058,0.01744897897,0,temporal_sigmoid
xgboost,S2,2015,2015-03-07,2015-03-01,2015-03-07,2015-03-08,2015-03-10,2015-03-10,1,0,,0.007097903639,0.0136801319,0.01744897897,0,temporal_sigmoid
xgboost,S2,2015,2015-03-08,2015-03-02,2015-03-08,2015-03-09,2015-03-11,2015-03-11,1,0,,0.01380015258,0.01957912603,0.01744897897,1,temporal_sigmoid
xgboost,S2,2015,2015-03-09,2015-03-03,2015-03-09,2015-03-10,2015-03-12,2015-03-12,1,0,,0.004165112972,0.01026257477,0.01744897897,0,temporal_sigmoid
xgboost,S2,2015,2015-03-10,2015-03-04,2015-03-10,2015-03-11,2015-03-13,2015-03-13,1,0,,0.008079169318,0.01466925987,0.01744897897,0,temporal_sigmoid
xgboost,S2,2015,2015-03-11,2015-03-05,2015-03-11,2015-03-12,2015-03-14,2015-03-14,1,0,,0.001467878581,0.005844352062,0.01744897897,0,temporal_sigmoid
xgboost,S2,2015,2015-03-12,2015-03-06,2015-03-12,2015-03-13,2015-03-15,2015-03-15,1,0,,0.001725576702,0.006378032899,0.01744897897,0,temporal_sigmoid
xgboost,S2,2015,2015-03-13,2015-03-07,2015-03-13,2015-03-14,2015-03-16,2015-03-16,1,0,,0.003232888645,0.008951425778,0.01744897897,0,temporal_sigmoid
xgboost,S2,2015,2015-03-14,2015-03-08,2015-03-14,2015-03-15,2015-03-17,2015-03-17,1,0,,0.005828703754,0.01230160661,0.01744897897,0,temporal_sigmoid
xgboost,S2,2015,2015-03-15,2015-03-09,2015-03-15,2015-03-16,2015-03-18,2015-03-18,1,0,,0.01934284158,0.02349449237,0.01744897897,1,temporal_sigmoid
xgboost,S2,2015,2015-03-16,2015-03-10,2015-03-16,2015-03-17,2015-03-19,2015-03-19,1,0,,0.006638778839,0.01319571744,0.01744897897,0,temporal_sigmoid
xgboost,S2,2015,2015-03-17,2015-03-11,2015-03-17,2015-03-18,2015-03-20,2015-03-20,1,0,,0.005290194415,0.01167510974,0.01744897897,0,temporal_sigmoid
xgboost,S2,2015,2015-03-18,2015-03-12,2015-03-18,2015-03-19,2015-03-21,2015-03-21,1,0,,0.004722125828,0.01098137332,0.01744897897,0,temporal_sigmoid
xgboost,S2,2015,2015-03-19,2015-03-13,2015-03-19,2015-03-20,2015-03-22,2015-03-22,1,0,,0.004025912844,0.01007612091,0.01744897897,0,temporal_sigmoid
xgboost,S2,2015,2015-03-20,2015-03-14,2015-03-20,2015-03-21,2015-03-23,2015-03-23,1,0,,0.002351967152,0.007539122968,0.01744897897,0,temporal_sigmoid
xgboost,S2,2015,2015-03-21,2015-03-15,2015-03-21,2015-03-22,2015-03-24,2015-03-24,1,0,,0.003084953176,0.008728006723,0.01744897897,0,temporal_sigmoid
xgboost,S2,2015,2015-03-22,2015-03-16,2015-03-22,2015-03-23,2015-03-25,2015-03-25,1,0,,0.002694795839,0.008113757285,0.01744897897,0,temporal_sigmoid
xgboost,S2,2015,2015-03-23,2015-03-17,2015-03-23,2015-03-24,2015-03-26,2015-03-26,1,0,,0.02553507686,0.02730376654,0.01744897897,1,temporal_sigmoid
xgboost,S2,2015,2015-03-24,2015-03-18,2015-03-24,2015-03-25,2015-03-27,2015-03-27,1,0,,0.07406393439,0.04892072515,0.01744897897,1,temporal_sigmoid
xgboost,S2,2015,2015-03-25,2015-03-19,2015-03-25,2015-03-26,2015-03-28,2015-03-28,1,0,,0.02514257468,0.02707561967,0.01744897897,1,temporal_sigmoid
xgboost,S2,2015,2015-03-26,2015-03-20,2015-03-26,2015-03-27,2015-03-29,2015-03-29,1,0,,0.01756591909,0.02230266142,0.01744897897,1,temporal_sigmoid
xgboost,S2,2015,2015-03-27,2015-03-21,2015-03-27,2015-03-28,2015-03-30,2015-03-30,1,0,,0.002265065443,0.007387422998,0.01744897897,0,temporal_sigmoid
xgboost,S2,2015,2015-03-28,2015-03-22,2015-03-28,2015-03-29,2015-03-31,2015-03-31,1,0,,0.005383171141,0.01178531187,0.01744897897,0,temporal_sigmoid
xgboost,S2,2015,2015-03-29,2015-03-23,2015-03-29,2015-03-30,2015-04-01,2015-04-01,1,0,,0.07153578848,0.04798350156,0.01744897897,1,temporal_sigmoid
xgboost,S2,2015,2015-03-30,2015-03-24,2015-03-30,2015-03-31,2015-04-02,2015-04-02,1,0,,0.07022215426,0.04749136846,0.01744897897,1,temporal_sigmoid
xgboost,S2,2015,2015-03-31,2015-03-25,2015-03-31,2015-04-01,2015-04-03,2015-04-03,1,0,,0.008490440436,0.0150672296,0.01744897897,0,temporal_sigmoid
xgboost,S2,2015,2015-04-01,2015-03-26,2015-04-01,2015-04-02,2015-04-04,2015-04-04,1,0,,0.001846419415,0.006615539244,0.01744897897,0,temporal_sigmoid
xgboost,S2,2015,2015-04-02,2015-03-27,2015-04-02,2015-04-03,2015-04-05,2015-04-05,1,0,,0.001644595875,0.006214551763,0.01744897897,0,temporal_sigmoid
xgboost,S2,2015,2015-04-03,2015-03-28,2015-04-03,2015-04-04,2015-04-06,2015-04-06,1,0,,0.001804581378,0.006534145505,0.01744897897,0,temporal_sigmoid
xgboost,S2,2015,2015-04-04,2015-03-29,2015-04-04,2015-04-05,2015-04-07,2015-04-07,1,0,,0.001332564512,0.005546758254,0.01744897897,0,temporal_sigmoid
xgboost,S2,2015,2015-04-05,2015-03-30,2015-04-05,2015-04-06,2015-04-08,2015-04-08,1,0,,0.001914986642,0.006747114263,0.01744897897,0,temporal_sigmoid
xgboost,S2,2015,2015-04-06,2015-03-31,2015-04-06,2015-04-07,2015-04-09,2015-04-09,1,0,,0.001937638619,0.006790101964,0.01744897897,0,temporal_sigmoid
xgboost,S2,2015,2015-04-07,2015-04-01,2015-04-07,2015-04-08,2015-04-10,2015-04-10,1,0,,0.002983390354,0.00857174446,0.01744897897,0,temporal_sigmoid
xgboost,S2,2015,2015-04-08,2015-04-02,2015-04-08,2015-04-09,2015-04-11,2015-04-11,1,0,,0.003650722327,0.009558155676,0.01744897897,0,temporal_sigmoid
xgboost,S2,2015,2015-04-09,2015-04-03,2015-04-09,2015-04-10,2015-04-12,2015-04-12,1,0,,0.004315855913,0.01046127131,0.01744897897,0,temporal_sigmoid
xgboost,S2,2015,2015-04-10,2015-04-04,2015-04-10,2015-04-11,2015-04-13,2015-04-13,1,0,,0.0009653671877,0.00465973928,0.01744897897,0,temporal_sigmoid
xgboost,S2,2015,2015-04-11,2015-04-05,2015-04-11,2015-04-12,2015-04-14,2015-04-14,1,0,,0.00273810979,0.008183891363,0.01744897897,0,temporal_sigmoid
xgboost,S2,2015,2015-04-12,2015-04-06,2015-04-12,2015-04-13,2015-04-15,2015-04-15,1,0,,0.002315290272,0.007475419189,0.01744897897,0,temporal_sigmoid
xgboost,S2,2015,2015-04-13,2015-04-07,2015-04-13,2015-04-14,2015-04-16,2015-04-16,1,0,,0.006608286407,0.01316300629,0.01744897897,0,temporal_sigmoid
xgboost,S2,2015,2015-04-14,2015-04-08,2015-04-14,2015-04-15,2015-04-17,2015-04-17,1,0,,0.0483219251,0.03864068364,0.01744897897,1,temporal_sigmoid
xgboost,S2,2015,2015-04-15,2015-04-09,2015-04-15,2015-04-16,2015-04-18,2015-04-18,1,0,,0.1330036372,0.06824482235,0.01744897897,1,temporal_sigmoid
xgboost,S2,2015,2015-04-16,2015-04-10,2015-04-16,2015-04-17,2015-04-19,2015-04-19,1,0,,0.05218277499,0.0403058051,0.01744897897,1,temporal_sigmoid
xgboost,S2,2015,2015-04-17,2015-04-11,2015-04-17,2015-04-18,2015-04-20,2015-04-20,1,0,,0.007219531573,0.01380601683,0.01744897897,0,temporal_sigmoid
xgboost,S2,2015,2015-04-18,2015-04-12,2015-04-18,2015-04-19,2015-04-21,2015-04-21,1,0,,0.003472853452,0.009304019747,0.01744897897,0,temporal_sigmoid
xgboost,S2,2015,2015-04-19,2015-04-13,2015-04-19,2015-04-20,2015-04-22,2015-04-22,1,0,,0.0008710440015,0.004407736561,0.01744897897,0,temporal_sigmoid
xgboost,S2,2015,2015-04-20,2015-04-14,2015-04-20,2015-04-21,2015-04-23,2015-04-23,1,0,,0.0009324738639,0.004573203492,0.01744897897,0,temporal_sigmoid
xgboost,S2,2015,2015-04-21,2015-04-15,2015-04-21,2015-04-22,2015-04-24,2015-04-24,1,0,,0.002939027734,0.008502718981,0.01744897897,0,temporal_sigmoid
xgboost,S2,2015,2015-04-22,2015-04-16,2015-04-22,2015-04-23,2015-04-25,2015-04-25,1,0,,0.001740988577,0.006408741579,0.01744897897,0,temporal_sigmoid
xgboost,S2,2015,2015-04-23,2015-04-17,2015-04-23,2015-04-24,2015-04-26,2015-04-26,1,0,,0.001475583878,0.005860908894,0.01744897897,0,temporal_sigmoid
xgboost,S2,2015,2015-04-24,2015-04-18,2015-04-24,2015-04-25,2015-04-27,2015-04-27,1,0,,0.001659130212,0.00624416219,0.01744897897,0,temporal_sigmoid
xgboost,S2,2015,2015-04-25,2015-04-19,2015-04-25,2015-04-26,2015-04-28,2015-04-28,1,0,,0.000721293618,0.003980182432,0.01744897897,0,temporal_sigmoid
xgboost,S2,2015,2015-04-26,2015-04-20,2015-04-26,2015-04-27,2015-04-29,2015-04-29,1,0,,0.0007654261426,0.004110115971,0.01744897897,0,temporal_sigmoid
xgboost,S2,2015,2015-04-27,2015-04-21,2015-04-27,2015-04-28,2015-04-30,2015-04-30,1,0,,0.001065777149,0.004915823103,0.01744897897,0,temporal_sigmoid
xgboost,S2,2015,2015-04-28,2015-04-22,2015-04-28,2015-04-29,2015-05-01,2015-05-01,1,0,,0.0007979684742,0.004203727856,0.01744897897,0,temporal_sigmoid
xgboost,S2,2015,2015-04-29,2015-04-23,2015-04-29,2015-04-30,2015-05-02,2015-05-02,1,0,,0.0035964977,0.009481298945,0.01744897897,0,temporal_sigmoid
xgboost,S2,2015,2015-04-30,2015-04-24,2015-04-30,2015-05-01,2015-05-03,2015-05-03,1,0,,0.00142503134,0.005751542624,0.01744897897,0,temporal_sigmoid
xgboost,S2,2015,2015-05-01,2015-04-25,2015-05-01,2015-05-02,2015-05-04,2015-05-04,1,0,,0.0006466955529,0.003751918922,0.01744897897,0,temporal_sigmoid
xgboost,S2,2015,2015-05-02,2015-04-26,2015-05-02,2015-05-03,2015-05-05,2015-05-05,1,0,,0.001616637688,0.006157251623,0.01744897897,0,temporal_sigmoid
xgboost,S2,2015,2015-05-03,2015-04-27,2015-05-03,2015-05-04,2015-05-06,2015-05-06,1,0,,0.001343923737,0.005572260956,0.01744897897,0,temporal_sigmoid
xgboost,S2,2015,2015-05-04,2015-04-28,2015-05-04,2015-05-05,2015-05-07,2015-05-07,1,0,,0.001656283741,0.006238372604,0.01744897897,0,temporal_sigmoid
xgboost,S2,2015,2015-05-05,2015-04-29,2015-05-05,2015-05-06,2015-05-08,2015-05-08,1,0,,0.007649926934,0.0142438103,0.01744897897,0,temporal_sigmoid
xgboost,S2,2015,2015-05-06,2015-04-30,2015-05-06,2015-05-07,2015-05-09,2015-05-09,1,0,,0.008818132803,0.01537800602,0.01744897897,0,temporal_sigmoid
xgboost,S2,2015,2015-05-07,2015-05-01,2015-05-07,2015-05-08,2015-05-10,2015-05-10,1,0,,0.001771714189,0.006469591313,0.01744897897,0,temporal_sigmoid
xgboost,S2,2015,2015-05-08,2015-05-02,2015-05-08,2015-05-09,2015-05-11,2015-05-11,1,0,,0.00680140499,0.01336901842,0.01744897897,0,temporal_sigmoid
xgboost,S2,2015,2015-05-09,2015-05-03,2015-05-09,2015-05-10,2015-05-12,2015-05-12,1,0,,0.003247077577,0.008972603875,0.01744897897,0,temporal_sigmoid
xgboost,S2,2015,2015-05-10,2015-05-04,2015-05-10,2015-05-11,2015-05-13,2015-05-13,1,0,,0.001453038538,0.005812350989,0.01744897897,0,temporal_sigmoid
xgboost,S2,2015,2015-05-11,2015-05-05,2015-05-11,2015-05-12,2015-05-14,2015-05-14,1,0,,0.0009832376381,0.004706183303,0.01744897897,0,temporal_sigmoid
xgboost,S2,2015,2015-05-12,2015-05-06,2015-05-12,2015-05-13,2015-05-15,2015-05-15,1,0,,0.001030868501,0.004828107029,0.01744897897,0,temporal_sigmoid
xgboost,S2,2015,2015-05-13,2015-05-07,2015-05-13,2015-05-14,2015-05-16,2015-05-16,1,0,,0.002058528131,0.00701569984,0.01744897897,0,temporal_sigmoid
xgboost,S2,2015,2015-05-14,2015-05-08,2015-05-14,2015-05-15,2015-05-17,2015-05-17,1,0,,0.003014331916,0.008619607242,0.01744897897,0,temporal_sigmoid
xgboost,S2,2015,2015-05-15,2015-05-09,2015-05-15,2015-05-16,2015-05-18,2015-05-18,1,0,,0.003058937611,0.008688209087,0.01744897897,0,temporal_sigmoid
xgboost,S2,2015,2015-05-16,2015-05-10,2015-05-16,2015-05-17,2015-05-19,2015-05-19,1,0,,0.001706876676,0.006340601971,0.01744897897,0,temporal_sigmoid
xgboost,S2,2015,2015-05-17,2015-05-11,2015-05-17,2015-05-18,2015-05-20,2015-05-20,1,0,,0.002846944844,0.00835788936,0.01744897897,0,temporal_sigmoid
xgboost,S2,2015,2015-05-18,2015-05-12,2015-05-18,2015-05-19,2015-05-21,2015-05-21,1,0,,0.00662970962,0.01318599558,0.01744897897,0,temporal_sigmoid
xgboost,S2,2015,2015-05-19,2015-05-13,2015-05-19,2015-05-20,2015-05-22,2015-05-22,1,0,,0.04377991706,0.03660783209,0.01744897897,1,temporal_sigmoid
xgboost,S2,2015,2015-05-20,2015-05-14,2015-05-20,2015-05-21,2015-05-23,2015-05-23,1,0,,0.02606392838,0.02760870262,0.01744897897,1,temporal_sigmoid
xgboost,S2,2015,2015-05-21,2015-05-15,2015-05-21,2015-05-22,2015-05-24,2015-05-24,1,0,,0.002328676172,0.007498722691,0.01744897897,0,temporal_sigmoid
xgboost,S2,2015,2015-05-22,2015-05-16,2015-05-22,2015-05-23,2015-05-25,2015-05-25,1,0,,0.008880210109,0.01543627597,0.01744897897,0,temporal_sigmoid
xgboost,S2,2015,2015-05-23,2015-05-17,2015-05-23,2015-05-24,2015-05-26,2015-05-26,1,0,,0.01418368984,0.01987087402,0.01744897897,1,temporal_sigmoid
xgboost,S2,2015,2015-05-24,2015-05-18,2015-05-24,2015-05-25,2015-05-27,2015-05-27,1,0,,0.005652766209,0.01209998071,0.01744897897,0,temporal_sigmoid
xgboost,S2,2015,2015-05-25,2015-05-19,2015-05-25,2015-05-26,2015-05-28,2015-05-28,1,0,,0.01827285625,0.02278309236,0.01744897897,1,temporal_sigmoid
xgboost,S2,2015,2015-05-26,2015-05-20,2015-05-26,2015-05-27,2015-05-29,2015-05-29,1,0,,0.01401825622,0.01974548039,0.01744897897,1,temporal_sigmoid
xgboost,S2,2015,2015-05-27,2015-05-21,2015-05-27,2015-05-28,2015-05-30,2015-05-30,1,0,,0.002841420472,0.008349132214,0.01744897897,0,temporal_sigmoid
xgboost,S2,2015,2015-05-28,2015-05-22,2015-05-28,2015-05-29,2015-05-31,2015-05-31,1,0,,0.0206466876,0.02433771113,0.01744897897,1,temporal_sigmoid
xgboost,S2,2015,2015-05-29,2015-05-23,2015-05-29,2015-05-30,2015-06-01,2015-06-01,1,0,,0.0291839391,0.02935429067,0.01744897897,1,temporal_sigmoid
xgboost,S2,2015,2015-05-30,2015-05-24,2015-05-30,2015-05-31,2015-06-02,2015-06-02,1,0,,0.01006451901,0.01651414472,0.01744897897,0,temporal_sigmoid
xgboost,S2,2015,2015-05-31,2015-05-25,2015-05-31,2015-06-01,2015-06-03,2015-06-03,1,0,,0.009619441815,0.01611629099,0.01744897897,0,temporal_sigmoid
xgboost,S2,2015,2015-06-01,2015-05-26,2015-06-01,2015-06-02,2015-06-04,2015-06-04,1,0,,0.02944120578,0.02949443085,0.01744897897,1,temporal_sigmoid
xgboost,S2,2015,2015-06-02,2015-05-27,2015-06-02,2015-06-03,2015-06-05,2015-06-05,1,0,,0.01315476745,0.01907969221,0.01744897897,1,temporal_sigmoid
xgboost,S2,2015,2015-06-03,2015-05-28,2015-06-03,2015-06-04,2015-06-06,2015-06-06,1,0,,0.1127935499,0.06204025161,0.01744897897,1,temporal_sigmoid
xgboost,S2,2015,2015-06-04,2015-05-29,2015-06-04,2015-06-05,2015-06-07,2015-06-07,1,0,,0.135352388,0.06894585824,0.01744897897,1,temporal_sigmoid
xgboost,S2,2015,2015-06-05,2015-05-30,2015-06-05,2015-06-06,2015-06-08,2015-06-08,1,0,,0.05668551475,0.04218394481,0.01744897897,1,temporal_sigmoid
xgboost,S2,2015,2015-06-06,2015-05-31,2015-06-06,2015-06-07,2015-06-09,2015-06-09,1,0,,0.003923602402,0.009937173341,0.01744897897,0,temporal_sigmoid
xgboost,S2,2015,2015-06-07,2015-06-01,2015-06-07,2015-06-08,2015-06-10,2015-06-10,1,0,,0.06246378273,0.04450615765,0.01744897897,1,temporal_sigmoid
xgboost,S2,2015,2015-06-08,2015-06-02,2015-06-08,2015-06-09,2015-06-11,2015-06-11,1,0,,0.07429718226,0.04900655661,0.01744897897,1,temporal_sigmoid
xgboost,S2,2015,2015-06-09,2015-06-03,2015-06-09,2015-06-10,2015-06-12,2015-06-12,1,0,,0.08293332905,0.052114687,0.01744897897,1,temporal_sigmoid
xgboost,S2,2015,2015-06-10,2015-06-04,2015-06-10,2015-06-11,2015-06-13,2015-06-13,1,0,,0.005517813377,0.01194335252,0.01744897897,0,temporal_sigmoid
xgboost,S2,2015,2015-06-11,2015-06-05,2015-06-11,2015-06-12,2015-06-14,2015-06-14,1,0,,0.002217524685,0.007303295412,0.01744897897,0,temporal_sigmoid
xgboost,S2,2015,2015-06-12,2015-06-06,2015-06-12,2015-06-13,2015-06-15,2015-06-15,1,0,,0.001546774525,0.006012034249,0.01744897897,0,temporal_sigmoid
xgboost,S2,2015,2015-06-13,2015-06-07,2015-06-13,2015-06-14,2015-06-16,2015-06-16,1,0,,0.00150087208,0.005914968823,0.01744897897,0,temporal_sigmoid
xgboost,S2,2015,2015-06-14,2015-06-08,2015-06-14,2015-06-15,2015-06-17,2015-06-17,1,0,,0.001546930638,0.006012362081,0.01744897897,0,temporal_sigmoid
xgboost,S2,2015,2015-06-15,2015-06-09,2015-06-15,2015-06-16,2015-06-18,2015-06-18,1,0,,0.002654686337,0.008048346001,0.01744897897,0,temporal_sigmoid
xgboost,S2,2015,2015-06-16,2015-06-10,2015-06-16,2015-06-17,2015-06-19,2015-06-19,1,0,,0.000972854381,0.004679245781,0.01744897897,0,temporal_sigmoid
xgboost,S2,2015,2015-06-17,2015-06-11,2015-06-17,2015-06-18,2015-06-20,2015-06-20,1,0,,0.001700463356,0.006327721197,0.01744897897,0,temporal_sigmoid
xgboost,S2,2015,2015-06-18,2015-06-12,2015-06-18,2015-06-19,2015-06-21,2015-06-21,1,0,,0.0008937482489,0.004469500341,0.01744897897,0,temporal_sigmoid
xgboost,S2,2015,2015-06-19,2015-06-13,2015-06-19,2015-06-20,2015-06-22,2015-06-22,1,0,,0.00104511797,0.004864075001,0.01744897897,0,temporal_sigmoid
xgboost,S2,2015,2015-06-20,2015-06-14,2015-06-20,2015-06-21,2015-06-23,2015-06-23,1,0,,0.0008011028403,0.004212650583,0.01744897897,0,temporal_sigmoid
xgboost,S2,2015,2015-06-21,2015-06-15,2015-06-21,2015-06-22,2015-06-24,2015-06-24,1,0,,0.0008340302156,0.004305432462,0.01744897897,0,temporal_sigmoid
xgboost,S2,2015,2015-06-22,2015-06-16,2015-06-22,2015-06-23,2015-06-25,2015-06-25,1,0,,0.001006817212,0.004766873703,0.01744897897,0,temporal_sigmoid
xgboost,S2,2015,2015-06-23,2015-06-17,2015-06-23,2015-06-24,2015-06-26,2015-06-26,1,0,,0.0007785402704,0.004148056685,0.01744897897,0,temporal_sigmoid
xgboost,S2,2015,2015-06-24,2015-06-18,2015-06-24,2015-06-25,2015-06-27,2015-06-27,1,0,,0.0008545999881,0.004362538529,0.01744897897,0,temporal_sigmoid
xgboost,S2,2015,2015-06-25,2015-06-19,2015-06-25,2015-06-26,2015-06-28,2015-06-28,1,0,,0.0006381402491,0.003724982457,0.01744897897,0,temporal_sigmoid
xgboost,S2,2015,2015-06-26,2015-06-20,2015-06-26,2015-06-27,2015-06-29,2015-06-29,1,0,,0.0009367718012,0.004584589517,0.01744897897,0,temporal_sigmoid
xgboost,S2,2015,2015-06-27,2015-06-21,2015-06-27,2015-06-28,2015-06-30,2015-06-30,1,0,,0.0009061110904,0.004502827797,0.01744897897,0,temporal_sigmoid
xgboost,S2,2016,2016-02-29,2016-02-23,2016-02-29,2016-03-01,2016-03-03,2016-03-03,1,0,,0.002764530946,0.01233852587,0.01735781577,0,temporal_sigmoid
xgboost,S2,2016,2016-03-01,2016-02-24,2016-03-01,2016-03-02,2016-03-04,2016-03-04,1,0,,0.001174482168,0.008113577534,0.01735781577,0,temporal_sigmoid
xgboost,S2,2016,2016-03-02,2016-02-25,2016-03-02,2016-03-03,2016-03-05,2016-03-05,1,0,,0.0005559073761,0.005620550268,0.01735781577,0,temporal_sigmoid
xgboost,S2,2016,2016-03-03,2016-02-26,2016-03-03,2016-03-04,2016-03-06,2016-03-06,1,0,,0.006427791901,0.01862971946,0.01735781577,1,temporal_sigmoid
xgboost,S2,2016,2016-03-04,2016-02-27,2016-03-04,2016-03-05,2016-03-07,2016-03-07,1,0,,0.005429049022,0.01715662244,0.01735781577,0,temporal_sigmoid
xgboost,S2,2016,2016-03-05,2016-02-28,2016-03-05,2016-03-06,2016-03-08,2016-03-08,1,0,,0.004745627753,0.01606631518,0.01735781577,0,temporal_sigmoid
xgboost,S2,2016,2016-03-06,2016-02-29,2016-03-06,2016-03-07,2016-03-09,2016-03-09,1,0,,0.0004322515742,0.004966928548,0.01735781577,0,temporal_sigmoid
xgboost,S2,2016,2016-03-07,2016-03-01,2016-03-07,2016-03-08,2016-03-10,2016-03-10,1,0,,0.0007555478369,0.006534597988,0.01735781577,0,temporal_sigmoid
xgboost,S2,2016,2016-03-08,2016-03-02,2016-03-08,2016-03-09,2016-03-11,2016-03-11,1,0,,0.001066549099,0.007738952561,0.01735781577,0,temporal_sigmoid
xgboost,S2,2016,2016-03-09,2016-03-03,2016-03-09,2016-03-10,2016-03-12,2016-03-12,1,0,,0.002279886976,0.01122835857,0.01735781577,0,temporal_sigmoid
xgboost,S2,2016,2016-03-10,2016-03-04,2016-03-10,2016-03-11,2016-03-13,2016-03-13,1,0,,0.001161261695,0.008068666973,0.01735781577,0,temporal_sigmoid
xgboost,S2,2016,2016-03-11,2016-03-05,2016-03-11,2016-03-12,2016-03-14,2016-03-14,1,0,,0.00153055496,0.009238010809,0.01735781577,0,temporal_sigmoid
xgboost,S2,2016,2016-03-12,2016-03-06,2016-03-12,2016-03-13,2016-03-15,2016-03-15,1,0,,0.009404821321,0.02242729471,0.01735781577,1,temporal_sigmoid
xgboost,S2,2016,2016-03-13,2016-03-07,2016-03-13,2016-03-14,2016-03-16,2016-03-16,1,0,,0.00135634758,0.008706887783,0.01735781577,0,temporal_sigmoid
xgboost,S2,2016,2016-03-14,2016-03-08,2016-03-14,2016-03-15,2016-03-17,2016-03-17,1,0,,0.001169973286,0.008098289905,0.01735781577,0,temporal_sigmoid
xgboost,S2,2016,2016-03-15,2016-03-09,2016-03-15,2016-03-16,2016-03-18,2016-03-18,1,0,,0.0004921387299,0.005293966119,0.01735781577,0,temporal_sigmoid
xgboost,S2,2016,2016-03-16,2016-03-10,2016-03-16,2016-03-17,2016-03-19,2016-03-19,1,0,,0.0002343381639,0.003675567264,0.01735781577,0,temporal_sigmoid
xgboost,S2,2016,2016-03-17,2016-03-11,2016-03-17,2016-03-18,2016-03-20,2016-03-20,1,0,,0.0006146277301,0.005904722658,0.01735781577,0,temporal_sigmoid
xgboost,S2,2016,2016-03-18,2016-03-12,2016-03-18,2016-03-19,2016-03-21,2016-03-21,1,0,,0.0009050251683,0.007139954085,0.01735781577,0,temporal_sigmoid
xgboost,S2,2016,2016-03-19,2016-03-13,2016-03-19,2016-03-20,2016-03-22,2016-03-22,1,0,,0.0004346244968,0.004980311688,0.01735781577,0,temporal_sigmoid
xgboost,S2,2016,2016-03-20,2016-03-14,2016-03-20,2016-03-21,2016-03-23,2016-03-23,1,0,,0.0005859064404,0.005767548717,0.01735781577,0,temporal_sigmoid
xgboost,S2,2016,2016-03-21,2016-03-15,2016-03-21,2016-03-22,2016-03-24,2016-03-24,1,0,,0.001614233595,0.00948208029,0.01735781577,0,temporal_sigmoid
xgboost,S2,2016,2016-03-22,2016-03-16,2016-03-22,2016-03-23,2016-03-25,2016-03-25,1,0,,0.09697376937,0.0706285367,0.01735781577,1,temporal_sigmoid
xgboost,S2,2016,2016-03-23,2016-03-17,2016-03-23,2016-03-24,2016-03-26,2016-03-26,1,0,,0.003314809874,0.01348352783,0.01735781577,0,temporal_sigmoid
xgboost,S2,2016,2016-03-24,2016-03-18,2016-03-24,2016-03-25,2016-03-27,2016-03-27,1,0,,0.002864960581,0.01255570402,0.01735781577,0,temporal_sigmoid
xgboost,S2,2016,2016-03-25,2016-03-19,2016-03-25,2016-03-26,2016-03-28,2016-03-28,1,0,,0.001340743038,0.008657646834,0.01735781577,0,temporal_sigmoid
xgboost,S2,2016,2016-03-26,2016-03-20,2016-03-26,2016-03-27,2016-03-29,2016-03-29,1,0,,0.001229676418,0.00829833283,0.01735781577,0,temporal_sigmoid
xgboost,S2,2016,2016-03-27,2016-03-21,2016-03-27,2016-03-28,2016-03-30,2016-03-30,1,0,,0.0009809484472,0.007427793408,0.01735781577,0,temporal_sigmoid
xgboost,S2,2016,2016-03-28,2016-03-22,2016-03-28,2016-03-29,2016-03-31,2016-03-31,1,0,,0.002422258025,0.01156611646,0.01735781577,0,temporal_sigmoid
xgboost,S2,2016,2016-03-29,2016-03-23,2016-03-29,2016-03-30,2016-04-01,2016-04-01,1,0,,0.001015904243,0.007556474682,0.01735781577,0,temporal_sigmoid
xgboost,S2,2016,2016-03-30,2016-03-24,2016-03-30,2016-03-31,2016-04-02,2016-04-02,1,0,,0.000783924188,0.006653937683,0.01735781577,0,temporal_sigmoid
xgboost,S2,2016,2016-03-31,2016-03-25,2016-03-31,2016-04-01,2016-04-03,2016-04-03,1,0,,0.0001954846666,0.003361861688,0.01735781577,0,temporal_sigmoid
xgboost,S2,2016,2016-04-01,2016-03-26,2016-04-01,2016-04-02,2016-04-04,2016-04-04,1,0,,0.0002498008544,0.003792961719,0.01735781577,0,temporal_sigmoid
xgboost,S2,2016,2016-04-02,2016-03-27,2016-04-02,2016-04-03,2016-04-05,2016-04-05,1,0,,0.0001842943457,0.0032657208,0.01735781577,0,temporal_sigmoid
xgboost,S2,2016,2016-04-03,2016-03-28,2016-04-03,2016-04-04,2016-04-06,2016-04-06,1,0,,0.0002492113854,0.003788555459,0.01735781577,0,temporal_sigmoid
xgboost,S2,2016,2016-04-04,2016-03-29,2016-04-04,2016-04-05,2016-04-07,2016-04-07,1,0,,0.0002808491408,0.004017986655,0.01735781577,0,temporal_sigmoid
xgboost,S2,2016,2016-04-05,2016-03-30,2016-04-05,2016-04-06,2016-04-08,2016-04-08,1,0,,0.0002786904515,0.004002765153,0.01735781577,0,temporal_sigmoid
xgboost,S2,2016,2016-04-06,2016-03-31,2016-04-06,2016-04-07,2016-04-09,2016-04-09,1,0,,0.002121332334,0.01083918235,0.01735781577,0,temporal_sigmoid
xgboost,S2,2016,2016-04-07,2016-04-01,2016-04-07,2016-04-08,2016-04-10,2016-04-10,1,0,,0.001093671541,0.007834853358,0.01735781577,0,temporal_sigmoid
xgboost,S2,2016,2016-04-08,2016-04-02,2016-04-08,2016-04-09,2016-04-11,2016-04-11,1,0,,0.004104135092,0.01496654641,0.01735781577,0,temporal_sigmoid
xgboost,S2,2016,2016-04-09,2016-04-03,2016-04-09,2016-04-10,2016-04-12,2016-04-12,1,0,,0.003874985734,0.01455241415,0.01735781577,0,temporal_sigmoid
xgboost,S2,2016,2016-04-10,2016-04-04,2016-04-10,2016-04-11,2016-04-13,2016-04-13,1,0,,0.00658907555,0.0188562324,0.01735781577,1,temporal_sigmoid
xgboost,S2,2016,2016-04-11,2016-04-05,2016-04-11,2016-04-12,2016-04-14,2016-04-14,1,0,,0.090109393,0.06804835784,0.01735781577,1,temporal_sigmoid
xgboost,S2,2016,2016-04-12,2016-04-06,2016-04-12,2016-04-13,2016-04-15,2016-04-15,1,0,,0.1663177609,0.0935307237,0.01735781577,1,temporal_sigmoid
xgboost,S2,2016,2016-04-13,2016-04-07,2016-04-13,2016-04-14,2016-04-16,2016-04-16,1,0,,0.4137528837,0.1614570119,0.01735781577,1,temporal_sigmoid
xgboost,S2,2016,2016-04-14,2016-04-08,2016-04-14,2016-04-15,2016-04-17,2016-04-17,1,0,,0.1210608855,0.07913298564,0.01735781577,1,temporal_sigmoid
xgboost,S2,2016,2016-04-15,2016-04-09,2016-04-15,2016-04-16,2016-04-18,2016-04-18,1,0,,0.01656066999,0.02954507878,0.01735781577,1,temporal_sigmoid
xgboost,S2,2016,2016-04-16,2016-04-10,2016-04-16,2016-04-17,2016-04-19,2016-04-19,1,0,,0.3332375288,0.139695403,0.01735781577,1,temporal_sigmoid
xgboost,S2,2016,2016-04-17,2016-04-11,2016-04-17,2016-04-18,2016-04-20,2016-04-20,1,0,,0.001111553865,0.007897417309,0.01735781577,0,temporal_sigmoid
xgboost,S2,2016,2016-04-18,2016-04-12,2016-04-18,2016-04-19,2016-04-21,2016-04-21,1,0,,0.007953871973,0.02066867454,0.01735781577,1,temporal_sigmoid
xgboost,S2,2016,2016-04-19,2016-04-13,2016-04-19,2016-04-20,2016-04-22,2016-04-22,1,0,,0.0180503279,0.0308114979,0.01735781577,1,temporal_sigmoid
xgboost,S2,2016,2016-04-20,2016-04-14,2016-04-20,2016-04-21,2016-04-23,2016-04-23,1,0,,0.1032099128,0.07290626116,0.01735781577,1,temporal_sigmoid
xgboost,S2,2016,2016-04-21,2016-04-15,2016-04-21,2016-04-22,2016-04-24,2016-04-24,1,0,,0.2880689502,0.1276272275,0.01735781577,1,temporal_sigmoid
xgboost,S2,2016,2016-04-22,2016-04-16,2016-04-22,2016-04-23,2016-04-25,2016-04-25,1,0,,0.7119047642,0.2633364094,0.01735781577,1,temporal_sigmoid
xgboost,S2,2016,2016-04-23,2016-04-17,2016-04-23,2016-04-24,2016-04-26,2016-04-26,1,1,fixed36_0038,0.6263585091,0.2278860534,0.01735781577,1,temporal_sigmoid
xgboost,S2,2016,2016-04-24,2016-04-18,2016-04-24,2016-04-25,2016-04-27,2016-04-27,1,1,fixed36_0038,0.9881945848,0.6705360573,0.01735781577,1,temporal_sigmoid
xgboost,S2,2016,2016-04-25,2016-04-19,2016-04-25,2016-04-26,2016-04-28,2016-04-28,1,0,,0.9359587431,0.4622926684,0.01735781577,1,temporal_sigmoid
xgboost,S2,2016,2016-04-26,2016-04-20,2016-04-26,2016-04-27,2016-04-29,2016-04-29,1,0,,0.6996027827,0.2577011089,0.01735781577,1,temporal_sigmoid
xgboost,S2,2016,2016-04-27,2016-04-21,2016-04-27,2016-04-28,2016-04-30,2016-04-30,1,0,,0.5596069098,0.2047146708,0.01735781577,1,temporal_sigmoid
xgboost,S2,2016,2016-04-28,2016-04-22,2016-04-28,2016-04-29,2016-05-01,2016-05-01,1,1,fixed36_0039,0.9271538258,0.4453717048,0.01735781577,1,temporal_sigmoid
xgboost,S2,2016,2016-04-29,2016-04-23,2016-04-29,2016-04-30,2016-05-02,2016-05-02,1,0,,0.9706885815,0.5628561684,0.01735781577,1,temporal_sigmoid
xgboost,S2,2016,2016-04-30,2016-04-24,2016-04-30,2016-05-01,2016-05-03,2016-05-03,1,0,,0.9668662548,0.547430104,0.01735781577,1,temporal_sigmoid
xgboost,S2,2016,2016-05-01,2016-04-25,2016-05-01,2016-05-02,2016-05-04,2016-05-04,1,0,,0.01922607049,0.03177383603,0.01735781577,1,temporal_sigmoid
xgboost,S2,2016,2016-05-02,2016-04-26,2016-05-02,2016-05-03,2016-05-05,2016-05-05,1,0,,0.0007032348076,0.006308419099,0.01735781577,0,temporal_sigmoid
xgboost,S2,2016,2016-05-03,2016-04-27,2016-05-03,2016-05-04,2016-05-06,2016-05-06,1,0,,0.0007914674352,0.006685288152,0.01735781577,0,temporal_sigmoid
xgboost,S2,2016,2016-05-04,2016-04-28,2016-05-04,2016-05-05,2016-05-07,2016-05-07,1,0,,0.000925227534,0.007217715168,0.01735781577,0,temporal_sigmoid
xgboost,S2,2016,2016-05-05,2016-04-29,2016-05-05,2016-05-06,2016-05-08,2016-05-08,1,0,,0.0006100801402,0.00588322494,0.01735781577,0,temporal_sigmoid
xgboost,S2,2016,2016-05-06,2016-04-30,2016-05-06,2016-05-07,2016-05-09,2016-05-09,1,0,,0.0006123117637,0.005893784641,0.01735781577,0,temporal_sigmoid
xgboost,S2,2016,2016-05-07,2016-05-01,2016-05-07,2016-05-08,2016-05-10,2016-05-10,1,0,,0.0008089041221,0.006757176591,0.01735781577,0,temporal_sigmoid
xgboost,S2,2016,2016-05-08,2016-05-02,2016-05-08,2016-05-09,2016-05-11,2016-05-11,1,0,,0.0008555805543,0.006945802044,0.01735781577,0,temporal_sigmoid
xgboost,S2,2016,2016-05-09,2016-05-03,2016-05-09,2016-05-10,2016-05-12,2016-05-12,1,0,,0.000619515602,0.005927738519,0.01735781577,0,temporal_sigmoid
xgboost,S2,2016,2016-05-10,2016-05-04,2016-05-10,2016-05-11,2016-05-13,2016-05-13,1,0,,0.004546752665,0.01573403641,0.01735781577,0,temporal_sigmoid
xgboost,S2,2016,2016-05-11,2016-05-05,2016-05-11,2016-05-12,2016-05-14,2016-05-14,1,0,,0.0533070378,0.05235981272,0.01735781577,1,temporal_sigmoid
xgboost,S2,2016,2016-05-12,2016-05-06,2016-05-12,2016-05-13,2016-05-15,2016-05-15,1,0,,0.00758943148,0.02020150233,0.01735781577,1,temporal_sigmoid
xgboost,S2,2016,2016-05-13,2016-05-07,2016-05-13,2016-05-14,2016-05-16,2016-05-16,1,0,,0.0005796793848,0.005737357713,0.01735781577,0,temporal_sigmoid
xgboost,S2,2016,2016-05-14,2016-05-08,2016-05-14,2016-05-15,2016-05-17,2016-05-17,1,0,,0.0002019612584,0.003416227013,0.01735781577,0,temporal_sigmoid
xgboost,S2,2016,2016-05-15,2016-05-09,2016-05-15,2016-05-16,2016-05-18,2016-05-18,1,0,,0.001478563761,0.00908290327,0.01735781577,0,temporal_sigmoid
xgboost,S2,2016,2016-05-16,2016-05-10,2016-05-16,2016-05-17,2016-05-19,2016-05-19,1,0,,0.01401169412,0.02723472433,0.01735781577,1,temporal_sigmoid
xgboost,S2,2016,2016-05-17,2016-05-11,2016-05-17,2016-05-18,2016-05-20,2016-05-20,1,0,,0.007293388247,0.01981343479,0.01735781577,1,temporal_sigmoid
xgboost,S2,2016,2016-05-18,2016-05-12,2016-05-18,2016-05-19,2016-05-21,2016-05-21,1,0,,0.0004673458752,0.005161187053,0.01735781577,0,temporal_sigmoid
xgboost,S2,2016,2016-05-19,2016-05-13,2016-05-19,2016-05-20,2016-05-22,2016-05-22,1,0,,0.000389342109,0.004718115546,0.01735781577,0,temporal_sigmoid
xgboost,S2,2016,2016-05-20,2016-05-14,2016-05-20,2016-05-21,2016-05-23,2016-05-23,1,0,,0.0007454334409,0.006491507875,0.01735781577,0,temporal_sigmoid
xgboost,S2,2016,2016-05-21,2016-05-15,2016-05-21,2016-05-22,2016-05-24,2016-05-24,1,0,,0.0004514175525,0.005073976186,0.01735781577,0,temporal_sigmoid
xgboost,S2,2016,2016-05-22,2016-05-16,2016-05-22,2016-05-23,2016-05-25,2016-05-25,1,0,,0.0003867963387,0.004702923959,0.01735781577,0,temporal_sigmoid
xgboost,S2,2016,2016-05-23,2016-05-17,2016-05-23,2016-05-24,2016-05-26,2016-05-26,1,0,,0.001327708131,0.008616288761,0.01735781577,0,temporal_sigmoid
xgboost,S2,2016,2016-05-24,2016-05-18,2016-05-24,2016-05-25,2016-05-27,2016-05-27,1,0,,0.0006733672926,0.006175411895,0.01735781577,0,temporal_sigmoid
xgboost,S2,2016,2016-05-25,2016-05-19,2016-05-25,2016-05-26,2016-05-28,2016-05-28,1,0,,0.0002000752575,0.0034004885,0.01735781577,0,temporal_sigmoid
xgboost,S2,2016,2016-05-26,2016-05-20,2016-05-26,2016-05-27,2016-05-29,2016-05-29,1,0,,0.0001754358382,0.003187485009,0.01735781577,0,temporal_sigmoid
xgboost,S2,2016,2016-05-27,2016-05-21,2016-05-27,2016-05-28,2016-05-30,2016-05-30,1,0,,0.0001375049469,0.002827212438,0.01735781577,0,temporal_sigmoid
xgboost,S2,2016,2016-05-28,2016-05-22,2016-05-28,2016-05-29,2016-05-31,2016-05-31,1,0,,0.0002949587943,0.004116041863,0.01735781577,0,temporal_sigmoid
xgboost,S2,2016,2016-05-29,2016-05-23,2016-05-29,2016-05-30,2016-06-01,2016-06-01,1,0,,0.0003404704039,0.00441700266,0.01735781577,0,temporal_sigmoid
xgboost,S2,2016,2016-05-30,2016-05-24,2016-05-30,2016-05-31,2016-06-02,2016-06-02,1,0,,0.002363539999,0.0114280858,0.01735781577,0,temporal_sigmoid
xgboost,S2,2016,2016-05-31,2016-05-25,2016-05-31,2016-06-01,2016-06-03,2016-06-03,1,0,,0.001022075536,0.007578955952,0.01735781577,0,temporal_sigmoid
xgboost,S2,2016,2016-06-01,2016-05-26,2016-06-01,2016-06-02,2016-06-04,2016-06-04,1,0,,0.001022075536,0.007578955952,0.01735781577,0,temporal_sigmoid
xgboost,S2,2016,2016-06-02,2016-05-27,2016-06-02,2016-06-03,2016-06-05,2016-06-05,1,0,,0.003732463112,0.0142884508,0.01735781577,0,temporal_sigmoid
xgboost,S2,2016,2016-06-03,2016-05-28,2016-06-03,2016-06-04,2016-06-06,2016-06-06,1,0,,0.006303731352,0.01845348472,0.01735781577,1,temporal_sigmoid
xgboost,S2,2016,2016-06-04,2016-05-29,2016-06-04,2016-06-05,2016-06-07,2016-06-07,1,0,,0.01505361963,0.0282031435,0.01735781577,1,temporal_sigmoid
xgboost,S2,2016,2016-06-05,2016-05-30,2016-06-05,2016-06-06,2016-06-08,2016-06-08,1,0,,0.008290167898,0.02109008504,0.01735781577,1,temporal_sigmoid
xgboost,S2,2016,2016-06-06,2016-05-31,2016-06-06,2016-06-07,2016-06-09,2016-06-09,1,0,,0.001826017629,0.01007221192,0.01735781577,0,temporal_sigmoid
xgboost,S2,2016,2016-06-07,2016-06-01,2016-06-07,2016-06-08,2016-06-10,2016-06-10,1,0,,0.003018497489,0.01288028996,0.01735781577,0,temporal_sigmoid
xgboost,S2,2016,2016-06-08,2016-06-02,2016-06-08,2016-06-09,2016-06-11,2016-06-11,1,0,,0.0009385912563,0.007268676711,0.01735781577,0,temporal_sigmoid
xgboost,S2,2016,2016-06-09,2016-06-03,2016-06-09,2016-06-10,2016-06-12,2016-06-12,1,0,,0.0009721590322,0.007395069372,0.01735781577,0,temporal_sigmoid
xgboost,S2,2016,2016-06-10,2016-06-04,2016-06-10,2016-06-11,2016-06-13,2016-06-13,1,0,,0.005442090333,0.01717671866,0.01735781577,0,temporal_sigmoid
xgboost,S2,2016,2016-06-11,2016-06-05,2016-06-11,2016-06-12,2016-06-14,2016-06-14,1,0,,0.0008750252891,0.007022822948,0.01735781577,0,temporal_sigmoid
xgboost,S2,2016,2016-06-12,2016-06-06,2016-06-12,2016-06-13,2016-06-15,2016-06-15,1,0,,0.0007739954162,0.006612436507,0.01735781577,0,temporal_sigmoid
xgboost,S2,2016,2016-06-13,2016-06-07,2016-06-13,2016-06-14,2016-06-16,2016-06-16,1,0,,0.0008554510423,0.006945286057,0.01735781577,0,temporal_sigmoid
xgboost,S2,2016,2016-06-14,2016-06-08,2016-06-14,2016-06-15,2016-06-17,2016-06-17,1,0,,0.000296832266,0.004128880118,0.01735781577,0,temporal_sigmoid
xgboost,S2,2016,2016-06-15,2016-06-09,2016-06-15,2016-06-16,2016-06-18,2016-06-18,1,0,,0.0004023233487,0.004794802987,0.01735781577,0,temporal_sigmoid
xgboost,S2,2016,2016-06-16,2016-06-10,2016-06-16,2016-06-17,2016-06-19,2016-06-19,1,0,,0.00210619811,0.01080126479,0.01735781577,0,temporal_sigmoid
xgboost,S2,2016,2016-06-17,2016-06-11,2016-06-17,2016-06-18,2016-06-20,2016-06-20,1,0,,0.0006492147804,0.006065632463,0.01735781577,0,temporal_sigmoid
xgboost,S2,2016,2016-06-18,2016-06-12,2016-06-18,2016-06-19,2016-06-21,2016-06-21,1,0,,0.0006437776028,0.00604063253,0.01735781577,0,temporal_sigmoid
xgboost,S2,2016,2016-06-19,2016-06-13,2016-06-19,2016-06-20,2016-06-22,2016-06-22,1,0,,0.0007559914957,0.00653648132,0.01735781577,0,temporal_sigmoid
xgboost,S2,2016,2016-06-20,2016-06-14,2016-06-20,2016-06-21,2016-06-23,2016-06-23,1,0,,0.001138146967,0.007989511002,0.01735781577,0,temporal_sigmoid
xgboost,S2,2016,2016-06-21,2016-06-15,2016-06-21,2016-06-22,2016-06-24,2016-06-24,1,0,,0.001435655868,0.008952773852,0.01735781577,0,temporal_sigmoid
xgboost,S2,2016,2016-06-22,2016-06-16,2016-06-22,2016-06-23,2016-06-25,2016-06-25,1,0,,0.001036330592,0.007630621054,0.01735781577,0,temporal_sigmoid
xgboost,S2,2016,2016-06-23,2016-06-17,2016-06-23,2016-06-24,2016-06-26,2016-06-26,1,0,,0.001036330592,0.007630621054,0.01735781577,0,temporal_sigmoid
xgboost,S2,2016,2016-06-24,2016-06-18,2016-06-24,2016-06-25,2016-06-27,2016-06-27,1,0,,0.01198616158,0.02524010885,0.01735781577,1,temporal_sigmoid
xgboost,S2,2016,2016-06-25,2016-06-19,2016-06-25,2016-06-26,2016-06-28,2016-06-28,1,0,,0.0009983601049,0.007492178648,0.01735781577,0,temporal_sigmoid
xgboost,S2,2016,2016-06-26,2016-06-20,2016-06-26,2016-06-27,2016-06-29,2016-06-29,1,0,,0.007127516903,0.01959245114,0.01735781577,1,temporal_sigmoid
xgboost,S2,2016,2016-06-27,2016-06-21,2016-06-27,2016-06-28,2016-06-30,2016-06-30,1,0,,0.002260684967,0.01118198346,0.01735781577,0,temporal_sigmoid
xgboost,S2,2017,2017-02-28,2017-02-22,2017-02-28,2017-03-01,2017-03-03,2017-03-03,1,0,,0.012520466,0.004586240425,0.01816110413,0,temporal_sigmoid
xgboost,S2,2017,2017-03-01,2017-02-23,2017-03-01,2017-03-02,2017-03-04,2017-03-04,1,0,,0.01732989587,0.005752753996,0.01816110413,0,temporal_sigmoid
xgboost,S2,2017,2017-03-02,2017-02-24,2017-03-02,2017-03-03,2017-03-05,2017-03-05,1,0,,0.01409401372,0.004980331035,0.01816110413,0,temporal_sigmoid
xgboost,S2,2017,2017-03-03,2017-02-25,2017-03-03,2017-03-04,2017-03-06,2017-03-06,1,0,,0.01251511928,0.00458487737,0.01816110413,0,temporal_sigmoid
xgboost,S2,2017,2017-03-04,2017-02-26,2017-03-04,2017-03-05,2017-03-07,2017-03-07,1,0,,0.01239143871,0.004553299031,0.01816110413,0,temporal_sigmoid
xgboost,S2,2017,2017-03-05,2017-02-27,2017-03-05,2017-03-06,2017-03-08,2017-03-08,1,0,,0.01153833698,0.004332879123,0.01816110413,0,temporal_sigmoid
xgboost,S2,2017,2017-03-06,2017-02-28,2017-03-06,2017-03-07,2017-03-09,2017-03-09,1,0,,0.01467752364,0.005123143488,0.01816110413,0,temporal_sigmoid
xgboost,S2,2017,2017-03-07,2017-03-01,2017-03-07,2017-03-08,2017-03-10,2017-03-10,1,0,,0.01650651172,0.005560497138,0.01816110413,0,temporal_sigmoid
xgboost,S2,2017,2017-03-08,2017-03-02,2017-03-08,2017-03-09,2017-03-11,2017-03-11,1,0,,0.01316222828,0.004748628997,0.01816110413,0,temporal_sigmoid
xgboost,S2,2017,2017-03-09,2017-03-03,2017-03-09,2017-03-10,2017-03-12,2017-03-12,1,0,,0.01199299656,0.00445092891,0.01816110413,0,temporal_sigmoid
xgboost,S2,2017,2017-03-10,2017-03-04,2017-03-10,2017-03-11,2017-03-13,2017-03-13,1,0,,0.00997601822,0.003916179445,0.01816110413,0,temporal_sigmoid
xgboost,S2,2017,2017-03-11,2017-03-05,2017-03-11,2017-03-12,2017-03-14,2017-03-14,1,0,,0.007034734357,0.003073290553,0.01816110413,0,temporal_sigmoid
xgboost,S2,2017,2017-03-12,2017-03-06,2017-03-12,2017-03-13,2017-03-15,2017-03-15,1,0,,0.008032283746,0.00336926987,0.01816110413,0,temporal_sigmoid
xgboost,S2,2017,2017-03-13,2017-03-07,2017-03-13,2017-03-14,2017-03-16,2017-03-16,1,0,,0.009689016268,0.003837581833,0.01816110413,0,temporal_sigmoid
xgboost,S2,2017,2017-03-14,2017-03-08,2017-03-14,2017-03-15,2017-03-17,2017-03-17,1,0,,0.01063604467,0.00409442703,0.01816110413,0,temporal_sigmoid
xgboost,S2,2017,2017-03-15,2017-03-09,2017-03-15,2017-03-16,2017-03-18,2017-03-18,1,0,,0.01063604467,0.00409442703,0.01816110413,0,temporal_sigmoid
xgboost,S2,2017,2017-03-16,2017-03-10,2017-03-16,2017-03-17,2017-03-19,2017-03-19,1,0,,0.01063604467,0.00409442703,0.01816110413,0,temporal_sigmoid
xgboost,S2,2017,2017-03-17,2017-03-11,2017-03-17,2017-03-18,2017-03-20,2017-03-20,1,0,,0.01380521525,0.004909010808,0.01816110413,0,temporal_sigmoid
xgboost,S2,2017,2017-03-18,2017-03-12,2017-03-18,2017-03-19,2017-03-21,2017-03-21,1,0,,0.007878286764,0.003324334022,0.01816110413,0,temporal_sigmoid
xgboost,S2,2017,2017-03-19,2017-03-13,2017-03-19,2017-03-20,2017-03-22,2017-03-22,1,0,,0.01405114308,0.004969771136,0.01816110413,0,temporal_sigmoid
xgboost,S2,2017,2017-03-20,2017-03-14,2017-03-20,2017-03-21,2017-03-23,2017-03-23,1,0,,0.01467752364,0.005123143488,0.01816110413,0,temporal_sigmoid
xgboost,S2,2017,2017-03-21,2017-03-15,2017-03-21,2017-03-22,2017-03-24,2017-03-24,1,0,,0.01650651172,0.005560497138,0.01816110413,0,temporal_sigmoid
xgboost,S2,2017,2017-03-22,2017-03-16,2017-03-22,2017-03-23,2017-03-25,2017-03-25,1,0,,0.01859005727,0.006041992609,0.01816110413,0,temporal_sigmoid
xgboost,S2,2017,2017-03-23,2017-03-17,2017-03-23,2017-03-24,2017-03-26,2017-03-26,1,0,,0.02069710754,0.006513435694,0.01816110413,0,temporal_sigmoid
xgboost,S2,2017,2017-03-24,2017-03-18,2017-03-24,2017-03-25,2017-03-27,2017-03-27,1,0,,0.01913019083,0.006164234449,0.01816110413,0,temporal_sigmoid
xgboost,S2,2017,2017-03-25,2017-03-19,2017-03-25,2017-03-26,2017-03-28,2017-03-28,1,0,,0.01080490369,0.004139494961,0.01816110413,0,temporal_sigmoid
xgboost,S2,2017,2017-03-26,2017-03-20,2017-03-26,2017-03-27,2017-03-29,2017-03-29,1,0,,0.01080490369,0.004139494961,0.01816110413,0,temporal_sigmoid
xgboost,S2,2017,2017-03-27,2017-03-21,2017-03-27,2017-03-28,2017-03-30,2017-03-30,1,0,,0.01546220854,0.005312612538,0.01816110413,0,temporal_sigmoid
xgboost,S2,2017,2017-03-28,2017-03-22,2017-03-28,2017-03-29,2017-03-31,2017-03-31,1,0,,0.01246384811,0.004571797936,0.01816110413,0,temporal_sigmoid
xgboost,S2,2017,2017-03-29,2017-03-23,2017-03-29,2017-03-30,2017-04-01,2017-04-01,1,0,,0.01521184761,0.005252471355,0.01816110413,0,temporal_sigmoid
xgboost,S2,2017,2017-03-30,2017-03-24,2017-03-30,2017-03-31,2017-04-02,2017-04-02,1,0,,0.01592634059,0.005423363323,0.01816110413,0,temporal_sigmoid
xgboost,S2,2017,2017-03-31,2017-03-25,2017-03-31,2017-04-01,2017-04-03,2017-04-03,1,0,,0.01283046976,0.004664980568,0.01816110413,0,temporal_sigmoid
xgboost,S2,2017,2017-04-01,2017-03-26,2017-04-01,2017-04-02,2017-04-04,2017-04-04,1,0,,0.04985569417,0.01213385634,0.01816110413,0,temporal_sigmoid
xgboost,S2,2017,2017-04-02,2017-03-27,2017-04-02,2017-04-03,2017-04-05,2017-04-05,1,0,,0.0102220485,0.003983021397,0.01816110413,0,temporal_sigmoid
xgboost,S2,2017,2017-04-03,2017-03-28,2017-04-03,2017-04-04,2017-04-06,2017-04-06,1,0,,0.007034734357,0.003073290553,0.01816110413,0,temporal_sigmoid
xgboost,S2,2017,2017-04-04,2017-03-29,2017-04-04,2017-04-05,2017-04-07,2017-04-07,1,0,,0.007034734357,0.003073290553,0.01816110413,0,temporal_sigmoid
xgboost,S2,2017,2017-04-05,2017-03-30,2017-04-05,2017-04-06,2017-04-08,2017-04-08,1,0,,0.007034734357,0.003073290553,0.01816110413,0,temporal_sigmoid
xgboost,S2,2017,2017-04-06,2017-03-31,2017-04-06,2017-04-07,2017-04-09,2017-04-09,1,0,,0.007135461085,0.003103726211,0.01816110413,0,temporal_sigmoid
xgboost,S2,2017,2017-04-07,2017-04-01,2017-04-07,2017-04-08,2017-04-10,2017-04-10,1,0,,0.008032283746,0.00336926987,0.01816110413,0,temporal_sigmoid
xgboost,S2,2017,2017-04-08,2017-04-02,2017-04-08,2017-04-09,2017-04-11,2017-04-11,1,0,,0.008962355554,0.003635393223,0.01816110413,0,temporal_sigmoid
xgboost,S2,2017,2017-04-09,2017-04-03,2017-04-09,2017-04-10,2017-04-12,2017-04-12,1,0,,0.007454671431,0.003199335604,0.01816110413,0,temporal_sigmoid
xgboost,S2,2017,2017-04-10,2017-04-04,2017-04-10,2017-04-11,2017-04-13,2017-04-13,1,0,,0.01012970414,0.003957989904,0.01816110413,0,temporal_sigmoid
xgboost,S2,2017,2017-04-11,2017-04-05,2017-04-11,2017-04-12,2017-04-14,2017-04-14,1,0,,0.05111311749,0.0123528691,0.01816110413,0,temporal_sigmoid
xgboost,S2,2017,2017-04-12,2017-04-06,2017-04-12,2017-04-13,2017-04-15,2017-04-15,1,0,,0.01600161381,0.005441236162,0.01816110413,0,temporal_sigmoid
xgboost,S2,2017,2017-04-13,2017-04-07,2017-04-13,2017-04-14,2017-04-16,2017-04-16,1,0,,0.09679718316,0.01971404276,0.01816110413,1,temporal_sigmoid
xgboost,S2,2017,2017-04-14,2017-04-08,2017-04-14,2017-04-15,2017-04-17,2017-04-17,1,0,,0.1579153538,0.0287417561,0.01816110413,1,temporal_sigmoid
xgboost,S2,2017,2017-04-15,2017-04-09,2017-04-15,2017-04-16,2017-04-18,2017-04-18,1,0,,0.01627171971,0.005505170668,0.01816110413,0,temporal_sigmoid
xgboost,S2,2017,2017-04-16,2017-04-10,2017-04-16,2017-04-17,2017-04-19,2017-04-19,1,0,,0.01094254386,0.004176076116,0.01816110413,0,temporal_sigmoid
xgboost,S2,2017,2017-04-17,2017-04-11,2017-04-17,2017-04-18,2017-04-20,2017-04-20,1,0,,0.01898491383,0.006131453719,0.01816110413,0,temporal_sigmoid
xgboost,S2,2017,2017-04-18,2017-04-12,2017-04-18,2017-04-19,2017-04-21,2017-04-21,1,0,,0.02218873426,0.006838959501,0.01816110413,0,temporal_sigmoid
xgboost,S2,2017,2017-04-19,2017-04-13,2017-04-19,2017-04-20,2017-04-22,2017-04-22,1,0,,0.007294831332,0.003151618272,0.01816110413,0,temporal_sigmoid
xgboost,S2,2017,2017-04-20,2017-04-14,2017-04-20,2017-04-21,2017-04-23,2017-04-23,1,0,,0.007294831332,0.003151618272,0.01816110413,0,temporal_sigmoid
xgboost,S2,2017,2017-04-21,2017-04-15,2017-04-21,2017-04-22,2017-04-24,2017-04-24,1,0,,0.007034734357,0.003073290553,0.01816110413,0,temporal_sigmoid
xgboost,S2,2017,2017-04-22,2017-04-16,2017-04-22,2017-04-23,2017-04-25,2017-04-25,1,0,,0.007034734357,0.003073290553,0.01816110413,0,temporal_sigmoid
xgboost,S2,2017,2017-04-23,2017-04-17,2017-04-23,2017-04-24,2017-04-26,2017-04-26,1,0,,0.007034734357,0.003073290553,0.01816110413,0,temporal_sigmoid
xgboost,S2,2017,2017-04-24,2017-04-18,2017-04-24,2017-04-25,2017-04-27,2017-04-27,1,0,,0.007034734357,0.003073290553,0.01816110413,0,temporal_sigmoid
xgboost,S2,2017,2017-04-25,2017-04-19,2017-04-25,2017-04-26,2017-04-28,2017-04-28,1,0,,0.008962355554,0.003635393223,0.01816110413,0,temporal_sigmoid
xgboost,S2,2017,2017-04-26,2017-04-20,2017-04-26,2017-04-27,2017-04-29,2017-04-29,1,0,,0.03125149757,0.008702655246,0.01816110413,0,temporal_sigmoid
xgboost,S2,2017,2017-04-27,2017-04-21,2017-04-27,2017-04-28,2017-04-30,2017-04-30,1,0,,0.009086553007,0.003670288,0.01816110413,0,temporal_sigmoid
xgboost,S2,2017,2017-04-28,2017-04-22,2017-04-28,2017-04-29,2017-05-01,2017-05-01,1,0,,0.009086553007,0.003670288,0.01816110413,0,temporal_sigmoid
xgboost,S2,2017,2017-04-29,2017-04-23,2017-04-29,2017-04-30,2017-05-02,2017-05-02,1,0,,0.01054084674,0.00406892535,0.01816110413,0,temporal_sigmoid
xgboost,S2,2017,2017-04-30,2017-04-24,2017-04-30,2017-05-01,2017-05-03,2017-05-03,1,0,,0.009169475175,0.00369350653,0.01816110413,0,temporal_sigmoid
xgboost,S2,2017,2017-05-01,2017-04-25,2017-05-01,2017-05-02,2017-05-04,2017-05-04,1,0,,0.0101020243,0.003950473598,0.01816110413,0,temporal_sigmoid
xgboost,S2,2017,2017-05-02,2017-04-26,2017-05-02,2017-05-03,2017-05-05,2017-05-05,1,0,,0.01566769928,0.005361763906,0.01816110413,0,temporal_sigmoid
xgboost,S2,2017,2017-05-03,2017-04-27,2017-05-03,2017-05-04,2017-05-06,2017-05-06,1,0,,0.1087156683,0.02151664213,0.01816110413,1,temporal_sigmoid
xgboost,S2,2017,2017-05-04,2017-04-28,2017-05-04,2017-05-05,2017-05-07,2017-05-07,1,0,,0.01236527041,0.00454660581,0.01816110413,0,temporal_sigmoid
xgboost,S2,2017,2017-05-05,2017-04-29,2017-05-05,2017-05-06,2017-05-08,2017-05-08,1,0,,0.01065214351,0.004098732879,0.01816110413,0,temporal_sigmoid
xgboost,S2,2017,2017-05-06,2017-04-30,2017-05-06,2017-05-07,2017-05-09,2017-05-09,1,0,,0.01012289803,0.003956142312,0.01816110413,0,temporal_sigmoid
xgboost,S2,2017,2017-05-07,2017-05-01,2017-05-07,2017-05-08,2017-05-10,2017-05-10,1,0,,0.008827314712,0.003597287138,0.01816110413,0,temporal_sigmoid
xgboost,S2,2017,2017-05-08,2017-05-02,2017-05-08,2017-05-09,2017-05-11,2017-05-11,1,0,,0.0113554541,0.004285008162,0.01816110413,0,temporal_sigmoid
xgboost,S2,2017,2017-05-09,2017-05-03,2017-05-09,2017-05-10,2017-05-12,2017-05-12,1,0,,0.007034734357,0.003073290553,0.01816110413,0,temporal_sigmoid
xgboost,S2,2017,2017-05-10,2017-05-04,2017-05-10,2017-05-11,2017-05-13,2017-05-13,1,0,,0.007034734357,0.003073290553,0.01816110413,0,temporal_sigmoid
xgboost,S2,2017,2017-05-11,2017-05-05,2017-05-11,2017-05-12,2017-05-14,2017-05-14,1,0,,0.007034734357,0.003073290553,0.01816110413,0,temporal_sigmoid
xgboost,S2,2017,2017-05-12,2017-05-06,2017-05-12,2017-05-13,2017-05-15,2017-05-15,1,0,,0.007962522097,0.003348946031,0.01816110413,0,temporal_sigmoid
xgboost,S2,2017,2017-05-13,2017-05-07,2017-05-13,2017-05-14,2017-05-16,2017-05-16,1,0,,0.007349471096,0.003167965101,0.01816110413,0,temporal_sigmoid
xgboost,S2,2017,2017-05-14,2017-05-08,2017-05-14,2017-05-15,2017-05-17,2017-05-17,1,0,,0.007349471096,0.003167965101,0.01816110413,0,temporal_sigmoid
xgboost,S2,2017,2017-05-15,2017-05-09,2017-05-15,2017-05-16,2017-05-18,2017-05-18,1,0,,0.007034734357,0.003073290553,0.01816110413,0,temporal_sigmoid
xgboost,S2,2017,2017-05-16,2017-05-10,2017-05-16,2017-05-17,2017-05-19,2017-05-19,1,0,,0.007034734357,0.003073290553,0.01816110413,0,temporal_sigmoid
xgboost,S2,2017,2017-05-17,2017-05-11,2017-05-17,2017-05-18,2017-05-20,2017-05-20,1,0,,0.007034734357,0.003073290553,0.01816110413,0,temporal_sigmoid
xgboost,S2,2017,2017-05-18,2017-05-12,2017-05-18,2017-05-19,2017-05-21,2017-05-21,1,0,,0.007034734357,0.003073290553,0.01816110413,0,temporal_sigmoid
xgboost,S2,2017,2017-05-19,2017-05-13,2017-05-19,2017-05-20,2017-05-22,2017-05-22,1,0,,0.007962522097,0.003348946031,0.01816110413,0,temporal_sigmoid
xgboost,S2,2017,2017-05-20,2017-05-14,2017-05-20,2017-05-21,2017-05-23,2017-05-23,1,0,,0.022938326,0.007000209558,0.01816110413,0,temporal_sigmoid
xgboost,S2,2017,2017-05-21,2017-05-15,2017-05-21,2017-05-22,2017-05-24,2017-05-24,1,0,,0.02628908493,0.007703941912,0.01816110413,0,temporal_sigmoid
xgboost,S2,2017,2017-05-22,2017-05-16,2017-05-22,2017-05-23,2017-05-25,2017-05-25,1,0,,0.04901733622,0.01198710341,0.01816110413,0,temporal_sigmoid
xgboost,S2,2017,2017-05-23,2017-05-17,2017-05-23,2017-05-24,2017-05-26,2017-05-26,1,0,,0.04026019201,0.0104147127,0.01816110413,0,temporal_sigmoid
xgboost,S2,2017,2017-05-24,2017-05-18,2017-05-24,2017-05-25,2017-05-27,2017-05-27,1,0,,0.04473077133,0.01122695345,0.01816110413,0,temporal_sigmoid
xgboost,S2,2017,2017-05-25,2017-05-19,2017-05-25,2017-05-26,2017-05-28,2017-05-28,1,0,,0.07485245168,0.01629317175,0.01816110413,0,temporal_sigmoid
xgboost,S2,2017,2017-05-26,2017-05-20,2017-05-26,2017-05-27,2017-05-29,2017-05-29,1,0,,0.01980658434,0.006315935333,0.01816110413,0,temporal_sigmoid
xgboost,S2,2017,2017-05-27,2017-05-21,2017-05-27,2017-05-28,2017-05-30,2017-05-30,1,0,,0.01090546977,0.004166236301,0.01816110413,0,temporal_sigmoid
xgboost,S2,2017,2017-05-28,2017-05-22,2017-05-28,2017-05-29,2017-05-31,2017-05-31,1,0,,0.01628083736,0.005507323445,0.01816110413,0,temporal_sigmoid
xgboost,S2,2017,2017-05-29,2017-05-23,2017-05-29,2017-05-30,2017-06-01,2017-06-01,1,0,,0.03856030479,0.01009997565,0.01816110413,0,temporal_sigmoid
xgboost,S2,2017,2017-05-30,2017-05-24,2017-05-30,2017-05-31,2017-06-02,2017-06-02,1,0,,0.008516390808,0.003508878483,0.01816110413,0,temporal_sigmoid
xgboost,S2,2017,2017-05-31,2017-05-25,2017-05-31,2017-06-01,2017-06-03,2017-06-03,1,0,,0.008098416962,0.003388487684,0.01816110413,0,temporal_sigmoid
xgboost,S2,2017,2017-06-01,2017-05-26,2017-06-01,2017-06-02,2017-06-04,2017-06-04,1,0,,0.007034734357,0.003073290553,0.01816110413,0,temporal_sigmoid
xgboost,S2,2017,2017-06-02,2017-05-27,2017-06-02,2017-06-03,2017-06-05,2017-06-05,1,0,,0.007034734357,0.003073290553,0.01816110413,0,temporal_sigmoid
xgboost,S2,2017,2017-06-03,2017-05-28,2017-06-03,2017-06-04,2017-06-06,2017-06-06,1,0,,0.008735225536,0.003571201067,0.01816110413,0,temporal_sigmoid
xgboost,S2,2017,2017-06-04,2017-05-29,2017-06-04,2017-06-05,2017-06-07,2017-06-07,1,0,,0.007850212045,0.003316113545,0.01816110413,0,temporal_sigmoid
xgboost,S2,2017,2017-06-05,2017-05-30,2017-06-05,2017-06-06,2017-06-08,2017-06-08,1,0,,0.007349471096,0.003167965101,0.01816110413,0,temporal_sigmoid
xgboost,S2,2017,2017-06-06,2017-05-31,2017-06-06,2017-06-07,2017-06-09,2017-06-09,1,0,,0.01263718773,0.004615954074,0.01816110413,0,temporal_sigmoid
xgboost,S2,2017,2017-06-07,2017-06-01,2017-06-07,2017-06-08,2017-06-10,2017-06-10,1,0,,0.05107129365,0.01234560511,0.01816110413,0,temporal_sigmoid
xgboost,S2,2017,2017-06-08,2017-06-02,2017-06-08,2017-06-09,2017-06-11,2017-06-11,1,0,,0.0320895724,0.008866942066,0.01816110413,0,temporal_sigmoid
xgboost,S2,2017,2017-06-09,2017-06-03,2017-06-09,2017-06-10,2017-06-12,2017-06-12,1,0,,0.03887229785,0.0101580029,0.01816110413,0,temporal_sigmoid
xgboost,S2,2017,2017-06-10,2017-06-04,2017-06-10,2017-06-11,2017-06-13,2017-06-13,1,0,,0.008893263526,0.003615918349,0.01816110413,0,temporal_sigmoid
xgboost,S2,2017,2017-06-11,2017-06-05,2017-06-11,2017-06-12,2017-06-14,2017-06-14,1,0,,0.009738090448,0.003851069868,0.01816110413,0,temporal_sigmoid
xgboost,S2,2017,2017-06-12,2017-06-06,2017-06-12,2017-06-13,2017-06-15,2017-06-15,1,0,,0.008888994344,0.003614713518,0.01816110413,0,temporal_sigmoid
xgboost,S2,2017,2017-06-13,2017-06-07,2017-06-13,2017-06-14,2017-06-16,2017-06-16,1,0,,0.007034734357,0.003073290553,0.01816110413,0,temporal_sigmoid
xgboost,S2,2017,2017-06-14,2017-06-08,2017-06-14,2017-06-15,2017-06-17,2017-06-17,1,0,,0.007034734357,0.003073290553,0.01816110413,0,temporal_sigmoid
xgboost,S2,2017,2017-06-15,2017-06-09,2017-06-15,2017-06-16,2017-06-18,2017-06-18,1,0,,0.007034734357,0.003073290553,0.01816110413,0,temporal_sigmoid
xgboost,S2,2017,2017-06-16,2017-06-10,2017-06-16,2017-06-17,2017-06-19,2017-06-19,1,0,,0.007034734357,0.003073290553,0.01816110413,0,temporal_sigmoid
xgboost,S2,2017,2017-06-17,2017-06-11,2017-06-17,2017-06-18,2017-06-20,2017-06-20,1,0,,0.007349471096,0.003167965101,0.01816110413,0,temporal_sigmoid
xgboost,S2,2017,2017-06-18,2017-06-12,2017-06-18,2017-06-19,2017-06-21,2017-06-21,1,0,,0.007349471096,0.003167965101,0.01816110413,0,temporal_sigmoid
xgboost,S2,2017,2017-06-19,2017-06-13,2017-06-19,2017-06-20,2017-06-22,2017-06-22,1,0,,0.007034734357,0.003073290553,0.01816110413,0,temporal_sigmoid
xgboost,S2,2017,2017-06-20,2017-06-14,2017-06-20,2017-06-21,2017-06-23,2017-06-23,1,0,,0.007034734357,0.003073290553,0.01816110413,0,temporal_sigmoid
xgboost,S2,2017,2017-06-21,2017-06-15,2017-06-21,2017-06-22,2017-06-24,2017-06-24,1,0,,0.007034734357,0.003073290553,0.01816110413,0,temporal_sigmoid
xgboost,S2,2017,2017-06-22,2017-06-16,2017-06-22,2017-06-23,2017-06-25,2017-06-25,1,0,,0.007034734357,0.003073290553,0.01816110413,0,temporal_sigmoid
xgboost,S2,2017,2017-06-23,2017-06-17,2017-06-23,2017-06-24,2017-06-26,2017-06-26,1,0,,0.007454671431,0.003199335604,0.01816110413,0,temporal_sigmoid
xgboost,S2,2017,2017-06-24,2017-06-18,2017-06-24,2017-06-25,2017-06-27,2017-06-27,1,0,,0.007349471096,0.003167965101,0.01816110413,0,temporal_sigmoid
xgboost,S2,2017,2017-06-25,2017-06-19,2017-06-25,2017-06-26,2017-06-28,2017-06-28,1,0,,0.008072977886,0.003381100884,0.01816110413,0,temporal_sigmoid
xgboost,S2,2017,2017-06-26,2017-06-20,2017-06-26,2017-06-27,2017-06-29,2017-06-29,1,0,,0.009086553007,0.003670288,0.01816110413,0,temporal_sigmoid
xgboost,S2,2017,2017-06-27,2017-06-21,2017-06-27,2017-06-28,2017-06-30,2017-06-30,1,0,,0.01063352171,0.004093752057,0.01816110413,0,temporal_sigmoid
xgboost,S2,2018,2018-02-28,2018-02-22,2018-02-28,2018-03-01,2018-03-03,2018-03-03,1,0,,0.001959326211,0.003860498992,0.02788403879,0,temporal_sigmoid
xgboost,S2,2018,2018-03-01,2018-02-23,2018-03-01,2018-03-02,2018-03-04,2018-03-04,1,0,,0.001237065182,0.002846513159,0.02788403879,0,temporal_sigmoid
xgboost,S2,2018,2018-03-02,2018-02-24,2018-03-02,2018-03-03,2018-03-05,2018-03-05,1,0,,0.002885081107,0.004988451057,0.02788403879,0,temporal_sigmoid
xgboost,S2,2018,2018-03-03,2018-02-25,2018-03-03,2018-03-04,2018-03-06,2018-03-06,1,0,,0.002451379783,0.004478197522,0.02788403879,0,temporal_sigmoid
xgboost,S2,2018,2018-03-04,2018-02-26,2018-03-04,2018-03-05,2018-03-07,2018-03-07,1,0,,0.001332912245,0.00299081807,0.02788403879,0,temporal_sigmoid
xgboost,S2,2018,2018-03-05,2018-02-27,2018-03-05,2018-03-06,2018-03-08,2018-03-08,1,0,,0.0004322734312,0.00141776575,0.02788403879,0,temporal_sigmoid
xgboost,S2,2018,2018-03-06,2018-02-28,2018-03-06,2018-03-07,2018-03-09,2018-03-09,1,0,,0.001329458668,0.002985680691,0.02788403879,0,temporal_sigmoid
xgboost,S2,2018,2018-03-07,2018-03-01,2018-03-07,2018-03-08,2018-03-10,2018-03-10,1,0,,0.0005160897272,0.001594555544,0.02788403879,0,temporal_sigmoid
xgboost,S2,2018,2018-03-08,2018-03-02,2018-03-08,2018-03-09,2018-03-11,2018-03-11,1,0,,0.0007841050392,0.00210410683,0.02788403879,0,temporal_sigmoid
xgboost,S2,2018,2018-03-09,2018-03-03,2018-03-09,2018-03-10,2018-03-12,2018-03-12,1,0,,0.0005107756588,0.001583650048,0.02788403879,0,temporal_sigmoid
xgboost,S2,2018,2018-03-10,2018-03-04,2018-03-10,2018-03-11,2018-03-13,2018-03-13,1,0,,0.0008272289415,0.002180121474,0.02788403879,0,temporal_sigmoid
xgboost,S2,2018,2018-03-11,2018-03-05,2018-03-11,2018-03-12,2018-03-14,2018-03-14,1,0,,0.0009707835852,0.00242407192,0.02788403879,0,temporal_sigmoid
xgboost,S2,2018,2018-03-12,2018-03-06,2018-03-12,2018-03-13,2018-03-15,2018-03-15,1,0,,0.0006714534247,0.001898517222,0.02788403879,0,temporal_sigmoid
xgboost,S2,2018,2018-03-13,2018-03-07,2018-03-13,2018-03-14,2018-03-16,2018-03-16,1,0,,0.0003684037947,0.001275145751,0.02788403879,0,temporal_sigmoid
xgboost,S2,2018,2018-03-14,2018-03-08,2018-03-14,2018-03-15,2018-03-17,2018-03-17,1,0,,0.0004370318202,0.001428095492,0.02788403879,0,temporal_sigmoid
xgboost,S2,2018,2018-03-15,2018-03-09,2018-03-15,2018-03-16,2018-03-18,2018-03-18,1,0,,0.000477279129,0.001514003177,0.02788403879,0,temporal_sigmoid
xgboost,S2,2018,2018-03-16,2018-03-10,2018-03-16,2018-03-17,2018-03-19,2018-03-19,1,0,,0.0007966483245,0.00212635937,0.02788403879,0,temporal_sigmoid
xgboost,S2,2018,2018-03-17,2018-03-11,2018-03-17,2018-03-18,2018-03-20,2018-03-20,1,0,,0.001554325572,0.003311420242,0.02788403879,0,temporal_sigmoid
xgboost,S2,2018,2018-03-18,2018-03-12,2018-03-18,2018-03-19,2018-03-21,2018-03-21,1,0,,0.002744490746,0.004826081932,0.02788403879,0,temporal_sigmoid
xgboost,S2,2018,2018-03-19,2018-03-13,2018-03-19,2018-03-20,2018-03-22,2018-03-22,1,0,,0.001384807169,0.003067481618,0.02788403879,0,temporal_sigmoid
xgboost,S2,2018,2018-03-20,2018-03-14,2018-03-20,2018-03-21,2018-03-23,2018-03-23,1,0,,0.001133761718,0.002686678048,0.02788403879,0,temporal_sigmoid
xgboost,S2,2018,2018-03-21,2018-03-15,2018-03-21,2018-03-22,2018-03-24,2018-03-24,1,0,,0.0007430840633,0.002030477325,0.02788403879,0,temporal_sigmoid
xgboost,S2,2018,2018-03-22,2018-03-16,2018-03-22,2018-03-23,2018-03-25,2018-03-25,1,0,,0.0004395715368,0.001433593294,0.02788403879,0,temporal_sigmoid
xgboost,S2,2018,2018-03-23,2018-03-17,2018-03-23,2018-03-24,2018-03-26,2018-03-26,1,0,,0.001454316895,0.003168663333,0.02788403879,0,temporal_sigmoid
xgboost,S2,2018,2018-03-24,2018-03-18,2018-03-24,2018-03-25,2018-03-27,2018-03-27,1,0,,0.004215948284,0.006413210193,0.02788403879,0,temporal_sigmoid
xgboost,S2,2018,2018-03-25,2018-03-19,2018-03-25,2018-03-26,2018-03-28,2018-03-28,1,0,,0.02734657191,0.02217628142,0.02788403879,0,temporal_sigmoid
xgboost,S2,2018,2018-03-26,2018-03-20,2018-03-26,2018-03-27,2018-03-29,2018-03-29,1,0,,0.001012655557,0.00249287589,0.02788403879,0,temporal_sigmoid
xgboost,S2,2018,2018-03-27,2018-03-21,2018-03-27,2018-03-28,2018-03-30,2018-03-30,1,0,,0.00184956484,0.003715831097,0.02788403879,0,temporal_sigmoid
xgboost,S2,2018,2018-03-28,2018-03-22,2018-03-28,2018-03-29,2018-03-31,2018-03-31,1,0,,0.00343155209,0.005595795141,0.02788403879,0,temporal_sigmoid
xgboost,S2,2018,2018-03-29,2018-03-23,2018-03-29,2018-03-30,2018-04-01,2018-04-01,1,0,,0.001710370881,0.003528119526,0.02788403879,0,temporal_sigmoid
xgboost,S2,2018,2018-03-30,2018-03-24,2018-03-30,2018-03-31,2018-04-02,2018-04-02,1,0,,0.0006186987157,0.001798269949,0.02788403879,0,temporal_sigmoid
xgboost,S2,2018,2018-03-31,2018-03-25,2018-03-31,2018-04-01,2018-04-03,2018-04-03,1,0,,0.0004614981008,0.001480621625,0.02788403879,0,temporal_sigmoid
xgboost,S2,2018,2018-04-01,2018-03-26,2018-04-01,2018-04-02,2018-04-04,2018-04-04,1,0,,0.001201902749,0.002792633841,0.02788403879,0,temporal_sigmoid
xgboost,S2,2018,2018-04-02,2018-03-27,2018-04-02,2018-04-03,2018-04-05,2018-04-05,1,0,,0.0007183302077,0.001985382041,0.02788403879,0,temporal_sigmoid
xgboost,S2,2018,2018-04-03,2018-03-28,2018-04-03,2018-04-04,2018-04-06,2018-04-06,1,0,,0.001476546866,0.003200675064,0.02788403879,0,temporal_sigmoid
xgboost,S2,2018,2018-04-04,2018-03-29,2018-04-04,2018-04-05,2018-04-07,2018-04-07,1,0,,0.004673816729,0.006866429741,0.02788403879,0,temporal_sigmoid
xgboost,S2,2018,2018-04-05,2018-03-30,2018-04-05,2018-04-06,2018-04-08,2018-04-08,1,0,,0.007450826932,0.009351532216,0.02788403879,0,temporal_sigmoid
xgboost,S2,2018,2018-04-06,2018-03-31,2018-04-06,2018-04-07,2018-04-09,2018-04-09,1,0,,0.001418790198,0.003117158261,0.02788403879,0,temporal_sigmoid
xgboost,S2,2018,2018-04-07,2018-04-01,2018-04-07,2018-04-08,2018-04-10,2018-04-10,1,0,,0.003140192712,0.005276418451,0.02788403879,0,temporal_sigmoid
xgboost,S2,2018,2018-04-08,2018-04-02,2018-04-08,2018-04-09,2018-04-11,2018-04-11,1,0,,0.004160463344,0.006357185294,0.02788403879,0,temporal_sigmoid
xgboost,S2,2018,2018-04-09,2018-04-03,2018-04-09,2018-04-10,2018-04-12,2018-04-12,1,0,,0.01020095311,0.01151581256,0.02788403879,0,temporal_sigmoid
xgboost,S2,2018,2018-04-10,2018-04-04,2018-04-10,2018-04-11,2018-04-13,2018-04-13,1,0,,0.003530757036,0.005702424288,0.02788403879,0,temporal_sigmoid
xgboost,S2,2018,2018-04-11,2018-04-05,2018-04-11,2018-04-12,2018-04-14,2018-04-14,1,0,,0.005615646485,0.007754187932,0.02788403879,0,temporal_sigmoid
xgboost,S2,2018,2018-04-12,2018-04-06,2018-04-12,2018-04-13,2018-04-15,2018-04-15,1,0,,0.000717800227,0.001984410864,0.02788403879,0,temporal_sigmoid
xgboost,S2,2018,2018-04-13,2018-04-07,2018-04-13,2018-04-14,2018-04-16,2018-04-16,1,0,,0.001220378443,0.002821009544,0.02788403879,0,temporal_sigmoid
xgboost,S2,2018,2018-04-14,2018-04-08,2018-04-14,2018-04-15,2018-04-17,2018-04-17,1,0,,0.001260632183,0.002882335278,0.02788403879,0,temporal_sigmoid
xgboost,S2,2018,2018-04-15,2018-04-09,2018-04-15,2018-04-16,2018-04-18,2018-04-18,1,0,,0.0008136592223,0.002156349625,0.02788403879,0,temporal_sigmoid
xgboost,S2,2018,2018-04-16,2018-04-10,2018-04-16,2018-04-17,2018-04-19,2018-04-19,1,0,,0.000656998076,0.001871321555,0.02788403879,0,temporal_sigmoid
xgboost,S2,2018,2018-04-17,2018-04-11,2018-04-17,2018-04-18,2018-04-20,2018-04-20,1,0,,0.0005440833629,0.00165139117,0.02788403879,0,temporal_sigmoid
xgboost,S2,2018,2018-04-18,2018-04-12,2018-04-18,2018-04-19,2018-04-21,2018-04-21,1,0,,0.0004862199421,0.001532750207,0.02788403879,0,temporal_sigmoid
xgboost,S2,2018,2018-04-19,2018-04-13,2018-04-19,2018-04-20,2018-04-22,2018-04-22,1,0,,0.0004477622861,0.00145125152,0.02788403879,0,temporal_sigmoid
xgboost,S2,2018,2018-04-20,2018-04-14,2018-04-20,2018-04-21,2018-04-23,2018-04-23,1,0,,0.0005051714252,0.001572107508,0.02788403879,0,temporal_sigmoid
xgboost,S2,2018,2018-04-21,2018-04-15,2018-04-21,2018-04-22,2018-04-24,2018-04-24,1,0,,0.0008754142909,0.002263491862,0.02788403879,0,temporal_sigmoid
xgboost,S2,2018,2018-04-22,2018-04-16,2018-04-22,2018-04-23,2018-04-25,2018-04-25,1,0,,0.0008037037333,0.002138824067,0.02788403879,0,temporal_sigmoid
xgboost,S2,2018,2018-04-23,2018-04-17,2018-04-23,2018-04-24,2018-04-26,2018-04-26,1,0,,0.001232977957,0.002840277148,0.02788403879,0,temporal_sigmoid
xgboost,S2,2018,2018-04-24,2018-04-18,2018-04-24,2018-04-25,2018-04-27,2018-04-27,1,0,,0.001330214087,0.002986804802,0.02788403879,0,temporal_sigmoid
xgboost,S2,2018,2018-04-25,2018-04-19,2018-04-25,2018-04-26,2018-04-28,2018-04-28,1,0,,0.0006706943386,0.00189709406,0.02788403879,0,temporal_sigmoid
xgboost,S2,2018,2018-04-26,2018-04-20,2018-04-26,2018-04-27,2018-04-29,2018-04-29,1,0,,0.0006179743796,0.001796873889,0.02788403879,0,temporal_sigmoid
xgboost,S2,2018,2018-04-27,2018-04-21,2018-04-27,2018-04-28,2018-04-30,2018-04-30,1,0,,0.0007997242501,0.002131798132,0.02788403879,0,temporal_sigmoid
xgboost,S2,2018,2018-04-28,2018-04-22,2018-04-28,2018-04-29,2018-05-01,2018-05-01,1,0,,0.001545552514,0.003299024034,0.02788403879,0,temporal_sigmoid
xgboost,S2,2018,2018-04-29,2018-04-23,2018-04-29,2018-04-30,2018-05-02,2018-05-02,1,0,,0.0004614981008,0.001480621625,0.02788403879,0,temporal_sigmoid
xgboost,S2,2018,2018-04-30,2018-04-24,2018-04-30,2018-05-01,2018-05-03,2018-05-03,1,0,,0.0004275495012,0.001407472794,0.02788403879,0,temporal_sigmoid
xgboost,S2,2018,2018-05-01,2018-04-25,2018-05-01,2018-05-02,2018-05-04,2018-05-04,1,0,,0.0005323731457,0.001627738881,0.02788403879,0,temporal_sigmoid
xgboost,S2,2018,2018-05-02,2018-04-26,2018-05-02,2018-05-03,2018-05-05,2018-05-05,1,0,,0.0004614981008,0.001480621625,0.02788403879,0,temporal_sigmoid
xgboost,S2,2018,2018-05-03,2018-04-27,2018-05-03,2018-05-04,2018-05-06,2018-05-06,1,0,,0.0007069298299,0.001964437352,0.02788403879,0,temporal_sigmoid
xgboost,S2,2018,2018-05-04,2018-04-28,2018-05-04,2018-05-05,2018-05-07,2018-05-07,1,0,,0.0005371476291,0.00163740337,0.02788403879,0,temporal_sigmoid
xgboost,S2,2018,2018-05-05,2018-04-29,2018-05-05,2018-05-06,2018-05-08,2018-05-08,1,0,,0.0006621737266,0.001881081797,0.02788403879,0,temporal_sigmoid
xgboost,S2,2018,2018-05-06,2018-04-30,2018-05-06,2018-05-07,2018-05-09,2018-05-09,1,0,,0.0007906789542,0.002115784221,0.02788403879,0,temporal_sigmoid
xgboost,S2,2018,2018-05-07,2018-05-01,2018-05-07,2018-05-08,2018-05-10,2018-05-10,1,0,,0.0008234056877,0.002173437196,0.02788403879,0,temporal_sigmoid
xgboost,S2,2018,2018-05-08,2018-05-02,2018-05-08,2018-05-09,2018-05-11,2018-05-11,1,0,,0.001294334768,0.002933172933,0.02788403879,0,temporal_sigmoid
xgboost,S2,2018,2018-05-09,2018-05-03,2018-05-09,2018-05-10,2018-05-12,2018-05-12,1,0,,0.0006542512565,0.001866131061,0.02788403879,0,temporal_sigmoid
xgboost,S2,2018,2018-05-10,2018-05-04,2018-05-10,2018-05-11,2018-05-13,2018-05-13,1,0,,0.0007053283043,0.001961485936,0.02788403879,0,temporal_sigmoid
xgboost,S2,2018,2018-05-11,2018-05-05,2018-05-11,2018-05-12,2018-05-14,2018-05-14,1,0,,0.0005224246997,0.001607506743,0.02788403879,0,temporal_sigmoid
xgboost,S2,2018,2018-05-12,2018-05-06,2018-05-12,2018-05-13,2018-05-15,2018-05-15,1,0,,0.0007593250484,0.002059788806,0.02788403879,0,temporal_sigmoid
xgboost,S2,2018,2018-05-13,2018-05-07,2018-05-13,2018-05-14,2018-05-16,2018-05-16,1,0,,0.0005488371826,0.001660943794,0.02788403879,0,temporal_sigmoid
xgboost,S2,2018,2018-05-14,2018-05-08,2018-05-14,2018-05-15,2018-05-17,2018-05-17,1,0,,0.0005189380026,0.00160038515,0.02788403879,0,temporal_sigmoid
xgboost,S2,2018,2018-05-15,2018-05-09,2018-05-15,2018-05-16,2018-05-18,2018-05-18,1,0,,0.0005257524317,0.001614288703,0.02788403879,0,temporal_sigmoid
xgboost,S2,2018,2018-05-16,2018-05-10,2018-05-16,2018-05-17,2018-05-19,2018-05-19,1,0,,0.001072580577,0.002589696277,0.02788403879,0,temporal_sigmoid
xgboost,S2,2018,2018-05-17,2018-05-11,2018-05-17,2018-05-18,2018-05-20,2018-05-20,1,0,,0.0007330434746,0.002012248005,0.02788403879,0,temporal_sigmoid
xgboost,S2,2018,2018-05-18,2018-05-12,2018-05-18,2018-05-19,2018-05-21,2018-05-21,1,0,,0.001030839514,0.00252245531,0.02788403879,0,temporal_sigmoid
xgboost,S2,2018,2018-05-19,2018-05-13,2018-05-19,2018-05-20,2018-05-22,2018-05-22,1,0,,0.001135443454,0.002689318525,0.02788403879,0,temporal_sigmoid
xgboost,S2,2018,2018-05-20,2018-05-14,2018-05-20,2018-05-21,2018-05-23,2018-05-23,1,0,,0.0008472456248,0.002214948353,0.02788403879,0,temporal_sigmoid
xgboost,S2,2018,2018-05-21,2018-05-15,2018-05-21,2018-05-22,2018-05-24,2018-05-24,1,0,,0.0006437417469,0.001846203557,0.02788403879,0,temporal_sigmoid
xgboost,S2,2018,2018-05-22,2018-05-16,2018-05-22,2018-05-23,2018-05-25,2018-05-25,1,0,,0.0005118249683,0.001585806456,0.02788403879,0,temporal_sigmoid
xgboost,S2,2018,2018-05-23,2018-05-17,2018-05-23,2018-05-24,2018-05-26,2018-05-26,1,0,,0.0004875911982,0.001535615117,0.02788403879,0,temporal_sigmoid
xgboost,S2,2018,2018-05-24,2018-05-18,2018-05-24,2018-05-25,2018-05-27,2018-05-27,1,0,,0.0008839907823,0.002278166601,0.02788403879,0,temporal_sigmoid
xgboost,S2,2018,2018-05-25,2018-05-19,2018-05-25,2018-05-26,2018-05-28,2018-05-28,1,0,,0.0008030074532,0.002137595606,0.02788403879,0,temporal_sigmoid
xgboost,S2,2018,2018-05-26,2018-05-20,2018-05-26,2018-05-27,2018-05-29,2018-05-29,1,0,,0.001443102257,0.003152451247,0.02788403879,0,temporal_sigmoid
xgboost,S2,2018,2018-05-27,2018-05-21,2018-05-27,2018-05-28,2018-05-30,2018-05-30,1,0,,0.00686256215,0.008855656758,0.02788403879,0,temporal_sigmoid
xgboost,S2,2018,2018-05-28,2018-05-22,2018-05-28,2018-05-29,2018-05-31,2018-05-31,1,0,,0.003360809758,0.005519121516,0.02788403879,0,temporal_sigmoid
xgboost,S2,2018,2018-05-29,2018-05-23,2018-05-29,2018-05-30,2018-06-01,2018-06-01,1,0,,0.002256770153,0.004239420593,0.02788403879,0,temporal_sigmoid
xgboost,S2,2018,2018-05-30,2018-05-24,2018-05-30,2018-05-31,2018-06-02,2018-06-02,1,0,,0.001461905311,0.003179609321,0.02788403879,0,temporal_sigmoid
xgboost,S2,2018,2018-05-31,2018-05-25,2018-05-31,2018-06-01,2018-06-03,2018-06-03,1,0,,0.0005291556008,0.001621209437,0.02788403879,0,temporal_sigmoid
xgboost,S2,2018,2018-06-01,2018-05-26,2018-06-01,2018-06-02,2018-06-04,2018-06-04,1,0,,0.0003185949172,0.001158037209,0.02788403879,0,temporal_sigmoid
xgboost,S2,2018,2018-06-02,2018-05-27,2018-06-02,2018-06-03,2018-06-05,2018-06-05,1,0,,0.0003778648097,0.001296769489,0.02788403879,0,temporal_sigmoid
xgboost,S2,2018,2018-06-03,2018-05-28,2018-06-03,2018-06-04,2018-06-06,2018-06-06,1,0,,0.0005084285513,0.001578821148,0.02788403879,0,temporal_sigmoid
xgboost,S2,2018,2018-06-04,2018-05-29,2018-06-04,2018-06-05,2018-06-07,2018-06-07,1,0,,0.0006315954961,0.001823035194,0.02788403879,0,temporal_sigmoid
xgboost,S2,2018,2018-06-05,2018-05-30,2018-06-05,2018-06-06,2018-06-08,2018-06-08,1,0,,0.0004700452264,0.001498748313,0.02788403879,0,temporal_sigmoid
xgboost,S2,2018,2018-06-06,2018-05-31,2018-06-06,2018-06-07,2018-06-09,2018-06-09,1,0,,0.003046823898,0.005171976568,0.02788403879,0,temporal_sigmoid
xgboost,S2,2018,2018-06-07,2018-06-01,2018-06-07,2018-06-08,2018-06-10,2018-06-10,1,0,,0.007101385854,0.009058631968,0.02788403879,0,temporal_sigmoid
xgboost,S2,2018,2018-06-08,2018-06-02,2018-06-08,2018-06-09,2018-06-11,2018-06-11,1,0,,0.003720015287,0.005903081646,0.02788403879,0,temporal_sigmoid
xgboost,S2,2018,2018-06-09,2018-06-03,2018-06-09,2018-06-10,2018-06-12,2018-06-12,1,0,,0.001850958914,0.003717686419,0.02788403879,0,temporal_sigmoid
xgboost,S2,2018,2018-06-10,2018-06-04,2018-06-10,2018-06-11,2018-06-13,2018-06-13,1,0,,0.000481781055,0.001523457457,0.02788403879,0,temporal_sigmoid
xgboost,S2,2018,2018-06-11,2018-06-05,2018-06-11,2018-06-12,2018-06-14,2018-06-14,1,0,,0.0004198461247,0.001390605216,0.02788403879,0,temporal_sigmoid
xgboost,S2,2018,2018-06-12,2018-06-06,2018-06-12,2018-06-13,2018-06-15,2018-06-15,1,0,,0.000400864752,0.001348590425,0.02788403879,0,temporal_sigmoid
xgboost,S2,2018,2018-06-13,2018-06-07,2018-06-13,2018-06-14,2018-06-16,2018-06-16,1,0,,0.0004121554084,0.001373660872,0.02788403879,0,temporal_sigmoid
xgboost,S2,2018,2018-06-14,2018-06-08,2018-06-14,2018-06-15,2018-06-17,2018-06-17,1,0,,0.0004306995543,0.00141434067,0.02788403879,0,temporal_sigmoid
xgboost,S2,2018,2018-06-15,2018-06-09,2018-06-15,2018-06-16,2018-06-18,2018-06-18,1,0,,0.0007373670815,0.002020108056,0.02788403879,0,temporal_sigmoid
xgboost,S2,2018,2018-06-16,2018-06-10,2018-06-16,2018-06-17,2018-06-19,2018-06-19,1,0,,0.00049396744,0.001548901207,0.02788403879,0,temporal_sigmoid
xgboost,S2,2018,2018-06-17,2018-06-11,2018-06-17,2018-06-18,2018-06-20,2018-06-20,1,0,,0.0006900714361,0.001933254897,0.02788403879,0,temporal_sigmoid
xgboost,S2,2018,2018-06-18,2018-06-12,2018-06-18,2018-06-19,2018-06-21,2018-06-21,1,0,,0.002730355132,0.004809602803,0.02788403879,0,temporal_sigmoid
xgboost,S2,2018,2018-06-19,2018-06-13,2018-06-19,2018-06-20,2018-06-22,2018-06-22,1,0,,0.0004882953945,0.00153708531,0.02788403879,0,temporal_sigmoid
xgboost,S2,2018,2018-06-20,2018-06-14,2018-06-20,2018-06-21,2018-06-23,2018-06-23,1,0,,0.000474192726,0.001507504177,0.02788403879,0,temporal_sigmoid
xgboost,S2,2018,2018-06-21,2018-06-15,2018-06-21,2018-06-22,2018-06-24,2018-06-24,1,0,,0.001457505161,0.003173264626,0.02788403879,0,temporal_sigmoid
xgboost,S2,2018,2018-06-22,2018-06-16,2018-06-22,2018-06-23,2018-06-25,2018-06-25,1,0,,0.001685287571,0.003493752338,0.02788403879,0,temporal_sigmoid
xgboost,S2,2018,2018-06-23,2018-06-17,2018-06-23,2018-06-24,2018-06-26,2018-06-26,1,0,,0.0005436810316,0.001650581409,0.02788403879,0,temporal_sigmoid
xgboost,S2,2018,2018-06-24,2018-06-18,2018-06-24,2018-06-25,2018-06-27,2018-06-27,1,0,,0.0004255848471,0.00140318073,0.02788403879,0,temporal_sigmoid
xgboost,S2,2018,2018-06-25,2018-06-19,2018-06-25,2018-06-26,2018-06-28,2018-06-28,1,0,,0.0004583921691,0.001474006583,0.02788403879,0,temporal_sigmoid
xgboost,S2,2018,2018-06-26,2018-06-20,2018-06-26,2018-06-27,2018-06-29,2018-06-29,1,0,,0.0004566224816,0.001470230723,0.02788403879,0,temporal_sigmoid
xgboost,S2,2018,2018-06-27,2018-06-21,2018-06-27,2018-06-28,2018-06-30,2018-06-30,1,0,,0.0005208058283,0.001604202192,0.02788403879,0,temporal_sigmoid
xgboost,S2,2019,2019-02-28,2019-02-22,2019-02-28,2019-03-01,2019-03-03,2019-03-03,1,0,,0.0004411608097,0.004330728984,0.02604767798,0,temporal_sigmoid
xgboost,S2,2019,2019-03-01,2019-02-23,2019-03-01,2019-03-02,2019-03-04,2019-03-04,1,0,,0.0004933554446,0.004587410619,0.02604767798,0,temporal_sigmoid
xgboost,S2,2019,2019-03-02,2019-02-24,2019-03-02,2019-03-03,2019-03-05,2019-03-05,1,0,,0.0004933554446,0.004587410619,0.02604767798,0,temporal_sigmoid
xgboost,S2,2019,2019-03-03,2019-02-25,2019-03-03,2019-03-04,2019-03-06,2019-03-06,1,0,,0.001035051304,0.006716294335,0.02604767798,0,temporal_sigmoid
xgboost,S2,2019,2019-03-04,2019-02-26,2019-03-04,2019-03-05,2019-03-07,2019-03-07,1,0,,0.0003808287729,0.004014820914,0.02604767798,0,temporal_sigmoid
xgboost,S2,2019,2019-03-05,2019-02-27,2019-03-05,2019-03-06,2019-03-08,2019-03-08,1,0,,0.0007330256631,0.005624332716,0.02604767798,0,temporal_sigmoid
xgboost,S2,2019,2019-03-06,2019-02-28,2019-03-06,2019-03-07,2019-03-09,2019-03-09,1,0,,0.0009862257866,0.006551509362,0.02604767798,0,temporal_sigmoid
xgboost,S2,2019,2019-03-07,2019-03-01,2019-03-07,2019-03-08,2019-03-10,2019-03-10,1,0,,0.001241813414,0.007375296106,0.02604767798,0,temporal_sigmoid
xgboost,S2,2019,2019-03-08,2019-03-02,2019-03-08,2019-03-09,2019-03-11,2019-03-11,1,0,,0.001861622673,0.009079846635,0.02604767798,0,temporal_sigmoid
xgboost,S2,2019,2019-03-09,2019-03-03,2019-03-09,2019-03-10,2019-03-12,2019-03-12,1,0,,0.001533646951,0.008219925371,0.02604767798,0,temporal_sigmoid
xgboost,S2,2019,2019-03-10,2019-03-04,2019-03-10,2019-03-11,2019-03-13,2019-03-13,1,0,,0.0009610824054,0.00646509644,0.02604767798,0,temporal_sigmoid
xgboost,S2,2019,2019-03-11,2019-03-05,2019-03-11,2019-03-12,2019-03-14,2019-03-14,1,0,,0.001294706482,0.007535061637,0.02604767798,0,temporal_sigmoid
xgboost,S2,2019,2019-03-12,2019-03-06,2019-03-12,2019-03-13,2019-03-15,2019-03-15,1,0,,0.000545644958,0.004831605657,0.02604767798,0,temporal_sigmoid
xgboost,S2,2019,2019-03-13,2019-03-07,2019-03-13,2019-03-14,2019-03-16,2019-03-16,1,0,,0.0005640585441,0.004914861416,0.02604767798,0,temporal_sigmoid
xgboost,S2,2019,2019-03-14,2019-03-08,2019-03-14,2019-03-15,2019-03-17,2019-03-17,1,0,,0.001052769134,0.006775149477,0.02604767798,0,temporal_sigmoid
xgboost,S2,2019,2019-03-15,2019-03-09,2019-03-15,2019-03-16,2019-03-18,2019-03-18,1,0,,0.0009337224765,0.006369801989,0.02604767798,0,temporal_sigmoid
xgboost,S2,2019,2019-03-16,2019-03-10,2019-03-16,2019-03-17,2019-03-19,2019-03-19,1,0,,0.0407281667,0.04407158957,0.02604767798,1,temporal_sigmoid
xgboost,S2,2019,2019-03-17,2019-03-11,2019-03-17,2019-03-18,2019-03-20,2019-03-20,1,0,,0.05505515635,0.05150207973,0.02604767798,1,temporal_sigmoid
xgboost,S2,2019,2019-03-18,2019-03-12,2019-03-18,2019-03-19,2019-03-21,2019-03-21,1,0,,0.0007491136785,0.005687501798,0.02604767798,0,temporal_sigmoid
xgboost,S2,2019,2019-03-19,2019-03-13,2019-03-19,2019-03-20,2019-03-22,2019-03-22,1,0,,0.0009837351972,0.006542998062,0.02604767798,0,temporal_sigmoid
xgboost,S2,2019,2019-03-20,2019-03-14,2019-03-20,2019-03-21,2019-03-23,2019-03-23,1,0,,0.0009198696353,0.006321032767,0.02604767798,0,temporal_sigmoid
xgboost,S2,2019,2019-03-21,2019-03-15,2019-03-21,2019-03-22,2019-03-24,2019-03-24,1,0,,0.07190601528,0.05919469053,0.02604767798,1,temporal_sigmoid
xgboost,S2,2019,2019-03-22,2019-03-16,2019-03-22,2019-03-23,2019-03-25,2019-03-25,1,0,,0.09349752218,0.06798989597,0.02604767798,1,temporal_sigmoid
xgboost,S2,2019,2019-03-23,2019-03-17,2019-03-23,2019-03-24,2019-03-26,2019-03-26,1,0,,0.2495809644,0.1178779489,0.02604767798,1,temporal_sigmoid
xgboost,S2,2019,2019-03-24,2019-03-18,2019-03-24,2019-03-25,2019-03-27,2019-03-27,1,0,,0.02542961948,0.03460445785,0.02604767798,1,temporal_sigmoid
xgboost,S2,2019,2019-03-25,2019-03-19,2019-03-25,2019-03-26,2019-03-28,2019-03-28,1,0,,0.0321373418,0.0390171985,0.02604767798,1,temporal_sigmoid
xgboost,S2,2019,2019-03-26,2019-03-20,2019-03-26,2019-03-27,2019-03-29,2019-03-29,1,0,,0.02753256261,0.03604206846,0.02604767798,1,temporal_sigmoid
xgboost,S2,2019,2019-03-27,2019-03-21,2019-03-27,2019-03-28,2019-03-30,2019-03-30,1,0,,0.001076715067,0.006853929704,0.02604767798,0,temporal_sigmoid
xgboost,S2,2019,2019-03-28,2019-03-22,2019-03-28,2019-03-29,2019-03-31,2019-03-31,1,0,,0.06218148023,0.05486697236,0.02604767798,1,temporal_sigmoid
xgboost,S2,2019,2019-03-29,2019-03-23,2019-03-29,2019-03-30,2019-04-01,2019-04-01,1,0,,0.003500649473,0.0125519945,0.02604767798,0,temporal_sigmoid
xgboost,S2,2019,2019-03-30,2019-03-24,2019-03-30,2019-03-31,2019-04-02,2019-04-02,1,0,,0.001853489084,0.009059463588,0.02604767798,0,temporal_sigmoid
xgboost,S2,2019,2019-03-31,2019-03-25,2019-03-31,2019-04-01,2019-04-03,2019-04-03,1,0,,0.003781835781,0.01305871599,0.02604767798,0,temporal_sigmoid
xgboost,S2,2019,2019-04-01,2019-03-26,2019-04-01,2019-04-02,2019-04-04,2019-04-04,1,0,,0.0007789261872,0.005802834823,0.02604767798,0,temporal_sigmoid
xgboost,S2,2019,2019-04-02,2019-03-27,2019-04-02,2019-04-03,2019-04-05,2019-04-05,1,0,,0.000505745993,0.004646372474,0.02604767798,0,temporal_sigmoid
xgboost,S2,2019,2019-04-03,2019-03-28,2019-04-03,2019-04-04,2019-04-06,2019-04-06,1,0,,0.0003640727082,0.003922830897,0.02604767798,0,temporal_sigmoid
xgboost,S2,2019,2019-04-04,2019-03-29,2019-04-04,2019-04-05,2019-04-07,2019-04-07,1,0,,0.00044832821,0.00436682109,0.02604767798,0,temporal_sigmoid
xgboost,S2,2019,2019-04-05,2019-03-30,2019-04-05,2019-04-06,2019-04-08,2019-04-08,1,0,,0.0002976861724,0.003536327766,0.02604767798,0,temporal_sigmoid
xgboost,S2,2019,2019-04-06,2019-03-31,2019-04-06,2019-04-07,2019-04-09,2019-04-09,1,0,,0.001131027238,0.00702950014,0.02604767798,0,temporal_sigmoid
xgboost,S2,2019,2019-04-07,2019-04-01,2019-04-07,2019-04-08,2019-04-10,2019-04-10,1,0,,0.0009588708635,0.006457443271,0.02604767798,0,temporal_sigmoid
xgboost,S2,2019,2019-04-08,2019-04-02,2019-04-08,2019-04-09,2019-04-11,2019-04-11,1,0,,0.001288395957,0.007516170242,0.02604767798,0,temporal_sigmoid
xgboost,S2,2019,2019-04-09,2019-04-03,2019-04-09,2019-04-10,2019-04-12,2019-04-12,1,0,,0.0004649572656,0.004449491461,0.02604767798,0,temporal_sigmoid
xgboost,S2,2019,2019-04-10,2019-04-04,2019-04-10,2019-04-11,2019-04-13,2019-04-13,1,0,,0.0003347062157,0.00375649298,0.02604767798,0,temporal_sigmoid
xgboost,S2,2019,2019-04-11,2019-04-05,2019-04-11,2019-04-12,2019-04-14,2019-04-14,1,0,,0.0004811091931,0.004528422465,0.02604767798,0,temporal_sigmoid
xgboost,S2,2019,2019-04-12,2019-04-06,2019-04-12,2019-04-13,2019-04-15,2019-04-15,1,0,,0.0004353609111,0.004301313586,0.02604767798,0,temporal_sigmoid
xgboost,S2,2019,2019-04-13,2019-04-07,2019-04-13,2019-04-14,2019-04-16,2019-04-16,1,0,,0.0004318508436,0.004283418826,0.02604767798,0,temporal_sigmoid
xgboost,S2,2019,2019-04-14,2019-04-08,2019-04-14,2019-04-15,2019-04-17,2019-04-17,1,0,,0.0004892735742,0.004567828987,0.02604767798,0,temporal_sigmoid
xgboost,S2,2019,2019-04-15,2019-04-09,2019-04-15,2019-04-16,2019-04-18,2019-04-18,1,0,,0.001217444544,0.007300570716,0.02604767798,0,temporal_sigmoid
xgboost,S2,2019,2019-04-16,2019-04-10,2019-04-16,2019-04-17,2019-04-19,2019-04-19,1,0,,0.001070413506,0.00683328175,0.02604767798,0,temporal_sigmoid
xgboost,S2,2019,2019-04-17,2019-04-11,2019-04-17,2019-04-18,2019-04-20,2019-04-20,1,0,,0.02426181361,0.03378142486,0.02604767798,1,temporal_sigmoid
xgboost,S2,2019,2019-04-18,2019-04-12,2019-04-18,2019-04-19,2019-04-21,2019-04-21,1,0,,0.001564008999,0.008303093077,0.02604767798,0,temporal_sigmoid
xgboost,S2,2019,2019-04-19,2019-04-13,2019-04-19,2019-04-20,2019-04-22,2019-04-22,1,0,,0.001649363665,0.008532755722,0.02604767798,0,temporal_sigmoid
xgboost,S2,2019,2019-04-20,2019-04-14,2019-04-20,2019-04-21,2019-04-23,2019-04-23,1,0,,0.001511352952,0.008158343642,0.02604767798,0,temporal_sigmoid
xgboost,S2,2019,2019-04-21,2019-04-15,2019-04-21,2019-04-22,2019-04-24,2019-04-24,1,0,,0.0009349158499,0.006373986709,0.02604767798,0,temporal_sigmoid
xgboost,S2,2019,2019-04-22,2019-04-16,2019-04-22,2019-04-23,2019-04-25,2019-04-25,1,0,,0.001359431306,0.00772628486,0.02604767798,0,temporal_sigmoid
xgboost,S2,2019,2019-04-23,2019-04-17,2019-04-23,2019-04-24,2019-04-26,2019-04-26,1,0,,0.002235306427,0.009973410938,0.02604767798,0,temporal_sigmoid
xgboost,S2,2019,2019-04-24,2019-04-18,2019-04-24,2019-04-25,2019-04-27,2019-04-27,1,0,,0.1395438313,0.08440053217,0.02604767798,1,temporal_sigmoid
xgboost,S2,2019,2019-04-25,2019-04-19,2019-04-25,2019-04-26,2019-04-28,2019-04-28,1,0,,0.3082839847,0.1345447284,0.02604767798,1,temporal_sigmoid
xgboost,S2,2019,2019-04-26,2019-04-20,2019-04-26,2019-04-27,2019-04-29,2019-04-29,1,0,,0.09710682184,0.06937434969,0.02604767798,1,temporal_sigmoid
xgboost,S2,2019,2019-04-27,2019-04-21,2019-04-27,2019-04-28,2019-04-30,2019-04-30,1,0,,0.1212618575,0.07817001953,0.02604767798,1,temporal_sigmoid
xgboost,S2,2019,2019-04-28,2019-04-22,2019-04-28,2019-04-29,2019-05-01,2019-05-01,1,0,,0.4806089401,0.1848741266,0.02604767798,1,temporal_sigmoid
xgboost,S2,2019,2019-04-29,2019-04-23,2019-04-29,2019-04-30,2019-05-02,2019-05-02,1,0,,0.7737984061,0.3083804448,0.02604767798,1,temporal_sigmoid
xgboost,S2,2019,2019-04-30,2019-04-24,2019-04-30,2019-05-01,2019-05-03,2019-05-03,1,0,,0.9265174866,0.4667290764,0.02604767798,1,temporal_sigmoid
xgboost,S2,2019,2019-05-01,2019-04-25,2019-05-01,2019-05-02,2019-05-04,2019-05-04,1,0,,0.9552716613,0.5347383496,0.02604767798,1,temporal_sigmoid
xgboost,S2,2019,2019-05-02,2019-04-26,2019-05-02,2019-05-03,2019-05-05,2019-05-05,1,0,,0.7302283645,0.2831820017,0.02604767798,1,temporal_sigmoid
xgboost,S2,2019,2019-05-03,2019-04-27,2019-05-03,2019-05-04,2019-05-06,2019-05-06,1,0,,0.001534407376,0.00822201811,0.02604767798,0,temporal_sigmoid
xgboost,S2,2019,2019-05-04,2019-04-28,2019-05-04,2019-05-05,2019-05-07,2019-05-07,1,0,,0.001055034692,0.00678264022,0.02604767798,0,temporal_sigmoid
xgboost,S2,2019,2019-05-05,2019-04-29,2019-05-05,2019-05-06,2019-05-08,2019-05-08,1,0,,0.002717711031,0.01102468902,0.02604767798,0,temporal_sigmoid
xgboost,S2,2019,2019-05-06,2019-04-30,2019-05-06,2019-05-07,2019-05-09,2019-05-09,1,0,,0.00897764042,0.02032250934,0.02604767798,0,temporal_sigmoid
xgboost,S2,2019,2019-05-07,2019-05-01,2019-05-07,2019-05-08,2019-05-10,2019-05-10,1,0,,0.01335181203,0.02489194525,0.02604767798,0,temporal_sigmoid
xgboost,S2,2019,2019-05-08,2019-05-02,2019-05-08,2019-05-09,2019-05-11,2019-05-11,1,0,,0.2183053344,0.1088045391,0.02604767798,1,temporal_sigmoid
xgboost,S2,2019,2019-05-09,2019-05-03,2019-05-09,2019-05-10,2019-05-12,2019-05-12,1,0,,0.1754463613,0.09590275954,0.02604767798,1,temporal_sigmoid
xgboost,S2,2019,2019-05-10,2019-05-04,2019-05-10,2019-05-11,2019-05-13,2019-05-13,1,0,,0.4713821411,0.1820093511,0.02604767798,1,temporal_sigmoid
xgboost,S2,2019,2019-05-11,2019-05-05,2019-05-11,2019-05-12,2019-05-14,2019-05-14,1,0,,0.3801166117,0.1549379588,0.02604767798,1,temporal_sigmoid
xgboost,S2,2019,2019-05-12,2019-05-06,2019-05-12,2019-05-13,2019-05-15,2019-05-15,1,0,,0.6271615624,0.2360103427,0.02604767798,1,temporal_sigmoid
xgboost,S2,2019,2019-05-13,2019-05-07,2019-05-13,2019-05-14,2019-05-16,2019-05-16,1,0,,0.003403538838,0.01237237976,0.02604767798,0,temporal_sigmoid
xgboost,S2,2019,2019-05-14,2019-05-08,2019-05-14,2019-05-15,2019-05-17,2019-05-17,1,0,,0.000805675867,0.005904499052,0.02604767798,0,temporal_sigmoid
xgboost,S2,2019,2019-05-15,2019-05-09,2019-05-15,2019-05-16,2019-05-18,2019-05-18,1,0,,0.001040928648,0.006735871868,0.02604767798,0,temporal_sigmoid
xgboost,S2,2019,2019-05-16,2019-05-10,2019-05-16,2019-05-17,2019-05-19,2019-05-19,1,0,,0.000649963913,0.005286850914,0.02604767798,0,temporal_sigmoid
xgboost,S2,2019,2019-05-17,2019-05-11,2019-05-17,2019-05-18,2019-05-20,2019-05-20,1,0,,0.0115055237,0.02306931405,0.02604767798,0,temporal_sigmoid
xgboost,S2,2019,2019-05-18,2019-05-12,2019-05-18,2019-05-19,2019-05-21,2019-05-21,1,0,,0.04043361545,0.04390710339,0.02604767798,1,temporal_sigmoid
xgboost,S2,2019,2019-05-19,2019-05-13,2019-05-19,2019-05-20,2019-05-22,2019-05-22,1,0,,0.004346139729,0.01402265913,0.02604767798,0,temporal_sigmoid
xgboost,S2,2019,2019-05-20,2019-05-14,2019-05-20,2019-05-21,2019-05-23,2019-05-23,1,0,,0.01181480102,0.02338410643,0.02604767798,0,temporal_sigmoid
xgboost,S2,2019,2019-05-21,2019-05-15,2019-05-21,2019-05-22,2019-05-24,2019-05-24,1,0,,0.008005652577,0.01916641524,0.02604767798,0,temporal_sigmoid
xgboost,S2,2019,2019-05-22,2019-05-16,2019-05-22,2019-05-23,2019-05-25,2019-05-25,1,0,,0.002954292344,0.01150665544,0.02604767798,0,temporal_sigmoid
xgboost,S2,2019,2019-05-23,2019-05-17,2019-05-23,2019-05-24,2019-05-26,2019-05-26,1,0,,0.0004086539266,0.004163332852,0.02604767798,0,temporal_sigmoid
xgboost,S2,2019,2019-05-24,2019-05-18,2019-05-24,2019-05-25,2019-05-27,2019-05-27,1,0,,0.0003284032573,0.00371987756,0.02604767798,0,temporal_sigmoid
xgboost,S2,2019,2019-05-25,2019-05-19,2019-05-25,2019-05-26,2019-05-28,2019-05-28,1,0,,0.000279653701,0.003424262312,0.02604767798,0,temporal_sigmoid
xgboost,S2,2019,2019-05-26,2019-05-20,2019-05-26,2019-05-27,2019-05-29,2019-05-29,1,0,,0.001839579083,0.009024502909,0.02604767798,0,temporal_sigmoid
xgboost,S2,2019,2019-05-27,2019-05-21,2019-05-27,2019-05-28,2019-05-30,2019-05-30,1,0,,0.004734099377,0.01465005975,0.02604767798,0,temporal_sigmoid
xgboost,S2,2019,2019-05-28,2019-05-22,2019-05-28,2019-05-29,2019-05-31,2019-05-31,1,0,,0.02107621171,0.03143371912,0.02604767798,1,temporal_sigmoid
xgboost,S2,2019,2019-05-29,2019-05-23,2019-05-29,2019-05-30,2019-06-01,2019-06-01,1,0,,0.02650659531,0.03534753248,0.02604767798,1,temporal_sigmoid
xgboost,S2,2019,2019-05-30,2019-05-24,2019-05-30,2019-05-31,2019-06-02,2019-06-02,1,0,,0.007702965755,0.01879247848,0.02604767798,0,temporal_sigmoid
xgboost,S2,2019,2019-05-31,2019-05-25,2019-05-31,2019-06-01,2019-06-03,2019-06-03,1,0,,0.002758271527,0.01110873952,0.02604767798,0,temporal_sigmoid
xgboost,S2,2019,2019-06-01,2019-05-26,2019-06-01,2019-06-02,2019-06-04,2019-06-04,1,0,,0.001124131377,0.007007440271,0.02604767798,0,temporal_sigmoid
xgboost,S2,2019,2019-06-02,2019-05-27,2019-06-02,2019-06-03,2019-06-05,2019-06-05,1,0,,0.0003030280059,0.003568887423,0.02604767798,0,temporal_sigmoid
xgboost,S2,2019,2019-06-03,2019-05-28,2019-06-03,2019-06-04,2019-06-06,2019-06-06,1,0,,0.0005387060228,0.004799877387,0.02604767798,0,temporal_sigmoid
xgboost,S2,2019,2019-06-04,2019-05-29,2019-06-04,2019-06-05,2019-06-07,2019-06-07,1,0,,0.0004914331948,0.004578199032,0.02604767798,0,temporal_sigmoid
xgboost,S2,2019,2019-06-05,2019-05-30,2019-06-05,2019-06-06,2019-06-08,2019-06-08,1,0,,0.0005568295601,0.00488233629,0.02604767798,0,temporal_sigmoid
xgboost,S2,2019,2019-06-06,2019-05-31,2019-06-06,2019-06-07,2019-06-09,2019-06-09,1,0,,0.0006988338428,0.005487793325,0.02604767798,0,temporal_sigmoid
xgboost,S2,2019,2019-06-07,2019-06-01,2019-06-07,2019-06-08,2019-06-10,2019-06-10,1,0,,0.001347285928,0.007690747484,0.02604767798,0,temporal_sigmoid
xgboost,S2,2019,2019-06-08,2019-06-02,2019-06-08,2019-06-09,2019-06-11,2019-06-11,1,0,,0.0007617202937,0.005736540191,0.02604767798,0,temporal_sigmoid
xgboost,S2,2019,2019-06-09,2019-06-03,2019-06-09,2019-06-10,2019-06-12,2019-06-12,1,0,,0.0007617202937,0.005736540191,0.02604767798,0,temporal_sigmoid
xgboost,S2,2019,2019-06-10,2019-06-04,2019-06-10,2019-06-11,2019-06-13,2019-06-13,1,0,,0.008038668893,0.01920678043,0.02604767798,0,temporal_sigmoid
xgboost,S2,2019,2019-06-11,2019-06-05,2019-06-11,2019-06-12,2019-06-14,2019-06-14,1,0,,0.01134515926,0.02290445908,0.02604767798,0,temporal_sigmoid
xgboost,S2,2019,2019-06-12,2019-06-06,2019-06-12,2019-06-13,2019-06-15,2019-06-15,1,0,,0.02264522575,0.03260995814,0.02604767798,1,temporal_sigmoid
xgboost,S2,2019,2019-06-13,2019-06-07,2019-06-13,2019-06-14,2019-06-16,2019-06-16,1,0,,0.003575693583,0.01268912646,0.02604767798,0,temporal_sigmoid
xgboost,S2,2019,2019-06-14,2019-06-08,2019-06-14,2019-06-15,2019-06-17,2019-06-17,1,0,,0.002342790132,0.01021659132,0.02604767798,0,temporal_sigmoid
xgboost,S2,2019,2019-06-15,2019-06-09,2019-06-15,2019-06-16,2019-06-18,2019-06-18,1,0,,0.0009549195529,0.006443748045,0.02604767798,0,temporal_sigmoid
xgboost,S2,2019,2019-06-16,2019-06-10,2019-06-16,2019-06-17,2019-06-19,2019-06-19,1,0,,0.00427752221,0.01390887013,0.02604767798,0,temporal_sigmoid
xgboost,S2,2019,2019-06-17,2019-06-11,2019-06-17,2019-06-18,2019-06-20,2019-06-20,1,0,,0.00312391296,0.01184064448,0.02604767798,0,temporal_sigmoid
xgboost,S2,2019,2019-06-18,2019-06-12,2019-06-18,2019-06-19,2019-06-21,2019-06-21,1,0,,0.004604610614,0.01444356026,0.02604767798,0,temporal_sigmoid
xgboost,S2,2019,2019-06-19,2019-06-13,2019-06-19,2019-06-20,2019-06-22,2019-06-22,1,0,,0.0006289018202,0.005197982195,0.02604767798,0,temporal_sigmoid
xgboost,S2,2019,2019-06-20,2019-06-14,2019-06-20,2019-06-21,2019-06-23,2019-06-23,1,0,,0.001117954031,0.006987622729,0.02604767798,0,temporal_sigmoid
xgboost,S2,2019,2019-06-21,2019-06-15,2019-06-21,2019-06-22,2019-06-24,2019-06-24,1,0,,0.001307412283,0.007572962082,0.02604767798,0,temporal_sigmoid
xgboost,S2,2019,2019-06-22,2019-06-16,2019-06-22,2019-06-23,2019-06-25,2019-06-25,1,0,,0.001515292795,0.008169258662,0.02604767798,0,temporal_sigmoid
xgboost,S2,2019,2019-06-23,2019-06-17,2019-06-23,2019-06-24,2019-06-26,2019-06-26,1,0,,0.006429571193,0.01713396382,0.02604767798,0,temporal_sigmoid
xgboost,S2,2019,2019-06-24,2019-06-18,2019-06-24,2019-06-25,2019-06-27,2019-06-27,1,0,,0.04537728056,0.04659826477,0.02604767798,1,temporal_sigmoid
xgboost,S2,2019,2019-06-25,2019-06-19,2019-06-25,2019-06-26,2019-06-28,2019-06-28,1,0,,0.02064648084,0.03110424222,0.02604767798,1,temporal_sigmoid
xgboost,S2,2019,2019-06-26,2019-06-20,2019-06-26,2019-06-27,2019-06-29,2019-06-29,1,0,,0.008572016843,0.019847917,0.02604767798,0,temporal_sigmoid
xgboost,S2,2019,2019-06-27,2019-06-21,2019-06-27,2019-06-28,2019-06-30,2019-06-30,1,0,,0.003122604918,0.01183810341,0.02604767798,0,temporal_sigmoid
xgboost,S2,2020,2020-02-29,2020-02-23,2020-02-29,2020-03-01,2020-03-03,2020-03-03,1,0,,0.008804273792,0.01149656707,0.02079113909,0,temporal_sigmoid
xgboost,S2,2020,2020-03-01,2020-02-24,2020-03-01,2020-03-02,2020-03-04,2020-03-04,1,0,,0.01000255812,0.01227347675,0.02079113909,0,temporal_sigmoid
xgboost,S2,2020,2020-03-02,2020-02-25,2020-03-02,2020-03-03,2020-03-05,2020-03-05,1,0,,0.01507021487,0.01514608166,0.02079113909,0,temporal_sigmoid
xgboost,S2,2020,2020-03-03,2020-02-26,2020-03-03,2020-03-04,2020-03-06,2020-03-06,1,0,,0.003451123601,0.007117464746,0.02079113909,0,temporal_sigmoid
xgboost,S2,2020,2020-03-04,2020-02-27,2020-03-04,2020-03-05,2020-03-07,2020-03-07,1,0,,0.003146821167,0.006788991254,0.02079113909,0,temporal_sigmoid
xgboost,S2,2020,2020-03-05,2020-02-28,2020-03-05,2020-03-06,2020-03-08,2020-03-08,1,0,,0.03493983299,0.02337897389,0.02079113909,1,temporal_sigmoid
xgboost,S2,2020,2020-03-06,2020-02-29,2020-03-06,2020-03-07,2020-03-09,2020-03-09,1,0,,0.006898975,0.0101466159,0.02079113909,0,temporal_sigmoid
xgboost,S2,2020,2020-03-07,2020-03-01,2020-03-07,2020-03-08,2020-03-10,2020-03-10,1,0,,0.006221617106,0.009623665572,0.02079113909,0,temporal_sigmoid
xgboost,S2,2020,2020-03-08,2020-03-02,2020-03-08,2020-03-09,2020-03-11,2020-03-11,1,0,,0.006221617106,0.009623665572,0.02079113909,0,temporal_sigmoid
xgboost,S2,2020,2020-03-09,2020-03-03,2020-03-09,2020-03-10,2020-03-12,2020-03-12,1,0,,0.004688431043,0.008326017166,0.02079113909,0,temporal_sigmoid
xgboost,S2,2020,2020-03-10,2020-03-04,2020-03-10,2020-03-11,2020-03-13,2020-03-13,1,0,,0.004370197188,0.008031778054,0.02079113909,0,temporal_sigmoid
xgboost,S2,2020,2020-03-11,2020-03-05,2020-03-11,2020-03-12,2020-03-14,2020-03-14,1,0,,0.002708277665,0.006286959482,0.02079113909,0,temporal_sigmoid
xgboost,S2,2020,2020-03-12,2020-03-06,2020-03-12,2020-03-13,2020-03-15,2020-03-15,1,0,,0.003478848841,0.007146675676,0.02079113909,0,temporal_sigmoid
xgboost,S2,2020,2020-03-13,2020-03-07,2020-03-13,2020-03-14,2020-03-16,2020-03-16,1,0,,0.009111880325,0.01170065372,0.02079113909,0,temporal_sigmoid
xgboost,S2,2020,2020-03-14,2020-03-08,2020-03-14,2020-03-15,2020-03-17,2020-03-17,1,0,,0.005124489777,0.008713808059,0.02079113909,0,temporal_sigmoid
xgboost,S2,2020,2020-03-15,2020-03-09,2020-03-15,2020-03-16,2020-03-18,2020-03-18,1,0,,0.004434522707,0.008092075417,0.02079113909,0,temporal_sigmoid
xgboost,S2,2020,2020-03-16,2020-03-10,2020-03-16,2020-03-17,2020-03-19,2020-03-19,1,0,,0.005950084887,0.009406287831,0.02079113909,0,temporal_sigmoid
xgboost,S2,2020,2020-03-17,2020-03-11,2020-03-17,2020-03-18,2020-03-20,2020-03-20,1,0,,0.008238914423,0.01111223847,0.02079113909,0,temporal_sigmoid
xgboost,S2,2020,2020-03-18,2020-03-12,2020-03-18,2020-03-19,2020-03-21,2020-03-21,1,0,,0.004827824421,0.008451823652,0.02079113909,0,temporal_sigmoid
xgboost,S2,2020,2020-03-19,2020-03-13,2020-03-19,2020-03-20,2020-03-22,2020-03-22,1,0,,0.003446758958,0.007112855793,0.02079113909,0,temporal_sigmoid
xgboost,S2,2020,2020-03-20,2020-03-14,2020-03-20,2020-03-21,2020-03-23,2020-03-23,1,0,,0.003164748196,0.006808761141,0.02079113909,0,temporal_sigmoid
xgboost,S2,2020,2020-03-21,2020-03-15,2020-03-21,2020-03-22,2020-03-24,2020-03-24,1,0,,0.003717381041,0.007393438009,0.02079113909,0,temporal_sigmoid
xgboost,S2,2020,2020-03-22,2020-03-16,2020-03-22,2020-03-23,2020-03-25,2020-03-25,1,0,,0.006622309331,0.009936177797,0.02079113909,0,temporal_sigmoid
xgboost,S2,2020,2020-03-23,2020-03-17,2020-03-23,2020-03-24,2020-03-26,2020-03-26,1,0,,0.01958939806,0.01733318282,0.02079113909,0,temporal_sigmoid
xgboost,S2,2020,2020-03-24,2020-03-18,2020-03-24,2020-03-25,2020-03-27,2020-03-27,1,0,,0.0244771596,0.01944288001,0.02079113909,0,temporal_sigmoid
xgboost,S2,2020,2020-03-25,2020-03-19,2020-03-25,2020-03-26,2020-03-28,2020-03-28,1,0,,0.04973830283,0.0281161703,0.02079113909,1,temporal_sigmoid
xgboost,S2,2020,2020-03-26,2020-03-20,2020-03-26,2020-03-27,2020-03-29,2020-03-29,1,0,,0.03357297182,0.02289913553,0.02079113909,1,temporal_sigmoid
xgboost,S2,2020,2020-03-27,2020-03-21,2020-03-27,2020-03-28,2020-03-30,2020-03-30,1,0,,0.4446744919,0.1051283373,0.02079113909,1,temporal_sigmoid
xgboost,S2,2020,2020-03-28,2020-03-22,2020-03-28,2020-03-29,2020-03-31,2020-03-31,1,0,,0.0898873657,0.03854272949,0.02079113909,1,temporal_sigmoid
xgboost,S2,2020,2020-03-29,2020-03-23,2020-03-29,2020-03-30,2020-04-01,2020-04-01,1,0,,0.007697464898,0.01073197257,0.02079113909,0,temporal_sigmoid
xgboost,S2,2020,2020-03-30,2020-03-24,2020-03-30,2020-03-31,2020-04-02,2020-04-02,1,0,,0.009829401039,0.01216411006,0.02079113909,0,temporal_sigmoid
xgboost,S2,2020,2020-03-31,2020-03-25,2020-03-31,2020-04-01,2020-04-03,2020-04-03,1,0,,0.05762478709,0.03038362211,0.02079113909,1,temporal_sigmoid
xgboost,S2,2020,2020-04-01,2020-03-26,2020-04-01,2020-04-02,2020-04-04,2020-04-04,1,0,,0.02884502336,0.02116575925,0.02079113909,1,temporal_sigmoid
xgboost,S2,2020,2020-04-02,2020-03-27,2020-04-02,2020-04-03,2020-04-05,2020-04-05,1,0,,0.1936820745,0.05951970891,0.02079113909,1,temporal_sigmoid
xgboost,S2,2020,2020-04-03,2020-03-28,2020-04-03,2020-04-04,2020-04-06,2020-04-06,1,0,,0.01353390515,0.01433246037,0.02079113909,0,temporal_sigmoid
xgboost,S2,2020,2020-04-04,2020-03-29,2020-04-04,2020-04-05,2020-04-07,2020-04-07,1,0,,0.01581715234,0.01552726012,0.02079113909,0,temporal_sigmoid
xgboost,S2,2020,2020-04-05,2020-03-30,2020-04-05,2020-04-06,2020-04-08,2020-04-08,1,0,,0.009298128076,0.01182260282,0.02079113909,0,temporal_sigmoid
xgboost,S2,2020,2020-04-06,2020-03-31,2020-04-06,2020-04-07,2020-04-09,2020-04-09,1,0,,0.5977483988,0.138973481,0.02079113909,1,temporal_sigmoid
xgboost,S2,2020,2020-04-07,2020-04-01,2020-04-07,2020-04-08,2020-04-10,2020-04-10,1,0,,0.8551926613,0.2469494756,0.02079113909,1,temporal_sigmoid
xgboost,S2,2020,2020-04-08,2020-04-02,2020-04-08,2020-04-09,2020-04-11,2020-04-11,1,0,,0.0296186693,0.02145791132,0.02079113909,1,temporal_sigmoid
xgboost,S2,2020,2020-04-09,2020-04-03,2020-04-09,2020-04-10,2020-04-12,2020-04-12,1,0,,0.02486370876,0.01960085834,0.02079113909,0,temporal_sigmoid
xgboost,S2,2020,2020-04-10,2020-04-04,2020-04-10,2020-04-11,2020-04-13,2020-04-13,1,0,,0.1608857214,0.0533588859,0.02079113909,1,temporal_sigmoid
xgboost,S2,2020,2020-04-11,2020-04-05,2020-04-11,2020-04-12,2020-04-14,2020-04-14,1,0,,0.07332053781,0.03453586175,0.02079113909,1,temporal_sigmoid
xgboost,S2,2020,2020-04-12,2020-04-06,2020-04-12,2020-04-13,2020-04-15,2020-04-15,1,0,,0.002982923761,0.006605630476,0.02079113909,0,temporal_sigmoid
xgboost,S2,2020,2020-04-13,2020-04-07,2020-04-13,2020-04-14,2020-04-16,2020-04-16,1,0,,0.001927538891,0.005282366332,0.02079113909,0,temporal_sigmoid
xgboost,S2,2020,2020-04-14,2020-04-08,2020-04-14,2020-04-15,2020-04-17,2020-04-17,1,0,,0.04848945886,0.0277431691,0.02079113909,1,temporal_sigmoid
xgboost,S2,2020,2020-04-15,2020-04-09,2020-04-15,2020-04-16,2020-04-18,2020-04-18,1,0,,0.01230697613,0.01365024222,0.02079113909,0,temporal_sigmoid
xgboost,S2,2020,2020-04-16,2020-04-10,2020-04-16,2020-04-17,2020-04-19,2020-04-19,1,0,,0.01468390319,0.01494538839,0.02079113909,0,temporal_sigmoid
xgboost,S2,2020,2020-04-17,2020-04-11,2020-04-17,2020-04-18,2020-04-20,2020-04-20,1,0,,0.006095819641,0.009523543776,0.02079113909,0,temporal_sigmoid
xgboost,S2,2020,2020-04-18,2020-04-12,2020-04-18,2020-04-19,2020-04-21,2020-04-21,1,0,,0.002042261185,0.005441069539,0.02079113909,0,temporal_sigmoid
xgboost,S2,2020,2020-04-19,2020-04-13,2020-04-19,2020-04-20,2020-04-22,2020-04-22,1,0,,0.004855739418,0.008476803889,0.02079113909,0,temporal_sigmoid
xgboost,S2,2020,2020-04-20,2020-04-14,2020-04-20,2020-04-21,2020-04-23,2020-04-23,1,0,,0.001117162989,0.003994916347,0.02079113909,0,temporal_sigmoid
xgboost,S2,2020,2020-04-21,2020-04-15,2020-04-21,2020-04-22,2020-04-24,2020-04-24,1,0,,0.003810774069,0.007487938708,0.02079113909,0,temporal_sigmoid
xgboost,S2,2020,2020-04-22,2020-04-16,2020-04-22,2020-04-23,2020-04-25,2020-04-25,1,0,,0.002657886129,0.006226802332,0.02079113909,0,temporal_sigmoid
xgboost,S2,2020,2020-04-23,2020-04-17,2020-04-23,2020-04-24,2020-04-26,2020-04-26,1,0,,0.002095422242,0.005513131189,0.02079113909,0,temporal_sigmoid
xgboost,S2,2020,2020-04-24,2020-04-18,2020-04-24,2020-04-25,2020-04-27,2020-04-27,1,0,,0.001291651861,0.004303220423,0.02079113909,0,temporal_sigmoid
xgboost,S2,2020,2020-04-25,2020-04-19,2020-04-25,2020-04-26,2020-04-28,2020-04-28,1,0,,0.001291651861,0.004303220423,0.02079113909,0,temporal_sigmoid
xgboost,S2,2020,2020-04-26,2020-04-20,2020-04-26,2020-04-27,2020-04-29,2020-04-29,1,0,,0.001291651861,0.004303220423,0.02079113909,0,temporal_sigmoid
xgboost,S2,2020,2020-04-27,2020-04-21,2020-04-27,2020-04-28,2020-04-30,2020-04-30,1,0,,0.002342582913,0.005837002395,0.02079113909,0,temporal_sigmoid
xgboost,S2,2020,2020-04-28,2020-04-22,2020-04-28,2020-04-29,2020-05-01,2020-05-01,1,0,,0.002247870667,0.005714965964,0.02079113909,0,temporal_sigmoid
xgboost,S2,2020,2020-04-29,2020-04-23,2020-04-29,2020-04-30,2020-05-02,2020-05-02,1,0,,0.001876412425,0.005210154615,0.02079113909,0,temporal_sigmoid
xgboost,S2,2020,2020-04-30,2020-04-24,2020-04-30,2020-05-01,2020-05-03,2020-05-03,1,0,,0.001380215981,0.004451900552,0.02079113909,0,temporal_sigmoid
xgboost,S2,2020,2020-05-01,2020-04-25,2020-05-01,2020-05-02,2020-05-04,2020-05-04,1,0,,0.0007090616855,0.003164802292,0.02079113909,0,temporal_sigmoid
xgboost,S2,2020,2020-05-02,2020-04-26,2020-05-02,2020-05-03,2020-05-05,2020-05-05,1,0,,0.001588898944,0.004784785922,0.02079113909,0,temporal_sigmoid
xgboost,S2,2020,2020-05-03,2020-04-27,2020-05-03,2020-05-04,2020-05-06,2020-05-06,1,0,,0.003516011173,0.007185651665,0.02079113909,0,temporal_sigmoid
xgboost,S2,2020,2020-05-04,2020-04-28,2020-05-04,2020-05-05,2020-05-07,2020-05-07,1,0,,0.002670693677,0.006242144361,0.02079113909,0,temporal_sigmoid
xgboost,S2,2020,2020-05-05,2020-04-29,2020-05-05,2020-05-06,2020-05-08,2020-05-08,1,0,,0.0006429599598,0.003009987359,0.02079113909,0,temporal_sigmoid
xgboost,S2,2020,2020-05-06,2020-04-30,2020-05-06,2020-05-07,2020-05-09,2020-05-09,1,0,,0.0003731359029,0.002277270996,0.02079113909,0,temporal_sigmoid
xgboost,S2,2020,2020-05-07,2020-05-01,2020-05-07,2020-05-08,2020-05-10,2020-05-10,1,0,,0.0007069564308,0.003159983156,0.02079113909,0,temporal_sigmoid
xgboost,S2,2020,2020-05-08,2020-05-02,2020-05-08,2020-05-09,2020-05-11,2020-05-11,1,0,,0.001080478309,0.003927166829,0.02079113909,0,temporal_sigmoid
xgboost,S2,2020,2020-05-09,2020-05-03,2020-05-09,2020-05-10,2020-05-12,2020-05-12,1,0,,0.007958128117,0.01091660618,0.02079113909,0,temporal_sigmoid
xgboost,S2,2020,2020-05-10,2020-05-04,2020-05-10,2020-05-11,2020-05-13,2020-05-13,1,0,,0.02125257999,0.0180763452,0.02079113909,0,temporal_sigmoid
xgboost,S2,2020,2020-05-11,2020-05-05,2020-05-11,2020-05-12,2020-05-14,2020-05-14,1,0,,0.003702083835,0.007377849365,0.02079113909,0,temporal_sigmoid
xgboost,S2,2020,2020-05-12,2020-05-06,2020-05-12,2020-05-13,2020-05-15,2020-05-15,1,0,,0.06678675115,0.03285729977,0.02079113909,1,temporal_sigmoid
xgboost,S2,2020,2020-05-13,2020-05-07,2020-05-13,2020-05-14,2020-05-16,2020-05-16,1,0,,0.007730799727,0.01075575189,0.02079113909,0,temporal_sigmoid
xgboost,S2,2020,2020-05-14,2020-05-08,2020-05-14,2020-05-15,2020-05-17,2020-05-17,1,0,,0.2523005903,0.07007953118,0.02079113909,1,temporal_sigmoid
xgboost,S2,2020,2020-05-15,2020-05-09,2020-05-15,2020-05-16,2020-05-18,2020-05-18,1,0,,0.0121570034,0.01356464771,0.02079113909,0,temporal_sigmoid
xgboost,S2,2020,2020-05-16,2020-05-10,2020-05-16,2020-05-17,2020-05-19,2020-05-19,1,0,,0.04691739008,0.02726757468,0.02079113909,1,temporal_sigmoid
xgboost,S2,2020,2020-05-17,2020-05-11,2020-05-17,2020-05-18,2020-05-20,2020-05-20,1,0,,0.09956045449,0.04075048814,0.02079113909,1,temporal_sigmoid
xgboost,S2,2020,2020-05-18,2020-05-12,2020-05-18,2020-05-19,2020-05-21,2020-05-21,1,0,,0.1405094415,0.04937016807,0.02079113909,1,temporal_sigmoid
xgboost,S2,2020,2020-05-19,2020-05-13,2020-05-19,2020-05-20,2020-05-22,2020-05-22,1,0,,0.01663360931,0.01593419717,0.02079113909,0,temporal_sigmoid
xgboost,S2,2020,2020-05-20,2020-05-14,2020-05-20,2020-05-21,2020-05-23,2020-05-23,1,0,,0.00107745023,0.003921524685,0.02079113909,0,temporal_sigmoid
xgboost,S2,2020,2020-05-21,2020-05-15,2020-05-21,2020-05-22,2020-05-24,2020-05-24,1,0,,0.0006810743944,0.003100153621,0.02079113909,0,temporal_sigmoid
xgboost,S2,2020,2020-05-22,2020-05-16,2020-05-22,2020-05-23,2020-05-25,2020-05-25,1,0,,0.0008889375022,0.003553541894,0.02079113909,0,temporal_sigmoid
xgboost,S2,2020,2020-05-23,2020-05-17,2020-05-23,2020-05-24,2020-05-26,2020-05-26,1,0,,0.001043144031,0.003857053324,0.02079113909,0,temporal_sigmoid
xgboost,S2,2020,2020-05-24,2020-05-18,2020-05-24,2020-05-25,2020-05-27,2020-05-27,1,0,,0.003966405056,0.007642938118,0.02079113909,0,temporal_sigmoid
xgboost,S2,2020,2020-05-25,2020-05-19,2020-05-25,2020-05-26,2020-05-28,2020-05-28,1,0,,0.003079290269,0.006714019763,0.02079113909,0,temporal_sigmoid
xgboost,S2,2020,2020-05-26,2020-05-20,2020-05-26,2020-05-27,2020-05-29,2020-05-29,1,0,,0.002751867753,0.006338557357,0.02079113909,0,temporal_sigmoid
xgboost,S2,2020,2020-05-27,2020-05-21,2020-05-27,2020-05-28,2020-05-30,2020-05-30,1,0,,0.002264954615,0.005737161718,0.02079113909,0,temporal_sigmoid
xgboost,S2,2020,2020-05-28,2020-05-22,2020-05-28,2020-05-29,2020-05-31,2020-05-31,1,0,,0.0009811513592,0.003737865322,0.02079113909,0,temporal_sigmoid
xgboost,S2,2020,2020-05-29,2020-05-23,2020-05-29,2020-05-30,2020-06-01,2020-06-01,1,0,,0.0006538578891,0.00303602874,0.02079113909,0,temporal_sigmoid
xgboost,S2,2020,2020-05-30,2020-05-24,2020-05-30,2020-05-31,2020-06-02,2020-06-02,1,0,,0.0006738972152,0.003083366847,0.02079113909,0,temporal_sigmoid
xgboost,S2,2020,2020-05-31,2020-05-25,2020-05-31,2020-06-01,2020-06-03,2020-06-03,1,0,,0.0003621649812,0.002242687518,0.02079113909,0,temporal_sigmoid
xgboost,S2,2020,2020-06-01,2020-05-26,2020-06-01,2020-06-02,2020-06-04,2020-06-04,1,0,,0.0007024762454,0.003149704182,0.02079113909,0,temporal_sigmoid
xgboost,S2,2020,2020-06-02,2020-05-27,2020-06-02,2020-06-03,2020-06-05,2020-06-05,1,0,,0.002458174247,0.005982719147,0.02079113909,0,temporal_sigmoid
xgboost,S2,2020,2020-06-03,2020-05-28,2020-06-03,2020-06-04,2020-06-06,2020-06-06,1,0,,0.000798278721,0.003362972838,0.02079113909,0,temporal_sigmoid
xgboost,S2,2020,2020-06-04,2020-05-29,2020-06-04,2020-06-05,2020-06-07,2020-06-07,1,0,,0.0009896868141,0.00375448986,0.02079113909,0,temporal_sigmoid
xgboost,S2,2020,2020-06-05,2020-05-30,2020-06-05,2020-06-06,2020-06-08,2020-06-08,1,0,,0.0009896868141,0.00375448986,0.02079113909,0,temporal_sigmoid
xgboost,S2,2020,2020-06-06,2020-05-31,2020-06-06,2020-06-07,2020-06-09,2020-06-09,1,0,,0.002615701174,0.006176012252,0.02079113909,0,temporal_sigmoid
xgboost,S2,2020,2020-06-07,2020-06-01,2020-06-07,2020-06-08,2020-06-10,2020-06-10,1,0,,0.001486778841,0.004624744739,0.02079113909,0,temporal_sigmoid
xgboost,S2,2020,2020-06-08,2020-06-02,2020-06-08,2020-06-09,2020-06-11,2020-06-11,1,0,,0.001424756483,0.004524911289,0.02079113909,0,temporal_sigmoid
xgboost,S2,2020,2020-06-09,2020-06-03,2020-06-09,2020-06-10,2020-06-12,2020-06-12,1,0,,0.01154517476,0.01321006603,0.02079113909,0,temporal_sigmoid
xgboost,S2,2020,2020-06-10,2020-06-04,2020-06-10,2020-06-11,2020-06-13,2020-06-13,1,0,,0.001263643615,0.00425516993,0.02079113909,0,temporal_sigmoid
xgboost,S2,2020,2020-06-11,2020-06-05,2020-06-11,2020-06-12,2020-06-14,2020-06-14,1,0,,0.004805531818,0.008431824091,0.02079113909,0,temporal_sigmoid
xgboost,S2,2020,2020-06-12,2020-06-06,2020-06-12,2020-06-13,2020-06-15,2020-06-15,1,0,,0.0009555089055,0.003687491735,0.02079113909,0,temporal_sigmoid
xgboost,S2,2020,2020-06-13,2020-06-07,2020-06-13,2020-06-14,2020-06-16,2020-06-16,1,0,,0.0009555089055,0.003687491735,0.02079113909,0,temporal_sigmoid
xgboost,S2,2020,2020-06-14,2020-06-08,2020-06-14,2020-06-15,2020-06-17,2020-06-17,1,0,,0.001755914418,0.00503605814,0.02079113909,0,temporal_sigmoid
xgboost,S2,2020,2020-06-15,2020-06-09,2020-06-15,2020-06-16,2020-06-18,2020-06-18,1,0,,0.002961854218,0.00658170542,0.02079113909,0,temporal_sigmoid
xgboost,S2,2020,2020-06-16,2020-06-10,2020-06-16,2020-06-17,2020-06-19,2020-06-19,1,0,,0.00145927933,0.004580736758,0.02079113909,0,temporal_sigmoid
xgboost,S2,2020,2020-06-17,2020-06-11,2020-06-17,2020-06-18,2020-06-20,2020-06-20,1,0,,0.0009843613952,0.003744125781,0.02079113909,0,temporal_sigmoid
xgboost,S2,2020,2020-06-18,2020-06-12,2020-06-18,2020-06-19,2020-06-21,2020-06-21,1,0,,0.0009564292268,0.003689311015,0.02079113909,0,temporal_sigmoid
xgboost,S2,2020,2020-06-19,2020-06-13,2020-06-19,2020-06-20,2020-06-22,2020-06-22,1,0,,0.00124514685,0.004223151314,0.02079113909,0,temporal_sigmoid
xgboost,S2,2020,2020-06-20,2020-06-14,2020-06-20,2020-06-21,2020-06-23,2020-06-23,1,0,,0.001073079417,0.003913366977,0.02079113909,0,temporal_sigmoid
xgboost,S2,2020,2020-06-21,2020-06-15,2020-06-21,2020-06-22,2020-06-24,2020-06-24,1,0,,0.003839188488,0.007516465237,0.02079113909,0,temporal_sigmoid
xgboost,S2,2020,2020-06-22,2020-06-16,2020-06-22,2020-06-23,2020-06-25,2020-06-25,1,0,,0.00145927933,0.004580736758,0.02079113909,0,temporal_sigmoid
xgboost,S2,2020,2020-06-23,2020-06-17,2020-06-23,2020-06-24,2020-06-26,2020-06-26,1,0,,0.001000492019,0.003775435045,0.02079113909,0,temporal_sigmoid
xgboost,S2,2020,2020-06-24,2020-06-18,2020-06-24,2020-06-25,2020-06-27,2020-06-27,1,0,,0.01016628928,0.01237605072,0.02079113909,0,temporal_sigmoid
xgboost,S2,2020,2020-06-25,2020-06-19,2020-06-25,2020-06-26,2020-06-28,2020-06-28,1,0,,0.02244289406,0.01859145487,0.02079113909,0,temporal_sigmoid
xgboost,S2,2020,2020-06-26,2020-06-20,2020-06-26,2020-06-27,2020-06-29,2020-06-29,1,0,,0.00329775922,0.006953769203,0.02079113909,0,temporal_sigmoid
xgboost,S2,2020,2020-06-27,2020-06-21,2020-06-27,2020-06-28,2020-06-30,2020-06-30,1,0,,0.0007701923023,0.003301810156,0.02079113909,0,temporal_sigmoid
xgboost,S2,2021,2021-02-28,2021-02-22,2021-02-28,2021-03-01,2021-03-03,2021-03-03,1,0,,0.006790162995,0.004762271042,0.009779965221,0,temporal_sigmoid
xgboost,S2,2021,2021-03-01,2021-02-23,2021-03-01,2021-03-02,2021-03-04,2021-03-04,1,0,,0.00679918332,0.004766481122,0.009779965221,0,temporal_sigmoid
xgboost,S2,2021,2021-03-02,2021-02-24,2021-03-02,2021-03-03,2021-03-05,2021-03-05,1,0,,0.006790162995,0.004762271042,0.009779965221,0,temporal_sigmoid
xgboost,S2,2021,2021-03-03,2021-02-25,2021-03-03,2021-03-04,2021-03-06,2021-03-06,1,0,,0.007093193475,0.00490271281,0.009779965221,0,temporal_sigmoid
xgboost,S2,2021,2021-03-04,2021-02-26,2021-03-04,2021-03-05,2021-03-07,2021-03-07,1,0,,0.007093193475,0.00490271281,0.009779965221,0,temporal_sigmoid
xgboost,S2,2021,2021-03-05,2021-02-27,2021-03-05,2021-03-06,2021-03-08,2021-03-08,1,0,,0.007102612872,0.004907046156,0.009779965221,0,temporal_sigmoid
xgboost,S2,2021,2021-03-06,2021-02-28,2021-03-06,2021-03-07,2021-03-09,2021-03-09,1,0,,0.007102612872,0.004907046156,0.009779965221,0,temporal_sigmoid
xgboost,S2,2021,2021-03-07,2021-03-01,2021-03-07,2021-03-08,2021-03-10,2021-03-10,1,0,,0.00679918332,0.004766481122,0.009779965221,0,temporal_sigmoid
xgboost,S2,2021,2021-03-08,2021-03-02,2021-03-08,2021-03-09,2021-03-11,2021-03-11,1,0,,0.0079795653,0.005302595992,0.009779965221,0,temporal_sigmoid
xgboost,S2,2021,2021-03-09,2021-03-03,2021-03-09,2021-03-10,2021-03-12,2021-03-12,1,0,,0.0079795653,0.005302595992,0.009779965221,0,temporal_sigmoid
xgboost,S2,2021,2021-03-10,2021-03-04,2021-03-10,2021-03-11,2021-03-13,2021-03-13,1,0,,0.00801117532,0.005316577862,0.009779965221,0,temporal_sigmoid
xgboost,S2,2021,2021-03-11,2021-03-05,2021-03-11,2021-03-12,2021-03-14,2021-03-14,1,0,,0.00801117532,0.005316577862,0.009779965221,0,temporal_sigmoid
xgboost,S2,2021,2021-03-12,2021-03-06,2021-03-12,2021-03-13,2021-03-15,2021-03-15,1,0,,0.007130774204,0.004919990327,0.009779965221,0,temporal_sigmoid
xgboost,S2,2021,2021-03-13,2021-03-07,2021-03-13,2021-03-14,2021-03-16,2021-03-16,1,0,,0.008058206178,0.005337347156,0.009779965221,0,temporal_sigmoid
xgboost,S2,2021,2021-03-14,2021-03-08,2021-03-14,2021-03-15,2021-03-17,2021-03-17,1,0,,0.007093193475,0.00490271281,0.009779965221,0,temporal_sigmoid
xgboost,S2,2021,2021-03-15,2021-03-09,2021-03-15,2021-03-16,2021-03-18,2021-03-18,1,0,,0.007093193475,0.00490271281,0.009779965221,0,temporal_sigmoid
xgboost,S2,2021,2021-03-16,2021-03-10,2021-03-16,2021-03-17,2021-03-19,2021-03-19,1,0,,0.007093193475,0.00490271281,0.009779965221,0,temporal_sigmoid
xgboost,S2,2021,2021-03-17,2021-03-11,2021-03-17,2021-03-18,2021-03-20,2021-03-20,1,0,,0.008026411757,0.005323310811,0.009779965221,0,temporal_sigmoid
xgboost,S2,2021,2021-03-18,2021-03-12,2021-03-18,2021-03-19,2021-03-21,2021-03-21,1,0,,0.008026411757,0.005323310811,0.009779965221,0,temporal_sigmoid
xgboost,S2,2021,2021-03-19,2021-03-13,2021-03-19,2021-03-20,2021-03-22,2021-03-22,1,0,,0.007683821954,0.005170883517,0.009779965221,0,temporal_sigmoid
xgboost,S2,2021,2021-03-20,2021-03-14,2021-03-20,2021-03-21,2021-03-23,2021-03-23,1,0,,0.09529083222,0.02859189338,0.009779965221,1,temporal_sigmoid
xgboost,S2,2021,2021-03-21,2021-03-15,2021-03-21,2021-03-22,2021-03-24,2021-03-24,1,0,,0.4777550101,0.1101007088,0.009779965221,1,temporal_sigmoid
xgboost,S2,2021,2021-03-22,2021-03-16,2021-03-22,2021-03-23,2021-03-25,2021-03-25,1,0,,0.6390330195,0.1609526331,0.009779965221,1,temporal_sigmoid
xgboost,S2,2021,2021-03-23,2021-03-17,2021-03-23,2021-03-24,2021-03-26,2021-03-26,1,0,,0.6377642751,0.1604602046,0.009779965221,1,temporal_sigmoid
xgboost,S2,2021,2021-03-24,2021-03-18,2021-03-24,2021-03-25,2021-03-27,2021-03-27,1,0,,0.4948875904,0.1146446547,0.009779965221,1,temporal_sigmoid
xgboost,S2,2021,2021-03-25,2021-03-19,2021-03-25,2021-03-26,2021-03-28,2021-03-28,1,0,,0.6405892968,0.1615593611,0.009779965221,1,temporal_sigmoid
xgboost,S2,2021,2021-03-26,2021-03-20,2021-03-26,2021-03-27,2021-03-29,2021-03-29,1,0,,0.5022046566,0.1166329274,0.009779965221,1,temporal_sigmoid
xgboost,S2,2021,2021-03-27,2021-03-21,2021-03-27,2021-03-28,2021-03-30,2021-03-30,1,0,,0.1526247859,0.04034018494,0.009779965221,1,temporal_sigmoid
xgboost,S2,2021,2021-03-28,2021-03-22,2021-03-28,2021-03-29,2021-03-31,2021-03-31,1,0,,0.05460958928,0.01936647477,0.009779965221,1,temporal_sigmoid
xgboost,S2,2021,2021-03-29,2021-03-23,2021-03-29,2021-03-30,2021-04-01,2021-04-01,1,0,,0.0056767161,0.004227225973,0.009779965221,0,temporal_sigmoid
xgboost,S2,2021,2021-03-30,2021-03-24,2021-03-30,2021-03-31,2021-04-02,2021-04-02,1,0,,0.0462985225,0.01729077902,0.009779965221,1,temporal_sigmoid
xgboost,S2,2021,2021-03-31,2021-03-25,2021-03-31,2021-04-01,2021-04-03,2021-04-03,1,0,,0.2831529975,0.06613771545,0.009779965221,1,temporal_sigmoid
xgboost,S2,2021,2021-04-01,2021-03-26,2021-04-01,2021-04-02,2021-04-04,2021-04-04,1,0,,0.5426617265,0.1282036898,0.009779965221,1,temporal_sigmoid
xgboost,S2,2021,2021-04-02,2021-03-27,2021-04-02,2021-04-03,2021-04-05,2021-04-05,1,0,,0.3654354811,0.08339078989,0.009779965221,1,temporal_sigmoid
xgboost,S2,2021,2021-04-03,2021-03-28,2021-04-03,2021-04-04,2021-04-06,2021-04-06,1,0,,0.3280083835,0.07536994378,0.009779965221,1,temporal_sigmoid
xgboost,S2,2021,2021-04-04,2021-03-29,2021-04-04,2021-04-05,2021-04-07,2021-04-07,1,0,,0.07310668379,0.02371247857,0.009779965221,1,temporal_sigmoid
xgboost,S2,2021,2021-04-05,2021-03-30,2021-04-05,2021-04-06,2021-04-08,2021-04-08,1,0,,0.01064746175,0.006426658632,0.009779965221,0,temporal_sigmoid
xgboost,S2,2021,2021-04-06,2021-03-31,2021-04-06,2021-04-07,2021-04-09,2021-04-09,1,0,,0.006451959256,0.004603055182,0.009779965221,0,temporal_sigmoid
xgboost,S2,2021,2021-04-07,2021-04-01,2021-04-07,2021-04-08,2021-04-10,2021-04-10,1,0,,0.02144280449,0.01026667728,0.009779965221,1,temporal_sigmoid
xgboost,S2,2021,2021-04-08,2021-04-02,2021-04-08,2021-04-09,2021-04-11,2021-04-11,1,0,,0.006640304346,0.004692053867,0.009779965221,0,temporal_sigmoid
xgboost,S2,2021,2021-04-09,2021-04-03,2021-04-09,2021-04-10,2021-04-12,2021-04-12,1,0,,0.07590949535,0.02434570462,0.009779965221,1,temporal_sigmoid
xgboost,S2,2021,2021-04-10,2021-04-04,2021-04-10,2021-04-11,2021-04-13,2021-04-13,1,0,,0.492205441,0.1139231511,0.009779965221,1,temporal_sigmoid
xgboost,S2,2021,2021-04-11,2021-04-05,2021-04-11,2021-04-12,2021-04-14,2021-04-14,1,1,fixed36_0040,0.3261310756,0.07497603904,0.009779965221,1,temporal_sigmoid
xgboost,S2,2021,2021-04-12,2021-04-06,2021-04-12,2021-04-13,2021-04-15,2021-04-15,1,0,,0.7569602132,0.218248757,0.009779965221,1,temporal_sigmoid
xgboost,S2,2021,2021-04-13,2021-04-07,2021-04-13,2021-04-14,2021-04-16,2021-04-16,1,0,,0.7803844213,0.2335567543,0.009779965221,1,temporal_sigmoid
xgboost,S2,2021,2021-04-14,2021-04-08,2021-04-14,2021-04-15,2021-04-17,2021-04-17,1,0,,0.7998681664,0.2478257036,0.009779965221,1,temporal_sigmoid
xgboost,S2,2021,2021-04-15,2021-04-09,2021-04-15,2021-04-16,2021-04-18,2021-04-18,1,0,,0.596547544,0.1454464141,0.009779965221,1,temporal_sigmoid
xgboost,S2,2021,2021-04-16,2021-04-10,2021-04-16,2021-04-17,2021-04-19,2021-04-19,1,0,,0.06472376734,0.02178221383,0.009779965221,1,temporal_sigmoid
xgboost,S2,2021,2021-04-17,2021-04-11,2021-04-17,2021-04-18,2021-04-20,2021-04-20,1,0,,0.006225598045,0.004494945827,0.009779965221,0,temporal_sigmoid
xgboost,S2,2021,2021-04-18,2021-04-12,2021-04-18,2021-04-19,2021-04-21,2021-04-21,1,1,fixed36_0041,0.02780380659,0.01222908413,0.009779965221,1,temporal_sigmoid
xgboost,S2,2021,2021-04-19,2021-04-13,2021-04-19,2021-04-20,2021-04-22,2021-04-22,1,0,,0.4697289765,0.1080228214,0.009779965221,1,temporal_sigmoid
xgboost,S2,2021,2021-04-20,2021-04-14,2021-04-20,2021-04-21,2021-04-23,2021-04-23,1,0,,0.8447556496,0.2879698067,0.009779965221,1,temporal_sigmoid
xgboost,S2,2021,2021-04-21,2021-04-15,2021-04-21,2021-04-22,2021-04-24,2021-04-24,1,0,,0.8035238981,0.2506840805,0.009779965221,1,temporal_sigmoid
xgboost,S2,2021,2021-04-22,2021-04-16,2021-04-22,2021-04-23,2021-04-25,2021-04-25,1,0,,0.01386288553,0.00766501372,0.009779965221,0,temporal_sigmoid
xgboost,S2,2021,2021-04-23,2021-04-17,2021-04-23,2021-04-24,2021-04-26,2021-04-26,1,1,fixed36_0042,0.09918306023,0.02942150574,0.009779965221,1,temporal_sigmoid
xgboost,S2,2021,2021-04-24,2021-04-18,2021-04-24,2021-04-25,2021-04-27,2021-04-27,1,1,fixed36_0042,0.1665232331,0.04309270974,0.009779965221,1,temporal_sigmoid
xgboost,S2,2021,2021-04-25,2021-04-19,2021-04-25,2021-04-26,2021-04-28,2021-04-28,1,1,fixed36_0042,0.3163784742,0.07294121534,0.009779965221,1,temporal_sigmoid
xgboost,S2,2021,2021-04-26,2021-04-20,2021-04-26,2021-04-27,2021-04-29,2021-04-29,1,1,fixed36_0042,0.7813442349,0.2342243997,0.009779965221,1,temporal_sigmoid
xgboost,S2,2021,2021-04-27,2021-04-21,2021-04-27,2021-04-28,2021-04-30,2021-04-30,1,0,,0.7297612429,0.2025108213,0.009779965221,1,temporal_sigmoid
xgboost,S2,2021,2021-04-28,2021-04-22,2021-04-28,2021-04-29,2021-05-01,2021-05-01,1,0,,0.654558599,0.1671436261,0.009779965221,1,temporal_sigmoid
xgboost,S2,2021,2021-04-29,2021-04-23,2021-04-29,2021-04-30,2021-05-02,2021-05-02,1,0,,0.8032637835,0.2504786541,0.009779965221,1,temporal_sigmoid
xgboost,S2,2021,2021-04-30,2021-04-24,2021-04-30,2021-05-01,2021-05-03,2021-05-03,1,0,,0.7549210787,0.2169987011,0.009779965221,1,temporal_sigmoid
xgboost,S2,2021,2021-05-01,2021-04-25,2021-05-01,2021-05-02,2021-05-04,2021-05-04,1,0,,0.1618752778,0.04217444037,0.009779965221,1,temporal_sigmoid
xgboost,S2,2021,2021-05-02,2021-04-26,2021-05-02,2021-05-03,2021-05-05,2021-05-05,1,0,,0.09877473861,0.02933478095,0.009779965221,1,temporal_sigmoid
xgboost,S2,2021,2021-05-03,2021-04-27,2021-05-03,2021-05-04,2021-05-06,2021-05-06,1,0,,0.006999926642,0.004859702684,0.009779965221,0,temporal_sigmoid
xgboost,S2,2021,2021-05-04,2021-04-28,2021-05-04,2021-05-05,2021-05-07,2021-05-07,1,0,,0.008708914742,0.00562074532,0.009779965221,0,temporal_sigmoid
xgboost,S2,2021,2021-05-05,2021-04-29,2021-05-05,2021-05-06,2021-05-08,2021-05-08,1,0,,0.008713052608,0.005622524694,0.009779965221,0,temporal_sigmoid
xgboost,S2,2021,2021-05-06,2021-04-30,2021-05-06,2021-05-07,2021-05-09,2021-05-09,1,0,,0.008403236978,0.005488516413,0.009779965221,0,temporal_sigmoid
xgboost,S2,2021,2021-05-07,2021-05-01,2021-05-07,2021-05-08,2021-05-10,2021-05-10,1,0,,0.008136441,0.005371808222,0.009779965221,0,temporal_sigmoid
xgboost,S2,2021,2021-05-08,2021-05-02,2021-05-08,2021-05-09,2021-05-11,2021-05-11,1,0,,0.009118664078,0.005795626168,0.009779965221,0,temporal_sigmoid
xgboost,S2,2021,2021-05-09,2021-05-03,2021-05-09,2021-05-10,2021-05-12,2021-05-12,1,0,,0.008127691224,0.005367959536,0.009779965221,0,temporal_sigmoid
xgboost,S2,2021,2021-05-10,2021-05-04,2021-05-10,2021-05-11,2021-05-13,2021-05-13,1,0,,0.008127691224,0.005367959536,0.009779965221,0,temporal_sigmoid
xgboost,S2,2021,2021-05-11,2021-05-05,2021-05-11,2021-05-12,2021-05-14,2021-05-14,1,0,,0.007251430769,0.00497525937,0.009779965221,0,temporal_sigmoid
xgboost,S2,2021,2021-05-12,2021-05-06,2021-05-12,2021-05-13,2021-05-15,2021-05-15,1,0,,0.007251430769,0.00497525937,0.009779965221,0,temporal_sigmoid
xgboost,S2,2021,2021-05-13,2021-05-07,2021-05-13,2021-05-14,2021-05-16,2021-05-16,1,0,,0.007192902267,0.004948487522,0.009779965221,0,temporal_sigmoid
xgboost,S2,2021,2021-05-14,2021-05-08,2021-05-14,2021-05-15,2021-05-17,2021-05-17,1,0,,0.007096125744,0.004904061989,0.009779965221,0,temporal_sigmoid
xgboost,S2,2021,2021-05-15,2021-05-09,2021-05-15,2021-05-16,2021-05-18,2021-05-18,1,0,,0.02159361728,0.01031513749,0.009779965221,1,temporal_sigmoid
xgboost,S2,2021,2021-05-16,2021-05-10,2021-05-16,2021-05-17,2021-05-19,2021-05-19,1,0,,0.01938492805,0.009594277836,0.009779965221,0,temporal_sigmoid
xgboost,S2,2021,2021-05-17,2021-05-11,2021-05-17,2021-05-18,2021-05-20,2021-05-20,1,0,,0.008277263492,0.005433564487,0.009779965221,0,temporal_sigmoid
xgboost,S2,2021,2021-05-18,2021-05-12,2021-05-18,2021-05-19,2021-05-21,2021-05-21,1,0,,0.009605151601,0.005999945672,0.009779965221,0,temporal_sigmoid
xgboost,S2,2021,2021-05-19,2021-05-13,2021-05-19,2021-05-20,2021-05-22,2021-05-22,1,0,,0.01365240477,0.007587029548,0.009779965221,0,temporal_sigmoid
xgboost,S2,2021,2021-05-20,2021-05-14,2021-05-20,2021-05-21,2021-05-23,2021-05-23,1,0,,0.01048945729,0.006362882382,0.009779965221,0,temporal_sigmoid
xgboost,S2,2021,2021-05-21,2021-05-15,2021-05-21,2021-05-22,2021-05-24,2021-05-24,1,0,,0.09637550265,0.02882375521,0.009779965221,1,temporal_sigmoid
xgboost,S2,2021,2021-05-22,2021-05-16,2021-05-22,2021-05-23,2021-05-25,2021-05-25,1,0,,0.4786937833,0.1103458088,0.009779965221,1,temporal_sigmoid
xgboost,S2,2021,2021-05-23,2021-05-17,2021-05-23,2021-05-24,2021-05-26,2021-05-26,1,0,,0.45369941,0.1039631743,0.009779965221,1,temporal_sigmoid
xgboost,S2,2021,2021-05-24,2021-05-18,2021-05-24,2021-05-25,2021-05-27,2021-05-27,1,0,,0.01901938766,0.009472534673,0.009779965221,0,temporal_sigmoid
xgboost,S2,2021,2021-05-25,2021-05-19,2021-05-25,2021-05-26,2021-05-28,2021-05-28,1,0,,0.008800030686,0.005659863186,0.009779965221,0,temporal_sigmoid
xgboost,S2,2021,2021-05-26,2021-05-20,2021-05-26,2021-05-27,2021-05-29,2021-05-29,1,0,,0.009679902345,0.006031036219,0.009779965221,0,temporal_sigmoid
xgboost,S2,2021,2021-05-27,2021-05-21,2021-05-27,2021-05-28,2021-05-30,2021-05-30,1,0,,0.01030072849,0.006286291863,0.009779965221,0,temporal_sigmoid
xgboost,S2,2021,2021-05-28,2021-05-22,2021-05-28,2021-05-29,2021-05-31,2021-05-31,1,0,,0.007855212316,0.005247413538,0.009779965221,0,temporal_sigmoid
xgboost,S2,2021,2021-05-29,2021-05-23,2021-05-29,2021-05-30,2021-06-01,2021-06-01,1,0,,0.0360685885,0.01458474506,0.009779965221,1,temporal_sigmoid
xgboost,S2,2021,2021-05-30,2021-05-24,2021-05-30,2021-05-31,2021-06-02,2021-06-02,1,0,,0.01890210062,0.009433315887,0.009779965221,0,temporal_sigmoid
xgboost,S2,2021,2021-05-31,2021-05-25,2021-05-31,2021-06-01,2021-06-03,2021-06-03,1,0,,0.00817479752,0.005388663712,0.009779965221,0,temporal_sigmoid
xgboost,S2,2021,2021-06-01,2021-05-26,2021-06-01,2021-06-02,2021-06-04,2021-06-04,1,0,,0.007078646682,0.004896016894,0.009779965221,0,temporal_sigmoid
xgboost,S2,2021,2021-06-02,2021-05-27,2021-06-02,2021-06-03,2021-06-05,2021-06-05,1,0,,0.007127381861,0.004918431955,0.009779965221,0,temporal_sigmoid
xgboost,S2,2021,2021-06-03,2021-05-28,2021-06-03,2021-06-04,2021-06-06,2021-06-06,1,0,,0.009374531917,0.005903521712,0.009779965221,0,temporal_sigmoid
xgboost,S2,2021,2021-06-04,2021-05-29,2021-06-04,2021-06-05,2021-06-07,2021-06-07,1,0,,0.007563645486,0.005116885774,0.009779965221,0,temporal_sigmoid
xgboost,S2,2021,2021-06-05,2021-05-30,2021-06-05,2021-06-06,2021-06-08,2021-06-08,1,0,,0.007239522412,0.004969818102,0.009779965221,0,temporal_sigmoid
xgboost,S2,2021,2021-06-06,2021-05-31,2021-06-06,2021-06-07,2021-06-09,2021-06-09,1,0,,0.007047603372,0.004881712374,0.009779965221,0,temporal_sigmoid
xgboost,S2,2021,2021-06-07,2021-06-01,2021-06-07,2021-06-08,2021-06-10,2021-06-10,1,0,,0.007285948377,0.004991014804,0.009779965221,0,temporal_sigmoid
xgboost,S2,2021,2021-06-08,2021-06-02,2021-06-08,2021-06-09,2021-06-11,2021-06-11,1,0,,0.007118887268,0.004914528639,0.009779965221,0,temporal_sigmoid
xgboost,S2,2021,2021-06-09,2021-06-03,2021-06-09,2021-06-10,2021-06-12,2021-06-12,1,0,,0.007118887268,0.004914528639,0.009779965221,0,temporal_sigmoid
xgboost,S2,2021,2021-06-10,2021-06-04,2021-06-10,2021-06-11,2021-06-13,2021-06-13,1,0,,0.007078646682,0.004896016894,0.009779965221,0,temporal_sigmoid
xgboost,S2,2021,2021-06-11,2021-06-05,2021-06-11,2021-06-12,2021-06-14,2021-06-14,1,0,,0.0070923944,0.004902345112,0.009779965221,0,temporal_sigmoid
xgboost,S2,2021,2021-06-12,2021-06-06,2021-06-12,2021-06-13,2021-06-15,2021-06-15,1,0,,0.0070923944,0.004902345112,0.009779965221,0,temporal_sigmoid
xgboost,S2,2021,2021-06-13,2021-06-07,2021-06-13,2021-06-14,2021-06-16,2021-06-16,1,0,,0.007257031277,0.004977817381,0.009779965221,0,temporal_sigmoid
xgboost,S2,2021,2021-06-14,2021-06-08,2021-06-14,2021-06-15,2021-06-17,2021-06-17,1,0,,0.007253579795,0.004976241007,0.009779965221,0,temporal_sigmoid
xgboost,S2,2021,2021-06-15,2021-06-09,2021-06-15,2021-06-16,2021-06-18,2021-06-18,1,0,,0.007244349457,0.004972024073,0.009779965221,0,temporal_sigmoid
xgboost,S2,2021,2021-06-16,2021-06-10,2021-06-16,2021-06-17,2021-06-19,2021-06-19,1,0,,0.007083367091,0.004898190205,0.009779965221,0,temporal_sigmoid
xgboost,S2,2021,2021-06-17,2021-06-11,2021-06-17,2021-06-18,2021-06-20,2021-06-20,1,0,,0.007115584798,0.004913010719,0.009779965221,0,temporal_sigmoid
xgboost,S2,2021,2021-06-18,2021-06-12,2021-06-18,2021-06-19,2021-06-21,2021-06-21,1,0,,0.007164569572,0.004935501873,0.009779965221,0,temporal_sigmoid
xgboost,S2,2021,2021-06-19,2021-06-13,2021-06-19,2021-06-20,2021-06-22,2021-06-22,1,0,,0.007127381861,0.004918431955,0.009779965221,0,temporal_sigmoid
xgboost,S2,2021,2021-06-20,2021-06-14,2021-06-20,2021-06-21,2021-06-23,2021-06-23,1,0,,0.007078646682,0.004896016894,0.009779965221,0,temporal_sigmoid
xgboost,S2,2021,2021-06-21,2021-06-15,2021-06-21,2021-06-22,2021-06-24,2021-06-24,1,0,,0.007078646682,0.004896016894,0.009779965221,0,temporal_sigmoid
xgboost,S2,2021,2021-06-22,2021-06-16,2021-06-22,2021-06-23,2021-06-25,2021-06-25,1,0,,0.007091041189,0.004901722395,0.009779965221,0,temporal_sigmoid
xgboost,S2,2021,2021-06-23,2021-06-17,2021-06-23,2021-06-24,2021-06-26,2021-06-26,1,0,,0.007087667938,0.00490016993,0.009779965221,0,temporal_sigmoid
xgboost,S2,2021,2021-06-24,2021-06-18,2021-06-24,2021-06-25,2021-06-27,2021-06-27,1,0,,0.007248746697,0.004974033199,0.009779965221,0,temporal_sigmoid
xgboost,S2,2021,2021-06-25,2021-06-19,2021-06-25,2021-06-26,2021-06-28,2021-06-28,1,0,,0.007257031277,0.004977817381,0.009779965221,0,temporal_sigmoid
xgboost,S2,2021,2021-06-26,2021-06-20,2021-06-26,2021-06-27,2021-06-29,2021-06-29,1,0,,0.00725219585,0.004975608856,0.009779965221,0,temporal_sigmoid
xgboost,S2,2021,2021-06-27,2021-06-21,2021-06-27,2021-06-28,2021-06-30,2021-06-30,1,0,,0.007299273275,0.004997090308,0.009779965221,0,temporal_sigmoid
xgboost,S2,2022,2022-02-28,2022-02-22,2022-02-28,2022-03-01,2022-03-03,2022-03-03,1,0,,0.01053559035,0.002152952902,0.03012381009,0,temporal_sigmoid
xgboost,S2,2022,2022-03-01,2022-02-23,2022-03-01,2022-03-02,2022-03-04,2022-03-04,1,0,,0.009740490466,0.002017047158,0.03012381009,0,temporal_sigmoid
xgboost,S2,2022,2022-03-02,2022-02-24,2022-03-02,2022-03-03,2022-03-05,2022-03-05,1,0,,0.009740490466,0.002017047158,0.03012381009,0,temporal_sigmoid
xgboost,S2,2022,2022-03-03,2022-02-25,2022-03-03,2022-03-04,2022-03-06,2022-03-06,1,0,,0.009729412384,0.002015141294,0.03012381009,0,temporal_sigmoid
xgboost,S2,2022,2022-03-04,2022-02-26,2022-03-04,2022-03-05,2022-03-07,2022-03-07,1,0,,0.01109637134,0.002247816489,0.03012381009,0,temporal_sigmoid
xgboost,S2,2022,2022-03-05,2022-02-27,2022-03-05,2022-03-06,2022-03-08,2022-03-08,1,0,,0.009712140076,0.002012169082,0.03012381009,0,temporal_sigmoid
xgboost,S2,2022,2022-03-06,2022-02-28,2022-03-06,2022-03-07,2022-03-09,2022-03-09,1,0,,0.01109637134,0.002247816489,0.03012381009,0,temporal_sigmoid
xgboost,S2,2022,2022-03-07,2022-03-01,2022-03-07,2022-03-08,2022-03-10,2022-03-10,1,0,,0.009626422077,0.001997406122,0.03012381009,0,temporal_sigmoid
xgboost,S2,2022,2022-03-08,2022-03-02,2022-03-08,2022-03-09,2022-03-11,2022-03-11,1,0,,0.008904454298,0.001872197392,0.03012381009,0,temporal_sigmoid
xgboost,S2,2022,2022-03-09,2022-03-03,2022-03-09,2022-03-10,2022-03-12,2022-03-12,1,0,,0.008904454298,0.001872197392,0.03012381009,0,temporal_sigmoid
xgboost,S2,2022,2022-03-10,2022-03-04,2022-03-10,2022-03-11,2022-03-13,2022-03-13,1,0,,0.008904454298,0.001872197392,0.03012381009,0,temporal_sigmoid
xgboost,S2,2022,2022-03-11,2022-03-05,2022-03-11,2022-03-12,2022-03-14,2022-03-14,1,0,,0.01167660579,0.002345171928,0.03012381009,0,temporal_sigmoid
xgboost,S2,2022,2022-03-12,2022-03-06,2022-03-12,2022-03-13,2022-03-15,2022-03-15,1,0,,0.01002437808,0.002065769178,0.03012381009,0,temporal_sigmoid
xgboost,S2,2022,2022-03-13,2022-03-07,2022-03-13,2022-03-14,2022-03-16,2022-03-16,1,0,,0.01002437808,0.002065769178,0.03012381009,0,temporal_sigmoid
xgboost,S2,2022,2022-03-14,2022-03-08,2022-03-14,2022-03-15,2022-03-17,2022-03-17,1,0,,0.2064841092,0.0291926067,0.03012381009,0,temporal_sigmoid
xgboost,S2,2022,2022-03-15,2022-03-09,2022-03-15,2022-03-16,2022-03-18,2022-03-18,1,0,,0.1193863153,0.01726512206,0.03012381009,0,temporal_sigmoid
xgboost,S2,2022,2022-03-16,2022-03-10,2022-03-16,2022-03-17,2022-03-19,2022-03-19,1,0,,0.318266362,0.04642334436,0.03012381009,1,temporal_sigmoid
xgboost,S2,2022,2022-03-17,2022-03-11,2022-03-17,2022-03-18,2022-03-20,2022-03-20,1,0,,0.4717787206,0.07672741006,0.03012381009,1,temporal_sigmoid
xgboost,S2,2022,2022-03-18,2022-03-12,2022-03-18,2022-03-19,2022-03-21,2022-03-21,1,0,,0.548073709,0.09660585061,0.03012381009,1,temporal_sigmoid
xgboost,S2,2022,2022-03-19,2022-03-13,2022-03-19,2022-03-20,2022-03-22,2022-03-22,1,0,,0.4130831659,0.06392204724,0.03012381009,1,temporal_sigmoid
xgboost,S2,2022,2022-03-20,2022-03-14,2022-03-20,2022-03-21,2022-03-23,2022-03-23,1,0,,0.3595315814,0.05363339911,0.03012381009,1,temporal_sigmoid
xgboost,S2,2022,2022-03-21,2022-03-15,2022-03-21,2022-03-22,2022-03-24,2022-03-24,1,0,,0.01488244347,0.002870475874,0.03012381009,0,temporal_sigmoid
xgboost,S2,2022,2022-03-22,2022-03-16,2022-03-22,2022-03-23,2022-03-25,2022-03-25,1,0,,0.01218696684,0.00243017203,0.03012381009,0,temporal_sigmoid
xgboost,S2,2022,2022-03-23,2022-03-17,2022-03-23,2022-03-24,2022-03-26,2022-03-26,1,0,,0.7142513394,0.1625508599,0.03012381009,1,temporal_sigmoid
xgboost,S2,2022,2022-03-24,2022-03-18,2022-03-24,2022-03-25,2022-03-27,2022-03-27,1,0,,0.01302304491,0.002568227091,0.03012381009,0,temporal_sigmoid
xgboost,S2,2022,2022-03-25,2022-03-19,2022-03-25,2022-03-26,2022-03-28,2022-03-28,1,0,,0.01266751904,0.002509696779,0.03012381009,0,temporal_sigmoid
xgboost,S2,2022,2022-03-26,2022-03-20,2022-03-26,2022-03-27,2022-03-29,2022-03-29,1,0,,0.01228781603,0.002446901373,0.03012381009,0,temporal_sigmoid
xgboost,S2,2022,2022-03-27,2022-03-21,2022-03-27,2022-03-28,2022-03-30,2022-03-30,1,0,,0.01126770489,0.00227664613,0.03012381009,0,temporal_sigmoid
xgboost,S2,2022,2022-03-28,2022-03-22,2022-03-28,2022-03-29,2022-03-31,2022-03-31,1,0,,0.01126770489,0.00227664613,0.03012381009,0,temporal_sigmoid
xgboost,S2,2022,2022-03-29,2022-03-23,2022-03-29,2022-03-30,2022-04-01,2022-04-01,1,0,,0.01056995522,0.002158788956,0.03012381009,0,temporal_sigmoid
xgboost,S2,2022,2022-03-30,2022-03-24,2022-03-30,2022-03-31,2022-04-02,2022-04-02,1,0,,0.01250773761,0.002483308553,0.03012381009,0,temporal_sigmoid
xgboost,S2,2022,2022-03-31,2022-03-25,2022-03-31,2022-04-01,2022-04-03,2022-04-03,1,0,,0.257370919,0.03668560415,0.03012381009,1,temporal_sigmoid
xgboost,S2,2022,2022-04-01,2022-03-26,2022-04-01,2022-04-02,2022-04-04,2022-04-04,1,0,,0.358490169,0.05344437615,0.03012381009,1,temporal_sigmoid
xgboost,S2,2022,2022-04-02,2022-03-27,2022-04-02,2022-04-03,2022-04-05,2022-04-05,1,0,,0.01343357563,0.002635504065,0.03012381009,0,temporal_sigmoid
xgboost,S2,2022,2022-04-03,2022-03-28,2022-04-03,2022-04-04,2022-04-06,2022-04-06,1,0,,0.01121226139,0.002267324536,0.03012381009,0,temporal_sigmoid
xgboost,S2,2022,2022-04-04,2022-03-29,2022-04-04,2022-04-05,2022-04-07,2022-04-07,1,0,,0.01611561701,0.003067709279,0.03012381009,0,temporal_sigmoid
xgboost,S2,2022,2022-04-05,2022-03-30,2022-04-05,2022-04-06,2022-04-08,2022-04-08,1,0,,0.3333677351,0.04899779499,0.03012381009,1,temporal_sigmoid
xgboost,S2,2022,2022-04-06,2022-03-31,2022-04-06,2022-04-07,2022-04-09,2022-04-09,1,0,,0.0194649417,0.003592549825,0.03012381009,0,temporal_sigmoid
xgboost,S2,2022,2022-04-07,2022-04-01,2022-04-07,2022-04-08,2022-04-10,2022-04-10,1,0,,0.3244397938,0.04746729892,0.03012381009,1,temporal_sigmoid
xgboost,S2,2022,2022-04-08,2022-04-02,2022-04-08,2022-04-09,2022-04-11,2022-04-11,1,0,,0.3497569859,0.05187432351,0.03012381009,1,temporal_sigmoid
xgboost,S2,2022,2022-04-09,2022-04-03,2022-04-09,2022-04-10,2022-04-12,2022-04-12,1,0,,0.2815492451,0.04043827131,0.03012381009,1,temporal_sigmoid
xgboost,S2,2022,2022-04-10,2022-04-04,2022-04-10,2022-04-11,2022-04-13,2022-04-13,1,0,,0.2056349069,0.02907159133,0.03012381009,0,temporal_sigmoid
xgboost,S2,2022,2022-04-11,2022-04-05,2022-04-11,2022-04-12,2022-04-14,2022-04-14,1,0,,0.2021318972,0.02857363525,0.03012381009,0,temporal_sigmoid
xgboost,S2,2022,2022-04-12,2022-04-06,2022-04-12,2022-04-13,2022-04-15,2022-04-15,1,0,,0.0186881721,0.003472108204,0.03012381009,0,temporal_sigmoid
xgboost,S2,2022,2022-04-13,2022-04-07,2022-04-13,2022-04-14,2022-04-16,2022-04-16,1,0,,0.02305145003,0.004140146361,0.03012381009,0,temporal_sigmoid
xgboost,S2,2022,2022-04-14,2022-04-08,2022-04-14,2022-04-15,2022-04-17,2022-04-17,1,0,,0.02116285823,0.003853439897,0.03012381009,0,temporal_sigmoid
xgboost,S2,2022,2022-04-15,2022-04-09,2022-04-15,2022-04-16,2022-04-18,2022-04-18,1,0,,0.7572874427,0.1889894221,0.03012381009,1,temporal_sigmoid
xgboost,S2,2022,2022-04-16,2022-04-10,2022-04-16,2022-04-17,2022-04-19,2022-04-19,1,0,,0.792764008,0.2160901175,0.03012381009,1,temporal_sigmoid
xgboost,S2,2022,2022-04-17,2022-04-11,2022-04-17,2022-04-18,2022-04-20,2022-04-20,1,0,,0.7259408236,0.1691646397,0.03012381009,1,temporal_sigmoid
xgboost,S2,2022,2022-04-18,2022-04-12,2022-04-18,2022-04-19,2022-04-21,2022-04-21,1,0,,0.1824329793,0.02580846582,0.03012381009,0,temporal_sigmoid
xgboost,S2,2022,2022-04-19,2022-04-13,2022-04-19,2022-04-20,2022-04-22,2022-04-22,1,0,,0.1315342337,0.01888493103,0.03012381009,0,temporal_sigmoid
xgboost,S2,2022,2022-04-20,2022-04-14,2022-04-20,2022-04-21,2022-04-23,2022-04-23,1,0,,0.008989399299,0.001887012188,0.03012381009,0,temporal_sigmoid
xgboost,S2,2022,2022-04-21,2022-04-15,2022-04-21,2022-04-22,2022-04-24,2022-04-24,1,0,,0.009800076485,0.002027292308,0.03012381009,0,temporal_sigmoid
xgboost,S2,2022,2022-04-22,2022-04-16,2022-04-22,2022-04-23,2022-04-25,2022-04-25,1,0,,0.008317989297,0.001769273103,0.03012381009,0,temporal_sigmoid
xgboost,S2,2022,2022-04-23,2022-04-17,2022-04-23,2022-04-24,2022-04-26,2022-04-26,1,0,,0.04667575285,0.007531008326,0.03012381009,0,temporal_sigmoid
xgboost,S2,2022,2022-04-24,2022-04-18,2022-04-24,2022-04-25,2022-04-27,2022-04-27,1,0,,0.06896115094,0.01056136906,0.03012381009,0,temporal_sigmoid
xgboost,S2,2022,2022-04-25,2022-04-19,2022-04-25,2022-04-26,2022-04-28,2022-04-28,1,0,,0.08817994595,0.0131239962,0.03012381009,0,temporal_sigmoid
xgboost,S2,2022,2022-04-26,2022-04-20,2022-04-26,2022-04-27,2022-04-29,2022-04-29,1,0,,0.1033055708,0.01513015704,0.03012381009,0,temporal_sigmoid
xgboost,S2,2022,2022-04-27,2022-04-21,2022-04-27,2022-04-28,2022-04-30,2022-04-30,1,0,,0.1044691652,0.01528445207,0.03012381009,0,temporal_sigmoid
xgboost,S2,2022,2022-04-28,2022-04-22,2022-04-28,2022-04-29,2022-05-01,2022-05-01,1,0,,0.1488321722,0.02120885758,0.03012381009,0,temporal_sigmoid
xgboost,S2,2022,2022-04-29,2022-04-23,2022-04-29,2022-04-30,2022-05-02,2022-05-02,1,0,,0.5096181035,0.08605367394,0.03012381009,1,temporal_sigmoid
xgboost,S2,2022,2022-04-30,2022-04-24,2022-04-30,2022-05-01,2022-05-03,2022-05-03,1,0,,0.2449492663,0.03480920215,0.03012381009,1,temporal_sigmoid
xgboost,S2,2022,2022-05-01,2022-04-25,2022-05-01,2022-05-02,2022-05-04,2022-05-04,1,0,,0.01672806032,0.003164806275,0.03012381009,0,temporal_sigmoid
xgboost,S2,2022,2022-05-02,2022-04-26,2022-05-02,2022-05-03,2022-05-05,2022-05-05,1,0,,0.01464882772,0.002832836002,0.03012381009,0,temporal_sigmoid
xgboost,S2,2022,2022-05-03,2022-04-27,2022-05-03,2022-05-04,2022-05-06,2022-05-06,1,0,,0.009160039946,0.00191670435,0.03012381009,0,temporal_sigmoid
xgboost,S2,2022,2022-05-04,2022-04-28,2022-05-04,2022-05-05,2022-05-07,2022-05-07,1,0,,0.008475992829,0.001797115776,0.03012381009,0,temporal_sigmoid
xgboost,S2,2022,2022-05-05,2022-04-29,2022-05-05,2022-05-06,2022-05-08,2022-05-08,1,0,,0.008422231302,0.001787651748,0.03012381009,0,temporal_sigmoid
xgboost,S2,2022,2022-05-06,2022-04-30,2022-05-06,2022-05-07,2022-05-09,2022-05-09,1,0,,0.009224026464,0.001927815078,0.03012381009,0,temporal_sigmoid
xgboost,S2,2022,2022-05-07,2022-05-01,2022-05-07,2022-05-08,2022-05-10,2022-05-10,1,0,,0.01040580403,0.002130884228,0.03012381009,0,temporal_sigmoid
xgboost,S2,2022,2022-05-08,2022-05-02,2022-05-08,2022-05-09,2022-05-11,2022-05-11,1,0,,0.06771893799,0.01039462615,0.03012381009,0,temporal_sigmoid
xgboost,S2,2022,2022-05-09,2022-05-03,2022-05-09,2022-05-10,2022-05-12,2022-05-12,1,0,,0.008475992829,0.001797115776,0.03012381009,0,temporal_sigmoid
xgboost,S2,2022,2022-05-10,2022-05-04,2022-05-10,2022-05-11,2022-05-13,2022-05-13,1,0,,0.008475992829,0.001797115776,0.03012381009,0,temporal_sigmoid
xgboost,S2,2022,2022-05-11,2022-05-05,2022-05-11,2022-05-12,2022-05-14,2022-05-14,1,0,,0.008475992829,0.001797115776,0.03012381009,0,temporal_sigmoid
xgboost,S2,2022,2022-05-12,2022-05-06,2022-05-12,2022-05-13,2022-05-15,2022-05-15,1,0,,0.008719117381,0.001839793659,0.03012381009,0,temporal_sigmoid
xgboost,S2,2022,2022-05-13,2022-05-07,2022-05-13,2022-05-14,2022-05-16,2022-05-16,1,0,,0.008719117381,0.001839793659,0.03012381009,0,temporal_sigmoid
xgboost,S2,2022,2022-05-14,2022-05-08,2022-05-14,2022-05-15,2022-05-17,2022-05-17,1,0,,0.009505652823,0.001976570321,0.03012381009,0,temporal_sigmoid
xgboost,S2,2022,2022-05-15,2022-05-09,2022-05-15,2022-05-16,2022-05-18,2022-05-18,1,0,,0.03494113311,0.00588216047,0.03012381009,0,temporal_sigmoid
xgboost,S2,2022,2022-05-16,2022-05-10,2022-05-16,2022-05-17,2022-05-19,2022-05-19,1,0,,0.05129272863,0.008167309127,0.03012381009,0,temporal_sigmoid
xgboost,S2,2022,2022-05-17,2022-05-11,2022-05-17,2022-05-18,2022-05-20,2022-05-20,1,0,,0.01307568792,0.002576872375,0.03012381009,0,temporal_sigmoid
xgboost,S2,2022,2022-05-18,2022-05-12,2022-05-18,2022-05-19,2022-05-21,2022-05-21,1,0,,0.04147267714,0.006806308366,0.03012381009,0,temporal_sigmoid
xgboost,S2,2022,2022-05-19,2022-05-13,2022-05-19,2022-05-20,2022-05-22,2022-05-22,1,0,,0.008894158527,0.001870400207,0.03012381009,0,temporal_sigmoid
xgboost,S2,2022,2022-05-20,2022-05-14,2022-05-20,2022-05-21,2022-05-23,2022-05-23,1,0,,0.008891712874,0.001869973254,0.03012381009,0,temporal_sigmoid
xgboost,S2,2022,2022-05-21,2022-05-15,2022-05-21,2022-05-22,2022-05-24,2022-05-24,1,0,,0.00974780228,0.002018304885,0.03012381009,0,temporal_sigmoid
xgboost,S2,2022,2022-05-22,2022-05-16,2022-05-22,2022-05-23,2022-05-25,2022-05-25,1,0,,0.008475992829,0.001797115776,0.03012381009,0,temporal_sigmoid
xgboost,S2,2022,2022-05-23,2022-05-17,2022-05-23,2022-05-24,2022-05-26,2022-05-26,1,0,,0.009240802377,0.001930726008,0.03012381009,0,temporal_sigmoid
xgboost,S2,2022,2022-05-24,2022-05-18,2022-05-24,2022-05-25,2022-05-27,2022-05-27,1,0,,0.0221903827,0.004009856428,0.03012381009,0,temporal_sigmoid
xgboost,S2,2022,2022-05-25,2022-05-19,2022-05-25,2022-05-26,2022-05-28,2022-05-28,1,0,,0.008475992829,0.001797115776,0.03012381009,0,temporal_sigmoid
xgboost,S2,2022,2022-05-26,2022-05-20,2022-05-26,2022-05-27,2022-05-29,2022-05-29,1,0,,0.008475992829,0.001797115776,0.03012381009,0,temporal_sigmoid
xgboost,S2,2022,2022-05-27,2022-05-21,2022-05-27,2022-05-28,2022-05-30,2022-05-30,1,0,,0.008475992829,0.001797115776,0.03012381009,0,temporal_sigmoid
xgboost,S2,2022,2022-05-28,2022-05-22,2022-05-28,2022-05-29,2022-05-31,2022-05-31,1,0,,0.008475992829,0.001797115776,0.03012381009,0,temporal_sigmoid
xgboost,S2,2022,2022-05-29,2022-05-23,2022-05-29,2022-05-30,2022-06-01,2022-06-01,1,0,,0.008475992829,0.001797115776,0.03012381009,0,temporal_sigmoid
xgboost,S2,2022,2022-05-30,2022-05-24,2022-05-30,2022-05-31,2022-06-02,2022-06-02,1,0,,0.008422231302,0.001787651748,0.03012381009,0,temporal_sigmoid
xgboost,S2,2022,2022-05-31,2022-05-25,2022-05-31,2022-06-01,2022-06-03,2022-06-03,1,0,,0.008475992829,0.001797115776,0.03012381009,0,temporal_sigmoid
xgboost,S2,2022,2022-06-01,2022-05-26,2022-06-01,2022-06-02,2022-06-04,2022-06-04,1,0,,0.008475992829,0.001797115776,0.03012381009,0,temporal_sigmoid
xgboost,S2,2022,2022-06-02,2022-05-27,2022-06-02,2022-06-03,2022-06-05,2022-06-05,1,0,,0.008475992829,0.001797115776,0.03012381009,0,temporal_sigmoid
xgboost,S2,2022,2022-06-03,2022-05-28,2022-06-03,2022-06-04,2022-06-06,2022-06-06,1,0,,0.008719117381,0.001839793659,0.03012381009,0,temporal_sigmoid
xgboost,S2,2022,2022-06-04,2022-05-29,2022-06-04,2022-06-05,2022-06-07,2022-06-07,1,0,,0.008719117381,0.001839793659,0.03012381009,0,temporal_sigmoid
xgboost,S2,2022,2022-06-05,2022-05-30,2022-06-05,2022-06-06,2022-06-08,2022-06-08,1,0,,0.008719117381,0.001839793659,0.03012381009,0,temporal_sigmoid
xgboost,S2,2022,2022-06-06,2022-05-31,2022-06-06,2022-06-07,2022-06-09,2022-06-09,1,0,,0.008475992829,0.001797115776,0.03012381009,0,temporal_sigmoid
xgboost,S2,2022,2022-06-07,2022-06-01,2022-06-07,2022-06-08,2022-06-10,2022-06-10,1,0,,0.008874122985,0.00186690192,0.03012381009,0,temporal_sigmoid
xgboost,S2,2022,2022-06-08,2022-06-02,2022-06-08,2022-06-09,2022-06-11,2022-06-11,1,0,,0.009494372644,0.001974622025,0.03012381009,0,temporal_sigmoid
xgboost,S2,2022,2022-06-09,2022-06-03,2022-06-09,2022-06-10,2022-06-12,2022-06-12,1,0,,0.008556619287,0.001811290712,0.03012381009,0,temporal_sigmoid
xgboost,S2,2022,2022-06-10,2022-06-04,2022-06-10,2022-06-11,2022-06-13,2022-06-13,1,0,,0.009328634478,0.001945952576,0.03012381009,0,temporal_sigmoid
xgboost,S2,2022,2022-06-11,2022-06-05,2022-06-11,2022-06-12,2022-06-14,2022-06-14,1,0,,0.01033305191,0.002118494317,0.03012381009,0,temporal_sigmoid
xgboost,S2,2022,2022-06-12,2022-06-06,2022-06-12,2022-06-13,2022-06-15,2022-06-15,1,0,,0.009095749818,0.001905528228,0.03012381009,0,temporal_sigmoid
xgboost,S2,2022,2022-06-13,2022-06-07,2022-06-13,2022-06-14,2022-06-16,2022-06-16,1,0,,0.01118726283,0.00226311919,0.03012381009,0,temporal_sigmoid
xgboost,S2,2022,2022-06-14,2022-06-08,2022-06-14,2022-06-15,2022-06-17,2022-06-17,1,0,,0.01025575306,0.002105314762,0.03012381009,0,temporal_sigmoid
xgboost,S2,2022,2022-06-15,2022-06-09,2022-06-15,2022-06-16,2022-06-18,2022-06-18,1,0,,0.009554601274,0.001985020307,0.03012381009,0,temporal_sigmoid
xgboost,S2,2022,2022-06-16,2022-06-10,2022-06-16,2022-06-17,2022-06-19,2022-06-19,1,0,,0.009554601274,0.001985020307,0.03012381009,0,temporal_sigmoid
xgboost,S2,2022,2022-06-17,2022-06-11,2022-06-17,2022-06-18,2022-06-20,2022-06-20,1,0,,0.009554601274,0.001985020307,0.03012381009,0,temporal_sigmoid
xgboost,S2,2022,2022-06-18,2022-06-12,2022-06-18,2022-06-19,2022-06-21,2022-06-21,1,0,,0.00928839948,0.001938980332,0.03012381009,0,temporal_sigmoid
xgboost,S2,2022,2022-06-19,2022-06-13,2022-06-19,2022-06-20,2022-06-22,2022-06-22,1,0,,0.00928839948,0.001938980332,0.03012381009,0,temporal_sigmoid
xgboost,S2,2022,2022-06-20,2022-06-14,2022-06-20,2022-06-21,2022-06-23,2022-06-23,1,0,,0.008317989297,0.001769273103,0.03012381009,0,temporal_sigmoid
xgboost,S2,2022,2022-06-21,2022-06-15,2022-06-21,2022-06-22,2022-06-24,2022-06-24,1,0,,0.008317989297,0.001769273103,0.03012381009,0,temporal_sigmoid
xgboost,S2,2022,2022-06-22,2022-06-16,2022-06-22,2022-06-23,2022-06-25,2022-06-25,1,0,,0.009068670683,0.001900816993,0.03012381009,0,temporal_sigmoid
xgboost,S2,2022,2022-06-23,2022-06-17,2022-06-23,2022-06-24,2022-06-26,2022-06-26,1,0,,0.009328634478,0.001945952576,0.03012381009,0,temporal_sigmoid
xgboost,S2,2022,2022-06-24,2022-06-18,2022-06-24,2022-06-25,2022-06-27,2022-06-27,1,0,,0.009328634478,0.001945952576,0.03012381009,0,temporal_sigmoid
xgboost,S2,2022,2022-06-25,2022-06-19,2022-06-25,2022-06-26,2022-06-28,2022-06-28,1,0,,0.009515468031,0.001978265285,0.03012381009,0,temporal_sigmoid
xgboost,S2,2022,2022-06-26,2022-06-20,2022-06-26,2022-06-27,2022-06-29,2022-06-29,1,0,,0.0094623724,0.001969092954,0.03012381009,0,temporal_sigmoid
xgboost,S2,2022,2022-06-27,2022-06-21,2022-06-27,2022-06-28,2022-06-30,2022-06-30,1,0,,0.01162768248,0.002336993359,0.03012381009,0,temporal_sigmoid
xgboost,S2,2023,2023-02-28,2023-02-22,2023-02-28,2023-03-01,2023-03-03,2023-03-03,1,0,,0.01599448361,0.001053689765,0.005539413763,0,temporal_sigmoid
xgboost,S2,2023,2023-03-01,2023-02-23,2023-03-01,2023-03-02,2023-03-04,2023-03-04,1,0,,0.01599448361,0.001053689765,0.005539413763,0,temporal_sigmoid
xgboost,S2,2023,2023-03-02,2023-02-24,2023-03-02,2023-03-03,2023-03-05,2023-03-05,1,0,,0.02019083686,0.001291129936,0.005539413763,0,temporal_sigmoid
xgboost,S2,2023,2023-03-03,2023-02-25,2023-03-03,2023-03-04,2023-03-06,2023-03-06,1,0,,0.02019083686,0.001291129936,0.005539413763,0,temporal_sigmoid
xgboost,S2,2023,2023-03-04,2023-02-26,2023-03-04,2023-03-05,2023-03-07,2023-03-07,1,0,,0.02019083686,0.001291129936,0.005539413763,0,temporal_sigmoid
xgboost,S2,2023,2023-03-05,2023-02-27,2023-03-05,2023-03-06,2023-03-08,2023-03-08,1,0,,0.02019083686,0.001291129936,0.005539413763,0,temporal_sigmoid
xgboost,S2,2023,2023-03-06,2023-02-28,2023-03-06,2023-03-07,2023-03-09,2023-03-09,1,0,,0.02019083686,0.001291129936,0.005539413763,0,temporal_sigmoid
xgboost,S2,2023,2023-03-07,2023-03-01,2023-03-07,2023-03-08,2023-03-10,2023-03-10,1,0,,0.02019083686,0.001291129936,0.005539413763,0,temporal_sigmoid
xgboost,S2,2023,2023-03-08,2023-03-02,2023-03-08,2023-03-09,2023-03-11,2023-03-11,1,0,,0.02019083686,0.001291129936,0.005539413763,0,temporal_sigmoid
xgboost,S2,2023,2023-03-09,2023-03-03,2023-03-09,2023-03-10,2023-03-12,2023-03-12,1,0,,0.01599448361,0.001053689765,0.005539413763,0,temporal_sigmoid
xgboost,S2,2023,2023-03-10,2023-03-04,2023-03-10,2023-03-11,2023-03-13,2023-03-13,1,0,,0.01495167799,0.00099365483,0.005539413763,0,temporal_sigmoid
xgboost,S2,2023,2023-03-11,2023-03-05,2023-03-11,2023-03-12,2023-03-14,2023-03-14,1,0,,0.01599448361,0.001053689765,0.005539413763,0,temporal_sigmoid
xgboost,S2,2023,2023-03-12,2023-03-06,2023-03-12,2023-03-13,2023-03-15,2023-03-15,1,0,,0.0134212384,0.0009046487649,0.005539413763,0,temporal_sigmoid
xgboost,S2,2023,2023-03-13,2023-03-07,2023-03-13,2023-03-14,2023-03-16,2023-03-16,1,0,,0.0134212384,0.0009046487649,0.005539413763,0,temporal_sigmoid
xgboost,S2,2023,2023-03-14,2023-03-08,2023-03-14,2023-03-15,2023-03-17,2023-03-17,1,0,,0.01140740141,0.0007856432016,0.005539413763,0,temporal_sigmoid
xgboost,S2,2023,2023-03-15,2023-03-09,2023-03-15,2023-03-16,2023-03-18,2023-03-18,1,0,,0.01313683391,0.0008879800635,0.005539413763,0,temporal_sigmoid
xgboost,S2,2023,2023-03-16,2023-03-10,2023-03-16,2023-03-17,2023-03-19,2023-03-19,1,0,,0.009901485406,0.0006949782655,0.005539413763,0,temporal_sigmoid
xgboost,S2,2023,2023-03-17,2023-03-11,2023-03-17,2023-03-18,2023-03-20,2023-03-20,1,0,,0.009901485406,0.0006949782655,0.005539413763,0,temporal_sigmoid
xgboost,S2,2023,2023-03-18,2023-03-12,2023-03-18,2023-03-19,2023-03-21,2023-03-21,1,0,,0.01575134136,0.001039733214,0.005539413763,0,temporal_sigmoid
xgboost,S2,2023,2023-03-19,2023-03-13,2023-03-19,2023-03-20,2023-03-22,2023-03-22,1,0,,0.01091586985,0.0007562228325,0.005539413763,0,temporal_sigmoid
xgboost,S2,2023,2023-03-20,2023-03-14,2023-03-20,2023-03-21,2023-03-23,2023-03-23,1,0,,0.008291696198,0.000596115179,0.005539413763,0,temporal_sigmoid
xgboost,S2,2023,2023-03-21,2023-03-15,2023-03-21,2023-03-22,2023-03-24,2023-03-24,1,0,,0.008291696198,0.000596115179,0.005539413763,0,temporal_sigmoid
xgboost,S2,2023,2023-03-22,2023-03-16,2023-03-22,2023-03-23,2023-03-25,2023-03-25,1,0,,0.008291696198,0.000596115179,0.005539413763,0,temporal_sigmoid
xgboost,S2,2023,2023-03-23,2023-03-17,2023-03-23,2023-03-24,2023-03-26,2023-03-26,1,0,,0.008980721235,0.0006387036052,0.005539413763,0,temporal_sigmoid
xgboost,S2,2023,2023-03-24,2023-03-18,2023-03-24,2023-03-25,2023-03-27,2023-03-27,1,0,,0.008980721235,0.0006387036052,0.005539413763,0,temporal_sigmoid
xgboost,S2,2023,2023-03-25,2023-03-19,2023-03-25,2023-03-26,2023-03-28,2023-03-28,1,0,,0.008405788802,0.0006031974481,0.005539413763,0,temporal_sigmoid
xgboost,S2,2023,2023-03-26,2023-03-20,2023-03-26,2023-03-27,2023-03-29,2023-03-29,1,0,,0.01039804984,0.0007250515811,0.005539413763,0,temporal_sigmoid
xgboost,S2,2023,2023-03-27,2023-03-21,2023-03-27,2023-03-28,2023-03-30,2023-03-30,1,0,,0.01460998412,0.000973879389,0.005539413763,0,temporal_sigmoid
xgboost,S2,2023,2023-03-28,2023-03-22,2023-03-28,2023-03-29,2023-03-31,2023-03-31,1,0,,0.0156293381,0.001032720859,0.005539413763,0,temporal_sigmoid
xgboost,S2,2023,2023-03-29,2023-03-23,2023-03-29,2023-03-30,2023-04-01,2023-04-01,1,0,,0.01103483886,0.0007633583324,0.005539413763,0,temporal_sigmoid
xgboost,S2,2023,2023-03-30,2023-03-24,2023-03-30,2023-03-31,2023-04-02,2023-04-02,1,0,,0.01103483886,0.0007633583324,0.005539413763,0,temporal_sigmoid
xgboost,S2,2023,2023-03-31,2023-03-25,2023-03-31,2023-04-01,2023-04-03,2023-04-03,1,0,,0.01088544913,0.0007543967296,0.005539413763,0,temporal_sigmoid
xgboost,S2,2023,2023-04-01,2023-03-26,2023-04-01,2023-04-02,2023-04-04,2023-04-04,1,0,,0.008291696198,0.000596115179,0.005539413763,0,temporal_sigmoid
xgboost,S2,2023,2023-04-02,2023-03-27,2023-04-02,2023-04-03,2023-04-05,2023-04-05,1,0,,0.008291696198,0.000596115179,0.005539413763,0,temporal_sigmoid
xgboost,S2,2023,2023-04-03,2023-03-28,2023-04-03,2023-04-04,2023-04-06,2023-04-06,1,0,,0.01180196553,0.0008091472209,0.005539413763,0,temporal_sigmoid
xgboost,S2,2023,2023-04-04,2023-03-29,2023-04-04,2023-04-05,2023-04-07,2023-04-07,1,0,,0.01184070017,0.0008114494151,0.005539413763,0,temporal_sigmoid
xgboost,S2,2023,2023-04-05,2023-03-30,2023-04-05,2023-04-06,2023-04-08,2023-04-08,1,0,,0.1931151897,0.01047669023,0.005539413763,1,temporal_sigmoid
xgboost,S2,2023,2023-04-06,2023-03-31,2023-04-06,2023-04-07,2023-04-09,2023-04-09,1,0,,0.202519536,0.01101695417,0.005539413763,1,temporal_sigmoid
xgboost,S2,2023,2023-04-07,2023-04-01,2023-04-07,2023-04-08,2023-04-10,2023-04-10,1,1,fixed36_0043,0.547115922,0.04070715164,0.005539413763,1,temporal_sigmoid
xgboost,S2,2023,2023-04-08,2023-04-02,2023-04-08,2023-04-09,2023-04-11,2023-04-11,1,1,fixed36_0043,0.593981266,0.04762323164,0.005539413763,1,temporal_sigmoid
xgboost,S2,2023,2023-04-09,2023-04-03,2023-04-09,2023-04-10,2023-04-12,2023-04-12,1,1,fixed36_0043,0.8241966367,0.1195224224,0.005539413763,1,temporal_sigmoid
xgboost,S2,2023,2023-04-10,2023-04-04,2023-04-10,2023-04-11,2023-04-13,2023-04-13,1,1,fixed36_0043,0.8831031919,0.1696901891,0.005539413763,1,temporal_sigmoid
xgboost,S2,2023,2023-04-11,2023-04-05,2023-04-11,2023-04-12,2023-04-14,2023-04-14,1,1,fixed36_0043,0.9166033268,0.219887622,0.005539413763,1,temporal_sigmoid
xgboost,S2,2023,2023-04-12,2023-04-06,2023-04-12,2023-04-13,2023-04-15,2023-04-15,1,1,fixed36_0043,0.9395281672,0.2749801955,0.005539413763,1,temporal_sigmoid
xgboost,S2,2023,2023-04-13,2023-04-07,2023-04-13,2023-04-14,2023-04-16,2023-04-16,1,1,fixed36_0043,0.9328949451,0.2563876518,0.005539413763,1,temporal_sigmoid
xgboost,S2,2023,2023-04-14,2023-04-08,2023-04-14,2023-04-15,2023-04-17,2023-04-17,1,1,fixed36_0043,0.9411773086,0.2800355691,0.005539413763,1,temporal_sigmoid
xgboost,S2,2023,2023-04-15,2023-04-09,2023-04-15,2023-04-16,2023-04-18,2023-04-18,1,1,fixed36_0043,0.9333254695,0.2575169962,0.005539413763,1,temporal_sigmoid
xgboost,S2,2023,2023-04-16,2023-04-10,2023-04-16,2023-04-17,2023-04-19,2023-04-19,1,1,fixed36_0043,0.9322541952,0.2547251844,0.005539413763,1,temporal_sigmoid
xgboost,S2,2023,2023-04-17,2023-04-11,2023-04-17,2023-04-18,2023-04-20,2023-04-20,1,1,fixed36_0043,0.8878622055,0.1754369467,0.005539413763,1,temporal_sigmoid
xgboost,S2,2023,2023-04-18,2023-04-12,2023-04-18,2023-04-19,2023-04-21,2023-04-21,1,0,,0.8992069364,0.1907379195,0.005539413763,1,temporal_sigmoid
xgboost,S2,2023,2023-04-19,2023-04-13,2023-04-19,2023-04-20,2023-04-22,2023-04-22,1,0,,0.8790263534,0.1650408517,0.005539413763,1,temporal_sigmoid
xgboost,S2,2023,2023-04-20,2023-04-14,2023-04-20,2023-04-21,2023-04-23,2023-04-23,1,0,,0.8756009936,0.1613142823,0.005539413763,1,temporal_sigmoid
xgboost,S2,2023,2023-04-21,2023-04-15,2023-04-21,2023-04-22,2023-04-24,2023-04-24,1,0,,0.7770861983,0.09526082698,0.005539413763,1,temporal_sigmoid
xgboost,S2,2023,2023-04-22,2023-04-16,2023-04-22,2023-04-23,2023-04-25,2023-04-25,1,0,,0.9043059945,0.1984745972,0.005539413763,1,temporal_sigmoid
xgboost,S2,2023,2023-04-23,2023-04-17,2023-04-23,2023-04-24,2023-04-26,2023-04-26,1,0,,0.03220236301,0.001945941104,0.005539413763,0,temporal_sigmoid
xgboost,S2,2023,2023-04-24,2023-04-18,2023-04-24,2023-04-25,2023-04-27,2023-04-27,1,0,,0.05017405748,0.002889704103,0.005539413763,0,temporal_sigmoid
xgboost,S2,2023,2023-04-25,2023-04-19,2023-04-25,2023-04-26,2023-04-28,2023-04-28,1,0,,0.8237502575,0.1192449654,0.005539413763,1,temporal_sigmoid
xgboost,S2,2023,2023-04-26,2023-04-20,2023-04-26,2023-04-27,2023-04-29,2023-04-29,1,0,,0.8595651388,0.145752906,0.005539413763,1,temporal_sigmoid
xgboost,S2,2023,2023-04-27,2023-04-21,2023-04-27,2023-04-28,2023-04-30,2023-04-30,1,0,,0.9049993157,0.1995734037,0.005539413763,1,temporal_sigmoid
xgboost,S2,2023,2023-04-28,2023-04-22,2023-04-28,2023-04-29,2023-05-01,2023-05-01,1,0,,0.7930939794,0.1025102718,0.005539413763,1,temporal_sigmoid
xgboost,S2,2023,2023-04-29,2023-04-23,2023-04-29,2023-04-30,2023-05-02,2023-05-02,1,0,,0.7241333127,0.0762574984,0.005539413763,1,temporal_sigmoid
xgboost,S2,2023,2023-04-30,2023-04-24,2023-04-30,2023-05-01,2023-05-03,2023-05-03,1,0,,0.715877533,0.07382012415,0.005539413763,1,temporal_sigmoid
xgboost,S2,2023,2023-05-01,2023-04-25,2023-05-01,2023-05-02,2023-05-04,2023-05-04,1,0,,0.7066982985,0.07124169405,0.005539413763,1,temporal_sigmoid
xgboost,S2,2023,2023-05-02,2023-04-26,2023-05-02,2023-05-03,2023-05-05,2023-05-05,1,0,,0.8827473521,0.1692746687,0.005539413763,1,temporal_sigmoid
xgboost,S2,2023,2023-05-03,2023-04-27,2023-05-03,2023-05-04,2023-05-06,2023-05-06,1,0,,0.4709485471,0.0316256456,0.005539413763,1,temporal_sigmoid
xgboost,S2,2023,2023-05-04,2023-04-28,2023-05-04,2023-05-05,2023-05-07,2023-05-07,1,0,,0.01403643936,0.0009405633278,0.005539413763,0,temporal_sigmoid
xgboost,S2,2023,2023-05-05,2023-04-29,2023-05-05,2023-05-06,2023-05-08,2023-05-08,1,1,fixed36_0044,0.02543107234,0.001580429282,0.005539413763,0,temporal_sigmoid
xgboost,S2,2023,2023-05-06,2023-04-30,2023-05-06,2023-05-07,2023-05-09,2023-05-09,1,1,fixed36_0044,0.8710728884,0.1566210568,0.005539413763,1,temporal_sigmoid
xgboost,S2,2023,2023-05-07,2023-05-01,2023-05-07,2023-05-08,2023-05-10,2023-05-10,1,1,fixed36_0044,0.8958001733,0.1858835878,0.005539413763,1,temporal_sigmoid
xgboost,S2,2023,2023-05-08,2023-05-02,2023-05-08,2023-05-09,2023-05-11,2023-05-11,1,1,fixed36_0044,0.9114881754,0.2104579279,0.005539413763,1,temporal_sigmoid
xgboost,S2,2023,2023-05-09,2023-05-03,2023-05-09,2023-05-10,2023-05-12,2023-05-12,1,1,fixed36_0044,0.9244277477,0.2360337786,0.005539413763,1,temporal_sigmoid
xgboost,S2,2023,2023-05-10,2023-05-04,2023-05-10,2023-05-11,2023-05-13,2023-05-13,1,0,,0.9210344553,0.2287527696,0.005539413763,1,temporal_sigmoid
xgboost,S2,2023,2023-05-11,2023-05-05,2023-05-11,2023-05-12,2023-05-14,2023-05-14,1,0,,0.9369753003,0.2675102747,0.005539413763,1,temporal_sigmoid
xgboost,S2,2023,2023-05-12,2023-05-06,2023-05-12,2023-05-13,2023-05-15,2023-05-15,1,0,,0.9231154919,0.2331642571,0.005539413763,1,temporal_sigmoid
xgboost,S2,2023,2023-05-13,2023-05-07,2023-05-13,2023-05-14,2023-05-16,2023-05-16,1,0,,0.8094866872,0.1109265464,0.005539413763,1,temporal_sigmoid
xgboost,S2,2023,2023-05-14,2023-05-08,2023-05-14,2023-05-15,2023-05-17,2023-05-17,1,0,,0.04354097694,0.002544509543,0.005539413763,0,temporal_sigmoid
xgboost,S2,2023,2023-05-15,2023-05-09,2023-05-15,2023-05-16,2023-05-18,2023-05-18,1,0,,0.6415420771,0.05610720973,0.005539413763,1,temporal_sigmoid
xgboost,S2,2023,2023-05-16,2023-05-10,2023-05-16,2023-05-17,2023-05-19,2023-05-19,1,0,,0.01341894642,0.0009045146027,0.005539413763,0,temporal_sigmoid
xgboost,S2,2023,2023-05-17,2023-05-11,2023-05-17,2023-05-18,2023-05-20,2023-05-20,1,0,,0.009952437133,0.0006980725579,0.005539413763,0,temporal_sigmoid
xgboost,S2,2023,2023-05-18,2023-05-12,2023-05-18,2023-05-19,2023-05-21,2023-05-21,1,0,,0.008494961075,0.0006087242401,0.005539413763,0,temporal_sigmoid
xgboost,S2,2023,2023-05-19,2023-05-13,2023-05-19,2023-05-20,2023-05-22,2023-05-22,1,0,,0.009152089246,0.0006492302124,0.005539413763,0,temporal_sigmoid
xgboost,S2,2023,2023-05-20,2023-05-14,2023-05-20,2023-05-21,2023-05-23,2023-05-23,1,0,,0.1084894016,0.005892989022,0.005539413763,1,temporal_sigmoid
xgboost,S2,2023,2023-05-21,2023-05-15,2023-05-21,2023-05-22,2023-05-24,2023-05-24,1,0,,0.3062567711,0.0175831548,0.005539413763,1,temporal_sigmoid
xgboost,S2,2023,2023-05-22,2023-05-16,2023-05-22,2023-05-23,2023-05-25,2023-05-25,1,0,,0.1506087333,0.00811993722,0.005539413763,1,temporal_sigmoid
xgboost,S2,2023,2023-05-23,2023-05-17,2023-05-23,2023-05-24,2023-05-26,2023-05-26,1,0,,0.008413955569,0.000603703925,0.005539413763,0,temporal_sigmoid
xgboost,S2,2023,2023-05-24,2023-05-18,2023-05-24,2023-05-25,2023-05-27,2023-05-27,1,0,,0.008291696198,0.000596115179,0.005539413763,0,temporal_sigmoid
xgboost,S2,2023,2023-05-25,2023-05-19,2023-05-25,2023-05-26,2023-05-28,2023-05-28,1,0,,0.008413955569,0.000603703925,0.005539413763,0,temporal_sigmoid
xgboost,S2,2023,2023-05-26,2023-05-20,2023-05-26,2023-05-27,2023-05-29,2023-05-29,1,0,,0.01109342463,0.0007668686939,0.005539413763,0,temporal_sigmoid
xgboost,S2,2023,2023-05-27,2023-05-21,2023-05-27,2023-05-28,2023-05-30,2023-05-30,1,0,,0.008291696198,0.000596115179,0.005539413763,0,temporal_sigmoid
xgboost,S2,2023,2023-05-28,2023-05-22,2023-05-28,2023-05-29,2023-05-31,2023-05-31,1,0,,0.008858894929,0.0006312047261,0.005539413763,0,temporal_sigmoid
xgboost,S2,2023,2023-05-29,2023-05-23,2023-05-29,2023-05-30,2023-06-01,2023-06-01,1,1,fixed36_0045,0.09112523496,0.004995585854,0.005539413763,0,temporal_sigmoid
xgboost,S2,2023,2023-05-30,2023-05-24,2023-05-30,2023-05-31,2023-06-02,2023-06-02,1,1,fixed36_0045,0.1477157176,0.007963999781,0.005539413763,1,temporal_sigmoid
xgboost,S2,2023,2023-05-31,2023-05-25,2023-05-31,2023-06-01,2023-06-03,2023-06-03,1,1,fixed36_0045,0.5791457295,0.04529936595,0.005539413763,1,temporal_sigmoid
xgboost,S2,2023,2023-06-01,2023-05-26,2023-06-01,2023-06-02,2023-06-04,2023-06-04,1,1,fixed36_0045,0.7521784306,0.08550494626,0.005539413763,1,temporal_sigmoid
xgboost,S2,2023,2023-06-02,2023-05-27,2023-06-02,2023-06-03,2023-06-05,2023-06-05,1,1,fixed36_0045,0.8245364428,0.1197343831,0.005539413763,1,temporal_sigmoid
xgboost,S2,2023,2023-06-03,2023-05-28,2023-06-03,2023-06-04,2023-06-06,2023-06-06,1,1,fixed36_0045,0.7861677408,0.09926690439,0.005539413763,1,temporal_sigmoid
xgboost,S2,2023,2023-06-04,2023-05-29,2023-06-04,2023-06-05,2023-06-07,2023-06-07,1,0,,0.7861677408,0.09926690439,0.005539413763,1,temporal_sigmoid
xgboost,S2,2023,2023-06-05,2023-05-30,2023-06-05,2023-06-06,2023-06-08,2023-06-08,1,0,,0.9039142132,0.1978588308,0.005539413763,1,temporal_sigmoid
xgboost,S2,2023,2023-06-06,2023-05-31,2023-06-06,2023-06-07,2023-06-09,2023-06-09,1,0,,0.8190559745,0.1163928624,0.005539413763,1,temporal_sigmoid
xgboost,S2,2023,2023-06-07,2023-06-01,2023-06-07,2023-06-08,2023-06-10,2023-06-10,1,0,,0.5591855049,0.04237421798,0.005539413763,1,temporal_sigmoid
xgboost,S2,2023,2023-06-08,2023-06-02,2023-06-08,2023-06-09,2023-06-11,2023-06-11,1,0,,0.01731195115,0.001128905115,0.005539413763,0,temporal_sigmoid
xgboost,S2,2023,2023-06-09,2023-06-03,2023-06-09,2023-06-10,2023-06-12,2023-06-12,1,0,,0.0113656735,0.0007831517335,0.005539413763,0,temporal_sigmoid
xgboost,S2,2023,2023-06-10,2023-06-04,2023-06-10,2023-06-11,2023-06-13,2023-06-13,1,0,,0.008413955569,0.000603703925,0.005539413763,0,temporal_sigmoid
xgboost,S2,2023,2023-06-11,2023-06-05,2023-06-11,2023-06-12,2023-06-14,2023-06-14,1,0,,0.008413955569,0.000603703925,0.005539413763,0,temporal_sigmoid
xgboost,S2,2023,2023-06-12,2023-06-06,2023-06-12,2023-06-13,2023-06-15,2023-06-15,1,0,,0.008291696198,0.000596115179,0.005539413763,0,temporal_sigmoid
xgboost,S2,2023,2023-06-13,2023-06-07,2023-06-13,2023-06-14,2023-06-16,2023-06-16,1,0,,0.008291696198,0.000596115179,0.005539413763,0,temporal_sigmoid
xgboost,S2,2023,2023-06-14,2023-06-08,2023-06-14,2023-06-15,2023-06-17,2023-06-17,1,0,,0.04146506637,0.00243585079,0.005539413763,0,temporal_sigmoid
xgboost,S2,2023,2023-06-15,2023-06-09,2023-06-15,2023-06-16,2023-06-18,2023-06-18,1,0,,0.009444369003,0.0006671269327,0.005539413763,0,temporal_sigmoid
xgboost,S2,2023,2023-06-16,2023-06-10,2023-06-16,2023-06-17,2023-06-19,2023-06-19,1,0,,0.0458830148,0.002666711694,0.005539413763,0,temporal_sigmoid
xgboost,S2,2023,2023-06-17,2023-06-11,2023-06-17,2023-06-18,2023-06-20,2023-06-20,1,0,,0.01750524342,0.001139885095,0.005539413763,0,temporal_sigmoid
xgboost,S2,2023,2023-06-18,2023-06-12,2023-06-18,2023-06-19,2023-06-21,2023-06-21,1,0,,0.009562243707,0.000674324724,0.005539413763,0,temporal_sigmoid
xgboost,S2,2023,2023-06-19,2023-06-13,2023-06-19,2023-06-20,2023-06-22,2023-06-22,1,0,,0.009562243707,0.000674324724,0.005539413763,0,temporal_sigmoid
xgboost,S2,2023,2023-06-20,2023-06-14,2023-06-20,2023-06-21,2023-06-23,2023-06-23,1,0,,0.009562243707,0.000674324724,0.005539413763,0,temporal_sigmoid
xgboost,S2,2023,2023-06-21,2023-06-15,2023-06-21,2023-06-22,2023-06-24,2023-06-24,1,0,,0.009423452429,0.000665848525,0.005539413763,0,temporal_sigmoid
xgboost,S2,2023,2023-06-22,2023-06-16,2023-06-22,2023-06-23,2023-06-25,2023-06-25,1,0,,0.008291696198,0.000596115179,0.005539413763,0,temporal_sigmoid
xgboost,S2,2023,2023-06-23,2023-06-17,2023-06-23,2023-06-24,2023-06-26,2023-06-26,1,0,,0.008291696198,0.000596115179,0.005539413763,0,temporal_sigmoid
xgboost,S2,2023,2023-06-24,2023-06-18,2023-06-24,2023-06-25,2023-06-27,2023-06-27,1,0,,0.008291696198,0.000596115179,0.005539413763,0,temporal_sigmoid
xgboost,S2,2023,2023-06-25,2023-06-19,2023-06-25,2023-06-26,2023-06-28,2023-06-28,1,0,,0.01054407936,0.0007338611939,0.005539413763,0,temporal_sigmoid
xgboost,S2,2023,2023-06-26,2023-06-20,2023-06-26,2023-06-27,2023-06-29,2023-06-29,1,0,,0.008291696198,0.000596115179,0.005539413763,0,temporal_sigmoid
xgboost,S2,2023,2023-06-27,2023-06-21,2023-06-27,2023-06-28,2023-06-30,2023-06-30,1,0,,0.008291696198,0.000596115179,0.005539413763,0,temporal_sigmoid
xgboost,S2,2024,2024-02-29,2024-02-23,2024-02-29,2024-03-01,2024-03-03,2024-03-03,1,0,,0.01251664571,0.00406725548,0.02563865386,0,temporal_sigmoid
xgboost,S2,2024,2024-03-01,2024-02-24,2024-03-01,2024-03-02,2024-03-04,2024-03-04,1,0,,0.01249257009,0.00406153777,0.02563865386,0,temporal_sigmoid
xgboost,S2,2024,2024-03-02,2024-02-25,2024-03-02,2024-03-03,2024-03-05,2024-03-05,1,0,,0.02199704014,0.006149419537,0.02563865386,0,temporal_sigmoid
xgboost,S2,2024,2024-03-03,2024-02-26,2024-03-03,2024-03-04,2024-03-06,2024-03-06,1,0,,0.03201414272,0.008114962827,0.02563865386,0,temporal_sigmoid
xgboost,S2,2024,2024-03-04,2024-02-27,2024-03-04,2024-03-05,2024-03-07,2024-03-07,1,0,,0.06540539861,0.01388612164,0.02563865386,0,temporal_sigmoid
xgboost,S2,2024,2024-03-05,2024-02-28,2024-03-05,2024-03-06,2024-03-08,2024-03-08,1,0,,0.1485541463,0.02656956612,0.02563865386,1,temporal_sigmoid
xgboost,S2,2024,2024-03-06,2024-02-29,2024-03-06,2024-03-07,2024-03-09,2024-03-09,1,0,,0.1011247635,0.01947491816,0.02563865386,0,temporal_sigmoid
xgboost,S2,2024,2024-03-07,2024-03-01,2024-03-07,2024-03-08,2024-03-10,2024-03-10,1,0,,0.02685320191,0.007124207634,0.02563865386,0,temporal_sigmoid
xgboost,S2,2024,2024-03-08,2024-03-02,2024-03-08,2024-03-09,2024-03-11,2024-03-11,1,0,,0.02099531703,0.005942072813,0.02563865386,0,temporal_sigmoid
xgboost,S2,2024,2024-03-09,2024-03-03,2024-03-09,2024-03-10,2024-03-12,2024-03-12,1,0,,0.01805219054,0.005317972229,0.02563865386,0,temporal_sigmoid
xgboost,S2,2024,2024-03-10,2024-03-04,2024-03-10,2024-03-11,2024-03-13,2024-03-13,1,0,,0.01176226325,0.003886702112,0.02563865386,0,temporal_sigmoid
xgboost,S2,2024,2024-03-11,2024-03-05,2024-03-11,2024-03-12,2024-03-14,2024-03-14,1,0,,0.02774272487,0.007297965146,0.02563865386,0,temporal_sigmoid
xgboost,S2,2024,2024-03-12,2024-03-06,2024-03-12,2024-03-13,2024-03-15,2024-03-15,1,0,,0.01431409083,0.004486535147,0.02563865386,0,temporal_sigmoid
xgboost,S2,2024,2024-03-13,2024-03-07,2024-03-13,2024-03-14,2024-03-16,2024-03-16,1,0,,0.0163471736,0.00494478688,0.02563865386,0,temporal_sigmoid
xgboost,S2,2024,2024-03-14,2024-03-08,2024-03-14,2024-03-15,2024-03-17,2024-03-17,1,0,,0.01238893531,0.004036892818,0.02563865386,0,temporal_sigmoid
xgboost,S2,2024,2024-03-15,2024-03-09,2024-03-15,2024-03-16,2024-03-18,2024-03-18,1,0,,0.04358517379,0.01021473421,0.02563865386,0,temporal_sigmoid
xgboost,S2,2024,2024-03-16,2024-03-10,2024-03-16,2024-03-17,2024-03-19,2024-03-19,1,0,,0.04358517379,0.01021473421,0.02563865386,0,temporal_sigmoid
xgboost,S2,2024,2024-03-17,2024-03-11,2024-03-17,2024-03-18,2024-03-20,2024-03-20,1,0,,0.08222237974,0.01656187742,0.02563865386,0,temporal_sigmoid
xgboost,S2,2024,2024-03-18,2024-03-12,2024-03-18,2024-03-19,2024-03-21,2024-03-21,1,0,,0.1496239007,0.02672802777,0.02563865386,1,temporal_sigmoid
xgboost,S2,2024,2024-03-19,2024-03-13,2024-03-19,2024-03-20,2024-03-22,2024-03-22,1,0,,0.02335648052,0.006427143061,0.02563865386,0,temporal_sigmoid
xgboost,S2,2024,2024-03-20,2024-03-14,2024-03-20,2024-03-21,2024-03-23,2024-03-23,1,0,,0.00702524092,0.002669613493,0.02563865386,0,temporal_sigmoid
xgboost,S2,2024,2024-03-21,2024-03-15,2024-03-21,2024-03-22,2024-03-24,2024-03-24,1,0,,0.00702524092,0.002669613493,0.02563865386,0,temporal_sigmoid
xgboost,S2,2024,2024-03-22,2024-03-16,2024-03-22,2024-03-23,2024-03-25,2024-03-25,1,0,,0.02585888468,0.006928344748,0.02563865386,0,temporal_sigmoid
xgboost,S2,2024,2024-03-23,2024-03-17,2024-03-23,2024-03-24,2024-03-26,2024-03-26,1,0,,0.006034943741,0.002390285836,0.02563865386,0,temporal_sigmoid
xgboost,S2,2024,2024-03-24,2024-03-18,2024-03-24,2024-03-25,2024-03-27,2024-03-27,1,0,,0.005542821251,0.002246946579,0.02563865386,0,temporal_sigmoid
xgboost,S2,2024,2024-03-25,2024-03-19,2024-03-25,2024-03-26,2024-03-28,2024-03-28,1,0,,0.001812972827,0.000998486983,0.02563865386,0,temporal_sigmoid
xgboost,S2,2024,2024-03-26,2024-03-20,2024-03-26,2024-03-27,2024-03-29,2024-03-29,1,0,,0.006891573314,0.002632558359,0.02563865386,0,temporal_sigmoid
xgboost,S2,2024,2024-03-27,2024-03-21,2024-03-27,2024-03-28,2024-03-30,2024-03-30,1,0,,0.009230007418,0.003256654773,0.02563865386,0,temporal_sigmoid
xgboost,S2,2024,2024-03-28,2024-03-22,2024-03-28,2024-03-29,2024-03-31,2024-03-31,1,0,,0.005183333531,0.002140068342,0.02563865386,0,temporal_sigmoid
xgboost,S2,2024,2024-03-29,2024-03-23,2024-03-29,2024-03-30,2024-04-01,2024-04-01,1,0,,0.02740974724,0.007233079435,0.02563865386,0,temporal_sigmoid
xgboost,S2,2024,2024-03-30,2024-03-24,2024-03-30,2024-03-31,2024-04-02,2024-04-02,1,0,,0.01179533824,0.003894680235,0.02563865386,0,temporal_sigmoid
xgboost,S2,2024,2024-03-31,2024-03-25,2024-03-31,2024-04-01,2024-04-03,2024-04-03,1,0,,0.0293333903,0.007605437584,0.02563865386,0,temporal_sigmoid
xgboost,S2,2024,2024-04-01,2024-03-26,2024-04-01,2024-04-02,2024-04-04,2024-04-04,1,0,,0.226123929,0.03814461185,0.02563865386,1,temporal_sigmoid
xgboost,S2,2024,2024-04-02,2024-03-27,2024-04-02,2024-04-03,2024-04-05,2024-04-05,1,0,,0.3225311637,0.0534631487,0.02563865386,1,temporal_sigmoid
xgboost,S2,2024,2024-04-03,2024-03-28,2024-04-03,2024-04-04,2024-04-06,2024-04-06,1,0,,0.2295284122,0.0386623599,0.02563865386,1,temporal_sigmoid
xgboost,S2,2024,2024-04-04,2024-03-29,2024-04-04,2024-04-05,2024-04-07,2024-04-07,1,0,,0.05069774389,0.01144451222,0.02563865386,0,temporal_sigmoid
xgboost,S2,2024,2024-04-05,2024-03-30,2024-04-05,2024-04-06,2024-04-08,2024-04-08,1,0,,0.03621396422,0.008894007083,0.02563865386,0,temporal_sigmoid
xgboost,S2,2024,2024-04-06,2024-03-31,2024-04-06,2024-04-07,2024-04-09,2024-04-09,1,0,,0.7082855701,0.1553187972,0.02563865386,1,temporal_sigmoid
xgboost,S2,2024,2024-04-07,2024-04-01,2024-04-07,2024-04-08,2024-04-10,2024-04-10,1,0,,0.1570966691,0.02783454903,0.02563865386,1,temporal_sigmoid
xgboost,S2,2024,2024-04-08,2024-04-02,2024-04-08,2024-04-09,2024-04-11,2024-04-11,1,0,,0.04017551616,0.009610423717,0.02563865386,0,temporal_sigmoid
xgboost,S2,2024,2024-04-09,2024-04-03,2024-04-09,2024-04-10,2024-04-12,2024-04-12,1,0,,0.0343589671,0.008552596928,0.02563865386,0,temporal_sigmoid
xgboost,S2,2024,2024-04-10,2024-04-04,2024-04-10,2024-04-11,2024-04-13,2024-04-13,1,0,,0.01817164756,0.005343776129,0.02563865386,0,temporal_sigmoid
xgboost,S2,2024,2024-04-11,2024-04-05,2024-04-11,2024-04-12,2024-04-14,2024-04-14,1,0,,0.05818549171,0.01270218305,0.02563865386,0,temporal_sigmoid
xgboost,S2,2024,2024-04-12,2024-04-06,2024-04-12,2024-04-13,2024-04-15,2024-04-15,1,0,,0.6431111097,0.1290367833,0.02563865386,1,temporal_sigmoid
xgboost,S2,2024,2024-04-13,2024-04-07,2024-04-13,2024-04-14,2024-04-16,2024-04-16,1,0,,0.8023236394,0.210612278,0.02563865386,1,temporal_sigmoid
xgboost,S2,2024,2024-04-14,2024-04-08,2024-04-14,2024-04-15,2024-04-17,2024-04-17,1,1,fixed36_0046,0.5732908845,0.1069568642,0.02563865386,1,temporal_sigmoid
xgboost,S2,2024,2024-04-15,2024-04-09,2024-04-15,2024-04-16,2024-04-18,2024-04-18,1,0,,0.9853106737,0.6705947277,0.02563865386,1,temporal_sigmoid
xgboost,S2,2024,2024-04-16,2024-04-10,2024-04-16,2024-04-17,2024-04-19,2024-04-19,1,0,,0.8013605475,0.2098831356,0.02563865386,1,temporal_sigmoid
xgboost,S2,2024,2024-04-17,2024-04-11,2024-04-17,2024-04-18,2024-04-20,2024-04-20,1,0,,0.5602449179,0.103335216,0.02563865386,1,temporal_sigmoid
xgboost,S2,2024,2024-04-18,2024-04-12,2024-04-18,2024-04-19,2024-04-21,2024-04-21,1,1,fixed36_0047,0.6688318253,0.1386076701,0.02563865386,1,temporal_sigmoid
xgboost,S2,2024,2024-04-19,2024-04-13,2024-04-19,2024-04-20,2024-04-22,2024-04-22,1,1,fixed36_0047,0.9721387029,0.559067369,0.02563865386,1,temporal_sigmoid
xgboost,S2,2024,2024-04-20,2024-04-14,2024-04-20,2024-04-21,2024-04-23,2024-04-23,1,1,fixed36_0047,0.9784697294,0.6055953081,0.02563865386,1,temporal_sigmoid
xgboost,S2,2024,2024-04-21,2024-04-15,2024-04-21,2024-04-22,2024-04-24,2024-04-24,1,1,fixed36_0047,0.9080184698,0.3368575302,0.02563865386,1,temporal_sigmoid
xgboost,S2,2024,2024-04-22,2024-04-16,2024-04-22,2024-04-23,2024-04-25,2024-04-25,1,1,fixed36_0047,0.9754178524,0.5818894585,0.02563865386,1,temporal_sigmoid
xgboost,S2,2024,2024-04-23,2024-04-17,2024-04-23,2024-04-24,2024-04-26,2024-04-26,1,1,fixed36_0047,0.9814291,0.6313809862,0.02563865386,1,temporal_sigmoid
xgboost,S2,2024,2024-04-24,2024-04-18,2024-04-24,2024-04-25,2024-04-27,2024-04-27,1,1,fixed36_0047,0.9432694316,0.4256511,0.02563865386,1,temporal_sigmoid
xgboost,S2,2024,2024-04-25,2024-04-19,2024-04-25,2024-04-26,2024-04-28,2024-04-28,1,1,fixed36_0047,0.973492384,0.5681898117,0.02563865386,1,temporal_sigmoid
xgboost,S2,2024,2024-04-26,2024-04-20,2024-04-26,2024-04-27,2024-04-29,2024-04-29,1,1,fixed36_0047,0.9291143417,0.3841545259,0.02563865386,1,temporal_sigmoid
xgboost,S2,2024,2024-04-27,2024-04-21,2024-04-27,2024-04-28,2024-04-30,2024-04-30,1,1,fixed36_0047,0.9139108658,0.3487177664,0.02563865386,1,temporal_sigmoid
xgboost,S2,2024,2024-04-28,2024-04-22,2024-04-28,2024-04-29,2024-05-01,2024-05-01,1,1,fixed36_0047,0.9707773924,0.5502800605,0.02563865386,1,temporal_sigmoid
xgboost,S2,2024,2024-04-29,2024-04-23,2024-04-29,2024-04-30,2024-05-02,2024-05-02,1,1,fixed36_0047,0.9606976509,0.494887445,0.02563865386,1,temporal_sigmoid
xgboost,S2,2024,2024-04-30,2024-04-24,2024-04-30,2024-05-01,2024-05-03,2024-05-03,1,1,fixed36_0047,0.9541003704,0.4655890603,0.02563865386,1,temporal_sigmoid
xgboost,S2,2024,2024-05-01,2024-04-25,2024-05-01,2024-05-02,2024-05-04,2024-05-04,1,0,,0.9596950412,0.4901370178,0.02563865386,1,temporal_sigmoid
xgboost,S2,2024,2024-05-02,2024-04-26,2024-05-02,2024-05-03,2024-05-05,2024-05-05,1,0,,0.79780972,0.2072333658,0.02563865386,1,temporal_sigmoid
xgboost,S2,2024,2024-05-03,2024-04-27,2024-05-03,2024-05-04,2024-05-06,2024-05-06,1,0,,0.8146407008,0.2203561227,0.02563865386,1,temporal_sigmoid
xgboost,S2,2024,2024-05-04,2024-04-28,2024-05-04,2024-05-05,2024-05-07,2024-05-07,1,0,,0.6668460965,0.1378351801,0.02563865386,1,temporal_sigmoid
xgboost,S2,2024,2024-05-05,2024-04-29,2024-05-05,2024-05-06,2024-05-08,2024-05-08,1,0,,0.1954201162,0.03352411661,0.02563865386,1,temporal_sigmoid
xgboost,S2,2024,2024-05-06,2024-04-30,2024-05-06,2024-05-07,2024-05-09,2024-05-09,1,0,,0.01692603342,0.005072541894,0.02563865386,0,temporal_sigmoid
xgboost,S2,2024,2024-05-07,2024-05-01,2024-05-07,2024-05-08,2024-05-10,2024-05-10,1,0,,0.01550308708,0.004756410019,0.02563865386,0,temporal_sigmoid
xgboost,S2,2024,2024-05-08,2024-05-02,2024-05-08,2024-05-09,2024-05-11,2024-05-11,1,0,,0.008232495748,0.002996288053,0.02563865386,0,temporal_sigmoid
xgboost,S2,2024,2024-05-09,2024-05-03,2024-05-09,2024-05-10,2024-05-12,2024-05-12,1,0,,0.0113348579,0.003783072063,0.02563865386,0,temporal_sigmoid
xgboost,S2,2024,2024-05-10,2024-05-04,2024-05-10,2024-05-11,2024-05-13,2024-05-13,1,0,,0.01491888147,0.004624497896,0.02563865386,0,temporal_sigmoid
xgboost,S2,2024,2024-05-11,2024-05-05,2024-05-11,2024-05-12,2024-05-14,2024-05-14,1,0,,0.01586731896,0.00483800909,0.02563865386,0,temporal_sigmoid
xgboost,S2,2024,2024-05-12,2024-05-06,2024-05-12,2024-05-13,2024-05-15,2024-05-15,1,0,,0.04329015687,0.01016285833,0.02563865386,0,temporal_sigmoid
xgboost,S2,2024,2024-05-13,2024-05-07,2024-05-13,2024-05-14,2024-05-16,2024-05-16,1,0,,0.1763915569,0.03069305964,0.02563865386,1,temporal_sigmoid
xgboost,S2,2024,2024-05-14,2024-05-08,2024-05-14,2024-05-15,2024-05-17,2024-05-17,1,1,fixed36_0048,0.6127276421,0.1188090558,0.02563865386,1,temporal_sigmoid
xgboost,S2,2024,2024-05-15,2024-05-09,2024-05-15,2024-05-16,2024-05-18,2024-05-18,1,0,,0.8985316753,0.319503984,0.02563865386,1,temporal_sigmoid
xgboost,S2,2024,2024-05-16,2024-05-10,2024-05-16,2024-05-17,2024-05-19,2024-05-19,1,0,,0.9717810154,0.5567221663,0.02563865386,1,temporal_sigmoid
xgboost,S2,2024,2024-05-17,2024-05-11,2024-05-17,2024-05-18,2024-05-20,2024-05-20,1,0,,0.96401757,0.5114943899,0.02563865386,1,temporal_sigmoid
xgboost,S2,2024,2024-05-18,2024-05-12,2024-05-18,2024-05-19,2024-05-21,2024-05-21,1,0,,0.05985574797,0.01297836422,0.02563865386,0,temporal_sigmoid
xgboost,S2,2024,2024-05-19,2024-05-13,2024-05-19,2024-05-20,2024-05-22,2024-05-22,1,0,,0.03101535328,0.007926330198,0.02563865386,0,temporal_sigmoid
xgboost,S2,2024,2024-05-20,2024-05-14,2024-05-20,2024-05-21,2024-05-23,2024-05-23,1,0,,0.007231117226,0.002726320181,0.02563865386,0,temporal_sigmoid
xgboost,S2,2024,2024-05-21,2024-05-15,2024-05-21,2024-05-22,2024-05-24,2024-05-24,1,0,,0.4447226822,0.07606983562,0.02563865386,1,temporal_sigmoid
xgboost,S2,2024,2024-05-22,2024-05-16,2024-05-22,2024-05-23,2024-05-25,2024-05-25,1,1,fixed36_0049,0.007529108319,0.002807642538,0.02563865386,0,temporal_sigmoid
xgboost,S2,2024,2024-05-23,2024-05-17,2024-05-23,2024-05-24,2024-05-26,2024-05-26,1,0,,0.807182312,0.2143610743,0.02563865386,1,temporal_sigmoid
xgboost,S2,2024,2024-05-24,2024-05-18,2024-05-24,2024-05-25,2024-05-27,2024-05-27,1,0,,0.9527164102,0.4599771308,0.02563865386,1,temporal_sigmoid
xgboost,S2,2024,2024-05-25,2024-05-19,2024-05-25,2024-05-26,2024-05-28,2024-05-28,1,0,,0.5736430883,0.1070565457,0.02563865386,1,temporal_sigmoid
xgboost,S2,2024,2024-05-26,2024-05-20,2024-05-26,2024-05-27,2024-05-29,2024-05-29,1,0,,0.2362294793,0.0396852112,0.02563865386,1,temporal_sigmoid
xgboost,S2,2024,2024-05-27,2024-05-21,2024-05-27,2024-05-28,2024-05-30,2024-05-30,1,0,,0.01305987127,0.00419552061,0.02563865386,0,temporal_sigmoid
xgboost,S2,2024,2024-05-28,2024-05-22,2024-05-28,2024-05-29,2024-05-31,2024-05-31,1,0,,0.003873342881,0.001731922741,0.02563865386,0,temporal_sigmoid
xgboost,S2,2024,2024-05-29,2024-05-23,2024-05-29,2024-05-30,2024-06-01,2024-06-01,1,0,,0.01777907461,0.005258814276,0.02563865386,0,temporal_sigmoid
xgboost,S2,2024,2024-05-30,2024-05-24,2024-05-30,2024-05-31,2024-06-02,2024-06-02,1,0,,0.02242870256,0.006238048953,0.02563865386,0,temporal_sigmoid
xgboost,S2,2024,2024-05-31,2024-05-25,2024-05-31,2024-06-01,2024-06-03,2024-06-03,1,0,,0.06157298386,0.0132608254,0.02563865386,0,temporal_sigmoid
xgboost,S2,2024,2024-06-01,2024-05-26,2024-06-01,2024-06-02,2024-06-04,2024-06-04,1,0,,0.06388363242,0.01363863928,0.02563865386,0,temporal_sigmoid
xgboost,S2,2024,2024-06-02,2024-05-27,2024-06-02,2024-06-03,2024-06-05,2024-06-05,1,0,,0.0870995149,0.01732131886,0.02563865386,0,temporal_sigmoid
xgboost,S2,2024,2024-06-03,2024-05-28,2024-06-03,2024-06-04,2024-06-06,2024-06-06,1,0,,0.06173130125,0.01328679296,0.02563865386,0,temporal_sigmoid
xgboost,S2,2024,2024-06-04,2024-05-29,2024-06-04,2024-06-05,2024-06-07,2024-06-07,1,0,,0.004928715993,0.002063157967,0.02563865386,0,temporal_sigmoid
xgboost,S2,2024,2024-06-05,2024-05-30,2024-06-05,2024-06-06,2024-06-08,2024-06-08,1,0,,0.01565098576,0.004789602193,0.02563865386,0,temporal_sigmoid
xgboost,S2,2024,2024-06-06,2024-05-31,2024-06-06,2024-06-07,2024-06-09,2024-06-09,1,0,,0.002967479406,0.00142742959,0.02563865386,0,temporal_sigmoid
xgboost,S2,2024,2024-06-07,2024-06-01,2024-06-07,2024-06-08,2024-06-10,2024-06-10,1,0,,0.01224424504,0.004002394806,0.02563865386,0,temporal_sigmoid
xgboost,S2,2024,2024-06-08,2024-06-02,2024-06-08,2024-06-09,2024-06-11,2024-06-11,1,0,,0.08405647427,0.01684821008,0.02563865386,0,temporal_sigmoid
xgboost,S2,2024,2024-06-09,2024-06-03,2024-06-09,2024-06-10,2024-06-12,2024-06-12,1,0,,0.07051009685,0.01470912146,0.02563865386,0,temporal_sigmoid
xgboost,S2,2024,2024-06-10,2024-06-04,2024-06-10,2024-06-11,2024-06-13,2024-06-13,1,0,,0.04499588907,0.01046177784,0.02563865386,0,temporal_sigmoid
xgboost,S2,2024,2024-06-11,2024-06-05,2024-06-11,2024-06-12,2024-06-14,2024-06-14,1,0,,0.3800256848,0.06352287045,0.02563865386,1,temporal_sigmoid
xgboost,S2,2024,2024-06-12,2024-06-06,2024-06-12,2024-06-13,2024-06-15,2024-06-15,1,0,,0.01961590163,0.005652482695,0.02563865386,0,temporal_sigmoid
xgboost,S2,2024,2024-06-13,2024-06-07,2024-06-13,2024-06-14,2024-06-16,2024-06-16,1,0,,0.01295821927,0.004171625594,0.02563865386,0,temporal_sigmoid
xgboost,S2,2024,2024-06-14,2024-06-08,2024-06-14,2024-06-15,2024-06-17,2024-06-17,1,0,,0.007359023206,0.002761333409,0.02563865386,0,temporal_sigmoid
xgboost,S2,2024,2024-06-15,2024-06-09,2024-06-15,2024-06-16,2024-06-18,2024-06-18,1,0,,0.01288121566,0.004153492271,0.02563865386,0,temporal_sigmoid
xgboost,S2,2024,2024-06-16,2024-06-10,2024-06-16,2024-06-17,2024-06-19,2024-06-19,1,0,,0.04799259081,0.01098126859,0.02563865386,0,temporal_sigmoid
xgboost,S2,2024,2024-06-17,2024-06-11,2024-06-17,2024-06-18,2024-06-20,2024-06-20,1,0,,0.03688403964,0.009016359823,0.02563865386,0,temporal_sigmoid
xgboost,S2,2024,2024-06-18,2024-06-12,2024-06-18,2024-06-19,2024-06-21,2024-06-21,1,0,,0.009628598578,0.003358582261,0.02563865386,0,temporal_sigmoid
xgboost,S2,2024,2024-06-19,2024-06-13,2024-06-19,2024-06-20,2024-06-22,2024-06-22,1,0,,0.004010344855,0.001776188357,0.02563865386,0,temporal_sigmoid
xgboost,S2,2024,2024-06-20,2024-06-14,2024-06-20,2024-06-21,2024-06-23,2024-06-23,1,0,,0.003110102145,0.001476889446,0.02563865386,0,temporal_sigmoid
xgboost,S2,2024,2024-06-21,2024-06-15,2024-06-21,2024-06-22,2024-06-24,2024-06-24,1,0,,0.002477440517,0.00125224359,0.02563865386,0,temporal_sigmoid
xgboost,S2,2024,2024-06-22,2024-06-16,2024-06-22,2024-06-23,2024-06-25,2024-06-25,1,0,,0.004374342505,0.001891859357,0.02563865386,0,temporal_sigmoid
xgboost,S2,2024,2024-06-23,2024-06-17,2024-06-23,2024-06-24,2024-06-26,2024-06-26,1,0,,0.003803039435,0.001709043021,0.02563865386,0,temporal_sigmoid
xgboost,S2,2024,2024-06-24,2024-06-18,2024-06-24,2024-06-25,2024-06-27,2024-06-27,1,0,,0.02704428695,0.00716164787,0.02563865386,0,temporal_sigmoid
xgboost,S2,2024,2024-06-25,2024-06-19,2024-06-25,2024-06-26,2024-06-28,2024-06-28,1,0,,0.02151973173,0.006050918505,0.02563865386,0,temporal_sigmoid
xgboost,S2,2024,2024-06-26,2024-06-20,2024-06-26,2024-06-27,2024-06-29,2024-06-29,1,0,,0.01146831084,0.003815537302,0.02563865386,0,temporal_sigmoid
xgboost,S2,2024,2024-06-27,2024-06-21,2024-06-27,2024-06-28,2024-06-30,2024-06-30,1,0,,0.007291890215,0.002742976727,0.02563865386,0,temporal_sigmoid
