issue_date,outcome,tmax_latest,tmax_mean7,rh_mean_latest,soil_moisture_mean_latest
1972-02-29,0,28.150425,28.64471071,53.309315,0.1410417
1972-03-01,0,27.940426,28.84042514,42.204617,0.14041664
1972-03-02,0,28.940426,28.67899671,45.514084,0.14033335
1972-03-03,0,29.960424,28.61328229,52.05071,0.14308335
1972-03-04,0,30.730425,28.78899657,55.99297,0.14720832
1972-03-05,0,30.700424,29.11899643,56.34792,0.14683333
1972-03-06,0,29.690426,29.44471086,60.225803,0.14666663
1972-03-07,0,29.910425,29.69613943,59.977802,0.14691667
1972-03-08,0,31.120424,30.15042486,59.509403,0.14500004
1972-03-09,0,32.390427,30.64328214,59.21736,0.14383335
1972-03-10,0,32.790424,31.04756786,49.3116,0.14187504
1972-03-11,0,32.770424,31.33899629,46.496082,0.14320831
1972-03-12,0,33.340424,31.71613914,52.380234,0.14362498
1972-03-13,0,33.760426,32.29756771,51.61299,0.14425002
1972-03-14,0,33.910423,32.868996,63.974453,0.14704166
1972-03-15,0,31.680426,32.94899629,73.78954,0.15183331
1972-03-16,0,33.160423,33.05899571,68.668335,0.15370832
1972-03-17,0,33.730427,33.19328186,68.471855,0.15362501
1972-03-18,0,34.690426,33.46756786,68.06431,0.15366666
1972-03-19,0,32.310425,33.32042514,73.61045,0.15283334
1972-03-20,0,33.440426,33.27471086,72.64152,0.15104164
1972-03-21,0,35.830425,33.54899686,67.935524,0.15133332
1972-03-22,0,34.510426,33.95328257,67.01256,0.15020834
1972-03-23,0,32.970425,33.92614,68.36269,0.14745836
1972-03-24,0,34.070423,33.97471086,66.26739,0.14537506
1972-03-25,0,34.420425,33.93613929,62.5119,0.14262497
1972-03-26,0,34.600426,34.26328229,59.400066,0.14250003
1972-03-27,0,33.200424,34.22899629,74.43962,0.17545836
1972-03-28,0,31.550425,33.61756771,77.51214,0.24950004
1972-03-29,0,31.540424,33.19328171,82.303024,0.30204168
1972-03-30,0,30.590425,32.85328171,84.343666,0.31158337
1972-03-31,0,32.230427,32.59042514,82.97588,0.30316666
1972-04-01,0,32.600426,32.33042529,77.02497,0.32324997
1972-04-02,0,31.290424,31.85756786,82.34157,0.346625
1972-04-03,0,28.110424,31.130425,84.39085,0.34666666
1972-04-04,0,31.160425,31.07471071,78.25049,0.30866662
1972-04-05,0,31.690426,31.09613957,78.93344,0.31237498
1972-04-06,0,29.980425,31.00899671,83.08037,0.347875
1972-04-07,0,31.640425,30.92471071,83.686935,0.33979166
1972-04-08,0,32.370426,30.89185357,78.35858,0.30641663
1972-04-09,0,32.310425,31.037568,74.46969,0.28154173
1972-04-10,0,29.940426,31.29899686,77.80529,0.2623333
1972-04-11,0,32.740425,31.52471114,73.83961,0.24433328
1972-04-12,0,30.980425,31.42328243,77.3837,0.24195834
1972-04-13,0,32.970425,31.85042529,81.25087,0.27366668
1972-04-14,0,28.730425,31.434711,85.5499,0.3339167
1972-04-15,0,29.700424,31.05328214,82.69916,0.34020832
1972-04-16,0,29.950424,30.71613914,78.40177,0.35875002
1972-04-17,0,30.700424,30.82471029,82.29499,0.362625
1972-04-18,0,30.990425,30.57471029,81.88801,0.36329165
1972-04-19,0,31.130424,30.59613871,84.21628,0.34541667
1972-04-20,0,32.370426,30.51042457,79.84516,0.31895837
1972-04-21,0,33.650425,31.21328171,75.4159,0.29416677
1972-04-22,1,35.460426,32.03613914,67.56237,0.2673333
1972-04-23,0,36.530426,32.97613943,60.974594,0.24258335
1972-04-24,0,37.170425,33.90042529,53.08899,0.21908331
1972-04-25,0,36.320423,34.66185357,59.882507,0.20345835
1972-04-26,0,35.300426,35.25756814,72.04699,0.20766664
1972-04-27,0,34.470425,35.557568,75.29296,0.21645832
1972-04-28,0,34.990425,35.74899657,77.00515,0.24554162
1972-04-29,0,35.920425,35.81471071,75.315834,0.27370837
1972-04-30,0,35.340424,35.64471043,75.2297,0.26691666
1972-05-01,0,35.700424,35.43471029,72.820816,0.24041663
1972-05-02,0,35.970425,35.38471057,77.3903,0.30900002
1972-05-03,0,31.240425,34.80471043,82.757164,0.33625004
1972-05-04,0,34.800426,34.85185343,76.348976,0.29891667
1972-05-05,0,33.250423,34.60328171,77.0807,0.27487502
1972-05-06,0,35.200424,34.50042443,76.72312,0.2549167
1972-05-07,0,35.330425,34.498996,76.12958,0.23662496
1972-05-08,0,35.840424,34.518996,73.97193,0.22062503
1972-05-09,0,34.920425,34.368996,71.77137,0.20366664
1972-05-10,0,35.790424,35.01899586,70.46717,0.19020838
1972-05-11,0,36.150425,35.21185286,70.963196,0.18070835
1972-05-12,1,35.510426,35.53471043,67.19986,0.17020829
1972-05-13,1,37.060425,35.80042486,65.49531,0.15987496
1972-05-14,1,37.010426,36.040425,66.030754,0.15399998
1972-05-15,1,37.190426,36.23328243,66.255646,0.15266667
1972-05-16,1,37.130424,36.54899657,67.12241,0.15354165
1972-05-17,0,36.980427,36.718997,69.83183,0.157625
1972-05-18,0,37.200424,36.86899686,73.21259,0.16216667
1972-05-19,0,37.100426,37.09613971,72.96807,0.19541667
1972-05-20,0,29.850426,36.06613986,90.36878,0.38262498
1972-05-21,0,27.450424,34.70042529,91.28472,0.41695836
1972-05-22,0,30.580425,33.75613943,86.553925,0.42462492
1972-05-23,0,29.950424,32.73042514,89.69806,0.42858326
1972-05-24,0,29.670425,31.68613914,86.354836,0.40866664
1972-05-25,0,29.410425,30.57328214,86.677795,0.40495834
1972-05-26,0,29.350426,29.46613929,88.39716,0.411
1972-05-27,0,31.120424,29.64756757,87.88804,0.4069583
1972-05-28,0,34.110424,30.59899614,78.6979,0.38508335
1972-05-29,0,34.080425,31.09899614,79.04853,0.36125
1972-05-30,0,34.210426,31.70756786,78.1343,0.33925
1972-05-31,0,33.860424,32.30613914,75.38669,0.31900004
1972-06-01,0,34.460426,33.02756786,74.98261,0.2999167
1972-06-02,0,34.410423,33.75042457,76.13565,0.2834583
1972-06-03,0,34.040424,34.16756743,74.47782,0.26820835
1972-06-04,0,32.560425,33.946139,77.56949,0.26091668
1972-06-05,0,33.090424,33.80471029,81.845924,0.32895836
1972-06-06,0,33.910423,33.76185271,80.12069,0.35816666
1972-06-07,0,34.700424,33.88185271,78.24116,0.32087502
1972-06-08,0,34.920425,33.94756686,77.439186,0.297375
1972-06-09,0,35.470425,34.09899571,76.80378,0.27304164
1972-06-10,0,34.990425,34.23471014,74.90238,0.25229165
1972-06-11,0,34.950424,34.57613857,74.260315,0.23420835
1972-06-12,0,36.120426,35.008996,78.284225,0.22029172
1972-06-13,0,30.860424,34.57328186,86.042755,0.2654166
1972-06-14,0,28.000425,33.61613914,93.315155,0.4140416
1972-06-15,0,32.170425,33.223282,82.976364,0.4070833
1972-06-16,0,30.740425,32.54756771,89.71125,0.416375
1972-06-17,0,31.650425,32.07042486,88.84614,0.42024994
1972-06-18,0,28.510426,31.15042514,93.98322,0.43358335
1972-06-19,0,30.840425,30.39613929,86.98168,0.4252083
1972-06-20,0,31.790424,30.52899643,82.70619,0.40545836
1972-06-21,0,30.670425,30.910425,85.430176,0.408
1972-06-22,0,30.250425,30.63613929,87.107445,0.40570834
1972-06-23,0,29.230425,30.420425,90.1655,0.41433334
1972-06-24,0,29.010426,30.04328229,86.720276,0.41600004
1972-06-25,0,29.490425,30.18328214,88.24966,0.41849998
1972-06-26,0,29.840425,30.040425,86.48281,0.40820834
1972-06-27,0,31.180426,29.95328243,81.39823,0.3970834
1973-02-28,0,26.140425,30.09185386,90.07871,0.39674997
1973-03-01,0,24.230425,29.004711,89.33521,0.40420833
1973-03-02,0,25.580425,28.25185371,87.12043,0.37533334
1973-03-03,0,23.890425,27.17328214,84.42603,0.36724997
1973-03-04,0,25.640425,26.19185343,78.099495,0.34670833
1973-03-05,0,27.980425,25.76613929,70.91804,0.32495844
1973-03-06,0,27.270426,25.81899657,71.095764,0.30516666
1973-03-07,0,27.240425,25.97613943,74.672195,0.29674995
1973-03-08,0,23.840425,25.92042514,80.62939,0.3083749
1973-03-09,0,26.940426,26.114711,74.769455,0.29216674
1973-03-10,0,28.870424,26.82613943,73.47936,0.27604163
1973-03-11,0,31.100426,27.60613957,77.368454,0.26108333
1973-03-12,0,31.300425,28.08042529,80.670815,0.25674996
1973-03-13,0,29.310425,28.37185371,64.80483,0.24241668
1973-03-14,0,29.350426,28.67328243,61.001247,0.22283332
1973-03-15,0,29.430426,29.471854,59.419697,0.20745833
1973-03-16,0,29.830425,29.884711,56.440083,0.19354166
1973-03-17,0,31.340425,30.23756829,56.293716,0.17904164
1973-03-18,0,31.950424,30.35899657,56.63576,0.16866665
1973-03-19,0,33.550426,30.68042529,60.439396,0.16129166
1973-03-20,0,34.460426,31.41613971,68.7977,0.15416667
1973-03-21,0,34.100426,32.09471114,63.20516,0.15266667
1973-03-22,0,34.750423,32.85471071,67.02003,0.148875
1973-03-23,0,34.540424,33.52756771,65.32705,0.15062498
1973-03-24,0,35.730427,34.15471086,44.157837,0.14912502
1973-03-25,0,35.990425,34.73185386,49.998516,0.14995834
1973-03-26,0,36.440426,35.144711,55.351196,0.153875
1973-03-27,0,35.400425,35.27899657,60.67633,0.15470836
1973-03-28,0,34.730427,35.36899671,60.338333,0.15720835
1973-03-29,0,34.870426,35.38614,64.74049,0.15708335
1973-03-30,1,34.910423,35.438997,65.51291,0.15325001
1973-03-31,1,38.500423,35.83471071,57.69669,0.15337497
1973-04-01,1,36.620426,35.92471086,62.78155,0.15329166
1973-04-02,1,36.800426,35.97613943,65.98145,0.1543333
1973-04-03,1,36.550426,36.14042529,62.554432,0.15191668
1973-04-04,1,37.510426,36.537568,61.22861,0.15150003
1973-04-05,1,37.220425,36.87328214,62.898335,0.14991663
1973-04-06,1,36.120426,37.04613971,69.20837,0.15712501
1973-04-07,1,36.860424,36.81185414,66.758415,0.16458337
1973-04-08,1,36.710426,36.82471129,68.119286,0.16341667
1973-04-09,1,37.460426,36.918997,54.223515,0.16566665
1973-04-10,0,37.510426,37.05613986,60.483982,0.16149996
1973-04-11,0,36.930424,36.97328243,72.044655,0.189375
1973-04-12,0,36.870426,36.92328257,80.654915,0.2993333
1973-04-13,0,34.610424,36.707568,82.93903,0.36087498
1973-04-14,0,35.120426,36.45899686,77.191055,0.34291664
1973-04-15,0,34.900425,36.20042529,76.12626,0.3035001
1973-04-16,0,36.160423,36.01471057,74.05917,0.2735416
1973-04-17,0,35.200424,35.68471029,75.37003,0.25216663
1973-04-18,0,35.490425,35.47899614,73.784096,0.23187494
1973-04-19,0,36.110424,35.37042443,75.87206,0.22162503
1973-04-20,0,34.880424,35.40899586,70.087234,0.22441672
1973-04-21,0,36.360424,35.58613843,71.68435,0.23008333
1973-04-22,0,32.100426,35.18613857,78.307625,0.24837498
1973-04-23,0,33.230427,34.76756771,81.942055,0.36408338
1973-04-24,0,29.210424,33.91185343,86.016685,0.3824583
1973-04-25,0,25.460424,32.47899614,90.76264,0.40762505
1973-04-26,0,30.200424,31.63471043,87.250084,0.40850005
1973-04-27,0,30.340425,30.98613914,86.28744,0.4083333
1973-04-28,0,30.390425,30.13328214,84.070915,0.4151667
1973-04-29,0,32.330425,30.16613914,86.03347,0.42079166
1973-04-30,0,33.020424,30.13613871,81.684395,0.40937504
1973-05-01,0,32.050426,30.54185329,80.80886,0.39570835
1973-05-02,0,31.840425,31.453282,83.82633,0.400125
1973-05-03,0,29.730425,31.38613929,85.45895,0.42383334
1973-05-04,0,29.650425,31.28756786,87.64359,0.4153333
1973-05-05,0,30.220425,31.26328214,84.69574,0.42945835
1973-05-06,0,30.480425,30.99899643,88.79883,0.42883337
1973-05-07,0,26.870424,30.120425,93.977135,0.42887506
1973-05-08,0,26.190426,29.28328214,96.87615,0.4325
1973-05-09,0,29.720425,28.980425,90.30047,0.42145836
1973-05-10,0,32.010426,29.30613943,84.80513,0.41995835
1973-05-11,0,30.180426,29.38185386,84.26806,0.4189583
1973-05-12,0,30.290424,29.39185371,84.770424,0.42500004
1973-05-13,0,31.350426,29.51613957,86.236725,0.41995832
1973-05-14,0,32.220425,30.28042543,78.92998,0.39875004
1973-05-15,0,31.910423,31.09756786,81.17032,0.3770001
1973-05-16,0,31.440426,31.34328229,81.31951,0.36658326
1973-05-17,0,32.330425,31.38899643,85.49009,0.38933334
1973-05-18,0,32.500423,31.72042457,78.833336,0.3872083
1973-05-19,0,30.990425,31.82042471,83.97149,0.42816672
1973-05-20,0,30.740425,31.73328171,82.961655,0.4236667
1973-05-21,0,31.150425,31.58042457,86.53965,0.42295837
1973-05-22,0,31.740425,31.55613914,85.68438,0.42575002
1973-05-23,0,31.040424,31.498996,87.60168,0.42304167
1973-05-24,0,31.870424,31.43328157,90.77994,0.42966664
1973-05-25,0,27.840425,30.76756757,91.38975,0.43470827
1973-05-26,0,29.100426,30.49756771,89.18255,0.42999998
1973-05-27,0,29.210424,30.27899614,88.91687,0.4182917
1973-05-28,0,27.840425,29.806139,90.530205,0.40958333
1973-05-29,0,31.800425,29.81471043,84.901276,0.39199996
1973-05-30,0,32.360424,30.00328186,84.662346,0.40350005
1973-05-31,0,31.570425,29.96042486,83.734,0.4209583
1973-06-01,0,31.080425,30.423282,82.94474,0.39691672
1973-06-02,0,33.440426,31.043282,82.44186,0.39991674
1973-06-03,0,33.330425,31.63185357,82.33407,0.40470836
1973-06-04,0,32.370426,32.27899657,84.40053,0.41379163
1973-06-05,0,30.420425,32.08185371,85.94516,0.42004168
1973-06-06,0,31.860424,32.01042514,91.13461,0.4331667
1973-06-07,0,29.530424,31.71899643,92.51261,0.42387506
1973-06-08,0,30.080425,31.57613929,88.92925,0.41920832
1973-06-09,0,33.600426,31.59899643,81.72665,0.39354166
1973-06-10,0,29.230425,31.01328214,91.11075,0.42645827
1973-06-11,0,29.660425,30.62613914,88.508644,0.4182917
1973-06-12,0,31.410425,30.76756771,84.37821,0.405125
1973-06-13,0,32.730427,30.89185386,84.601456,0.41604164
1973-06-14,0,30.030424,30.96328243,91.186745,0.4330417
1973-06-15,0,29.890425,30.93613957,91.97674,0.43195835
1973-06-16,0,31.520426,30.63899671,90.19027,0.42120835
1973-06-17,0,31.240425,30.92613957,90.5625,0.42508337
1973-06-18,0,29.980425,30.97185386,92.54895,0.43499994
1973-06-19,0,30.890425,30.89756814,87.84826,0.42375
1973-06-20,0,28.690426,30.32042514,92.14968,0.42566672
1973-06-21,0,30.080425,30.32756814,90.29361,0.4215417
1973-06-22,0,31.290424,30.527568,87.8722,0.43091658
1973-06-23,0,31.250425,30.48899643,92.100426,0.4230833
1973-06-24,0,31.680426,30.55185371,86.59988,0.4209583
1973-06-25,0,31.170425,30.72185371,88.07841,0.41637504
1973-06-26,0,30.410425,30.65328229,89.741356,0.42170835
1973-06-27,0,31.340425,31.03185357,88.237976,0.41812494
1974-02-28,0,31.540424,31.70185329,55.460125,0.1386667
1974-03-01,0,30.410425,31.73899614,76.117805,0.14762503
1974-03-02,0,31.440426,31.53756757,66.23415,0.15012504
1974-03-03,0,31.590425,31.31328214,61.083843,0.14887501
1974-03-04,0,31.680426,31.38328214,67.57794,0.14754169
1974-03-05,0,33.350426,31.64328243,69.64465,0.14862499
1974-03-06,0,32.560425,31.79613957,67.73983,0.14733334
1974-03-07,0,32.740425,31.96756829,64.58326,0.14754163
1974-03-08,0,34.860424,32.60328243,65.47488,0.14329165
1974-03-09,0,35.680424,33.20899643,55.01271,0.13983332
1974-03-10,0,34.480427,33.62185386,48.915775,0.14008334
1974-03-11,0,34.260426,33.99042529,49.98233,0.13674997
1974-03-12,0,35.170425,34.25042514,52.25157,0.13808332
1974-03-13,0,33.240425,34.347568,46.393875,0.13724999
1974-03-14,0,34.070423,34.53756771,49.448334,0.13429165
1974-03-15,0,35.180424,34.583282,56.19702,0.13616669
1974-03-16,0,35.390427,34.54185386,52.437298,0.13820831
1974-03-17,0,35.050426,34.62328229,56.14445,0.1426667
1974-03-18,0,33.290424,34.48471057,51.981903,0.14204168
1974-03-19,0,33.380424,34.22899614,60.88707,0.1362917
1974-03-20,0,32.710426,34.153282,75.5731,0.23500001
1974-03-21,0,29.100426,33.44328243,77.058624,0.2864583
1974-03-22,0,29.200424,32.58899671,74.29123,0.24979164
1974-03-23,0,31.340425,32.010425,72.37071,0.22262503
1974-03-24,0,28.420425,31.063282,84.03744,0.24350001
1974-03-25,0,25.410425,29.93756786,86.60201,0.35191664
1974-03-26,0,24.910425,28.727568,88.872444,0.40612498
1974-03-27,0,22.520426,27.27185371,93.607056,0.42995825
1974-03-28,0,27.200424,27.00042486,89.083534,0.4125
1974-03-29,0,27.240425,26.720425,84.99438,0.38750002
1974-03-30,0,25.380424,25.86899629,89.0241,0.4179167
1974-03-31,0,27.500425,25.73756771,84.67469,0.39795837
1974-04-01,0,28.630424,26.19756757,86.14565,0.39204165
1974-04-02,0,26.920425,26.48471043,90.51852,0.40645835
1974-04-03,0,25.530424,26.91471014,93.67123,0.42650005
1974-04-04,0,30.670425,27.41042457,88.69987,0.41437498
1974-04-05,0,31.900425,28.07613886,84.12992,0.4045
1974-04-06,0,32.080425,29.03328186,81.10253,0.38404164
1974-04-07,0,32.170425,29.70042471,81.35452,0.36925003
1974-04-08,0,32.990425,30.323282,82.20173,0.37108335
1974-04-09,0,32.680424,31.146139,82.03501,0.37179163
1974-04-10,0,30.350426,31.83471071,84.518234,0.37608334
1974-04-11,0,32.030426,32.02899657,79.1739,0.38391665
1974-04-12,0,29.890425,31.74185371,85.92636,0.3917917
1974-04-13,0,28.660425,31.25328229,88.83903,0.4103333
1974-04-14,0,28.640425,30.74899657,86.534035,0.39687493
1974-04-15,0,31.200424,30.49328214,80.28614,0.37241665
1974-04-16,0,31.660425,30.347568,83.00218,0.35508335
1974-04-17,0,29.150425,30.17613929,85.00948,0.380375
1974-04-18,0,33.450424,30.37899614,79.32243,0.3692917
1974-04-19,0,33.730427,30.92756786,79.695595,0.3476667
1974-04-20,0,33.570423,31.62899614,77.610054,0.3263334
1974-04-21,0,33.360424,32.30328171,79.771545,0.31004164
1974-04-22,0,32.080425,32.42899614,79.71281,0.2977501
1974-04-23,0,34.330425,32.81042471,78.105965,0.28641668
1974-04-24,0,33.460426,33.42613914,78.400795,0.2713333
1974-04-25,0,32.430424,33.28042486,78.19691,0.26016667
1974-04-26,0,34.060425,33.32756743,75.775314,0.24741666
1974-04-27,0,33.050426,33.25328214,74.980995,0.23583324
1974-04-28,0,32.090424,33.07185357,75.43519,0.22508335
1974-04-29,0,32.830425,33.17899643,77.211876,0.23291667
1974-04-30,0,32.220425,32.87756786,79.85558,0.29095834
1974-05-01,0,32.060425,32.67756771,76.9769,0.30916667
1974-05-02,0,33.200424,32.78756771,78.00379,0.3351667
1974-05-03,0,32.220425,32.52471057,80.62171,0.3467084
1974-05-04,0,32.260426,32.41185343,75.90921,0.33962497
1974-05-05,0,34.080425,32.69613929,77.08327,0.337625
1974-05-06,0,33.860424,32.843282,73.17074,0.32854167
1974-05-07,0,34.800426,33.21185357,71.7766,0.29891664
1974-05-08,0,34.990425,33.630425,77.173515,0.32974997
1974-05-09,0,30.020426,33.17613957,82.75554,0.39704165
1974-05-10,0,29.250425,32.75185386,82.781334,0.39608333
1974-05-11,0,30.630424,32.51899643,83.94724,0.40300003
1974-05-12,0,30.430426,31.997568,87.68365,0.41608337
1974-05-13,0,30.090425,31.45899671,86.3746,0.41275004
1974-05-14,0,31.320425,30.96185371,86.81254,0.4224167
1974-05-15,0,31.600426,30.47756814,85.356804,0.41991672
1974-05-16,0,30.630424,30.56471071,87.67926,0.41966662
1974-05-17,0,32.780426,31.06899657,84.071754,0.40491667
1974-05-18,0,30.730425,31.08328243,85.895424,0.41512498
1974-05-19,0,31.730425,31.26899657,85.19981,0.40499997
1974-05-20,0,32.540424,31.61899643,82.76637,0.393625
1974-05-21,0,32.590424,31.80042486,79.34212,0.40429163
1974-05-22,0,33.470425,32.06756757,78.13989,0.3755833
1974-05-23,0,34.090424,32.56185329,74.394516,0.35675004
1974-05-24,0,34.470425,32.80328171,75.239334,0.33787498
1974-05-25,0,34.670425,33.36613886,76.61144,0.3239167
1974-05-26,0,33.670425,33.64328171,81.789444,0.32791674
1974-05-27,0,30.820425,33.39756757,84.36436,0.35554168
1974-05-28,0,31.380424,33.22471043,86.03298,0.38429165
1974-05-29,0,30.900425,32.85756757,82.90486,0.41370833
1974-05-30,0,30.890425,32.40042486,81.7123,0.41779163
1974-05-31,0,27.400425,31.39042486,91.20727,0.42858338
1974-06-01,0,27.730425,30.39899629,93.4935,0.42200002
1974-06-02,0,33.470425,30.37042486,82.50872,0.39166677
1974-06-03,0,33.140427,30.70185371,83.8513,0.37041667
1974-06-04,0,29.640425,30.45328243,86.92975,0.36749998
1974-06-05,0,29.820425,30.29899671,89.227,0.40004167
1974-06-06,0,29.090425,30.04185386,90.09438,0.41533336
1974-06-07,0,32.130424,30.717568,86.582245,0.400625
1974-06-08,0,33.200424,31.49899643,81.94552,0.38745835
1974-06-09,0,33.020424,31.43471057,81.60261,0.37162498
1974-06-10,0,32.440426,31.33471043,83.238625,0.36187503
1974-06-11,0,33.080425,31.826139,78.615265,0.35887507
1974-06-12,0,32.650425,32.23042471,83.62881,0.3634584
1974-06-13,0,32.440426,32.70899629,85.80685,0.37216666
1974-06-14,0,31.500425,32.61899643,86.80187,0.39625
1974-06-15,0,33.400425,32.647568,81.118256,0.3798333
1974-06-16,0,30.410425,32.274711,85.564766,0.40866664
1974-06-17,0,28.960424,31.77756786,89.632385,0.41820836
1974-06-18,0,30.760426,31.44613943,86.76296,0.4212917
1974-06-19,0,31.060425,31.21899657,89.00684,0.42441666
1974-06-20,0,29.600426,30.81328229,90.514885,0.42687503
1974-06-21,0,30.100426,30.61328243,90.395546,0.42400002
1974-06-22,0,28.900425,29.97042529,93.92441,0.42608336
1974-06-23,0,28.730425,29.73042529,90.263954,0.41
1974-06-24,0,31.420425,30.081854,87.676155,0.40225002
1974-06-25,0,30.340425,30.02185386,86.81898,0.41054165
1974-06-26,0,32.500423,30.22756786,82.37757,0.40241668
1974-06-27,0,32.890427,30.697568,82.85786,0.40833333
1975-02-28,0,32.310425,29.87756814,53.656788,0.14724998
1975-03-01,0,32.230427,30.18328271,57.64401,0.14883335
1975-03-02,0,27.640425,30.141854,71.32699,0.16545837
1975-03-03,0,31.180426,30.57756857,65.02503,0.17208336
1975-03-04,0,30.450424,30.67613971,73.68288,0.16895832
1975-03-05,0,31.380424,30.94756814,71.2191,0.16604169
1975-03-06,0,32.000423,31.02756771,78.40305,0.19595833
1975-03-07,0,27.220425,30.30042486,78.06037,0.28187498
1975-03-08,0,30.310425,30.02613886,79.5724,0.2562917
1975-03-09,0,29.590425,30.30471029,79.08557,0.23945834
1975-03-10,0,30.260426,30.17328171,76.907646,0.22116672
1975-03-11,0,32.380424,30.448996,69.57123,0.20337497
1975-03-12,0,33.200424,30.708996,64.97534,0.18987502
1975-03-13,0,33.400425,30.90899629,60.096313,0.17683339
1975-03-14,0,30.790424,31.41899614,44.8197,0.16950004
1975-03-15,0,30.840425,31.49471043,54.811756,0.16225003
1975-03-16,0,32.280426,31.87899629,54.680805,0.1557083
1975-03-17,0,32.910423,32.25756729,53.49622,0.152375
1975-03-18,0,33.510426,32.41899614,57.999058,0.1484167
1975-03-19,0,33.500423,32.46185314,66.227104,0.14450003
1975-03-20,0,33.860424,32.52756729,62.093243,0.14204164
1975-03-21,0,34.970425,33.12471029,62.318935,0.14308338
1975-03-22,0,35.550426,33.79756757,66.5514,0.140875
1975-03-23,0,34.970425,34.18185314,66.72165,0.14204164
1975-03-24,0,34.450424,34.40185329,70.81126,0.14420834
1975-03-25,0,33.830425,34.44756743,59.747814,0.15291665
1975-03-26,0,31.290424,34.13185329,57.950043,0.1523333
1975-03-27,0,32.840424,33.986139,43.780346,0.14741667
1975-03-28,0,32.690426,33.66042486,45.55727,0.14395835
1975-03-29,0,34.840424,33.558996,48.417267,0.14425004
1975-03-30,0,35.520424,33.63756729,46.898315,0.142
1975-03-31,0,35.920425,33.84756743,51.507526,0.14370833
1975-04-01,0,35.380424,34.06899586,54.834904,0.14545833
1975-04-02,0,35.820423,34.71613857,55.06075,0.14429165
1975-04-03,0,36.180424,35.19328143,55.260067,0.14395835
1975-04-04,0,35.340424,35.57185257,61.796673,0.145
1975-04-05,0,33.680424,35.40613829,66.16274,0.14574999
1975-04-06,1,35.080425,35.34328129,65.733246,0.14475001
1975-04-07,1,37.890427,35.62471014,66.24305,0.14387505
1975-04-08,1,37.660423,35.95042429,66.144966,0.15145832
1975-04-09,0,37.270424,36.15756729,63.44694,0.16183333
1975-04-10,0,36.710426,36.23328186,62.550037,0.16079168
1975-04-11,0,36.360424,36.37899614,61.392044,0.15124999
1975-04-12,0,35.750423,36.67471029,62.85082,0.14395836
1975-04-13,0,35.670425,36.758996,64.646126,0.15158331
1975-04-14,0,32.380424,35.97185271,67.16618,0.16199999
1975-04-15,0,35.330425,35.63899586,73.37289,0.2528333
1975-04-16,0,30.910425,34.73042457,82.84889,0.36900005
1975-04-17,0,32.640427,34.14899614,79.77509,0.33770835
1975-04-18,0,31.740425,33.48899629,79.42785,0.31149998
1975-04-19,0,32.260426,32.99042529,77.81242,0.28508326
1975-04-20,0,33.050426,32.61613971,69.11549,0.2569167
1975-04-21,0,33.210426,32.73471143,68.9081,0.23400001
1975-04-22,0,32.820423,32.37613971,70.7495,0.2178333
1975-04-23,0,32.140427,32.55185429,79.38497,0.26241663
1975-04-24,0,32.960426,32.59756843,78.32289,0.2729167
1975-04-25,0,32.220425,32.66613986,82.58447,0.32820836
1975-04-26,1,34.170425,32.93899686,73.32914,0.32595834
1975-04-27,1,36.600426,33.44613971,69.45495,0.28100002
1975-04-28,1,38.290424,34.17185371,68.59072,0.2452917
1975-04-29,1,37.900425,34.89756829,68.316414,0.21991666
1975-04-30,1,37.280426,35.63185386,67.568474,0.1975833
1975-05-01,0,38.030426,36.35613957,71.64363,0.18412499
1975-05-02,0,37.880424,37.16471086,69.34751,0.17645834
1975-05-03,0,36.860424,37.54899643,68.79533,0.17383336
1975-05-04,0,35.120426,37.33756786,69.67707,0.1812083
1975-05-05,1,35.850426,36.98899671,68.82655,0.17758338
1975-05-06,1,37.980427,37.00042557,60.60702,0.16537502
1975-05-07,1,38.250423,37.13899657,59.300125,0.15787496
1975-05-08,1,39.250423,37.31328186,62.964382,0.15241666
1975-05-09,0,38.310425,37.37471057,67.62149,0.15208334
1975-05-10,0,38.120426,37.55471086,67.8039,0.16079168
1975-05-11,0,37.140427,37.84328243,69.85682,0.18112497
1975-05-12,0,34.280426,37.61899671,79.66102,0.28208336
1975-05-13,0,31.320425,36.66756786,85.341545,0.37800002
1975-05-14,0,30.670425,35.584711,90.37396,0.42474994
1975-05-15,0,26.260426,33.72899714,92.212555,0.43212506
1975-05-16,0,29.860424,32.52185414,89.468834,0.42141664
1975-05-17,0,31.330425,31.551854,83.78403,0.40100002
1975-05-18,0,30.970425,30.67042514,86.1354,0.40079165
1975-05-19,0,32.480427,30.41328243,82.97278,0.39433333
1975-05-20,0,31.390425,30.42328243,82.68676,0.3781667
1975-05-21,0,32.890427,30.74042557,85.65509,0.38604167
1975-05-22,0,32.510426,31.63328271,81.848656,0.38270834
1975-05-23,0,30.290424,31.69471129,84.18673,0.40520832
1975-05-24,0,32.210426,31.82042571,83.444626,0.390125
1975-05-25,0,31.150425,31.84614,84.23535,0.36833334
1975-05-26,0,32.220425,31.80899686,80.13827,0.35804173
1975-05-27,0,32.310425,31.94042543,80.849525,0.3688334
1975-05-28,0,32.510426,31.88613957,78.13733,0.36133334
1975-05-29,0,33.110424,31.97185357,76.83625,0.34066665
1975-05-30,0,32.950424,32.35185357,85.58027,0.38829172
1975-05-31,0,32.760426,32.430425,88.08825,0.40624997
1975-06-01,0,29.880424,32.24899629,87.47567,0.41370833
1975-06-02,0,32.360424,32.26899614,85.02455,0.40691674
1975-06-03,0,32.810425,32.34042471,82.62654,0.39116666
1975-06-04,0,33.230427,32.443282,81.13406,0.36925003
1975-06-05,0,33.410423,32.486139,82.22368,0.35629162
1975-06-06,0,32.040424,32.356139,84.759315,0.380625
1975-06-07,0,28.890425,31.80328171,92.280495,0.4046667
1975-06-08,0,30.320425,31.866139,89.951546,0.38375
1975-06-09,0,32.150425,31.83613914,83.510124,0.36975002
1975-06-10,0,33.160423,31.88613886,83.42657,0.3608334
1975-06-11,0,32.660423,31.80470971,85.535736,0.38254166
1975-06-12,0,32.320423,31.64899543,79.42734,0.36854163
1975-06-13,0,31.970425,31.63899557,80.1782,0.35208336
1975-06-14,0,33.010426,32.22756714,82.49903,0.3387917
1975-06-15,0,31.210424,32.35470986,83.530495,0.3479167
1975-06-16,0,32.370426,32.38613857,85.062675,0.37437502
1975-06-17,0,30.660425,32.028996,87.64138,0.41887498
1975-06-18,0,28.030424,31.36756757,91.88996,0.42812502
1975-06-19,0,30.550425,31.11471071,86.22741,0.4215
1975-06-20,0,31.380424,31.03042486,88.20287,0.426
1975-06-21,0,29.570425,30.53899614,90.10711,0.42125002
1975-06-22,0,31.430426,30.570425,83.852936,0.40445837
1975-06-23,0,31.730425,30.47899629,84.23637,0.40200004
1975-06-24,0,32.720425,30.773282,82.94822,0.38587496
1975-06-25,0,31.750425,31.30471071,82.02676,0.392125
1975-06-26,0,32.700424,31.61185343,78.065926,0.38145837
1975-06-27,0,30.080425,31.42613929,81.56682,0.38375
1976-02-29,0,28.040424,29.58899586,51.34105,0.15395828
1976-03-01,0,27.180426,29.53185314,52.26771,0.15045832
1976-03-02,0,28.990425,29.56185329,58.217926,0.15145831
1976-03-03,0,29.150425,29.49042471,69.165825,0.15004165
1976-03-04,0,27.120424,28.79471029,77.581154,0.15579163
1976-03-05,0,29.770426,28.57756771,73.880325,0.15641667
1976-03-06,0,31.570425,28.83185357,72.90094,0.15995836
1976-03-07,0,31.730425,29.35899657,71.80928,0.16054167
1976-03-08,0,29.470425,29.68613929,71.049286,0.15916665
1976-03-09,0,29.220425,29.71899643,79.83497,0.18137501
1976-03-10,0,33.430424,30.33042486,70.03386,0.19070832
1976-03-11,0,33.070423,31.18042471,65.15348,0.17333333
1976-03-12,0,32.980427,31.63899629,54.95458,0.16191663
1976-03-13,0,33.290424,31.88471043,48.195408,0.15395832
1976-03-14,0,33.000423,32.06613871,50.8562,0.1511667
1976-03-15,0,34.030426,32.71756743,50.029667,0.14891665
1976-03-16,0,33.530426,33.33328186,53.630905,0.14812501
1976-03-17,0,34.300426,33.45756786,52.40315,0.14708331
1976-03-18,0,35.290424,33.77471086,48.826797,0.14162502
1976-03-19,0,35.710426,34.16471071,48.58919,0.1408333
1976-03-20,0,35.900425,34.537568,47.946056,0.14229171
1976-03-21,0,36.080425,34.97756829,65.26369,0.18374999
1976-03-22,0,29.460424,34.32471086,79.908104,0.22808331
1976-03-23,0,33.540424,34.32613914,72.83071,0.21212494
1976-03-24,0,32.440426,34.06042486,72.89219,0.2025
1976-03-25,0,34.680424,33.973282,60.04164,0.18720835
1976-03-26,0,34.280426,33.76899629,62.70105,0.17504166
1976-03-27,0,33.530426,33.430425,68.46715,0.17066664
1976-03-28,0,34.600426,33.21899657,63.53499,0.16774999
1976-03-29,0,36.210426,34.18328257,55.80414,0.16624999
1976-03-30,0,36.470425,34.60185414,54.13653,0.16333333
1976-03-31,0,35.980427,35.10756857,52.454193,0.16320835
1976-04-01,0,34.450424,35.07471143,52.769146,0.16258334
1976-04-02,0,35.040424,35.18328257,50.6859,0.15674998
1976-04-03,0,33.960426,35.24471114,55.418274,0.15037502
1976-04-04,0,34.430424,35.22042514,54.620975,0.148625
1976-04-05,0,35.600426,35.13328229,57.688206,0.14904168
1976-04-06,1,35.920425,35.05471086,53.363583,0.14912498
1976-04-07,1,36.090424,35.07042471,56.613018,0.14583339
1976-04-08,0,36.720425,35.39471057,59.43928,0.13933335
1976-04-09,0,37.650425,35.76756786,64.74518,0.13720834
1976-04-10,0,36.800426,36.17328214,74.116234,0.22029166
1976-04-11,1,35.890427,36.381854,73.43076,0.250625
1976-04-12,1,36.670425,36.534711,55.667873,0.21637498
1976-04-13,1,36.870426,36.67042543,59.387127,0.19108333
1976-04-14,1,36.190426,36.68471143,68.62155,0.17470837
1976-04-15,1,36.220425,36.61328286,57.899387,0.16679168
1976-04-16,0,37.470425,36.58756857,53.51216,0.15895832
1976-04-17,0,38.160423,36.78185386,56.86452,0.14862502
1976-04-18,0,37.170425,36.96471071,64.47608,0.15716669
1976-04-19,0,32.680424,36.39471057,76.8005,0.18904166
1976-04-20,0,33.940426,35.97613914,77.99686,0.20674998
1976-04-21,0,32.330425,35.42471043,80.09172,0.29204166
1976-04-22,0,28.940426,34.38471057,87.77807,0.3964583
1976-04-23,0,27.520426,32.96328214,82.75447,0.39308336
1976-04-24,0,30.130424,31.81613943,84.567986,0.38933334
1976-04-25,0,30.410425,30.85042514,87.403656,0.41254166
1976-04-26,0,28.010426,30.18328257,88.39884,0.42587498
1976-04-27,0,28.460424,29.40042514,87.78092,0.41300002
1976-04-28,0,29.570425,29.00613943,87.04824,0.41670835
1976-04-29,0,30.860424,29.28042486,84.00646,0.40525004
1976-04-30,0,33.880424,30.188996,77.879906,0.37929168
1976-05-01,0,32.690426,30.55471057,77.59263,0.35224998
1976-05-02,0,33.570423,31.00613886,80.21347,0.3298333
1976-05-03,0,34.840424,31.98185286,75.064026,0.308625
1976-05-04,0,34.130424,32.79185286,79.06437,0.2895
1976-05-05,0,33.040424,33.287567,77.58723,0.27566662
1976-05-06,0,32.360424,33.50185271,74.19358,0.2635834
1976-05-07,0,31.520426,33.16471014,75.70001,0.28258333
1976-05-08,0,29.220425,32.66899571,86.24124,0.3915834
1976-05-09,0,30.530424,32.23471014,83.248795,0.4029583
1976-05-10,0,29.050425,31.40756743,88.281006,0.42141667
1976-05-11,0,26.200424,30.27471029,90.81342,0.42499998
1976-05-12,0,26.990425,29.41042471,85.63174,0.40962496
1976-05-13,0,27.590425,28.72899629,88.38932,0.42337498
1976-05-14,0,31.760426,28.763282,84.03707,0.41733333
1976-05-15,0,29.840425,28.85185343,86.52799,0.418625
1976-05-16,0,30.190426,28.80328229,86.96105,0.42029163
1976-05-17,0,29.940426,28.93042529,85.26759,0.427875
1976-05-18,0,29.500425,29.401854,87.801476,0.41562498
1976-05-19,0,31.540424,30.05185386,85.29403,0.4115834
1976-05-20,0,29.760426,30.361854,86.32087,0.40816665
1976-05-21,0,31.850426,30.37471114,83.415794,0.39245832
1976-05-22,0,32.010426,30.68471129,87.1738,0.39508334
1976-05-23,0,33.170425,31.11042543,82.958534,0.387125
1976-05-24,0,32.230427,31.43756843,82.73022,0.39220834
1976-05-25,0,33.190426,31.96471143,83.71244,0.4039167
1976-05-26,0,30.990425,31.88614014,86.65536,0.40733337
1976-05-27,0,33.480427,32.41756886,85.02968,0.3930417
1976-05-28,0,34.370426,32.77756886,79.37041,0.36987492
1976-05-29,0,34.390427,33.117569,81.13775,0.35204172
1976-05-30,0,33.420425,33.15328329,80.698006,0.34658337
1976-05-31,0,33.130424,33.28185429,82.484474,0.36570826
1976-06-01,0,33.050426,33.26185429,84.19369,0.38304165
1976-06-02,0,33.300426,33.59185443,84.48244,0.3752917
1976-06-03,0,33.790424,33.63613971,85.56248,0.3703333
1976-06-04,0,32.440426,33.36042543,83.78079,0.39625
1976-06-05,0,29.100426,32.604711,88.533875,0.42379168
1976-06-06,0,29.640425,32.064711,88.778114,0.41979167
1976-06-07,0,31.040424,31.76613957,89.97629,0.42574993
1976-06-08,0,27.820425,31.01899657,93.20652,0.43266666
1976-06-09,0,29.020426,30.407568,91.00138,0.4350833
1976-06-10,0,29.380424,29.777568,92.86585,0.43591663
1976-06-11,0,26.970425,28.99613929,92.99636,0.43645832
1976-06-12,0,33.170425,29.57756771,85.44864,0.42466664
1976-06-13,0,32.750423,30.02185314,87.39322,0.4154583
1976-06-14,0,29.870424,29.85471029,87.99005,0.42529163
1976-06-15,0,30.410425,30.22471029,88.35644,0.42733338
1976-06-16,0,29.260426,30.258996,87.924904,0.4194584
1976-06-17,0,30.020426,30.35042486,87.69955,0.416875
1976-06-18,0,30.110424,30.79899614,87.8288,0.4244583
1976-06-19,0,31.410425,30.54756757,87.37257,0.41133335
1976-06-20,0,31.980427,30.43756814,85.41555,0.40699995
1976-06-21,0,33.010426,30.88613986,82.73305,0.39887503
1976-06-22,0,32.770424,31.22328257,83.79095,0.39279172
1976-06-23,0,33.630424,31.847568,80.1803,0.3939167
1976-06-24,0,32.120426,32.147568,80.3508,0.403625
1976-06-25,0,31.830425,32.39328243,80.35939,0.39758334
1976-06-26,0,30.420425,32.25185386,86.11383,0.40216663
1976-06-27,0,30.460424,32.03471057,86.56876,0.41166672
1977-02-28,0,30.230425,27.99328214,73.857765,0.29866678
1977-03-01,0,29.500425,28.200425,70.539925,0.2795834
1977-03-02,0,30.190426,28.78328243,68.257744,0.26141664
1977-03-03,0,30.190426,29.35756829,64.41426,0.24437498
1977-03-04,0,31.540424,29.91328243,58.29828,0.22816665
1977-03-05,0,31.330425,30.20899657,61.748352,0.21412502
1977-03-06,0,29.690426,30.38185386,66.26365,0.20429166
1977-03-07,0,31.500425,30.56328243,63.030666,0.19358332
1977-03-08,0,31.350426,30.82756829,61.318012,0.18400002
1977-03-09,0,31.030424,30.947568,63.77593,0.17612503
1977-03-10,0,31.010426,31.06471086,75.35648,0.17145836
1977-03-11,0,32.030426,31.13471114,73.760414,0.17095838
1977-03-12,0,32.130424,31.24899671,70.99505,0.16795832
1977-03-13,0,31.360424,31.48756786,71.778206,0.16429165
1977-03-14,0,33.240425,31.73613929,72.17678,0.15741669
1977-03-15,0,32.660423,31.92328171,71.91828,0.15195836
1977-03-16,0,34.560425,32.42756757,69.7382,0.14937498
1977-03-17,0,34.820423,32.97185286,70.56458,0.14758335
1977-03-18,0,34.260426,33.29042429,67.78726,0.14445834
1977-03-19,0,33.780426,33.52613886,65.72212,0.14433332
1977-03-20,0,35.640427,34.13756786,61.36026,0.14387502
1977-03-21,0,34.500423,34.31756757,66.88529,0.13949998
1977-03-22,0,35.070423,34.66185329,65.14924,0.14058337
1977-03-23,0,33.770424,34.548996,66.12412,0.1451667
1977-03-24,0,35.070423,34.58471029,60.830074,0.15095831
1977-03-25,0,34.030426,34.55185314,59.313293,0.15499996
1977-03-26,0,32.550426,34.37613886,68.935585,0.156125
1977-03-27,0,35.270424,34.32328129,69.11166,0.16083334
1977-03-28,0,35.110424,34.41042429,72.28544,0.16204165
1977-03-29,0,35.850426,34.52185329,67.21364,0.16116664
1977-03-30,0,34.950424,34.69042471,67.852425,0.16108333
1977-03-31,0,35.780426,34.79185371,72.7754,0.166875
1977-04-01,0,34.260426,34.82471086,73.24683,0.17391668
1977-04-02,0,33.930424,35.02185343,78.6124,0.27408332
1977-04-03,0,29.480425,34.19471071,87.940575,0.37933335
1977-04-04,0,28.910425,33.30899657,91.5564,0.42637494
1977-04-05,0,26.060425,31.910425,95.700325,0.43091667
1977-04-06,0,29.660425,31.15471086,89.637695,0.41937503
1977-04-07,0,26.520426,29.83185371,88.29293,0.4114584
1977-04-08,0,29.130424,29.09899629,84.457436,0.403
1977-04-09,0,25.850426,27.94471086,87.10593,0.4150417
1977-04-10,0,27.670425,27.68613943,88.25909,0.41495833
1977-04-11,0,28.310425,27.60042514,84.92011,0.40933335
1977-04-12,0,29.280424,28.060425,86.569954,0.4124167
1977-04-13,0,28.800425,27.93756786,88.99789,0.4180417
1977-04-14,0,30.020426,28.43756786,88.17281,0.42174998
1977-04-15,0,27.480425,28.20185371,90.0904,0.41970834
1977-04-16,0,29.210424,28.68185343,84.64647,0.40554166
1977-04-17,0,29.020426,28.87471071,83.69068,0.3879584
1977-04-18,0,30.540424,29.193282,81.35495,0.3684583
1977-04-19,0,30.850426,29.417568,77.18474,0.35091665
1977-04-20,0,32.200424,29.90328214,77.820625,0.3392916
1977-04-21,0,29.890425,29.88471057,85.50074,0.38583335
1977-04-22,0,31.330425,30.43471057,83.618996,0.4120417
1977-04-23,0,30.970425,30.68613929,83.74337,0.40816674
1977-04-24,0,32.020424,31.11471043,85.44192,0.39433333
1977-04-25,0,33.490425,31.53613914,81.11661,0.37508333
1977-04-26,0,33.490425,31.91328186,83.772865,0.39149997
1977-04-27,0,32.810425,32.00042486,79.669426,0.37458336
1977-04-28,0,32.810425,32.41756771,76.16176,0.35175005
1977-04-29,0,32.970425,32.65185343,80.45464,0.36958334
1977-04-30,0,30.790424,32.626139,84.56497,0.41741666
1977-05-01,0,30.310425,32.38185343,84.610115,0.41925
1977-05-02,0,25.760426,31.27756786,88.82253,0.42112494
1977-05-03,0,29.220425,30.66756786,82.87264,0.40345836
1977-05-04,0,27.800425,29.95185357,85.724365,0.39183334
1977-05-05,0,28.960424,29.40185343,83.40861,0.39287496
1977-05-06,0,27.270426,28.58756786,89.317116,0.4159166
1977-05-07,0,29.210424,28.36185357,81.16584,0.40666664
1977-05-08,0,31.080425,28.47185357,74.332695,0.37991667
1977-05-09,0,31.320425,29.26613914,73.80744,0.35900006
1977-05-10,0,32.070423,29.67328171,73.107765,0.33966672
1977-05-11,0,32.790424,30.38613871,77.73047,0.326125
1977-05-12,0,27.660425,30.20042457,81.69385,0.36604166
1977-05-13,0,24.450424,29.79756714,90.98597,0.421875
1977-05-14,0,31.370424,30.10613857,82.444435,0.39258337
1977-05-15,0,32.420425,30.29756714,82.18156,0.38162503
1977-05-16,0,32.390427,30.45042457,77.092896,0.36812493
1977-05-17,0,30.970425,30.293282,80.03033,0.37900004
1977-05-18,0,34.320423,30.51185329,81.66375,0.4112084
1977-05-19,0,29.950424,30.838996,87.57049,0.4184583
1977-05-20,0,30.020426,31.63471057,85.199715,0.421375
1977-05-21,0,28.840425,31.27328214,87.392586,0.41604164
1977-05-22,0,32.800426,31.327568,78.11258,0.3994167
1977-05-23,0,32.990425,31.413282,78.391174,0.38487497
1977-05-24,0,32.550426,31.63899643,75.7983,0.36920825
1977-05-25,0,32.500423,31.37899643,82.03564,0.35395828
1977-05-26,0,32.200424,31.700425,80.33303,0.37266663
1977-05-27,0,32.710426,32.08471071,84.95838,0.40658334
1977-05-28,0,31.820425,32.510425,81.43185,0.39670837
1977-05-29,0,31.970425,32.39185343,82.916046,0.3847917
1977-05-30,0,33.620426,32.48185357,80.89326,0.36358324
1977-05-31,0,34.700424,32.78899614,79.61357,0.3429583
1977-06-01,0,34.450424,33.06756771,83.9522,0.33770832
1977-06-02,0,34.020424,33.32756771,84.34572,0.36208335
1977-06-03,0,32.860424,33.348996,81.620766,0.3579583
1977-06-04,0,32.420425,33.43471029,80.98002,0.37670836
1977-06-05,0,30.660425,33.24756743,84.39113,0.3915417
1977-06-06,0,31.410425,32.931853,78.12287,0.38183334
1977-06-07,0,31.720425,32.50613886,80.80874,0.38825002
1977-06-08,0,31.200424,32.04185314,81.38232,0.39225003
1977-06-09,0,32.730427,31.85756786,82.50347,0.38895833
1977-06-10,0,33.920425,32.00899657,79.889824,0.37137508
1977-06-11,0,33.680424,32.18899643,75.8968,0.34712505
1977-06-12,0,32.900425,32.50899643,76.43396,0.33008328
1977-06-13,0,31.670425,32.54613929,81.57737,0.33283338
1977-06-14,0,31.860424,32.56613914,81.82799,0.33516666
1977-06-15,0,30.250425,32.430425,88.0089,0.39254168
1977-06-16,0,28.850426,31.87613914,89.90603,0.4159583
1977-06-17,0,28.570425,31.11185343,91.00727,0.42641667
1977-06-18,0,29.820425,30.560425,88.639885,0.4222083
1977-06-19,0,31.700424,30.38899629,85.04447,0.41862497
1977-06-20,0,30.800425,30.26471057,84.72399,0.39904165
1977-06-21,0,30.760426,30.107568,86.25895,0.39379168
1977-06-22,0,30.650425,30.16471086,85.43824,0.41137502
1977-06-23,0,30.840425,30.44899643,88.46195,0.4153333
1977-06-24,0,28.100426,30.38185371,91.35198,0.4324583
1977-06-25,0,28.680426,30.21899671,92.52883,0.435125
1977-06-26,0,27.330425,29.59471114,95.87097,0.43512502
1977-06-27,0,28.100426,29.208997,96.245445,0.431375
1978-02-28,0,32.100426,28.82185386,55.628036,0.15545836
1978-03-01,0,31.080425,29.59613957,64.08336,0.15212499
1978-03-02,0,31.100426,30.26185386,64.88689,0.15033333
1978-03-03,0,32.960426,31.03756843,68.70529,0.14954168
1978-03-04,0,32.460426,31.53328286,66.78678,0.14591669
1978-03-05,0,32.090424,31.911854,61.092026,0.14083336
1978-03-06,0,31.040424,31.83328243,64.71461,0.14383332
1978-03-07,0,30.370424,31.58613929,53.579437,0.14054167
1978-03-08,0,29.930426,31.42185371,53.12483,0.1349583
1978-03-09,0,30.450424,31.32899629,49.06242,0.13224997
1978-03-10,0,31.860424,31.17185314,51.834087,0.13425
1978-03-11,0,32.260426,31.14328171,51.075497,0.13733335
1978-03-12,0,27.140425,30.436139,68.78535,0.14958332
1978-03-13,0,28.190426,30.02899643,55.070175,0.15158334
1978-03-14,0,28.270426,29.72899671,52.882446,0.14812501
1978-03-15,0,28.900425,29.58185371,53.551113,0.14337498
1978-03-16,0,30.890425,29.644711,56.847485,0.14433332
1978-03-17,0,31.820425,29.63899686,56.701374,0.14624998
1978-03-18,0,31.740425,29.564711,53.193584,0.141625
1978-03-19,0,31.650425,30.20899671,61.10591,0.13774997
1978-03-20,0,32.380424,30.80756786,50.447037,0.13599999
1978-03-21,0,32.210426,31.370425,51.75952,0.13241671
1978-03-22,0,29.400425,31.44185357,79.88256,0.24404167
1978-03-23,0,32.010426,31.60185371,63.804653,0.26937503
1978-03-24,0,32.650425,31.72042514,54.95352,0.23274998
1978-03-25,0,31.410425,31.67328229,70.31588,0.23458338
1978-03-26,0,31.910423,31.71042486,71.31867,0.23324998
1978-03-27,0,33.120426,31.81613943,49.414185,0.20562495
1978-03-28,0,33.870426,32.05328229,51.6439,0.18529165
1978-03-29,0,33.330425,32.61471086,72.14335,0.2280417
1978-03-30,0,26.980425,31.89613929,85.37766,0.357
1978-03-31,0,30.920425,31.64899643,82.77795,0.325375
1978-04-01,0,31.750425,31.69756786,77.64807,0.29129165
1978-04-02,0,31.290424,31.60899657,80.724045,0.28254166
1978-04-03,0,33.230427,31.624711,70.761375,0.267875
1978-04-04,0,30.400425,31.12899657,78.19007,0.24591668
1978-04-05,0,30.920425,30.78471086,80.45326,0.25716665
1978-04-06,0,34.100426,31.80185386,58.83995,0.24016668
1978-04-07,0,33.130424,32.117568,66.52914,0.21433334
1978-04-08,0,33.920425,32.427568,63.446545,0.19612502
1978-04-09,0,35.320423,33.00328214,60.39119,0.18287498
1978-04-10,0,35.700424,33.35613886,61.450443,0.17737503
1978-04-11,0,34.670425,33.96613886,57.068195,0.16949998
1978-04-12,0,35.350426,34.59899614,60.228924,0.16599995
1978-04-13,0,34.600426,34.67042471,72.37023,0.17712505
1978-04-14,0,29.660425,34.17471057,80.95837,0.3364167
1978-04-15,0,30.560425,33.69471057,81.0445,0.34170833
1978-04-16,0,29.660425,32.88613943,86.49131,0.404875
1978-04-17,0,28.480425,31.854711,82.94717,0.38183334
1978-04-18,0,28.850426,31.02328257,84.72887,0.38720834
1978-04-19,0,30.240425,30.29328243,80.29977,0.36383328
1978-04-20,0,31.440426,29.84185386,82.602135,0.37379166
1978-04-21,0,30.540424,29.967568,80.947205,0.38483337
1978-04-22,0,32.440426,30.23613957,77.93157,0.34820834
1978-04-23,0,33.410423,30.77185357,78.01153,0.32054174
1978-04-24,0,33.830425,31.53613929,76.9915,0.29604167
1978-04-25,0,32.020424,31.98899614,80.72965,0.32358336
1978-04-26,0,31.370424,32.15042457,81.58396,0.37691665
1978-04-27,0,32.850426,32.35185314,80.103386,0.35975003
1978-04-28,0,32.750423,32.66756729,77.082756,0.33337495
1978-04-29,0,33.840424,32.867567,75.32409,0.31141672
1978-04-30,0,31.830425,32.641853,77.14098,0.29791662
1978-05-01,0,32.080425,32.391853,83.43641,0.29304174
1978-05-02,0,33.590424,32.61613871,77.50315,0.27716663
1978-05-03,0,33.390427,32.90471057,79.86313,0.3005
1978-05-04,0,31.860424,32.76328171,79.4312,0.35687503
1978-05-05,0,30.140425,32.39042486,82.79668,0.36199996
1978-05-06,0,30.750425,31.94899643,81.538765,0.36845836
1978-05-07,0,29.220425,31.57613929,86.4811,0.37899998
1978-05-08,0,26.700424,30.80756771,95.18818,0.43420836
1978-05-09,0,29.430426,30.21328229,86.03892,0.42475
1978-05-10,0,30.740425,29.83471057,85.3167,0.42220834
1978-05-11,0,29.120424,29.443282,88.74982,0.42883337
1978-05-12,0,28.300425,29.18042486,85.593376,0.42008337
1978-05-13,0,29.860424,29.05328186,87.7923,0.42204174
1978-05-14,0,30.390425,29.22042471,84.90783,0.40637502
1978-05-15,0,32.450424,30.04185329,80.201485,0.385375
1978-05-16,0,34.750423,30.80185286,80.23268,0.36925003
1978-05-17,0,33.850426,31.24613871,79.83665,0.352875
1978-05-18,0,34.880424,32.06899586,82.371635,0.3680834
1978-05-19,0,34.000423,32.88328129,82.013,0.3773333
1978-05-20,0,33.580425,33.41471,79.16695,0.34879172
1978-05-21,0,33.500423,33.85899543,81.22857,0.33062497
1978-05-22,0,33.320423,33.983281,81.08265,0.32691664
1978-05-23,0,32.270424,33.62899543,86.010704,0.37887502
1978-05-24,0,28.430426,32.85470971,88.58065,0.42766666
1978-05-25,0,29.670425,32.11042414,89.28274,0.43095836
1978-05-26,0,28.180426,31.278996,94.15388,0.4285417
1978-05-27,0,28.520426,30.556139,91.32544,0.42083332
1978-05-28,0,32.680424,30.43899629,83.40424,0.4009583
1978-05-29,0,32.330425,30.297568,85.16122,0.37783337
1978-05-30,0,30.450424,30.037568,87.66293,0.4050834
1978-05-31,0,29.540424,30.19613914,86.90836,0.41629162
1978-06-01,0,30.050425,30.25042486,88.07259,0.41054168
1978-06-02,0,31.220425,30.68471043,86.11718,0.41408333
1978-06-03,0,33.210426,31.35471043,80.28156,0.40595838
1978-06-04,0,33.670425,31.49613914,81.0678,0.40004167
1978-06-05,0,30.840425,31.283282,91.003174,0.42495832
1978-06-06,0,28.990425,31.07471071,87.50412,0.42175004
1978-06-07,0,30.150425,31.16185371,88.69599,0.41845837
1978-06-08,0,31.270426,31.33613957,87.675865,0.40575004
1978-06-09,0,31.420425,31.364711,88.00347,0.41787505
1978-06-10,0,30.560425,30.98613943,88.049,0.41666663
1978-06-11,0,32.270424,30.78613929,86.23953,0.40933335
1978-06-12,0,31.430426,30.87042514,86.24732,0.4105833
1978-06-13,0,31.270426,31.19613957,86.54014,0.41145834
1978-06-14,0,31.580425,31.40042529,83.544304,0.40512502
1978-06-15,0,32.980427,31.64471114,83.813225,0.39520836
1978-06-16,0,31.820425,31.701854,84.38448,0.39666668
1978-06-17,0,31.440426,31.82756843,85.51303,0.3967917
1978-06-18,0,30.990425,31.64471143,85.3738,0.40462506
1978-06-19,0,30.770426,31.55042571,83.376686,0.396125
1978-06-20,0,31.340425,31.56042557,83.30569,0.40158334
1978-06-21,0,30.160425,31.35756843,84.192085,0.39387497
1978-06-22,0,30.500425,31.00328243,85.95504,0.40687498
1978-06-23,0,31.000425,30.88613957,88.39521,0.42387497
1978-06-24,0,27.490425,30.32185371,92.15158,0.43554163
1978-06-25,0,27.990425,29.89328229,95.49149,0.4365833
1978-06-26,0,29.150425,29.66185357,91.98291,0.42637506
1978-06-27,0,31.770426,29.72328229,85.455605,0.3985
1979-02-28,0,29.830425,28.51613914,49.31986,0.1455
1979-03-01,0,30.390425,28.98471071,53.365234,0.14608334
1979-03-02,0,30.470425,29.34185357,47.430283,0.14933337
1979-03-03,0,31.090425,29.72471071,46.884228,0.1514167
1979-03-04,0,31.470425,30.13899643,49.711987,0.14837496
1979-03-05,0,32.780426,30.71899657,49.94888,0.14195834
1979-03-06,0,33.610424,31.37756786,52.92471,0.13908331
1979-03-07,0,33.990425,31.97185357,53.038525,0.13687499
1979-03-08,0,34.800426,32.60185371,51.17686,0.13891669
1979-03-09,0,30.620424,32.62328214,53.148685,0.14783336
1979-03-10,0,26.720425,31.99899643,42.73041,0.15645835
1979-03-11,0,27.030424,31.36471057,50.898098,0.15312499
1979-03-12,0,28.910425,30.81185329,53.33524,0.1440417
1979-03-13,0,30.540424,30.37328186,48.07118,0.13858335
1979-03-14,0,32.050426,30.09613914,49.455524,0.14037499
1979-03-15,0,33.410423,29.89756729,63.80866,0.14233334
1979-03-16,0,33.140427,30.25756771,53.160908,0.14125003
1979-03-17,0,34.550426,31.37613929,59.372112,0.13887504
1979-03-18,0,33.870426,32.35328243,70.56113,0.1429167
1979-03-19,0,35.210426,33.25328257,62.831345,0.14479165
1979-03-20,0,34.960426,33.88471143,58.735477,0.14075
1979-03-21,0,33.020424,34.02328257,65.28133,0.13833332
1979-03-22,0,34.350426,34.15756871,66.3755,0.14562505
1979-03-23,0,34.880424,34.40613971,61.54681,0.14370835
1979-03-24,1,35.730427,34.57471129,60.970547,0.14683333
1979-03-25,0,36.590424,34.96328243,51.52852,0.14604168
1979-03-26,0,37.820423,35.33613914,48.9873,0.14254168
1979-03-27,0,36.620426,35.573282,45.884144,0.14404167
1979-03-28,1,34.480427,35.78185386,52.42737,0.14058332
1979-03-29,1,36.190426,36.044711,64.59725,0.13591665
1979-03-30,1,36.840424,36.324711,62.394073,0.13429163
1979-03-31,1,37.670425,36.60185357,62.072674,0.13533333
1979-04-01,1,37.650425,36.75328229,68.16484,0.14525
1979-04-02,1,37.680424,36.73328243,55.262363,0.14287497
1979-04-03,0,38.290424,36.97185357,51.803654,0.14008336
1979-04-04,0,39.240425,37.65185329,51.91852,0.14683335
1979-04-05,0,38.730427,38.01471057,51.889908,0.15483335
1979-04-06,0,34.450424,37.673282,68.84646,0.17766666
1979-04-07,0,33.930424,37.13899614,75.34825,0.22833331
1979-04-08,0,33.430424,36.53613886,69.64085,0.24779171
1979-04-09,0,34.260426,36.04756771,69.81401,0.217875
1979-04-10,0,35.150425,35.59899643,68.67115,0.19687502
1979-04-11,0,35.340424,35.04185343,69.352715,0.182
1979-04-12,0,35.130424,34.52756729,67.03883,0.1815833
1979-04-13,0,34.770424,34.57328157,62.101746,0.17800002
1979-04-14,0,35.510426,34.79899614,59.898193,0.16995835
1979-04-15,0,33.680424,34.83471043,69.64739,0.24812502
1979-04-16,0,31.390425,34.42471029,72.933815,0.27141663
1979-04-17,0,32.070423,33.98471,72.09753,0.31350002
1979-04-18,0,28.140425,32.95613871,82.68922,0.37924996
1979-04-19,0,31.720425,32.468996,77.407646,0.36254168
1979-04-20,0,32.260426,32.11042486,75.61937,0.3149583
1979-04-21,0,33.540424,31.828996,75.73185,0.2889167
1979-04-22,0,34.290424,31.91613886,71.58429,0.2570834
1979-04-23,0,34.960426,32.426139,71.73955,0.23262496
1979-04-24,0,35.090424,32.85756771,67.000275,0.21233328
1979-04-25,0,36.160423,34.00328171,62.53786,0.18991667
1979-04-26,0,36.440426,34.67756757,59.117336,0.16841666
1979-04-27,0,35.620426,35.15756757,59.06482,0.15695828
1979-04-28,0,36.520424,35.58328186,59.62939,0.14891666
1979-04-29,0,36.110424,35.84328186,61.516033,0.1486667
1979-04-30,0,33.350426,35.61328186,69.19326,0.15599996
1979-05-01,0,33.440426,35.37756786,81.261925,0.27529165
1979-05-02,0,30.570425,34.57899671,85.8194,0.36954165
1979-05-03,0,35.800426,34.48756814,72.70756,0.313625
1979-05-04,0,35.320423,34.44471057,74.766716,0.27816668
1979-05-05,0,35.310425,34.27185357,74.29327,0.24945839
1979-05-06,0,34.870426,34.094711,73.38462,0.231625
1979-05-07,0,35.280426,34.37042529,71.71894,0.21575
1979-05-08,0,34.710426,34.55185386,71.77636,0.21162504
1979-05-09,0,35.720425,35.28756814,70.08312,0.20024998
1979-05-10,0,34.840424,35.150425,68.77447,0.19029169
1979-05-11,0,34.500423,35.03328214,73.8391,0.18187499
1979-05-12,0,33.620426,34.79185371,74.26262,0.18445836
1979-05-13,0,34.430424,34.72899629,74.51835,0.19924997
1979-05-14,0,33.780426,34.51471057,76.408195,0.2002083
1979-05-15,0,34.760426,34.52185343,73.39802,0.19387503
1979-05-16,0,34.490425,34.34613914,70.81545,0.18741666
1979-05-17,1,34.860424,34.34899629,77.100746,0.18462503
1979-05-18,0,38.240425,34.88328229,62.20876,0.17029166
1979-05-19,0,39.250423,35.68756757,63.843754,0.15820831
1979-05-20,0,37.780426,36.16613929,72.2507,0.20679164
1979-05-21,0,34.890427,36.32471086,70.88239,0.24058329
1979-05-22,0,35.810425,36.47471071,70.30804,0.21795832
1979-05-23,1,35.650425,36.640425,70.0723,0.24612497
1979-05-24,1,37.440426,37.00899671,59.208374,0.22024997
1979-05-25,1,38.570423,37.05613929,53.2014,0.19474995
1979-05-26,1,38.590424,36.96185371,68.40272,0.18358332
1979-05-27,1,37.440426,36.91328229,70.704605,0.18487503
1979-05-28,1,37.730427,37.31899657,68.229256,0.18291669
1979-05-29,1,38.900425,37.76042514,66.246925,0.17362499
1979-05-30,1,40.040424,38.38756786,52.19456,0.16241667
1979-05-31,1,40.180424,38.77899614,47.856323,0.15454166
1979-06-01,1,39.640427,38.93185386,63.18871,0.15779164
1979-06-02,1,38.770424,38.95756814,66.93504,0.15608335
1979-06-03,0,38.400425,39.09471086,67.34138,0.15450002
1979-06-04,0,39.460426,39.34185357,68.3755,0.15416665
1979-06-05,0,39.710426,39.457568,64.40183,0.15262498
1979-06-06,0,35.340424,38.78613943,72.76736,0.15520836
1979-06-07,0,30.930426,37.46471114,80.73498,0.19458334
1979-06-08,0,29.790424,36.05756786,88.182396,0.32141665
1979-06-09,0,32.180424,35.11613929,85.16445,0.3752917
1979-06-10,0,29.510426,33.84613943,89.89655,0.39475003
1979-06-11,0,28.890425,32.33613929,92.9103,0.43537506
1979-06-12,0,26.000425,30.37756771,94.79831,0.4306667
1979-06-13,0,27.820425,29.30328214,90.97006,0.430625
1979-06-14,0,29.290424,29.06899614,90.31017,0.41891667
1979-06-15,0,28.530424,28.88899614,90.10955,0.4277917
1979-06-16,0,30.970425,28.71613914,88.09724,0.41804168
1979-06-17,0,32.160423,29.09471014,88.06774,0.42183337
1979-06-18,0,33.490425,29.751853,83.99764,0.40866664
1979-06-19,0,32.870426,30.73328171,82.652245,0.39924994
1979-06-20,0,31.910423,31.31756714,82.97308,0.37870836
1979-06-21,0,33.490425,31.91756729,81.09606,0.36545834
1979-06-22,0,34.830425,32.81756743,77.49221,0.35675
1979-06-23,0,33.420425,33.16756743,81.46492,0.3853334
1979-06-24,0,32.310425,33.18899629,78.89586,0.40275
1979-06-25,0,32.530426,33.05185357,81.63354,0.39904168
1979-06-26,0,32.340424,32.976139,83.847664,0.39224997
1979-06-27,0,32.430424,33.05042486,82.48629,0.382625
1980-02-29,0,28.730425,29.98042486,78.32081,0.18900001
1980-03-01,0,22.850426,29.02613943,87.44158,0.29233333
1980-03-02,0,25.360424,28.25899643,82.582596,0.38412502
1980-03-03,0,27.770426,27.80328243,69.28956,0.3368334
1980-03-04,0,27.180426,27.45042543,84.8895,0.33024997
1980-03-05,0,27.460424,27.184711,79.26954,0.32658336
1980-03-06,0,29.290424,26.94899643,77.86286,0.30608335
1980-03-07,0,30.220425,27.16185357,77.317726,0.2867084
1980-03-08,0,29.160425,28.063282,59.14076,0.263625
1980-03-09,0,29.040424,28.58899629,64.50905,0.24391662
1980-03-10,0,30.030424,28.91185314,73.25648,0.22904164
1980-03-11,0,32.080425,29.611853,62.118206,0.21154161
1980-03-12,0,29.560425,29.91185314,65.28974,0.19891666
1980-03-13,0,31.700424,30.25613886,59.869,0.18633334
1980-03-14,0,30.990425,30.36613886,53.850296,0.17487498
1980-03-15,0,31.960426,30.766139,54.428207,0.16183332
1980-03-16,0,32.470425,31.25613914,61.41092,0.15283337
1980-03-17,0,31.500425,31.46613929,73.03097,0.16345836
1980-03-18,0,31.850426,31.43328229,70.508064,0.1666667
1980-03-19,0,31.290424,31.680425,76.82133,0.16583331
1980-03-20,0,34.620426,32.09756814,70.365364,0.16533335
1980-03-21,0,34.150425,32.54899671,65.66739,0.15845834
1980-03-22,0,34.780426,32.95185386,63.378407,0.15066667
1980-03-23,0,36.500423,33.52756786,61.478115,0.14879163
1980-03-24,0,34.150425,33.90613929,70.39392,0.15104164
1980-03-25,0,34.360424,34.26471043,71.24761,0.15970834
1980-03-26,0,34.100426,34.66613929,66.86755,0.16054165
1980-03-27,0,31.840425,34.26899629,71.68862,0.16370836
1980-03-28,0,33.930424,34.23756757,70.87998,0.16233337
1980-03-29,0,34.640427,34.21756771,56.855606,0.15729168
1980-03-30,0,31.760426,33.54042529,69.691666,0.16991664
1980-03-31,0,32.350426,33.28328257,67.16694,0.18087502
1980-04-01,0,34.710426,33.33328286,52.83191,0.16279167
1980-04-02,0,34.470425,33.38613986,56.335995,0.15033334
1980-04-03,0,31.800425,33.38042557,72.74865,0.21283333
1980-04-04,0,33.880424,33.37328271,68.28983,0.21841668
1980-04-05,0,35.100426,33.43899686,72.145096,0.22783338
1980-04-06,1,34.270424,33.797568,64.28248,0.22545834
1980-04-07,1,37.040424,34.46756771,56.524944,0.19500001
1980-04-08,1,38.170425,34.96185329,51.83974,0.17166667
1980-04-09,0,38.340424,35.51471029,59.27016,0.16820832
1980-04-10,0,37.910423,36.38756714,69.86068,0.16866662
1980-04-11,0,37.650425,36.92613871,73.50604,0.24529165
1980-04-12,0,35.480427,36.98042457,73.98071,0.27670833
1980-04-13,0,36.540424,37.30471029,72.18444,0.25491673
1980-04-14,0,35.420425,37.07328186,72.33432,0.22670834
1980-04-15,0,36.330425,36.81042471,70.30856,0.2029167
1980-04-16,0,37.330425,36.66613914,66.12683,0.18608333
1980-04-17,0,35.880424,36.37613929,70.613785,0.18491668
1980-04-18,0,34.650425,35.94756786,76.07136,0.18712503
1980-04-19,0,35.200424,35.90756743,75.3019,0.19887497
1980-04-20,0,31.620424,35.20471029,85.66097,0.324625
1980-04-21,0,30.840425,34.55042457,87.31857,0.39966667
1980-04-22,0,33.680424,34.171853,83.03971,0.37966666
1980-04-23,0,34.370426,33.748996,78.81124,0.3480833
1980-04-24,0,35.690426,33.72185343,79.12993,0.31537494
1980-04-25,0,35.440426,33.83471071,76.802055,0.2905
1980-04-26,0,34.560425,33.74328229,73.86297,0.26750004
1980-04-27,0,35.310425,34.27042529,72.38398,0.24862503
1980-04-28,0,35.290424,34.90613943,72.13683,0.23341668
1980-04-29,0,35.670425,35.19042529,70.900276,0.22125
1980-04-30,0,34.740425,35.24328229,73.27304,0.25537497
1980-05-01,0,35.290424,35.18613914,70.26936,0.26987502
1980-05-02,0,34.290424,35.02185314,73.39074,0.26420832
1980-05-03,0,30.190426,34.39756757,82.97172,0.3799584
1980-05-04,0,30.290424,33.68042457,83.90861,0.4277084
1980-05-05,0,29.930426,32.91471057,88.124565,0.4221667
1980-05-06,0,30.950424,32.24042471,86.82413,0.42108333
1980-05-07,0,32.540424,31.92613886,89.03297,0.4269584
1980-05-08,0,32.490425,31.526139,89.042656,0.42374995
1980-05-09,0,30.880424,31.03899614,86.44982,0.41745833
1980-05-10,0,31.070425,31.16471029,88.389366,0.42475006
1980-05-11,0,30.520426,31.19756771,81.824585,0.41558328
1980-05-12,0,30.280424,31.24756743,84.22461,0.4194167
1980-05-13,0,31.360424,31.30613886,84.93966,0.41883335
1980-05-14,0,32.120426,31.24613914,83.17452,0.41141665
1980-05-15,0,31.840425,31.153282,85.92068,0.42708334
1980-05-16,0,33.500423,31.52756757,76.56978,0.39841667
1980-05-17,0,31.080425,31.52899614,86.04443,0.4151667
1980-05-18,0,31.540424,31.67471014,87.37815,0.419625
1980-05-19,0,30.200424,31.66328157,85.5474,0.41425005
1980-05-20,0,30.570425,31.55042457,85.81715,0.4068334
1980-05-21,0,32.610424,31.62042429,80.862946,0.38966665
1980-05-22,0,33.070423,31.79613829,81.196335,0.371375
1980-05-23,0,34.150425,31.88899571,75.53527,0.34841672
1980-05-24,0,34.990425,32.44756714,78.767166,0.32800004
1980-05-25,0,33.660423,32.75042414,76.36785,0.31675002
1980-05-26,0,32.560425,33.08756714,82.3104,0.36879167
1980-05-27,0,31.750425,33.25613857,82.97883,0.40941668
1980-05-28,0,30.230425,32.91613871,86.51169,0.426875
1980-05-29,0,30.140425,32.49756757,89.37791,0.43104163
1980-05-30,0,29.000425,31.76185329,90.25425,0.42916667
1980-05-31,0,29.300425,30.94899614,88.97782,0.42383337
1980-06-01,0,28.990425,30.28185357,89.62553,0.42362496
1980-06-02,0,31.370424,30.11185343,86.25173,0.42383334
1980-06-03,0,29.050425,29.72613914,88.64747,0.427375
1980-06-04,0,29.850426,29.67185357,89.27637,0.4215417
1980-06-05,0,31.640425,29.88613929,81.98162,0.40629172
1980-06-06,0,29.170425,29.910425,89.164734,0.40270832
1980-06-07,0,27.710424,29.683282,91.14844,0.42749998
1980-06-08,0,29.110424,29.70042471,93.355896,0.42716667
1980-06-09,0,31.140425,29.66756771,88.551605,0.41675007
1980-06-10,0,30.660425,29.89756771,87.04087,0.42604172
1980-06-11,0,30.490425,29.98899614,90.11087,0.41495827
1980-06-12,0,31.970425,30.036139,85.215416,0.411
1980-06-13,0,33.610424,30.67042457,82.1254,0.40566662
1980-06-14,0,31.990425,31.28185329,82.90878,0.39962503
1980-06-15,0,31.680426,31.64899643,85.37563,0.4141667
1980-06-16,0,28.470425,31.26756786,89.5592,0.42775
1980-06-17,0,28.950424,31.023282,91.09089,0.43129167
1980-06-18,0,29.840425,30.93042486,87.94897,0.41666666
1980-06-19,0,30.480425,30.71756771,84.84049,0.4177083
1980-06-20,0,31.480425,30.41328214,84.84964,0.41416666
1980-06-21,0,32.150425,30.43613929,85.440834,0.41283333
1980-06-22,0,32.670425,30.57756771,82.44062,0.40520832
1980-06-23,0,31.720425,31.04185343,84.88383,0.40520835
1980-06-24,0,31.220425,31.36613929,83.66776,0.40291667
1980-06-25,0,31.680426,31.62899657,85.68215,0.4065
1980-06-26,0,31.380424,31.75756786,82.91323,0.39699998
1980-06-27,0,31.440426,31.75185371,83.48339,0.38312492
1981-02-28,0,31.790424,30.230425,64.41388,0.16354169
1981-03-01,0,32.260426,30.82042529,73.83034,0.15775
1981-03-02,0,31.970425,31.17756814,65.578316,0.15508334
1981-03-03,0,29.190426,31.19328257,50.539913,0.14741664
1981-03-04,0,30.160425,31.33756829,60.670303,0.14641665
1981-03-05,0,31.140425,31.21042529,57.83667,0.1431667
1981-03-06,0,31.740425,31.17899657,55.991467,0.14112504
1981-03-07,0,31.190426,31.09328257,64.09918,0.1419583
1981-03-08,0,33.070423,31.20899643,63.08222,0.14425004
1981-03-09,0,29.560425,30.86471071,70.28296,0.149875
1981-03-10,0,28.850426,30.81613929,69.31464,0.15108334
1981-03-11,0,29.290424,30.69185343,74.7648,0.15212499
1981-03-12,0,29.160425,30.40899629,72.53334,0.14995833
1981-03-13,0,28.490425,29.94471057,72.400734,0.14866666
1981-03-14,0,28.030424,29.49328171,70.173416,0.151875
1981-03-15,0,29.580425,28.99471057,69.7167,0.15204167
1981-03-16,0,28.980425,28.91185343,63.051926,0.15754168
1981-03-17,0,29.030424,28.93756743,64.90366,0.15662499
1981-03-18,0,31.560425,29.26185329,60.338963,0.14854164
1981-03-19,0,32.180424,29.69328171,60.02776,0.1424167
1981-03-20,0,33.120426,30.35471043,63.07306,0.13708337
1981-03-21,0,33.220425,31.09613914,72.711555,0.1551667
1981-03-22,0,34.210426,31.75756786,59.301514,0.16316666
1981-03-23,0,32.010426,32.19042514,72.779625,0.2237917
1981-03-24,0,31.050425,32.47899671,78.82346,0.26362506
1981-03-25,0,27.850426,31.94899686,83.56949,0.3033333
1981-03-26,0,27.910425,31.338997,74.15631,0.2935
1981-03-27,0,26.470425,30.38899686,81.40589,0.2895417
1981-03-28,0,28.310425,29.68756829,74.96415,0.26533338
1981-03-29,0,29.180426,28.96899686,76.38103,0.24979162
1981-03-30,0,28.630424,28.48613943,80.17823,0.25470832
1981-03-31,0,27.440426,27.97042529,84.84901,0.33808336
1981-04-01,0,28.070425,28.00185371,85.196556,0.40824994
1981-04-02,0,27.760426,27.98042529,84.381744,0.38433337
1981-04-03,0,30.250425,28.52042529,84.49568,0.36491668
1981-04-04,0,31.270426,28.94328257,84.614975,0.39812505
1981-04-05,0,33.040424,29.49471086,79.56701,0.3917917
1981-04-06,0,32.320423,30.02185357,75.045876,0.3604584
1981-04-07,0,32.210426,30.70328214,65.636185,0.3334584
1981-04-08,0,31.660425,31.21613929,72.09615,0.3117083
1981-04-09,0,32.390427,31.877568,74.903496,0.2915417
1981-04-10,0,33.360424,32.32185357,74.81145,0.2721667
1981-04-11,0,31.590425,32.36756771,79.66395,0.34170833
1981-04-12,0,26.200424,31.39042486,91.61783,0.4252917
1981-04-13,0,28.020426,30.77613957,83.8794,0.4057083
1981-04-14,0,28.640425,30.26613943,84.6247,0.40787497
1981-04-15,0,28.010426,29.744711,87.827736,0.40875003
1981-04-16,0,25.650425,28.78185357,89.83964,0.41762498
1981-04-17,0,25.700424,27.68756786,87.89112,0.42254165
1981-04-18,0,25.460424,26.81185343,91.28304,0.42795834
1981-04-19,0,22.950424,26.34756771,91.39025,0.42820826
1981-04-20,0,24.600426,25.85899629,86.0198,0.40749994
1981-04-21,0,28.390425,25.823282,76.711296,0.38320827
1981-04-22,0,30.090425,26.12042471,72.81916,0.36479172
1981-04-23,0,32.810425,27.14328186,79.91738,0.35641667
1981-04-24,0,30.890425,27.88471057,83.289696,0.3610833
1981-04-25,0,32.830425,28.93756786,77.58525,0.34820834
1981-04-26,0,32.780426,30.34185386,76.313965,0.33045837
1981-04-27,0,32.130424,31.41756786,79.01543,0.34604168
1981-04-28,0,31.750425,31.89756786,82.95458,0.40029168
1981-04-29,0,29.610424,31.82899629,85.708626,0.41849998
1981-04-30,0,30.670425,31.523282,82.7746,0.416875
1981-05-01,0,31.400425,31.59613914,81.02314,0.40250003
1981-05-02,0,30.380424,31.246139,82.29315,0.413875
1981-05-03,0,29.390425,30.76185314,84.96425,0.41729167
1981-05-04,0,29.860424,30.43756743,84.00477,0.41029167
1981-05-05,0,31.270426,30.36899614,84.08634,0.41020834
1981-05-06,0,30.530424,30.50042471,72.60163,0.39275002
1981-05-07,0,30.910425,30.53471043,76.81341,0.37879166
1981-05-08,0,31.370424,30.53042457,81.67359,0.37416664
1981-05-09,0,31.980427,30.75899643,80.858406,0.36174998
1981-05-10,0,31.890425,31.11613929,82.82571,0.36537495
1981-05-11,0,31.990425,31.42042514,83.58376,0.4109167
1981-05-12,0,31.080425,31.39328214,82.60177,0.41625
1981-05-13,0,30.930426,31.45042529,87.36315,0.42012504
1981-05-14,0,30.610424,31.407568,86.93014,0.40329167
1981-05-15,0,30.750425,31.31899671,86.980194,0.42049995
1981-05-16,0,32.130424,31.34042486,86.71326,0.42608333
1981-05-17,0,29.510426,31.000425,87.68759,0.42520836
1981-05-18,0,29.590425,30.65756786,87.85431,0.4309583
1981-05-19,0,31.220425,30.67756786,83.5534,0.41183332
1981-05-20,0,32.800426,30.94471071,81.43148,0.38666674
1981-05-21,0,31.630424,31.090425,83.8863,0.40129173
1981-05-22,0,31.100426,31.14042514,85.24289,0.39349997
1981-05-23,0,32.480427,31.19042557,81.675064,0.39108333
1981-05-24,0,33.200424,31.71756814,80.00927,0.38745832
1981-05-25,0,31.400425,31.97613957,84.47991,0.40399995
1981-05-26,0,30.500425,31.87328243,85.23969,0.42525002
1981-05-27,0,27.140425,31.06471086,92.3709,0.433375
1981-05-28,0,31.720425,31.07756814,85.75427,0.42012504
1981-05-29,0,32.310425,31.25042514,84.589134,0.42520833
1981-05-30,0,30.600426,30.98185357,87.9885,0.43354166
1981-05-31,0,27.800425,30.21042514,94.849304,0.43470827
1981-06-01,0,28.870424,29.84899643,90.34881,0.4252917
1981-06-02,0,30.790424,29.89042486,86.33114,0.41645834
1981-06-03,0,32.470425,30.65185343,83.9572,0.39133334
1981-06-04,0,33.390427,30.89042514,85.07254,0.390625
1981-06-05,0,30.880424,30.68613929,84.337746,0.38812503
1981-06-06,0,30.520426,30.67471071,84.1394,0.39287496
1981-06-07,0,31.640425,31.22328214,80.24295,0.3775834
1981-06-08,0,32.010426,31.67185386,82.15282,0.36541668
1981-06-09,0,32.110424,31.86042529,82.615685,0.3638333
1981-06-10,0,32.620426,31.881854,80.34879,0.34987488
1981-06-11,0,33.950424,31.96185357,80.05243,0.33470833
1981-06-12,0,33.720425,32.367568,80.344795,0.32062495
1981-06-13,0,34.270424,32.903282,80.43212,0.3122916
1981-06-14,0,34.410423,33.298996,78.31315,0.29787502
1981-06-15,0,31.240425,33.18899586,83.275276,0.30470833
1981-06-16,0,31.560425,33.11042457,83.130104,0.3440834
1981-06-17,0,31.810425,32.99471014,78.80167,0.33391663
1981-06-18,0,32.590424,32.80042443,81.75558,0.36029163
1981-06-19,0,33.030426,32.70185314,82.54623,0.37612498
1981-06-20,0,31.610424,32.32185314,82.66583,0.38837495
1981-06-21,0,29.090425,31.56185343,87.93853,0.41291666
1981-06-22,0,29.010426,31.24328214,89.24289,0.41095832
1981-06-23,0,29.410425,30.93613929,86.06763,0.4050833
1981-06-24,0,31.000425,30.820425,84.95954,0.39729175
1981-06-25,0,31.090425,30.60613943,84.912796,0.39366665
1981-06-26,0,31.000425,30.31613929,85.97979,0.39904165
1981-06-27,0,31.480425,30.297568,84.09057,0.38454172
1982-02-28,0,28.670425,28.22185343,61.8667,0.16591671
1982-03-01,0,30.120424,28.35185343,61.71274,0.16024996
1982-03-02,0,24.590425,27.85899643,76.27881,0.16550003
1982-03-03,0,27.260426,27.81899671,75.97299,0.1681667
1982-03-04,0,27.170425,27.76328243,64.53651,0.1627917
1982-03-05,0,27.750425,27.79613943,56.142048,0.16245838
1982-03-06,0,21.690426,26.75042514,82.71148,0.19229166
1982-03-07,0,24.910425,26.21328229,84.4257,0.29120836
1982-03-08,0,26.500425,25.69613957,65.97732,0.2600833
1982-03-09,0,27.520426,26.11471114,67.26345,0.23495837
1982-03-10,0,28.020426,26.22328257,64.91044,0.21462505
1982-03-11,0,30.200424,26.65613957,66.31048,0.19683333
1982-03-12,0,30.190426,27.00471114,76.8222,0.19024998
1982-03-13,0,29.540424,28.12613943,62.14244,0.18249996
1982-03-14,0,29.380424,28.76471071,59.000782,0.17195828
1982-03-15,0,30.540424,29.34185343,61.549515,0.16120836
1982-03-16,0,31.660425,29.93328186,61.20752,0.15062498
1982-03-17,0,32.130424,30.52042443,64.89087,0.14770834
1982-03-18,0,30.670425,30.58756743,79.90827,0.20266666
1982-03-19,0,28.730425,30.37899586,82.746445,0.24662499
1982-03-20,0,31.130424,30.60613871,74.57888,0.22866674
1982-03-21,0,32.360424,31.031853,67.5456,0.20345835
1982-03-22,0,33.040424,31.38899586,59.079044,0.18441665
1982-03-23,0,33.240425,31.61471014,62.61916,0.17137498
1982-03-24,0,34.300426,31.92471043,65.09974,0.16554166
1982-03-25,0,33.870426,32.38185343,56.728683,0.16016667
1982-03-26,0,30.300425,32.60613914,67.83213,0.16179164
1982-03-27,0,30.660425,32.53899643,71.93085,0.16125
1982-03-28,0,32.100426,32.50185386,60.97115,0.1508333
1982-03-29,0,33.070423,32.50613943,56.028885,0.14437498
1982-03-30,0,33.450424,32.53613929,60.018433,0.1445417
1982-03-31,0,32.970425,32.34613914,61.72273,0.14616667
1982-04-01,0,36.660423,32.74471014,60.07613,0.14475
1982-04-02,0,36.030426,33.56328171,65.863,0.15020834
1982-04-03,0,35.730427,34.28756771,67.911964,0.15141667
1982-04-04,0,35.980427,34.84185357,68.791374,0.15208337
1982-04-05,0,34.410423,35.03328214,73.21307,0.16116668
1982-04-06,0,33.800426,35.08328243,72.90941,0.16716664
1982-04-07,0,32.750423,35.05185357,72.80951,0.16691665
1982-04-08,0,30.760426,34.20899686,80.330414,0.25449997
1982-04-09,0,33.040424,33.78185371,72.70286,0.24833329
1982-04-10,0,34.390427,33.59042514,72.453575,0.22375001
1982-04-11,0,32.110424,33.03756757,75.9208,0.21175003
1982-04-12,0,31.160425,32.57328214,79.66653,0.26008332
1982-04-13,0,30.800425,32.14471057,81.79363,0.30249998
1982-04-14,0,29.530424,31.68471071,81.25167,0.35545838
1982-04-15,0,28.850426,31.41185357,84.48182,0.38024998
1982-04-16,0,28.980425,30.83185371,84.4674,0.40750003
1982-04-17,0,28.430426,29.980425,88.25577,0.41229168
1982-04-18,0,27.990425,29.39185371,86.34442,0.40975
1982-04-19,0,29.640425,29.17471086,82.634415,0.4042084
1982-04-20,0,30.840425,29.18042514,82.47955,0.41316664
1982-04-21,0,30.430426,29.30899686,83.25507,0.40675
1982-04-22,0,30.410425,29.53185386,83.40457,0.3922083
1982-04-23,0,31.630424,29.91042514,78.97779,0.37325
1982-04-24,0,33.600426,30.64899657,77.17907,0.37870833
1982-04-25,0,31.710424,31.180425,80.23678,0.38570833
1982-04-26,0,31.820425,31.49185357,81.56934,0.40729162
1982-04-27,0,32.390427,31.71328243,79.6903,0.40116668
1982-04-28,0,32.450424,32.00185357,84.644356,0.41645834
1982-04-29,0,33.320423,32.41756757,79.23287,0.39491668
1982-04-30,0,33.700424,32.71328186,78.25968,0.3675417
1982-05-01,0,33.270424,32.66613871,80.40104,0.34916663
1982-05-02,0,33.260426,32.88756757,79.71176,0.34195825
1982-05-03,0,33.830425,33.17471043,77.577736,0.32474998
1982-05-04,0,33.810425,33.37756729,77.53081,0.30499998
1982-05-05,0,32.950424,33.44899586,77.779335,0.28874996
1982-05-06,0,33.320423,33.44899586,80.06085,0.27620837
1982-05-07,0,34.070423,33.50185286,75.3236,0.26216665
1982-05-08,0,33.730427,33.56756757,79.25548,0.24954163
1982-05-09,0,35.010426,33.81756757,79.51442,0.25662503
1982-05-10,0,33.840424,33.818996,81.262825,0.28616673
1982-05-11,0,34.390427,33.90185343,80.86239,0.33179167
1982-05-12,0,33.940426,34.04328229,81.31066,0.37120834
1982-05-13,0,31.410425,33.77042543,86.279076,0.398625
1982-05-14,0,32.460426,33.54042586,85.68557,0.40604174
1982-05-15,0,31.650425,33.24328271,78.43018,0.390375
1982-05-16,0,33.120426,32.97328271,81.224236,0.3691667
1982-05-17,0,32.470425,32.77756857,83.1807,0.39645827
1982-05-18,0,33.830425,32.69756829,76.09268,0.36458334
1982-05-19,0,33.890427,32.69042557,75.505196,0.3393334
1982-05-20,0,34.220425,33.09185414,75.50691,0.31912503
1982-05-21,0,34.990425,33.45328257,72.458725,0.30087498
1982-05-22,0,34.530426,33.86471129,74.61657,0.28404167
1982-05-23,0,34.420425,34.05042543,75.057434,0.26974997
1982-05-24,0,36.260426,34.59185414,74.34108,0.2555833
1982-05-25,0,36.030426,34.90614,74.80089,0.25079164
1982-05-26,0,33.230427,34.81185429,77.983376,0.24570836
1982-05-27,0,31.810425,34.46756857,82.620895,0.26749995
1982-05-28,0,33.130424,34.20185414,79.57436,0.27650002
1982-05-29,0,34.640427,34.21756857,75.3385,0.26670837
1982-05-30,0,32.630424,33.96185414,79.09451,0.25470835
1982-05-31,0,35.010426,33.78328271,75.45725,0.2397917
1982-06-01,0,35.580425,33.71899686,73.448494,0.222125
1982-06-02,0,34.440426,33.89185386,78.289314,0.22345836
1982-06-03,0,32.250423,33.95471071,84.0299,0.38195837
1982-06-04,0,32.350426,33.84328243,82.30846,0.37633333
1982-06-05,0,33.080425,33.620425,82.24268,0.34599996
1982-06-06,0,34.100426,33.83042529,77.07415,0.32083338
1982-06-07,0,33.640427,33.63471114,78.30695,0.30062503
1982-06-08,0,32.260426,33.16042557,83.91474,0.30070832
1982-06-09,0,31.760426,32.77756843,85.51647,0.3700833
1982-06-10,0,30.400425,32.513283,88.73702,0.39654168
1982-06-11,0,28.390425,31.94756857,91.85714,0.4325
1982-06-12,0,29.120424,31.38185414,90.38245,0.42341664
1982-06-13,0,29.450424,30.71756814,90.244995,0.42129162
1982-06-14,0,30.050425,30.20471071,88.72162,0.4269167
1982-06-15,0,32.060425,30.17613914,83.62695,0.41904166
1982-06-16,0,31.800425,30.18185329,83.76684,0.41400003
1982-06-17,0,29.430426,30.043282,90.88143,0.42533338
1982-06-18,0,26.940426,29.83613929,94.207275,0.43358335
1982-06-19,0,29.940426,29.95328243,88.82392,0.4263333
1982-06-20,0,29.150425,29.91042543,90.53641,0.41495833
1982-06-21,0,29.110424,29.77613957,92.22355,0.42320836
1982-06-22,0,32.150425,29.78899671,84.166954,0.40595832
1982-06-23,0,31.100426,29.68899686,83.48281,0.41229174
1982-06-24,0,30.890425,29.89756814,88.32333,0.41862497
1982-06-25,0,30.640425,30.42613943,87.3254,0.420625
1982-06-26,0,32.410423,30.77899614,86.71444,0.41716662
1982-06-27,0,27.720425,30.57471043,88.20627,0.41483334
1983-02-28,0,27.300425,26.27042514,63.54057,0.25133333
1983-03-01,0,29.220425,26.887568,72.4618,0.22870837
1983-03-02,0,29.890425,27.29613957,75.68674,0.21224995
1983-03-03,0,28.530424,27.34613929,83.765,0.25995833
1983-03-04,0,28.560425,27.65899657,80.32746,0.28629166
1983-03-05,0,28.580425,28.27613929,78.59754,0.2775
1983-03-06,0,26.400425,28.35471057,85.84095,0.30383334
1983-03-07,0,28.200424,28.48328186,76.00152,0.28212497
1983-03-08,0,29.190426,28.47899629,76.47639,0.25416663
1983-03-09,0,30.790424,28.60756757,72.66953,0.23020834
1983-03-10,0,32.410423,29.16185314,73.337654,0.21162497
1983-03-11,0,34.080425,29.95042457,75.57909,0.19599998
1983-03-12,0,34.870426,30.84899614,68.050835,0.18287496
1983-03-13,0,33.890427,31.91899643,66.13016,0.17291671
1983-03-14,0,31.860424,32.44185357,45.800526,0.16291665
1983-03-15,0,30.410425,32.61613914,79.505486,0.21666668
1983-03-16,0,27.850426,32.19613943,79.44126,0.27604166
1983-03-17,0,30.360424,31.90328243,75.71557,0.24595831
1983-03-18,0,30.830425,31.43899671,80.49231,0.284625
1983-03-19,0,30.310425,30.787568,83.86253,0.32120833
1983-03-20,0,27.370424,29.856139,85.342445,0.3688333
1983-03-21,0,28.440426,29.36756786,85.932335,0.40804163
1983-03-22,0,27.440426,28.94328229,78.23218,0.40462503
1983-03-23,0,28.420425,29.02471071,61.776264,0.36720845
1983-03-24,0,29.320425,28.87613943,64.12797,0.33974993
1983-03-25,0,30.200424,28.78613929,70.601036,0.31724995
1983-03-26,0,31.430426,28.94613943,78.80259,0.29954174
1983-03-27,0,32.090424,29.62042514,79.41996,0.2831666
1983-03-28,0,33.090424,30.28471057,80.54162,0.28316674
1983-03-29,0,29.280424,30.54756743,84.829445,0.327
1983-03-30,0,31.490425,30.98613886,77.078636,0.3150833
1983-03-31,0,31.820425,31.34328171,70.02616,0.28674993
1983-04-01,0,32.130424,31.618996,67.38281,0.26087493
1983-04-02,0,33.120426,31.86042457,77.60801,0.24579172
1983-04-03,0,33.710426,32.09185343,80.38177,0.23429166
1983-04-04,0,34.660423,32.316139,69.21485,0.21783328
1983-04-05,0,35.970425,33.27185343,52.472458,0.19812499
1983-04-06,0,34.700424,33.73042471,65.919235,0.18295832
1983-04-07,0,35.540424,34.26185314,64.185326,0.17404169
1983-04-08,0,35.390427,34.72756786,63.527405,0.17
1983-04-09,0,33.300426,34.75328214,76.53425,0.22087498
1983-04-10,0,33.340424,34.70042471,81.2752,0.33041665
1983-04-11,0,29.600426,33.977568,83.15855,0.3775833
1983-04-12,0,31.960426,33.404711,77.993706,0.34445834
1983-04-13,0,25.250425,32.05471114,88.91506,0.41091666
1983-04-14,0,30.050425,31.27042557,83.71058,0.3994167
1983-04-15,0,30.710424,30.60185371,80.128654,0.39504167
1983-04-16,0,27.880424,29.82756771,72.64687,0.3720833
1983-04-17,0,30.910425,29.480425,73.95588,0.34533325
1983-04-18,0,30.290424,29.57899614,75.19314,0.32741663
1983-04-19,0,31.570425,29.52328171,75.4972,0.31237504
1983-04-20,0,31.990425,30.48613886,67.059364,0.2910833
1983-04-21,0,33.090424,30.92042443,61.116253,0.26800004
1983-04-22,0,31.680426,31.05899614,76.38026,0.26204157
1983-04-23,0,29.880424,31.34471043,81.48798,0.27304164
1983-04-24,0,27.870424,30.91042457,87.20838,0.38920835
1983-04-25,0,29.240425,30.76042471,86.26034,0.41691664
1983-04-26,0,29.130424,30.41185314,88.19681,0.42741668
1983-04-27,0,27.810425,29.81471029,89.48617,0.429625
1983-04-28,0,30.640425,29.46471043,82.380775,0.41570833
1983-04-29,0,31.040424,29.37328157,86.78094,0.42020833
1983-04-30,0,31.730425,29.63756743,86.1637,0.41799998
1983-05-01,0,26.900425,29.49899614,90.61133,0.43025002
1983-05-02,0,25.330425,28.94042471,91.717445,0.4280417
1983-05-03,0,30.410425,29.123282,87.66372,0.424875
1983-05-04,0,29.610424,29.38042471,89.59555,0.41683337
1983-05-05,0,30.870424,29.41328171,85.2006,0.40641668
1983-05-06,0,33.530426,29.76899629,81.08048,0.40725002
1983-05-07,0,32.450424,29.87185329,82.184105,0.41679168
1983-05-08,0,30.450424,30.378996,81.821976,0.419125
1983-05-09,0,29.880424,31.02899586,84.88696,0.42291665
1983-05-10,0,29.010426,30.828996,87.26879,0.41841674
1983-05-11,0,29.620424,30.83042457,82.95544,0.41729167
1983-05-12,0,29.240425,30.59756757,85.70755,0.41412497
1983-05-13,0,30.850426,30.21471043,83.04272,0.42212498
1983-05-14,0,27.910425,29.56613914,90.34192,0.42079172
1983-05-15,0,30.780424,29.613282,85.64095,0.41550004
1983-05-16,0,32.410423,29.97471043,82.52695,0.4148333
1983-05-17,0,31.430426,30.32042471,83.72484,0.4211667
1983-05-18,0,31.730425,30.62185343,80.99503,0.40583333
1983-05-19,0,30.490425,30.80042486,85.87835,0.42195833
1983-05-20,0,31.860424,30.94471029,84.374886,0.42529166
1983-05-21,0,30.090425,31.25613886,85.94901,0.41404167
1983-05-22,0,31.790424,31.40042457,88.35144,0.42266667
1983-05-23,0,31.940426,31.33328214,85.52961,0.42037502
1983-05-24,0,31.990425,31.413282,84.8997,0.41975006
1983-05-25,0,33.580425,31.67756771,76.28302,0.39454165
1983-05-26,0,33.700424,32.136139,72.41927,0.36966658
1983-05-27,0,34.680424,32.53899614,75.023186,0.35012498
1983-05-28,0,34.850426,33.21899629,75.63645,0.3347917
1983-05-29,0,34.280426,33.57471086,80.325165,0.33737496
1983-05-30,0,34.750423,33.976139,80.01934,0.35274997
1983-05-31,0,35.080425,34.41756757,79.77949,0.33258337
1983-06-01,0,33.860424,34.45756743,81.606255,0.32587492
1983-06-02,0,32.770424,34.32471029,83.830925,0.33508334
1983-06-03,0,29.680426,33.61042486,88.563385,0.36504164
1983-06-04,0,32.000423,33.20328157,83.2988,0.35275003
1983-06-05,0,31.510426,32.80756729,87.47854,0.36812505
1983-06-06,0,35.330425,32.89042471,80.26581,0.34512493
1983-06-07,0,33.810425,32.70899614,80.270485,0.32224998
1983-06-08,0,34.330425,32.77613914,80.14499,0.30437496
1983-06-09,0,32.980427,32.80613957,81.40444,0.356375
1983-06-10,0,32.870426,33.26185386,79.70679,0.36545828
1983-06-11,0,33.340424,33.45328257,80.618164,0.37745833
1983-06-12,0,34.260426,33.84613971,80.44967,0.34979174
1983-06-13,0,32.240425,33.40471114,83.05623,0.37020835
1983-06-14,0,32.600426,33.23185414,83.17217,0.3867083
1983-06-15,0,32.570423,32.98042529,83.92695,0.3950416
1983-06-16,0,30.910425,32.68471071,89.875145,0.42983332
1983-06-17,0,29.350426,32.18185357,88.46353,0.41400003
1983-06-18,0,33.420425,32.19328229,84.82291,0.4024583
1983-06-19,0,29.830425,31.560425,90.31714,0.422125
1983-06-20,0,31.300425,31.42613929,88.30707,0.4222083
1983-06-21,0,30.810425,31.17042486,87.04699,0.41291663
1983-06-22,0,33.970425,31.37042514,82.771385,0.40341672
1983-06-23,0,32.830425,31.64471086,82.7907,0.39800003
1983-06-24,0,31.610424,31.96756771,84.0147,0.40904167
1983-06-25,0,31.700424,31.72185329,83.75701,0.42029163
1983-06-26,0,31.220425,31.92042471,86.93818,0.42104164
1983-06-27,0,30.500425,31.806139,87.618416,0.42233333
1984-02-29,0,27.990425,26.57185386,58.56842,0.14395835
1984-03-01,0,28.070425,26.94899657,55.775967,0.14158332
1984-03-02,0,29.670425,27.54471086,54.86723,0.14125003
1984-03-03,0,29.810425,28.10042514,57.552914,0.14166667
1984-03-04,0,29.710424,28.52328214,55.512722,0.14108332
1984-03-05,0,29.810425,28.933282,57.56537,0.14008336
1984-03-06,0,30.330425,29.34185343,52.032413,0.14137498
1984-03-07,0,31.600426,29.85756786,51.087143,0.14358333
1984-03-08,0,31.790424,30.38899629,53.121082,0.14191665
1984-03-09,0,32.960426,30.85899643,56.72904,0.13712503
1984-03-10,0,31.980427,31.16899671,58.687664,0.13525002
1984-03-11,0,33.280426,31.678997,57.61816,0.13599999
1984-03-12,0,34.440426,32.34042571,69.77618,0.14345832
1984-03-13,0,32.890427,32.70614029,73.87946,0.14383334
1984-03-14,0,33.760426,33.01471171,69.04247,0.14199999
1984-03-15,0,34.070423,33.34042586,68.32514,0.14595835
1984-03-16,0,35.580425,33.71471143,61.751263,0.14383337
1984-03-17,0,35.320423,34.19185371,59.500202,0.13949998
1984-03-18,0,35.700424,34.53756771,55.817677,0.13729165
1984-03-19,0,36.030426,34.76471057,54.22581,0.14045832
1984-03-20,0,33.640427,34.87185343,44.76665,0.14400001
1984-03-21,0,33.130424,34.78185314,44.15619,0.14541666
1984-03-22,0,33.530426,34.70471071,45.436234,0.14245836
1984-03-23,0,34.100426,34.49328229,53.192184,0.1407917
1984-03-24,0,34.160423,34.327568,61.799175,0.14170833
1984-03-25,0,34.080425,34.09613957,67.75283,0.1405417
1984-03-26,0,34.550426,33.884711,68.166275,0.14474998
1984-03-27,0,33.410423,33.85185329,74.95852,0.156
1984-03-28,0,34.260426,34.01328214,72.58254,0.16120833
1984-03-29,0,35.230427,34.25613943,64.33878,0.15425
1984-03-30,0,35.680424,34.48185343,67.092896,0.14799999
1984-03-31,0,36.560425,34.82471086,69.4817,0.14412504
1984-04-01,0,35.930424,35.08899643,67.75521,0.14620832
1984-04-02,0,37.160423,35.46185314,63.49567,0.15233333
1984-04-03,0,35.630424,35.77899614,67.93548,0.15387501
1984-04-04,0,35.340424,35.93328157,70.33573,0.15266667
1984-04-05,0,36.790424,36.15613829,70.33184,0.14891668
1984-04-06,0,33.880424,35.89899543,76.17638,0.16283336
1984-04-07,0,34.110424,35.54899529,73.97126,0.1887083
1984-04-08,0,30.630424,34.79185243,81.9045,0.33870837
1984-04-09,0,31.480425,33.98042414,80.02984,0.32508335
1984-04-10,0,30.170425,33.20042429,79.06853,0.3552083
1984-04-11,0,32.140427,32.74328186,66.95396,0.3134167
1984-04-12,0,33.720425,32.30471057,61.361897,0.27545828
1984-04-13,0,34.100426,32.33613943,64.17853,0.24570833
1984-04-14,0,35.550426,32.541854,63.117447,0.22304167
1984-04-15,0,35.040424,33.171854,70.35618,0.20945835
1984-04-16,0,34.180424,33.55756814,73.96289,0.19912499
1984-04-17,0,35.700424,34.347568,72.52995,0.19141664
1984-04-18,0,35.910423,34.88613886,73.07949,0.18524997
1984-04-19,0,35.820423,35.18613857,74.70211,0.1807083
1984-04-20,0,33.870426,35.15328143,73.669716,0.17879166
1984-04-21,0,34.840424,35.05185257,73.035774,0.17975003
1984-04-22,0,33.130424,34.77899543,74.666565,0.18462498
1984-04-23,0,33.840424,34.730424,75.16296,0.18670835
1984-04-24,0,32.090424,34.21470971,78.88623,0.20641665
1984-04-25,0,31.640425,33.60471,79.114555,0.2097917
1984-04-26,0,33.380424,33.25613871,78.86888,0.23495837
1984-04-27,0,32.230427,33.02185314,80.29955,0.30791667
1984-04-28,0,32.740425,32.72185329,83.56649,0.38912496
1984-04-29,0,32.700424,32.66042471,81.42994,0.37370834
1984-04-30,0,28.890425,31.953282,87.121796,0.3977917
1984-05-01,0,32.830425,32.05899643,84.409615,0.41175005
1984-05-02,0,33.880424,32.37899629,83.458305,0.407375
1984-05-03,0,33.550426,32.40328229,77.64568,0.3766667
1984-05-04,0,33.620426,32.60185357,79.16796,0.3734167
1984-05-05,0,30.980425,32.350425,83.43585,0.40483332
1984-05-06,0,29.540424,31.89899643,85.77781,0.4154167
1984-05-07,0,27.110424,31.64471057,89.29727,0.41970834
1984-05-08,0,28.230425,30.98756771,90.34097,0.43237498
1984-05-09,0,26.550425,29.940425,89.119774,0.42287505
1984-05-10,0,29.740425,29.39613914,90.541374,0.42645833
1984-05-11,0,28.640425,28.68471043,88.96508,0.43066666
1984-05-12,0,26.380424,28.02756743,91.30285,0.43566665
1984-05-13,0,24.660425,27.33042471,97.12119,0.42491665
1984-05-14,0,24.940426,27.020425,97.47027,0.43608335
1984-05-15,0,28.480425,27.05613929,92.371864,0.42424998
1984-05-16,0,32.440426,27.897568,83.197014,0.40545833
1984-05-17,0,32.580425,28.30328229,80.38007,0.38549998
1984-05-18,0,32.970425,28.92185371,78.69271,0.36437503
1984-05-19,0,33.360424,29.91899657,81.908104,0.35300002
1984-05-20,0,32.880424,31.09328214,82.100525,0.35291672
1984-05-21,0,32.390427,32.157568,81.1004,0.34662497
1984-05-22,0,32.770424,32.770425,80.77402,0.3369584
1984-05-23,0,32.620426,32.79613929,80.08968,0.33491662
1984-05-24,0,33.130424,32.87471057,85.302,0.3650833
1984-05-25,0,29.610424,32.39471043,89.64852,0.41491666
1984-05-26,0,30.240425,31.94899629,88.34074,0.41837502
1984-05-27,0,33.150425,31.98756786,82.20509,0.40641668
1984-05-28,0,32.290424,31.97328171,80.20809,0.39649996
1984-05-29,0,33.780426,32.11756771,80.34753,0.39016667
1984-05-30,0,33.400425,32.22899614,80.65453,0.38508332
1984-05-31,0,34.280426,32.39328214,76.09199,0.3678333
1984-06-01,0,35.280426,33.20328243,67.20315,0.34716657
1984-06-02,0,31.950424,33.447568,74.248955,0.33083332
1984-06-03,0,28.760426,32.82042529,87.27154,0.40395835
1984-06-04,0,28.720425,32.31042543,89.62112,0.42245838
1984-06-05,0,27.780424,31.45328229,92.78039,0.42587498
1984-06-06,0,28.760426,30.79042529,92.80798,0.43091667
1984-06-07,0,28.310425,29.937568,92.32608,0.4276667
1984-06-08,0,31.590425,29.410425,88.100395,0.42054167
1984-06-09,0,31.570425,29.35613943,84.86182,0.40220836
1984-06-10,0,32.240425,29.85328214,83.05045,0.40062496
1984-06-11,0,32.560425,30.40185357,82.580124,0.39425
1984-06-12,0,32.360424,31.05613929,80.181625,0.4020834
1984-06-13,0,31.440426,31.43899643,83.10706,0.40550002
1984-06-14,0,31.080425,31.83471071,86.40574,0.41633332
1984-06-15,0,30.690426,31.70613943,87.14773,0.42425
1984-06-16,0,29.920425,31.47042514,92.25995,0.42704168
1984-06-17,0,28.300425,30.907568,91.14277,0.43275002
1984-06-18,0,30.180426,30.56756814,90.923546,0.431375
1984-06-19,0,30.740425,30.33613971,87.39477,0.41733333
1984-06-20,0,29.250425,30.02328243,91.39456,0.42770836
1984-06-21,0,29.650425,29.81899671,89.796776,0.4212917
1984-06-22,0,30.130424,29.73899643,84.829185,0.4101667
1984-06-23,0,29.330425,29.65471071,89.20819,0.40641668
1984-06-24,0,30.310425,29.94185357,90.46952,0.41349998
1984-06-25,0,28.220425,29.66185343,90.40039,0.419625
1984-06-26,0,27.760426,29.23613929,91.712395,0.42108333
1984-06-27,0,31.200424,29.51471057,82.43991,0.39725006
1985-02-28,0,29.890425,29.51613957,67.95757,0.16179164
1985-03-01,0,30.470425,29.72899671,68.623405,0.15716669
1985-03-02,0,31.650425,30.17185386,73.72909,0.155625
1985-03-03,0,32.920425,30.674711,68.162155,0.15229164
1985-03-04,0,32.270424,31.00899643,69.94192,0.14870834
1985-03-05,0,31.970425,31.18042486,70.660225,0.147
1985-03-06,0,32.790424,31.70899614,71.048195,0.14808336
1985-03-07,0,34.260426,32.333282,69.89449,0.149125
1985-03-08,0,34.070423,32.84756743,69.318474,0.14420834
1985-03-09,0,34.360424,33.23471014,65.647484,0.13745834
1985-03-10,0,35.320423,33.577567,58.94513,0.13574998
1985-03-11,0,34.270424,33.86328129,53.09372,0.13474996
1985-03-12,0,34.700424,34.25328114,49.171337,0.13241668
1985-03-13,0,36.340424,34.760424,55.769627,0.13433334
1985-03-14,0,35.160423,34.888995,57.681103,0.13658331
1985-03-15,0,34.600426,34.96470971,64.52303,0.13512497
1985-03-16,0,34.350426,34.96328143,68.535385,0.13450003
1985-03-17,0,34.890427,34.90185343,70.74326,0.13920836
1985-03-18,0,33.590424,34.80471057,74.58012,0.17699999
1985-03-19,0,34.150425,34.72613929,72.448425,0.22254165
1985-03-20,0,33.730427,34.35328257,74.3157,0.26362494
1985-03-21,0,32.800426,34.01614014,68.90606,0.22987497
1985-03-22,0,33.090424,33.80042557,68.22631,0.208875
1985-03-23,0,31.060425,33.33042543,79.62888,0.23154165
1985-03-24,0,31.610424,32.86185357,82.401855,0.32208332
1985-03-25,0,29.920425,32.337568,85.63034,0.38062498
1985-03-26,0,29.070425,31.61185371,84.07342,0.36737502
1985-03-27,0,30.610424,31.166139,84.922676,0.3611667
1985-03-28,0,30.440426,30.82899614,86.86084,0.37154162
1985-03-29,0,33.190426,30.84328214,83.56351,0.37424996
1985-03-30,0,32.660423,31.07185329,78.75518,0.36408332
1985-03-31,0,33.410423,31.328996,79.26329,0.3272083
1985-04-01,0,31.980427,31.623282,81.206635,0.3025833
1985-04-02,0,33.220425,32.21613914,76.14466,0.280125
1985-04-03,0,31.340425,32.320425,82.236565,0.32979164
1985-04-04,0,33.640427,32.777568,73.15412,0.30520836
1985-04-05,0,34.330425,32.940425,59.778835,0.27279162
1985-04-06,0,34.360424,33.18328229,64.28413,0.24908334
1985-04-07,0,33.440426,33.18756843,71.09646,0.23270833
1985-04-08,0,33.250423,33.36899643,78.63834,0.24091662
1985-04-09,0,34.200424,33.50899629,81.643585,0.26420832
1985-04-10,0,34.890427,34.01613943,82.22273,0.34945837
1985-04-11,0,35.030426,34.21471071,74.7415,0.3187084
1985-04-12,0,33.920425,34.15613929,76.54948,0.28608328
1985-04-13,0,34.950424,34.240425,77.909584,0.26220837
1985-04-14,0,34.540424,34.39756757,77.43192,0.24691664
1985-04-15,0,33.920425,34.49328214,80.18107,0.23837505
1985-04-16,0,33.670425,34.417568,77.542625,0.23166661
1985-04-17,0,30.980425,33.85899629,85.69323,0.26854166
1985-04-18,0,30.700424,33.24042457,84.43307,0.31225
1985-04-19,0,30.130424,32.69899586,83.67391,0.316
1985-04-20,0,32.330425,32.32471029,81.2796,0.32441667
1985-04-21,0,31.400425,31.876139,84.14999,0.31562504
1985-04-22,0,32.480427,31.670425,81.09095,0.29870826
1985-04-23,0,33.970425,31.71328214,78.06983,0.27441671
1985-04-24,0,34.890427,32.27185386,74.61806,0.25020835
1985-04-25,0,33.750423,32.707568,77.35589,0.24029167
1985-04-26,0,35.290424,33.44471086,72.3596,0.22241664
1985-04-27,0,33.450424,33.60471071,74.73186,0.27158335
1985-04-28,0,28.670425,33.21471071,83.12008,0.3897083
1985-04-29,0,27.490425,32.50185329,84.71216,0.38458326
1985-04-30,0,28.100426,31.663282,82.889824,0.38479164
1985-05-01,0,30.680426,31.06185329,77.97916,0.34720838
1985-05-02,0,29.860424,30.50613914,82.33112,0.365
1985-05-03,0,32.050426,30.04328229,79.3847,0.39537498
1985-05-04,0,33.100426,29.99328257,79.19518,0.40095833
1985-05-05,0,29.510426,30.11328271,81.62591,0.41
1985-05-06,0,29.990425,30.47042557,82.116806,0.40008333
1985-05-07,0,31.100426,30.898997,76.05744,0.3744584
1985-05-08,0,32.430424,31.14899671,74.85036,0.3458332
1985-05-09,0,33.570423,31.67899657,75.15255,0.32212496
1985-05-10,0,32.970425,31.810425,80.1007,0.32108328
1985-05-11,0,32.130424,31.67185329,82.17427,0.3279583
1985-05-12,0,31.710424,31.98613871,84.66987,0.3984584
1985-05-13,0,30.910425,32.11756729,82.91297,0.3873333
1985-05-14,0,32.630424,32.33613843,82.7692,0.40783334
1985-05-15,0,30.140425,32.00899571,82.672066,0.39662495
1985-05-16,0,33.910423,32.05756714,79.87931,0.37858334
1985-05-17,0,34.110424,32.22042414,79.77883,0.36295834
1985-05-18,0,34.020424,32.49042414,76.435814,0.3399584
1985-05-19,0,34.450424,32.88185271,74.42005,0.3148334
1985-05-20,0,32.780426,33.14899571,75.78172,0.29300007
1985-05-21,0,31.790424,33.02899571,79.46784,0.29191664
1985-05-22,0,32.120426,33.311853,80.61111,0.28879166
1985-05-23,0,31.980427,33.03613929,81.165794,0.32816666
1985-05-24,0,31.700424,32.69185357,82.30302,0.42612502
1985-05-25,0,29.220425,32.00613943,88.7226,0.42633334
1985-05-26,0,33.240425,31.83328243,85.70132,0.4049166
1985-05-27,0,33.210426,31.894711,83.39899,0.4057084
1985-05-28,0,33.210426,32.09756843,81.30683,0.38983333
1985-05-29,0,33.290424,32.264711,80.60793,0.37395835
1985-05-30,0,33.640427,32.50185386,79.503456,0.36362502
1985-05-31,0,34.550426,32.908997,78.42152,0.34495828
1985-06-01,0,32.310425,33.35042557,84.269165,0.35004166
1985-06-02,0,31.160425,33.05328271,83.8868,0.40374997
1985-06-03,0,32.520424,32.954711,84.17771,0.41325
1985-06-04,0,29.980425,32.49328229,86.48486,0.40700004
1985-06-05,0,30.620424,32.11185371,87.59036,0.417375
1985-06-06,0,28.970425,31.44471057,88.3682,0.41320834
1985-06-07,0,31.790424,31.05042457,84.50903,0.39749995
1985-06-08,0,30.890425,30.84756743,85.17333,0.41045833
1985-06-09,0,32.620426,31.056139,81.36895,0.40145835
1985-06-10,0,30.390425,30.75185343,85.395,0.4142917
1985-06-11,0,32.970425,31.17899629,81.807274,0.3964583
1985-06-12,0,32.960426,31.51328229,81.349525,0.37420833
1985-06-13,0,32.110424,31.96185357,84.69628,0.40941668
1985-06-14,0,31.330425,31.89613943,84.95446,0.41950008
1985-06-15,0,29.100426,31.64042529,90.46717,0.42779168
1985-06-16,0,27.300425,30.88042514,94.37606,0.43029165
1985-06-17,0,30.550425,30.90328229,92.38431,0.416875
1985-06-18,0,31.750425,30.72899657,84.83709,0.39545834
1985-06-19,0,31.200424,30.47756771,85.33253,0.38975
1985-06-20,0,30.170425,30.200425,86.41868,0.39945838
1985-06-21,0,33.170425,30.46328214,81.94628,0.3898333
1985-06-22,0,33.730427,31.12471086,82.32741,0.36929175
1985-06-23,0,32.600426,31.88185386,84.149704,0.37800002
1985-06-24,0,31.290424,31.987568,83.13403,0.39966667
1985-06-25,0,31.010426,31.88185386,85.09457,0.40974998
1985-06-26,0,29.750425,31.67471114,86.99554,0.40416667
1985-06-27,0,30.880424,31.77613957,84.75843,0.4047083
1986-02-28,0,29.480425,29.66471086,53.174656,0.14483336
1986-03-01,0,29.440426,29.55185386,54.34708,0.14874996
1986-03-02,0,28.290424,29.12613929,63.117603,0.15274996
1986-03-03,0,29.820425,29.19185371,57.61438,0.15362498
1986-03-04,0,31.350426,29.49328243,58.066532,0.15058333
1986-03-05,0,30.940426,29.76328257,58.916424,0.14258336
1986-03-06,0,29.860424,29.88328229,63.68987,0.14075
1986-03-07,0,30.280424,29.99756786,69.34138,0.14491664
1986-03-08,0,32.170425,30.38756771,60.05203,0.14833333
1986-03-09,0,32.410423,30.976139,64.66487,0.14054167
1986-03-10,0,33.400425,31.48756757,58.30211,0.1321667
1986-03-11,0,35.160423,32.03185286,59.146667,0.12925
1986-03-12,0,35.750423,32.71899529,61.010258,0.12858331
1986-03-13,0,34.380424,33.36470957,58.689957,0.12908332
1986-03-14,0,34.960426,34.03328129,49.085392,0.1301667
1986-03-15,0,36.520424,34.65470971,52.4687,0.1363333
1986-03-16,0,34.560425,34.96185286,52.813354,0.14545836
1986-03-17,0,32.390427,34.81756743,46.670223,0.14695834
1986-03-18,0,33.240425,34.543282,49.148712,0.14391665
1986-03-19,0,33.440426,34.21328243,58.8875,0.14670832
1986-03-20,0,32.800426,33.98756843,70.43699,0.15137495
1986-03-21,0,33.170425,33.731854,50.149044,0.15058337
1986-03-22,0,34.080425,33.38328271,46.860596,0.14791669
1986-03-23,0,35.250423,33.48185386,53.144485,0.14816669
1986-03-24,0,35.680424,33.95185343,61.713425,0.14425002
1986-03-25,0,33.220425,33.94899629,55.672897,0.14395833
1986-03-26,0,34.180424,34.05471029,54.18248,0.14345835
1986-03-27,1,35.210426,34.398996,46.68768,0.14079164
1986-03-28,1,36.050426,34.81042471,49.72545,0.13829166
1986-03-29,0,37.790424,35.34042457,52.18752,0.14208336
1986-03-30,0,37.630424,35.68042471,64.25826,0.14383332
1986-03-31,0,36.270424,35.76471043,65.04823,0.15054168
1986-04-01,0,33.290424,35.77471029,71.93173,0.15820836
1986-04-02,0,35.090424,35.90471029,70.752754,0.15483332
1986-04-03,0,29.830425,35.13613871,79.90869,0.25920832
1986-04-04,0,30.510426,34.34471014,70.6108,0.30808333
1986-04-05,0,30.540424,33.30899586,73.57549,0.35095835
1986-04-06,0,30.460424,32.28471014,73.77865,0.32029167
1986-04-07,0,31.930424,31.66471014,75.99266,0.28670833
1986-04-08,0,32.010426,31.48185329,81.60695,0.33458337
1986-04-09,0,32.540424,31.11756757,82.88912,0.37016666
1986-04-10,0,32.160423,31.45042443,84.52699,0.37020835
1986-04-11,0,32.840424,31.78328129,86.26322,0.38874996
1986-04-12,0,31.990425,31.99042429,79.121574,0.37891665
1986-04-13,0,33.440426,32.41613886,79.47227,0.372625
1986-04-14,0,34.800426,32.82613914,77.729256,0.36525
1986-04-15,0,35.660423,33.34756729,76.21458,0.33825004
1986-04-16,0,36.510426,33.91471043,74.53264,0.30624995
1986-04-17,0,34.730427,34.28185386,73.98861,0.2814167
1986-04-18,0,32.490425,34.231854,81.405815,0.318625
1986-04-19,0,30.570425,34.02899686,80.78489,0.34504166
1986-04-20,0,30.750425,33.644711,82.62782,0.39845836
1986-04-21,0,30.920425,33.09042514,79.59028,0.3964584
1986-04-22,0,32.930424,32.70042529,77.99417,0.39470837
1986-04-23,0,32.100426,32.07042529,80.15253,0.40058336
1986-04-24,0,30.750425,31.50185357,85.93313,0.41524997
1986-04-25,0,30.180426,31.17185371,83.006935,0.41904172
1986-04-26,0,31.980427,31.37328257,80.96819,0.42
1986-04-27,0,28.410425,31.03899686,85.373604,0.41791674
1986-04-28,0,30.810425,31.02328257,80.698166,0.4035417
1986-04-29,0,31.460424,30.81328257,78.346954,0.4124583
1986-04-30,0,30.050425,30.52042529,82.58997,0.41170833
1986-05-01,0,30.490425,30.48328243,85.45037,0.41708335
1986-05-02,0,30.880424,30.58328214,83.8439,0.3923334
1986-05-03,0,31.140425,30.46328186,86.72647,0.40125
1986-05-04,0,29.610424,30.63471029,85.42913,0.396625
1986-05-05,0,33.130424,30.96613871,80.34735,0.41433334
1986-05-06,0,28.580425,30.55471029,87.511665,0.41775
1986-05-07,0,26.660425,30.07042457,83.23649,0.41429174
1986-05-08,0,30.290424,30.041853,77.61022,0.3875833
1986-05-09,0,32.500423,30.27328143,72.60529,0.36774996
1986-05-10,0,32.590424,30.48042414,75.26923,0.35270834
1986-05-11,0,32.040424,30.827567,79.61813,0.33812502
1986-05-12,0,31.910423,30.65328114,75.72529,0.32179162
1986-05-13,0,32.400425,31.19899543,76.43597,0.32454175
1986-05-14,0,32.390427,32.01756714,83.38986,0.38216665
1986-05-15,0,28.820425,31.80756729,86.593445,0.41937497
1986-05-16,0,30.120424,31.46756743,87.21743,0.4204167
1986-05-17,0,30.800425,31.21185329,88.24056,0.424125
1986-05-18,0,31.390425,31.11899629,84.278336,0.42104173
1986-05-19,0,30.600426,30.93185386,87.31771,0.418125
1986-05-20,0,32.610424,30.96185371,80.56216,0.40679166
1986-05-21,0,32.170425,30.93042486,83.32227,0.40854165
1986-05-22,0,33.760426,31.63613929,78.54553,0.38399994
1986-05-23,0,35.020424,32.33613929,70.19011,0.35795832
1986-05-24,0,35.200424,32.96471057,71.48267,0.3365833
1986-05-25,0,34.160423,33.36042457,81.963974,0.33229163
1986-05-26,0,34.090424,33.85899571,77.97518,0.36270836
1986-05-27,0,32.470425,33.83899586,76.79389,0.36862507
1986-05-28,0,32.680424,33.91185286,78.26824,0.37174997
1986-05-29,0,33.410423,33.86185243,77.788734,0.34812495
1986-05-30,0,33.900425,33.70185257,77.84641,0.33141658
1986-05-31,0,33.000423,33.38756671,75.72303,0.3090833
1986-06-01,0,33.890427,33.34899586,77.207825,0.29804167
1986-06-02,0,34.000423,33.33613857,85.0571,0.30562505
1986-06-03,0,34.450424,33.61899557,81.77791,0.30308327
1986-06-04,0,35.200424,33.97899557,79.10427,0.2842083
1986-06-05,0,35.600426,34.29185314,79.71339,0.26670837
1986-06-06,0,35.210426,34.47899614,77.49813,0.25083333
1986-06-07,0,34.940426,34.75613943,76.535805,0.23662491
1986-06-08,0,34.830425,34.89042486,76.60203,0.2247917
1986-06-09,0,34.160423,34.913282,78.95231,0.23004167
1986-06-10,0,33.680424,34.803282,77.511314,0.22891665
1986-06-11,0,33.020424,34.49185343,82.18079,0.28050002
1986-06-12,0,32.110424,33.99328171,85.90146,0.36779168
1986-06-13,0,32.930424,33.66756714,83.92647,0.3578333
1986-06-14,0,31.430426,33.16613857,84.24894,0.37479165
1986-06-15,0,31.500425,32.69042429,84.80839,0.37541667
1986-06-16,0,30.190426,32.12328186,87.47262,0.40629163
1986-06-17,0,29.550425,31.533282,87.24125,0.4245
1986-06-18,0,31.270426,31.28328229,84.84138,0.42483333
1986-06-19,0,31.510426,31.19756829,85.90179,0.4255
1986-06-20,0,30.580425,30.86185414,84.46882,0.40754166
1986-06-21,0,29.000425,30.51471114,89.68356,0.42441666
1986-06-22,0,31.640425,30.53471114,86.18272,0.41295835
1986-06-23,0,32.430424,30.85471086,80.8828,0.3880416
1986-06-24,0,31.060425,31.07042514,83.208565,0.38929167
1986-06-25,0,30.020426,30.89185371,84.761604,0.41062495
1986-06-26,0,30.820425,30.79328214,86.96701,0.41229165
1986-06-27,0,30.300425,30.75328214,87.5846,0.42724994
1987-02-28,0,28.370424,30.66899629,73.00161,0.14466669
1987-03-01,0,29.390425,30.38899614,63.934124,0.1426667
1987-03-02,0,30.330425,30.22471043,52.57545,0.13716663
1987-03-03,0,30.280424,30.028996,57.386734,0.13949999
1987-03-04,0,30.380424,29.75185329,57.49647,0.14341669
1987-03-05,0,28.700424,29.14042429,61.889008,0.14612499
1987-03-06,0,30.110424,29.65185286,61.59257,0.14770831
1987-03-07,0,30.710424,29.98613857,63.299725,0.145375
1987-03-08,0,31.790424,30.32899557,68.95,0.14933334
1987-03-09,0,31.680426,30.52185286,76.91207,0.17700003
1987-03-10,0,28.580425,30.27899586,77.599236,0.20345831
1987-03-11,0,26.230425,29.68613886,81.29017,0.22741665
1987-03-12,0,25.200424,29.18613886,86.826515,0.24958335
1987-03-13,0,25.820425,28.57328186,81.69783,0.25358334
1987-03-14,0,28.420425,28.24613914,72.0505,0.22991663
1987-03-15,0,29.390425,27.90328214,74.17278,0.21566664
1987-03-16,0,30.590425,27.74756771,73.17594,0.20183335
1987-03-17,0,32.600426,28.32185357,74.22658,0.19233336
1987-03-18,0,33.800426,29.40328229,64.00745,0.18241666
1987-03-19,0,33.380424,30.57185371,63.598988,0.16749997
1987-03-20,0,34.180424,31.76613929,64.21659,0.16254164
1987-03-21,0,32.390427,32.33328243,71.109146,0.15708335
1987-03-22,0,33.370426,32.901854,71.16783,0.15233338
1987-03-23,0,35.060425,33.54042543,63.580914,0.14645834
1987-03-24,0,34.900425,33.86899671,61.18074,0.14279167
1987-03-25,0,34.990425,34.03899657,61.027313,0.13900003
1987-03-26,0,37.170425,34.58042529,51.16036,0.134625
1987-03-27,0,35.550426,34.77613986,54.611126,0.13700001
1987-03-28,0,35.630424,35.23899657,59.057384,0.13795833
1987-03-29,0,34.380424,35.383282,63.14029,0.13999997
1987-03-30,0,33.460426,35.15471071,68.32058,0.14720833
1987-03-31,0,33.690426,34.98185371,72.05659,0.15291668
1987-04-01,0,34.360424,34.89185357,67.889946,0.15362503
1987-04-02,1,35.790424,34.69471057,70.72619,0.15354162
1987-04-03,1,37.140427,34.92185357,71.25474,0.15320832
1987-04-04,1,37.470425,35.18471086,70.386734,0.15387501
1987-04-05,0,37.990425,35.70042529,67.842674,0.15654169
1987-04-06,0,37.200424,36.23471071,67.430305,0.15416664
1987-04-07,0,36.660423,36.658996,67.62731,0.1496667
1987-04-08,0,34.980427,36.74756786,68.465805,0.14862502
1987-04-09,0,34.220425,36.52328229,73.30202,0.24966665
1987-04-10,0,31.580425,35.72899629,86.08248,0.39375004
1987-04-11,0,31.810425,34.92042486,84.47576,0.36750004
1987-04-12,0,34.690426,34.44899643,74.865005,0.33433327
1987-04-13,0,34.850426,34.11328243,78.65983,0.3124167
1987-04-14,0,33.420425,33.65042557,76.141106,0.29366675
1987-04-15,0,33.740425,33.47328243,72.29458,0.27254164
1987-04-16,0,34.580425,33.524711,74.566414,0.25266674
1987-04-17,0,35.640427,34.10471129,66.41768,0.2321666
1987-04-18,0,34.750423,34.524711,67.60609,0.21320833
1987-04-19,0,32.950424,34.27613929,72.43372,0.22241665
1987-04-20,0,30.640425,33.67471057,75.30346,0.23737507
1987-04-21,0,34.140427,33.777568,67.973755,0.22000003
1987-04-22,0,34.040424,33.820425,67.34527,0.20137501
1987-04-23,0,31.000425,33.30899643,76.25279,0.2324583
1987-04-24,0,31.720425,32.74899614,78.46717,0.32566667
1987-04-25,0,29.220425,31.95899643,90.22808,0.4277083
1987-04-26,0,28.370424,31.30471071,86.45013,0.41966668
1987-04-27,0,25.070425,30.50899643,88.52987,0.41762498
1987-04-28,0,27.930426,29.62185343,82.3487,0.38037506
1987-04-29,0,30.280424,29.08471057,76.9069,0.35895836
1987-04-30,0,28.470425,28.723282,86.92356,0.39624998
1987-05-01,0,30.260426,28.51471071,84.509315,0.42225003
1987-05-02,0,30.370424,28.67899629,82.48421,0.4089167
1987-05-03,0,29.570425,28.850425,83.865776,0.39874998
1987-05-04,0,28.280424,29.30899629,83.0248,0.38033333
1987-05-05,0,28.950424,29.45471029,81.53008,0.36870834
1987-05-06,0,29.250425,29.30756757,84.64649,0.36779168
1987-05-07,0,28.730425,29.34471043,83.98652,0.39458326
1987-05-08,0,30.900425,29.43613886,81.03775,0.40912497
1987-05-09,0,31.890425,29.65328186,82.87157,0.4032917
1987-05-10,0,31.580425,29.94042471,82.92336,0.3763751
1987-05-11,0,34.230427,30.79042514,74.704254,0.354375
1987-05-12,0,34.370426,31.56471114,71.445915,0.33220837
1987-05-13,0,35.000423,32.38613943,74.80358,0.31470832
1987-05-14,0,35.110424,33.29756786,70.714294,0.2968333
1987-05-15,0,34.860424,33.863282,72.221344,0.27845833
1987-05-16,0,35.270424,34.346139,74.40389,0.26154166
1987-05-17,0,35.490425,34.90471043,75.98319,0.24587505
1987-05-18,0,36.550426,35.23613886,72.44236,0.23041666
1987-05-19,0,34.940426,35.31756743,79.44204,0.22620833
1987-05-20,0,35.950424,35.45328186,76.175026,0.22129168
1987-05-21,0,34.910423,35.42471029,77.218925,0.21445835
1987-05-22,0,34.680424,35.398996,77.66539,0.20741665
1987-05-23,0,35.480427,35.42899643,75.68726,0.19866663
1987-05-24,0,35.210426,35.38899657,75.82125,0.19345833
1987-05-25,0,35.790424,35.28042486,76.841515,0.19158332
1987-05-26,0,36.010426,35.433282,77.22504,0.19879164
1987-05-27,0,36.060425,35.44899643,76.31591,0.20262498
1987-05-28,0,35.680424,35.55899657,72.15359,0.19262499
1987-05-29,0,35.600426,35.69042543,71.93854,0.18233334
1987-05-30,0,35.830425,35.74042514,71.343025,0.17487498
1987-05-31,0,35.840424,35.83042486,71.1524,0.17049997
1987-06-01,0,33.570423,35.51328186,74.14453,0.17920834
1987-06-02,0,31.840425,34.91756743,79.67223,0.25304165
1987-06-03,0,33.020424,34.48328157,80.63683,0.26224998
1987-06-04,0,28.580425,33.468996,89.09594,0.39129162
1987-06-05,0,30.970425,32.80756729,88.80479,0.42891666
1987-06-06,0,33.450424,32.46756714,86.0206,0.40687498
1987-06-07,0,31.690426,31.87471029,85.81139,0.40475
1987-06-08,0,31.350426,31.55756786,85.65616,0.39333332
1987-06-09,0,30.560425,31.37471071,86.184845,0.402125
1987-06-10,0,31.800425,31.20042514,85.83637,0.40141666
1987-06-11,0,33.550426,31.91042529,83.960106,0.4041667
1987-06-12,0,32.950424,32.19328229,85.85287,0.41191673
1987-06-13,0,31.930424,31.97613943,87.49348,0.39379165
1987-06-14,0,33.460426,32.22899657,83.844696,0.3732917
1987-06-15,0,34.400425,32.66471071,81.06005,0.35875008
1987-06-16,0,34.790424,33.26899629,79.78658,0.341875
1987-06-17,0,34.010426,33.58471071,83.99295,0.36320838
1987-06-18,0,32.050426,33.370425,85.03602,0.3678334
1987-06-19,0,30.170425,32.97328229,92.73478,0.39424995
1987-06-20,0,30.560425,32.77756814,87.08491,0.38575003
1987-06-21,0,27.620424,31.94328214,93.17039,0.41925004
1987-06-22,0,29.510426,31.24471086,88.445915,0.41804162
1987-06-23,0,32.490425,30.91613957,83.38659,0.40675
1987-06-24,0,32.230427,30.661854,81.61183,0.39504167
1987-06-25,0,32.330425,30.70185386,81.673874,0.39204168
1987-06-26,0,31.920425,30.95185386,82.30036,0.39695835
1987-06-27,0,33.950424,31.43613943,78.79301,0.37154162
1988-02-29,0,28.170425,27.38471114,85.828285,0.3397083
1988-03-01,0,28.250425,27.75042529,86.59278,0.33825
1988-03-02,0,28.610424,28.24185371,80.96765,0.31970832
1988-03-03,0,28.550425,28.43042514,63.80119,0.29483342
1988-03-04,0,28.190426,28.47899657,68.8229,0.2734584
1988-03-05,0,29.610424,28.74185343,67.65293,0.25325003
1988-03-06,0,30.140425,28.78899629,78.83707,0.23954166
1988-03-07,0,31.150425,29.21471057,78.12454,0.22820832
1988-03-08,0,31.370424,29.66042471,78.145515,0.21954171
1988-03-09,0,30.800425,29.973282,78.27425,0.24583334
1988-03-10,0,30.360424,30.23185329,78.58185,0.26662505
1988-03-11,0,32.000423,30.77613857,74.78633,0.24904162
1988-03-12,0,29.440426,30.75185314,75.76067,0.23699994
1988-03-13,0,30.980425,30.87185314,78.71969,0.24062495
1988-03-14,0,26.810425,30.25185314,90.47173,0.3693333
1988-03-15,0,29.500425,29.98471043,68.19234,0.33499995
1988-03-16,0,30.100426,29.88471057,71.66491,0.30270836
1988-03-17,0,31.360424,30.02756771,80.58365,0.27987504
1988-03-18,0,32.970425,30.16613943,80.16737,0.2620417
1988-03-19,0,27.000425,29.81756786,79.89377,0.2572084
1988-03-20,0,29.080425,29.54613929,79.95143,0.25033328
1988-03-21,0,29.860424,29.98185343,63.587555,0.2314166
1988-03-22,0,29.940426,30.04471071,59.772053,0.21470834
1988-03-23,0,31.430426,30.23471071,61.212524,0.19774997
1988-03-24,0,32.490425,30.39613943,63.97583,0.18554161
1988-03-25,0,31.810425,30.23042514,68.69306,0.17812502
1988-03-26,0,34.270424,31.26899643,65.70519,0.16908336
1988-03-27,0,34.600426,32.057568,64.96487,0.16224998
1988-03-28,0,34.570423,32.730425,63.96023,0.15716664
1988-03-29,0,33.050426,33.17471071,55.97826,0.15437496
1988-03-30,0,34.040424,33.54756757,57.53097,0.1545
1988-03-31,0,35.150425,33.92756757,59.954807,0.1568333
1988-04-01,0,35.060425,34.39185329,65.120476,0.15491664
1988-04-02,0,33.950424,34.346139,72.24204,0.1556667
1988-04-03,0,34.770424,34.37042443,68.88305,0.15529162
1988-04-04,0,36.850426,34.69613914,64.47708,0.15712503
1988-04-05,0,36.300426,35.16042486,66.62389,0.15370832
1988-04-06,0,35.810425,35.41328214,70.985344,0.1535833
1988-04-07,0,35.900425,35.520425,72.4358,0.15287504
1988-04-08,0,36.810425,35.770425,72.33721,0.15687498
1988-04-09,0,35.470425,35.987568,74.81066,0.15870835
1988-04-10,0,36.020424,36.16613943,72.79955,0.15770833
1988-04-11,0,35.930424,36.03471057,67.99221,0.15995835
1988-04-12,0,36.380424,36.04613886,70.90968,0.15854165
1988-04-13,0,37.320423,36.26185286,72.58415,0.16000001
1988-04-14,0,35.370426,36.18613871,69.60433,0.17199999
1988-04-15,0,35.100426,35.94185314,75.68182,0.29733333
1988-04-16,0,30.660425,35.25471029,81.23813,0.41645834
1988-04-17,0,28.700424,34.208996,83.429955,0.40674996
1988-04-18,0,30.180426,33.38756771,81.45606,0.37258336
1988-04-19,0,30.790424,32.58899629,81.72886,0.39229167
1988-04-20,0,30.710424,31.64471071,82.6612,0.37691668
1988-04-21,0,29.350426,30.78471071,85.02984,0.39133334
1988-04-22,0,29.940426,30.04756786,83.2976,0.403625
1988-04-23,0,31.850426,30.217568,80.47478,0.38962495
1988-04-24,0,32.220425,30.72042529,76.92571,0.36258328
1988-04-25,0,32.270424,31.01899643,77.97993,0.35212505
1988-04-26,0,31.920425,31.18042514,79.182434,0.33279175
1988-04-27,0,32.350426,31.41471114,80.90913,0.3679166
1988-04-28,0,33.040424,31.94185371,84.699005,0.38858333
1988-04-29,0,28.950424,31.80042486,83.69109,0.39079168
1988-04-30,0,30.580425,31.61899614,81.14108,0.37775
1988-05-01,0,31.550425,31.52328186,76.799324,0.36045834
1988-05-02,0,32.170425,31.50899629,76.97322,0.33699998
1988-05-03,0,31.720425,31.48042486,80.386536,0.31912503
1988-05-04,0,31.160425,31.31042471,81.75533,0.3210834
1988-05-05,0,33.050426,31.31185357,81.53494,0.342
1988-05-06,0,31.450424,31.66899643,78.94517,0.35083333
1988-05-07,0,31.440426,31.79185371,85.69119,0.3876667
1988-05-08,0,31.980427,31.85328257,86.75753,0.40124997
1988-05-09,0,31.730425,31.79042543,81.66105,0.38191673
1988-05-10,0,33.640427,32.06471143,79.880455,0.35279176
1988-05-11,0,33.560425,32.40756857,79.48197,0.33720827
1988-05-12,0,33.020424,32.40328257,80.662834,0.3347917
1988-05-13,0,30.800425,32.31042557,84.9098,0.39554167
1988-05-14,0,31.010426,32.248997,82.12147,0.40791664
1988-05-15,0,30.970425,32.104711,83.383835,0.42100003
1988-05-16,0,29.070425,31.724711,86.83907,0.42708337
1988-05-17,0,31.020426,31.35042514,84.06959,0.42116666
1988-05-18,0,30.710424,30.94328214,83.7472,0.41012505
1988-05-19,0,27.850426,30.204711,91.90572,0.4280417
1988-05-20,0,30.680426,30.18756829,89.32119,0.43237498
1988-05-21,0,31.090425,30.19899671,87.25076,0.42699996
1988-05-22,0,30.120424,30.077568,88.959625,0.41908333
1988-05-23,0,33.410423,30.69756771,82.33988,0.40083337
1988-05-24,0,32.200424,30.86613886,82.27331,0.38045835
1988-05-25,0,33.170425,31.21756757,81.11199,0.37245834
1988-05-26,0,32.910423,31.94042429,81.052574,0.35716662
1988-05-27,0,32.520424,32.20328114,80.12609,0.34770826
1988-05-28,0,32.400425,32.390424,81.981026,0.33825004
1988-05-29,0,31.580425,32.59899557,83.712105,0.3320833
1988-05-30,0,32.110424,32.41328143,86.64655,0.38454166
1988-05-31,0,28.710424,31.91471,85.81699,0.42458332
1988-06-01,0,32.270424,31.78613843,80.31944,0.40254164
1988-06-02,0,33.230427,31.83185329,81.97471,0.41212502
1988-06-03,0,32.690426,31.85613929,81.793365,0.42341664
1988-06-04,0,33.880424,32.06756771,79.11074,0.4087083
1988-06-05,0,33.440426,32.33328214,82.21201,0.40104172
1988-06-06,0,34.500423,32.67471057,79.67565,0.3900833
1988-06-07,0,31.250425,33.03756786,85.03681,0.39499998
1988-06-08,0,31.430426,32.91756814,81.81834,0.41891667
1988-06-09,0,29.220425,32.34471071,83.97843,0.4185833
1988-06-10,0,29.320425,31.863282,87.48123,0.42104164
1988-06-11,0,28.880424,31.14899629,89.84301,0.42591664
1988-06-12,0,27.560425,30.30899614,90.43328,0.43041667
1988-06-13,0,27.030424,29.24185343,91.65916,0.42729163
1988-06-14,0,28.970425,28.91613914,88.777306,0.42999998
1988-06-15,0,29.080425,28.58042471,90.33423,0.42220834
1988-06-16,0,29.540424,28.62613886,89.82511,0.42970836
1988-06-17,0,29.500425,28.65185314,87.44184,0.4207084
1988-06-18,0,30.970425,28.95042471,86.069786,0.4092083
1988-06-19,0,31.210424,29.47185314,83.566025,0.40458333
1988-06-20,0,32.790424,30.29471029,80.24557,0.39258328
1988-06-21,0,31.680426,30.68185329,82.18824,0.38383338
1988-06-22,0,29.130424,30.688996,87.16055,0.38983333
1988-06-23,0,28.950424,30.60471029,91.565765,0.43216667
1988-06-24,0,28.000425,30.39042457,91.871895,0.43229166
1988-06-25,0,30.310425,30.29613886,90.221596,0.42891666
1988-06-26,0,27.990425,29.836139,94.119545,0.42883334
1988-06-27,0,29.010426,29.29613929,86.66541,0.40870836
1989-02-28,0,31.170425,27.90756743,63.26111,0.165125
1989-03-01,0,32.080425,28.96756743,64.13015,0.16316666
1989-03-02,0,32.920425,29.97328186,50.9563,0.15129168
1989-03-03,0,31.420425,30.65328186,46.583866,0.14112504
1989-03-04,0,30.060425,30.98899629,50.40811,0.13929163
1989-03-05,0,31.080425,31.27613914,50.8905,0.14070831
1989-03-06,0,31.650425,31.48328214,49.214718,0.14195834
1989-03-07,0,32.180424,31.62756771,58.127865,0.1424583
1989-03-08,0,32.570423,31.69756743,59.83814,0.14508332
1989-03-09,0,32.770424,31.67613871,59.355244,0.14508337
1989-03-10,0,32.750423,31.86613843,57.960636,0.14274998
1989-03-11,0,30.120424,31.87470971,57.560165,0.14691664
1989-03-12,0,28.590425,31.51899543,61.669388,0.14666665
1989-03-13,0,30.040424,31.28899529,62.27412,0.14608331
1989-03-14,0,31.060425,31.12899543,56.321827,0.14558338
1989-03-15,0,31.620424,30.99328129,56.555683,0.14849998
1989-03-16,0,32.400425,30.94042429,57.492733,0.151875
1989-03-17,0,31.640425,30.78185314,62.303715,0.152875
1989-03-18,0,31.900425,31.036139,57.13669,0.15450001
1989-03-19,0,33.290424,31.70756743,63.434116,0.15641664
1989-03-20,0,34.000423,32.27328157,71.27405,0.15445828
1989-03-21,0,31.600426,32.35042457,74.65217,0.15679166
1989-03-22,0,32.950424,32.54042457,70.28297,0.15358336
1989-03-23,0,35.710426,33.01328186,55.614117,0.14741667
1989-03-24,0,35.760426,33.60185343,57.26669,0.14474998
1989-03-25,0,34.760426,34.010425,48.677155,0.14549999
1989-03-26,0,35.140427,34.27471114,52.57826,0.14666663
1989-03-27,0,36.060425,34.56899714,47.59846,0.14333333
1989-03-28,0,33.960426,34.90614,46.44402,0.14675
1989-03-29,0,28.630424,34.28899714,66.7279,0.15795834
1989-03-30,0,29.710424,33.431854,66.557785,0.157875
1989-03-31,0,31.510426,32.82471114,61.893047,0.15429164
1989-04-01,0,32.640427,32.52185414,69.99208,0.15383328
1989-04-02,0,35.600426,32.58756829,68.50471,0.15195836
1989-04-03,0,35.210426,32.46613986,67.70449,0.14570834
1989-04-04,0,35.030426,32.618997,60.70779,0.13833332
1989-04-05,0,34.970425,33.52471143,54.06854,0.13625
1989-04-06,0,34.530426,34.21328314,45.988834,0.13408332
1989-04-07,0,35.070423,34.72185414,46.248672,0.1309167
1989-04-08,0,36.020424,35.20471086,62.05917,0.13249998
1989-04-09,0,35.780426,35.23042514,65.62255,0.14000002
1989-04-10,0,34.950424,35.193282,68.70639,0.14437503
1989-04-11,0,36.130424,35.35042457,68.42882,0.14804164
1989-04-12,0,36.130424,35.51613871,68.76025,0.1457917
1989-04-13,1,35.130424,35.60185271,64.92818,0.14387502
1989-04-14,0,37.030426,35.88185314,64.49076,0.14420837
1989-04-15,0,37.310425,36.066139,66.38618,0.1453334
1989-04-16,0,37.220425,36.27185314,69.23733,0.15199997
1989-04-17,0,35.090424,36.29185314,68.37949,0.157125
1989-04-18,0,34.960426,36.12471057,70.330376,0.1585417
1989-04-19,0,35.600426,36.04899657,67.76293,0.15612502
1989-04-20,0,36.290424,36.21471086,70.88662,0.15574998
1989-04-21,1,35.870426,36.04899657,71.095215,0.15633331
1989-04-22,0,37.040424,36.010425,71.90699,0.15399998
1989-04-23,0,36.350426,35.88613943,68.2051,0.1474167
1989-04-24,0,37.140427,36.178997,72.08005,0.23170833
1989-04-25,0,35.860424,36.30756814,73.573456,0.31058332
1989-04-26,0,35.690426,36.32042529,74.71921,0.27895832
1989-04-27,0,34.550426,36.07185414,82.7568,0.35837498
1989-04-28,0,30.970425,35.371854,85.12201,0.40600005
1989-04-29,0,28.340425,34.128997,88.33728,0.40725002
1989-04-30,0,30.010426,33.22328271,84.4278,0.4028333
1989-05-01,0,29.910425,32.19042529,83.52213,0.386
1989-05-02,0,32.640427,31.73042571,81.285034,0.39479163
1989-05-03,0,34.530426,31.56471143,81.01212,0.37895837
1989-05-04,0,35.160423,31.65185386,81.00736,0.35754177
1989-05-05,0,34.190426,32.111854,79.021996,0.3329167
1989-05-06,0,34.680424,33.01756814,80.479546,0.31037495
1989-05-07,0,34.550426,33.66613957,79.85456,0.29062495
1989-05-08,0,36.250423,34.57185357,77.60599,0.27187496
1989-05-09,0,35.700424,35.008996,76.47702,0.25358334
1989-05-10,0,34.450424,34.99756714,76.58288,0.24304163
1989-05-11,0,33.080425,34.70042457,76.23086,0.23095839
1989-05-12,0,33.990425,34.671853,73.58095,0.21679164
1989-05-13,0,32.760426,34.39756757,73.655365,0.20820837
1989-05-14,0,32.630424,34.12328157,73.456055,0.20966668
1989-05-15,0,31.830425,33.49185329,84.05955,0.3232917
1989-05-16,0,30.360424,32.72899614,87.01535,0.40699998
1989-05-17,0,28.960424,31.94471043,87.686,0.41249993
1989-05-18,0,32.980427,31.930425,81.47007,0.38333336
1989-05-19,0,34.700424,32.03185343,75.77841,0.3564583
1989-05-20,0,34.230427,32.24185357,80.9221,0.35879168
1989-05-21,0,32.470425,32.21899657,83.25571,0.37641668
1989-05-22,0,32.140427,32.26328257,80.76544,0.35712504
1989-05-23,0,33.740425,32.74613986,81.30145,0.38183334
1989-05-24,0,35.020424,33.61185414,81.74316,0.40537503
1989-05-25,0,33.840424,33.73471086,77.835,0.40979168
1989-05-26,0,31.060425,33.214711,79.95217,0.4045
1989-05-27,0,30.100426,32.62471086,88.30079,0.428125
1989-05-28,0,29.970425,32.267568,89.06226,0.4247917
1989-05-29,0,30.330425,32.00899629,86.53765,0.41266668
1989-05-30,0,31.270426,31.65613929,82.70505,0.4083333
1989-05-31,0,33.240425,31.40185371,80.08775,0.39370835
1989-06-01,0,32.750423,31.24613929,81.27039,0.37204173
1989-06-02,0,32.970425,31.51899643,80.84049,0.37316668
1989-06-03,0,31.670425,31.743282,84.627686,0.39629164
1989-06-04,0,30.170425,31.77185343,84.95917,0.42120835
1989-06-05,0,31.280424,31.90756757,84.636955,0.4179167
1989-06-06,0,33.580425,32.23756743,79.288666,0.38970828
1989-06-07,0,32.420425,32.12042457,83.12296,0.4032917
1989-06-08,0,33.740425,32.26185343,79.70905,0.40216663
1989-06-09,0,33.780426,32.37756786,76.81008,0.37429166
1989-06-10,0,34.080425,32.72185357,80.41359,0.36358336
1989-06-11,0,32.950424,33.11899629,81.1632,0.35929164
1989-06-12,0,32.060425,33.230425,79.58373,0.3692917
1989-06-13,0,29.440426,32.63899657,87.3904,0.40408334
1989-06-14,0,29.290424,32.19185357,88.22199,0.425625
1989-06-15,0,28.960424,31.50899629,92.24423,0.42758334
1989-06-16,0,31.360424,31.16328171,85.788826,0.42225
1989-06-17,0,29.020426,30.44042471,90.033325,0.43058333
1989-06-18,0,33.090424,30.46042471,81.40345,0.41475
1989-06-19,0,32.280426,30.49185343,80.439476,0.41287497
1989-06-20,0,31.210424,30.74471029,81.5792,0.41649997
1989-06-21,0,28.400425,30.61756757,88.22109,0.4225
1989-06-22,0,28.780424,30.59185329,89.0918,0.42254165
1989-06-23,0,32.000423,30.68328171,82.48769,0.41258335
1989-06-24,0,31.810425,31.081853,83.72216,0.40425003
1989-06-25,0,32.050426,30.93328186,83.080696,0.39941666
1989-06-26,0,32.710426,30.99471043,81.89478,0.3900833
1989-06-27,0,31.980427,31.10471086,77.02495,0.37549996
1990-02-28,0,28.130424,26.62042471,75.94127,0.22766666
1990-03-01,0,27.430426,27.14328186,83.83126,0.22962503
1990-03-02,0,26.370424,27.18042471,82.35765,0.26491672
1990-03-03,0,22.770426,26.63756771,81.47204,0.26429173
1990-03-04,0,24.860424,26.18185329,74.926735,0.25099996
1990-03-05,0,27.540424,26.57471043,67.76751,0.23358339
1990-03-06,0,22.320425,25.63185329,82.38031,0.2307083
1990-03-07,0,27.310425,25.51471057,74.00403,0.22250001
1990-03-08,0,28.010426,25.59756771,66.22181,0.20637502
1990-03-09,0,29.190426,26.00042514,61.738632,0.19066669
1990-03-10,0,29.000425,26.890425,66.13076,0.17783332
1990-03-11,0,30.730425,27.72899657,67.473755,0.16995835
1990-03-12,0,25.460424,27.43185371,76.33443,0.17787494
1990-03-13,0,26.730425,28.06185371,77.14587,0.18158333
1990-03-14,0,28.270426,28.19899671,73.2418,0.18345834
1990-03-15,0,29.880424,28.46613929,68.09162,0.17212498
1990-03-16,0,31.220425,28.75613914,61.011414,0.16079168
1990-03-17,0,33.880424,29.45328186,50.524815,0.14875002
1990-03-18,0,34.710426,30.02185343,55.289707,0.14008334
1990-03-19,0,33.420425,31.15899643,59.59053,0.1361667
1990-03-20,0,34.110424,32.213282,72.01781,0.13858335
1990-03-21,0,34.490425,33.10185329,79.03156,0.24433333
1990-03-22,0,34.160423,33.71328171,79.4627,0.30375
1990-03-23,0,32.750423,33.93185286,84.34132,0.35420835
1990-03-24,0,26.130424,32.82471,90.71209,0.41054165
1990-03-25,0,24.210424,31.32470971,87.28979,0.41258332
1990-03-26,0,26.970425,30.40328114,81.54838,0.3831667
1990-03-27,0,27.760426,29.49613857,74.61143,0.36241665
1990-03-28,0,26.860424,28.40613843,80.71631,0.35366666
1990-03-29,0,27.280424,27.42328143,85.65734,0.3472916
1990-03-30,0,29.290424,26.92899586,84.36921,0.345125
1990-03-31,0,30.690426,27.58042471,79.76563,0.32462505
1990-04-01,0,26.820425,27.953282,85.27881,0.38125
1990-04-02,0,30.570425,28.46756771,74.526054,0.35662505
1990-04-03,0,29.860424,28.76756743,81.21187,0.36750004
1990-04-04,0,25.010426,28.503282,82.38635,0.4054167
1990-04-05,0,26.820425,28.43756786,76.30649,0.37274995
1990-04-06,0,28.640425,28.34471086,77.676994,0.35379162
1990-04-07,0,28.570425,28.04185357,80.933556,0.38570833
1990-04-08,0,29.150425,28.37471071,86.86691,0.4201666
1990-04-09,0,33.610424,28.80899629,81.19345,0.39433327
1990-04-10,0,33.920425,29.38899643,72.75366,0.3640417
1990-04-11,0,33.090424,30.54328186,79.44302,0.3413334
1990-04-12,0,33.050426,31.433282,80.09968,0.32354167
1990-04-13,0,32.970425,32.05185343,80.474174,0.30733335
1990-04-14,0,33.610424,32.77185329,80.53086,0.299125
1990-04-15,0,33.760426,33.43042486,77.691414,0.28762498
1990-04-16,0,33.290424,33.38471057,78.31376,0.27812508
1990-04-17,0,32.690426,33.20899643,76.371635,0.26695833
1990-04-18,0,33.940426,33.33042529,76.07279,0.25691667
1990-04-19,0,31.300425,33.08042514,75.61128,0.24545836
1990-04-20,0,33.190426,33.11185386,79.139206,0.24575002
1990-04-21,0,33.460426,33.09042557,79.23707,0.2430833
1990-04-22,0,33.960426,33.118997,78.11814,0.22979166
1990-04-23,0,33.480427,33.14614029,76.66566,0.22158329
1990-04-24,0,34.470425,33.40042586,77.45553,0.21558334
1990-04-25,0,33.040424,33.27185414,76.06678,0.23895834
1990-04-26,0,30.860424,33.20899686,81.958374,0.32041666
1990-04-27,0,33.860424,33.30471086,75.2137,0.34891665
1990-04-28,0,32.700424,33.19613914,81.47433,0.36383334
1990-04-29,0,30.620424,32.718996,83.794426,0.41408336
1990-04-30,0,32.730427,32.61185314,77.964134,0.3970417
1990-05-01,0,30.620424,32.061853,80.6604,0.39850006
1990-05-02,0,33.100426,32.07042471,77.78918,0.36837497
1990-05-03,0,32.150425,32.25471057,81.58776,0.36779168
1990-05-04,0,31.440426,31.90899657,81.967094,0.37962505
1990-05-05,0,32.170425,31.83328243,77.34107,0.34954166
1990-05-06,0,33.860424,32.29613957,76.12315,0.3361667
1990-05-07,0,32.770424,32.30185343,77.67633,0.35674998
1990-05-08,0,32.990425,32.640425,73.59626,0.32937503
1990-05-09,0,32.730427,32.587568,81.92534,0.380375
1990-05-10,0,33.180424,32.73471071,81.82895,0.38729164
1990-05-11,0,33.260426,32.99471071,81.38755,0.39879164
1990-05-12,0,33.470425,33.180425,81.79935,0.39508334
1990-05-13,0,31.910423,32.90185343,87.04337,0.411875
1990-05-14,0,27.460424,32.143282,91.17928,0.4334166
1990-05-15,0,24.930426,30.99185357,89.46398,0.43662497
1990-05-16,0,31.170425,30.76899614,79.23468,0.40025005
1990-05-17,0,33.980427,30.88328229,74.54268,0.37524995
1990-05-18,0,33.370426,30.89899657,77.656166,0.35345837
1990-05-19,0,32.570423,30.77042486,81.206665,0.35154167
1990-05-20,0,31.200424,30.66899643,86.420296,0.4134167
1990-05-21,0,33.200424,31.48899643,80.67817,0.40299997
1990-05-22,0,33.620426,32.730425,82.598236,0.39775002
1990-05-23,0,33.860424,33.11471057,79.61194,0.4019167
1990-05-24,0,34.270424,33.15613871,81.29777,0.40404165
1990-05-25,0,31.580425,32.90042429,86.41839,0.422375
1990-05-26,0,32.050426,32.826139,82.77987,0.4256667
1990-05-27,0,31.370424,32.85042471,85.742424,0.42725003
1990-05-28,0,29.900425,32.37899629,90.3078,0.43108332
1990-05-29,0,28.760426,31.68471057,88.929565,0.4263333
1990-05-30,0,32.710426,31.52042514,81.07206,0.41662502
1990-05-31,0,32.300426,31.23899686,86.331085,0.42316663
1990-06-01,0,29.240425,30.90471114,90.731514,0.42695832
1990-06-02,0,32.090424,30.91042514,86.79553,0.4230833
1990-06-03,0,32.600426,31.08613971,84.73774,0.42466664
1990-06-04,0,33.110424,31.544711,82.68308,0.41070834
1990-06-05,0,32.210426,32.03756814,87.63269,0.42004165
1990-06-06,0,31.060425,31.80185371,85.65693,0.41370833
1990-06-07,0,33.770424,32.01185343,82.28467,0.40645838
1990-06-08,0,32.480427,32.47471086,84.897896,0.39604172
1990-06-09,0,30.760426,32.28471114,86.179085,0.4061667
1990-06-10,0,32.480427,32.26756843,84.96096,0.41379166
1990-06-11,0,33.500423,32.32328257,79.274765,0.3989583
1990-06-12,0,33.420425,32.49613957,82.299614,0.38670826
1990-06-13,0,31.870424,32.61185371,81.90206,0.40295836
1990-06-14,0,30.000425,32.07328243,84.73359,0.41404167
1990-06-15,0,31.320425,31.90756786,82.505684,0.41187504
1990-06-16,0,32.730427,32.18899657,83.01183,0.40533337
1990-06-17,0,32.580425,32.203282,84.86384,0.41091678
1990-06-18,0,31.700424,31.94613929,82.39714,0.4033333
1990-06-19,0,31.280424,31.64042486,84.856285,0.41175005
1990-06-20,0,31.240425,31.550425,86.08277,0.4177083
1990-06-21,0,31.170425,31.71756786,85.05263,0.41379166
1990-06-22,0,30.540424,31.60613914,86.84772,0.41687492
1990-06-23,0,32.100426,31.516139,86.87899,0.4235833
1990-06-24,0,30.720425,31.25042471,89.55466,0.42295834
1990-06-25,0,31.710424,31.25185329,82.56303,0.411875
1990-06-26,0,31.200424,31.24042471,85.01774,0.41641665
1990-06-27,0,30.230425,31.096139,85.63134,0.40741667
1991-02-28,0,30.060425,31.10471043,74.85624,0.20516665
1991-03-01,0,27.080425,30.60185314,82.72105,0.27112505
1991-03-02,0,29.140425,30.31613886,82.13886,0.261125
1991-03-03,0,29.480425,29.99899614,75.88563,0.23974998
1991-03-04,0,30.670425,29.69899629,71.49945,0.22020833
1991-03-05,0,31.440426,29.55899643,69.89677,0.20441665
1991-03-06,0,30.200424,29.72471071,67.253555,0.18666665
1991-03-07,0,29.650425,29.66613929,59.94943,0.17283337
1991-03-08,0,31.390425,30.28185357,59.394695,0.16345838
1991-03-09,0,31.650425,30.640425,65.34099,0.15595831
1991-03-10,0,32.840424,31.12042486,71.46424,0.15037502
1991-03-11,0,33.630424,31.54328186,69.85973,0.15141667
1991-03-12,0,32.610424,31.71042443,73.34647,0.154875
1991-03-13,0,32.860424,32.09042443,78.19995,0.17650007
1991-03-14,0,32.370426,32.478996,73.81905,0.1879583
1991-03-15,0,32.510426,32.63899614,73.24379,0.17920838
1991-03-16,0,33.220425,32.86328186,69.52323,0.16691662
1991-03-17,1,35.190426,33.19899643,62.857212,0.15929163
1991-03-18,0,36.610424,33.62471071,61.223145,0.15220833
1991-03-19,0,36.300426,34.15185386,59.520382,0.15037498
1991-03-20,0,36.420425,34.66042543,62.413807,0.15141664
1991-03-21,0,35.820423,35.15328214,66.913704,0.14929168
1991-03-22,0,35.760426,35.61756786,57.35734,0.15366662
1991-03-23,0,33.070423,35.596139,60.764126,0.15629163
1991-03-24,0,29.560425,34.79185314,66.96436,0.16670834
1991-03-25,0,30.310425,33.89185329,69.354614,0.20766664
1991-03-26,0,32.170425,33.30185314,60.710907,0.18449998
1991-03-27,0,32.770424,32.78042443,60.693493,0.17070836
1991-03-28,0,34.620426,32.60899629,63.951603,0.1609583
1991-03-29,0,35.800426,32.61471057,73.122795,0.17008334
1991-03-30,0,33.240425,32.63899657,79.48431,0.22204165
1991-03-31,0,31.310425,32.88899657,81.71725,0.24000001
1991-04-01,0,31.620424,33.07613929,80.47045,0.2959583
1991-04-02,0,33.830425,33.31328214,80.15394,0.34775004
1991-04-03,0,33.850426,33.46756814,80.93545,0.36395833
1991-04-04,0,32.000423,33.093282,84.175705,0.37750003
1991-04-05,0,31.410425,32.466139,82.154724,0.36620834
1991-04-06,0,29.130424,31.878996,89.75764,0.39120832
1991-04-07,0,26.960424,31.25756729,87.63605,0.38329163
1991-04-08,0,31.050425,31.17613886,79.78495,0.3564166
1991-04-09,0,30.000425,30.628996,83.39786,0.36541665
1991-04-10,0,30.250425,30.11471014,82.71975,0.38070834
1991-04-11,0,30.630424,29.918996,75.35633,0.34541658
1991-04-12,0,31.790424,29.97328157,73.26529,0.31858325
1991-04-13,0,32.530426,30.45899614,71.50675,0.29604164
1991-04-14,0,33.590424,31.406139,75.78609,0.27595833
1991-04-15,0,34.930424,31.96042457,75.6652,0.27358335
1991-04-16,0,35.000423,32.67471,74.59287,0.26937506
1991-04-17,0,33.840424,33.187567,65.91987,0.24154161
1991-04-18,0,34.870426,33.79328157,66.33619,0.21595836
1991-04-19,0,35.650425,34.34471029,62.20511,0.19529164
1991-04-20,0,35.050426,34.70471029,71.160576,0.18012498
1991-04-21,0,35.490425,34.976139,69.71389,0.17162502
1991-04-22,0,33.710426,34.80185357,72.68686,0.16995837
1991-04-23,0,35.170425,34.82613957,71.37693,0.17229168
1991-04-24,0,34.960426,34.98613986,74.75982,0.18341668
1991-04-25,0,34.290424,34.90328243,77.063774,0.20400001
1991-04-26,0,35.060425,34.81899671,68.75075,0.19133335
1991-04-27,0,34.780426,34.78042529,70.79041,0.1757917
1991-04-28,0,30.750425,34.10328243,72.02773,0.17350005
1991-04-29,0,28.040424,33.29328214,79.35815,0.24966668
1991-04-30,0,30.850426,32.67613943,76.176796,0.35804167
1991-05-01,0,32.120426,32.27042514,83.1236,0.32116663
1991-05-02,0,32.620426,32.031854,80.651794,0.33650002
1991-05-03,0,29.370424,31.21899671,90.92046,0.41404167
1991-05-04,0,33.030426,30.96899671,84.5156,0.41283333
1991-05-05,0,29.830425,30.83756814,88.42956,0.42437497
1991-05-06,0,28.820425,30.94899686,85.895226,0.4042084
1991-05-07,0,32.180424,31.13899657,82.792625,0.3835417
1991-05-08,0,32.610424,31.20899629,82.21304,0.37350002
1991-05-09,0,31.990425,31.11899614,84.339485,0.37125
1991-05-10,0,31.300425,31.39471057,85.356544,0.36029163
1991-05-11,0,31.480425,31.17328186,86.46093,0.38345835
1991-05-12,0,31.390425,31.396139,84.14068,0.39349994
1991-05-13,0,32.000423,31.85042443,83.2645,0.39504173
1991-05-14,0,32.350426,31.87471043,85.38891,0.41704166
1991-05-15,0,31.120424,31.66185329,83.759705,0.41845834
1991-05-16,0,30.540424,31.45471029,85.98913,0.42004165
1991-05-17,0,31.260426,31.44899614,88.15592,0.42379165
1991-05-18,0,27.900425,30.93756757,89.82012,0.42058337
1991-05-19,0,29.710424,30.69756743,83.96888,0.41716662
1991-05-20,0,30.480425,30.48042486,85.06053,0.42483333
1991-05-21,0,28.210424,29.888996,87.98875,0.42733327
1991-05-22,0,31.700424,29.97185314,90.14153,0.425625
1991-05-23,0,33.540424,30.40042457,81.91126,0.4145417
1991-05-24,0,30.400425,30.27756729,83.03442,0.41295838
1991-05-25,0,31.730425,30.82471014,86.75925,0.43029165
1991-05-26,0,29.120424,30.74042443,90.59087,0.434625
1991-05-27,0,28.840425,30.50613871,88.17544,0.43279168
1991-05-28,0,27.160425,30.35613886,90.52009,0.42799997
1991-05-29,0,31.670425,30.35185329,85.321785,0.42225
1991-05-30,0,32.760426,30.240425,82.00706,0.41283333
1991-05-31,0,32.600426,30.55471086,80.47158,0.4092084
1991-06-01,0,28.980425,30.16185371,88.59259,0.43058333
1991-06-02,0,28.790424,30.11471086,88.933075,0.42295834
1991-06-03,0,31.730425,30.527568,86.34622,0.41616663
1991-06-04,0,32.660423,31.313282,82.83248,0.40470836
1991-06-05,0,31.410425,31.27613914,88.931816,0.4102917
1991-06-06,0,29.910425,30.86899614,90.03641,0.41933337
1991-06-07,0,27.850426,30.19042471,92.09641,0.4289167
1991-06-08,0,32.330425,30.66899614,83.72658,0.402375
1991-06-09,0,30.050425,30.84899629,88.767395,0.41925
1991-06-10,0,30.050425,30.60899629,88.38834,0.42912504
1991-06-11,0,28.290424,29.98471071,92.610115,0.432
1991-06-12,0,29.760426,29.74899657,91.47058,0.42733338
1991-06-13,0,31.290424,29.94613929,86.38422,0.4227083
1991-06-14,0,29.530424,30.186139,88.38654,0.41937503
1991-06-15,0,30.750425,29.96042471,88.811485,0.427375
1991-06-16,0,31.550425,30.17471043,90.05262,0.42420837
1991-06-17,0,31.230425,30.34328186,88.801025,0.4265
1991-06-18,0,28.420425,30.36185343,91.84852,0.41320834
1991-06-19,0,30.510426,30.46899629,86.26299,0.40929165
1991-06-20,0,32.820423,30.68756757,84.05288,0.41075
1991-06-21,0,32.570423,31.12185314,83.28545,0.40712497
1991-06-22,0,33.530426,31.51899614,83.80189,0.40074995
1991-06-23,0,32.320423,31.62899586,87.43463,0.4265833
1991-06-24,0,31.000425,31.59613871,86.09588,0.409875
1991-06-25,0,31.900425,32.09328157,86.47709,0.42158332
1991-06-26,0,31.460424,32.22899557,85.47286,0.42316672
1991-06-27,0,32.280426,32.15185314,84.5192,0.41954163
1992-02-29,0,27.140425,25.45613929,82.8256,0.26241666
1992-03-01,0,29.440426,26.08328229,81.653015,0.24841665
1992-03-02,0,29.880424,26.68471071,70.372665,0.22937502
1992-03-03,0,28.560425,27.18185357,59.565266,0.20950001
1992-03-04,0,28.700424,27.59471057,62.959835,0.19170834
1992-03-05,0,30.020426,28.20899643,55.865086,0.17591669
1992-03-06,0,32.060425,29.400425,62.995106,0.16724999
1992-03-07,0,31.350426,30.00185371,63.917164,0.16070835
1992-03-08,0,29.510426,30.01185371,58.6987,0.155875
1992-03-09,0,30.880424,30.15471086,59.92072,0.15233336
1992-03-10,0,31.150425,30.52471086,66.65979,0.15045834
1992-03-11,0,31.010426,30.85471114,63.756683,0.14799997
1992-03-12,0,31.960426,31.131854,70.34888,0.15245833
1992-03-13,0,32.560425,31.20328257,73.56354,0.15699999
1992-03-14,0,33.690426,31.53756829,60.82308,0.15245833
1992-03-15,0,34.260426,32.21613971,66.96479,0.16229169
1992-03-16,0,30.070425,32.10042557,52.783752,0.16137503
1992-03-17,0,31.650425,32.17185414,66.84455,0.15216666
1992-03-18,0,31.690426,32.268997,72.29587,0.15220837
1992-03-19,0,32.820423,32.39185371,76.71233,0.17345838
1992-03-20,0,32.170425,32.33613943,72.878456,0.19879167
1992-03-21,0,31.800425,32.06613929,72.025734,0.18883334
1992-03-22,0,32.490425,31.813282,73.83831,0.18249999
1992-03-23,0,34.390427,32.43042514,67.09545,0.17554164
1992-03-24,0,35.310425,32.95328229,69.5059,0.17120832
1992-03-25,0,35.430424,33.48756771,59.690144,0.16508336
1992-03-26,0,34.440426,33.71899671,53.848343,0.16108337
1992-03-27,0,35.190426,34.15042543,51.70223,0.15737498
1992-03-28,0,34.530426,34.54042557,57.10678,0.15220831
1992-03-29,0,35.450424,34.96328257,50.442524,0.152375
1992-03-30,0,35.330425,35.097568,59.881878,0.15525
1992-03-31,0,34.210426,34.94042529,59.081036,0.15133332
1992-04-01,0,34.460426,34.80185414,52.426113,0.14720835
1992-04-02,0,34.370426,34.79185414,50.894928,0.14541672
1992-04-03,0,35.770424,34.874711,64.53205,0.14629166
1992-04-04,0,36.240425,35.11899657,58.599243,0.14599998
1992-04-05,0,35.410423,35.11328214,72.75562,0.15249996
1992-04-06,0,35.170425,35.090425,69.93105,0.15679169
1992-04-07,0,36.010426,35.34756786,70.468956,0.15895836
1992-04-08,1,35.850426,35.54613929,69.517815,0.15654163
1992-04-09,1,36.410423,35.83756743,68.908745,0.1515
1992-04-10,1,36.820423,35.98756729,69.479836,0.15029165
1992-04-11,1,36.600426,36.038996,67.07328,0.15262501
1992-04-12,1,37.560425,36.34613914,68.45954,0.158625
1992-04-13,0,37.250423,36.64328171,71.5873,0.160125
1992-04-14,0,37.970425,36.92328157,69.37073,0.16412501
1992-04-15,0,36.540424,37.02185271,69.18258,0.16537501
1992-04-16,1,35.300426,36.86328171,68.970665,0.17199999
1992-04-17,1,37.670425,36.98471057,70.76423,0.16762501
1992-04-18,1,36.280426,36.93899629,73.71153,0.1652083
1992-04-19,1,36.580425,36.79899629,70.12181,0.16533335
1992-04-20,1,37.050426,36.77042529,67.73649,0.16495836
1992-04-21,0,36.780426,36.60042543,70.01508,0.16079165
1992-04-22,0,36.590424,36.60756829,68.563385,0.15454166
1992-04-23,0,36.810425,36.82328243,68.318085,0.15733333
1992-04-24,0,35.590424,36.52613943,69.18363,0.15787497
1992-04-25,0,36.970425,36.62471071,62.602543,0.16179168
1992-04-26,0,36.490425,36.61185357,65.48082,0.16737501
1992-04-27,0,33.800426,36.14756786,62.487606,0.16045833
1992-04-28,0,32.540424,35.54185329,68.30198,0.16791667
1992-04-29,0,33.900425,35.15756771,67.606964,0.17641665
1992-04-30,0,33.560425,34.693282,68.51452,0.17841668
1992-05-01,0,35.150425,34.630425,71.27761,0.18145834
1992-05-02,0,27.880424,33.33185343,84.56194,0.37175
1992-05-03,0,27.490425,32.04613914,84.975716,0.38104165
1992-05-04,0,30.360424,31.55471029,85.177925,0.3735417
1992-05-05,0,29.710424,31.15042457,86.06406,0.39141667
1992-05-06,0,32.140427,30.89899629,79.98208,0.3611667
1992-05-07,0,33.960426,30.95613929,76.38915,0.33004168
1992-05-08,0,35.780426,31.04613943,76.833954,0.3031667
1992-05-09,0,34.020424,31.92328229,78.419395,0.28154165
1992-05-10,0,34.150425,32.87471086,76.09727,0.26112506
1992-05-11,0,34.830425,33.51328243,74.035255,0.24270831
1992-05-12,0,34.250423,34.16185371,75.53358,0.22645836
1992-05-13,0,35.450424,34.63471043,69.72112,0.2090417
1992-05-14,0,35.140427,34.803282,70.23535,0.19475
1992-05-15,0,34.740425,34.65471043,73.00332,0.19754164
1992-05-16,0,35.400425,34.85185343,67.63952,0.20029165
1992-05-17,0,34.510426,34.90328214,68.547455,0.19408333
1992-05-18,0,34.270424,34.823282,75.48594,0.22179168
1992-05-19,0,34.530426,34.86328243,72.01524,0.26849994
1992-05-20,0,34.940426,34.79042557,73.973625,0.30558333
1992-05-21,0,31.520426,34.27328257,81.13259,0.3897917
1992-05-22,0,30.470425,33.66328257,80.78568,0.39387503
1992-05-23,0,29.230425,32.781854,82.399055,0.40937498
1992-05-24,0,31.170425,32.304711,79.31252,0.38062498
1992-05-25,0,30.620424,31.78328243,83.24026,0.39979163
1992-05-26,0,28.270426,30.88899671,87.28275,0.42666665
1992-05-27,0,27.870424,29.87899643,87.727776,0.42037502
1992-05-28,0,30.890425,29.78899629,84.003174,0.39754167
1992-05-29,0,31.960426,30.00185357,82.197075,0.38470832
1992-05-30,0,32.970425,30.53613929,83.222176,0.38791665
1992-05-31,0,35.170425,31.10756786,79.1928,0.36629173
1992-06-01,0,34.780426,31.70185386,78.57311,0.34145835
1992-06-02,0,36.650425,32.89899657,78.67957,0.3233751
1992-06-03,0,34.900425,33.90328243,77.57827,0.30529165
1992-06-04,0,34.670425,34.44328243,75.60485,0.28612506
1992-06-05,0,35.030426,34.88185386,74.61194,0.26512492
1992-06-06,0,35.200424,35.20042514,71.90764,0.24545832
1992-06-07,0,33.410423,34.94899629,75.82018,0.2329167
1992-06-08,0,31.710424,34.51042457,79.19479,0.27941668
1992-06-09,0,32.260426,33.88328186,82.10953,0.38770834
1992-06-10,0,31.390425,33.38185329,83.36746,0.41408333
1992-06-11,0,33.980427,33.28328214,79.32279,0.396625
1992-06-12,0,31.520426,32.78185357,85.1186,0.40599993
1992-06-13,0,31.020426,32.184711,87.22788,0.426625
1992-06-14,0,34.250423,32.304711,80.59472,0.4162917
1992-06-15,0,33.980427,32.62899714,80.506874,0.39516667
1992-06-16,0,32.430424,32.65328257,80.21659,0.39145836
1992-06-17,0,33.820423,33.00042514,79.2984,0.40358338
1992-06-18,0,31.280424,32.61471043,81.595695,0.40158334
1992-06-19,0,31.470425,32.60756743,84.94243,0.39925003
1992-06-20,0,32.800426,32.86185314,82.33561,0.40425
1992-06-21,0,31.440426,32.460425,83.50448,0.40124997
1992-06-22,0,32.210426,32.20756771,82.139145,0.38533333
1992-06-23,0,29.210424,31.74756771,89.18152,0.40904164
1992-06-24,0,30.410425,31.26042514,89.35178,0.42204165
1992-06-25,0,29.780424,31.04613943,90.0608,0.42479166
1992-06-26,0,32.200424,31.150425,87.42245,0.4218334
1992-06-27,0,28.580425,30.54756771,91.019135,0.4326667
1993-02-28,0,28.640425,25.94471071,72.951324,0.26362506
1993-03-01,0,28.830425,26.83328229,72.985016,0.25279167
1993-03-02,0,29.050425,27.480425,69.65451,0.24254163
1993-03-03,0,29.750425,28.19756786,63.95769,0.22845836
1993-03-04,0,29.600426,28.60328214,68.42417,0.21329169
1993-03-05,0,29.900425,29.02185357,64.6192,0.2015416
1993-03-06,0,29.770426,29.36328243,61.795376,0.19437493
1993-03-07,0,29.870424,29.53899657,56.757736,0.18712497
1993-03-08,0,29.950424,29.69899643,59.307022,0.18104166
1993-03-09,0,31.370424,30.03042486,65.53606,0.17479168
1993-03-10,0,32.210426,30.38185357,65.78359,0.17175
1993-03-11,0,32.840424,30.84471043,63.747467,0.17154169
1993-03-12,0,33.290424,31.328996,65.16908,0.176875
1993-03-13,0,33.130424,31.80899571,60.00671,0.17637499
1993-03-14,0,33.170425,32.28042443,72.72561,0.16745836
1993-03-15,0,33.860424,32.83899586,69.2413,0.16133334
1993-03-16,0,33.710426,33.17328186,60.84134,0.15791668
1993-03-17,0,30.320425,32.90328171,42.534725,0.15375
1993-03-18,0,31.320425,32.686139,48.13065,0.14983334
1993-03-19,0,32.560425,32.58185343,52.26016,0.14774998
1993-03-20,0,28.640425,31.940425,79.52405,0.1822917
1993-03-21,0,27.420425,31.11899643,78.50856,0.18883334
1993-03-22,0,28.020426,30.284711,85.065056,0.290625
1993-03-23,0,27.210424,29.35613929,87.44305,0.40466675
1993-03-24,0,26.250425,28.77471071,88.943214,0.4119167
1993-03-25,0,23.470425,27.65328214,89.41973,0.39054167
1993-03-26,0,24.080425,26.44185357,90.640236,0.4316667
1993-03-27,0,28.180426,26.37613943,82.18114,0.403375
1993-03-28,0,28.740425,26.56471086,62.693863,0.3725417
1993-03-29,0,28.720425,26.66471071,67.3575,0.35049996
1993-03-30,0,30.080425,27.07471086,65.14338,0.3300416
1993-03-31,0,31.060425,27.76185371,69.473564,0.31154168
1993-04-01,0,32.120426,28.99756814,73.131874,0.29533333
1993-04-02,0,31.860424,30.10899657,77.12774,0.2819166
1993-04-03,0,34.170425,30.96471071,73.55244,0.26733336
1993-04-04,0,33.340424,31.62185343,63.82433,0.25016662
1993-04-05,0,33.410423,32.29185314,58.855198,0.23266672
1993-04-06,0,34.700424,32.951853,65.78067,0.21649994
1993-04-07,0,34.050426,33.378996,68.30383,0.20375001
1993-04-08,0,33.510426,33.57756743,71.64038,0.202125
1993-04-09,0,31.250425,33.49042471,71.24282,0.21645826
1993-04-10,0,29.850426,32.873282,82.82076,0.26420835
1993-04-11,0,30.710424,32.49756771,84.42803,0.31937498
1993-04-12,0,29.490425,31.937568,81.96729,0.38691676
1993-04-13,0,29.220425,31.154711,81.095695,0.37649998
1993-04-14,0,29.840425,30.55328229,79.739944,0.35787502
1993-04-15,0,29.680426,30.00613943,84.53036,0.35845837
1993-04-16,0,29.940426,29.81899671,84.290215,0.37308332
1993-04-17,0,34.040424,30.41756786,77.15829,0.34204173
1993-04-18,0,32.520424,30.67613929,80.57006,0.31933334
1993-04-19,0,33.240425,31.21185357,82.1528,0.30875
1993-04-20,0,33.290424,31.793282,76.06307,0.311875
1993-04-21,0,32.460426,32.16756786,75.36683,0.29945835
1993-04-22,0,32.240425,32.533282,71.18192,0.28254163
1993-04-23,0,30.770426,32.65185343,84.5077,0.39404163
1993-04-24,0,32.180424,32.38613914,82.8512,0.410875
1993-04-25,0,31.030424,32.173282,81.606384,0.40941668
1993-04-26,0,31.610424,31.94042471,81.49656,0.41054165
1993-04-27,0,29.570425,31.40899629,86.854645,0.42312503
1993-04-28,0,30.950424,31.19328171,84.58966,0.42374995
1993-04-29,0,29.110424,30.74613871,85.5397,0.42658338
1993-04-30,0,27.660425,30.30185286,88.264595,0.42099997
1993-05-01,0,24.990425,29.27471014,93.5655,0.428375
1993-05-02,0,29.220425,29.01613886,89.018105,0.42112502
1993-05-03,0,29.250425,28.67899614,89.71732,0.4256667
1993-05-04,0,31.830425,29.00185329,84.54221,0.40891662
1993-05-05,0,31.120424,29.026139,82.58058,0.38620827
1993-05-06,0,30.770426,29.26328214,86.80898,0.4054583
1993-05-07,0,25.130424,28.90185343,92.650764,0.4275417
1993-05-08,0,27.610424,29.276139,89.78246,0.41816673
1993-05-09,0,31.730425,29.63471043,82.62368,0.41583335
1993-05-10,0,30.910425,29.87185329,84.52798,0.425125
1993-05-11,0,26.680426,29.13613914,88.912834,0.41916668
1993-05-12,0,33.650425,29.49756786,82.74232,0.40545833
1993-05-13,0,32.020424,29.676139,84.381676,0.41329172
1993-05-14,0,31.510426,30.58756786,83.182655,0.420625
1993-05-15,0,32.530426,31.29042529,81.84591,0.4188333
1993-05-16,0,27.930426,30.74756829,88.24279,0.42579162
1993-05-17,0,30.910425,30.74756829,85.93874,0.4265
1993-05-18,0,27.050425,30.80042529,87.39274,0.425375
1993-05-19,0,30.070425,30.28899671,85.38731,0.4195417
1993-05-20,0,30.270426,30.038997,85.49484,0.41579163
1993-05-21,0,32.810425,30.22471114,74.88674,0.40179172
1993-05-22,0,33.020424,30.29471086,79.95544,0.3778751
1993-05-23,0,33.610424,31.10613914,80.622574,0.36749992
1993-05-24,0,32.870426,31.38613929,78.114334,0.34929165
1993-05-25,0,33.990425,32.37756786,81.305016,0.36641666
1993-05-26,0,33.200424,32.82471057,81.83853,0.38387498
1993-05-27,0,30.340425,32.83471043,85.08033,0.39516667
1993-05-28,0,29.090425,32.30328186,88.55396,0.41237497
1993-05-29,0,31.570425,32.09613914,83.81272,0.41970837
1993-05-30,0,29.800425,31.55185357,86.6383,0.42087498
1993-05-31,0,32.930424,31.56042471,82.40447,0.41945836
1993-06-01,0,27.840425,30.68185329,88.216225,0.41325006
1993-06-02,0,31.960426,30.50471071,85.73425,0.41641667
1993-06-03,0,32.300426,30.78471086,86.68479,0.4222084
1993-06-04,0,33.050426,31.35042529,83.74673,0.4069583
1993-06-05,0,33.870426,31.67899686,80.9588,0.40637502
1993-06-06,0,33.510426,32.208997,79.34897,0.3947501
1993-06-07,0,32.400425,32.13328286,83.29461,0.4184167
1993-06-08,0,31.630424,32.67471129,87.18098,0.4204167
1993-06-09,0,33.180424,32.84899671,83.78568,0.41804168
1993-06-10,0,32.550426,32.884711,82.34344,0.41720828
1993-06-11,0,31.660425,32.68613943,83.290016,0.419625
1993-06-12,0,29.400425,32.04756786,90.17779,0.43362498
1993-06-13,0,31.640425,31.78042486,83.100204,0.40225002
1993-06-14,0,33.040424,31.87185329,78.92804,0.38079163
1993-06-15,0,31.890425,31.90899629,84.647575,0.39683333
1993-06-16,0,30.040424,31.46042486,87.977776,0.420125
1993-06-17,0,29.330425,31.00042471,87.264465,0.4220833
1993-06-18,0,25.820425,30.166139,95.00622,0.43725
1993-06-19,0,29.490425,30.17899614,92.440865,0.4309584
1993-06-20,0,30.440426,30.00756771,89.721924,0.4202083
1993-06-21,0,32.280426,29.89899657,86.16076,0.4202917
1993-06-22,0,28.670425,29.43899657,90.97324,0.42416668
1993-06-23,0,30.350426,29.48328257,86.50458,0.40991667
1993-06-24,0,31.980427,29.86185429,82.31452,0.40016666
1993-06-25,0,29.040424,30.32185414,90.39319,0.4198333
1993-06-26,0,30.990425,30.53613986,86.383125,0.4201667
1993-06-27,0,32.310425,30.80328257,82.37905,0.40512505
1994-02-28,0,29.350426,25.841854,67.489235,0.21354169
1994-03-01,0,29.170425,26.831854,67.641,0.20187493
1994-03-02,0,29.020426,27.39756843,62.430973,0.19112502
1994-03-03,0,28.010426,27.86328286,63.847153,0.18170832
1994-03-04,0,29.410425,28.46756843,65.61203,0.17379166
1994-03-05,0,31.360424,29.15471114,66.350685,0.17191671
1994-03-06,0,32.410423,29.81899643,67.90714,0.17295837
1994-03-07,0,30.740425,30.01756771,66.57037,0.17308335
1994-03-08,0,30.280424,30.176139,59.264324,0.16579165
1994-03-09,0,30.610424,30.40328157,55.82535,0.16379164
1994-03-10,0,30.440426,30.75042443,55.3205,0.16366665
1994-03-11,0,31.960426,31.11471029,58.603397,0.156875
1994-03-12,0,32.310425,31.25042471,57.111668,0.15304165
1994-03-13,0,33.400425,31.39185357,72.36875,0.16170833
1994-03-14,0,32.430424,31.633282,81.15943,0.2415
1994-03-15,0,31.900425,31.86471071,85.0164,0.32562497
1994-03-16,0,33.620426,32.294711,72.983086,0.310375
1994-03-17,0,34.360424,32.85471071,73.91997,0.27158335
1994-03-18,0,35.290424,33.33042471,72.33309,0.2398333
1994-03-19,0,32.580425,33.36899614,74.7862,0.22058333
1994-03-20,0,34.810425,33.57042471,70.38387,0.20658332
1994-03-21,0,35.320423,33.98328171,70.56846,0.19408333
1994-03-22,0,34.650425,34.37613886,69.56367,0.18345833
1994-03-23,0,32.420425,34.20471014,73.83173,0.18441667
1994-03-24,0,32.370426,33.92042471,71.33141,0.18312497
1994-03-25,0,32.690426,33.54899643,74.37954,0.1905417
1994-03-26,0,31.740425,33.42899643,82.15026,0.33350003
1994-03-27,0,25.680426,32.12471086,89.97012,0.4259583
1994-03-28,0,28.060425,31.08756829,88.510735,0.41083336
1994-03-29,0,27.730425,30.09899686,88.4968,0.4212083
1994-03-30,0,28.200424,29.49613957,88.41348,0.40170833
1994-03-31,0,28.570425,28.95328229,88.736565,0.40266672
1994-04-01,0,25.140425,27.87471071,89.42806,0.4172083
1994-04-02,0,27.100426,27.21185371,85.65211,0.4192917
1994-04-03,0,28.160425,27.56613929,80.468636,0.41937497
1994-04-04,0,28.330425,27.60471071,83.138084,0.40750003
1994-04-05,0,30.590425,28.01328214,78.159615,0.38179168
1994-04-06,0,32.020424,28.55899643,83.94645,0.38395834
1994-04-07,0,33.800426,29.30613943,79.319244,0.36483344
1994-04-08,0,33.480427,30.49756829,76.16198,0.3431666
1994-04-09,0,33.630424,31.43042514,69.25385,0.32387504
1994-04-10,0,33.940426,32.25613957,64.214775,0.30600002
1994-04-11,0,34.070423,33.07613929,60.76884,0.28675005
1994-04-12,0,33.760426,33.52899657,64.326485,0.2732083
1994-04-13,0,33.920425,33.80042529,64.70628,0.26041666
1994-04-14,0,33.670425,33.78185371,70.73075,0.24995834
1994-04-15,0,33.940426,33.84756786,68.28788,0.24008329
1994-04-16,0,32.350426,33.664711,76.234764,0.23308331
1994-04-17,0,30.550425,33.18042514,87.18731,0.32841668
1994-04-18,0,27.380424,32.224711,89.91006,0.37558332
1994-04-19,0,29.410425,31.60328229,86.74899,0.36137497
1994-04-20,0,29.160425,30.92328229,85.85142,0.36787498
1994-04-21,0,27.830425,30.08899657,89.98077,0.41750002
1994-04-22,0,26.890425,29.08185357,89.3283,0.4250833
1994-04-23,0,29.130424,28.62185329,87.628204,0.42066666
1994-04-24,0,32.110424,28.84471029,81.33093,0.41049996
1994-04-25,0,32.190426,29.53185343,81.275215,0.40762505
1994-04-26,0,32.710426,30.00328214,82.51695,0.40454164
1994-04-27,0,31.760426,30.37471086,76.623634,0.37699997
1994-04-28,0,34.210426,31.28613957,76.040794,0.356125
1994-04-29,0,34.250423,32.33756786,75.64262,0.3375833
1994-04-30,0,34.970425,33.17185371,73.00961,0.32066664
1994-05-01,0,34.160423,33.46471071,79.912544,0.31599995
1994-05-02,0,33.110424,33.596139,76.90113,0.3050417
1994-05-03,0,34.920425,33.91185314,73.78236,0.28650004
1994-05-04,0,33.610424,34.17613857,81.86749,0.27408332
1994-05-05,0,35.480427,34.35756729,83.122955,0.26125
1994-05-06,0,35.280426,34.50471057,80.76881,0.25095835
1994-05-07,0,35.400425,34.56613914,77.344246,0.2445
1994-05-08,0,32.690426,34.35613957,81.86467,0.3044167
1994-05-09,0,32.060425,34.20613971,79.14041,0.36158335
1994-05-10,0,33.170425,33.95613971,83.7335,0.38020828
1994-05-11,0,32.410423,33.784711,82.254166,0.36720833
1994-05-12,0,33.570423,33.51185329,81.23716,0.3372083
1994-05-13,0,34.400425,33.38613886,80.21082,0.320375
1994-05-14,0,34.770424,33.29613871,77.97872,0.32033333
1994-05-15,0,32.870426,33.321853,79.093575,0.32999998
1994-05-16,0,32.130424,33.33185286,85.03043,0.41620836
1994-05-17,0,30.920425,33.01042429,86.0326,0.42183337
1994-05-18,0,31.250425,32.84471029,79.723694,0.41183332
1994-05-19,0,31.590425,32.56185343,80.808205,0.40308324
1994-05-20,0,30.180426,31.95899643,86.46432,0.4251667
1994-05-21,0,30.120424,31.29471071,86.40128,0.41679165
1994-05-22,0,27.700424,30.556139,91.70692,0.41741666
1994-05-23,0,30.670425,30.34756771,85.535484,0.4236667
1994-05-24,0,29.790424,30.186139,87.39332,0.43154165
1994-05-25,0,30.820425,30.12471043,88.97715,0.42570832
1994-05-26,0,31.530424,30.11613886,85.32574,0.41454172
1994-05-27,0,32.560425,30.45613871,83.12963,0.3974167
1994-05-28,0,33.720425,30.97042457,81.65444,0.39374998
1994-05-29,0,33.250423,31.76328157,79.95849,0.37137496
1994-05-30,0,34.230427,32.27185329,78.05007,0.3514584
1994-05-31,0,34.000423,32.87328171,78.64959,0.3354583
1994-06-01,0,33.160423,33.20756714,81.35395,0.33724996
1994-06-02,0,33.430424,33.47899571,85.97761,0.40979168
1994-06-03,0,32.250423,33.43470971,82.31519,0.40633333
1994-06-04,0,32.690426,33.287567,81.18083,0.38825002
1994-06-05,0,33.200424,33.28042429,85.78406,0.40108335
1994-06-06,0,33.660423,33.19899514,80.6665,0.4035
1994-06-07,0,33.790424,33.16899529,80.37818,0.39758337
1994-06-08,0,33.190426,33.17328143,81.87258,0.39841664
1994-06-09,0,32.600426,33.05471029,81.5317,0.4112083
1994-06-10,0,31.450424,32.94042471,86.803,0.428125
1994-06-11,0,29.250425,32.448996,90.619576,0.4303333
1994-06-12,0,30.910425,32.12185329,87.30835,0.42645833
1994-06-13,0,31.250425,31.77756786,86.85718,0.42395833
1994-06-14,0,31.320425,31.42471086,85.25385,0.4177083
1994-06-15,0,31.760426,31.22042514,84.232956,0.41295835
1994-06-16,0,31.540424,31.06899629,87.568756,0.41995835
1994-06-17,0,28.130424,30.59471057,93.719,0.43308342
1994-06-18,0,30.870424,30.826139,88.178406,0.41737497
1994-06-19,0,31.070425,30.84899614,86.011055,0.4103334
1994-06-20,0,30.950424,30.80613886,85.421104,0.41125
1994-06-21,0,32.200424,30.931853,83.106224,0.39791667
1994-06-22,0,30.880424,30.80613843,85.09397,0.40104166
1994-06-23,0,31.050425,30.73613857,85.11983,0.401
1994-06-24,0,31.880424,31.27185286,85.24009,0.4071667
1994-06-25,0,31.220425,31.321853,85.57801,0.4200833
1994-06-26,0,32.950424,31.59042429,81.87673,0.41404173
1994-06-27,0,30.500425,31.52613871,89.57983,0.4189167
1995-02-28,0,26.390425,25.42471071,80.13488,0.247
1995-03-01,0,28.370424,25.55756757,82.40322,0.23916662
1995-03-02,0,28.960424,26.32613886,71.66161,0.22729164
1995-03-03,0,29.650425,26.97185329,65.28193,0.20766665
1995-03-04,0,30.060425,27.77613886,65.02278,0.192375
1995-03-05,0,29.580425,28.41042457,61.55696,0.18124999
1995-03-06,0,30.820425,29.11899614,60.89378,0.17137499
1995-03-07,0,31.120424,29.79471029,66.71475,0.16633336
1995-03-08,0,29.700424,29.98471029,70.32279,0.15950002
1995-03-09,0,30.520426,30.20756771,60.877094,0.15508334
1995-03-10,0,30.250425,30.293282,60.970398,0.15437502
1995-03-11,0,28.610424,30.086139,71.998314,0.15699996
1995-03-12,0,30.040424,30.15185314,67.61679,0.15358338
1995-03-13,0,30.630424,30.12471014,49.57237,0.14587505
1995-03-14,0,31.420425,30.16756743,54.230595,0.13970836
1995-03-15,0,32.830425,30.61471043,55.221653,0.13670832
1995-03-16,0,33.390427,31.02471057,52.21018,0.13708334
1995-03-17,0,33.390427,31.47328229,56.986248,0.13562502
1995-03-18,0,33.840424,32.22042514,51.438557,0.13425003
1995-03-19,1,34.920425,32.91756814,49.126373,0.135125
1995-03-20,1,36.230427,33.71756857,51.956192,0.13566668
1995-03-21,1,37.260426,34.55185443,49.8277,0.13999999
1995-03-22,1,36.700424,35.10471143,50.15817,0.14066663
1995-03-23,0,37.420425,35.68042543,53.41008,0.14574997
1995-03-24,0,37.880424,36.32185357,52.80179,0.14791667
1995-03-25,0,36.990425,36.77185371,59.651184,0.14583336
1995-03-26,0,35.660423,36.87756771,55.156525,0.14783336
1995-03-27,0,31.440426,36.19328186,68.277,0.15220834
1995-03-28,0,31.340425,35.34756743,66.68302,0.20466666
1995-03-29,0,33.590424,34.90328171,63.71052,0.18499999
1995-03-30,0,35.610424,34.64471014,77.232635,0.21112502
1995-03-31,0,31.180426,33.68756757,83.38293,0.28904167
1995-04-01,0,34.010426,33.26185343,74.074036,0.26687497
1995-04-02,0,34.100426,33.03899671,66.10022,0.23079163
1995-04-03,0,35.930424,33.680425,48.33235,0.2009167
1995-04-04,0,36.180424,34.37185343,46.61223,0.18008333
1995-04-05,0,35.310425,34.61756786,53.823048,0.17575
1995-04-06,0,36.470425,34.74042514,61.888382,0.17349996
1995-04-07,0,35.690426,35.38471086,69.583916,0.19079168
1995-04-08,0,31.660425,35.04899643,83.557144,0.31804168
1995-04-09,0,33.870426,35.01613929,82.45151,0.35395828
1995-04-10,0,32.730427,34.55899686,81.43711,0.331
1995-04-11,0,31.620424,33.90756829,84.18731,0.34895834
1995-04-12,0,33.520424,33.65185386,77.90064,0.36058334
1995-04-13,0,33.470425,33.22328243,72.44135,0.333625
1995-04-14,0,32.090424,32.70899643,83.94221,0.34816667
1995-04-15,0,29.910425,32.45899643,85.16738,0.35066667
1995-04-16,0,32.660423,32.28613886,79.64452,0.31758335
1995-04-17,0,33.490425,32.39471,81.73738,0.29304174
1995-04-18,0,34.610424,32.82185286,77.112175,0.2740833
1995-04-19,0,34.830425,33.00899586,73.62178,0.26212505
1995-04-20,0,36.200424,33.39899571,62.409374,0.24366666
1995-04-21,0,33.690426,33.62756743,59.793045,0.21770833
1995-04-22,0,35.440426,34.41756757,67.11745,0.19791664
1995-04-23,0,37.030426,35.04185371,68.4584,0.18941666
1995-04-24,1,35.650425,35.35042514,72.03485,0.18475
1995-04-25,0,37.290424,35.73328229,78.19892,0.25570834
1995-04-26,0,36.190426,35.92756814,73.771065,0.30158332
1995-04-27,0,36.380424,35.95328243,76.37152,0.29691663
1995-04-28,0,35.460426,36.20613957,76.9297,0.29787502
1995-04-29,0,35.050426,36.15042529,77.078545,0.30004165
1995-04-30,1,35.990425,36.00185371,75.440315,0.28120828
1995-05-01,1,36.070423,36.06185343,75.21218,0.29216665
1995-05-02,0,37.070423,36.03042471,74.1107,0.3013333
1995-05-03,0,37.260426,36.18328186,72.48401,0.28320834
1995-05-04,0,36.190426,36.15613929,73.692345,0.293
1995-05-05,0,33.430424,35.866139,80.37092,0.33774996
1995-05-06,0,34.290424,35.75756729,76.74311,0.3220417
1995-05-07,0,34.580425,35.55613871,72.494865,0.28445837
1995-05-08,0,35.040424,35.408996,67.77286,0.2532083
1995-05-09,0,34.140427,34.99042514,68.77956,0.22737499
1995-05-10,0,34.360424,34.57613914,73.02169,0.2155417
1995-05-11,0,33.840424,34.24042457,75.90746,0.21120834
1995-05-12,0,32.940426,34.17042486,81.18394,0.27783334
1995-05-13,0,33.520424,34.06042486,80.43456,0.30066663
1995-05-14,0,33.540424,33.91185329,83.76597,0.375375
1995-05-15,0,30.490425,33.26185343,86.9201,0.3779167
1995-05-16,0,28.220425,32.41613886,93.195984,0.42099997
1995-05-17,0,26.930426,31.35471057,94.68456,0.42966667
1995-05-18,0,34.410423,31.436139,81.135254,0.38395825
1995-05-19,0,34.270424,31.62613871,80.43766,0.3529583
1995-05-20,0,33.270424,31.59042443,78.68592,0.331125
1995-05-21,0,33.770424,31.62328157,79.693794,0.3168333
1995-05-22,0,35.100426,32.28185314,77.27169,0.30162498
1995-05-23,0,34.930424,33.24042443,76.90818,0.28670835
1995-05-24,0,34.940426,34.38471014,78.1334,0.27512497
1995-05-25,0,34.410423,34.38471014,77.82984,0.26395842
1995-05-26,0,35.700424,34.58899586,79.989525,0.25504163
1995-05-27,0,35.570423,34.91756714,78.62321,0.24533337
1995-05-28,0,34.310425,34.99471014,79.885994,0.23837501
1995-05-29,0,35.070423,34.990424,78.31217,0.22941665
1995-05-30,0,35.400425,35.057567,76.48704,0.22441669
1995-05-31,0,35.820423,35.18328086,74.03924,0.21591662
1995-06-01,0,35.310425,35.31185257,73.932526,0.20229165
1995-06-02,0,34.620426,35.15756714,77.62985,0.21104164
1995-06-03,0,33.620426,34.87899614,80.65046,0.31704164
1995-06-04,0,31.500425,34.47756757,86.22463,0.40820837
1995-06-05,0,31.430426,33.957568,87.2472,0.41620836
1995-06-06,0,31.160425,33.35185371,87.83179,0.42099997
1995-06-07,0,30.570425,32.601854,86.63372,0.40191665
1995-06-08,0,31.470425,32.05328257,85.91181,0.40408337
1995-06-09,0,33.280426,31.861854,82.64083,0.3965834
1995-06-10,0,34.390427,31.97185414,82.59266,0.40987495
1995-06-11,0,33.680424,32.28328257,81.15701,0.41808334
1995-06-12,0,29.360424,31.987568,89.28709,0.43212506
1995-06-13,0,29.380424,31.73328214,88.01275,0.41433334
1995-06-14,0,32.620426,32.02613943,83.320274,0.39316663
1995-06-15,0,32.240425,32.13613943,80.86897,0.37779167
1995-06-16,0,30.120424,31.68471057,85.90329,0.40020838
1995-06-17,0,27.600426,30.71471043,91.10551,0.42108333
1995-06-18,0,29.340425,30.09471057,90.85965,0.42737505
1995-06-19,0,31.280424,30.36899629,87.8498,0.42325
1995-06-20,0,29.420425,30.37471071,89.91803,0.42804167
1995-06-21,0,31.900425,30.27185343,85.31699,0.4112917
1995-06-22,0,30.960424,30.08899614,84.25938,0.41279164
1995-06-23,0,29.630424,30.01899614,87.83639,0.41974995
1995-06-24,0,30.720425,30.46471029,85.13268,0.41879165
1995-06-25,0,32.580425,30.92756743,81.85798,0.41024998
1995-06-26,0,31.590425,30.97185329,81.47717,0.40641668
1995-06-27,0,33.020424,31.48613886,84.75315,0.40179166
1996-02-29,0,28.200424,28.640425,68.23956,0.24850005
1996-03-01,0,28.550425,28.87471071,70.06731,0.2250833
1996-03-02,0,30.190426,29.00185371,68.56809,0.20691667
1996-03-03,0,30.630424,29.00756786,69.863014,0.19287498
1996-03-04,0,30.680426,29.10899657,65.61075,0.181625
1996-03-05,0,30.770426,29.39899671,65.87784,0.17399997
1996-03-06,0,30.400425,29.917568,67.42461,0.167125
1996-03-07,0,31.040424,30.32328229,65.654625,0.15916665
1996-03-08,0,33.280426,30.99899671,63.79216,0.15520829
1996-03-09,0,33.350426,31.45042529,69.89956,0.15870833
1996-03-10,0,33.270424,31.82756814,68.67617,0.157375
1996-03-11,0,33.600426,32.244711,67.36787,0.15516664
1996-03-12,0,33.450424,32.62756786,71.04052,0.15337501
1996-03-13,0,34.100426,33.15613943,64.84426,0.15587498
1996-03-14,0,35.310425,33.76613957,65.491325,0.15208335
1996-03-15,0,34.470425,33.93613943,69.06724,0.14954168
1996-03-16,0,34.810425,34.14471071,69.14999,0.15083331
1996-03-17,0,34.390427,34.30471114,66.83642,0.15112501
1996-03-18,0,34.210426,34.391854,59.059017,0.15449998
1996-03-19,0,34.640427,34.56185443,55.577564,0.15975001
1996-03-20,0,34.620426,34.63614014,61.01765,0.16358335
1996-03-21,0,34.490425,34.51899729,63.88869,0.15904169
1996-03-22,0,34.120426,34.46899743,71.493515,0.16049998
1996-03-23,0,33.380424,34.26471157,75.47434,0.16933332
1996-03-24,0,33.640427,34.15756871,65.00257,0.165625
1996-03-25,0,35.890427,34.39756886,69.200905,0.15787499
1996-03-26,0,30.760426,33.843283,83.35902,0.303625
1996-03-27,0,30.160425,33.20614,80.80094,0.3465
1996-03-28,0,28.660425,32.37328286,87.678734,0.3655
1996-03-29,0,32.870426,32.19471143,83.403755,0.367625
1996-03-30,0,32.850426,32.11899743,80.35367,0.34437498
1996-03-31,0,31.140425,31.76185429,81.26115,0.34370837
1996-04-01,0,33.580425,31.431854,74.9643,0.33112505
1996-04-02,0,31.910423,31.59613929,72.093956,0.2976667
1996-04-03,0,31.710424,31.81756771,70.97857,0.2733334
1996-04-04,0,30.700424,32.10899614,78.771095,0.25370836
1996-04-05,0,32.250423,32.02042429,76.3238,0.23604165
1996-04-06,0,32.610424,31.98613829,78.060265,0.22145833
1996-04-07,0,33.290424,32.293281,74.76809,0.20924996
1996-04-08,0,34.450424,32.41756657,70.08943,0.20704168
1996-04-09,0,34.970425,32.85470971,72.61771,0.20012502
1996-04-10,0,33.970425,33.177567,72.44759,0.19020832
1996-04-11,0,33.450424,33.57042414,75.38335,0.18374999
1996-04-12,0,34.940426,33.95471029,72.37125,0.17616667
1996-04-13,0,34.500423,34.22471014,66.42907,0.18008338
1996-04-14,0,34.830425,34.44471029,69.9349,0.17808338
1996-04-15,0,35.930424,34.65613886,66.78565,0.17083335
1996-04-16,0,35.700424,34.76042443,63.172546,0.16741665
1996-04-17,0,35.420425,34.96756729,64.027664,0.16075003
1996-04-18,1,35.920425,35.32042457,69.10621,0.15516669
1996-04-19,0,36.790424,35.58471,71.59063,0.15416668
1996-04-20,0,36.970425,35.93756743,76.41612,0.16641665
1996-04-21,0,37.540424,36.32471014,70.51437,0.17104167
1996-04-22,0,35.090424,36.20471014,76.61233,0.19
1996-04-23,0,32.600426,35.76185329,79.45176,0.29858333
1996-04-24,0,32.850426,35.39471057,78.749084,0.33695838
1996-04-25,0,30.450424,34.61328186,82.77742,0.40366665
1996-04-26,0,27.460424,33.28042471,84.68543,0.4131666
1996-04-27,0,30.670425,32.38042471,80.862816,0.39333332
1996-04-28,0,30.920425,31.43471057,84.09427,0.3837084
1996-04-29,0,29.040424,30.57042486,85.726494,0.41616663
1996-04-30,0,29.670425,30.15185329,87.14417,0.40600002
1996-05-01,0,31.680426,29.98471043,84.62115,0.39683333
1996-05-02,0,32.780426,30.31756786,81.919975,0.39662495
1996-05-03,0,32.630424,31.05613929,82.23304,0.39170834
1996-05-04,0,34.350426,31.58185371,76.839966,0.37287498
1996-05-05,0,34.480427,32.09042543,77.76848,0.3492916
1996-05-06,0,34.220425,32.83042557,81.241905,0.34449995
1996-05-07,0,31.470425,33.08756843,84.23962,0.34495834
1996-05-08,0,33.190426,33.30328271,79.0814,0.3265001
1996-05-09,0,35.390427,33.67614,78.51432,0.30233335
1996-05-10,0,34.830425,33.99042586,77.54868,0.2839583
1996-05-11,0,33.430424,33.858997,78.92399,0.28045833
1996-05-12,0,31.240425,33.39613957,83.69987,0.392375
1996-05-13,0,34.190426,33.391854,81.20498,0.40641665
1996-05-14,0,33.550426,33.688997,81.622444,0.4033333
1996-05-15,0,33.200424,33.69042529,84.08161,0.407375
1996-05-16,0,32.420425,33.26613929,84.573616,0.4151667
1996-05-17,0,32.810425,32.97756786,82.854004,0.41741666
1996-05-18,0,33.910423,33.04613914,81.2317,0.41362497
1996-05-19,0,34.310425,33.48471057,77.01264,0.39870834
1996-05-20,0,33.030426,33.31899629,79.25351,0.37058327
1996-05-21,0,33.690426,33.33899629,79.0996,0.3720833
1996-05-22,0,34.530426,33.52899657,79.65357,0.35949996
1996-05-23,0,34.460426,33.82042529,77.78989,0.34962508
1996-05-24,0,34.290424,34.03185371,76.826546,0.33083326
1996-05-25,0,33.760426,34.01042557,78.48319,0.31687495
1996-05-26,0,33.450424,33.88756829,86.29898,0.38058332
1996-05-27,0,32.800426,33.85471114,86.062965,0.386875
1996-05-28,0,32.370426,33.66613971,84.79018,0.36579165
1996-05-29,0,33.630424,33.537568,80.310745,0.35450003
1996-05-30,0,31.680426,33.14042514,85.899635,0.37916672
1996-05-31,0,32.680424,32.91042514,83.07876,0.40308332
1996-06-01,0,31.540424,32.593282,83.372665,0.41620836
1996-06-02,0,32.590424,32.47042486,83.18536,0.4096667
1996-06-03,0,31.880424,32.338996,83.120964,0.4248334
1996-06-04,0,27.940426,31.70613886,89.595695,0.42983332
1996-06-05,0,30.190426,31.21471057,86.52206,0.42454162
1996-06-06,0,30.300425,31.01756757,86.369354,0.423875
1996-06-07,0,30.010426,30.63613929,87.8392,0.42504168
1996-06-08,0,31.430426,30.62042529,85.37838,0.41516674
1996-06-09,0,32.400425,30.59328257,81.68923,0.39270833
1996-06-10,0,34.030426,30.90042571,81.662315,0.404375
1996-06-11,0,32.880424,31.60613971,81.18096,0.39345834
1996-06-12,0,33.270424,32.04613943,80.553375,0.40104166
1996-06-13,0,34.130424,32.59328214,78.69981,0.39037502
1996-06-14,0,34.580425,33.24613914,77.61654,0.3768334
1996-06-15,0,33.310425,33.51471043,79.98864,0.36379173
1996-06-16,0,33.490425,33.67042471,78.410774,0.35945833
1996-06-17,0,33.420425,33.58328171,80.37779,0.36670837
1996-06-18,0,31.010426,33.31613914,85.48132,0.409125
1996-06-19,0,30.960424,32.98613914,88.498634,0.42824998
1996-06-20,0,28.180426,32.13613943,92.75535,0.4357917
1996-06-21,0,29.460424,31.40471071,92.64855,0.433
1996-06-22,0,28.690426,30.74471086,89.63555,0.42575
1996-06-23,0,31.140425,30.40899657,85.00914,0.42112502
1996-06-24,0,31.080425,30.07471086,87.16268,0.41591665
1996-06-25,0,29.260426,29.82471086,91.37441,0.43020833
1996-06-26,0,30.550425,29.76613957,90.562096,0.42866662
1996-06-27,0,31.910423,30.29899629,85.640785,0.422125
1997-02-28,0,29.150425,28.40756743,80.77922,0.23441666
1997-03-01,0,29.750425,28.69899614,66.99729,0.22037505
1997-03-02,0,30.960424,29.23042457,65.07586,0.20175
1997-03-03,0,31.650425,29.72042457,64.513985,0.18812501
1997-03-04,0,32.620426,30.336139,67.5349,0.17862497
1997-03-05,0,32.190426,30.740425,64.48559,0.16874997
1997-03-06,0,32.990425,31.33042514,66.11176,0.16116665
1997-03-07,0,32.450424,31.80185357,66.88525,0.15787502
1997-03-08,0,33.640427,32.35756814,62.051434,0.15674996
1997-03-09,0,33.270424,32.68756814,60.512054,0.15970834
1997-03-10,0,33.870426,33.00471114,68.552635,0.16149996
1997-03-11,0,33.380424,33.11328229,67.02938,0.16316664
1997-03-12,0,33.650425,33.32185357,66.0425,0.16008331
1997-03-13,0,32.840424,33.30042486,75.09046,0.16295831
1997-03-14,0,30.670425,33.04613929,75.765175,0.17450005
1997-03-15,0,32.050426,32.81899629,77.311104,0.20487499
1997-03-16,0,33.180424,32.80613914,77.02192,0.21462505
1997-03-17,0,34.050426,32.83185343,67.255554,0.2040417
1997-03-18,0,33.980427,32.91756814,62.029095,0.18200004
1997-03-19,0,33.860424,32.947568,55.8952,0.16704167
1997-03-20,0,35.000423,33.25613929,68.86385,0.16133334
1997-03-21,0,32.830425,33.56471071,80.53617,0.21049999
1997-03-22,0,32.240425,33.59185343,76.59644,0.24983333
1997-03-23,0,29.980425,33.13471071,79.313484,0.2648333
1997-03-24,0,29.520426,32.48756786,78.294136,0.2556667
1997-03-25,0,26.950424,31.48328171,85.1621,0.35133338
1997-03-26,0,29.870424,30.91328171,77.71508,0.31291667
1997-03-27,0,31.170425,30.36613914,75.00727,0.2836667
1997-03-28,0,31.300425,30.14756771,74.15603,0.2549584
1997-03-29,0,32.640427,30.20471086,76.50596,0.27341667
1997-03-30,0,26.200424,29.66471071,86.77184,0.41079167
1997-03-31,0,27.240425,29.33899629,79.477936,0.38370833
1997-04-01,0,29.090425,29.64471071,79.95556,0.35766676
1997-04-02,0,28.650425,29.47042514,85.30802,0.37666667
1997-04-03,0,27.550425,28.95328229,84.19632,0.3995
1997-04-04,0,29.350426,28.674711,79.53361,0.3705
1997-04-05,0,28.530424,28.08756771,82.800896,0.36962497
1997-04-06,0,28.940426,28.47899657,80.612015,0.3633333
1997-04-07,0,28.370424,28.640425,71.09472,0.33987498
1997-04-08,0,25.530424,28.13185343,81.630196,0.37129167
1997-04-09,0,28.450424,28.10328186,81.87643,0.3545833
1997-04-10,0,28.820425,28.28471043,81.96416,0.39329168
1997-04-11,0,27.880424,28.07471014,77.413025,0.38366666
1997-04-12,0,28.720425,28.10185314,85.246056,0.4074167
1997-04-13,0,29.070425,28.12042443,80.36858,0.38574994
1997-04-14,0,29.440426,28.27328186,82.57117,0.39529166
1997-04-15,0,28.730425,28.73042486,84.231224,0.41570833
1997-04-16,0,30.800425,29.06613929,80.93675,0.40058336
1997-04-17,0,30.790424,29.34756771,80.143845,0.40125003
1997-04-18,0,31.460424,29.85899629,80.88915,0.370375
1997-04-19,0,32.790424,30.44042471,77.56791,0.34529158
1997-04-20,0,32.880424,30.98471029,74.58337,0.3249583
1997-04-21,0,32.570423,31.43185271,73.97528,0.32274997
1997-04-22,0,32.210426,31.92899571,77.81544,0.3655
1997-04-23,0,31.040424,31.96328129,82.66743,0.393
1997-04-24,0,30.630424,31.94042414,78.22516,0.38349998
1997-04-25,0,30.990425,31.87328143,80.25876,0.4057083
1997-04-26,0,29.310425,31.37613871,82.090294,0.4152083
1997-04-27,0,27.150425,30.55756743,85.214775,0.42966664
1997-04-28,0,28.490425,29.97471057,87.97309,0.4305
1997-04-29,0,29.600426,29.60185343,85.41354,0.4083333
1997-04-30,0,30.690426,29.55185371,82.87014,0.39212504
1997-05-01,0,32.260426,29.78471114,76.62188,0.37466666
1997-05-02,0,32.510426,30.00185414,82.74543,0.39733335
1997-05-03,0,32.770424,30.49613971,80.66111,0.38112497
1997-05-04,0,33.280426,31.37185414,78.33513,0.3591667
1997-05-05,0,33.310425,32.06042557,80.51632,0.34358338
1997-05-06,0,32.760426,32.51185414,80.56263,0.32470834
1997-05-07,0,29.020426,32.27328271,86.96942,0.32191658
1997-05-08,0,32.390427,32.29185429,76.74071,0.31029162
1997-05-09,0,32.880424,32.34471114,75.25266,0.2994167
1997-05-10,0,32.110424,32.25042543,83.83841,0.31429172
1997-05-11,0,35.320423,32.54185357,75.983116,0.30262497
1997-05-12,0,35.090424,32.79613914,76.90948,0.28004158
1997-05-13,0,34.390427,33.02899643,76.73214,0.26583338
1997-05-14,0,34.920425,33.87185343,76.997185,0.25212505
1997-05-15,0,34.490425,34.17185314,77.49679,0.23795836
1997-05-16,0,34.530426,34.40756771,74.760185,0.24412502
1997-05-17,0,33.890427,34.66185386,73.598724,0.26841673
1997-05-18,0,33.030426,34.33471143,79.07641,0.24970831
1997-05-19,0,28.390425,33.37756871,84.33323,0.33504167
1997-05-20,0,35.270424,33.50328257,79.33356,0.33308336
1997-05-21,0,33.270424,33.26756814,79.224884,0.32808337
1997-05-22,0,32.980427,33.05185414,80.36079,0.29970843
1997-05-23,0,28.430426,32.18042557,88.05572,0.40754166
1997-05-24,0,31.980427,31.90756843,83.317154,0.420375
1997-05-25,0,31.120424,31.634711,83.266655,0.42245838
1997-05-26,0,30.180426,31.89042543,85.69913,0.42600003
1997-05-27,0,27.890425,30.83613986,90.91888,0.430125
1997-05-28,0,31.680426,30.60899729,85.83105,0.40925005
1997-05-29,0,29.980425,30.18042557,87.978325,0.40508333
1997-05-30,0,31.610424,30.634711,83.12899,0.40320835
1997-05-31,0,32.140427,30.65756814,85.30255,0.41337502
1997-06-01,0,34.420425,31.12899686,79.422874,0.3997917
1997-06-02,0,33.950424,31.667568,82.05782,0.41320834
1997-06-03,0,32.180424,32.280425,80.90562,0.41320834
1997-06-04,0,34.440426,32.67471071,81.47994,0.40987504
1997-06-05,0,33.470425,33.17328214,83.20049,0.40958336
1997-06-06,0,35.120426,33.674711,83.3809,0.41045833
1997-06-07,0,32.080425,33.66613929,87.075935,0.41804162
1997-06-08,0,32.510426,33.39328229,84.29263,0.40954164
1997-06-09,0,28.810425,32.65899671,88.38522,0.40262505
1997-06-10,0,31.230425,32.52328257,85.47004,0.4086667
1997-06-11,0,31.390425,32.08756814,84.92983,0.42262504
1997-06-12,0,32.010426,31.87899686,83.606606,0.4145
1997-06-13,0,31.310425,31.334711,86.376465,0.4037917
1997-06-14,0,33.150425,31.48756814,81.70685,0.3942083
1997-06-15,0,33.470425,31.62471086,81.28003,0.3998334
1997-06-16,0,29.340425,31.70042514,90.838776,0.4305834
1997-06-17,0,30.410425,31.58328229,88.856926,0.4133334
1997-06-18,0,30.320425,31.43042514,86.402855,0.40425
1997-06-19,0,33.600426,31.657568,83.60471,0.4026667
1997-06-20,0,30.600426,31.55613957,86.66039,0.4127917
1997-06-21,0,28.520426,30.89471114,91.12576,0.41945836
1997-06-22,0,31.970425,30.68042543,85.36921,0.39820835
1997-06-23,0,33.280426,31.24328271,81.54262,0.40137503
1997-06-24,0,31.720425,31.43042557,85.71279,0.41324997
1997-06-25,0,33.390427,31.86899729,80.991554,0.41258332
1997-06-26,0,32.480427,31.70899743,82.627205,0.42125
1997-06-27,0,28.630424,31.42756857,88.69167,0.42108333
1998-02-28,0,28.450424,28.22042471,69.90995,0.26362506
1998-03-01,0,27.860424,28.17185329,72.04241,0.24008335
1998-03-02,0,26.680426,28.05613914,65.975395,0.22199999
1998-03-03,0,27.350426,27.87899643,69.61995,0.2065
1998-03-04,0,29.090425,27.81328214,67.3477,0.19304164
1998-03-05,0,30.460424,28.33042486,66.95313,0.18170832
1998-03-06,0,30.580425,28.63899629,65.59904,0.17404163
1998-03-07,0,25.280424,28.18613914,84.52859,0.21487503
1998-03-08,0,26.340425,27.96899643,62.485107,0.23166668
1998-03-09,0,27.530424,28.09042471,64.23902,0.21470837
1998-03-10,0,29.190426,28.35328186,62.844883,0.19954164
1998-03-11,0,29.850426,28.46185343,74.31356,0.19116668
1998-03-12,0,29.410425,28.31185357,71.00604,0.1835833
1998-03-13,0,29.240425,28.120425,68.7005,0.17416668
1998-03-14,0,30.160425,28.817568,76.608574,0.17562504
1998-03-15,0,30.120424,29.35756786,56.709824,0.1633333
1998-03-16,0,31.030424,29.85756786,55.147457,0.1550833
1998-03-17,0,32.340424,30.30756757,51.854275,0.15133335
1998-03-18,0,31.700424,30.571853,58.840656,0.15020831
1998-03-19,0,31.570425,30.88042443,62.51709,0.14433336
1998-03-20,0,32.380424,31.32899571,53.964905,0.14199999
1998-03-21,0,32.350426,31.641853,60.69501,0.14329171
1998-03-22,0,33.450424,32.11756729,67.58387,0.14670832
1998-03-23,0,28.800425,31.798996,84.95192,0.30125
1998-03-24,0,21.680426,30.27613914,95.07188,0.4357917
1998-03-25,0,26.960424,29.59899629,87.65338,0.40600002
1998-03-26,0,28.760426,29.19756786,76.84492,0.37895837
1998-03-27,0,29.860424,28.83756786,68.641174,0.35612497
1998-03-28,0,30.240425,28.53613914,70.363396,0.3363749
1998-03-29,0,30.910425,28.17328214,74.03552,0.32308337
1998-03-30,0,26.800425,27.88756786,84.33611,0.38724998
1998-03-31,0,25.920425,28.493282,82.91773,0.4091667
1998-04-01,0,28.660425,28.73613929,77.55895,0.37716663
1998-04-02,0,30.380424,28.96756757,76.40513,0.35620832
1998-04-03,0,31.050425,29.13756771,72.64008,0.33770832
1998-04-04,0,31.260426,29.28328214,71.94923,0.31987503
1998-04-05,0,31.190426,29.32328229,74.2344,0.3035
1998-04-06,0,30.160425,29.80328229,84.328354,0.33908334
1998-04-07,0,30.400425,30.44328229,81.86521,0.352
1998-04-08,0,29.920425,30.62328229,86.50114,0.34866676
1998-04-09,0,31.310425,30.75613957,83.22194,0.33745828
1998-04-10,0,31.750425,30.85613957,84.48389,0.34920833
1998-04-11,0,32.790424,31.07471071,82.74227,0.33758327
1998-04-12,0,34.620426,31.56471071,81.8119,0.3124999
1998-04-13,0,34.160423,32.136139,78.22428,0.28958333
1998-04-14,0,34.360424,32.70185314,78.3447,0.27366665
1998-04-15,0,31.040424,32.861853,85.64218,0.26787493
1998-04-16,0,30.030424,32.67899571,85.13098,0.3079584
1998-04-17,0,30.400425,32.48613857,82.05759,0.30320832
1998-04-18,0,30.280424,32.12756714,81.09311,0.29700005
1998-04-19,0,29.320425,31.37042414,85.80853,0.34262502
1998-04-20,0,29.050425,30.64042443,88.1944,0.3870833
1998-04-21,0,31.550425,30.238996,87.39581,0.41254166
1998-04-22,0,27.420425,29.72185329,91.904564,0.42291668
1998-04-23,0,29.680426,29.67185357,88.05251,0.4137083
1998-04-24,0,26.800425,29.15756786,88.18347,0.41174996
1998-04-25,0,31.540424,29.33756786,82.294685,0.3909167
1998-04-26,0,33.090424,29.87613914,78.09778,0.3717084
1998-04-27,0,30.920425,30.143282,83.09202,0.38695827
1998-04-28,0,32.070423,30.21756743,82.49811,0.36750004
1998-04-29,0,32.210426,30.90185329,81.20911,0.39979163
1998-04-30,0,32.800426,31.34756757,79.48284,0.3895
1998-05-01,0,33.330425,32.28042471,79.649055,0.40112498
1998-05-02,0,29.780424,32.02899614,87.69778,0.42091668
1998-05-03,0,30.140425,31.60756771,83.604744,0.40699995
1998-05-04,0,31.190426,31.64613929,82.6927,0.4281666
1998-05-05,0,25.790424,30.74899657,92.954094,0.43383333
1998-05-06,0,29.080425,30.30185357,86.93921,0.41841665
1998-05-07,0,31.550425,30.123282,85.396614,0.41258332
1998-05-08,0,31.810425,29.90613914,82.093605,0.4035
1998-05-09,0,33.690426,30.46471086,79.425224,0.4054166
1998-05-10,0,32.850426,30.85185386,81.40385,0.382375
1998-05-11,0,31.910423,30.95471057,84.58116,0.36766663
1998-05-12,0,33.580425,32.06756786,74.63593,0.34737504
1998-05-13,0,34.420425,32.830425,73.055214,0.32945833
1998-05-14,0,34.440426,33.24328229,74.32142,0.31529167
1998-05-15,0,33.750423,33.52042486,75.0416,0.3055834
1998-05-16,0,33.000423,33.421853,77.990486,0.29283336
1998-05-17,0,33.710426,33.54471014,76.43014,0.2856667
1998-05-18,0,33.530426,33.77613914,78.23879,0.27650002
1998-05-19,0,32.690426,33.64899643,74.95982,0.32108337
1998-05-20,0,34.030426,33.59328229,79.01448,0.36783335
1998-05-21,0,34.350426,33.58042514,86.60209,0.4032083
1998-05-22,0,34.830425,33.73471114,82.80212,0.41216668
1998-05-23,0,34.020424,33.88042557,80.89849,0.39208338
1998-05-24,0,32.240425,33.67042543,84.04457,0.38395837
1998-05-25,0,30.100426,33.18042543,89.45579,0.42350003
1998-05-26,0,28.130424,32.52899657,93.10971,0.43112496
1998-05-27,0,27.180426,31.55042514,93.51414,0.42433336
1998-05-28,0,27.210424,30.53042486,94.41793,0.43329167
1998-05-29,0,31.070425,29.993282,89.56516,0.42199996
1998-05-30,0,33.550426,29.92613943,85.078636,0.41099998
1998-05-31,0,34.040424,30.18328214,81.187614,0.37895843
1998-06-01,0,34.880424,30.866139,81.630806,0.36537504
1998-06-02,0,33.530426,31.63756786,80.73261,0.35120842
1998-06-03,0,33.960426,32.60613929,82.84324,0.3525833
1998-06-04,0,34.210426,33.60613957,81.25119,0.36283335
1998-06-05,0,34.670425,34.12042529,83.15522,0.40404165
1998-06-06,0,34.320423,34.23042486,78.59065,0.39962497
1998-06-07,0,34.470425,34.29185357,79.30964,0.38
1998-06-08,0,35.470425,34.37613943,81.32134,0.36354172
1998-06-09,0,34.100426,34.457568,84.717354,0.35175002
1998-06-10,0,34.050426,34.47042514,83.11513,0.3412083
1998-06-11,0,33.530426,34.37328229,83.53283,0.34737504
1998-06-12,0,32.260426,34.02899671,85.07923,0.3767917
1998-06-13,0,32.010426,33.69899714,85.43521,0.391
1998-06-14,0,33.900425,33.61756857,82.13075,0.39399996
1998-06-15,0,32.670425,33.21756857,82.97814,0.39491668
1998-06-16,0,32.200424,32.94613971,82.94088,0.39058328
1998-06-17,0,33.400425,32.85328243,82.84384,0.3762083
1998-06-18,0,33.390427,32.83328257,84.37015,0.3631251
1998-06-19,0,33.380424,32.99328229,84.77899,0.36662498
1998-06-20,0,32.980427,33.13185386,84.587006,0.38204166
1998-06-21,0,31.870424,32.84185371,87.001526,0.39920834
1998-06-22,0,31.770426,32.71328243,87.79065,0.4136667
1998-06-23,0,32.280426,32.72471129,84.36857,0.40579167
1998-06-24,0,32.900425,32.65328271,83.87048,0.4026667
1998-06-25,0,31.450424,32.37613943,85.77921,0.40391663
1998-06-26,0,31.800425,32.15042529,85.17539,0.40629163
1998-06-27,0,32.010426,32.01185371,85.54775,0.40787503
1999-02-28,0,31.000425,31.431853,55.519333,0.15283331
1999-03-01,0,31.040424,31.56042429,57.304348,0.15308331
1999-03-02,0,30.290424,31.517567,56.56493,0.155125
1999-03-03,0,30.940426,31.54042443,59.23818,0.15629162
1999-03-04,0,31.690426,31.50328186,60.158466,0.1568333
1999-03-05,0,32.060425,31.32756771,59.87441,0.15883335
1999-03-06,0,32.220425,31.320425,62.93488,0.15966667
1999-03-07,0,33.240425,31.640425,63.73971,0.15824997
1999-03-08,0,33.840424,32.040425,63.422115,0.15279163
1999-03-09,0,35.390427,32.76899686,60.731617,0.15208332
1999-03-10,0,35.260426,33.38613971,63.497482,0.15237501
1999-03-11,0,35.420425,33.91899671,67.63912,0.16087502
1999-03-12,0,31.700424,33.867568,74.39959,0.16225004
1999-03-13,0,32.490425,33.90613943,69.45284,0.15470831
1999-03-14,0,31.320425,33.63185371,54.54927,0.14991671
1999-03-15,0,32.640427,33.46042557,57.727596,0.1510833
1999-03-16,0,32.580425,33.05899671,58.262768,0.15616669
1999-03-17,0,33.140427,32.75613971,70.88351,0.16387503
1999-03-18,0,34.740425,32.65899686,76.39686,0.16300005
1999-03-19,0,34.580425,33.07042557,60.06206,0.16004167
1999-03-20,0,33.360424,33.19471114,56.41414,0.15508328
1999-03-21,0,33.710426,33.53613986,49.991867,0.1507917
1999-03-22,0,34.230427,33.76328271,55.83641,0.15091668
1999-03-23,0,34.180424,33.991854,61.318546,0.15274997
1999-03-24,0,33.460426,34.03756814,69.72773,0.15324996
1999-03-25,0,34.420425,33.99185386,71.704384,0.15758334
1999-03-26,0,32.340424,33.67185371,77.004425,0.17291665
1999-03-27,0,34.770424,33.87328229,68.18045,0.18995838
1999-03-28,0,34.510426,33.987568,66.613655,0.18250002
1999-03-29,0,33.180424,33.83756757,69.28855,0.1680417
1999-03-30,0,33.920425,33.80042486,65.20886,0.16133332
1999-03-31,0,34.170425,33.90185329,69.4425,0.15570831
1999-04-01,1,35.520424,34.058996,69.858025,0.1510833
1999-04-02,0,36.030426,34.58613914,67.98535,0.14875002
1999-04-03,0,36.700424,34.86185343,65.12988,0.14950003
1999-04-04,0,36.840424,35.19471029,63.84843,0.15595834
1999-04-05,0,34.960426,35.44899629,70.70837,0.15875001
1999-04-06,0,35.700424,35.70328186,72.025444,0.17054166
1999-04-07,0,31.300425,35.29328186,80.58245,0.35862502
1999-04-08,0,30.640425,34.59613914,81.249176,0.3573333
1999-04-09,0,29.300425,33.63471043,78.80787,0.34091666
1999-04-10,0,31.460424,32.886139,77.45103,0.32104164
1999-04-11,0,32.920425,32.32613914,77.76836,0.30504167
1999-04-12,0,32.560425,31.98328186,78.25561,0.2807917
1999-04-13,0,34.030426,31.74471071,75.93068,0.262875
1999-04-14,0,33.150425,32.00899643,79.32978,0.24462493
1999-04-15,0,35.410423,32.69042471,72.52978,0.22504169
1999-04-16,0,35.290424,33.54613886,70.426125,0.20841669
1999-04-17,0,34.340424,33.95756743,71.1363,0.19579165
1999-04-18,0,34.060425,34.12042457,74.4677,0.18675
1999-04-19,0,34.500423,34.39756714,73.133835,0.18025003
1999-04-20,0,34.750423,34.50042386,72.44968,0.17166664
1999-04-21,0,35.730427,34.86899557,69.20496,0.16749996
1999-04-22,0,34.750423,34.77470986,68.79645,0.16404165
1999-04-23,1,34.040424,34.59613843,70.16099,0.16220835
1999-04-24,1,36.330425,34.88042429,67.80941,0.15941666
1999-04-25,1,36.400425,35.21471,69.30746,0.15575
1999-04-26,1,37.050426,35.57899614,71.13592,0.15800004
1999-04-27,0,36.560425,35.83756786,70.74828,0.15900002
1999-04-28,0,36.540424,35.95328171,69.71454,0.157375
1999-04-29,0,36.480427,36.20042514,69.02905,0.15949996
1999-04-30,1,35.630424,36.427568,65.753624,0.15799998
1999-05-01,1,36.120426,36.39756814,63.90096,0.15429161
1999-05-02,0,36.200424,36.36899657,63.73143,0.15054165
1999-05-03,0,37.390427,36.41756814,63.333378,0.14741668
1999-05-04,0,36.160423,36.360425,63.29094,0.14654166
1999-05-05,0,35.710426,36.24185386,70.48996,0.18466668
1999-05-06,0,31.030424,35.463282,80.982216,0.33683336
1999-05-07,0,33.890427,35.214711,84.48544,0.34591666
1999-05-08,0,31.510426,34.55613957,85.59547,0.37012497
1999-05-09,0,29.340425,33.57613971,87.90551,0.38537502
1999-05-10,0,33.330425,32.99613943,73.98965,0.34541667
1999-05-11,0,31.420425,32.31899686,82.560616,0.38037503
1999-05-12,0,31.680426,31.74328257,81.88531,0.39783332
1999-05-13,0,30.170425,31.62042557,84.83743,0.423625
1999-05-14,0,29.890425,31.04899671,86.5884,0.42629173
1999-05-15,0,28.970425,30.68613943,88.473724,0.42075005
1999-05-16,0,31.970425,31.06185371,84.2503,0.40566668
1999-05-17,0,30.040424,30.59185357,86.26248,0.41225004
1999-05-18,0,32.600426,30.76042514,80.92684,0.40891668
1999-05-19,0,32.710426,30.907568,84.524086,0.41420832
1999-05-20,0,30.320425,30.92899657,84.16183,0.4091666
1999-05-21,0,30.610424,31.03185357,87.30474,0.42279157
1999-05-22,0,31.280424,31.36185343,87.15835,0.42141673
1999-05-23,0,33.020424,31.51185329,82.11639,0.404875
1999-05-24,0,31.040424,31.65471043,86.017914,0.40708336
1999-05-25,0,32.140427,31.58899629,83.63688,0.4092917
1999-05-26,0,32.710426,31.58899629,84.003845,0.41837502
1999-05-27,0,31.930424,31.81899614,85.799934,0.41979167
1999-05-28,0,30.240425,31.76613914,85.83764,0.4138333
1999-05-29,0,27.530424,31.23042486,93.72604,0.43229166
1999-05-30,0,33.780426,31.33899657,87.3724,0.40449992
1999-05-31,0,35.430424,31.96613943,80.12684,0.37787494
1999-06-01,0,34.950424,32.36756757,79.399284,0.36116672
1999-06-02,0,35.140427,32.71471057,83.96597,0.38791665
1999-06-03,0,32.590424,32.80899629,85.60333,0.41979167
1999-06-04,0,32.250423,33.09613886,81.50239,0.393375
1999-06-05,0,33.960426,34.01471057,78.48277,0.37579158
1999-06-06,0,29.370424,33.38471029,90.95873,0.39604163
1999-06-07,0,33.880424,33.16328171,82.22022,0.38425002
1999-06-08,0,33.100426,32.89899629,80.63125,0.37208328
1999-06-09,0,32.730427,32.55471057,87.15098,0.40337494
1999-06-10,0,32.440426,32.53328229,81.80619,0.39866665
1999-06-11,0,30.460424,32.27756814,86.108765,0.41766667
1999-06-12,0,30.940426,31.84613957,84.12336,0.39991662
1999-06-13,0,32.850426,32.34328271,83.316765,0.3888333
1999-06-14,0,32.390427,32.130426,81.986755,0.38187495
1999-06-15,0,32.110424,31.98899714,80.7718,0.37191674
1999-06-16,0,32.380424,31.93899671,81.06118,0.37579167
1999-06-17,0,32.110424,31.89185357,77.70564,0.36420837
1999-06-18,0,31.930424,32.10185357,81.12609,0.36100003
1999-06-19,0,32.510426,32.32613929,82.46818,0.36675
1999-06-20,0,31.940426,32.19613929,83.41836,0.38316664
1999-06-21,0,32.590424,32.22471029,83.761314,0.39616668
1999-06-22,0,30.510426,31.99613914,89.52313,0.42116666
1999-06-23,0,29.290424,31.55471057,91.111664,0.4317083
1999-06-24,0,30.630424,31.343282,89.16515,0.42579165
1999-06-25,0,30.840425,31.18756786,88.56326,0.43112496
1999-06-26,0,28.350426,30.59328214,92.42199,0.4330833
1999-06-27,0,29.780424,30.28471043,88.874,0.42016664
2000-02-29,0,27.400425,27.01328229,60.858097,0.15724997
2000-03-01,0,28.550425,27.07042514,66.28469,0.15995832
2000-03-02,0,26.300425,26.91185371,87.8635,0.19787501
2000-03-03,0,29.460424,27.540425,81.7613,0.21591671
2000-03-04,0,29.030424,27.95899614,85.87771,0.22720836
2000-03-05,0,30.580425,28.46042471,77.02215,0.22474998
2000-03-06,0,30.340425,28.80899614,79.95742,0.21258338
2000-03-07,0,30.960424,29.31756743,77.403435,0.20208333
2000-03-08,0,26.840425,29.07328171,82.650764,0.22570835
2000-03-09,0,28.860424,29.43899586,73.84771,0.29525
2000-03-10,0,29.110424,29.38899586,74.89913,0.26241666
2000-03-11,0,29.680426,29.48185329,72.37174,0.23729168
2000-03-12,0,29.560425,29.336139,81.97703,0.23733334
2000-03-13,0,28.300425,29.04471043,86.94796,0.3434583
2000-03-14,0,29.580425,28.84756771,88.838356,0.38220832
2000-03-15,0,29.180426,29.18185357,81.3368,0.3455417
2000-03-16,0,29.780424,29.31328214,70.81313,0.3123333
2000-03-17,0,30.340425,29.48899657,69.96131,0.28758335
2000-03-18,0,30.030424,29.53899629,71.886314,0.26841667
2000-03-19,0,30.200424,29.63042471,80.11068,0.25541663
2000-03-20,0,30.570425,29.95471043,79.76138,0.24770838
2000-03-21,0,31.400425,30.21471043,67.91899,0.23562498
2000-03-22,0,31.680426,30.57185329,63.830074,0.21950002
2000-03-23,0,32.750423,30.99613886,64.393105,0.20512503
2000-03-24,0,32.400425,31.29042457,62.486603,0.19183336
2000-03-25,0,31.740425,31.53471043,58.27264,0.18283336
2000-03-26,0,31.690426,31.74756786,55.76235,0.17891665
2000-03-27,0,32.320423,31.99756757,60.190643,0.17537504
2000-03-28,0,32.620426,32.17185343,64.7635,0.17325002
2000-03-29,0,32.840424,32.33756743,66.4494,0.17174996
2000-03-30,0,31.680426,32.18471071,76.842064,0.1774167
2000-03-31,0,31.230425,32.01756786,76.58942,0.17729165
2000-04-01,0,33.430424,32.25899629,72.342636,0.17454171
2000-04-02,0,34.760426,32.69756771,70.34103,0.17145832
2000-04-03,0,34.800426,33.05185386,72.71787,0.1697917
2000-04-04,0,35.820423,33.50899629,72.24387,0.16712503
2000-04-05,0,35.100426,33.83185371,74.04765,0.16737498
2000-04-06,0,34.890427,34.29042529,76.70783,0.17045836
2000-04-07,0,33.870426,34.66756829,74.51973,0.17108338
2000-04-08,0,35.240425,34.92613986,74.14077,0.17074998
2000-04-09,0,34.450424,34.88185386,77.57377,0.21087499
2000-04-10,0,31.850426,34.46042529,83.39559,0.30974996
2000-04-11,0,34.180424,34.22613971,77.839226,0.2900417
2000-04-12,0,30.030424,33.50185371,85.308586,0.34187496
2000-04-13,0,31.660425,33.04042486,78.253426,0.3032917
2000-04-14,0,30.560425,32.56756757,82.16806,0.31274998
2000-04-15,0,31.430426,32.023282,75.971535,0.29970834
2000-04-16,0,31.370424,31.583282,77.017334,0.31491667
2000-04-17,0,31.980427,31.60185357,80.667366,0.32487503
2000-04-18,0,33.660423,31.52756771,77.863976,0.30029166
2000-04-19,0,32.940426,31.94328229,79.743614,0.27783337
2000-04-20,0,31.620424,31.93756786,83.151,0.32337496
2000-04-21,0,31.470425,32.06756786,83.46455,0.34270835
2000-04-22,0,33.890427,32.41899657,78.71331,0.3505
2000-04-23,0,33.130424,32.67042514,75.66568,0.33362505
2000-04-24,0,30.460424,32.45328186,88.38766,0.40220833
2000-04-25,0,28.590425,31.72899643,82.136894,0.41933325
2000-04-26,0,27.440426,30.94328214,91.42959,0.43279168
2000-04-27,0,30.760426,30.82042529,86.53739,0.42100003
2000-04-28,0,31.350426,30.80328257,86.11145,0.423875
2000-04-29,0,32.760426,30.64185386,82.83457,0.42095837
2000-04-30,0,33.320423,30.66899657,80.67445,0.41670832
2000-05-01,0,31.120424,30.76328229,87.027336,0.41845834
2000-05-02,0,28.290424,30.720425,88.06885,0.42583334
2000-05-03,0,28.070425,30.81042486,84.9367,0.42166665
2000-05-04,0,31.260426,30.88185343,80.13322,0.40695834
2000-05-05,0,31.090425,30.84471043,78.81501,0.38183329
2000-05-06,0,31.070425,30.60328171,78.69392,0.36337495
2000-05-07,0,31.740425,30.37756771,78.80262,0.35387495
2000-05-08,0,31.940426,30.49471086,83.65292,0.3434167
2000-05-09,0,32.310425,31.06899671,81.817665,0.33195838
2000-05-10,0,33.730427,31.87756843,78.290695,0.3252917
2000-05-11,0,32.230427,32.01614,81.25105,0.37704167
2000-05-12,0,35.080425,32.58614,74.29534,0.34491667
2000-05-13,0,34.890427,33.13185457,74.96682,0.31762493
2000-05-14,0,33.950424,33.44756871,79.54145,0.32562497
2000-05-15,0,34.130424,33.76042557,77.18404,0.3484583
2000-05-16,0,31.350426,33.62328286,83.23112,0.3874167
2000-05-17,0,33.640427,33.61042571,84.069176,0.40912497
2000-05-18,0,31.850426,33.55613986,84.1004,0.41425002
2000-05-19,0,32.790424,33.22899686,87.76319,0.4141667
2000-05-20,0,28.960424,32.38185357,90.25904,0.4281666
2000-05-21,0,30.320425,31.86328229,86.38953,0.41704166
2000-05-22,0,29.200424,31.15899657,89.80771,0.43025002
2000-05-23,0,29.560425,30.90328214,88.926056,0.4291667
2000-05-24,0,31.150425,30.54756757,86.41436,0.42579162
2000-05-25,0,31.410425,30.48471029,88.46744,0.43095836
2000-05-26,0,30.220425,30.11756757,87.76922,0.42141664
2000-05-27,0,30.300425,30.30899629,85.500755,0.39641666
2000-05-28,0,33.420425,30.75185343,86.57462,0.38958332
2000-05-29,0,31.980427,31.14899671,82.42928,0.39591658
2000-05-30,0,32.090424,31.51042514,85.32943,0.4184167
2000-05-31,0,32.230427,31.66471114,84.85942,0.42141673
2000-06-01,0,33.130424,31.91042529,81.70988,0.41904166
2000-06-02,0,34.150425,32.47185386,79.293564,0.39991668
2000-06-03,0,33.980427,32.99756843,80.12463,0.37520826
2000-06-04,0,33.480427,33.00614014,82.16491,0.38087502
2000-06-05,0,33.450424,33.21613971,78.52474,0.39575005
2000-06-06,0,30.260426,32.95471143,84.74004,0.41462502
2000-06-07,0,29.140425,32.51328257,88.93964,0.41833332
2000-06-08,0,30.190426,32.09328286,88.18847,0.4168333
2000-06-09,0,31.310425,31.68756857,86.40042,0.42200002
2000-06-10,0,30.180426,31.14471129,91.71543,0.43200007
2000-06-11,0,30.140425,30.66756814,88.37873,0.42795834
2000-06-12,0,29.830425,30.15042543,89.05078,0.41645837
2000-06-13,0,30.220425,30.144711,87.26413,0.4235417
2000-06-14,0,30.380424,30.32185371,85.28684,0.41958335
2000-06-15,0,31.760426,30.54613943,84.42809,0.40829167
2000-06-16,0,32.210426,30.674711,83.43278,0.39249995
2000-06-17,0,33.640427,31.16899686,82.84502,0.4030417
2000-06-18,0,32.970425,31.57328257,79.97521,0.39791664
2000-06-19,0,30.370424,31.65042529,87.41282,0.42083335
2000-06-20,0,30.030424,31.62328229,86.893364,0.40779164
2000-06-21,0,31.700424,31.81185371,84.70455,0.40858328
2000-06-22,0,29.850426,31.53899657,87.82834,0.40529168
2000-06-23,0,30.270426,31.26185371,90.384674,0.42374995
2000-06-24,0,31.440426,30.94756786,89.336945,0.42975
2000-06-25,0,30.170425,30.54756786,89.31138,0.42945835
2000-06-26,0,31.580425,30.72042514,84.84348,0.41841674
2000-06-27,0,33.120426,31.161854,79.701546,0.38766658
2001-02-28,0,29.460424,28.86471029,74.03391,0.2804583
2001-03-01,0,29.980425,29.14471014,79.938934,0.25916672
2001-03-02,0,30.310425,29.37328171,78.83541,0.24150002
2001-03-03,0,29.490425,29.24899614,58.502884,0.22254167
2001-03-04,0,29.430426,29.073282,59.49583,0.207
2001-03-05,0,27.560425,29.160425,73.494156,0.19954161
2001-03-06,0,28.000425,29.17613929,75.47373,0.19062501
2001-03-07,0,29.320425,29.15613943,70.07755,0.18108332
2001-03-08,0,30.250425,29.19471086,62.330677,0.17475003
2001-03-09,0,30.700424,29.250425,63.795856,0.17250001
2001-03-10,0,31.460424,29.53185343,62.197586,0.16729166
2001-03-11,0,31.720425,29.85899614,62.025112,0.16354172
2001-03-12,0,31.930424,30.48328171,58.159275,0.15933336
2001-03-13,0,32.570423,31.13613857,54.419506,0.15770833
2001-03-14,0,32.650425,31.61185286,60.119244,0.14991671
2001-03-15,0,33.440426,32.06756729,69.31881,0.14195831
2001-03-16,0,33.980427,32.53613914,59.844875,0.13574998
2001-03-17,0,33.580425,32.83899643,60.242283,0.13437499
2001-03-18,0,33.770424,33.13185343,66.10551,0.13658331
2001-03-19,0,34.310425,33.47185357,53.205936,0.13987501
2001-03-20,0,33.980427,33.67328271,55.295914,0.14670831
2001-03-21,0,33.620426,33.81185429,66.299446,0.14950003
2001-03-22,0,34.570423,33.97328243,64.33708,0.14725001
2001-03-23,0,32.240425,33.72471071,65.84227,0.14866666
2001-03-24,0,33.440426,33.70471086,65.80255,0.14741668
2001-03-25,0,34.150425,33.75899671,58.07469,0.14204167
2001-03-26,0,35.920425,33.98899671,62.75565,0.13183333
2001-03-27,0,35.750423,34.24185329,67.09889,0.13116665
2001-03-28,0,34.230427,34.32899629,76.58626,0.14537497
2001-03-29,0,34.580425,34.33042514,75.10346,0.15441668
2001-03-30,0,32.760426,34.404711,78.1083,0.2174167
2001-03-31,0,31.290424,34.09756786,75.79685,0.364
2001-04-01,0,32.180424,33.81613914,77.19372,0.34570834
2001-04-02,0,30.270426,33.00899643,80.95896,0.34041667
2001-04-03,0,31.520426,32.40471114,77.70097,0.30508333
2001-04-04,0,32.510426,32.15899671,75.27505,0.27495834
2001-04-05,0,34.290424,32.117568,72.72604,0.2475416
2001-04-06,0,33.600426,32.237568,74.54552,0.22666664
2001-04-07,0,35.190426,32.79471114,72.05578,0.20866668
2001-04-08,0,34.980427,33.19471157,74.57493,0.19658335
2001-04-09,0,34.770424,33.83756843,76.97635,0.1907083
2001-04-10,0,34.430424,34.25328243,74.05187,0.18441665
2001-04-11,0,34.670425,34.56185371,74.68355,0.18741669
2001-04-12,0,34.870426,34.64471114,73.23632,0.23320831
2001-04-13,0,31.940426,34.40756829,82.88042,0.3360417
2001-04-14,0,30.010426,33.66756829,79.004166,0.3185833
2001-04-15,0,31.170425,33.12328229,76.5011,0.2895417
2001-04-16,0,31.210424,32.61471086,79.78588,0.32437497
2001-04-17,0,32.920425,32.39899671,75.0546,0.30941662
2001-04-18,0,31.880424,32.00042514,70.74167,0.2817916
2001-04-19,0,32.150425,31.61185357,73.822044,0.2544584
2001-04-20,0,34.090424,31.91899614,71.47013,0.23562495
2001-04-21,0,35.020424,32.63471014,59.93279,0.21287496
2001-04-22,0,35.720425,33.28471014,57.862705,0.19466667
2001-04-23,0,35.290424,33.86756729,55.96898,0.18158336
2001-04-24,0,35.940426,34.298996,65.54244,0.17312497
2001-04-25,0,37.000423,35.03042443,58.98706,0.1680417
2001-04-26,0,36.230427,35.61328186,64.862404,0.1642917
2001-04-27,0,35.620426,35.83185357,68.5322,0.16204168
2001-04-28,0,36.580425,36.05471086,74.82154,0.23370834
2001-04-29,0,34.940426,35.94328243,79.86793,0.33445835
2001-04-30,0,32.250423,35.50899657,80.82625,0.33841667
2001-05-01,0,31.180426,34.82899657,79.75603,0.36062503
2001-05-02,0,30.320425,33.87471114,83.924736,0.381
2001-05-03,0,28.210424,32.72899643,85.94955,0.39387503
2001-05-04,0,27.950424,31.63328186,88.57294,0.40491664
2001-05-05,0,30.150425,30.71471043,85.41448,0.4218334
2001-05-06,0,29.490425,29.93613886,85.71201,0.4239167
2001-05-07,0,28.980425,29.46899629,91.347115,0.4330833
2001-05-08,0,25.790424,28.698996,93.469124,0.43120834
2001-05-09,0,29.290424,28.551853,89.54028,0.419125
2001-05-10,0,25.580425,28.17613886,93.39301,0.42725
2001-05-11,0,26.550425,27.976139,89.81018,0.43095836
2001-05-12,0,28.370424,27.72185314,84.402214,0.41941667
2001-05-13,0,32.840424,28.20042443,73.961845,0.3815417
2001-05-14,0,33.470425,28.841853,76.90947,0.36145827
2001-05-15,0,33.300426,29.91471043,78.88701,0.35170832
2001-05-16,0,33.120426,30.46185357,80.88558,0.36891666
2001-05-17,0,33.610424,31.60899629,75.06391,0.36679164
2001-05-18,0,34.090424,32.686139,76.46029,0.3791667
2001-05-19,0,32.800426,33.31899643,81.30541,0.4033334
2001-05-20,0,32.650425,33.29185371,81.86991,0.417125
2001-05-21,0,33.410423,33.283282,81.01412,0.42170832
2001-05-22,0,30.260426,32.84899629,86.085144,0.41858327
2001-05-23,0,30.340425,32.45185329,83.89282,0.41475007
2001-05-24,0,29.080425,31.80471057,85.92105,0.41670826
2001-05-25,0,32.290424,31.54756771,80.9871,0.40629163
2001-05-26,0,32.400425,31.49042471,81.8477,0.39533338
2001-05-27,0,33.060425,31.54899614,83.37753,0.40625
2001-05-28,0,34.780426,31.74471086,77.97053,0.37962508
2001-05-29,0,31.200424,31.87899629,84.3779,0.39408338
2001-05-30,0,31.580425,32.05613914,82.48813,0.41958332
2001-05-31,0,31.530424,32.406139,84.72069,0.42316666
2001-06-01,0,32.130424,32.38328186,85.60346,0.42554167
2001-06-02,0,32.410423,32.38471014,86.39957,0.42658338
2001-06-03,0,31.490425,32.16042443,89.968346,0.43016663
2001-06-04,0,28.440426,31.25471014,91.95516,0.43220833
2001-06-05,0,28.350426,30.84756757,92.4379,0.43220833
2001-06-06,0,29.090425,30.49185329,91.02421,0.42212495
2001-06-07,0,30.990425,30.41471057,88.23525,0.42674997
2001-06-08,0,29.350426,30.017568,88.936584,0.42245832
2001-06-09,0,30.680426,29.77042557,85.68403,0.41912496
2001-06-10,0,32.560425,29.92328271,82.2286,0.41991666
2001-06-11,0,32.940426,30.56613986,78.976456,0.41325
2001-06-12,0,33.000423,31.23042514,75.33082,0.39816663
2001-06-13,0,30.710424,31.46185357,82.71412,0.40283334
2001-06-14,0,27.540424,30.96899629,91.45574,0.43291673
2001-06-15,0,29.290424,30.96042457,90.655945,0.4295834
2001-06-16,0,30.050425,30.87042443,91.74114,0.42920837
2001-06-17,0,28.900425,30.34756729,89.25219,0.42433333
2001-06-18,0,27.610424,29.58613843,93.421394,0.43162498
2001-06-19,0,29.960424,29.15185286,89.74637,0.42091668
2001-06-20,0,31.740425,29.29899586,88.2557,0.40941665
2001-06-21,0,30.880424,29.77613871,86.76133,0.420625
2001-06-22,0,31.550425,30.098996,83.77423,0.41533336
2001-06-23,0,31.390425,30.29042457,82.622665,0.41408336
2001-06-24,0,31.820425,30.70756743,82.78442,0.408875
2001-06-25,0,32.040424,31.34042457,82.327385,0.40041664
2001-06-26,0,32.330425,31.67899614,82.96709,0.40058336
2001-06-27,0,31.180426,31.59899629,86.13904,0.4152083
2002-02-28,0,29.710424,30.14042514,63.56261,0.16558333
2002-03-01,0,30.270426,30.16471086,65.02859,0.16341664
2002-03-02,0,31.000425,30.20042514,65.11347,0.16045833
2002-03-03,0,28.730425,29.82899657,72.494385,0.16170831
2002-03-04,0,28.880424,29.46613929,73.44897,0.16250001
2002-03-05,0,29.660425,29.52756786,59.63135,0.16162503
2002-03-06,0,29.670425,29.703282,62.16165,0.15808335
2002-03-07,0,30.040424,29.75042486,60.187805,0.15712504
2002-03-08,0,30.600426,29.79756771,54.908524,0.15766667
2002-03-09,0,30.440426,29.71756786,69.209206,0.15775003
2002-03-10,0,31.470425,30.10899643,75.014854,0.15762503
2002-03-11,0,32.060425,30.56328229,81.006714,0.165
2002-03-12,0,32.760426,31.00613957,65.47465,0.16237496
2002-03-13,0,31.660425,31.29042529,63.108948,0.16091667
2002-03-14,0,32.500423,31.64185371,61.428486,0.159375
2002-03-15,0,32.240425,31.87613929,56.999508,0.15558335
2002-03-16,0,31.830425,32.07471057,61.577267,0.14962502
2002-03-17,0,33.300426,32.33613929,64.130424,0.14891665
2002-03-18,0,33.590424,32.55471057,60.14133,0.15087499
2002-03-19,0,34.120426,32.74899629,57.50473,0.15312497
2002-03-20,0,33.920425,33.07185343,58.99394,0.15104164
2002-03-21,0,34.520424,33.360425,59.660137,0.14620839
2002-03-22,0,34.920425,33.74328214,63.21707,0.14575003
2002-03-23,0,33.030426,33.91471086,74.48278,0.15616663
2002-03-24,0,32.600426,33.81471086,74.57067,0.16691665
2002-03-25,0,31.420425,33.504711,77.91546,0.19033332
2002-03-26,0,31.500425,33.13042514,82.41627,0.2758333
2002-03-27,0,28.040424,32.290425,88.735634,0.37687495
2002-03-28,0,29.430426,31.56328243,83.61086,0.36079165
2002-03-29,0,28.590425,30.65899671,82.110565,0.3874166
2002-03-30,0,30.530424,30.30185357,75.29839,0.35754165
2002-03-31,0,30.640425,30.02185343,78.096924,0.32866672
2002-04-01,0,29.710424,29.77756757,83.822655,0.3718333
2002-04-02,0,27.440426,29.19756771,85.65638,0.4150416
2002-04-03,0,25.250425,28.79899643,86.40546,0.42850006
2002-04-04,0,28.410425,28.653282,83.01148,0.40600002
2002-04-05,0,30.420425,28.91471057,78.3649,0.37958333
2002-04-06,0,32.220425,29.15613929,81.38188,0.36258343
2002-04-07,0,31.260426,29.24471086,82.78289,0.3609166
2002-04-08,0,32.900425,29.70042529,81.62491,0.34337506
2002-04-09,0,29.570425,30.00471086,87.94663,0.39595833
2002-04-10,0,32.250423,31.00471057,79.469246,0.3747917
2002-04-11,0,27.910425,30.933282,83.30082,0.38575003
2002-04-12,0,29.010426,30.73185357,77.839745,0.3661667
2002-04-13,0,31.550425,30.63613929,68.72039,0.33879158
2002-04-14,0,30.670425,30.55185343,74.57734,0.3187084
2002-04-15,0,30.370424,30.19042471,82.79823,0.32241663
2002-04-16,0,31.160425,30.41756757,82.93502,0.32841668
2002-04-17,0,32.380424,30.43613914,83.02045,0.33312503
2002-04-18,0,33.190426,31.190425,79.403725,0.31841666
2002-04-19,0,33.710426,31.86185357,79.98125,0.30412498
2002-04-20,0,33.050426,32.07613943,78.7499,0.2933334
2002-04-21,0,33.110424,32.42471071,79.70879,0.31404167
2002-04-22,0,32.020424,32.660425,79.66968,0.31641665
2002-04-23,0,32.060425,32.78899643,73.39614,0.29991665
2002-04-24,0,31.390425,32.647568,75.18693,0.27441674
2002-04-25,0,31.860424,32.45756771,73.63424,0.25604162
2002-04-26,0,32.610424,32.30042457,81.25328,0.29404166
2002-04-27,0,32.460426,32.21613886,81.92414,0.37358335
2002-04-28,0,33.250423,32.23613871,78.889755,0.33808336
2002-04-29,0,32.710426,32.33471043,77.28579,0.31237498
2002-04-30,0,33.970425,32.60756757,79.55121,0.30820832
2002-05-01,0,30.450424,32.47328171,85.01168,0.354125
2002-05-02,0,32.450424,32.55756743,78.63319,0.35700002
2002-05-03,0,32.290424,32.51185314,73.973015,0.34575
2002-05-04,0,30.550425,32.23899586,84.06449,0.37450004
2002-05-05,0,30.020426,31.77756771,84.71667,0.41733336
2002-05-06,0,24.560425,30.61328186,95.602356,0.43162492
2002-05-07,0,30.910425,30.176139,82.245316,0.40604165
2002-05-08,0,31.120424,30.27185329,82.89164,0.3880833
2002-05-09,0,30.510426,29.99471071,82.94834,0.37666667
2002-05-10,0,30.440426,29.73042529,83.34677,0.39824998
2002-05-11,0,28.980425,29.50613957,90.109825,0.40474996
2002-05-12,0,31.660425,29.74042514,88.208824,0.4200833
2002-05-13,0,30.660425,30.61185371,83.766846,0.41274998
2002-05-14,0,32.320423,30.813282,82.91246,0.40983334
2002-05-15,0,31.580425,30.87899643,84.79668,0.41929165
2002-05-16,0,33.070423,31.24471029,76.77915,0.38633332
2002-05-17,0,33.930424,31.74328143,78.20429,0.38412502
2002-05-18,0,34.240425,32.49471,81.19804,0.38858333
2002-05-19,0,32.010426,32.54471014,83.50319,0.38762495
2002-05-20,0,35.800426,33.278996,80.0533,0.36404172
2002-05-21,0,33.740425,33.48185343,81.106575,0.342625
2002-05-22,0,33.350426,33.73471071,81.421974,0.33995828
2002-05-23,0,32.500423,33.65328214,83.80512,0.39699998
2002-05-24,0,28.170425,32.83042514,87.80932,0.42908335
2002-05-25,0,30.370424,32.27756786,85.96524,0.42804167
2002-05-26,0,26.050425,31.42613914,91.72412,0.4289167
2002-05-27,0,28.170425,30.336139,87.93127,0.43141666
2002-05-28,0,29.490425,29.72899614,87.172585,0.4343333
2002-05-29,0,29.120424,29.12471014,86.61807,0.42041668
2002-05-30,0,32.660423,29.14756729,79.25971,0.40266666
2002-05-31,0,30.180426,29.43471029,86.15713,0.42208338
2002-06-01,0,31.090425,29.53756757,85.67742,0.4164584
2002-06-02,0,32.280426,30.42756771,82.59503,0.41095838
2002-06-03,0,31.000425,30.83185343,85.75064,0.42337498
2002-06-04,0,30.690426,31.00328214,85.88565,0.42441666
2002-06-05,0,31.600426,31.35756814,83.11084,0.42583334
2002-06-06,0,31.330425,31.16756843,82.31159,0.417125
2002-06-07,0,31.230425,31.31756829,86.72495,0.4239167
2002-06-08,0,28.580425,30.95899686,90.28073,0.42870834
2002-06-09,0,31.920425,30.90756814,87.6327,0.41987503
2002-06-10,0,31.550425,30.98613957,84.37249,0.4142084
2002-06-11,0,30.940426,31.02185386,88.18214,0.4222916
2002-06-12,0,28.220425,30.53899657,89.94381,0.43004164
2002-06-13,0,26.750425,29.88471086,95.46826,0.43229163
2002-06-14,0,30.300425,29.75185371,89.0037,0.4295
2002-06-15,0,30.340425,30.00328229,89.5248,0.42670834
2002-06-16,0,29.140425,29.60613943,90.426476,0.428375
2002-06-17,0,32.690426,29.76899671,84.32476,0.41008338
2002-06-18,0,32.590424,30.00471071,82.10356,0.38954175
2002-06-19,0,31.880424,30.52756771,81.69241,0.39575002
2002-06-20,0,31.740425,31.24042486,80.44702,0.39179167
2002-06-21,0,30.330425,31.24471057,87.94773,0.41141668
2002-06-22,0,28.450424,30.97471043,94.309944,0.4340833
2002-06-23,0,31.510426,31.313282,87.01993,0.41845834
2002-06-24,0,30.570425,31.01042471,84.44919,0.39841667
2002-06-25,0,30.500425,30.71185343,88.1354,0.4065834
2002-06-26,0,30.670425,30.53899643,88.024666,0.41758335
2002-06-27,0,33.420425,30.77899643,81.40803,0.39900005
2003-02-28,0,30.660425,29.05899643,67.49146,0.1497917
2003-03-01,0,31.790424,29.80042471,68.06568,0.14645836
2003-03-02,0,32.530426,30.43899629,67.62054,0.13862501
2003-03-03,0,34.230427,31.20899657,66.691345,0.13708335
2003-03-04,0,32.840424,31.70185357,51.553345,0.13641666
2003-03-05,0,25.390425,30.960425,50.36453,0.14624998
2003-03-06,0,26.680426,30.58899671,59.063114,0.15037502
2003-03-07,0,27.830425,30.184711,55.78519,0.15070836
2003-03-08,0,29.330425,29.83328257,53.543858,0.1483333
2003-03-09,0,29.510426,29.401854,54.3522,0.14662497
2003-03-10,0,30.090425,28.81042514,55.96258,0.14754169
2003-03-11,0,28.930426,28.251854,76.91011,0.15312499
2003-03-12,0,24.790424,28.16613957,84.33894,0.18925004
2003-03-13,0,27.720425,28.31471086,77.40618,0.21966667
2003-03-14,0,27.550425,28.27471086,79.79464,0.21350001
2003-03-15,0,27.750425,28.04899657,82.01542,0.22774999
2003-03-16,0,30.840425,28.23899643,74.360344,0.2174167
2003-03-17,0,25.710424,27.613282,84.72609,0.32637498
2003-03-18,0,28.510426,27.553282,81.27246,0.30666667
2003-03-19,0,29.860424,28.27756771,78.52518,0.27387497
2003-03-20,0,28.730425,28.42185343,72.51295,0.24599998
2003-03-21,0,29.460424,28.69471043,74.42722,0.22550006
2003-03-22,0,30.460424,29.08185314,70.52618,0.20816667
2003-03-23,0,31.770426,29.21471043,65.60531,0.18854171
2003-03-24,0,32.380424,30.16756757,65.233055,0.17412502
2003-03-25,0,32.030426,30.67042471,70.76557,0.16504164
2003-03-26,0,32.930424,31.10899614,72.531136,0.161625
2003-03-27,0,30.800425,31.40471043,75.91323,0.16270833
2003-03-28,0,32.160423,31.79042457,67.3498,0.15399997
2003-03-29,0,32.730427,32.11471071,69.478264,0.14649999
2003-03-30,0,31.780424,32.116139,75.58593,0.16712503
2003-03-31,0,28.030424,31.49471043,89.31287,0.3591667
2003-04-01,0,29.510426,31.13471043,85.468315,0.38454172
2003-04-02,0,33.630424,31.23471043,77.74266,0.33875
2003-04-03,0,32.920425,31.53756757,79.32084,0.31916672
2003-04-04,0,29.810425,31.20185357,82.877495,0.32075003
2003-04-05,0,30.380424,30.86613886,80.26095,0.30995825
2003-04-06,0,33.420425,31.10042471,75.1941,0.28704172
2003-04-07,0,34.360424,32.00471043,74.20959,0.26650003
2003-04-08,0,34.290424,32.68756729,69.84123,0.24891664
2003-04-09,0,34.050426,32.74756757,72.59336,0.23354168
2003-04-10,0,34.320423,32.94756729,74.00099,0.21995835
2003-04-11,0,34.500423,33.617567,74.575584,0.20808335
2003-04-12,0,35.200424,34.30613843,74.104164,0.20016669
2003-04-13,0,34.720425,34.49185271,74.34945,0.21108331
2003-04-14,0,32.980427,34.29471029,77.76468,0.352875
2003-04-15,0,30.150425,33.70328186,83.81397,0.33541667
2003-04-16,0,32.350426,33.46042471,79.19153,0.33066666
2003-04-17,0,31.650425,33.07899643,84.00212,0.36191666
2003-04-18,0,32.860424,32.84471086,85.77236,0.3877084
2003-04-19,0,32.700424,32.487568,81.28945,0.3847917
2003-04-20,0,31.810425,32.07185371,84.64373,0.40320835
2003-04-21,0,31.450424,31.85328186,82.06417,0.40166667
2003-04-22,0,33.770424,32.37042457,79.10402,0.39112505
2003-04-23,0,31.110424,32.19328143,81.33451,0.38900003
2003-04-24,0,32.720425,32.34613857,78.79888,0.36758336
2003-04-25,0,32.410423,32.28185271,81.96566,0.349125
2003-04-26,0,33.760426,32.43328157,76.87495,0.3299583
2003-04-27,0,34.160423,32.76899557,75.95615,0.31883332
2003-04-28,0,30.890425,32.68899571,80.71689,0.33254164
2003-04-29,0,33.210426,32.608996,78.532646,0.3399583
2003-04-30,0,31.670425,32.68899614,77.207756,0.36904165
2003-05-01,0,30.650425,32.39328186,78.29837,0.37875
2003-05-02,0,28.520426,31.837568,87.36261,0.42320833
2003-05-03,0,29.150425,31.17899643,87.55133,0.4220833
2003-05-04,0,33.420425,31.07328243,84.13727,0.41224995
2003-05-05,0,34.900425,31.64613957,77.7548,0.388375
2003-05-06,0,33.060425,31.62471086,80.25439,0.3735417
2003-05-07,0,33.590424,31.89899643,79.81771,0.36012506
2003-05-08,0,32.920425,32.22328214,79.61518,0.3702083
2003-05-09,0,32.520424,32.79471043,76.60659,0.37770832
2003-05-10,0,32.840424,33.32185314,74.01773,0.3522499
2003-05-11,0,32.890427,33.24613914,76.59443,0.33362496
2003-05-12,0,33.170425,32.99899629,73.4302,0.31866673
2003-05-13,0,34.000423,33.13328171,72.732216,0.30245826
2003-05-14,0,32.690426,33.00471057,81.89898,0.2987083
2003-05-15,0,31.690426,32.82899643,82.34905,0.29891664
2003-05-16,0,31.910423,32.74185343,82.43188,0.29999995
2003-05-17,0,33.640427,32.85613957,81.95346,0.2987916
2003-05-18,0,32.910423,32.85899614,80.34555,0.2895833
2003-05-19,0,33.140427,32.85471071,77.08599,0.26925
2003-05-20,0,34.420425,32.914711,76.850586,0.29495832
2003-05-21,0,31.430426,32.734711,86.31382,0.40354168
2003-05-22,0,30.730425,32.597568,85.75897,0.415
2003-05-23,0,31.930424,32.60042529,83.35651,0.41512498
2003-05-24,0,33.130424,32.52756771,84.3546,0.41233337
2003-05-25,0,33.400425,32.597568,81.39679,0.39929166
2003-05-26,0,35.600426,32.94899643,80.100494,0.37120828
2003-05-27,0,35.230427,33.064711,80.545456,0.3620417
2003-05-28,0,35.160423,33.59756771,79.32079,0.35591665
2003-05-29,0,34.030426,34.06899643,77.41237,0.33329162
2003-05-30,0,34.700424,34.46471071,79.07012,0.30999997
2003-05-31,0,35.260426,34.76899671,78.57256,0.29283336
2003-06-01,0,34.670425,34.95042529,76.335655,0.275625
2003-06-02,0,35.100426,34.87899671,75.63421,0.25920838
2003-06-03,0,34.910423,34.83328186,76.682434,0.24845833
2003-06-04,0,33.840424,34.64471057,80.57218,0.27700004
2003-06-05,0,27.670425,33.736139,90.501274,0.34670833
2003-06-06,0,29.130424,32.94042471,88.64383,0.40962496
2003-06-07,0,30.220425,32.22042457,90.896065,0.41975
2003-06-08,0,31.170425,31.72042457,87.95779,0.41970837
2003-06-09,0,28.150425,30.72756729,95.19772,0.43741658
2003-06-10,0,25.980425,29.45185329,95.60128,0.43008336
2003-06-11,0,28.330425,28.66471057,92.58145,0.42075
2003-06-12,0,32.340424,29.33185329,84.10209,0.405375
2003-06-13,0,32.970425,29.88042486,82.22802,0.39049998
2003-06-14,0,31.150425,30.013282,83.46479,0.41887498
2003-06-15,0,31.830425,30.10756771,84.404854,0.4163333
2003-06-16,0,30.560425,30.45185343,86.29635,0.42508337
2003-06-17,0,32.990425,31.453282,84.65475,0.41529167
2003-06-18,0,29.510426,31.62185357,88.27414,0.4179167
2003-06-19,0,31.450424,31.49471071,85.02953,0.4137917
2003-06-20,0,29.550425,31.00613929,88.15383,0.4230417
2003-06-21,0,29.250425,30.73471071,93.180695,0.43462503
2003-06-22,0,28.630424,30.27756771,93.77423,0.4328333
2003-06-23,0,29.820425,30.17185343,88.83731,0.42112502
2003-06-24,0,33.300426,30.21613929,84.02267,0.41275004
2003-06-25,0,30.930426,30.41899643,87.67387,0.4265833
2003-06-26,0,30.050425,30.21899657,90.98521,0.42804167
2003-06-27,0,29.320425,30.18613943,91.2759,0.43183336
2004-02-29,0,33.090424,30.673282,74.45985,0.15754163
2004-03-01,0,32.110424,30.976139,66.839,0.15404165
2004-03-02,0,31.230425,31.17471043,55.403168,0.1486667
2004-03-03,0,30.900425,31.34042471,57.14654,0.1427917
2004-03-04,0,31.510426,31.67756771,55.77359,0.14158332
2004-03-05,0,31.150425,31.77042486,58.87709,0.13991667
2004-03-06,0,32.290424,31.75471043,56.610992,0.13916665
2004-03-07,0,24.350426,30.50613929,73.44049,0.14237504
2004-03-08,0,31.210424,30.37756786,63.668255,0.14654164
2004-03-09,0,32.940426,30.62185371,55.324036,0.14987503
2004-03-10,0,22.060425,29.35899657,89.644356,0.20599999
2004-03-11,0,28.560425,28.93756786,76.336945,0.20816666
2004-03-12,0,30.910425,28.90328214,70.09377,0.19633336
2004-03-13,0,32.050426,28.86899671,71.32413,0.18445833
2004-03-14,0,32.970425,30.10042514,68.6986,0.17350005
2004-03-15,0,33.870426,30.48042543,66.60055,0.16604172
2004-03-16,0,33.900425,30.61756814,64.672585,0.15966666
2004-03-17,0,33.890427,32.30756843,76.89282,0.16058333
2004-03-18,0,32.440426,32.86185429,73.76582,0.15749998
2004-03-19,0,32.120426,33.03471157,74.90064,0.15508333
2004-03-20,0,33.940426,33.30471157,70.16027,0.15362498
2004-03-21,0,34.370426,33.50471171,69.93882,0.15166664
2004-03-22,0,34.800426,33.63756886,70.70836,0.151875
2004-03-23,0,34.440426,33.71471186,72.60499,0.1533333
2004-03-24,0,34.350426,33.780426,73.73612,0.15449996
2004-03-25,0,35.640427,34.237569,71.98076,0.15366666
2004-03-26,0,34.430424,34.56756871,71.63152,0.15291663
2004-03-27,0,35.400425,34.77614,69.26769,0.15325001
2004-03-28,0,36.430424,35.07042543,65.77318,0.15429163
2004-03-29,0,36.150425,35.26328243,70.28031,0.15787496
2004-03-30,0,31.920425,34.90328229,74.33982,0.16404165
2004-03-31,0,32.340424,34.61613914,78.377495,0.16470833
2004-04-01,0,31.910423,34.08328143,74.42538,0.18599999
2004-04-02,0,32.650425,33.82899586,76.348114,0.22716665
2004-04-03,0,31.890425,33.32756729,79.13033,0.35841668
2004-04-04,0,29.640425,32.35756743,85.58254,0.38862503
2004-04-05,0,29.410425,31.39471029,86.182976,0.3829167
2004-04-06,0,29.330425,31.02471029,84.05045,0.395125
2004-04-07,0,27.060425,30.27042471,84.30663,0.41258338
2004-04-08,0,29.330425,29.90185357,79.361176,0.40604174
2004-04-09,0,27.960424,29.23185343,82.17635,0.40758336
2004-04-10,0,27.380424,28.58756757,87.430916,0.4252917
2004-04-11,0,32.530426,29.00042486,84.565315,0.41641665
2004-04-12,0,32.170425,29.39471057,84.415215,0.4162083
2004-04-13,0,33.290424,29.96042471,81.42925,0.39483342
2004-04-14,0,33.360424,30.86042457,80.356255,0.3700833
2004-04-15,0,33.380424,31.43899586,79.52445,0.35566664
2004-04-16,0,33.480427,32.22756771,80.95502,0.3395834
2004-04-17,0,33.370426,33.08328229,80.60787,0.3379167
2004-04-18,0,29.140425,32.59899643,87.99102,0.41200003
2004-04-19,0,28.980425,32.14328214,84.25944,0.41337493
2004-04-20,0,29.140425,31.55042514,82.83684,0.4097083
2004-04-21,0,31.610424,31.30042514,81.471,0.40875003
2004-04-22,0,31.380424,31.01471086,82.658356,0.41587496
2004-04-23,0,29.380424,30.42899614,86.30045,0.42233336
2004-04-24,0,30.240425,29.98185314,83.99532,0.4059167
2004-04-25,0,31.120424,30.26471014,83.600945,0.3879167
2004-04-26,0,32.450424,30.76042429,80.32023,0.37066665
2004-04-27,0,31.890425,31.15328143,81.69671,0.37416664
2004-04-28,0,31.770426,31.17613886,78.6891,0.3859166
2004-04-29,0,31.240425,31.156139,82.64184,0.390375
2004-04-30,0,32.290424,31.57185329,83.7765,0.40133342
2004-05-01,0,33.660423,32.06042443,80.2564,0.374125
2004-05-02,0,33.970425,32.46756743,77.30387,0.35729173
2004-05-03,0,34.750423,32.79613871,71.565025,0.33483338
2004-05-04,0,35.020424,33.24328143,68.94491,0.31354168
2004-05-05,0,34.450424,33.62613829,71.875404,0.2940417
2004-05-06,0,35.730427,34.26756714,76.76291,0.27470836
2004-05-07,0,34.390427,34.56756757,75.89541,0.25879171
2004-05-08,0,34.940426,34.75042514,74.554985,0.24195834
2004-05-09,0,34.470425,34.82185371,74.211296,0.22645837
2004-05-10,0,34.390427,34.77042571,73.568184,0.21470834
2004-05-11,0,34.850426,34.74614029,75.4197,0.20674999
2004-05-12,0,34.450424,34.74614029,75.62167,0.20166661
2004-05-13,0,34.930424,34.63185414,77.50198,0.21612503
2004-05-14,0,34.320423,34.62185357,78.98571,0.30262497
2004-05-15,0,34.470425,34.55471057,81.283104,0.39616668
2004-05-16,0,34.080425,34.49899629,78.42433,0.37358332
2004-05-17,0,32.710426,34.25899614,83.39548,0.37983337
2004-05-18,0,33.500423,34.06613857,78.56848,0.38091668
2004-05-19,0,33.940426,33.99328171,78.71398,0.35616663
2004-05-20,0,32.680424,33.67185314,84.30195,0.36212504
2004-05-21,0,30.680426,33.15185357,82.28737,0.36312497
2004-05-22,0,33.380424,32.99613914,79.81369,0.4018334
2004-05-23,0,29.170425,32.29471057,85.85085,0.41491672
2004-05-24,0,29.820425,31.88185329,83.87504,0.41579166
2004-05-25,0,31.980427,31.664711,88.33828,0.42745832
2004-05-26,0,32.010426,31.38899671,84.29505,0.42237505
2004-05-27,0,31.250425,31.18471114,84.23662,0.417125
2004-05-28,0,33.250423,31.55185357,81.96192,0.42087504
2004-05-29,0,32.960426,31.49185386,81.828735,0.41216668
2004-05-30,0,33.110424,32.05471086,83.56733,0.41708335
2004-05-31,0,32.940426,32.50042529,83.13376,0.4127917
2004-06-01,0,33.090424,32.65899629,83.9203,0.41883337
2004-06-02,0,32.230427,32.690425,80.75784,0.42204168
2004-06-03,0,30.040424,32.51756771,89.75527,0.43116662
2004-06-04,0,30.610424,32.140425,85.78736,0.42212498
2004-06-05,0,32.760426,32.11185357,84.15702,0.40275002
2004-06-06,0,31.280424,31.850425,85.17773,0.4115417
2004-06-07,0,33.720425,31.96185343,79.507164,0.39520836
2004-06-08,0,32.750423,31.91328186,80.81848,0.3890833
2004-06-09,0,33.920425,32.15471014,79.50058,0.39591667
2004-06-10,0,34.160423,32.74328143,77.29894,0.37383333
2004-06-11,0,33.090424,33.09756714,81.053925,0.39995834
2004-06-12,0,32.360424,33.040424,85.04596,0.42400005
2004-06-13,0,30.300425,32.90042414,86.48402,0.42054164
2004-06-14,0,30.320425,32.41470986,86.224434,0.41454163
2004-06-15,0,30.920425,32.15328157,86.18627,0.42229167
2004-06-16,0,32.790424,31.99185286,85.84998,0.4163333
2004-06-17,0,32.080425,31.69471029,85.70962,0.42025006
2004-06-18,0,29.930426,31.243282,92.56304,0.42870834
2004-06-19,0,31.020426,31.05185371,90.928444,0.4345833
2004-06-20,0,31.380424,31.20613929,90.70217,0.4350417
2004-06-21,0,28.880424,31.00042486,88.983406,0.43537498
2004-06-22,0,31.100426,31.02613929,90.00541,0.429
2004-06-23,0,33.880424,31.18185357,86.08231,0.42195836
2004-06-24,0,30.490425,30.95471071,88.489265,0.41312504
2004-06-25,0,30.960424,31.10185329,88.34994,0.4178333
2004-06-26,0,31.710424,31.20042443,84.6478,0.40287498
2004-06-27,0,33.000423,31.43185286,84.92572,0.4211667
2005-02-28,0,30.310425,29.28185357,63.15648,0.15758333
2005-03-01,0,31.610424,29.59613914,65.82147,0.15300003
2005-03-02,0,33.000423,30.141853,61.615295,0.1507917
2005-03-03,0,33.420425,30.90042457,60.703472,0.15066668
2005-03-04,0,34.010426,31.69899614,65.434204,0.15345836
2005-03-05,0,32.180424,32.05613871,77.393745,0.17095833
2005-03-06,0,35.150425,32.81185314,68.75808,0.18125004
2005-03-07,0,33.120426,33.21328186,75.95176,0.17849998
2005-03-08,0,30.690426,33.08185357,74.6326,0.17612503
2005-03-09,0,32.220425,32.97042529,62.825993,0.16583334
2005-03-10,0,32.860424,32.89042514,65.11097,0.15841663
2005-03-11,0,29.050425,32.18185357,79.31451,0.22854166
2005-03-12,0,26.980425,31.43899657,80.67063,0.25841665
2005-03-13,0,31.270426,30.884711,70.55815,0.23612504
2005-03-14,0,32.260426,30.76185386,65.75107,0.21516669
2005-03-15,0,30.950424,30.79899643,63.908535,0.20233332
2005-03-16,0,31.160425,30.64756786,70.44562,0.19299996
2005-03-17,0,31.390425,30.437568,71.23315,0.18329167
2005-03-18,0,29.700424,30.530425,79.0364,0.17949998
2005-03-19,0,31.520426,31.17899657,75.56455,0.18708335
2005-03-20,0,33.950424,31.56185343,72.32411,0.19725001
2005-03-21,0,34.480427,31.87899643,71.2218,0.18195836
2005-03-22,0,34.590424,32.39899643,74.04567,0.19741671
2005-03-23,0,30.680426,32.33042514,82.79682,0.3013333
2005-03-24,0,21.460424,30.91185357,94.254616,0.4159167
2005-03-25,0,28.180426,30.694711,79.3667,0.38324997
2005-03-26,0,29.250425,30.37042514,79.94167,0.355
2005-03-27,0,31.300425,29.99185386,81.95245,0.34162495
2005-03-28,0,31.930424,29.62756771,78.102974,0.33204174
2005-03-29,0,30.560425,29.05185357,80.82643,0.31949994
2005-03-30,0,30.960424,29.09185329,79.670845,0.31270823
2005-03-31,0,29.570425,30.25042486,87.907135,0.3597083
2005-04-01,0,30.810425,30.626139,77.87498,0.34925
2005-04-02,0,33.350426,31.21185343,72.26816,0.3247501
2005-04-03,0,32.950424,31.44756757,67.05725,0.30179173
2005-04-04,0,31.230425,31.34756771,70.00895,0.28170833
2005-04-05,0,31.720425,31.513282,72.08445,0.2630833
2005-04-06,0,31.740425,31.62471071,77.30917,0.24745835
2005-04-07,0,32.310425,32.01613929,74.65484,0.23412503
2005-04-08,0,31.850426,32.16471086,74.90421,0.2246667
2005-04-09,0,32.620426,32.06042514,78.87405,0.21925002
2005-04-10,0,30.650425,31.73185386,84.74202,0.28754166
2005-04-11,0,31.370424,31.75185371,85.75803,0.32508335
2005-04-12,0,32.370426,31.844711,77.325714,0.30116662
2005-04-13,0,32.770424,31.99185371,69.930504,0.2685833
2005-04-14,0,33.300426,32.13328243,74.31837,0.24437499
2005-04-15,0,33.970425,32.43613943,75.66555,0.22429164
2005-04-16,0,33.320423,32.536139,76.6066,0.20933335
2005-04-17,0,34.730427,33.11899643,77.51017,0.23674999
2005-04-18,0,34.160423,33.51756771,75.49158,0.25879166
2005-04-19,0,33.330425,33.65471043,78.962906,0.2705417
2005-04-20,0,34.650425,33.923282,70.30656,0.2472083
2005-04-21,0,34.740425,34.12899614,67.73109,0.21941663
2005-04-22,0,34.670425,34.22899614,69.3567,0.19824998
2005-04-23,0,33.620426,34.27185371,72.81873,0.18550001
2005-04-24,0,34.060425,34.17613914,71.18853,0.17470837
2005-04-25,0,33.600426,34.09613957,78.25974,0.19108331
2005-04-26,0,34.010426,34.19328257,74.26854,0.20045835
2005-04-27,0,32.720425,33.91756829,77.35798,0.21050005
2005-04-28,0,34.180424,33.83756814,78.422844,0.27691665
2005-04-29,0,32.150425,33.47756814,79.6137,0.32287505
2005-04-30,0,30.670425,33.05613943,80.83628,0.3705833
2005-05-01,0,32.270424,32.800425,74.77277,0.320125
2005-05-02,0,31.930424,32.56185329,75.935326,0.302375
2005-05-03,0,31.550425,32.21042457,75.736946,0.33504167
2005-05-04,0,30.630424,31.911853,84.02433,0.33191666
2005-05-05,0,26.920425,30.87471029,87.90064,0.3815417
2005-05-06,0,30.360424,30.61899586,82.49781,0.39845833
2005-05-07,0,30.170425,30.54756729,80.41056,0.3884584
2005-05-08,0,29.680426,30.17756757,84.4925,0.3790833
2005-05-09,0,31.280424,30.08471043,84.7992,0.36591673
2005-05-10,0,34.870426,30.55899629,79.19826,0.34770834
2005-05-11,0,35.220425,31.21471071,76.9031,0.33283335
2005-05-12,0,33.860424,32.20613914,74.31727,0.3057083
2005-05-13,0,34.700424,32.82613914,74.66273,0.28449997
2005-05-14,0,34.600426,33.45899643,73.42893,0.27204162
2005-05-15,0,30.660425,33.59899629,84.452835,0.3573333
2005-05-16,0,34.950424,34.123282,79.16714,0.34479165
2005-05-17,0,32.520424,33.78756743,81.40946,0.34962496
2005-05-18,0,33.630424,33.56042443,77.96514,0.35516667
2005-05-19,0,29.750425,32.97328171,90.28638,0.41929165
2005-05-20,0,31.390425,32.50042471,85.35125,0.41800007
2005-05-21,0,29.750425,31.80756743,85.02677,0.42262495
2005-05-22,0,28.940426,31.56185329,87.14929,0.42687508
2005-05-23,0,29.950424,30.84756757,86.88366,0.42558327
2005-05-24,0,31.000425,30.63042486,86.64902,0.4232916
2005-05-25,0,33.080425,30.55185357,86.23167,0.42020825
2005-05-26,0,33.910423,31.146139,78.90931,0.4011667
2005-05-27,0,34.160423,31.541853,78.96003,0.3789583
2005-05-28,0,34.770424,32.25899571,77.686554,0.36091664
2005-05-29,0,34.170425,33.00613843,78.52199,0.3446667
2005-05-30,0,33.770424,33.55185271,74.70185,0.32829162
2005-05-31,0,34.270424,34.01899543,75.87937,0.30970827
2005-06-01,0,34.140427,34.17042429,77.815704,0.29325002
2005-06-02,0,35.570423,34.40756714,78.687355,0.28191662
2005-06-03,0,35.450424,34.591853,75.48502,0.26783335
2005-06-04,0,33.370426,34.39185329,76.941154,0.26987496
2005-06-05,0,33.160423,34.24756729,83.32206,0.3466666
2005-06-06,0,33.400425,34.19471029,84.859314,0.39679167
2005-06-07,0,32.730427,33.97471071,83.048805,0.38016665
2005-06-08,0,33.920425,33.94328186,81.46431,0.38491666
2005-06-09,0,33.720425,33.67899643,80.23426,0.39537492
2005-06-10,0,35.170425,33.63899657,80.842606,0.36362496
2005-06-11,0,34.540424,33.80613914,82.29333,0.34699997
2005-06-12,0,33.750423,33.89042486,78.647095,0.32887498
2005-06-13,0,31.770426,33.65756786,87.99637,0.36312497
2005-06-14,0,30.730425,33.37185329,90.05118,0.39904162
2005-06-15,0,31.850426,33.07613914,87.64783,0.41241658
2005-06-16,0,30.220425,32.57613914,91.54725,0.4212083
2005-06-17,0,32.610424,32.21042471,90.79858,0.42333338
2005-06-18,0,33.820423,32.10756743,84.68339,0.40199998
2005-06-19,0,32.540424,31.93471043,82.68535,0.39124998
2005-06-20,0,31.870424,31.94899586,82.56109,0.38570836
2005-06-21,0,33.040424,32.27899571,83.07519,0.3782917
2005-06-22,0,31.080425,32.16899557,84.861244,0.39570835
2005-06-23,0,30.340425,32.18613843,86.5684,0.41441664
2005-06-24,0,31.240425,31.99042429,87.10776,0.42016664
2005-06-25,0,30.170425,31.468996,87.485085,0.41645828
2005-06-26,0,31.640425,31.34042471,85.919,0.41075003
2005-06-27,0,30.410425,31.13185343,85.169,0.4022083
2006-02-28,0,33.230427,33.243282,63.64374,0.15304165
2006-03-01,0,31.600426,33.21185357,65.17753,0.152375
2006-03-02,0,31.690426,33.19471086,52.82259,0.15366663
2006-03-03,0,30.290424,32.76613943,62.457977,0.15570834
2006-03-04,0,30.430426,32.34899657,62.81633,0.15070833
2006-03-05,0,31.480425,31.99613957,69.52954,0.154875
2006-03-06,0,32.230427,31.56471157,70.711586,0.15441668
2006-03-07,0,32.940426,31.52328286,70.10797,0.15545835
2006-03-08,0,33.460426,31.78899714,66.9489,0.15883332
2006-03-09,0,33.890427,32.103283,64.084816,0.1593333
2006-03-10,0,34.550426,32.71185471,57.057003,0.15574996
2006-03-11,0,27.590425,32.30614029,72.11998,0.16045837
2006-03-12,0,29.370424,32.00471157,70.408325,0.16679166
2006-03-13,0,30.670425,31.78185414,64.55734,0.15554167
2006-03-14,0,31.870424,31.62899671,63.437023,0.14733334
2006-03-15,0,31.900425,31.40613943,61.72495,0.14395833
2006-03-16,0,31.230425,31.02613914,69.62145,0.15095836
2006-03-17,0,31.880424,30.64471029,57.09619,0.14933336
2006-03-18,0,32.150425,31.29613886,50.74886,0.14929168
2006-03-19,0,32.590424,31.75613886,47.91171,0.14662504
2006-03-20,0,32.730427,32.05042486,54.68312,0.14574997
2006-03-21,0,34.100426,32.36899657,55.544163,0.14424999
2006-03-22,0,34.420425,32.72899657,65.53929,0.15108334
2006-03-23,0,34.560425,33.20471086,58.92493,0.15304166
2006-03-24,0,34.610424,33.59471086,60.323605,0.15354164
2006-03-25,0,35.760426,34.11042529,61.02408,0.15566666
2006-03-26,0,37.820423,34.857568,65.152405,0.15654166
2006-03-27,0,35.880424,35.30756757,69.27529,0.15716666
2006-03-28,0,35.090424,35.44899586,55.86215,0.15304168
2006-03-29,0,35.520424,35.60613857,50.712757,0.14758332
2006-03-30,0,34.900425,35.65471,52.845463,0.14300002
2006-03-31,0,35.400425,35.76756729,61.12228,0.1465417
2006-04-01,0,34.450424,35.58042414,68.1282,0.151
2006-04-02,0,34.410423,35.09328129,69.90685,0.16245829
2006-04-03,0,32.190426,34.56613871,79.695404,0.273
2006-04-04,0,29.370424,33.74899586,88.26623,0.39245835
2006-04-05,0,30.960424,33.09756729,84.286446,0.3959584
2006-04-06,0,31.810425,32.65613871,83.699715,0.40554166
2006-04-07,0,33.290424,32.35471,79.38961,0.39962497
2006-04-08,0,32.300426,32.04756743,82.9755,0.40391663
2006-04-09,0,30.800425,31.53185343,82.414154,0.40483332
2006-04-10,0,31.800425,31.476139,77.81829,0.37454164
2006-04-11,0,33.230427,32.027568,78.81592,0.35541666
2006-04-12,0,34.070423,32.47185357,80.89927,0.3370416
2006-04-13,0,33.810425,32.75756786,79.730095,0.36087498
2006-04-14,0,33.600426,32.80185386,81.063225,0.37079164
2006-04-15,0,33.760426,33.01042529,80.58332,0.3405834
2006-04-16,0,32.290424,33.22328229,81.988075,0.32287505
2006-04-17,0,31.390425,33.16471086,80.17218,0.3419583
2006-04-18,0,27.760426,32.38328214,80.48348,0.36041668
2006-04-19,0,29.450424,31.72328229,80.94481,0.3857917
2006-04-20,0,31.320425,31.367568,73.37442,0.34887502
2006-04-21,0,32.810425,31.25471071,71.975334,0.32312497
2006-04-22,0,32.600426,31.08899643,74.22189,0.30362508
2006-04-23,0,31.630424,30.99471071,77.94009,0.29474995
2006-04-24,0,31.410425,30.99756786,75.35699,0.29212508
2006-04-25,0,32.500423,31.67471029,75.5124,0.28754172
2006-04-26,0,34.500423,32.39613871,74.72988,0.2779167
2006-04-27,0,31.380424,32.40471,74.13,0.29741666
2006-04-28,0,33.200424,32.46042414,73.65781,0.297
2006-04-29,0,35.130424,32.82185243,66.088905,0.26187494
2006-04-30,0,35.210426,33.33328129,66.69122,0.23766662
2006-05-01,0,35.230427,33.87899586,71.68298,0.22120838
2006-05-02,0,35.570423,34.31756729,66.99487,0.2035833
2006-05-03,0,35.420425,34.44899614,67.031044,0.18991672
2006-05-04,0,35.780426,35.07756786,69.57198,0.18354166
2006-05-05,0,35.480427,35.40328257,67.97959,0.18550001
2006-05-06,0,34.670425,35.33756843,75.21672,0.242875
2006-05-07,0,28.480425,34.37613971,84.97297,0.38700008
2006-05-08,0,30.730425,33.73328229,80.910576,0.3935
2006-05-09,0,31.950424,33.21613957,82.18215,0.39262494
2006-05-10,0,31.180426,32.61042543,83.19198,0.3882083
2006-05-11,0,30.840425,31.904711,87.73132,0.4226667
2006-05-12,0,28.310425,30.880425,90.23768,0.42387506
2006-05-13,0,30.450424,30.27756771,82.6002,0.41491666
2006-05-14,0,30.010426,30.49613929,85.289604,0.42916667
2006-05-15,0,30.720425,30.49471071,82.032394,0.40091667
2006-05-16,0,33.900425,30.77328229,74.54209,0.37270835
2006-05-17,0,34.000423,31.176139,76.197975,0.35137498
2006-05-18,0,35.420425,31.83042471,70.63854,0.3299583
2006-05-19,0,35.930424,32.918996,69.93036,0.30949995
2006-05-20,0,32.480427,33.20899643,75.3796,0.3052083
2006-05-21,0,33.660423,33.73042457,77.02448,0.29262504
2006-05-22,0,36.220425,34.51613886,70.532005,0.2767916
2006-05-23,0,35.440426,34.736139,74.17129,0.26133335
2006-05-24,0,35.630424,34.96899629,78.23726,0.27995834
2006-05-25,0,35.080425,34.92042486,78.89796,0.37070835
2006-05-26,0,27.730425,33.74899643,91.098915,0.42045832
2006-05-27,0,27.800425,33.08042471,92.17446,0.4297917
2006-05-28,0,30.020426,32.56042514,91.58918,0.4252917
2006-05-29,0,31.110424,31.830425,88.8355,0.42720833
2006-05-30,0,30.490425,31.123282,87.990166,0.42775
2006-05-31,0,32.550426,30.68328229,83.80984,0.41483334
2006-06-01,0,29.270426,29.85328243,86.16773,0.41937497
2006-06-02,0,31.120424,30.337568,85.674736,0.41804168
2006-06-03,0,31.070425,30.80471086,85.208694,0.41620836
2006-06-04,0,32.330425,31.13471071,85.17774,0.39962497
2006-06-05,0,30.950424,31.11185357,87.27215,0.41487494
2006-06-06,0,29.260426,30.93613943,86.379456,0.41516662
2006-06-07,0,31.060425,30.72328214,84.05631,0.41554168
2006-06-08,0,30.770426,30.93756786,87.605865,0.41412506
2006-06-09,0,28.740425,30.597568,92.25434,0.42808342
2006-06-10,0,29.140425,30.32185371,94.08612,0.43287504
2006-06-11,0,35.100426,30.71756814,82.2966,0.3987917
2006-06-12,0,34.010426,31.15471129,83.76267,0.39450005
2006-06-13,0,33.530426,31.76471129,84.723694,0.3971667
2006-06-14,0,31.340425,31.80471129,85.97988,0.3997083
2006-06-15,0,32.780426,32.09185414,82.00004,0.39670834
2006-06-16,0,32.100426,32.57185429,86.28119,0.40529168
2006-06-17,0,33.010426,33.12471157,82.546425,0.4092084
2006-06-18,0,33.290424,32.86613986,80.094025,0.39458334
2006-06-19,0,34.680424,32.96185386,80.331825,0.3767083
2006-06-20,0,32.000423,32.743282,83.675865,0.40804163
2006-06-21,0,32.140427,32.857568,85.55259,0.41491663
2006-06-22,0,32.370426,32.79899657,82.08002,0.40933335
2006-06-23,0,32.430424,32.84613914,85.56299,0.40612498
2006-06-24,0,32.630424,32.79185314,86.71204,0.40662494
2006-06-25,0,31.860424,32.58756743,84.992485,0.405
2006-06-26,0,32.070423,32.21471014,83.2418,0.39808333
2006-06-27,0,31.340425,32.12042471,85.15198,0.41016665
2007-02-28,0,29.740425,29.32899657,66.02155,0.15370835
2007-03-01,0,27.320425,29.18185357,72.255806,0.15629168
2007-03-02,0,23.680426,28.42613943,81.87127,0.22145839
2007-03-03,0,28.250425,28.18471071,72.12383,0.21041667
2007-03-04,0,28.750425,27.92899657,66.913795,0.19408332
2007-03-05,0,29.510426,28.09613957,62.786808,0.17808338
2007-03-06,0,29.940426,28.17042543,55.602077,0.16479169
2007-03-07,0,29.660425,28.15899686,56.88849,0.15291663
2007-03-08,0,30.050425,28.54899686,54.176144,0.14525004
2007-03-09,0,30.650425,29.544711,53.030853,0.14054163
2007-03-10,0,32.320423,30.12613929,51.507732,0.13887496
2007-03-11,0,33.260426,30.77042514,62.991955,0.13858335
2007-03-12,0,34.550426,31.49042514,57.80919,0.13637502
2007-03-13,0,33.170425,31.95185357,62.88075,0.13504171
2007-03-14,0,30.000425,32.000425,65.9367,0.14183332
2007-03-15,0,30.720425,32.09613929,70.145,0.14941664
2007-03-16,0,28.750425,31.82471071,52.29283,0.14891663
2007-03-17,0,30.570425,31.574711,52.17721,0.14466669
2007-03-18,0,31.130424,31.270425,55.68446,0.14808334
2007-03-19,0,31.760426,30.87185357,57.356396,0.15175001
2007-03-20,0,33.120426,30.86471086,55.66701,0.15179168
2007-03-21,0,31.980427,31.14756829,72.83259,0.1564167
2007-03-22,0,30.980425,31.18471114,81.445335,0.20054163
2007-03-23,0,33.130424,31.81042529,78.62744,0.22704172
2007-03-24,0,34.290424,32.34185371,75.38059,0.20770834
2007-03-25,0,34.130424,32.77042514,51.924545,0.1825
2007-03-26,0,35.320423,33.27899614,49.757538,0.16749997
2007-03-27,0,35.870426,33.67185329,55.48521,0.1617917
2007-03-28,0,35.880424,34.22899571,56.30067,0.15537496
2007-03-29,0,36.140427,34.96613886,56.717564,0.15091665
2007-03-30,0,36.410423,35.43471014,56.94893,0.146625
2007-03-31,0,35.680424,35.63328157,57.137146,0.14666666
2007-04-01,0,36.270424,35.93899586,62.681,0.15037501
2007-04-02,0,35.430424,35.95471029,72.426704,0.15383334
2007-04-03,0,36.110424,35.98899571,71.4406,0.15475
2007-04-04,0,36.190426,36.03328171,70.89916,0.15512496
2007-04-05,0,33.770424,35.69470986,71.61446,0.15554167
2007-04-06,0,34.810425,35.46613871,70.043846,0.15520833
2007-04-07,0,35.390427,35.42471057,73.57189,0.17554168
2007-04-08,0,34.950424,35.23613914,74.294914,0.22691661
2007-04-09,0,33.720425,34.99185357,68.530785,0.2365834
2007-04-10,0,29.180426,34.00185386,85.661285,0.35175002
2007-04-11,0,25.190426,32.43042529,89.18881,0.42254162
2007-04-12,0,23.890425,31.01899686,87.24722,0.41929165
2007-04-13,0,28.920425,30.17756829,78.66338,0.40470836
2007-04-14,0,30.780424,29.51899643,76.99157,0.39412507
2007-04-15,0,33.270424,29.27899643,77.86173,0.3672917
2007-04-16,0,33.110424,29.19185343,76.93824,0.34354162
2007-04-17,0,32.910423,29.72471014,75.45853,0.32133335
2007-04-18,0,33.400425,30.89756714,78.40515,0.30279163
2007-04-19,0,32.340424,32.10470986,76.848076,0.29462495
2007-04-20,0,32.900425,32.67328129,75.09037,0.2797917
2007-04-21,0,30.980425,32.70185286,83.92959,0.34779167
2007-04-22,0,30.070425,32.24471014,87.5408,0.4044583
2007-04-23,0,31.200424,31.971853,83.59858,0.38320827
2007-04-24,0,32.150425,31.86328186,79.57621,0.36583328
2007-04-25,0,32.660423,31.75756729,79.65985,0.34983328
2007-04-26,0,32.770424,31.81899586,81.28664,0.37183332
2007-04-27,0,30.440426,31.46756743,84.337776,0.41937506
2007-04-28,0,30.960424,31.46471014,82.518684,0.41670835
2007-04-29,0,32.540424,31.81756714,76.9803,0.38816667
2007-04-30,0,34.630424,32.30756714,73.04627,0.35387492
2007-05-01,0,35.340424,32.76328129,71.52903,0.328375
2007-05-02,0,35.250423,33.13328129,74.56891,0.30820832
2007-05-03,0,33.430424,33.227567,76.53208,0.310125
2007-05-04,0,34.370426,33.78899557,80.03936,0.31120828
2007-05-05,0,34.910423,34.35328114,80.535446,0.29933342
2007-05-06,0,33.870426,34.54328143,85.81301,0.32099995
2007-05-07,0,31.650425,34.11756729,84.83185,0.39333332
2007-05-08,0,33.130424,33.801853,80.94004,0.37779167
2007-05-09,0,31.250425,33.23042471,84.6156,0.3835
2007-05-10,0,32.840424,33.146139,79.98336,0.35712504
2007-05-11,0,32.460426,32.87328186,83.012764,0.3525
2007-05-12,0,32.410423,32.516139,82.45866,0.341375
2007-05-13,0,34.820423,32.65185286,76.194084,0.32337502
2007-05-14,0,28.360424,32.18185271,85.77145,0.35462502
2007-05-15,0,28.790424,31.56185271,87.716095,0.383875
2007-05-16,0,31.530424,31.60185257,83.00236,0.35504162
2007-05-17,0,32.030426,31.48613857,84.949066,0.34824994
2007-05-18,0,32.750423,31.52756671,81.168755,0.34549996
2007-05-19,0,32.260426,31.50613857,84.13796,0.38333333
2007-05-20,0,32.310425,31.14756743,83.93598,0.37974998
2007-05-21,0,32.340424,31.71613886,86.16454,0.3735417
2007-05-22,0,33.650425,32.41042471,84.276405,0.38966668
2007-05-23,0,33.620426,32.70899643,84.66463,0.384625
2007-05-24,0,32.890427,32.83185371,84.75734,0.3774167
2007-05-25,0,33.930424,33.00042529,80.208984,0.37154165
2007-05-26,0,34.520424,33.32328214,79.043884,0.36449993
2007-05-27,0,34.030426,33.56899657,81.73254,0.37754163
2007-05-28,0,33.830425,33.78185386,83.97052,0.40866664
2007-05-29,0,34.350426,33.881854,82.42932,0.40179166
2007-05-30,0,35.940426,34.21328257,78.25997,0.37920833
2007-05-31,0,35.580425,34.597568,77.70769,0.34966668
2007-06-01,0,34.820423,34.72471071,82.52665,0.3380417
2007-06-02,0,35.140427,34.81328257,77.656715,0.3384584
2007-06-03,0,32.460426,34.58899686,82.88951,0.40766665
2007-06-04,0,30.660425,34.13613971,86.14523,0.42666665
2007-06-05,0,28.240425,33.26328243,89.62055,0.43475
2007-06-06,0,29.260426,32.30899671,87.488976,0.42045835
2007-06-07,0,32.460426,31.86328257,85.00263,0.40408334
2007-06-08,0,30.540424,31.25185414,85.464745,0.40070832
2007-06-09,0,29.670425,30.47042529,87.971306,0.42854166
2007-06-10,0,27.800425,29.80471086,90.88748,0.428375
2007-06-11,0,27.610424,29.36899643,93.61779,0.43691662
2007-06-12,0,31.430426,29.82471086,90.27529,0.43054163
2007-06-13,0,30.220425,29.96185357,88.66334,0.42054164
2007-06-14,0,33.240425,30.073282,83.48392,0.4048333
2007-06-15,0,28.550425,29.78899643,92.17687,0.43012503
2007-06-16,0,29.440426,29.75613943,92.98017,0.43420836
2007-06-17,0,30.460424,30.13613929,91.2608,0.43212497
2007-06-18,0,33.010426,30.90756814,84.88209,0.42795837
2007-06-19,0,32.930424,31.12185357,83.046295,0.4085
2007-06-20,0,33.230427,31.55185386,83.52645,0.39045826
2007-06-21,0,35.290424,31.84471086,77.109474,0.37120834
2007-06-22,0,31.850426,32.31613957,84.85221,0.40433335
2007-06-23,0,31.590425,32.62328229,83.60959,0.40725002
2007-06-24,0,32.780426,32.95471114,83.40683,0.41225
2007-06-25,0,31.990425,32.80899671,82.38687,0.39420834
2007-06-26,0,33.700424,32.91899671,81.17431,0.3964167
2007-06-27,0,34.560425,33.10899643,75.653404,0.37875
2008-02-29,0,29.840425,29.11185386,66.07518,0.17725001
2008-03-01,0,29.720425,29.29042529,65.7272,0.1720417
2008-03-02,0,29.550425,29.26613957,74.052956,0.1720417
2008-03-03,0,30.350426,29.37328243,81.45027,0.17916669
2008-03-04,0,28.840425,29.41328243,74.55848,0.17975001
2008-03-05,0,28.780424,29.44185371,76.06075,0.17645836
2008-03-06,0,29.300425,29.48328214,78.26319,0.17679165
2008-03-07,0,29.280424,29.403282,79.591,0.17900003
2008-03-08,0,30.700424,29.54328186,74.282776,0.17850001
2008-03-09,0,31.710424,29.85185314,75.056496,0.17441665
2008-03-10,0,31.650425,30.03756729,72.20405,0.16995834
2008-03-11,0,31.850426,30.46756743,75.29989,0.16554172
2008-03-12,0,33.540424,31.14756743,66.54762,0.16083334
2008-03-13,0,32.470425,31.60042457,70.03824,0.15833335
2008-03-14,0,30.410425,31.76185329,71.223434,0.15974997
2008-03-15,0,33.850426,32.21185357,63.426193,0.15375005
2008-03-16,0,33.300426,32.43899671,62.678013,0.14758334
2008-03-17,0,34.400425,32.83185386,63.632248,0.146
2008-03-18,0,34.390427,33.19471114,69.84119,0.15183331
2008-03-19,0,34.330425,33.30756843,71.00822,0.15666664
2008-03-20,0,31.710424,33.19899686,78.08459,0.22391665
2008-03-21,0,32.050426,33.43328271,83.29799,0.32320833
2008-03-22,0,32.130424,33.18756814,80.85197,0.30208334
2008-03-23,0,28.800425,32.54471086,87.272156,0.3355417
2008-03-24,0,28.350426,31.68042529,88.103355,0.35391667
2008-03-25,0,31.740425,31.30185357,78.632416,0.30400005
2008-03-26,0,31.650425,30.91899643,78.96597,0.27516672
2008-03-27,0,32.190426,30.98756814,80.75066,0.2607083
2008-03-28,0,34.370426,31.31899671,74.56797,0.244125
2008-03-29,0,33.290424,31.484711,73.61699,0.22799999
2008-03-30,0,32.290424,31.98328229,73.45386,0.21716662
2008-03-31,0,32.240425,32.53899643,77.289635,0.21670832
2008-04-01,0,29.070425,32.15756786,80.00186,0.22887494
2008-04-02,0,31.630424,32.15471057,74.94236,0.22095837
2008-04-03,0,30.430426,31.903282,86.16758,0.323125
2008-04-04,0,26.290424,30.748996,87.21261,0.37100002
2008-04-05,0,30.960424,30.41613886,75.284134,0.32412502
2008-04-06,0,32.150425,30.396139,74.200165,0.29187497
2008-04-07,0,32.030426,30.36613914,68.468414,0.26574993
2008-04-08,0,32.340424,30.83328186,64.89678,0.242375
2008-04-09,0,33.060425,31.03756771,66.23533,0.22366662
2008-04-10,0,34.400425,31.60471043,68.05939,0.20812501
2008-04-11,0,35.560425,32.92899629,67.442375,0.19325
2008-04-12,0,35.900425,33.63471071,66.300026,0.1807084
2008-04-13,0,33.440426,33.81899657,76.57181,0.17783332
2008-04-14,0,33.770424,34.06756771,74.819954,0.19
2008-04-15,0,34.660423,34.39899614,73.109215,0.20279163
2008-04-16,0,31.710424,34.20613886,79.16448,0.20249997
2008-04-17,0,34.720425,34.25185314,74.68948,0.23233332
2008-04-18,1,34.900425,34.15756743,78.97875,0.3
2008-04-19,1,36.090424,34.18471014,76.30319,0.26454172
2008-04-20,1,37.040424,34.69899557,70.41107,0.23820837
2008-04-21,1,36.350426,35.06756729,71.47766,0.21633334
2008-04-22,0,37.750423,35.50899586,71.03658,0.20362498
2008-04-23,0,37.450424,36.32899586,66.7577,0.19133335
2008-04-24,0,36.620426,36.60042457,66.88641,0.18058336
2008-04-25,0,35.940426,36.74899614,70.01267,0.17504166
2008-04-26,0,35.830425,36.71185343,69.427124,0.16924997
2008-04-27,0,35.550426,36.49899657,70.45338,0.1656667
2008-04-28,1,35.980427,36.44613957,69.0289,0.16233335
2008-04-29,1,36.130424,36.21471114,68.93426,0.15666668
2008-04-30,1,36.430424,36.06899686,68.25033,0.15054168
2008-05-01,0,37.740425,36.22899671,63.84543,0.14354168
2008-05-02,0,37.530426,36.45613957,62.65785,0.14212501
2008-05-03,0,36.260426,36.51756829,68.81082,0.15433334
2008-05-04,0,34.800426,36.41042543,70.96096,0.16170837
2008-05-05,0,34.750423,36.23471057,71.63479,0.18437499
2008-05-06,0,33.520424,35.86185343,75.418495,0.30566666
2008-05-07,0,33.450424,35.43613914,79.85847,0.32745832
2008-05-08,0,35.420425,35.10471057,73.55365,0.28183338
2008-05-09,0,34.110424,34.61613886,75.65943,0.34745836
2008-05-10,0,33.870426,34.27471029,74.3277,0.2992917
2008-05-11,0,34.650425,34.25328157,73.3765,0.3057917
2008-05-12,0,34.140427,34.16613929,76.88076,0.29299998
2008-05-13,0,34.760426,34.34328243,75.25539,0.2687083
2008-05-14,0,34.600426,34.50756843,77.37444,0.25266668
2008-05-15,0,35.070423,34.45756814,69.3106,0.23029165
2008-05-16,0,34.790424,34.554711,75.0034,0.26633334
2008-05-17,0,33.910423,34.56042486,81.567726,0.30441666
2008-05-18,0,32.500423,34.25328171,84.74303,0.37120834
2008-05-19,0,34.240425,34.26756714,78.775444,0.37891665
2008-05-20,0,31.860424,33.85328114,80.63065,0.39754164
2008-05-21,0,33.200424,33.65328086,80.74979,0.4102083
2008-05-22,0,34.290424,33.54185243,75.70846,0.39425
2008-05-23,0,32.290424,33.18470957,79.35263,0.3834583
2008-05-24,0,33.390427,33.11042443,78.85358,0.36070836
2008-05-25,0,32.110424,33.05471029,78.98217,0.3643333
2008-05-26,0,32.260426,32.77185329,83.149574,0.38595834
2008-05-27,0,31.840425,32.76899629,82.62798,0.38737497
2008-05-28,0,33.590424,32.82471057,82.58868,0.39195836
2008-05-29,0,35.440426,32.98899657,75.30564,0.35608336
2008-05-30,0,35.730427,33.48042557,76.84322,0.35666668
2008-05-31,0,32.840424,33.40185371,77.73031,0.39699998
2008-06-01,0,33.030426,33.53328257,77.57081,0.3988333
2008-06-02,0,31.620424,33.44185371,85.98874,0.41275
2008-06-03,0,32.800426,33.57899671,83.71708,0.4186667
2008-06-04,0,32.300426,33.39471129,83.214386,0.41291675
2008-06-05,0,28.940426,32.46613986,88.322105,0.42920837
2008-06-06,0,31.170425,31.814711,84.942314,0.4252917
2008-06-07,0,30.830425,31.52756829,86.74885,0.41516665
2008-06-08,0,31.390425,31.29328243,83.68535,0.4088333
2008-06-09,0,31.060425,31.21328257,85.623566,0.4216667
2008-06-10,0,31.460424,31.02185371,83.96135,0.41020834
2008-06-11,0,31.550425,30.91471071,84.49511,0.40545833
2008-06-12,0,32.500423,31.42328171,83.88065,0.4134167
2008-06-13,0,33.110424,31.70042443,82.98508,0.41024998
2008-06-14,0,33.060425,32.01899586,85.99293,0.41120836
2008-06-15,0,33.950424,32.38471,81.58902,0.40733334
2008-06-16,0,30.820425,32.35042429,84.598366,0.4157083
2008-06-17,0,27.600426,31.798996,87.28769,0.41904172
2008-06-18,0,29.170425,31.458996,89.65331,0.4242084
2008-06-19,0,28.460424,30.88185329,89.962944,0.42275
2008-06-20,0,29.600426,30.380425,88.44033,0.40954173
2008-06-21,0,30.790424,30.05613914,87.63679,0.41787496
2008-06-22,0,31.990425,29.77613929,84.06022,0.4139167
2008-06-23,0,31.130424,29.82042486,83.310165,0.40958333
2008-06-24,0,32.590424,30.53328171,79.63839,0.39425
2008-06-25,0,32.960426,31.07471043,78.21197,0.38058332
2008-06-26,0,32.230427,31.61328229,81.30793,0.38479164
2008-06-27,0,31.960426,31.95042514,82.195694,0.39533332
2009-02-28,0,31.910423,32.42471043,53.20226,0.14250004
2009-03-01,0,31.850426,32.443282,47.01186,0.13895835
2009-03-02,0,31.730425,32.38185371,50.860012,0.14258336
2009-03-03,0,31.780424,32.37756786,63.886456,0.14575
2009-03-04,0,31.870424,32.176139,64.95907,0.14487503
2009-03-05,0,34.570423,32.35613871,69.08061,0.14362502
2009-03-06,0,33.880424,32.51328129,68.76202,0.14187503
2009-03-07,0,33.830425,32.78756729,61.241974,0.14058334
2009-03-08,0,33.920425,33.08328143,69.523384,0.14045833
2009-03-09,0,33.350426,33.31471014,70.621864,0.14450003
2009-03-10,0,33.090424,33.501853,63.499374,0.15083331
2009-03-11,0,33.250423,33.69899571,59.585735,0.15341663
2009-03-12,0,33.550426,33.55328186,55.20195,0.15062498
2009-03-13,0,33.430424,33.48899614,52.551086,0.15312502
2009-03-14,0,33.750423,33.47756729,65.01977,0.16149996
2009-03-15,0,32.250423,33.23899557,62.236492,0.16337498
2009-03-16,0,31.370424,32.95613814,68.421165,0.16579163
2009-03-17,0,33.890427,33.07042429,65.98206,0.16500004
2009-03-18,0,33.400425,33.09185314,69.03991,0.16762497
2009-03-19,0,32.180424,32.89613857,66.3666,0.16916664
2009-03-20,0,33.180424,32.86042429,70.44724,0.174875
2009-03-21,0,33.880424,32.87899586,68.35273,0.17283337
2009-03-22,0,31.750425,32.80756757,74.21435,0.17008328
2009-03-23,0,33.490425,33.11042486,66.974785,0.16295831
2009-03-24,0,34.720425,33.228996,57.924015,0.15683334
2009-03-25,0,35.490425,33.52756743,58.918064,0.15541662
2009-03-26,0,30.810425,33.33185329,69.73908,0.1671667
2009-03-27,0,28.360424,32.64328186,78.9407,0.34725
2009-03-28,0,30.600426,32.17471071,81.1928,0.36762503
2009-03-29,0,31.430426,32.12899657,80.82857,0.3670833
2009-03-30,0,29.900425,31.61613943,81.39931,0.37754166
2009-03-31,0,28.600426,30.74185386,85.73978,0.40787497
2009-04-01,0,30.230425,29.99042529,81.44192,0.40674996
2009-04-02,0,32.220425,30.19185386,82.77459,0.38491666
2009-04-03,0,32.180424,30.73756814,80.71539,0.38041666
2009-04-04,0,32.730427,31.041854,80.96388,0.3705
2009-04-05,0,32.380424,31.177568,81.37657,0.36200002
2009-04-06,0,31.910423,31.46471057,84.79438,0.37887493
2009-04-07,0,33.130424,32.11185314,77.097755,0.35066667
2009-04-08,0,33.230427,32.54042486,77.45017,0.32379162
2009-04-09,0,31.830425,32.48471057,79.85902,0.30695835
2009-04-10,0,33.560425,32.68185357,69.36242,0.2853749
2009-04-11,0,33.830425,32.83899614,73.567894,0.26529172
2009-04-12,0,33.680424,33.02471043,77.774574,0.24941665
2009-04-13,0,34.200424,33.35185343,73.40829,0.23370832
2009-04-14,0,34.400425,33.53328214,71.65108,0.22070836
2009-04-15,0,34.250423,33.67899586,77.49544,0.20924999
2009-04-16,0,33.110424,33.86185286,78.935074,0.20391665
2009-04-17,0,30.020426,33.35613871,87.00958,0.221125
2009-04-18,0,35.850426,33.64471029,74.95218,0.22087501
2009-04-19,0,36.160423,33.99899586,75.6261,0.20716666
2009-04-20,0,35.230427,34.14613914,75.16996,0.20270832
2009-04-21,0,36.490425,34.44471057,76.53226,0.20520835
2009-04-22,1,33.980427,34.40613971,78.46588,0.20337504
2009-04-23,1,36.350426,34.86899714,76.98686,0.19274998
2009-04-24,1,36.900425,35.85185414,72.67135,0.18412502
2009-04-25,1,36.790424,35.98613957,71.19513,0.173375
2009-04-26,0,37.960426,36.24328286,69.63832,0.16308334
2009-04-27,0,37.640427,36.58756857,65.12282,0.15712498
2009-04-28,0,36.680424,36.61471129,71.95725,0.15745829
2009-04-29,0,35.500423,36.83185357,69.49055,0.15608336
2009-04-30,0,34.210426,36.52613929,70.39649,0.15591665
2009-05-01,0,33.820423,36.086139,70.62979,0.16820836
2009-05-02,0,28.980425,34.97042486,88.10968,0.30525
2009-05-03,0,32.780426,34.23042486,82.91451,0.32291666
2009-05-04,0,33.080425,33.578996,79.745384,0.32
2009-05-05,0,34.840424,33.31613886,71.62795,0.2782917
2009-05-06,0,35.870426,33.36899643,72.499275,0.26083335
2009-05-07,1,35.410423,33.54042457,73.286934,0.2544166
2009-05-08,0,37.240425,34.02899629,72.12199,0.22737502
2009-05-09,0,37.430424,35.236139,72.171394,0.20716666
2009-05-10,0,37.370426,35.89185329,73.82792,0.27887502
2009-05-11,0,34.620426,36.11185343,75.183815,0.35316667
2009-05-12,0,32.150425,35.72756786,77.83598,0.33320835
2009-05-13,0,32.940426,35.30899643,78.55261,0.37612498
2009-05-14,0,31.120424,34.69613943,80.401825,0.40158334
2009-05-15,0,31.770426,33.914711,80.81669,0.39874995
2009-05-16,0,31.390425,33.051854,81.5461,0.40841666
2009-05-17,0,31.530424,32.217568,81.56862,0.39658332
2009-05-18,0,30.240425,31.59185357,89.16996,0.42933333
2009-05-19,0,32.970425,31.70899643,81.91988,0.40191665
2009-05-20,0,33.970425,31.85613914,77.105415,0.3764166
2009-05-21,0,34.860424,32.39042486,75.08318,0.35254171
2009-05-22,0,35.010426,32.853282,74.68322,0.32962495
2009-05-23,0,34.270424,33.26471043,77.87271,0.33595827
2009-05-24,0,32.410423,33.39042457,82.88796,0.36954173
2009-05-25,0,27.740425,33.03328171,90.065834,0.43020833
2009-05-26,0,30.360424,32.66042443,91.562805,0.430375
2009-05-27,0,32.280426,32.418996,85.57838,0.40095833
2009-05-28,0,33.590424,32.23756743,80.91528,0.39420834
2009-05-29,0,32.930424,31.94042429,83.113174,0.39804164
2009-05-30,0,33.260426,31.79613886,75.22245,0.39466664
2009-05-31,0,32.540424,31.81471043,81.580574,0.3952917
2009-06-01,0,32.340424,32.47185314,83.88996,0.41562498
2009-06-02,0,31.710424,32.66471029,82.54562,0.39750004
2009-06-03,0,30.470425,32.40613871,85.57297,0.41170833
2009-06-04,0,33.910423,32.45185286,79.52792,0.3965
2009-06-05,0,33.590424,32.54613857,79.10737,0.396
2009-06-06,0,33.230427,32.541853,77.804665,0.40170833
2009-06-07,0,32.290424,32.50613871,85.42408,0.4169583
2009-06-08,0,34.200424,32.771853,79.85114,0.38466665
2009-06-09,0,34.720425,33.20185314,76.67208,0.362375
2009-06-10,0,34.450424,33.77042443,77.43023,0.34974995
2009-06-11,0,33.510426,33.713282,78.80659,0.35600004
2009-06-12,0,32.410423,33.54471043,82.80179,0.41158333
2009-06-13,0,33.780426,33.62328171,81.35618,0.4127916
2009-06-14,0,32.880424,33.70756743,81.73022,0.40995833
2009-06-15,0,33.300426,33.57899629,86.44165,0.42195833
2009-06-16,0,34.750423,33.58328171,80.088036,0.4085
2009-06-17,0,35.190426,33.68899629,78.56055,0.38670835
2009-06-18,0,36.380424,34.098996,79.823494,0.37129167
2009-06-19,0,34.340424,34.37471043,82.291504,0.3696667
2009-06-20,0,33.760426,34.37185329,81.46583,0.36216664
2009-06-21,0,34.580425,34.61471057,81.07689,0.34758332
2009-06-22,0,33.930424,34.70471029,81.82812,0.33387497
2009-06-23,0,34.180424,34.62328186,80.81561,0.3187084
2009-06-24,0,33.200424,34.33899586,83.362755,0.32416674
2009-06-25,0,33.370426,33.90899614,77.882515,0.3168334
2009-06-26,0,31.990425,33.573282,80.883446,0.3681666
2009-06-27,0,33.130424,33.48328171,83.11376,0.38404167
2010-02-28,0,31.290424,30.26613914,70.2405,0.2145
2010-03-01,0,32.940426,30.74613929,72.16274,0.19883336
2010-03-02,0,33.680424,31.22613914,68.34127,0.18591666
2010-03-03,0,33.760426,31.81471071,72.28983,0.17433338
2010-03-04,0,32.820423,32.368996,75.65096,0.16566664
2010-03-05,0,34.420425,32.908996,74.4751,0.16387503
2010-03-06,0,33.720425,33.23328186,76.88167,0.16091667
2010-03-07,0,34.700424,33.72042471,65.22399,0.15325005
2010-03-08,0,34.480427,33.94042486,56.387897,0.1480417
2010-03-09,0,33.860424,33.96613914,55.06059,0.14504169
2010-03-10,0,33.420425,33.91756757,52.32072,0.14541663
2010-03-11,0,33.050426,33.95042514,52.815277,0.14512503
2010-03-12,0,33.740425,33.85328229,53.449688,0.1434167
2010-03-13,0,33.160423,33.773282,56.417343,0.14041668
2010-03-14,0,34.630424,33.763282,66.77537,0.1395
2010-03-15,0,33.970425,33.69042457,70.30159,0.14150003
2010-03-16,0,33.240425,33.60185329,62.13905,0.13816665
2010-03-17,0,34.650425,33.77756757,59.120667,0.13874997
2010-03-18,0,35.180424,34.081853,61.803875,0.14087503
2010-03-19,0,35.910423,34.39185271,61.553013,0.14629167
2010-03-20,1,35.660423,34.74899557,60.201946,0.14695834
2010-03-21,1,36.170425,34.96899571,60.878235,0.14345835
2010-03-22,0,36.200424,35.287567,63.4931,0.1421667
2010-03-23,0,36.240425,35.71613843,70.21311,0.14258336
2010-03-24,0,36.510426,35.98185286,67.63436,0.14483334
2010-03-25,0,35.120426,35.97328171,71.87188,0.14770834
2010-03-26,0,35.040424,35.84899614,70.287636,0.14945833
2010-03-27,0,34.310425,35.65613929,69.870255,0.16750003
2010-03-28,0,33.980427,35.34328243,76.28316,0.23854168
2010-03-29,0,32.740425,34.84899686,77.13213,0.311125
2010-03-30,0,34.160423,34.55185371,81.625465,0.35404173
2010-03-31,0,34.190426,34.22042514,79.87148,0.37737498
2010-04-01,0,36.500423,34.41756757,76.66111,0.33712497
2010-04-02,0,35.490425,34.48185343,76.141014,0.30770835
2010-04-03,0,35.390427,34.63613943,74.279175,0.28270838
2010-04-04,0,34.610424,34.726139,73.993065,0.26158336
2010-04-05,0,35.370426,35.10185343,79.07679,0.24670833
2010-04-06,0,36.140427,35.38471114,73.643135,0.22962505
2010-04-07,1,35.120426,35.51756829,76.47096,0.21325003
2010-04-08,1,36.350426,35.49614014,71.91886,0.20120834
2010-04-09,1,36.610424,35.65614,73.0758,0.19450001
2010-04-10,1,38.040424,36.034711,70.65615,0.18349998
2010-04-11,1,36.210426,36.26328271,72.31315,0.17516667
2010-04-12,0,36.720425,36.45613971,69.05762,0.16783331
2010-04-13,0,36.550426,36.514711,69.8133,0.1624167
2010-04-14,0,36.350426,36.69042529,69.37151,0.15945832
2010-04-15,0,35.530426,36.57328243,68.73019,0.15637498
2010-04-16,0,35.890427,36.47042571,66.85015,0.14758332
2010-04-17,0,36.180424,36.20471143,66.80613,0.14941664
2010-04-18,1,34.710426,35.99042571,69.93219,0.15408331
2010-04-19,1,36.210426,35.91756871,71.58141,0.166375
2010-04-20,1,37.540424,36.058997,71.4491,0.17758334
2010-04-21,1,37.690426,36.25042557,70.62655,0.21399999
2010-04-22,1,36.910423,36.447568,72.21856,0.24395831
2010-04-23,1,37.630424,36.696139,68.75953,0.22045831
2010-04-24,0,38.490425,37.02613914,73.90615,0.21325
2010-04-25,0,36.630424,37.30042457,72.01432,0.21204163
2010-04-26,0,36.330425,37.31756729,74.1516,0.25345835
2010-04-27,0,31.660425,36.47756743,77.485146,0.346
2010-04-28,0,31.970425,35.66042443,78.28055,0.37558332
2010-04-29,0,30.390425,34.72899614,82.1128,0.38841665
2010-04-30,0,31.880424,33.90756757,80.95512,0.37887502
2010-05-01,0,33.550426,33.20185343,77.79725,0.3445417
2010-05-02,0,33.060425,32.69185357,80.23339,0.334
2010-05-03,0,33.770424,32.32613914,79.03267,0.39229167
2010-05-04,0,32.790424,32.48756757,81.664734,0.401625
2010-05-05,0,33.150425,32.656139,79.428635,0.3852916
2010-05-06,0,32.710426,32.98756771,78.8881,0.39495838
2010-05-07,0,32.430424,33.06613914,80.76812,0.38424996
2010-05-08,0,32.460426,32.91042486,82.013466,0.41854167
2010-05-09,0,34.060425,33.053282,81.30254,0.4054167
2010-05-10,0,35.380424,33.283282,78.60615,0.37349996
2010-05-11,0,36.210426,33.77185371,77.06693,0.34562492
2010-05-12,0,35.940426,34.17042529,76.12603,0.32379162
2010-05-13,0,35.400425,34.55471086,75.63186,0.30600008
2010-05-14,0,35.680424,35.01899657,73.486084,0.29229173
2010-05-15,0,35.910423,35.51185329,71.9467,0.27679166
2010-05-16,0,33.670425,35.456139,77.88247,0.28758332
2010-05-17,0,34.380424,35.31328186,73.431465,0.27500004
2010-05-18,0,34.720425,35.10042457,73.149956,0.25287494
2010-05-19,0,33.430424,34.74185286,76.66577,0.25950003
2010-05-20,0,32.790424,34.36899557,82.07555,0.2787917
2010-05-21,0,29.560425,33.49471,91.24238,0.35216668
2010-05-22,0,30.520426,32.72471043,85.378235,0.34608328
2010-05-23,0,31.340425,32.39185329,83.51457,0.33941662
2010-05-24,0,29.340425,31.67185343,87.145546,0.342875
2010-05-25,0,33.880424,31.55185329,79.523125,0.34637502
2010-05-26,0,31.730425,31.30899629,87.031334,0.40954164
2010-05-27,0,30.690426,31.00899657,84.753265,0.42466664
2010-05-28,0,28.090425,30.79899657,88.93285,0.434875
2010-05-29,0,31.880424,30.993282,83.87677,0.41120827
2010-05-30,0,30.770426,30.91185357,83.71363,0.40799996
2010-05-31,0,34.570423,31.65899614,85.96244,0.41812503
2010-06-01,0,33.970425,31.67185343,82.78626,0.41304168
2010-06-02,0,34.200424,32.02471043,79.11228,0.39575005
2010-06-03,0,32.650425,32.30471029,81.60942,0.37475
2010-06-04,0,32.170425,32.88756743,86.47077,0.39116666
2010-06-05,0,31.150425,32.78328186,89.67989,0.43166664
2010-06-06,0,34.200424,33.27328157,83.52718,0.40504172
2010-06-07,0,34.450424,33.25613886,83.08168,0.3882917
2010-06-08,0,34.420425,33.32042457,82.23553,0.37841675
2010-06-09,0,34.830425,33.41042471,79.35936,0.37237492
2010-06-10,0,34.470425,33.67042471,80.88159,0.397125
2010-06-11,0,34.310425,33.976139,80.17582,0.40579164
2010-06-12,0,31.530424,34.03042457,85.94525,0.4154167
2010-06-13,0,30.230425,33.46328186,88.24881,0.42825004
2010-06-14,0,31.130424,32.98899614,87.54068,0.43120834
2010-06-15,0,32.800426,32.75756771,85.14039,0.4187083
2010-06-16,0,30.660425,32.16185343,87.9058,0.41795835
2010-06-17,0,30.400425,31.58042486,85.96378,0.408625
2010-06-18,0,30.970425,31.103282,88.21111,0.4262917
2010-06-19,0,31.180426,31.05328229,89.15458,0.42854163
2010-06-20,0,31.510426,31.23613957,86.65406,0.42425
2010-06-21,0,32.760426,31.468997,84.478615,0.40850008
2010-06-22,0,32.070423,31.36471086,84.246704,0.39937496
2010-06-23,0,33.160423,31.72185343,83.06959,0.4029583
2010-06-24,0,32.130424,31.96899614,82.73731,0.4160417
2010-06-25,0,30.850426,31.95185343,84.15014,0.41287506
2010-06-26,0,30.020426,31.78613914,90.9101,0.42854175
2010-06-27,0,30.970425,31.70899614,86.87939,0.4290417
2011-02-28,0,30.310425,29.64756771,49.86119,0.15283336
2011-03-01,0,29.640425,29.82613914,55.589787,0.15854163
2011-03-02,0,30.820425,30.11613929,60.58517,0.15574999
2011-03-03,0,31.660425,30.42756786,60.315353,0.15324996
2011-03-04,0,32.970425,30.970425,61.712376,0.15016668
2011-03-05,0,32.960426,31.287568,62.904713,0.14666666
2011-03-06,0,32.650425,31.57328229,56.6496,0.14379172
2011-03-07,0,31.780424,31.78328214,54.454296,0.14216667
2011-03-08,0,31.900425,32.10613929,59.69139,0.14141668
2011-03-09,0,33.280426,32.457568,56.550995,0.14274998
2011-03-10,0,33.050426,32.65613957,55.161236,0.14791667
2011-03-11,0,29.100426,32.10328257,73.230225,0.19883329
2011-03-12,0,30.080425,31.69185386,74.55685,0.22649997
2011-03-13,0,31.820425,31.57328243,67.78838,0.2128333
2011-03-14,0,31.460424,31.52756814,65.64562,0.19950001
2011-03-15,0,29.930426,31.24613971,73.955414,0.20937502
2011-03-16,0,32.430424,31.12471086,67.72497,0.20899999
2011-03-17,0,30.820425,30.80613929,69.944305,0.19524997
2011-03-18,0,31.490425,31.14756771,67.3066,0.18470831
2011-03-19,0,32.060425,31.43042486,70.1383,0.18020833
2011-03-20,0,33.060425,31.60756771,73.514084,0.17587502
2011-03-21,0,34.260426,32.007568,73.01769,0.17095834
2011-03-22,0,32.940426,32.437568,74.35447,0.16675001
2011-03-23,0,33.300426,32.561854,71.29551,0.15995832
2011-03-24,0,32.810425,32.84613971,69.46179,0.15920836
2011-03-25,0,32.690426,33.01756843,71.55798,0.15683337
2011-03-26,0,32.590424,33.09328257,75.71957,0.18958332
2011-03-27,0,30.770426,32.76613986,73.528915,0.23341668
2011-03-28,0,30.400425,32.21471114,77.8023,0.26941666
2011-03-29,0,28.330425,31.55613957,82.76234,0.36383334
2011-03-30,0,27.220425,30.687568,86.79577,0.38395834
2011-03-31,0,26.370424,29.76756786,90.19215,0.39141667
2011-04-01,0,30.080425,29.39471057,80.50341,0.3550417
2011-04-02,0,31.820425,29.28471071,77.10293,0.32662508
2011-04-03,0,31.310425,29.36185343,78.18657,0.3087917
2011-04-04,0,31.530424,29.52328186,76.72624,0.29233333
2011-04-05,0,29.660425,29.71328186,78.66732,0.28570837
2011-04-06,0,32.200424,30.42471029,71.13856,0.26512495
2011-04-07,0,33.730427,31.47613929,68.734795,0.24466662
2011-04-08,0,34.210426,32.06613943,66.1061,0.22591664
2011-04-09,0,32.970425,32.23042514,72.1433,0.21125
2011-04-10,0,32.970425,32.467568,72.81762,0.20229165
2011-04-11,0,33.550426,32.75613971,70.444855,0.19004165
2011-04-12,0,33.960426,33.37042557,62.15846,0.17833333
2011-04-13,0,34.120426,33.64471157,69.33422,0.16970833
2011-04-14,0,32.490425,33.46756843,72.8655,0.19683331
2011-04-15,0,32.870426,33.27613986,74.56278,0.20054163
2011-04-16,0,34.080425,33.43471129,72.595245,0.19524996
2011-04-17,0,34.440426,33.64471143,73.21305,0.19741668
2011-04-18,0,34.690426,33.80756857,70.61111,0.18795836
2011-04-19,0,31.710424,33.48613971,81.65279,0.31195834
2011-04-20,0,30.330425,32.944711,80.14147,0.33183333
2011-04-21,0,35.040424,33.30899657,76.22225,0.29225
2011-04-22,0,31.910423,33.17185329,77.90091,0.26545838
2011-04-23,0,34.440426,33.223282,68.776146,0.23845838
2011-04-24,0,33.430424,33.078996,74.6379,0.25045833
2011-04-25,0,31.700424,32.65185286,81.597466,0.34208333
2011-04-26,0,30.550425,32.48613871,78.69228,0.31524998
2011-04-27,0,29.320425,32.341853,82.16309,0.3582083
2011-04-28,0,29.460424,31.54471014,82.9011,0.36874998
2011-04-29,0,30.250425,31.30756757,80.82867,0.33816668
2011-04-30,0,32.750423,31.06613857,76.59705,0.30454168
2011-05-01,0,32.430424,30.92328143,75.42058,0.2778333
2011-05-02,0,32.970425,31.10471014,73.21897,0.26420835
2011-05-03,0,34.460426,31.66328171,74.190475,0.24541669
2011-05-04,0,31.050425,31.91042457,83.93924,0.33633336
2011-05-05,0,31.310425,32.17471043,83.241974,0.39458334
2011-05-06,0,32.170425,32.44899614,79.466965,0.36891666
2011-05-07,0,34.190426,32.65471086,78.27661,0.3547083
2011-05-08,0,32.010426,32.59471114,80.299934,0.38458332
2011-05-09,0,33.550426,32.67756843,76.008385,0.33695838
2011-05-10,0,34.890427,32.73899714,75.35204,0.31112495
2011-05-11,0,34.380424,33.21471129,81.484184,0.33666667
2011-05-12,0,32.640427,33.40471157,78.208885,0.34566668
2011-05-13,0,33.980427,33.66328329,78.151634,0.32425
2011-05-14,0,32.840424,33.47042586,82.39687,0.36924997
2011-05-15,0,34.860424,33.87756843,77.80394,0.35270837
2011-05-16,0,33.570423,33.88042514,79.71987,0.36775002
2011-05-17,0,33.030426,33.61471071,82.962395,0.3902917
2011-05-18,0,30.410425,33.047568,83.555305,0.39808336
2011-05-19,0,29.660425,32.62185343,86.238556,0.41716668
2011-05-20,0,30.310425,32.09756743,85.10771,0.4242083
2011-05-21,0,31.930424,31.96756743,86.99665,0.42512497
2011-05-22,0,32.400425,31.616139,86.70023,0.42487502
2011-05-23,0,30.120424,31.123282,89.00513,0.42387497
2011-05-24,0,32.860424,31.098996,86.56198,0.42050004
2011-05-25,0,31.380424,31.23756729,86.63699,0.42499995
2011-05-26,0,31.930424,31.56185286,80.39565,0.40025
2011-05-27,0,33.490425,32.01613857,80.39345,0.3770834
2011-05-28,0,33.420425,32.22899586,81.37477,0.37170836
2011-05-29,0,32.240425,32.20613871,80.97466,0.39637494
2011-05-30,0,31.560425,32.41185314,82.151665,0.40441665
2011-05-31,0,31.690426,32.24471057,88.48054,0.42704165
2011-06-01,0,31.560425,32.270425,84.66431,0.41970828
2011-06-02,0,32.500423,32.35185343,85.72891,0.4215
2011-06-03,0,33.770424,32.39185329,82.62127,0.41391668
2011-06-04,0,34.010426,32.47613914,82.813034,0.40695834
2011-06-05,0,33.950424,32.72042471,79.26336,0.39145836
2011-06-06,0,34.430424,33.13042457,75.08465,0.37308335
2011-06-07,0,32.720425,33.27756729,80.18635,0.37179163
2011-06-08,0,31.630424,33.28756714,84.44373,0.4062084
2011-06-09,0,29.700424,32.88756729,87.558075,0.39404163
2011-06-10,0,31.750425,32.598996,85.55438,0.4035
2011-06-11,0,29.370424,31.93613857,89.03852,0.42241666
2011-06-12,0,32.150425,31.67899586,85.11595,0.4144583
2011-06-13,0,33.100426,31.48899614,82.84647,0.3950834
2011-06-14,0,31.980427,31.38328214,85.78762,0.4227917
2011-06-15,0,31.830425,31.41185371,84.643,0.42079166
2011-06-16,0,29.690426,31.41042543,86.542076,0.42216668
2011-06-17,0,29.710424,31.11899671,88.8468,0.423375
2011-06-18,0,28.320425,30.96899686,90.749084,0.4235833
2011-06-19,0,32.310425,30.991854,84.9511,0.41875002
2011-06-20,0,31.740425,30.79756814,84.882965,0.4143333
2011-06-21,0,31.660425,30.75185357,83.58016,0.4077916
2011-06-22,0,31.680426,30.73042514,84.901634,0.41437504
2011-06-23,0,32.420425,31.120425,85.89252,0.4210417
2011-06-24,0,29.870424,31.14328214,92.47541,0.43445835
2011-06-25,0,30.930426,31.51613943,88.43322,0.426875
2011-06-26,0,29.810425,31.15899657,90.42681,0.4227916
2011-06-27,0,29.470425,30.83471086,91.920525,0.4302083
2012-02-29,0,30.310425,31.44899657,74.87376,0.15574999
2012-03-01,0,31.200424,31.40899643,68.48348,0.14929162
2012-03-02,0,30.110424,31.03756757,78.20018,0.1548333
2012-03-03,0,30.540424,30.73899614,74.31107,0.14591672
2012-03-04,0,32.850426,30.95471057,57.230175,0.14124997
2012-03-05,0,33.230427,31.347568,69.9136,0.14033331
2012-03-06,0,35.050426,31.89899657,66.314735,0.13891669
2012-03-07,0,34.220425,32.457568,70.230576,0.139125
2012-03-08,0,33.860424,32.837568,68.02546,0.1427917
2012-03-09,0,32.730427,33.21185414,74.498955,0.14891662
2012-03-10,0,33.210426,33.593283,67.262405,0.15204166
2012-03-11,0,33.710426,33.71614014,51.1321,0.15470831
2012-03-12,0,34.490425,33.89613986,49.30454,0.15899998
2012-03-13,0,32.670425,33.55613971,50.169983,0.15458332
2012-03-14,0,31.820425,33.21328257,62.556217,0.15145837
2012-03-15,0,30.960424,32.79899686,61.55707,0.15320836
2012-03-16,0,32.580425,32.777568,51.09728,0.14979167
2012-03-17,0,32.310425,32.64899643,60.52799,0.15054163
2012-03-18,0,30.340425,32.16756771,73.16036,0.18720837
2012-03-19,0,32.030426,31.81613929,75.46821,0.18337499
2012-03-20,0,31.190426,31.60471086,80.68641,0.18908338
2012-03-21,0,34.170425,31.94042514,71.5161,0.18366669
2012-03-22,0,34.490425,32.444711,74.06501,0.17587496
2012-03-23,0,32.760426,32.47042543,55.04536,0.16841663
2012-03-24,0,33.560425,32.64899686,52.62639,0.16354163
2012-03-25,0,34.280426,33.21185414,69.39116,0.16295832
2012-03-26,0,34.900425,33.621854,69.83422,0.16479163
2012-03-27,0,35.780426,34.27756829,68.172,0.1652917
2012-03-28,0,35.540424,34.47328243,65.90537,0.16583334
2012-03-29,0,36.560425,34.76899671,64.18607,0.16329168
2012-03-30,0,34.070423,34.95613914,72.86376,0.15816665
2012-03-31,0,35.230427,35.19471086,64.07623,0.15395832
2012-04-01,0,33.550426,35.09042514,63.484882,0.15395832
2012-04-02,0,34.960426,35.09899671,66.45751,0.15175003
2012-04-03,0,35.050426,34.994711,70.02645,0.15066665
2012-04-04,0,33.100426,34.64613986,75.418724,0.18595833
2012-04-05,0,32.620426,34.08328286,72.41442,0.19850002
2012-04-06,0,25.330425,32.83471171,87.333405,0.27595833
2012-04-07,0,25.910425,31.50328286,88.27542,0.35758328
2012-04-08,0,29.650425,30.94613986,86.2913,0.4050834
2012-04-09,0,26.670425,29.761854,88.47628,0.42483333
2012-04-10,0,26.980425,28.60899671,86.9195,0.42416665
2012-04-11,0,29.910425,28.15328229,81.43287,0.4213334
2012-04-12,0,27.710424,27.45185343,88.01479,0.41945836
2012-04-13,0,27.780424,27.80185329,85.3696,0.40570834
2012-04-14,0,32.560425,28.75185329,76.35908,0.38387492
2012-04-15,0,33.220425,29.26185329,79.84959,0.38649997
2012-04-16,0,32.420425,30.08328186,80.0165,0.3737917
2012-04-17,0,33.570423,31.02471014,79.58201,0.35637498
2012-04-18,0,34.490425,31.67899586,77.43956,0.34079167
2012-04-19,0,34.060425,32.58613886,78.76472,0.32758337
2012-04-20,0,33.040424,33.33756743,80.08306,0.3345833
2012-04-21,0,31.990425,33.25613886,82.7772,0.37841666
2012-04-22,0,35.020424,33.51328157,72.03797,0.35870835
2012-04-23,0,33.620426,33.68471029,79.64128,0.32833335
2012-04-24,0,34.240425,33.78042486,75.93886,0.30791667
2012-04-25,0,34.730427,33.81471086,79.7313,0.32291666
2012-04-26,0,33.190426,33.69042529,80.05998,0.3322083
2012-04-27,0,35.720425,34.07328257,78.13069,0.33137497
2012-04-28,0,32.350426,34.12471129,82.99301,0.34166667
2012-04-29,0,34.670425,34.07471143,83.987274,0.35674998
2012-04-30,0,32.250423,33.87899671,83.99396,0.38662502
2012-05-01,0,28.950424,33.12328229,84.2299,0.39612505
2012-05-02,0,31.930424,32.72328186,85.126976,0.4082916
2012-05-03,0,32.230427,32.58613914,77.69512,0.4079583
2012-05-04,0,29.010426,31.62756786,80.43775,0.4147083
2012-05-05,0,32.730427,31.68185371,71.3793,0.388
2012-05-06,0,34.050426,31.59328243,70.996056,0.35908338
2012-05-07,0,34.220425,31.87471129,71.952065,0.33683327
2012-05-08,0,34.450424,32.66042557,73.79658,0.32012495
2012-05-09,0,33.850426,32.93471157,77.40725,0.30508336
2012-05-10,0,34.270424,33.22613971,77.13212,0.28795832
2012-05-11,0,33.970425,33.934711,77.90968,0.273875
2012-05-12,0,33.420425,34.03328214,78.56916,0.27245826
2012-05-13,0,34.310425,34.07042486,79.74313,0.300125
2012-05-14,0,35.990425,34.323282,78.22391,0.3002083
2012-05-15,0,35.150425,34.42328214,78.452774,0.2748334
2012-05-16,0,34.030426,34.44899643,80.551,0.26737508
2012-05-17,0,33.910423,34.39756771,78.57766,0.27295837
2012-05-18,0,33.630424,34.34899614,79.86569,0.292375
2012-05-19,0,32.580425,34.22899614,83.39138,0.34662497
2012-05-20,0,32.300426,33.94185343,81.92016,0.36475
2012-05-21,0,34.190426,33.68471071,79.32665,0.33475003
2012-05-22,0,34.310425,33.56471071,77.28231,0.30012494
2012-05-23,0,36.060425,33.85471057,78.30135,0.27712497
2012-05-24,0,35.510426,34.08328243,80.45236,0.26337498
2012-05-25,0,35.810425,34.39471114,76.45937,0.24983327
2012-05-26,0,35.000423,34.74042514,77.09498,0.23591663
2012-05-27,0,36.120426,35.28613943,77.21238,0.22858335
2012-05-28,0,34.070423,35.26899614,82.40187,0.25275
2012-05-29,0,34.310425,35.26899614,78.25937,0.25170833
2012-05-30,0,32.670425,34.78471043,81.5352,0.28225
2012-05-31,0,34.990425,34.71042457,77.323845,0.28325
2012-06-01,0,28.890425,33.72185314,90.45689,0.3413333
2012-06-02,0,31.940426,33.28471071,83.97224,0.34329167
2012-06-03,0,34.630424,33.07185329,80.25248,0.3145416
2012-06-04,0,35.710426,33.30613943,81.41889,0.29062495
2012-06-05,0,34.190426,33.28899671,81.771416,0.27658334
2012-06-06,0,34.770424,33.58899657,79.33545,0.28404167
2012-06-07,0,35.570423,33.67185343,80.45039,0.29320833
2012-06-08,0,34.660423,34.49613886,78.517815,0.34825003
2012-06-09,0,34.120426,34.80756743,81.82082,0.35100004
2012-06-10,0,34.080425,34.72899614,80.012695,0.40066668
2012-06-11,0,33.960426,34.47899614,80.1399,0.37262496
2012-06-12,0,34.100426,34.466139,78.5455,0.35341665
2012-06-13,0,34.050426,34.36328214,79.74659,0.3424166
2012-06-14,0,34.290424,34.18042514,78.47281,0.3300833
2012-06-15,0,32.380424,33.854711,84.97657,0.37666667
2012-06-16,0,30.310425,33.31042514,89.65287,0.38670835
2012-06-17,0,31.150425,32.89185371,84.36353,0.40512502
2012-06-18,0,34.350426,32.947568,82.73808,0.37187505
2012-06-19,0,32.660423,32.74185329,78.82924,0.36383334
2012-06-20,0,32.150425,32.47042457,83.52353,0.39316666
2012-06-21,0,31.180426,32.02613914,85.212006,0.40470836
2012-06-22,0,31.280424,31.86899629,87.11054,0.40612498
2012-06-23,0,30.430426,31.88613929,88.59054,0.41704166
2012-06-24,0,29.740425,31.68471071,89.14487,0.41933334
2012-06-25,0,28.550425,30.85613914,89.427895,0.4287083
2012-06-26,0,31.800425,30.73328229,85.91305,0.41333333
2012-06-27,0,33.330425,30.90185371,84.58116,0.4062917
2013-02-28,0,31.990425,31.21756743,63.954426,0.15583329
2013-03-01,0,30.300425,31.21899614,62.163937,0.15249999
2013-03-02,0,30.700424,31.20756757,64.459435,0.14987502
2013-03-03,0,31.250425,31.20471029,69.15337,0.14912501
2013-03-04,0,32.060425,31.22328186,67.731155,0.14804168
2013-03-05,0,32.080425,31.416139,65.79956,0.1490417
2013-03-06,0,32.330425,31.53042486,64.81082,0.15250002
2013-03-07,0,32.860424,31.65471043,63.430546,0.15329164
2013-03-08,0,32.970425,32.036139,58.504963,0.15183336
2013-03-09,0,32.820423,32.338996,64.228355,0.15291665
2013-03-10,0,33.350426,32.63899614,61.872944,0.15174998
2013-03-11,0,31.860424,32.61042457,72.32876,0.15716663
2013-03-12,0,31.720425,32.558996,79.6447,0.16029164
2013-03-13,0,32.410423,32.57042429,79.4387,0.16699998
2013-03-14,0,32.660423,32.54185271,76.40421,0.16916668
2013-03-15,0,33.620426,32.63471,75.387,0.16937496
2013-03-16,0,34.690426,32.90185329,72.14544,0.16608338
2013-03-17,0,32.670425,32.80471029,65.76157,0.16687496
2013-03-18,0,31.420425,32.74185329,65.04529,0.16083328
2013-03-19,0,32.930424,32.91471029,65.18139,0.156375
2013-03-20,0,33.320423,33.04471029,68.58729,0.15329166
2013-03-21,0,33.960426,33.230425,68.435844,0.15220834
2013-03-22,0,34.020424,33.28756757,70.4468,0.16033337
2013-03-23,0,32.960426,33.04042471,80.059105,0.163125
2013-03-24,0,34.350426,33.28042486,75.418846,0.16649999
2013-03-25,0,35.910423,33.92185314,65.94381,0.16329171
2013-03-26,0,35.940426,34.35185343,66.55585,0.15512498
2013-03-27,0,35.670425,34.687568,62.18933,0.15416665
2013-03-28,0,34.950424,34.82899629,64.22087,0.16095833
2013-03-29,0,33.140427,34.70328243,63.820835,0.16516665
2013-03-30,0,33.920425,34.84042514,68.08522,0.1681667
2013-03-31,0,33.220425,34.67899643,77.25498,0.16558337
2013-04-01,0,32.450424,34.18471086,79.0035,0.16779168
2013-04-02,0,33.990425,33.90613929,76.26141,0.17741664
2013-04-03,0,35.630424,33.90042486,71.687965,0.17399998
2013-04-04,0,35.970425,34.04613929,62.50626,0.16799998
2013-04-05,0,35.560425,34.39185329,51.277145,0.15658331
2013-04-06,0,35.140427,34.56613929,53.477966,0.14795837
2013-04-07,0,35.790424,34.933282,69.23814,0.14787498
2013-04-08,0,35.770424,35.40756771,71.91975,0.14795831
2013-04-09,0,36.770424,35.80471043,70.67974,0.15045834
2013-04-10,0,36.430424,35.91899614,72.7916,0.15554167
2013-04-11,0,35.770424,35.89042457,75.06145,0.15754168
2013-04-12,0,36.840424,36.07328157,70.324394,0.15437499
2013-04-13,0,36.860424,36.31899543,68.110886,0.16004166
2013-04-14,0,33.140427,35.94042443,71.61816,0.16691661
2013-04-15,0,32.730427,35.50613914,74.00823,0.17958331
2013-04-16,0,32.050426,34.83185371,79.197,0.22570832
2013-04-17,0,27.670425,33.58042529,84.751976,0.38779166
2013-04-18,0,28.090425,32.48328257,82.18717,0.36533335
2013-04-19,0,32.380424,31.84613971,76.104065,0.366375
2013-04-20,0,30.380424,30.92042543,75.90484,0.376125
2013-04-21,0,31.660425,30.70899657,76.68672,0.34791663
2013-04-22,0,28.450424,30.09756757,79.10171,0.3329166
2013-04-23,0,30.380424,29.85899586,76.04304,0.3162916
2013-04-24,0,32.370426,30.53042457,73.637375,0.29612494
2013-04-25,0,33.500423,31.30328143,72.269936,0.27529168
2013-04-26,0,33.740425,31.49756729,75.72518,0.2559583
2013-04-27,0,32.280426,31.76899614,81.3883,0.277625
2013-04-28,0,34.130424,32.12185314,81.017075,0.30566666
2013-04-29,0,32.960426,32.76613914,82.59835,0.34254166
2013-04-30,0,33.900425,33.26899643,80.689545,0.3506666
2013-05-01,0,35.150425,33.66613914,78.23414,0.32341668
2013-05-02,0,35.040424,33.88613929,77.076324,0.29495838
2013-05-03,0,35.430424,34.12756771,78.07676,0.35283336
2013-05-04,0,29.920425,33.79042471,86.59204,0.41974998
2013-05-05,0,31.140425,33.363282,86.43793,0.4254583
2013-05-06,0,25.900425,32.35471043,93.547615,0.43291664
2013-05-07,0,27.150425,31.39042471,93.738,0.42854166
2013-05-08,0,30.230425,30.68756757,89.939026,0.4280833
2013-05-09,0,29.780424,29.936139,89.548035,0.42395833
2013-05-10,0,32.670425,29.54185343,81.64706,0.4075
2013-05-11,0,33.740425,30.08756771,81.99705,0.41845834
2013-05-12,0,31.540424,30.14471043,82.44764,0.41929162
2013-05-13,0,32.930424,31.148996,77.38834,0.39975
2013-05-14,0,32.020424,31.84471014,81.16234,0.4088333
2013-05-15,0,31.370424,32.00756714,83.02204,0.40283337
2013-05-16,0,24.510426,31.25471029,91.99646,0.42562497
2013-05-17,0,31.610424,31.10328157,83.88282,0.4000417
2013-05-18,0,32.600426,30.94042457,85.249626,0.40491667
2013-05-19,0,33.130424,31.16756743,80.479546,0.40129164
2013-05-20,0,31.090425,30.90471043,90.440544,0.42937502
2013-05-21,0,30.200424,30.64471043,89.498146,0.4285833
2013-05-22,0,29.250425,30.34185343,88.34228,0.42149997
2013-05-23,0,26.540424,30.63185314,93.79709,0.42333338
2013-05-24,0,26.700424,29.93042457,93.900604,0.43545833
2013-05-25,0,29.460424,29.48185286,88.28422,0.4145417
2013-05-26,0,32.040424,29.32613857,82.42532,0.39395836
2013-05-27,0,33.630424,29.68899557,81.70364,0.39404166
2013-05-28,0,31.650425,29.89613857,82.17402,0.40966663
2013-05-29,0,31.620424,30.23470986,87.45217,0.42070833
2013-05-30,0,30.070425,30.73899571,87.42402,0.42916664
2013-05-31,0,28.460424,30.99042429,86.54428,0.41487494
2013-06-01,0,32.080425,31.36471014,83.556145,0.39975002
2013-06-02,0,34.400425,31.70185314,79.443,0.37579164
2013-06-03,0,34.610424,31.84185314,75.9787,0.35745835
2013-06-04,0,34.280426,32.21756757,77.76911,0.34154162
2013-06-05,0,33.410423,32.47328171,80.91183,0.33454168
2013-06-06,0,32.930424,32.881853,80.7613,0.33854166
2013-06-07,0,30.690426,33.20042471,90.91809,0.3885833
2013-06-08,0,32.110424,33.20471029,86.56126,0.39874998
2013-06-09,0,33.000423,33.00471,83.643524,0.39624998
2013-06-10,0,33.800426,32.888996,82.71764,0.38895833
2013-06-11,0,34.960426,32.98613886,80.21212,0.3912083
2013-06-12,0,34.380424,33.12471043,75.32885,0.38937497
2013-06-13,0,34.270424,33.316139,76.384224,0.39004168
2013-06-14,0,30.960424,33.35471014,83.77532,0.39187494
2013-06-15,0,33.590424,33.56613871,81.41466,0.38570836
2013-06-16,0,34.810425,33.82471043,77.94726,0.36458346
2013-06-17,0,35.390427,34.05185343,74.59283,0.341125
2013-06-18,0,35.010426,34.05899629,75.00205,0.32120833
2013-06-19,0,35.040424,34.153282,80.55433,0.313
2013-06-20,0,34.310425,34.15899643,81.300545,0.33970836
2013-06-21,0,34.500423,34.66471057,78.74958,0.35974994
2013-06-22,0,33.950424,34.71613914,77.18419,0.38116667
2013-06-23,0,33.540424,34.53471043,75.70541,0.3554167
2013-06-24,0,33.220425,34.22471014,78.143036,0.3420416
2013-06-25,0,29.870424,33.49042414,88.6589,0.38258335
2013-06-26,0,30.640425,32.86185286,87.97666,0.4086666
2013-06-27,0,29.920425,32.23471,89.25535,0.41495833
2014-02-28,0,26.450424,27.79185314,78.72756,0.22883339
2014-03-01,0,27.940426,27.803282,74.73328,0.21895836
2014-03-02,0,26.690426,27.64613943,78.09252,0.21075003
2014-03-03,0,27.770426,27.57899671,77.77915,0.20312504
2014-03-04,0,27.340425,27.43899671,67.32198,0.19625004
2014-03-05,0,28.310425,27.54042514,71.40324,0.1869167
2014-03-06,0,27.990425,27.49899671,72.46925,0.17912501
2014-03-07,0,28.550425,27.79899686,70.93421,0.17420836
2014-03-08,0,28.940426,27.941854,65.61287,0.16908334
2014-03-09,0,29.040424,28.277568,66.54911,0.165
2014-03-10,0,29.380424,28.50756771,65.3444,0.1660417
2014-03-11,0,30.570425,28.96899629,61.832104,0.16266666
2014-03-12,0,31.610424,29.44042471,65.818306,0.16179173
2014-03-13,0,31.770426,29.98042486,72.35721,0.16054164
2014-03-14,0,31.930424,30.46328186,67.137474,0.15670829
2014-03-15,0,31.430426,30.81899614,63.345993,0.15604165
2014-03-16,0,32.110424,31.25756757,64.833374,0.1595
2014-03-17,0,32.510426,31.70471071,61.60497,0.159375
2014-03-18,0,32.910423,32.03899614,66.693794,0.159875
2014-03-19,0,32.850426,32.21613929,71.224815,0.16429164
2014-03-20,0,32.470425,32.31613914,63.595844,0.1671666
2014-03-21,0,32.080425,32.33756786,66.79664,0.16583335
2014-03-22,0,33.490425,32.63185343,67.70132,0.18870832
2014-03-23,0,30.300425,32.37328214,74.30048,0.2128334
2014-03-24,0,30.880424,32.14042471,82.88163,0.23512502
2014-03-25,0,31.080425,31.87899643,78.03013,0.25183332
2014-03-26,0,32.600426,31.84328214,81.17042,0.25145832
2014-03-27,0,34.440426,32.12471086,76.28582,0.23041666
2014-03-28,0,35.170425,32.56613943,68.26377,0.21137498
2014-03-29,0,35.690426,32.88042529,57.48015,0.1919167
2014-03-30,0,35.770424,33.66185371,59.00136,0.17812501
2014-03-31,0,35.970425,34.38899671,61.9541,0.16974999
2014-04-01,0,34.580425,34.88899671,68.25358,0.16541667
2014-04-02,0,35.420425,35.29185371,66.65512,0.16287501
2014-04-03,0,35.260426,35.40899657,75.38342,0.22858335
2014-04-04,0,30.350426,34.72042529,81.27496,0.29108337
2014-04-05,0,32.610424,34.280425,75.22823,0.2616666
2014-04-06,0,31.910423,33.72899629,82.1145,0.25566667
2014-04-07,0,33.990425,33.44613914,80.648994,0.24325006
2014-04-08,0,33.960426,33.35756786,77.77479,0.23537497
2014-04-09,0,33.070423,33.02185329,82.19247,0.282
2014-04-10,0,33.920425,32.83042457,74.37784,0.28287494
2014-04-11,0,34.890427,33.47899614,73.19894,0.24958341
2014-04-12,0,34.750423,33.78471029,68.83056,0.22479165
2014-04-13,0,34.080425,34.09471057,67.48052,0.21191664
2014-04-14,0,35.390427,34.29471086,68.08318,0.19937499
2014-04-15,0,35.440426,34.50613943,70.235985,0.18879174
2014-04-16,0,35.990425,34.92328257,71.81051,0.18391664
2014-04-17,0,35.430424,35.13899671,71.82961,0.19779171
2014-04-18,0,35.650425,35.24756786,74.54377,0.2031666
2014-04-19,1,35.160423,35.30613929,72.1924,0.18899997
2014-04-20,1,37.510426,35.79613943,63.19023,0.17604162
2014-04-21,1,36.930424,36.016139,57.64183,0.16958337
2014-04-22,1,37.760426,36.34756757,61.17415,0.16375001
2014-04-23,1,38.360424,36.68613886,59.154617,0.16125003
2014-04-24,0,38.460426,37.11899629,59.07933,0.15637498
2014-04-25,0,36.390427,37.22471086,72.58669,0.16625
2014-04-26,0,36.480427,37.41328286,78.36518,0.26916668
2014-04-27,0,35.840424,37.17471114,77.04919,0.2974167
2014-04-28,0,34.450424,36.82042543,75.33606,0.2619166
2014-04-29,0,34.600426,36.36899686,80.42926,0.28341672
2014-04-30,0,34.230427,35.77899729,77.558495,0.31899998
2014-05-01,0,33.420425,35.05899714,78.448875,0.335875
2014-05-02,0,33.730427,34.67899714,76.98296,0.33766666
2014-05-03,0,32.340424,34.08756814,79.44999,0.36495832
2014-05-04,0,33.410423,33.74042514,76.25057,0.39808333
2014-05-05,0,31.530424,33.32328229,82.65235,0.40387502
2014-05-06,0,34.050426,33.24471086,74.252144,0.36741674
2014-05-07,0,33.110424,33.08471043,79.46831,0.40312496
2014-05-08,0,33.150425,33.046139,80.746254,0.39937505
2014-05-09,0,36.930424,33.50328143,73.32236,0.36570826
2014-05-10,0,34.030426,33.74471029,70.642876,0.3400834
2014-05-11,0,30.790424,33.37042471,82.81187,0.33462492
2014-05-12,1,34.120426,33.740425,78.1783,0.3209584
2014-05-13,1,36.060425,34.02756771,76.79874,0.29816663
2014-05-14,0,36.380424,34.49471057,75.04526,0.28012505
2014-05-15,0,36.280426,34.94185357,79.50135,0.2665833
2014-05-16,0,36.440426,34.87185386,73.61698,0.25124997
2014-05-17,0,35.220425,35.04185371,77.148994,0.23470832
2014-05-18,0,35.740425,35.74899671,75.28555,0.22087501
2014-05-19,1,35.500423,35.94613914,73.82015,0.20666665
2014-05-20,1,36.040424,35.94328186,71.44149,0.19254167
2014-05-21,0,36.510426,35.96185357,71.91704,0.18124998
2014-05-22,0,36.360424,35.97328186,73.95457,0.1747917
2014-05-23,0,36.680424,36.00756729,71.76446,0.16704167
2014-05-24,0,33.690426,35.788996,80.04816,0.17179167
2014-05-25,0,32.360424,35.30613871,84.42231,0.20612502
2014-05-26,0,33.300426,34.99185343,81.57409,0.218875
2014-05-27,0,31.750425,34.37899643,84.30698,0.28625
2014-05-28,0,30.100426,33.46328214,86.8187,0.35920832
2014-05-29,0,34.220425,33.157568,81.84376,0.3322917
2014-05-30,0,31.610424,32.43328229,84.07677,0.35316667
2014-05-31,0,31.770426,32.15899657,86.91046,0.37916663
2014-06-01,0,30.610424,31.90899657,86.544395,0.3915417
2014-06-02,0,32.150425,31.74471071,85.28974,0.3936667
2014-06-03,0,31.630424,31.72756771,86.58874,0.3997917
2014-06-04,0,33.580425,32.22471043,83.163,0.3795
2014-06-05,0,34.820423,32.31042443,78.217026,0.35425004
2014-06-06,0,34.990425,32.79328171,76.2963,0.32924998
2014-06-07,0,34.460426,33.17756743,76.59197,0.30987495
2014-06-08,0,35.260426,33.84185343,74.975174,0.29129162
2014-06-09,0,33.840424,34.08328186,80.69986,0.29475006
2014-06-10,0,33.900425,34.40756771,83.28925,0.31187502
2014-06-11,0,33.720425,34.42756771,83.50595,0.34179172
2014-06-12,0,35.820423,34.57042486,79.46954,0.33779165
2014-06-13,0,34.840424,34.54899614,80.973625,0.345125
2014-06-14,0,35.620426,34.71471043,80.71015,0.38295832
2014-06-15,0,33.960426,34.52899614,83.43946,0.41320834
2014-06-16,0,34.630424,34.64185329,82.41783,0.4094584
2014-06-17,0,33.760426,34.62185343,83.95873,0.40729168
2014-06-18,0,33.080425,34.53042486,86.315125,0.40466666
2014-06-19,0,30.880424,33.82471071,89.22705,0.411875
2014-06-20,0,29.550425,33.06899657,92.09238,0.42545834
2014-06-21,0,28.030424,31.98471057,92.68635,0.43279168
2014-06-22,0,27.510426,31.063282,95.05319,0.43720838
2014-06-23,0,27.710424,30.07471057,94.2666,0.43262506
2014-06-24,0,29.010426,29.39613914,89.11463,0.42708334
2014-06-25,0,33.100426,29.39899643,83.790794,0.422375
2014-06-26,0,30.460424,29.33899643,86.79876,0.41883335
2014-06-27,0,29.640425,29.35185357,89.259514,0.4242917
2015-02-28,0,31.600426,31.07899657,73.29124,0.1645417
2015-03-01,0,32.200424,31.52185343,79.923874,0.16499995
2015-03-02,0,32.320423,31.68756743,69.04684,0.16166665
2015-03-03,0,30.840425,31.69042457,67.330894,0.15416664
2015-03-04,0,24.530424,30.79471014,84.74134,0.2134167
2015-03-05,0,28.150425,30.218996,66.24053,0.21470839
2015-03-06,0,28.160425,29.68613886,63.99293,0.19770835
2015-03-07,0,28.660425,29.26613871,62.577793,0.186375
2015-03-08,0,30.190426,28.97899614,62.14917,0.17683338
2015-03-09,0,31.380424,28.84471057,65.312965,0.1675
2015-03-10,0,32.750423,29.11756743,57.036743,0.15912499
2015-03-11,0,31.340425,30.09042471,53.08752,0.15237504
2015-03-12,0,31.630424,30.58756743,57.157246,0.14733334
2015-03-13,0,31.590425,31.07756743,61.320404,0.14562498
2015-03-14,0,33.870426,31.82185329,60.815647,0.14304167
2015-03-15,0,33.980427,32.363282,57.470734,0.14158335
2015-03-16,0,30.850426,32.287568,61.759674,0.14337498
2015-03-17,0,32.800426,32.29471129,67.70893,0.14395835
2015-03-18,0,31.740425,32.35185414,68.14951,0.14870837
2015-03-19,0,31.770426,32.37185443,61.474503,0.15129165
2015-03-20,0,31.810425,32.403283,55.97281,0.15325001
2015-03-21,0,32.670425,32.23185429,60.44841,0.15587501
2015-03-22,0,33.440426,32.15471129,60.70817,0.15920834
2015-03-23,0,34.410423,32.66328229,62.68944,0.15937504
2015-03-24,0,34.560425,32.91471071,65.04009,0.1585
2015-03-25,0,34.430424,33.29899629,68.49575,0.15795836
2015-03-26,0,33.300426,33.51756771,68.63227,0.15404163
2015-03-27,0,32.500423,33.61613886,78.57463,0.18866666
2015-03-28,0,31.820425,33.49471029,76.164246,0.27395836
2015-03-29,0,31.790424,33.25899571,78.62399,0.29670832
2015-03-30,0,32.960426,33.05185329,73.55912,0.2617083
2015-03-31,0,30.890425,32.52756757,82.304726,0.3477083
2015-04-01,0,30.460424,31.96042471,82.39718,0.33862504
2015-04-02,0,30.380424,31.54328157,85.20859,0.40975
2015-04-03,0,30.960424,31.32328171,86.51838,0.38979164
2015-04-04,0,33.210426,31.52185329,79.41929,0.3855833
2015-04-05,0,28.990425,31.12185343,85.697395,0.41908336
2015-04-06,0,28.690426,30.51185343,83.061005,0.42204174
2015-04-07,0,30.980425,30.52471057,80.42164,0.4100417
2015-04-08,0,30.970425,30.59756786,79.94695,0.4007084
2015-04-09,0,33.280426,31.01185386,77.575745,0.37070826
2015-04-10,0,33.920425,31.43471114,76.97189,0.34795833
2015-04-11,0,33.240425,31.43899671,78.15432,0.339125
2015-04-12,0,32.940426,32.00328257,77.14738,0.3429999
2015-04-13,0,32.940426,32.61042543,77.47062,0.32462505
2015-04-14,0,33.330425,32.94613971,72.945015,0.3042499
2015-04-15,0,34.250423,33.41471086,68.65061,0.28220835
2015-04-16,0,33.920425,33.50613929,72.97244,0.26299995
2015-04-17,0,33.060425,33.38328214,77.541405,0.34408334
2015-04-18,0,32.290424,33.24756771,80.62695,0.37929162
2015-04-19,0,30.830425,32.946139,86.21949,0.39091662
2015-04-20,0,33.690426,33.05328186,81.78638,0.38
2015-04-21,0,33.040424,33.01185314,81.84378,0.39570835
2015-04-22,0,33.740425,32.93899629,80.52004,0.39987502
2015-04-23,0,31.960426,32.65899643,82.23817,0.42016664
2015-04-24,0,30.100426,32.23613943,82.81223,0.42820835
2015-04-25,0,25.450424,31.25899657,87.45808,0.4148334
2015-04-26,0,29.440426,31.06042529,82.151375,0.40070832
2015-04-27,0,30.730425,30.637568,79.30648,0.38629174
2015-04-28,0,30.610424,30.29042514,80.30206,0.38349998
2015-04-29,0,30.150425,29.777568,81.88073,0.42520833
2015-04-30,0,29.820425,29.47185357,83.73562,0.41804168
2015-05-01,0,29.220425,29.34613914,85.83759,0.419875
2015-05-02,0,31.510426,30.21185371,84.10215,0.41641667
2015-05-03,0,34.360424,30.91471057,80.53138,0.39633343
2015-05-04,0,33.450424,31.30328186,79.80776,0.37762508
2015-05-05,0,34.190426,31.81471071,78.70278,0.35762504
2015-05-06,0,34.160423,32.38756757,76.528015,0.35233334
2015-05-07,0,31.930424,32.688996,84.14946,0.3842084
2015-05-08,0,31.300425,32.98613886,78.08651,0.37308332
2015-05-09,0,32.760426,33.16471029,81.023,0.359125
2015-05-10,0,31.510426,32.75756771,83.809395,0.39783332
2015-05-11,0,30.900425,32.39328214,84.41828,0.4059584
2015-05-12,0,30.280424,31.83471043,86.06171,0.41354167
2015-05-13,0,33.310425,31.71328214,80.82052,0.40300003
2015-05-14,0,34.940426,32.14328243,82.01105,0.397625
2015-05-15,0,32.610424,32.33042514,84.41688,0.414125
2015-05-16,0,32.200424,32.25042486,84.84218,0.42883337
2015-05-17,0,31.510426,32.25042486,83.10386,0.42558333
2015-05-18,0,32.760426,32.51613929,80.44315,0.40695834
2015-05-19,0,34.260426,33.084711,77.44229,0.3857917
2015-05-20,0,34.460426,33.24899686,77.42847,0.36870834
2015-05-21,0,34.630424,33.20471086,79.63363,0.36945835
2015-05-22,0,35.490425,33.61613957,78.89659,0.34895837
2015-05-23,0,35.480427,34.08471143,77.08639,0.33595827
2015-05-24,0,32.500423,34.22613957,77.31974,0.32829162
2015-05-25,0,35.240425,34.58042514,80.03228,0.36654165
2015-05-26,0,33.340424,34.44899629,81.804924,0.35966668
2015-05-27,0,32.150425,34.11899614,82.26314,0.37745833
2015-05-28,0,34.270424,34.06756757,79.19888,0.36716667
2015-05-29,0,33.850426,33.833282,80.64992,0.3514583
2015-05-30,0,32.280426,33.376139,84.996864,0.37529168
2015-05-31,0,33.820423,33.56471043,78.41986,0.3760834
2015-06-01,0,34.020424,33.39042457,76.14428,0.35162497
2015-06-02,0,33.900425,33.47042471,82.163826,0.35154164
2015-06-03,0,34.410423,33.79328157,76.89889,0.3384583
2015-06-04,0,35.550426,33.976139,75.47789,0.31475005
2015-06-05,0,34.880424,34.12328157,78.159485,0.30112496
2015-06-06,0,32.810425,34.19899571,80.72545,0.32045832
2015-06-07,0,34.090424,34.23756729,77.75079,0.31399992
2015-06-08,0,33.970425,34.23042457,76.103386,0.29266673
2015-06-09,0,34.270424,34.28328157,76.43995,0.2784166
2015-06-10,0,30.300425,33.696139,88.70478,0.35758337
2015-06-11,0,29.590425,32.84471029,90.900024,0.3909583
2015-06-12,0,30.720425,32.25042471,86.59135,0.4252917
2015-06-13,0,29.510426,31.77899629,89.5483,0.4275833
2015-06-14,0,31.570425,31.41899643,86.966896,0.42499998
2015-06-15,0,31.120424,31.01185343,89.316826,0.432875
2015-06-16,0,30.090425,30.41471071,89.74239,0.42766663
2015-06-17,0,31.330425,30.56185357,86.81146,0.405375
2015-06-18,0,33.330425,31.09613929,79.22607,0.39045838
2015-06-19,0,35.150425,31.72899643,75.93619,0.36941662
2015-06-20,0,33.250423,32.26328171,75.81266,0.3670833
2015-06-21,0,31.420425,32.24185314,82.255974,0.39049995
2015-06-22,0,29.610424,32.02613886,90.13816,0.41837493
2015-06-23,0,29.450424,31.93471014,92.037315,0.41891667
2015-06-24,0,30.590425,31.82899586,91.226036,0.42375007
2015-06-25,0,29.500425,31.281853,94.80482,0.43054166
2015-06-26,0,28.520426,30.33471029,91.53592,0.4263334
2015-06-27,0,28.300425,29.62756771,94.18743,0.42816666
2016-02-29,0,31.420425,29.37471086,70.34673,0.23454165
2016-03-01,0,30.990425,29.37328229,75.68018,0.22074999
2016-03-02,0,31.440426,29.97613957,74.13527,0.20874995
2016-03-03,0,31.220425,30.561854,73.378365,0.19837499
2016-03-04,0,32.560425,31.08042529,73.301765,0.19079165
2016-03-05,0,32.300426,31.60899671,78.50517,0.18362504
2016-03-06,0,32.280426,31.74471114,78.06951,0.17779173
2016-03-07,0,32.020424,31.83042529,74.84204,0.1725
2016-03-08,0,32.160423,31.99756786,71.55822,0.16762497
2016-03-09,0,33.700424,32.32042471,71.07086,0.16637503
2016-03-10,0,33.720425,32.67756757,75.4705,0.16662495
2016-03-11,0,33.960426,32.87756771,73.44201,0.16204163
2016-03-12,0,34.440426,33.183282,62.205627,0.15241668
2016-03-13,0,33.340424,33.33471029,59.705875,0.14920832
2016-03-14,0,31.360424,33.24042457,66.512215,0.15012501
2016-03-15,0,32.600426,33.30328214,70.46496,0.15091665
2016-03-16,0,32.030426,33.064711,75.27963,0.15983333
2016-03-17,0,33.060425,32.97042529,57.156193,0.15870835
2016-03-18,0,33.130424,32.85185357,63.703693,0.15454169
2016-03-19,0,29.900425,32.203282,79.32772,0.18950002
2016-03-20,0,28.620424,31.52899629,86.25705,0.29212502
2016-03-21,0,33.620426,31.85185371,83.54265,0.30208334
2016-03-22,0,34.460426,32.117568,70.935,0.27566662
2016-03-23,0,33.460426,32.32185371,65.69077,0.23887502
2016-03-24,0,33.580425,32.39613943,70.67449,0.21525002
2016-03-25,0,34.040424,32.52613943,68.75686,0.19749998
2016-03-26,0,32.570423,32.90756771,72.7376,0.18862504
2016-03-27,0,33.110424,33.54899629,75.9698,0.20912503
2016-03-28,0,28.390425,32.80185329,89.880585,0.32891664
2016-03-29,0,32.890427,32.57756771,83.13726,0.33354166
2016-03-30,0,31.850426,32.34756771,80.04505,0.35808328
2016-03-31,0,27.190426,31.43471071,87.99841,0.407625
2016-04-01,0,26.210424,30.31613929,85.7656,0.41441667
2016-04-02,0,27.650425,29.61328243,86.6807,0.4024167
2016-04-03,0,28.510426,28.95613986,91.26117,0.41895834
2016-04-04,0,29.890425,29.17042557,89.04401,0.41845837
2016-04-05,0,31.610424,28.987568,86.17398,0.41158333
2016-04-06,0,34.140427,29.314711,83.57835,0.38287497
2016-04-07,0,34.260426,30.324711,82.28294,0.35800004
2016-04-08,0,34.150425,31.45899686,82.08282,0.33858332
2016-04-09,0,35.530426,32.58471129,82.55684,0.31983337
2016-04-10,0,35.700424,33.61185386,81.665215,0.30087504
2016-04-11,0,35.810425,34.45756814,80.645065,0.28295833
2016-04-12,0,36.070423,35.09471086,77.89083,0.26683334
2016-04-13,0,35.600426,35.30328214,73.35589,0.25062498
2016-04-14,0,35.770424,35.51899614,76.02335,0.24650002
2016-04-15,0,35.490425,35.71042471,78.58471,0.25929162
2016-04-16,0,34.780426,35.60328186,78.9496,0.28004166
2016-04-17,0,32.540424,35.15185329,85.32264,0.30570832
2016-04-18,0,34.850426,35.01471057,82.77448,0.34579167
2016-04-19,0,36.340424,35.05328214,77.68702,0.37175003
2016-04-20,0,34.460426,34.890425,76.44492,0.3404583
2016-04-21,0,35.290424,34.82185357,76.30523,0.30674994
2016-04-22,0,35.990425,34.89328214,76.75494,0.2855833
2016-04-23,1,35.870426,35.04899643,75.45404,0.2649583
2016-04-24,1,38.160423,35.85185343,70.306595,0.24050002
2016-04-25,0,36.960426,36.153282,74.3471,0.22274996
2016-04-26,0,36.220425,36.13613929,71.40036,0.20954163
2016-04-27,0,36.040424,36.36185329,75.21047,0.224625
2016-04-28,1,35.460426,36.38613929,75.064995,0.23445837
2016-04-29,0,36.290424,36.42899629,74.31443,0.21687497
2016-04-30,0,36.590424,36.53185314,72.101265,0.20083334
2016-05-01,0,36.530426,36.29899643,74.36105,0.23341666
2016-05-02,0,31.230425,35.48042486,78.76679,0.37687504
2016-05-03,0,31.330425,34.78185343,78.455574,0.39329168
2016-05-04,0,31.260426,34.09899657,78.41644,0.40512493
2016-05-05,0,32.870426,33.72899657,76.99474,0.40520832
2016-05-06,0,32.680424,33.21328229,78.62913,0.39529166
2016-05-07,0,31.680426,32.511854,81.75037,0.37825
2016-05-08,0,33.250423,32.04328214,74.30296,0.36270833
2016-05-09,0,33.600426,32.38185371,80.976875,0.35137495
2016-05-10,0,34.340424,32.81185357,79.37271,0.33083346
2016-05-11,0,34.990425,33.34471057,76.46222,0.30866668
2016-05-12,0,34.680424,33.60328171,75.730965,0.2952084
2016-05-13,0,29.320425,33.12328186,89.6713,0.41166666
2016-05-14,0,32.770424,33.27899586,80.61608,0.4072083
2016-05-15,0,34.110424,33.40185314,78.56759,0.38124993
2016-05-16,0,34.280426,33.498996,76.40739,0.39933336
2016-05-17,0,34.740425,33.556139,75.52929,0.37716663
2016-05-18,0,31.460424,33.05185314,82.21962,0.38837504
2016-05-19,0,29.400425,32.29756757,89.25933,0.41308334
2016-05-20,0,27.790424,32.078996,91.71876,0.41375002
2016-05-21,0,25.070425,30.97899614,91.67947,0.42949998
2016-05-22,0,32.010426,30.67899643,84.13174,0.39845833
2016-05-23,0,33.940426,30.630425,81.83606,0.398375
2016-05-24,0,32.900425,30.36756786,80.098854,0.3920833
2016-05-25,0,33.200424,30.61613929,85.66773,0.42191663
2016-05-26,0,33.870426,31.25471086,78.56201,0.40949997
2016-05-27,0,31.660425,31.80756814,83.01818,0.4142917
2016-05-28,0,29.850426,32.49042543,91.11218,0.43066671
2016-05-29,0,32.290424,32.53042514,84.808876,0.41916668
2016-05-30,0,35.170425,32.70613929,80.0817,0.41337502
2016-05-31,0,33.270424,32.75899629,84.11921,0.41445836
2016-06-01,0,32.750423,32.69471043,81.207985,0.41349998
2016-06-02,0,34.230427,32.74613914,76.32893,0.39112505
2016-06-03,0,34.640427,33.17185371,75.391754,0.36837497
2016-06-04,0,34.950424,33.90042486,79.04104,0.35908338
2016-06-05,0,34.100426,34.15899657,80.21601,0.36037502
2016-06-06,0,32.980427,33.84613971,84.35352,0.37625003
2016-06-07,0,30.660425,33.47328271,86.2181,0.39049995
2016-06-08,0,31.900425,33.35185443,83.54185,0.3921667
2016-06-09,0,32.100426,33.04756857,85.34965,0.4038333
2016-06-10,0,34.160423,32.97899657,81.528786,0.38658336
2016-06-11,0,31.190426,32.441854,88.85511,0.41312504
2016-06-12,0,29.210424,31.74328229,91.48943,0.42850003
2016-06-13,0,28.870424,31.156139,91.81872,0.4254583
2016-06-14,0,30.030424,31.06613886,90.11133,0.42708337
2016-06-15,0,31.150425,30.958996,85.26141,0.41804168
2016-06-16,0,32.600426,31.03042457,87.19593,0.417375
2016-06-17,0,30.840425,30.55613914,85.7288,0.41508332
2016-06-18,0,33.950424,30.95042457,81.80543,0.40458333
2016-06-19,0,32.950424,31.48471029,80.82629,0.39833334
2016-06-20,0,33.140427,32.09471071,80.278206,0.3824583
2016-06-21,0,33.650425,32.61185371,81.78908,0.37250003
2016-06-22,0,32.230427,32.76613971,85.376434,0.38995835
2016-06-23,0,32.850426,32.801854,86.39865,0.409
2016-06-24,0,33.320423,33.15613943,82.13219,0.39845833
2016-06-25,0,33.890427,33.14756843,77.89526,0.38479164
2016-06-26,0,34.680424,33.39471129,75.4261,0.38887498
2016-06-27,0,33.920425,33.50613957,77.22524,0.36654165
2017-02-28,0,30.310425,29.87185343,65.851494,0.1592083
2017-03-01,0,30.860424,29.89185329,63.126556,0.16333336
2017-03-02,0,32.100426,30.15185357,64.33121,0.16287498
2017-03-03,0,32.230427,30.564711,71.49682,0.16216667
2017-03-04,0,28.940426,30.554711,74.17476,0.16575
2017-03-05,0,29.610424,30.61328243,79.79674,0.17062499
2017-03-06,0,29.110424,30.45185371,84.26098,0.21287501
2017-03-07,0,30.300425,30.45042514,73.76978,0.204875
2017-03-08,0,28.160425,30.064711,80.882614,0.20345837
2017-03-09,0,26.900425,29.32185371,79.08867,0.20458333
2017-03-10,0,30.280424,29.04328186,82.76626,0.23350002
2017-03-11,0,25.930426,28.61328186,90.30206,0.3877083
2017-03-12,0,28.820425,28.50042486,76.441154,0.3320833
2017-03-13,0,28.770426,28.45185371,59.30572,0.29479173
2017-03-14,0,29.440426,28.32899671,65.73231,0.26637492
2017-03-15,0,29.740425,28.554711,62.50902,0.24324997
2017-03-16,0,30.110424,29.01328229,60.60107,0.22225
2017-03-17,0,31.350426,29.16613971,65.45579,0.20508337
2017-03-18,0,27.220425,29.35042529,84.72236,0.27883336
2017-03-19,0,30.530424,29.59471086,71.78677,0.28333336
2017-03-20,0,23.700424,28.87042486,81.48023,0.27887496
2017-03-21,0,28.220425,28.696139,73.92489,0.26075003
2017-03-22,0,29.900425,28.71899614,71.18043,0.24012502
2017-03-23,0,30.380424,28.75756757,72.47488,0.22429168
2017-03-24,0,32.360424,28.901853,73.49403,0.20712501
2017-03-25,0,28.780424,29.12471,79.64256,0.22287498
2017-03-26,0,30.710424,29.15042429,78.02057,0.2465
2017-03-27,0,31.510426,30.26613886,80.68777,0.2565833
2017-03-28,0,30.910425,30.65042457,78.72763,0.24620831
2017-03-29,0,31.230425,30.84042457,85.965385,0.30845836
2017-03-30,0,32.900425,31.20042471,80.00511,0.317375
2017-03-31,0,33.070423,31.30185314,82.145515,0.2982084
2017-04-01,0,34.180424,32.07328171,76.4645,0.31216666
2017-04-02,0,33.320423,32.44613871,77.94299,0.320875
2017-04-03,0,32.700424,32.61613843,80.1269,0.35066664
2017-04-04,0,30.360424,32.53756686,85.10655,0.38724998
2017-04-05,0,29.240425,32.25328114,89.3803,0.41816673
2017-04-06,0,30.670425,31.93470971,85.278984,0.39745834
2017-04-07,0,33.070423,31.93470971,83.39819,0.37254167
2017-04-08,0,33.080425,31.777567,82.87559,0.3560417
2017-04-09,0,32.250423,31.62470986,84.274345,0.3444167
2017-04-10,0,33.910423,31.79756686,77.467354,0.32204172
2017-04-11,0,34.070423,32.32756671,71.12866,0.29866666
2017-04-12,0,33.580425,32.94756671,78.474045,0.28025004
2017-04-13,0,34.250423,33.458995,72.99733,0.2628333
2017-04-14,0,34.170425,33.61613814,70.502556,0.24554169
2017-04-15,0,33.450424,33.66899514,73.74287,0.23062496
2017-04-16,0,28.840425,33.18185257,82.44317,0.29612505
2017-04-17,0,32.890427,33.03613886,73.87049,0.271875
2017-04-18,0,33.850426,33.00471071,75.09628,0.2512083
2017-04-19,0,32.230427,32.81185386,84.16946,0.33508334
2017-04-20,0,31.080425,32.358997,83.46349,0.41766667
2017-04-21,0,28.820425,31.59471129,88.52981,0.4260833
2017-04-22,0,25.300425,30.43042571,93.87827,0.428625
2017-04-23,0,26.030424,30.028997,92.1069,0.42566672
2017-04-24,0,26.110424,29.06042514,87.66279,0.41804162
2017-04-25,0,33.530426,29.01471086,80.21063,0.38679168
2017-04-26,0,34.080425,29.27899629,81.47338,0.36629167
2017-04-27,0,33.690426,29.65185357,79.127075,0.34895825
2017-04-28,0,33.760426,30.357568,81.124855,0.33979157
2017-04-29,0,33.330425,31.50471086,76.336754,0.3270417
2017-04-30,0,33.540424,32.577568,78.193504,0.342375
2017-05-01,0,33.000423,33.56185357,77.08549,0.37904164
2017-05-02,0,31.880424,33.326139,78.21887,0.3701667
2017-05-03,0,34.020424,33.31756743,80.04129,0.34554163
2017-05-04,0,33.370426,33.27185314,80.55079,0.34804162
2017-05-05,0,33.290424,33.20471,80.1736,0.3587917
2017-05-06,0,31.650425,32.96471,82.113945,0.38925
2017-05-07,0,32.190426,32.77185314,81.9879,0.4069167
2017-05-08,0,32.930424,32.76185329,82.42872,0.38787505
2017-05-09,0,29.770426,32.460425,88.6578,0.40124997
2017-05-10,0,32.720425,32.27471086,80.60372,0.3865
2017-05-11,0,32.530426,32.15471086,82.72666,0.4079167
2017-05-12,0,33.100426,32.12756829,80.731575,0.38279164
2017-05-13,0,33.440426,32.38328271,81.93853,0.41349998
2017-05-14,0,32.720425,32.45899686,86.40743,0.41945836
2017-05-15,0,30.170425,32.06471129,87.708855,0.4182917
2017-05-16,0,29.400425,32.011854,86.440735,0.4205
2017-05-17,0,33.160423,32.07471086,84.56273,0.4157084
2017-05-18,0,32.350426,32.04899657,82.96372,0.40583324
2017-05-19,0,33.300426,32.077568,82.514854,0.4182917
2017-05-20,0,35.150425,32.32185357,77.78017,0.39195833
2017-05-21,0,34.960426,32.64185371,79.53695,0.384375
2017-05-22,0,34.650425,33.28185371,77.86293,0.36308333
2017-05-23,0,35.470425,34.14899657,78.21581,0.3535
2017-05-24,0,35.230427,34.44471143,80.2441,0.36083332
2017-05-25,0,35.350426,34.87328286,79.359215,0.34691668
2017-05-26,0,32.980427,34.82756871,81.00828,0.33295834
2017-05-27,0,33.650425,34.613283,81.49446,0.33250004
2017-05-28,0,33.850426,34.45471157,80.7701,0.33349994
2017-05-29,0,34.610424,34.44899714,82.93435,0.3681667
2017-05-30,0,28.770426,33.49185443,90.848625,0.42366663
2017-05-31,0,31.300425,32.93042557,87.76739,0.42237493
2017-06-01,0,28.520426,31.95471129,92.37943,0.42745838
2017-06-02,0,29.890425,31.51328243,87.77841,0.423
2017-06-03,0,33.960426,31.55756829,84.45051,0.42475006
2017-06-04,0,32.650425,31.38613957,85.70606,0.41766667
2017-06-05,0,32.400425,31.07042543,84.737885,0.41350004
2017-06-06,0,35.460426,32.02613971,79.59765,0.40029168
2017-06-07,0,35.910423,32.68471086,77.25349,0.36908332
2017-06-08,0,34.020424,33.47042486,82.305725,0.36587498
2017-06-09,0,34.780426,34.16899643,80.584465,0.38458335
2017-06-10,0,33.860424,34.15471043,82.11649,0.39870837
2017-06-11,0,30.850426,33.89756771,86.66337,0.4233333
2017-06-12,0,26.970425,33.12185343,94.22632,0.43429172
2017-06-13,0,32.680424,32.72471029,87.212036,0.41683337
2017-06-14,0,33.900425,32.43756771,86.07221,0.42000005
2017-06-15,0,32.030426,32.15328229,85.544716,0.41033337
2017-06-16,0,30.450424,31.53471057,88.20596,0.42916667
2017-06-17,0,31.860424,31.24899629,88.25882,0.4251667
2017-06-18,0,31.660425,31.36471043,89.665344,0.42737505
2017-06-19,0,29.040424,31.66042457,91.474236,0.43066666
2017-06-20,0,30.630424,31.36756743,89.76364,0.42620835
2017-06-21,0,30.800425,30.92471029,85.464966,0.41737494
2017-06-22,0,32.860424,31.04328143,87.21033,0.41958332
2017-06-23,0,32.720425,31.36756729,80.46327,0.39487502
2017-06-24,0,33.000423,31.53042429,81.30601,0.40133336
2017-06-25,0,32.630424,31.66899557,80.532005,0.38504168
2017-06-26,0,32.970425,32.23042429,79.89591,0.36312494
2017-06-27,0,33.210426,32.598996,81.36964,0.35662505
2018-02-28,0,30.740425,30.66185343,76.37265,0.21649998
2018-03-01,0,30.700424,30.84185314,72.43243,0.20520832
2018-03-02,0,31.710424,30.93042443,74.15366,0.19891667
2018-03-03,0,33.000423,31.16042414,74.43304,0.19495833
2018-03-04,0,33.820423,31.32328114,76.58469,0.18645833
2018-03-05,0,32.240425,31.767567,74.70167,0.18179165
2018-03-06,0,32.640427,32.121853,64.20023,0.17350002
2018-03-07,0,31.670425,32.25471014,62.05333,0.16991663
2018-03-08,0,31.580425,32.38042457,65.220665,0.16575001
2018-03-09,0,31.840425,32.39899614,69.97639,0.16316664
2018-03-10,0,31.860424,32.23613914,65.00974,0.16212498
2018-03-11,0,32.930424,32.10899643,61.584614,0.16166666
2018-03-12,0,33.290424,32.25899629,73.38244,0.16595833
2018-03-13,0,31.000425,32.02471029,77.723625,0.16495834
2018-03-14,0,31.970425,32.06756743,78.086395,0.16462505
2018-03-15,0,33.040424,32.27613871,74.65365,0.16529167
2018-03-16,0,30.860424,32.13613857,73.93345,0.17720836
2018-03-17,0,33.020424,32.30185286,68.42933,0.17554164
2018-03-18,0,33.550426,32.39042457,69.341965,0.16812499
2018-03-19,0,33.790424,32.46185314,68.93501,0.16566664
2018-03-20,0,33.250423,32.78328143,64.90934,0.16345836
2018-03-21,0,33.670425,33.02613857,64.88704,0.16270834
2018-03-22,0,33.190426,33.04756743,70.11943,0.16108336
2018-03-23,0,32.990425,33.35185329,72.20215,0.15766662
2018-03-24,0,33.050426,33.35613929,71.61657,0.15341665
2018-03-25,0,34.150425,33.44185343,72.33593,0.15220834
2018-03-26,0,32.650425,33.27899643,78.80019,0.18475
2018-03-27,0,30.990425,32.95613957,81.84924,0.27629167
2018-03-28,0,32.680424,32.81471086,82.15222,0.25991663
2018-03-29,0,32.790424,32.75756771,76.77109,0.27033332
2018-03-30,0,31.410425,32.53185343,78.17073,0.31175
2018-03-31,0,27.660425,31.76185329,82.28745,0.37008333
2018-04-01,0,32.890427,31.58185357,70.457085,0.32554165
2018-04-02,0,29.810425,31.17613929,78.338104,0.2924584
2018-04-03,0,32.890427,31.44756814,74.703995,0.27150008
2018-04-04,0,32.550426,31.428997,76.14643,0.25300005
2018-04-05,0,32.270424,31.35471129,75.229164,0.23612498
2018-04-06,0,29.330425,31.05756843,83.60585,0.32604164
2018-04-07,0,31.690426,31.63328286,82.06614,0.32066664
2018-04-08,0,31.260426,31.40042557,76.55046,0.29700002
2018-04-09,0,32.660423,31.80756814,73.23351,0.28083327
2018-04-10,0,31.330425,31.58471071,76.7356,0.30554163
2018-04-11,0,31.350426,31.41328214,80.0612,0.30670837
2018-04-12,0,32.070423,31.38471057,76.20754,0.37762496
2018-04-13,0,32.610424,31.85328186,77.68481,0.38125
2018-04-14,0,33.040424,32.04613871,81.78367,0.34520826
2018-04-15,0,32.140427,32.17185314,80.86387,0.37337503
2018-04-16,0,33.590424,32.30471043,80.069115,0.34666666
2018-04-17,0,29.450424,32.03613886,85.44436,0.3364167
2018-04-18,0,30.860424,31.96613857,79.94647,0.39475
2018-04-19,0,31.100426,31.82756757,84.0015,0.39937496
2018-04-20,0,32.450424,31.80471043,83.45459,0.38854167
2018-04-21,0,30.520426,31.44471071,85.06045,0.40820837
2018-04-22,0,31.660425,31.376139,86.962776,0.40420833
2018-04-23,0,33.720425,31.39471057,83.21719,0.37729168
2018-04-24,0,33.240425,31.93613929,82.73939,0.35270822
2018-04-25,0,33.920425,32.37328229,77.90262,0.37333333
2018-04-26,0,31.500425,32.430425,78.1919,0.39229164
2018-04-27,0,30.330425,32.127568,78.51403,0.3657917
2018-04-28,0,32.560425,32.41899643,76.62832,0.33970842
2018-04-29,0,26.600426,31.69613943,89.12778,0.4014167
2018-04-30,0,25.440426,30.51328243,90.53992,0.39191672
2018-05-01,0,30.680426,30.14756829,83.61129,0.40145835
2018-05-02,0,30.550425,29.66613971,81.16428,0.40420833
2018-05-03,0,31.330425,29.641854,80.40542,0.41820836
2018-05-04,0,28.940426,29.44328271,88.032845,0.42808333
2018-05-05,0,30.720425,29.18042557,88.65457,0.42970833
2018-05-06,0,33.380424,30.14899671,80.486,0.41575006
2018-05-07,0,30.870424,30.92471071,85.3797,0.41295835
2018-05-08,0,31.480425,31.03899629,84.24953,0.40583336
2018-05-09,0,30.770426,31.070425,84.09826,0.4009167
2018-05-10,0,30.100426,30.89471086,85.69105,0.38983342
2018-05-11,0,28.720425,30.86328214,86.645386,0.41162503
2018-05-12,0,31.360424,30.95471057,78.47363,0.41079167
2018-05-13,0,30.610424,30.55899629,82.744225,0.41479167
2018-05-14,0,30.210424,30.46471057,80.98731,0.4130417
2018-05-15,0,32.370426,30.59185357,81.144295,0.39558336
2018-05-16,0,27.060425,30.06185343,87.67505,0.4262083
2018-05-17,0,30.310425,30.09185329,84.473885,0.428125
2018-05-18,0,28.450424,30.05328171,86.94987,0.42162493
2018-05-19,0,30.980425,29.99899614,83.39073,0.4170417
2018-05-20,0,31.990425,30.19613914,86.15888,0.42645833
2018-05-21,0,30.150425,30.18756786,88.79178,0.42604163
2018-05-22,0,32.490425,30.20471057,83.75285,0.42225
2018-05-23,0,31.460424,30.83328186,86.25016,0.42229164
2018-05-24,0,29.970425,30.78471043,87.28597,0.42529163
2018-05-25,0,32.130424,31.31042471,81.97456,0.4160417
2018-05-26,0,34.010426,31.743282,79.87609,0.39991668
2018-05-27,0,34.920425,32.16185343,77.320885,0.37325
2018-05-28,0,34.510426,32.78471071,76.33994,0.353875
2018-05-29,0,33.670425,32.95328214,76.46044,0.3380833
2018-05-30,0,34.830425,33.43471086,75.24025,0.33329168
2018-05-31,0,27.920425,33.14185371,89.37043,0.4088333
2018-06-01,0,31.060425,32.98899671,89.69648,0.41962495
2018-06-02,0,31.620424,32.64756786,84.877365,0.42204162
2018-06-03,0,33.190426,32.40042514,82.31307,0.40387502
2018-06-04,0,33.570423,32.266139,80.15891,0.39729163
2018-06-05,0,33.810425,32.286139,80.51048,0.4032917
2018-06-06,0,34.410423,32.22613871,80.9987,0.388875
2018-06-07,0,35.410423,33.29613843,77.59085,0.37841663
2018-06-08,0,34.360424,33.76756686,81.07334,0.384375
2018-06-09,0,35.050426,34.25756714,82.332695,0.41970828
2018-06-10,0,32.740425,34.19328129,88.55021,0.42795828
2018-06-11,0,31.900425,33.95471014,86.70904,0.423
2018-06-12,0,31.280424,33.59328143,90.02912,0.42937493
2018-06-13,0,32.360424,33.30042443,85.36123,0.4249166
2018-06-14,0,33.320423,33.001853,84.53147,0.42562494
2018-06-15,0,31.860424,32.64471014,86.40335,0.41612503
2018-06-16,0,33.000423,32.35185257,83.45583,0.39800003
2018-06-17,0,33.770424,32.49899529,83.148186,0.38812497
2018-06-18,0,34.590424,32.88328086,81.257774,0.37466666
2018-06-19,0,32.230427,33.01899557,86.23278,0.3927083
2018-06-20,0,32.550426,33.04613871,84.48282,0.3930417
2018-06-21,0,34.330425,33.19042471,79.824776,0.400625
2018-06-22,0,33.020424,33.356139,80.44509,0.38874996
2018-06-23,0,30.320425,32.97328214,87.60378,0.40454173
2018-06-24,0,31.960426,32.714711,87.33139,0.42845833
2018-06-25,0,28.110424,31.78899671,93.01067,0.42383328
2018-06-26,0,33.320423,31.94471043,81.36289,0.40049997
2018-06-27,0,31.570425,31.80471029,82.81248,0.39254165
2019-02-28,0,21.970425,27.45471129,91.30936,0.36008334
2019-03-01,0,26.430426,26.72185429,69.11576,0.31133333
2019-03-02,0,26.460424,25.83899671,64.01385,0.27304167
2019-03-03,0,28.190426,25.46471114,63.732464,0.24445836
2019-03-04,0,25.540424,25.47185386,74.07056,0.240375
2019-03-05,0,24.460424,25.47471071,82.65275,0.30395833
2019-03-06,0,28.570425,25.94613914,80.06226,0.27941665
2019-03-07,0,28.630424,26.89756757,72.06728,0.257
2019-03-08,0,29.540424,27.341853,63.115864,0.23170833
2019-03-09,0,30.040424,27.85328157,65.175476,0.20937502
2019-03-10,0,30.550425,28.19042429,74.69755,0.19945835
2019-03-11,0,31.200424,28.99899571,83.447334,0.20441665
2019-03-12,0,32.500423,30.147567,74.589226,0.19220836
2019-03-13,0,33.190426,30.80756714,74.87447,0.17729165
2019-03-14,0,33.720425,31.53471014,71.03343,0.16616668
2019-03-15,0,33.710426,32.13042471,58.373093,0.15708329
2019-03-16,0,34.500423,32.76756743,59.765743,0.14895837
2019-03-17,0,34.940426,33.39471043,59.681477,0.14195831
2019-03-18,0,31.560425,33.44613914,62.392635,0.13808335
2019-03-19,0,32.620426,33.46328243,69.2254,0.1405833
2019-03-20,0,33.120426,33.45328243,71.727356,0.15108329
2019-03-21,0,34.340424,33.54185371,62.92084,0.1515
2019-03-22,0,34.330425,33.630425,78.11239,0.19316669
2019-03-23,0,34.610424,33.64613943,64.21244,0.20924997
2019-03-24,0,34.390427,33.56756814,54.255936,0.18683334
2019-03-25,0,35.610424,34.14613943,53.292805,0.16883337
2019-03-26,0,35.020424,34.48899629,57.336914,0.1598333
2019-03-27,0,30.600426,34.12899629,65.89141,0.17249997
2019-03-28,0,34.170425,34.10471071,62.30476,0.17304164
2019-03-29,0,33.500423,33.986139,61.94647,0.16362505
2019-03-30,0,33.700424,33.856139,72.369606,0.175125
2019-03-31,0,30.770426,33.338996,80.12585,0.25508335
2019-04-01,0,30.940426,32.67185343,79.96256,0.3717917
2019-04-02,0,27.300425,31.56899643,83.847855,0.3719583
2019-04-03,0,31.470425,31.693282,83.12601,0.34366664
2019-04-04,0,31.250425,31.27613914,88.060005,0.3596251
2019-04-05,0,29.760426,30.74185386,84.79089,0.35733333
2019-04-06,0,29.360424,30.12185386,86.29263,0.34416667
2019-04-07,0,29.840425,29.98899657,82.12762,0.39154172
2019-04-08,0,28.760426,29.677568,84.31748,0.40845835
2019-04-09,0,27.050425,29.64185371,88.17803,0.41679165
2019-04-10,0,30.280424,29.47185357,84.618095,0.42075002
2019-04-11,0,30.660425,29.38756786,84.923676,0.4012917
2019-04-12,0,32.480427,29.77613943,83.29676,0.39475
2019-04-13,0,32.940426,30.28756829,83.002174,0.37695828
2019-04-14,0,32.760426,30.70471129,84.30688,0.35775006
2019-04-15,0,33.560425,31.39042543,82.71258,0.3362083
2019-04-16,0,34.390427,32.43899714,82.72114,0.34266666
2019-04-17,0,34.110424,32.98614,77.1783,0.37225
2019-04-18,0,32.640427,33.26899743,74.36447,0.33745834
2019-04-19,0,33.230427,33.37614029,78.229965,0.31916666
2019-04-20,0,33.260426,33.42185457,77.169586,0.30050004
2019-04-21,0,33.780426,33.56756886,74.26899,0.28266665
2019-04-22,0,31.900425,33.330426,75.615685,0.26812503
2019-04-23,0,33.960426,33.26899729,68.937256,0.24920832
2019-04-24,0,35.290424,33.43756871,70.87971,0.23208337
2019-04-25,0,35.620426,33.86328286,73.07651,0.21775006
2019-04-26,0,34.860424,34.09613957,73.04269,0.20312499
2019-04-27,0,34.900425,34.33042514,78.152725,0.19841671
2019-04-28,0,35.890427,34.63185386,76.92564,0.19600002
2019-04-29,0,35.990425,35.21613957,76.102806,0.19412504
2019-04-30,0,36.090424,35.520425,71.94923,0.18924999
2019-05-01,0,36.010426,35.62328243,73.796364,0.18212502
2019-05-02,0,35.140427,35.55471114,73.20087,0.18050003
2019-05-03,0,31.020426,35.00614,88.55714,0.36450005
2019-05-04,0,26.440426,33.79756871,89.66086,0.40725002
2019-05-05,0,33.280426,33.42471143,79.408264,0.35887495
2019-05-06,0,35.790424,33.39613986,80.79435,0.3322501
2019-05-07,0,35.330425,33.28756857,80.490974,0.30970833
2019-05-08,0,35.660423,33.23756814,79.77871,0.29133332
2019-05-09,0,35.420425,33.27756786,79.33593,0.2730417
2019-05-10,0,35.960426,33.98328214,76.282364,0.25479168
2019-05-11,0,36.110424,35.36471043,75.14324,0.24191667
2019-05-12,0,35.410423,35.66899571,75.16546,0.22887504
2019-05-13,0,35.330425,35.60328157,78.24305,0.28779164
2019-05-14,0,33.380424,35.32471,80.03671,0.39041665
2019-05-15,0,33.380424,34.99899586,83.72268,0.41466674
2019-05-16,0,31.790424,34.48042429,84.19311,0.404375
2019-05-17,0,34.180424,34.22613829,80.322655,0.38900006
2019-05-18,0,35.340424,34.11613829,81.11239,0.374375
2019-05-19,0,33.900425,33.90042429,78.44982,0.34970832
2019-05-20,0,35.180424,33.87899557,78.04165,0.3297083
2019-05-21,0,35.430424,34.17185271,80.07254,0.34183335
2019-05-22,0,35.250423,34.43899543,78.04325,0.334625
2019-05-23,0,33.790424,34.72470971,80.34378,0.37662497
2019-05-24,0,30.780424,34.23899543,90.78167,0.41999996
2019-05-25,0,31.370424,33.67185257,89.54401,0.42600003
2019-05-26,0,35.330425,33.87613829,82.12671,0.40975
2019-05-27,0,34.700424,33.80756686,80.54976,0.38970828
2019-05-28,0,35.100426,33.76042429,75.73824,0.3617917
2019-05-29,0,35.610424,33.811853,76.490364,0.33916673
2019-05-30,0,34.860424,33.96471014,77.22932,0.32295844
2019-05-31,0,34.420425,34.48471029,81.35406,0.35533333
2019-06-01,0,31.980427,34.57185357,86.32601,0.42712498
2019-06-02,0,28.540424,33.60185343,89.80419,0.422375
2019-06-03,0,30.390425,32.98613929,87.638916,0.43145832
2019-06-04,0,27.430426,31.890425,92.50647,0.43374994
2019-06-05,0,28.940426,30.93756814,89.07761,0.42424998
2019-06-06,0,32.840424,30.64899671,82.495674,0.41974998
2019-06-07,0,31.450424,30.22471086,86.905846,0.41554174
2019-06-08,0,32.590424,30.31185329,85.40305,0.41479167
2019-06-09,0,32.590424,30.89042471,82.76808,0.4062083
2019-06-10,0,34.520424,31.48042457,81.75458,0.38891664
2019-06-11,0,35.210426,32.59185314,77.26209,0.3655417
2019-06-12,0,35.760426,33.56613886,77.72065,0.34600005
2019-06-13,0,35.090424,33.88756743,82.16451,0.3437083
2019-06-14,0,33.010426,34.11042486,85.853645,0.39237502
2019-06-15,0,29.500425,33.66899643,93.03912,0.42066666
2019-06-16,0,34.570423,33.95185343,82.15772,0.39991665
2019-06-17,0,33.990425,33.87613929,82.5996,0.39845836
2019-06-18,0,33.980427,33.70042514,83.51392,0.4216667
2019-06-19,0,36.020424,33.73756771,79.34134,0.40970835
2019-06-20,0,33.950424,33.57471057,80.941,0.41895834
2019-06-21,0,30.810425,33.26042471,87.38918,0.42591667
2019-06-22,0,33.030426,33.76471057,81.41396,0.40908334
2019-06-23,0,35.350426,33.87613957,79.15792,0.3868333
2019-06-24,0,35.480427,34.088997,74.40062,0.3679583
2019-06-25,0,35.140427,34.25471129,77.072876,0.35749996
2019-06-26,0,34.570423,34.04756829,78.39736,0.34574994
2019-06-27,0,32.800426,33.88328286,82.429955,0.3547083
2020-02-29,0,29.970425,27.240425,72.26881,0.25995836
2020-03-01,0,30.260426,27.27613929,71.00611,0.23916662
2020-03-02,0,30.090425,27.69328214,76.20309,0.22266664
2020-03-03,0,29.040424,28.42471057,75.19883,0.21912502
2020-03-04,0,28.870424,28.97185343,78.44919,0.34687504
2020-03-05,0,28.480425,29.29042486,77.44221,0.32504168
2020-03-06,0,26.350426,29.00899643,85.663124,0.329
2020-03-07,0,25.390425,28.35471071,89.64951,0.31899998
2020-03-08,0,28.930426,28.16471071,82.513596,0.29916665
2020-03-09,0,28.460424,27.93185343,72.48684,0.27612504
2020-03-10,0,28.790424,27.89613914,68.12212,0.25337502
2020-03-11,0,29.860424,28.03756771,68.04692,0.23341668
2020-03-12,0,31.430426,28.45899643,72.5823,0.22054166
2020-03-13,0,32.410423,29.32471029,70.00521,0.20866668
2020-03-14,0,30.890425,30.11042457,68.135994,0.20008333
2020-03-15,0,30.730425,30.36756729,71.43864,0.19174998
2020-03-16,0,31.130424,30.74899586,68.20388,0.18425
2020-03-17,0,30.980425,31.06185314,66.179054,0.17974995
2020-03-18,0,30.810425,31.19756757,68.529816,0.17687505
2020-03-19,0,31.070425,31.14613886,67.721245,0.17816667
2020-03-20,0,31.210424,30.97471043,73.33854,0.1855833
2020-03-21,0,31.650425,31.08328186,68.03499,0.18654166
2020-03-22,0,28.580425,30.776139,74.71291,0.18816666
2020-03-23,0,29.860424,30.59471043,71.01414,0.18329172
2020-03-24,0,30.580425,30.53756757,70.26708,0.17479163
2020-03-25,0,32.020424,30.71042457,69.59412,0.16733329
2020-03-26,0,33.800426,31.10042471,69.359924,0.16379164
2020-03-27,0,34.880424,31.62471043,63.69514,0.16212498
2020-03-28,0,34.820423,32.07756729,66.54682,0.16387498
2020-03-29,0,33.650425,32.801853,63.148968,0.16304167
2020-03-30,0,33.470425,33.31756743,56.594143,0.15854166
2020-03-31,0,34.290424,33.84756729,58.749706,0.15875003
2020-04-01,0,34.740425,34.23613886,64.04946,0.15883337
2020-04-02,0,35.820423,34.52470986,71.57144,0.18137503
2020-04-03,0,33.920425,34.38756714,80.81713,0.19604163
2020-04-04,0,33.770424,34.23756729,76.38865,0.18987499
2020-04-05,0,33.480427,34.21328186,82.945274,0.18991666
2020-04-06,0,35.580425,34.51471043,74.09223,0.18945836
2020-04-07,0,36.550426,34.83756786,64.89273,0.1823333
2020-04-08,0,31.280424,34.343282,81.72936,0.18345833
2020-04-09,0,33.520424,34.01471071,72.8559,0.17545833
2020-04-10,0,34.510426,34.09899657,69.94273,0.1707083
2020-04-11,0,34.640427,34.22328271,68.91002,0.17270832
2020-04-12,0,31.040424,33.87471086,75.36097,0.17274998
2020-04-13,0,33.630424,33.59613929,74.56234,0.17683329
2020-04-14,0,34.660423,33.32613886,76.22813,0.18224998
2020-04-15,0,32.120426,33.44613914,83.15392,0.22108336
2020-04-16,0,33.510426,33.44471086,75.026505,0.25883335
2020-04-17,0,30.770426,32.91042514,85.321655,0.37529168
2020-04-18,0,33.340424,32.72471043,83.5311,0.39104167
2020-04-19,0,33.380424,33.05899614,77.78288,0.3755417
2020-04-20,0,28.600426,32.340425,84.578514,0.4055833
2020-04-21,0,27.310425,31.29042529,85.260086,0.40225005
2020-04-22,0,31.320425,31.17613943,83.37488,0.41600004
2020-04-23,0,31.800425,30.93185357,85.609795,0.4139583
2020-04-24,0,26.320425,30.29613914,90.329506,0.4292917
2020-04-25,0,28.120424,29.55042486,88.993126,0.42245832
2020-04-26,0,26.620424,28.58471057,87.89078,0.41200003
2020-04-27,0,30.640425,28.876139,80.69312,0.41112503
2020-04-28,0,28.480425,29.04328186,87.29327,0.414
2020-04-29,0,31.150425,29.01899614,81.58094,0.41483334
2020-04-30,0,28.660425,28.57042471,85.3577,0.414
2020-05-01,0,28.980425,28.95042471,87.28793,0.41633335
2020-05-02,0,29.460424,29.14185329,84.389626,0.41900003
2020-05-03,0,29.840425,29.60185343,84.4623,0.40866673
2020-05-04,0,32.570423,29.87756743,81.66207,0.3882917
2020-05-05,0,33.190426,30.55042471,81.9105,0.39174998
2020-05-06,0,29.390425,30.29899614,86.714355,0.41795835
2020-05-07,0,33.100426,30.933282,78.785965,0.390375
2020-05-08,0,32.790424,31.47756757,79.06722,0.3757083
2020-05-09,0,34.310425,32.17042486,79.91071,0.36416662
2020-05-10,0,34.550426,32.84328214,76.65426,0.34975004
2020-05-11,0,33.910423,33.03471071,79.31623,0.34137496
2020-05-12,0,35.120426,33.310425,73.43312,0.32254162
2020-05-13,0,32.500423,33.75471043,81.644745,0.3511667
2020-05-14,0,34.280426,33.92328186,78.29685,0.33504164
2020-05-15,0,33.460426,34.01899643,82.836555,0.35170838
2020-05-16,0,34.490425,34.04471071,80.2625,0.34004173
2020-05-17,0,34.620426,34.05471071,79.78085,0.32083336
2020-05-18,0,35.030426,34.21471114,76.98648,0.30291668
2020-05-19,0,31.820425,33.74328243,87.51725,0.297625
2020-05-20,0,29.140425,33.26328271,89.249504,0.3619583
2020-05-21,0,29.370424,32.56185386,87.81092,0.418125
2020-05-22,0,31.900425,32.33899657,83.3949,0.39904165
2020-05-23,0,33.700424,32.22613929,79.35343,0.39350006
2020-05-24,0,32.970425,31.99042486,78.95658,0.37395832
2020-05-25,0,31.590425,31.49899614,78.98027,0.35983333
2020-05-26,0,32.050426,31.53185343,77.75992,0.34462503
2020-05-27,0,28.540424,31.446139,89.57838,0.37779167
2020-05-28,0,30.980425,31.67613914,83.85212,0.42749992
2020-05-29,0,32.000423,31.69042457,82.91691,0.42120835
2020-05-30,0,29.620424,31.10756743,86.07427,0.4244167
2020-05-31,0,33.250423,31.14756714,82.06472,0.42312494
2020-06-01,0,33.110424,31.36470986,81.91767,0.41449997
2020-06-02,0,34.060425,31.65185257,81.11918,0.42233333
2020-06-03,0,31.240425,32.037567,86.0268,0.42745838
2020-06-04,0,31.770426,32.15042429,89.51357,0.42533335
2020-06-05,0,33.070423,32.30328143,84.71337,0.42387506
2020-06-06,0,32.750423,32.75042414,87.37851,0.41579166
2020-06-07,0,33.460426,32.78042457,83.605446,0.41033337
2020-06-08,0,33.070423,32.77471014,84.23672,0.40458333
2020-06-09,0,35.190426,32.93613886,78.59295,0.38108328
2020-06-10,0,32.760426,33.15328186,82.83366,0.38612497
2020-06-11,0,30.920425,33.03185314,85.86227,0.41895834
2020-06-12,0,29.470425,32.51756771,90.53895,0.42141667
2020-06-13,0,29.620424,32.070425,90.88584,0.41708338
2020-06-14,0,32.830425,31.98042486,84.996376,0.4113334
2020-06-15,0,32.720425,31.93042514,84.08239,0.41262498
2020-06-16,0,33.550426,31.69613943,85.20148,0.42325
2020-06-17,0,29.000425,31.15899643,92.36207,0.43383336
2020-06-18,0,29.490425,30.95471071,92.2257,0.42454162
2020-06-19,0,30.480425,31.09899643,89.16268,0.419
2020-06-20,0,32.790424,31.55185357,81.8433,0.39791667
2020-06-21,0,31.180426,31.31613943,85.50442,0.39133334
2020-06-22,0,33.510426,31.42899671,83.06121,0.38841668
2020-06-23,0,32.380424,31.26185357,85.18461,0.38233337
2020-06-24,0,34.090424,31.98899629,81.824394,0.37441668
2020-06-25,0,34.730427,32.737568,79.2042,0.3626667
2020-06-26,0,32.190426,32.98185386,81.52532,0.37866664
2020-06-27,0,31.510426,32.798997,90.32452,0.42975
2021-02-28,0,32.570423,31.52471014,73.73339,0.16004165
2021-03-01,0,32.530426,31.89328186,79.08527,0.16291672
2021-03-02,0,32.570423,32.22042457,63.58493,0.16150002
2021-03-03,0,31.900425,32.43899614,65.328964,0.16104169
2021-03-04,0,31.270426,32.44471057,69.75642,0.15983337
2021-03-05,0,31.550425,32.27756771,77.37678,0.16312504
2021-03-06,0,32.430424,32.11756743,76.35379,0.16250002
2021-03-07,0,32.020424,32.03899614,74.61956,0.16404168
2021-03-08,0,30.820425,31.79471029,84.63654,0.16683336
2021-03-09,0,30.440426,31.490425,80.873924,0.17020833
2021-03-10,0,30.750425,31.32613929,80.21464,0.17020832
2021-03-11,0,32.360424,31.48185329,79.59499,0.16683328
2021-03-12,0,33.180424,31.71471029,76.45437,0.16745834
2021-03-13,0,31.690426,31.60899629,73.594025,0.1717083
2021-03-14,0,31.080425,31.47471071,72.01968,0.16554166
2021-03-15,0,32.400425,31.700425,65.284035,0.15633334
2021-03-16,0,33.760426,32.17471071,67.22773,0.1537083
2021-03-17,0,33.860424,32.61899629,61.929638,0.15595834
2021-03-18,0,33.840424,32.83042486,64.393906,0.15662499
2021-03-19,0,33.610424,32.89185343,63.194126,0.16145831
2021-03-20,0,34.300426,33.26471057,66.15819,0.16249998
2021-03-21,0,35.280426,33.86471071,65.2922,0.16229172
2021-03-22,0,35.530426,34.31185371,65.92124,0.15970834
2021-03-23,0,35.830425,34.60756786,65.16363,0.15995833
2021-03-24,0,35.480427,34.83899686,70.020134,0.16000001
2021-03-25,0,35.620426,35.09328286,60.609737,0.15745835
2021-03-26,0,35.490425,35.36185443,56.806183,0.1563333
2021-03-27,0,35.290424,35.50328271,59.48943,0.15470834
2021-03-28,0,34.200424,35.34899671,62.92696,0.15395828
2021-03-29,0,33.890427,35.11471114,73.61492,0.1621667
2021-03-30,0,34.170425,34.87756829,80.07729,0.198375
2021-03-31,0,35.580425,34.89185371,75.28592,0.20045839
2021-04-01,0,36.590424,35.03042486,67.947464,0.18716665
2021-04-02,0,34.560425,34.89756771,73.04509,0.17279164
2021-04-03,0,34.210426,34.74328229,74.249756,0.16854167
2021-04-04,0,35.670425,34.95328243,64.65244,0.17504168
2021-04-05,0,33.750423,34.93328186,65.00232,0.17604168
2021-04-06,0,33.790424,34.878996,65.571014,0.17366664
2021-04-07,0,34.520424,34.72756729,68.40278,0.16700006
2021-04-08,0,33.410423,34.27328143,70.141624,0.15979163
2021-04-09,0,34.370426,34.24613871,70.05487,0.15254168
2021-04-10,0,35.040424,34.36470986,73.32322,0.14804165
2021-04-11,1,35.590424,34.35328114,68.4519,0.15058337
2021-04-12,0,36.490425,34.74471,66.908165,0.15279166
2021-04-13,0,36.060425,35.06899586,67.67623,0.15637504
2021-04-14,0,36.140427,35.30042486,71.13787,0.15841667
2021-04-15,0,35.020424,35.530425,72.82499,0.16479166
2021-04-16,0,35.580425,35.703282,70.47195,0.17112501
2021-04-17,0,32.670425,35.36471071,70.337585,0.17412502
2021-04-18,1,34.070423,35.14756771,68.7846,0.17204165
2021-04-19,0,36.350426,35.12756786,66.38151,0.18254167
2021-04-20,0,36.720425,35.22185357,68.29307,0.16966665
2021-04-21,0,36.050426,35.20899629,67.31414,0.15987499
2021-04-22,0,32.210426,34.807568,76.54272,0.21004166
2021-04-23,1,34.360424,34.63328214,68.140465,0.21091668
2021-04-24,1,36.700424,35.20899629,60.82808,0.18508328
2021-04-25,1,38.270424,35.80899643,58.92297,0.16883333
2021-04-26,1,38.160423,36.06756743,56.71057,0.15874997
2021-04-27,0,37.180424,36.13328157,65.23423,0.15416665
2021-04-28,0,36.540424,36.20328129,66.62354,0.1545
2021-04-29,0,36.350426,36.79470986,65.95966,0.15520833
2021-04-30,0,35.990425,37.02756714,60.75514,0.15433334
2021-05-01,0,34.810425,36.75756729,66.1587,0.15633337
2021-05-02,0,35.020424,36.29328157,67.01931,0.16004167
2021-05-03,0,33.670425,35.65185329,76.29785,0.34995833
2021-05-04,0,27.850426,34.31899643,86.89731,0.36537504
2021-05-05,0,32.550426,33.74899671,77.4158,0.32408333
2021-05-06,0,32.070423,33.13756771,77.86323,0.35833335
2021-05-07,0,33.570423,32.79185314,77.74445,0.37658334
2021-05-08,0,32.430424,32.451853,76.768135,0.37225
2021-05-09,0,32.460426,32.086139,81.749306,0.35070837
2021-05-10,0,33.590424,32.07471029,78.203926,0.35929164
2021-05-11,0,29.460424,32.30471,86.21527,0.4047083
2021-05-12,0,32.070423,32.23613814,77.219246,0.40045834
2021-05-13,0,30.870424,32.06470971,83.902824,0.4144584
2021-05-14,0,33.960426,32.12042443,78.353325,0.40212503
2021-05-15,0,34.040424,32.35042443,78.42441,0.36691675
2021-05-16,0,34.140427,32.59042457,77.95976,0.34083334
2021-05-17,0,35.400425,32.84899614,78.65642,0.3240417
2021-05-18,0,34.910423,33.62756743,79.90121,0.35145834
2021-05-19,0,33.420425,33.82042486,80.233734,0.4039167
2021-05-20,0,33.670425,34.220425,78.447815,0.36787507
2021-05-21,0,34.810425,34.34185343,76.197586,0.33795825
2021-05-22,0,36.110424,34.63756771,73.15893,0.3143334
2021-05-23,0,36.590424,34.98756729,72.02676,0.29629168
2021-05-24,0,35.970425,35.06899586,77.62873,0.351125
2021-05-25,0,32.610424,34.74042457,79.69704,0.41808334
2021-05-26,0,30.380424,34.30613871,75.29053,0.39258334
2021-05-27,0,31.890425,34.051853,81.56648,0.38574997
2021-05-28,0,32.540424,33.72756714,82.84356,0.36895838
2021-05-29,0,34.190426,33.45328171,77.64206,0.35120833
2021-05-30,0,34.080425,33.09471043,76.63989,0.32708338
2021-05-31,0,31.110424,32.40042457,90.556854,0.40549996
2021-06-01,0,27.410425,31.65756757,92.62613,0.42941666
2021-06-02,0,33.950424,32.16756757,83.147736,0.42087495
2021-06-03,0,34.310425,32.51328186,83.432076,0.40304163
2021-06-04,0,35.100426,32.87899643,79.13244,0.38458332
2021-06-05,0,31.980427,32.56328229,88.337425,0.42300007
2021-06-06,0,28.360424,31.74613929,91.97693,0.42070833
2021-06-07,0,31.670425,31.82613943,88.52093,0.42608333
2021-06-08,0,29.660425,32.147568,88.98925,0.41920832
2021-06-09,0,32.310425,31.91328243,83.62721,0.39824998
2021-06-10,0,31.740425,31.54613957,84.93343,0.40362498
2021-06-11,0,31.890425,31.087568,87.0991,0.42204165
2021-06-12,0,31.620424,31.036139,84.59192,0.4109583
2021-06-13,0,32.370426,31.60899643,81.43586,0.39554167
2021-06-14,0,32.400425,31.71328214,83.584114,0.40566668
2021-06-15,0,30.840425,31.88185357,85.979004,0.42274997
2021-06-16,0,29.910425,31.53899643,91.07709,0.42879167
2021-06-17,0,29.600426,31.23328229,88.38198,0.42275
2021-06-18,0,28.170425,30.70185371,92.23343,0.43595836
2021-06-19,0,26.860424,30.02185371,93.44098,0.43420836
2021-06-20,0,29.040424,29.54613914,91.11716,0.4290417
2021-06-21,0,31.000425,29.34613914,87.10973,0.42033336
2021-06-22,0,30.840425,29.34613914,86.85907,0.41704166
2021-06-23,0,32.600426,29.730425,81.18998,0.40083337
2021-06-24,0,32.880424,30.19899614,82.43311,0.40337494
2021-06-25,0,32.180424,30.77185314,82.69961,0.39604166
2021-06-26,0,31.990425,31.50471043,83.43784,0.37912497
2021-06-27,0,32.860424,32.05042471,81.846306,0.37816668
2022-02-28,0,30.250425,29.017568,77.42885,0.17358339
2022-03-01,0,30.340425,29.50328214,67.58834,0.166875
2022-03-02,0,30.590425,29.83185371,64.40539,0.16024996
2022-03-03,0,31.030424,30.07899643,64.472206,0.15458332
2022-03-04,0,30.890425,30.41756771,62.93582,0.15025
2022-03-05,0,31.940426,30.65899643,63.19528,0.149875
2022-03-06,0,31.630424,30.953282,58.708736,0.15008332
2022-03-07,0,33.030426,31.350425,62.884533,0.1492083
2022-03-08,0,33.120426,31.747568,65.12162,0.15125002
2022-03-09,0,32.970425,32.087568,67.47894,0.15287499
2022-03-10,0,33.510426,32.441854,62.447353,0.15116665
2022-03-11,0,32.930424,32.73328243,64.517204,0.14691667
2022-03-12,0,33.300426,32.92756814,62.260544,0.14662498
2022-03-13,0,33.590424,33.20756814,61.358658,0.15112497
2022-03-14,0,34.320423,33.39185343,65.48649,0.15174998
2022-03-15,0,34.650425,33.61042471,67.51463,0.15045838
2022-03-16,0,34.840424,33.87756743,65.93427,0.15000004
2022-03-17,0,35.440426,34.15328171,66.61086,0.15075001
2022-03-18,0,35.260426,34.48613914,65.622856,0.15312497
2022-03-19,0,35.110424,34.74471029,65.793236,0.1515417
2022-03-20,0,34.670425,34.89899614,61.50832,0.14816664
2022-03-21,0,33.050426,34.717568,71.62112,0.14958332
2022-03-22,0,33.950424,34.61756786,76.87997,0.15087502
2022-03-23,0,35.550426,34.71899671,70.80379,0.1498333
2022-03-24,0,33.690426,34.46899671,74.524864,0.15141667
2022-03-25,0,33.470425,34.21328229,72.888565,0.15450001
2022-03-26,0,33.180424,33.937568,77.08634,0.16450001
2022-03-27,0,33.560425,33.77899657,79.65089,0.17233337
2022-03-28,0,32.800426,33.74328229,75.086006,0.17225003
2022-03-29,0,33.120426,33.62471114,80.57081,0.18254165
2022-03-30,0,32.650425,33.21042529,77.107254,0.18725002
2022-03-31,0,34.130424,33.27328214,75.496895,0.18758334
2022-04-01,0,34.390427,33.404711,72.889915,0.18333335
2022-04-02,0,33.090424,33.39185386,75.16581,0.17900002
2022-04-03,0,33.270424,33.35042514,77.82366,0.18120836
2022-04-04,0,33.730427,33.48328243,75.160286,0.21154165
2022-04-05,0,34.220425,33.64042514,70.215546,0.19637497
2022-04-06,0,33.700424,33.790425,75.32807,0.18620837
2022-04-07,0,34.500423,33.843282,74.23342,0.17691672
2022-04-08,0,34.180424,33.81328157,69.690544,0.16933332
2022-04-09,0,34.050426,33.95042471,72.82999,0.1640833
2022-04-10,0,34.730427,34.15899657,71.93337,0.17491664
2022-04-11,0,34.820423,34.31471029,79.55936,0.31854162
2022-04-12,0,33.620426,34.22899614,79.36709,0.3144583
2022-04-13,0,33.550426,34.20756786,75.27643,0.27929163
2022-04-14,0,33.550426,34.071854,77.1606,0.25525004
2022-04-15,0,35.420425,34.248997,77.23376,0.23245834
2022-04-16,0,34.930424,34.374711,75.96048,0.21712498
2022-04-17,0,34.840424,34.39042486,74.850975,0.20816666
2022-04-18,0,35.230427,34.44899686,78.69371,0.22950001
2022-04-19,0,34.860424,34.62613943,75.80579,0.25583336
2022-04-20,0,25.480425,33.47328214,90.87849,0.358875
2022-04-21,0,31.610424,33.196139,80.97326,0.34333336
2022-04-22,0,32.800426,32.82185343,84.353065,0.36616668
2022-04-23,0,34.730427,32.79328243,78.587364,0.35416663
2022-04-24,0,35.840424,32.93613957,79.28213,0.30899993
2022-04-25,0,35.220425,32.93471071,80.33886,0.27970827
2022-04-26,0,35.270424,32.99328214,76.36789,0.25716665
2022-04-27,0,34.860424,34.333282,75.304085,0.23741663
2022-04-28,0,34.620426,34.76328229,75.84611,0.22166665
2022-04-29,0,35.940426,35.21185371,74.00485,0.21187504
2022-04-30,0,34.530426,35.18328214,68.71424,0.21033335
2022-05-01,0,33.740425,34.88328229,71.88124,0.232
2022-05-02,0,31.530424,34.35613929,77.65063,0.32508335
2022-05-03,0,29.340425,33.50899657,85.82899,0.3605834
2022-05-04,0,30.860424,32.937568,84.52853,0.40004167
2022-05-05,0,32.080425,32.57471071,80.34312,0.3802917
2022-05-06,0,32.610424,32.09899614,79.14036,0.348125
2022-05-07,0,33.590424,31.96471014,76.520065,0.32125002
2022-05-08,0,34.930424,32.13471,72.205055,0.29550007
2022-05-09,0,29.200424,31.80185286,86.23172,0.36687502
2022-05-10,0,29.510426,31.82613871,89.76855,0.39549997
2022-05-11,0,29.960424,31.69756729,90.40161,0.40662494
2022-05-12,0,32.430424,31.74756714,83.34504,0.41075
2022-05-13,0,30.820425,31.491853,84.31247,0.41566667
2022-05-14,0,32.940426,31.39899614,78.14829,0.3839167
2022-05-15,0,34.800426,31.380425,77.73516,0.368875
2022-05-16,0,35.210426,32.23899671,75.740234,0.35475004
2022-05-17,0,33.430424,32.79899643,78.704155,0.33179176
2022-05-18,0,34.100426,33.39042529,79.23798,0.34383333
2022-05-19,0,33.730427,33.57614,82.31573,0.38108334
2022-05-20,0,31.830425,33.72042571,82.9939,0.3716667
2022-05-21,0,31.100426,33.45756857,79.06175,0.357875
2022-05-22,0,33.370426,33.25328286,78.830025,0.3669167
2022-05-23,0,33.510426,33.01042571,77.36734,0.3776667
2022-05-24,0,34.600426,33.17756886,76.27677,0.34812507
2022-05-25,0,31.590425,32.81899729,83.50669,0.3971666
2022-05-26,0,32.950424,32.70756829,81.97614,0.403375
2022-05-27,0,31.990425,32.73042543,83.00396,0.41316664
2022-05-28,0,32.220425,32.89042529,83.02847,0.4083334
2022-05-29,0,28.790424,32.23613929,89.275,0.43033338
2022-05-30,0,31.270426,31.91613929,84.97555,0.40608343
2022-05-31,0,33.630424,31.77756757,82.94239,0.39949998
2022-06-01,0,32.110424,31.85185314,84.68842,0.41258335
2022-06-02,0,31.250425,31.60899614,84.77182,0.419625
2022-06-03,0,30.790424,31.43756743,84.54746,0.4134167
2022-06-04,0,30.450424,31.18471014,87.74408,0.40608335
2022-06-05,0,32.830425,31.76185314,83.5828,0.40012503
2022-06-06,0,32.990425,32.00756729,82.98732,0.38862494
2022-06-07,0,33.690426,32.016139,82.484116,0.404875
2022-06-08,0,33.560425,32.223282,82.4072,0.39104167
2022-06-09,0,30.570425,32.12613914,89.898865,0.4103333
2022-06-10,0,32.750423,32.406139,83.093254,0.40250006
2022-06-11,0,33.230427,32.80328229,81.37599,0.38925
2022-06-12,0,32.830425,32.80328229,81.31982,0.38704166
2022-06-13,0,32.810425,32.777568,83.88049,0.37874997
2022-06-14,0,31.480425,32.46185357,82.64062,0.38733327
2022-06-15,0,31.730425,32.200425,85.10034,0.40925
2022-06-16,0,31.230425,32.29471071,84.9406,0.42674994
2022-06-17,0,28.130424,31.63471086,92.55654,0.42662492
2022-06-18,0,28.830425,31.00613914,91.78653,0.43225
2022-06-19,0,30.320425,30.64756771,89.83062,0.43791673
2022-06-20,0,31.180426,30.41471071,88.004814,0.43170834
2022-06-21,0,32.150425,30.510425,86.06115,0.42237496
2022-06-22,0,31.310425,30.450425,83.35288,0.40820834
2022-06-23,0,31.710424,30.51899629,82.29229,0.39083335
2022-06-24,0,32.420425,31.13185357,81.93395,0.38629165
2022-06-25,0,31.580425,31.52471071,82.89215,0.39033338
2022-06-26,0,32.690426,31.86328229,81.30103,0.38358334
2022-06-27,0,33.530426,32.19899657,79.99735,0.36654165
2023-02-28,0,31.980427,31.40185429,65.79161,0.15958337
2023-03-01,0,32.020424,31.608997,64.90342,0.15991668
2023-03-02,0,32.420425,31.66756829,68.28573,0.15929164
2023-03-03,0,33.150425,32.03899686,68.56281,0.15758337
2023-03-04,0,32.960426,32.31613971,69.55477,0.15683337
2023-03-05,0,33.020424,32.50613943,70.701965,0.1586667
2023-03-06,0,32.640427,32.59899686,68.04763,0.15916663
2023-03-07,0,33.160423,32.76756771,62.41475,0.15749998
2023-03-08,0,31.570425,32.70328214,60.91995,0.156375
2023-03-09,0,31.990425,32.64185357,66.28688,0.15929164
2023-03-10,0,31.190426,32.36185371,69.31136,0.16325004
2023-03-11,0,32.280426,32.26471086,65.44552,0.16583328
2023-03-12,0,33.710426,32.36328257,63.712566,0.16333334
2023-03-13,0,33.880424,32.540425,61.83164,0.15695831
2023-03-14,0,32.760426,32.48328257,72.30291,0.18291669
2023-03-15,0,30.060425,32.26756829,77.72203,0.20945834
2023-03-16,0,30.230425,32.01613971,82.055916,0.2234583
2023-03-17,0,28.060425,31.56899671,83.0242,0.28599998
2023-03-18,0,30.300425,31.28613943,73.39968,0.25958326
2023-03-19,0,25.960424,30.17899629,90.164406,0.35245836
2023-03-20,0,28.050425,29.34613929,83.83137,0.3784167
2023-03-21,0,27.870424,28.64756757,82.970726,0.37720835
2023-03-22,0,28.730425,28.45756757,79.339195,0.35579166
2023-03-23,0,30.350426,28.47471057,77.34952,0.32620835
2023-03-24,0,31.450424,28.95899614,77.28762,0.30291665
2023-03-25,0,31.670425,29.15471043,80.37595,0.28383338
2023-03-26,0,33.390427,30.21613943,75.43804,0.2661667
2023-03-27,0,31.250425,30.67328229,75.35598,0.24712504
2023-03-28,0,32.890427,31.39042557,75.38929,0.23137502
2023-03-29,0,29.950424,31.56471114,82.32055,0.2525417
2023-03-30,0,33.090424,31.95613943,80.29021,0.31124997
2023-03-31,0,29.770426,31.71613971,79.568474,0.36533335
2023-04-01,0,27.150425,31.07042543,84.86156,0.38779163
2023-04-02,0,30.630424,30.67613929,76.50833,0.35141662
2023-04-03,0,33.250423,30.96185329,71.05052,0.31787503
2023-04-04,0,33.860424,31.10042429,74.838776,0.29795828
2023-04-05,0,34.300426,31.72185314,79.013214,0.28858334
2023-04-06,0,34.330425,31.89899614,69.1167,0.26433334
2023-04-07,1,35.620426,32.73471043,68.34738,0.23879164
2023-04-08,1,36.090424,34.01185314,63.5992,0.21512504
2023-04-09,1,36.790424,34.89185314,63.361576,0.19566669
2023-04-10,1,37.130424,35.446139,63.035267,0.18304165
2023-04-11,1,37.630424,35.98471043,62.849285,0.17220832
2023-04-12,1,38.100426,36.52756757,61.101864,0.16024996
2023-04-13,1,38.600426,37.13756771,59.1449,0.153375
2023-04-14,1,39.550426,37.69899629,57.715282,0.15324996
2023-04-15,1,38.920425,38.10328214,64.21085,0.15233336
2023-04-16,1,39.300426,38.46185386,61.40846,0.15295832
2023-04-17,1,38.810425,38.701854,71.998436,0.1597917
2023-04-18,0,37.570423,38.69328243,72.83348,0.16012502
2023-04-19,0,37.540424,38.61328214,72.234184,0.15545829
2023-04-20,0,37.380424,38.43899614,73.23896,0.16245835
2023-04-21,0,35.110424,37.80471014,72.09862,0.17637496
2023-04-22,0,36.030426,37.39185314,65.65908,0.17120832
2023-04-23,0,28.640425,35.86899586,76.18452,0.19191666
2023-04-24,0,33.800426,35.15328171,65.97932,0.1810417
2023-04-25,0,35.880424,34.91185329,59.761745,0.16499999
2023-04-26,0,36.910423,34.82185314,57.48398,0.151625
2023-04-27,0,36.650425,34.71756757,66.96443,0.15591666
2023-04-28,0,35.130424,34.72042471,65.98325,0.16225004
2023-04-29,0,37.320423,34.90471,68.807686,0.18883331
2023-04-30,0,33.980427,35.66756743,69.28379,0.22633334
2023-05-01,0,34.230427,35.72899614,71.6857,0.21233332
2023-05-02,0,35.300426,35.64613929,65.16607,0.19474997
2023-05-03,0,34.580425,35.31328243,73.753044,0.20795836
2023-05-04,0,31.760426,34.61471114,78.00446,0.26216668
2023-05-05,1,33.420425,34.37042557,78.51725,0.27070832
2023-05-06,1,36.030426,34.18614029,72.62901,0.24279165
2023-05-07,1,37.470425,34.68471143,67.5348,0.21066664
2023-05-08,1,39.840424,35.48613957,57.53802,0.1845417
2023-05-09,1,40.200424,36.18613929,59.408405,0.16650002
2023-05-10,0,39.420425,36.87756786,63.48877,0.1659167
2023-05-11,0,38.290424,37.81042471,63.72777,0.16824998
2023-05-12,0,36.430424,38.24042457,66.35117,0.16574997
2023-05-13,0,35.510426,38.16613886,66.60859,0.16516668
2023-05-14,0,29.550425,37.03471029,66.274826,0.17137499
2023-05-15,0,34.080425,36.21185329,64.271965,0.16466665
2023-05-16,0,33.810425,35.29899629,76.26762,0.20787501
2023-05-17,0,32.030426,34.24328214,80.74804,0.30616668
2023-05-18,0,30.310425,33.10328229,81.79055,0.3815416
2023-05-19,0,32.510426,32.54328257,80.6424,0.36112502
2023-05-20,0,34.470425,32.394711,77.077515,0.3577083
2023-05-21,0,34.830425,33.14899671,75.792336,0.31416664
2023-05-22,0,34.960426,33.27471114,77.203575,0.32770833
2023-05-23,0,33.190426,33.18613986,84.41766,0.37691668
2023-05-24,0,29.430426,32.81471129,85.923546,0.415875
2023-05-25,0,33.750423,33.30613957,78.49291,0.40141666
2023-05-26,0,31.980427,33.23042543,80.982086,0.41879168
2023-05-27,0,31.080425,32.74613971,85.92279,0.42029166
2023-05-28,0,33.870426,32.608997,78.278244,0.3862917
2023-05-29,1,35.710426,32.71613986,73.02766,0.35441673
2023-05-30,1,36.560425,33.19756829,71.1911,0.32779172
2023-05-31,1,37.210426,34.30899686,71.891426,0.30641672
2023-06-01,1,36.470425,34.69756857,76.22827,0.28841665
2023-06-02,1,36.630424,35.36185386,76.28242,0.27074996
2023-06-03,1,36.310425,36.10899671,75.127754,0.25170827
2023-06-04,0,36.410423,36.47185343,74.30196,0.23329169
2023-06-05,0,37.070423,36.66613871,70.879005,0.21604164
2023-06-06,0,37.900425,36.85756729,75.59345,0.2043333
2023-06-07,0,35.240425,36.57613857,76.567894,0.20241667
2023-06-08,0,30.990425,35.79328143,91.23248,0.32062504
2023-06-09,0,30.940426,34.98042457,89.42432,0.3675833
2023-06-10,0,30.110424,34.09471014,88.911194,0.36812505
2023-06-11,0,31.050425,33.32899614,85.97647,0.3752083
2023-06-12,0,32.060425,32.61328214,85.82119,0.35629165
2023-06-13,0,33.090424,31.92613914,83.175896,0.34537503
2023-06-14,0,34.910423,31.878996,81.03455,0.3202916
2023-06-15,0,33.670425,32.26185314,83.84822,0.30099997
2023-06-16,0,34.030426,32.70328171,81.71254,0.29033336
2023-06-17,0,32.970425,33.11185329,80.12814,0.2785833
2023-06-18,0,31.400425,33.16185329,85.84644,0.34074998
2023-06-19,0,30.440426,32.93042486,87.52541,0.36875
2023-06-20,0,33.020424,32.92042486,86.09785,0.37216666
2023-06-21,0,33.190426,32.674711,86.18839,0.35829163
2023-06-22,0,32.750423,32.54328214,85.59103,0.37875
2023-06-23,0,33.730427,32.50042514,81.62945,0.3830417
2023-06-24,0,32.750423,32.46899629,80.25637,0.36766663
2023-06-25,0,32.280426,32.59471071,79.94579,0.35266665
2023-06-26,0,31.860424,32.79756757,83.07868,0.37229168
2023-06-27,0,29.630424,32.31328186,90.168945,0.423625
2024-02-29,0,29.510426,27.64471057,72.73316,0.20791666
2024-03-01,0,29.830425,28.10328214,67.91209,0.19491667
2024-03-02,0,30.010426,28.38756786,65.54087,0.18533336
2024-03-03,0,30.150425,29.150425,70.70187,0.17925002
2024-03-04,0,27.820425,29.167568,79.59753,0.18329169
2024-03-05,0,30.300425,29.49042529,70.15606,0.17687501
2024-03-06,0,28.940426,29.50899686,64.77765,0.17120837
2024-03-07,0,28.830425,29.41185386,65.78315,0.16775
2024-03-08,0,30.410425,29.494711,62.72409,0.16787495
2024-03-09,0,29.590425,29.43471086,59.053158,0.16545835
2024-03-10,0,29.720425,29.37328229,58.133892,0.15762502
2024-03-11,0,31.140425,29.847568,64.114525,0.15608336
2024-03-12,0,32.530426,30.16613957,71.12509,0.15625
2024-03-13,0,33.410423,30.80471057,69.89307,0.15283336
2024-03-14,0,30.300425,31.01471057,83.88995,0.161875
2024-03-15,0,32.620426,31.330425,75.81411,0.17016667
2024-03-16,0,32.310425,31.71899643,78.85441,0.17291665
2024-03-17,0,32.320423,32.09042471,73.18289,0.17570834
2024-03-18,0,31.820425,32.18756757,73.21928,0.1775834
2024-03-19,0,31.790424,32.081853,77.26006,0.17583333
2024-03-20,0,24.490425,30.80756757,85.99176,0.26641667
2024-03-21,0,26.740425,30.29899614,81.541084,0.31087503
2024-03-22,0,28.200424,29.66756729,77.383095,0.309875
2024-03-23,0,30.190426,29.36471029,73.98699,0.2960833
2024-03-24,0,30.230425,29.06613914,86.06214,0.3564167
2024-03-25,0,31.270426,28.98756786,82.64731,0.3585417
2024-03-26,0,30.870424,28.85613929,77.35723,0.33920833
2024-03-27,0,31.680426,29.88328229,81.43195,0.33245835
2024-03-28,0,30.020426,30.35185386,85.48621,0.36641666
2024-03-29,0,31.320425,30.79756829,83.77359,0.33837494
2024-03-30,0,32.430424,31.117568,87.2647,0.344375
2024-03-31,0,32.670425,31.46613943,82.32221,0.33745834
2024-04-01,0,35.000423,31.99899614,78.46671,0.3106667
2024-04-02,0,35.520424,32.66328186,77.40373,0.2816249
2024-04-03,0,35.280426,33.17756757,74.38639,0.25916663
2024-04-04,0,34.610424,33.83328157,76.785545,0.24091667
2024-04-05,0,34.390427,34.27185329,81.39445,0.24045832
2024-04-06,0,36.310425,34.82613914,76.23164,0.23783332
2024-04-07,0,30.590425,34.52899629,76.8122,0.22991669
2024-04-08,0,31.470425,34.02471086,73.03362,0.22391665
2024-04-09,0,33.920425,33.79613957,72.666,0.21449997
2024-04-10,0,32.650425,33.42042514,78.7748,0.21079169
2024-04-11,0,33.720425,33.29328243,73.582794,0.20500004
2024-04-12,0,35.110424,33.39613914,68.833084,0.19733338
2024-04-13,0,36.350426,33.40185357,68.69292,0.19725002
2024-04-14,1,35.780426,34.14328229,73.45408,0.2085417
2024-04-15,0,36.350426,34.84042529,68.2348,0.20304169
2024-04-16,0,36.040424,35.14328229,75.48241,0.23516668
2024-04-17,0,36.780426,35.73328243,82.835594,0.29366666
2024-04-18,1,35.730427,36.02042557,83.22271,0.30175
2024-04-19,1,37.190426,36.31756871,73.09678,0.2754166
2024-04-20,1,38.170425,36.57756857,70.742096,0.24400003
2024-04-21,1,37.190426,36.77899714,76.93511,0.22200006
2024-04-22,1,36.830425,36.84756843,72.23609,0.20999996
2024-04-23,1,36.370426,36.89471157,67.5855,0.1971667
2024-04-24,1,37.710426,37.02756871,66.213684,0.19695832
2024-04-25,1,37.570423,37.29042529,71.30253,0.19004165
2024-04-26,1,37.770424,37.37328214,74.40265,0.17958336
2024-04-27,1,36.950424,37.19899629,76.31273,0.17345834
2024-04-28,1,38.530426,37.39042486,71.56351,0.17195831
2024-04-29,1,38.750423,37.66471029,69.36114,0.16720831
2024-04-30,1,38.540424,37.97471,74.11965,0.16600002
2024-05-01,0,38.740425,38.12185271,69.68179,0.16741665
2024-05-02,0,36.140427,37.91756757,75.15469,0.17841671
2024-05-03,0,37.230427,37.84042514,74.53076,0.17837505
2024-05-04,0,35.660423,37.65613929,72.95794,0.18308331
2024-05-05,0,37.060425,37.44613914,79.16706,0.306625
2024-05-06,0,30.150425,36.217568,87.11027,0.39874995
2024-05-07,0,32.290424,35.32471086,76.75567,0.40145835
2024-05-08,0,30.950424,34.21185357,79.81574,0.37308338
2024-05-09,0,32.440426,33.683282,74.62678,0.35333338
2024-05-10,0,33.250423,33.11471,75.630394,0.35358334
2024-05-11,0,28.710424,32.121853,84.35546,0.36691666
2024-05-12,0,32.430424,31.46042429,77.5329,0.3458333
2024-05-13,0,33.910423,31.99756686,74.7145,0.31770828
2024-05-14,1,35.100426,32.39899571,75.54884,0.29637498
2024-05-15,0,36.000423,33.12042414,72.60255,0.2738334
2024-05-16,0,36.570423,33.71042371,69.6457,0.25079164
2024-05-17,0,36.750423,34.21042371,71.13833,0.23099996
2024-05-18,0,32.400425,34.73756671,82.72106,0.2957917
2024-05-19,0,32.400425,34.73328114,86.55362,0.37412497
2024-05-20,0,31.800425,34.43185286,84.26344,0.35599998
2024-05-21,0,34.960426,34.41185286,72.6583,0.32262507
2024-05-22,1,33.740425,34.088996,80.61738,0.335125
2024-05-23,0,36.710426,34.10899643,72.03239,0.3069583
2024-05-24,0,37.490425,34.214711,70.6778,0.28004166
2024-05-25,0,36.960426,34.86613971,74.20507,0.26737502
2024-05-26,0,34.780426,35.20613986,77.76307,0.33079162
2024-05-27,0,26.880424,34.50328257,95.46801,0.43791664
2024-05-28,0,31.630424,34.027568,84.14025,0.41762507
2024-05-29,0,33.760426,34.03042529,82.40376,0.39204177
2024-05-30,0,33.200424,33.52899643,82.068016,0.37829173
2024-05-31,0,32.530426,32.82042514,80.35637,0.36262503
2024-06-01,0,35.120426,32.557568,78.95699,0.3557917
2024-06-02,0,36.280426,32.77185371,78.00878,0.36358336
2024-06-03,0,34.750423,33.89613929,83.29978,0.40183333
2024-06-04,0,32.430424,34.010425,83.9994,0.39366665
2024-06-05,0,34.830425,34.163282,78.05287,0.39433333
2024-06-06,0,33.310425,34.17899643,81.89685,0.4047916
2024-06-07,0,34.690426,34.48756786,84.4978,0.4189583
2024-06-08,0,34.360424,34.37899614,80.03566,0.38983336
2024-06-09,0,31.960426,33.76185329,85.02856,0.37304163
2024-06-10,0,32.280426,33.40899657,82.76648,0.35733342
2024-06-11,0,35.420425,33.83613957,77.96204,0.339875
2024-06-12,0,33.410423,33.63328214,80.804115,0.333375
2024-06-13,0,32.380424,33.50042486,87.64277,0.36983335
2024-06-14,0,31.710424,33.07471029,86.508514,0.37008336
2024-06-15,0,31.860424,32.71756743,84.44149,0.3579583
2024-06-16,0,33.990425,33.00756729,82.44273,0.3560833
2024-06-17,0,33.520424,33.18470986,82.133224,0.34316668
2024-06-18,0,32.050426,32.70328143,86.36263,0.3714167
2024-06-19,0,28.550425,32.008996,90.21899,0.410125
2024-06-20,0,29.980425,31.666139,90.2316,0.40704167
2024-06-21,0,32.280426,31.74756786,85.07947,0.4095416
2024-06-22,0,32.370426,31.82042529,83.95478,0.4005834
2024-06-23,0,33.780426,31.79042543,79.674866,0.39137498
2024-06-24,0,34.380424,31.91328257,79.649376,0.3796667
2024-06-25,0,34.630424,32.28185371,80.82251,0.36341658
2024-06-26,0,34.090424,33.07328214,83.31081,0.40579167
2024-06-27,0,33.570423,33.586139,83.241684,0.41937503
