path,bytes,sha256
results/two_paper_benchmark/calibration/raw_vs_calibrated_metrics.csv,16221,e09af7a6c4dc42d72c306230d730b53dd88988f4b667f24ef0aecbc9977dc7e0
results/two_paper_benchmark/calibration/reliability_source.csv,12902,3d214adea64906e0a7c630cc02500a472cdda8c47187e169ccd01172578ff593
results/two_paper_benchmark/checkpoints/h1_2014_always_negative_S0_predictions.csv,18792,11e602eea682d99ffd0d78beb50c148974a1ff6d7517b873ad23fd4ed4ff59dc
results/two_paper_benchmark/checkpoints/h1_2014_balanced_rf_S1_metadata.json,685,6859ba2214f4e3508c9a64ab38dc28085e5dbfd8f7c5aef467755dda19557d55
results/two_paper_benchmark/checkpoints/h1_2014_balanced_rf_S1_predictions.csv,18082,ee0e52f10999e194e5956a582cf7f494f225d01be8fbc05c4a067add0580291d
results/two_paper_benchmark/checkpoints/h1_2014_balanced_rf_S1_tuning.csv,7482,0efe1faebc1013c13d0f929d8a54d4e9d125afc7dd05a1f448015500b67d2eb3
results/two_paper_benchmark/checkpoints/h1_2014_balanced_rf_S2_metadata.json,1082,2796c3050db79cd9b2f3aa8894807fe98df0795482672469840de85f55ddb3fb
results/two_paper_benchmark/checkpoints/h1_2014_balanced_rf_S2_predictions.csv,18569,67ec857f968c7f92b9b4eb2c857b3856c301bdb06be2c31be74d06733be47967
results/two_paper_benchmark/checkpoints/h1_2014_balanced_rf_S2_tuning.csv,7486,ec49768db15425b73ef0ce3f51a4d4e4a5694c5174ab4feb14106423f40ceef4
results/two_paper_benchmark/checkpoints/h1_2014_logistic_S1_metadata.json,641,16871b55730205d766430b18184eee5980255c6090d024c3ebec62dc3924f504
results/two_paper_benchmark/checkpoints/h1_2014_logistic_S1_predictions.csv,18322,850f8b383734467cd1958f126fab267bfc6a749ff4ab4b0d2d8a3cbe868100a9
results/two_paper_benchmark/checkpoints/h1_2014_logistic_S1_tuning.csv,5788,ae003f306af8b0d17f5cb1e49baaabdca9f98da9732801b9cfadba6f5d5ca9c6
results/two_paper_benchmark/checkpoints/h1_2014_logistic_S2_metadata.json,1035,bfc337ed1cdffeb70f136f52d23f85b988b9bffab7a82821202a91a5a6ab56c2
results/two_paper_benchmark/checkpoints/h1_2014_logistic_S2_predictions.csv,18395,0f03ccc21f80c128e8b2c90362a96917841e6afacafee53af7f2b11b40bf9019
results/two_paper_benchmark/checkpoints/h1_2014_logistic_S2_tuning.csv,5784,f00e9d31480cebb17fc402c5d140f71a14ce738bcf0e45c4e8fe78b959ac956f
results/two_paper_benchmark/checkpoints/h1_2014_s0_logistic_S0_metadata.json,430,a4b8a47ea75881e53e78110d91444ed8ec2abce8e85d0410f536f2e5e1975850
results/two_paper_benchmark/checkpoints/h1_2014_s0_logistic_S0_predictions.csv,18536,e1d875d650367e54d1a46694a80f28eafc12fed938e8bae4ce5c90341dd656e0
results/two_paper_benchmark/checkpoints/h1_2014_s0_logistic_S0_tuning.csv,5905,9b76cc86971b694c7dde5c9bebb820a76ee71848bc177ae0f459675cdc81915a
results/two_paper_benchmark/checkpoints/h1_2014_seasonal_probability_S0_predictions.csv,22568,7e58712ab6eeb67ffc93b2292502f10b307f0e2b3b62626c5d9ee725e7b1587c
results/two_paper_benchmark/checkpoints/h1_2014_temperature_transition_S0_predictions.csv,22936,60fe88912a20b04f08dcb82a2d6dd57ea7bf92460219221a6c24b8e8574028d5
results/two_paper_benchmark/checkpoints/h1_2014_weighted_rf_S1_metadata.json,689,833590127fc925ddde58dfdc77f43d4a8134fd3cd6b0f4e051b16d6e35cde247
results/two_paper_benchmark/checkpoints/h1_2014_weighted_rf_S1_predictions.csv,17778,6b4d26167dc008f51bfbd89dac119c55fdbdc76f3ccb12b63bb0d52dc3ee9b44
results/two_paper_benchmark/checkpoints/h1_2014_weighted_rf_S1_tuning.csv,7484,47e0a6a03e96bacc2604462857e499aea79571047a8b90475418c01894c714dc
results/two_paper_benchmark/checkpoints/h1_2014_weighted_rf_S2_metadata.json,1081,45b92220ada18c7642bc4aa085ec5d04189a906956cd5ff6b80838dcbf23fd9f
results/two_paper_benchmark/checkpoints/h1_2014_weighted_rf_S2_predictions.csv,17764,4febcd7f3c1649f189826eec8c6d80cdecba785aed2a12545399415bd997e17e
results/two_paper_benchmark/checkpoints/h1_2014_weighted_rf_S2_tuning.csv,7483,2f6f699ca0b422568f736d44b6e3160fc6db58e706bbc57dfbe95d20728b4645
results/two_paper_benchmark/checkpoints/h1_2014_weighted_svc_S1_metadata.json,637,0747082b19e0dc1651cdc43636e106e43dcf2e86c61a8447394d8f84f0cf5383
results/two_paper_benchmark/checkpoints/h1_2014_weighted_svc_S1_predictions.csv,18639,140717286416588f23a11fbf800b542785d0592c92ca154b0a4f61729b141038
results/two_paper_benchmark/checkpoints/h1_2014_weighted_svc_S1_tuning.csv,5923,0f3d81b3469a985b5281e9f968f5e7c41566ea26108bea44f550c5ebfb0369b7
results/two_paper_benchmark/checkpoints/h1_2014_weighted_svc_S2_metadata.json,1032,9555b6f6d3c09c93c99f1c731ad658054b0ee9cc1ec45d0bcc31599218f2f40d
results/two_paper_benchmark/checkpoints/h1_2014_weighted_svc_S2_predictions.csv,18647,49718154c6efd0febd00545ef602696fb1356a419b002f4f2ea10b71457da096
results/two_paper_benchmark/checkpoints/h1_2014_weighted_svc_S2_tuning.csv,5924,9346b192ce6a8f36ad7b1febda7808c5a4bd92a153231e5d429d151111ca9087
results/two_paper_benchmark/checkpoints/h1_2014_xgboost_S1_metadata.json,749,6fd4ee7e183a3495ca0b82bd410676a4839caed0786137399fd13dfe575e3f4f
results/two_paper_benchmark/checkpoints/h1_2014_xgboost_S1_predictions.csv,17948,8f87f81c81606fe14d6cb62fad6ff98b4e5f37a6640da40f4dcf8c0c39f944c8
results/two_paper_benchmark/checkpoints/h1_2014_xgboost_S1_tuning.csv,9267,ffcb22a93c9ee453ae1aafee95d7bcdc434b10acd9c9925e2019d4b2e0505023
results/two_paper_benchmark/checkpoints/h1_2014_xgboost_S2_metadata.json,1143,adee722baeaa0c85b7c2a32ebc19c17193b2c0ec8a9eb2a99e3a47311058399a
results/two_paper_benchmark/checkpoints/h1_2014_xgboost_S2_predictions.csv,18183,e922f99fa1116c68bb63191b28944014551e8518f074ad22494e660329411f7f
results/two_paper_benchmark/checkpoints/h1_2014_xgboost_S2_tuning.csv,9268,4bd0557404c3d3aee3b1100f139da1fac7b6df02370e9a338692304bdca0f491
results/two_paper_benchmark/checkpoints/h1_2015_always_negative_S0_predictions.csv,18684,ec1772d85a4a728890776515ca1b85269031698a81292c81d9f233c2ba032634
results/two_paper_benchmark/checkpoints/h1_2015_balanced_rf_S1_metadata.json,685,6c338ad5f99c0153ef6c5e4b5c9d6d40864c25029abcb2caa9a2751b8034a9bb
results/two_paper_benchmark/checkpoints/h1_2015_balanced_rf_S1_predictions.csv,18642,2d3deb72ebaf36fb0988638f447f5f0aae43f5c1381d01995d6cfed21aca2842
results/two_paper_benchmark/checkpoints/h1_2015_balanced_rf_S1_tuning.csv,7510,8e4cc841f0a4b4ebe2dd292534da0376a725d1d4ce7665dadef7783c6540c2d0
results/two_paper_benchmark/checkpoints/h1_2015_balanced_rf_S2_metadata.json,1081,90f5a72cfc0816123a56dc7a89a2283b3795bd8164a17e55353ea541a649b471
results/two_paper_benchmark/checkpoints/h1_2015_balanced_rf_S2_predictions.csv,18487,27e8e1eed76b9a3b6994bb545da737b065121d3735e394762de3ff553f8f8fa5
results/two_paper_benchmark/checkpoints/h1_2015_balanced_rf_S2_tuning.csv,7510,856f1de6ddadd4260c372dc07aeac1dcd376a8c4b36689d7ddd0b3b84cdcc0b7
results/two_paper_benchmark/checkpoints/h1_2015_logistic_S1_metadata.json,641,bcc5d81f0529f9d047ffea271886e4245cabb12c89722933667705081a1e0c34
results/two_paper_benchmark/checkpoints/h1_2015_logistic_S1_predictions.csv,18275,3f2a4cbd9f33d0e48cb0b75da274b6acf9d40f310636039e7c3c2e3589e1b4d5
results/two_paper_benchmark/checkpoints/h1_2015_logistic_S1_tuning.csv,5784,dad4e6fb2ea1a9078cc5de059be1ff021a78888f115a7f3d375b0e8df86447c0
results/two_paper_benchmark/checkpoints/h1_2015_logistic_S2_metadata.json,1035,cfede42dc0fdd8fadf538adc63ae496035656b0d6c3d4ad110e9fc5ff1e29845
results/two_paper_benchmark/checkpoints/h1_2015_logistic_S2_predictions.csv,18290,fffdb121d523c5e491ba16f92a200a5b498e08f8d2c17f37f438725c54927444
results/two_paper_benchmark/checkpoints/h1_2015_logistic_S2_tuning.csv,5781,1639cf68bedf8427d9f80361709d08356543283acb801905647b47d1e186463c
results/two_paper_benchmark/checkpoints/h1_2015_s0_logistic_S0_metadata.json,431,6186b653248d4aa3e780ae651dd4ddead3d71ad14a6841c09725da81bf53bd5d
results/two_paper_benchmark/checkpoints/h1_2015_s0_logistic_S0_predictions.csv,18244,b0da9d53cf219aeddf34d53cf7878d4b2d82ecf8b6cf795310091fdce3a6ed0b
results/two_paper_benchmark/checkpoints/h1_2015_s0_logistic_S0_tuning.csv,5903,7c34ba2152f09a2607ba44b0bf7160533060171f6706d86a4d8b89fb4d5d8b73
results/two_paper_benchmark/checkpoints/h1_2015_seasonal_probability_S0_predictions.csv,22460,92da3a3db371d28bb2fc301e742741958a58f30c3a70bb37a4855816a257d040
results/two_paper_benchmark/checkpoints/h1_2015_temperature_transition_S0_predictions.csv,22760,0a65d6f1e324a159bb26a00cf4d1e34996e383b573a4f5ab2e30b86366e01eea
results/two_paper_benchmark/checkpoints/h1_2015_weighted_rf_S1_metadata.json,686,84f8cf4d548d45ad5ae1231b7711013ce93a277c512471b97cfd6cf67815ba47
results/two_paper_benchmark/checkpoints/h1_2015_weighted_rf_S1_predictions.csv,17928,3e5708adb09a0fae1f1289922a57ccf15b26c1599797ec99c15442893e2cf4cc
results/two_paper_benchmark/checkpoints/h1_2015_weighted_rf_S1_tuning.csv,7510,f6a7fc948fae0a80459427f48743d1c1c13b5ad67d7f286bd6053b930de64b2a
results/two_paper_benchmark/checkpoints/h1_2015_weighted_rf_S2_metadata.json,1082,f9e4bfabb3780ce2c3b095b9d31ef6acfe633f7bbf07b3e4784756529f0ba81d
results/two_paper_benchmark/checkpoints/h1_2015_weighted_rf_S2_predictions.csv,18470,c9e55ac5a65cb472769c24da70a81fcf5637de25657216066a8f0a0bc3b44b6c
results/two_paper_benchmark/checkpoints/h1_2015_weighted_rf_S2_tuning.csv,7510,3f2d231995e003ddc1a1a2f13a27c9d52cc1d09a88670f049b3acf5b8ea0554e
results/two_paper_benchmark/checkpoints/h1_2015_weighted_svc_S1_metadata.json,643,87dfae9cc2c4ca7ad27dbadbe09a852f6b222476bd13d90920047c05aaa38afb
results/two_paper_benchmark/checkpoints/h1_2015_weighted_svc_S1_predictions.csv,18559,966bb309a2df34fb55b2796ef6fd668c670cd992d977d6ffc6f785e89a993ce5
results/two_paper_benchmark/checkpoints/h1_2015_weighted_svc_S1_tuning.csv,5974,61be9e56b32793ac52d0671d3feced6a0ec96a21811bfff888441663a55f2a94
results/two_paper_benchmark/checkpoints/h1_2015_weighted_svc_S2_metadata.json,1032,43ee49f6e91210bd8c84480c843a6bf8ce507a69bc561800a7f0085ca877f661
results/two_paper_benchmark/checkpoints/h1_2015_weighted_svc_S2_predictions.csv,18463,09ea24d422fa00092f60ac26a8b8b9d88bf6814ab9b1528d6a310bb186d7fb6a
results/two_paper_benchmark/checkpoints/h1_2015_weighted_svc_S2_tuning.csv,5972,60df0c3a5f4996030f599e65a96c0d76e7c9d491a0ad52cba5c043ff549d9178
results/two_paper_benchmark/checkpoints/h1_2015_xgboost_S1_metadata.json,750,f41e431f0ba337f1b3659739b9de53a784787bbd74a04f0a32a692f360de6c2f
results/two_paper_benchmark/checkpoints/h1_2015_xgboost_S1_predictions.csv,17943,9e0d9762f4168587ceea731ff34e4b8726d160e044afd798f6966b95dc6e7cf8
results/two_paper_benchmark/checkpoints/h1_2015_xgboost_S1_tuning.csv,9270,8fcee5aba3207d5d12f147f388ee501993239ee8f02463fb1f0f5b2bd51942ed
results/two_paper_benchmark/checkpoints/h1_2015_xgboost_S2_metadata.json,1141,5cf083bcbcb961566a84d95bc9a9c7694f84720572fc3715970700e6ce44d48d
results/two_paper_benchmark/checkpoints/h1_2015_xgboost_S2_predictions.csv,18113,30a5ddd5a134c8d405e4c5b6b02e3ba81df857da728d49845f15afc9b575d18d
results/two_paper_benchmark/checkpoints/h1_2015_xgboost_S2_tuning.csv,9271,06f00d17011aab9ddb1b31a0e0f4848a86cd0fc2551182502185d109f7255f72
results/two_paper_benchmark/checkpoints/h1_2016_always_negative_S0_predictions.csv,18720,7d88cacdfd1a74774ac496003680cd6a717d2f00976da818cb63e0b54ea59c0c
results/two_paper_benchmark/checkpoints/h1_2016_balanced_rf_S1_metadata.json,688,c685475cb108237d809236aea3415a94b955a8c96b4934f7a794b535d49a5ff3
results/two_paper_benchmark/checkpoints/h1_2016_balanced_rf_S1_predictions.csv,18095,ebdfd17bef2a6bbf7212048882995911c2bf92bec178d8edffb188eda9131d59
results/two_paper_benchmark/checkpoints/h1_2016_balanced_rf_S1_tuning.csv,7561,188e3fb57b68085ebc421b5f9956ed2e114c102fe33475d77d5ca3928e45aad6
results/two_paper_benchmark/checkpoints/h1_2016_balanced_rf_S2_metadata.json,1080,dd77c739cfbf9258a65075c7ab49b5e46cb72c2623e4a0b5611ddfc4d841a38e
results/two_paper_benchmark/checkpoints/h1_2016_balanced_rf_S2_predictions.csv,18075,375ca5220c6d5e6136446dd0d959d9553c2ce9a17545122c03e4999be43db06d
results/two_paper_benchmark/checkpoints/h1_2016_balanced_rf_S2_tuning.csv,7556,5727d0a5d7faffd09c507fda4d41f14bdb4e87c87a4b1531029c43e5ce0d69da
results/two_paper_benchmark/checkpoints/h1_2016_logistic_S1_metadata.json,640,d36d897fba08a3d1b028ccd72f4c721c878d24250ae1357521d94f64bf0c711e
results/two_paper_benchmark/checkpoints/h1_2016_logistic_S1_predictions.csv,18273,f123e9d2379b60d8c306b9f2dce6a6a82e11bb42d47bc59b78aefaaf65dc7b7f
results/two_paper_benchmark/checkpoints/h1_2016_logistic_S1_tuning.csv,5784,954c0f92ef264e43754b5695776341fc0d0d333c74ee3ab6a766ea6ef2daef0d
results/two_paper_benchmark/checkpoints/h1_2016_logistic_S2_metadata.json,1035,d7ccfcfc4320dda11336f853527fbbea837dabb6d491dbebaec142b493867619
results/two_paper_benchmark/checkpoints/h1_2016_logistic_S2_predictions.csv,18292,68f2f03d9c65aa55ecbf006a5b0da6cd310cf6a1275762f8100d90e93f3a973f
results/two_paper_benchmark/checkpoints/h1_2016_logistic_S2_tuning.csv,5783,53d70003f874d90098d33bff5f90637099e769365e3a21ca822cefc31d1ec0d0
results/two_paper_benchmark/checkpoints/h1_2016_s0_logistic_S0_metadata.json,430,d49e45205ae171f1ee91a325b129e2f5a462cf44592c72e297fe5ff973c143fd
results/two_paper_benchmark/checkpoints/h1_2016_s0_logistic_S0_predictions.csv,18409,c2b5831f2a376e5774c0890959957daf00fe8c0d7d8a3721b9d6fd0cb958b193
results/two_paper_benchmark/checkpoints/h1_2016_s0_logistic_S0_tuning.csv,5904,bd17541f6a5ac711834f61bec1ca8ba94bdcd17f06b141fd1c6e61490d9e82d7
results/two_paper_benchmark/checkpoints/h1_2016_seasonal_probability_S0_predictions.csv,22496,c8aaf76e2c57226ec1e8fd38cda1cfb42cf32a58302c50c83fae868eb99d94ee
results/two_paper_benchmark/checkpoints/h1_2016_temperature_transition_S0_predictions.csv,22772,7245e434d999ded2ab0ab8878f8297a57943754b60c746e7ad73e91f0572adc7
results/two_paper_benchmark/checkpoints/h1_2016_weighted_rf_S1_metadata.json,688,097e0c50950399a070841e394464a1528599fe319b7b49e8c7ef1770a498a881
results/two_paper_benchmark/checkpoints/h1_2016_weighted_rf_S1_predictions.csv,18358,b9b6b77464d18a4ea9a644ef9e59f55159a0bde51f263c5646cc32f9059f87ff
results/two_paper_benchmark/checkpoints/h1_2016_weighted_rf_S1_tuning.csv,7559,0584ec913eb4a56fe0c3c1a6bb5bcd9b858bd563fd267578e30a2950b615fe56
results/two_paper_benchmark/checkpoints/h1_2016_weighted_rf_S2_metadata.json,1086,6b5437a14521deb7cc861cd9dac125dbc5c0c3f0f8a4ae1974a2c49b192cdabc
results/two_paper_benchmark/checkpoints/h1_2016_weighted_rf_S2_predictions.csv,17915,91c5f427ac63a1ad3e57fbbcbb9757f4ee6b34338a14c59376be460d0f2399f7
results/two_paper_benchmark/checkpoints/h1_2016_weighted_rf_S2_tuning.csv,7559,fb37baba611bcbcb730746ffc98c31178eed86c58fed47c0614d5abdfc69f351
results/two_paper_benchmark/checkpoints/h1_2016_weighted_svc_S1_metadata.json,643,0b3fea228ddeab4ae12f7049ec49f687b4ae7aa10ce5fae7de6be612d87b60d4
results/two_paper_benchmark/checkpoints/h1_2016_weighted_svc_S1_predictions.csv,18394,e7f3325112a9f1e3e8a584172b2d8818dee5e27e5a0943a7fb745c74195ec44c
results/two_paper_benchmark/checkpoints/h1_2016_weighted_svc_S1_tuning.csv,5961,24e52e2af38a2f0f97da5207a082b0118fb0613c3dfa85622a1b01655958d6d8
results/two_paper_benchmark/checkpoints/h1_2016_weighted_svc_S2_metadata.json,1033,de5415407e10ddc783975dc5b0cfc36b55285f34df70191e7cf4bf45b182bd41
results/two_paper_benchmark/checkpoints/h1_2016_weighted_svc_S2_predictions.csv,18572,628c4356ec33605befe5746890ee1cc5fbba77a1b34dabdc00096643b761b976
results/two_paper_benchmark/checkpoints/h1_2016_weighted_svc_S2_tuning.csv,5966,e3fc7c8089157e228fe7650bf8c526e49a4bb071b3e588669fb180008cc93a2a
results/two_paper_benchmark/checkpoints/h1_2016_xgboost_S1_metadata.json,749,ea9b2fd6db075969dd9d52c9f49f5d4572a5c188c0dbf25de1f6fd5f7872b747
results/two_paper_benchmark/checkpoints/h1_2016_xgboost_S1_predictions.csv,18156,e83608e9b00ff26777918c56e9667efaa534829ee59c86d3304952ad5b8b7f7c
results/two_paper_benchmark/checkpoints/h1_2016_xgboost_S1_tuning.csv,9277,e782504c93ad00848df063ba4916272cd1fd8ee89f4a872dc41c95647f832b19
results/two_paper_benchmark/checkpoints/h1_2016_xgboost_S2_metadata.json,1142,15e4c55d6fe216c207f02b5a2aa25e5b09229fa3f31b3ca6226c63b02744e9ed
results/two_paper_benchmark/checkpoints/h1_2016_xgboost_S2_predictions.csv,18153,d44c29d4df0b7fa8dfb77649c360d6e7d259b621dc9c8e29b7ee0506a9b3aa70
results/two_paper_benchmark/checkpoints/h1_2016_xgboost_S2_tuning.csv,9277,46c7ad5a936bc016693cbc0d0c3800efe78dfa79d6671336f3ac7e01fa09c45f
results/two_paper_benchmark/checkpoints/h1_2017_always_negative_S0_predictions.csv,18684,157a5b800d6ce50663b4b403e382d98b4a21349c116866889d0b631cefc15e1b
results/two_paper_benchmark/checkpoints/h1_2017_balanced_rf_S1_metadata.json,687,12ec6a6cd354361c8c782f7a7a96ecd4c2bc7439ca95dc301d35cedc2f590694
results/two_paper_benchmark/checkpoints/h1_2017_balanced_rf_S1_predictions.csv,18108,14663d6f20d5d5dee0ced96a4eba46a6cfd735617c0009a9e631e111889998cd
results/two_paper_benchmark/checkpoints/h1_2017_balanced_rf_S1_tuning.csv,7394,f36cb4fc4dbf9cac1f9d6abeb457175be494a5c62e5c2da88febc80979a0057c
results/two_paper_benchmark/checkpoints/h1_2017_balanced_rf_S2_metadata.json,1081,81f8e6b148719f78bb86b24ea06aeeca74c174444f698a8451758287a2a2ae13
results/two_paper_benchmark/checkpoints/h1_2017_balanced_rf_S2_predictions.csv,18691,b201a801fe567a383641f53ebad01d4f782c28fc3fa081cfbe11f0c1a531da09
results/two_paper_benchmark/checkpoints/h1_2017_balanced_rf_S2_tuning.csv,7392,48a45f7d954ec6f84acf67aeb33b467546b386506b1030a8eb6ebcce13249ace
results/two_paper_benchmark/checkpoints/h1_2017_logistic_S1_metadata.json,641,ee28389f4f1ad459270945666ab11bb3802dec93f33cc80f8cfd26f55ffd5dfc
results/two_paper_benchmark/checkpoints/h1_2017_logistic_S1_predictions.csv,18369,b7487a8a9b6ee900e5a1f02edda398380d3302a4107138e5ec0536d09e7564d7
results/two_paper_benchmark/checkpoints/h1_2017_logistic_S1_tuning.csv,5667,17617fd1d2dda033ebf8bd6b02b028daec463d24703499bba6e3d41b1d83ab0d
results/two_paper_benchmark/checkpoints/h1_2017_logistic_S2_metadata.json,1037,d41ecc948dbf07fae393205eedd2166da775710983617f7e27b23b42eca4b9e5
results/two_paper_benchmark/checkpoints/h1_2017_logistic_S2_predictions.csv,18409,04ae68ab9425399c8cd29bd610be4e55e0f9b085e2fd932ef48b01ae29bf61d8
results/two_paper_benchmark/checkpoints/h1_2017_logistic_S2_tuning.csv,5662,551453a7f4fc0db0cb9b2c7439200da294d203a3d88c7f04f341ed5a69312f3f
results/two_paper_benchmark/checkpoints/h1_2017_s0_logistic_S0_metadata.json,432,7818bc0033a9537b17ba16b03c5b1a7a4200632aa7ac507ad1e4533585fb58ba
results/two_paper_benchmark/checkpoints/h1_2017_s0_logistic_S0_predictions.csv,18371,292e93fbc9404080f6a061eb54ba06b0cd354fdbf6331e42ad43f60cf6e81c9e
results/two_paper_benchmark/checkpoints/h1_2017_s0_logistic_S0_tuning.csv,5791,13c1fe64d6a81b13f88f35eb52b7527284c94d7a669f8e4e78962458327d6301
results/two_paper_benchmark/checkpoints/h1_2017_seasonal_probability_S0_predictions.csv,22336,9b0ae97169c0accc73f9d206298df99ee6936272de4070a14fb51e567b80f03b
results/two_paper_benchmark/checkpoints/h1_2017_temperature_transition_S0_predictions.csv,22824,152a94f3b86638e98a1cb8833d904f168aba6c9c75f57d25970c94ee75b00498
results/two_paper_benchmark/checkpoints/h1_2017_weighted_rf_S1_metadata.json,684,4127de1395d19d15c6ceefe24f089ef921ed7f97df6239e173d53705208b0ed1
results/two_paper_benchmark/checkpoints/h1_2017_weighted_rf_S1_predictions.csv,17471,c6f42cefab181539b68b0b41a2475bd02829e0f21a396bb777c1eb16489c0063
results/two_paper_benchmark/checkpoints/h1_2017_weighted_rf_S1_tuning.csv,7392,2356f06dd54fe2dcbd12f70a553828d476b50514ded357e125ea87156e9b33cb
results/two_paper_benchmark/checkpoints/h1_2017_weighted_rf_S2_metadata.json,1082,49ce4acf1a0f92ddb3abfb20fe86b8ba6c2114f0372cd9772821493167c62cc3
results/two_paper_benchmark/checkpoints/h1_2017_weighted_rf_S2_predictions.csv,17428,765eb12e3a11f8a600053e4839b6ae4aa912cab6df5a717bef51a501f422a599
results/two_paper_benchmark/checkpoints/h1_2017_weighted_rf_S2_tuning.csv,7398,1ba58eac4af592042f5a3319c1d85b7520d7ef157324f1108bb7a9edc1b66d4a
results/two_paper_benchmark/checkpoints/h1_2017_weighted_svc_S1_metadata.json,638,5544105169363276be2c7d36ecba146031b0e3814cbf44b914d475ff988980e7
results/two_paper_benchmark/checkpoints/h1_2017_weighted_svc_S1_predictions.csv,18560,51286d9ac17c9a8df8f06706ac7f9cc3b1fed9305bda49e3e4063f5329e9d488
results/two_paper_benchmark/checkpoints/h1_2017_weighted_svc_S1_tuning.csv,5826,eb281dfc6568309187245c7584df3e90037b6e40fad16c90dc74c3650394410f
results/two_paper_benchmark/checkpoints/h1_2017_weighted_svc_S2_metadata.json,1033,0365f8fbb544f113a41e6757d92d26c8beedd941cce0efdd98837877759714ab
results/two_paper_benchmark/checkpoints/h1_2017_weighted_svc_S2_predictions.csv,18598,7331efc8a7fe789d3f9d2efa1b5938b70631d729d747521a715e3000bc70254c
results/two_paper_benchmark/checkpoints/h1_2017_weighted_svc_S2_tuning.csv,5825,f7de0670e1c84b4c889cade71ab86dbc91a356aa4db1971d9864aad5ef1c5add
results/two_paper_benchmark/checkpoints/h1_2017_xgboost_S1_metadata.json,748,c9db7551eccc3e438de449699e7b9c3c62fd011f8dacd5b9ee756ab6c4ea1079
results/two_paper_benchmark/checkpoints/h1_2017_xgboost_S1_predictions.csv,18035,91880b2ce3c4c07aa9f5999c3a29c265ba14acfcb706474eecc582c74adcca97
results/two_paper_benchmark/checkpoints/h1_2017_xgboost_S1_tuning.csv,9150,1ebae01cce8cba780dc053228ecf5e9f103bc5306150b29736e213ab3ce0ff19
results/two_paper_benchmark/checkpoints/h1_2017_xgboost_S2_metadata.json,1140,1efb36fbd0a7a8ab0cd634e1c2db0ce88732c138f6747ad35b8d8f07bbac9b63
results/two_paper_benchmark/checkpoints/h1_2017_xgboost_S2_predictions.csv,18096,1a6c8ab161033f036e232e0b8c983abb8c67416898526b747e8fb58e255018cf
results/two_paper_benchmark/checkpoints/h1_2017_xgboost_S2_tuning.csv,9148,0feaa4992919336553acd645fde9b0ce4f99b2d892a3ef6e74e26bd4904d6af4
results/two_paper_benchmark/checkpoints/h1_2018_always_negative_S0_predictions.csv,18684,88410356fbfc1c18187a6ebb28fe2e32ef0c1356423a65a11ce1a6f0f595d3a7
results/two_paper_benchmark/checkpoints/h1_2018_balanced_rf_S1_metadata.json,689,45d2090f057179a210fd3ed923015d0365b8d09f3b313c3bfaaaac1ab460f92f
results/two_paper_benchmark/checkpoints/h1_2018_balanced_rf_S1_predictions.csv,18749,3063ff57a768a8f15d1aa41f4f483c6d0b8d2b40d5f14fa7e0428df7a4d1486a
results/two_paper_benchmark/checkpoints/h1_2018_balanced_rf_S1_tuning.csv,7393,50fe1aaf048fce14c895e8b30a324bf2be84036f27f0253e5bb1b2b65fa51311
results/two_paper_benchmark/checkpoints/h1_2018_balanced_rf_S2_metadata.json,1082,818a52c1baa9343e5c2694698e1ad1a00baa70bfe2e867f909d258078b67327c
results/two_paper_benchmark/checkpoints/h1_2018_balanced_rf_S2_predictions.csv,18069,0e146ba9b525d16d724a330aab7bb61edd9b034e9c7b9b37d97b4db400fed134
results/two_paper_benchmark/checkpoints/h1_2018_balanced_rf_S2_tuning.csv,7389,073f2337b32bb966f50b3d01c391910d77f00c719f347262a2a27ad85dce58e7
results/two_paper_benchmark/checkpoints/h1_2018_logistic_S1_metadata.json,640,2a33897189a7af272f0474738d837b5f98dc70e51c253145a4ea089baea96c2c
results/two_paper_benchmark/checkpoints/h1_2018_logistic_S1_predictions.csv,18389,24023d04745df336ac579b48c19777a914610c67933d50dd934cb543b8a43f95
results/two_paper_benchmark/checkpoints/h1_2018_logistic_S1_tuning.csv,5667,f62d4d4710070d15dfa6105b4711b0b5682d0247a3f72188e6dcfd751b60b350
results/two_paper_benchmark/checkpoints/h1_2018_logistic_S2_metadata.json,1035,52eddf67a34ab03150bf2ee0f611ccdfd98cf7ccb244c44399260a65335c8583
results/two_paper_benchmark/checkpoints/h1_2018_logistic_S2_predictions.csv,18436,d175b5230788d0cb24e0a87e8f2ba4778238453534b9e98ae91aa6e93ffe7bab
results/two_paper_benchmark/checkpoints/h1_2018_logistic_S2_tuning.csv,5663,db8d3b36c7c378c215943524718fe55c32ab48d53b470f34a9e1a9ee74b44e84
results/two_paper_benchmark/checkpoints/h1_2018_s0_logistic_S0_metadata.json,431,92774537c2447e056cb37704b04f1b55eb65088ae3ecddb6a64d790a4ea56fac
results/two_paper_benchmark/checkpoints/h1_2018_s0_logistic_S0_predictions.csv,18385,0c66592b603d571baf24840ed5ba2872494d778e6638b9c417f1bb3332181dca
results/two_paper_benchmark/checkpoints/h1_2018_s0_logistic_S0_tuning.csv,5784,4220ed32e2394abd2af80668d9cba684b09a4ddbdbfcab6a9c02c3837e15c8d6
results/two_paper_benchmark/checkpoints/h1_2018_seasonal_probability_S0_predictions.csv,22460,21ed43d7b3a813b49feb024f460393bc27f95024545f466dda539cb69b84de9a
results/two_paper_benchmark/checkpoints/h1_2018_temperature_transition_S0_predictions.csv,22880,02f3bc01bca13d309cfb4f1cca9dd8693ea3397326cff732dde58db1d9182c0e
results/two_paper_benchmark/checkpoints/h1_2018_weighted_rf_S1_metadata.json,685,e67eb728b4b1d373f308932942241d8442493487477ba61884ea975d13e59c67
results/two_paper_benchmark/checkpoints/h1_2018_weighted_rf_S1_predictions.csv,17573,dd9eed8552a0d351f5f2e6e6c9e4e89c11a144421ff8a5e9fd1ec5e6919c9a56
results/two_paper_benchmark/checkpoints/h1_2018_weighted_rf_S1_tuning.csv,7393,08a9867f93da6cd35d12a1386336816a4ceb128adfce5d3b0aa8de01a7b2150f
results/two_paper_benchmark/checkpoints/h1_2018_weighted_rf_S2_metadata.json,1082,c1c8105784aef58b848252de0d1dd2422220bfaf72f1bdd0b2cd803c579e1082
results/two_paper_benchmark/checkpoints/h1_2018_weighted_rf_S2_predictions.csv,17306,19991899b0be003d23cbb4aa9ba2d571af740872b9d940faae9a8d745abfa3a9
results/two_paper_benchmark/checkpoints/h1_2018_weighted_rf_S2_tuning.csv,7393,e018a0c9d06ddf6b847537534c6402ebc5164c39f2463a3484c849c8a108128d
results/two_paper_benchmark/checkpoints/h1_2018_weighted_svc_S1_metadata.json,640,9ef01c0cf9d2ea2a7abdb456c95c05b10d77afcb5541e328e4151c6eac177f32
results/two_paper_benchmark/checkpoints/h1_2018_weighted_svc_S1_predictions.csv,18619,96286f55ff01ff2675364057b520ea5082e16b702eaa30a72e2b9a9176c701d5
results/two_paper_benchmark/checkpoints/h1_2018_weighted_svc_S1_tuning.csv,5809,5dd799aa9fe1d267b22ca106ad8ce8c2ebc84410eb8a5b7bec4848870452cdeb
results/two_paper_benchmark/checkpoints/h1_2018_weighted_svc_S2_metadata.json,1033,5862a7b8d65e78f039beb893ced5eb976621bafaa636eef4f6320d0fa201579c
results/two_paper_benchmark/checkpoints/h1_2018_weighted_svc_S2_predictions.csv,18604,bacc80cfc19c0c054c1af3e86a024477039d200f933672437f2eb432f5a2c560
results/two_paper_benchmark/checkpoints/h1_2018_weighted_svc_S2_tuning.csv,5809,f3c72b7ac0202436a5fdd50ac6ac4dcf71e57f2a4bd8697b0d6712433572e17f
results/two_paper_benchmark/checkpoints/h1_2018_xgboost_S1_metadata.json,748,4824cc664e7ee800fbc02990bee004eb10f8e25051ad2f7666613ba4e6523ba6
results/two_paper_benchmark/checkpoints/h1_2018_xgboost_S1_predictions.csv,18191,9641f940a7ff4dab723590f76921e0097683912471913a3f96bcd039cbd42c7e
results/two_paper_benchmark/checkpoints/h1_2018_xgboost_S1_tuning.csv,9157,21fea283e754cbf8e4252f157e86ebb2635f2153a7916fb1a422fbba7344af4c
results/two_paper_benchmark/checkpoints/h1_2018_xgboost_S2_metadata.json,1144,3065e39b7d4975e68125767b3291322aa7d434c4c05d32e66713a7dd4226c251
results/two_paper_benchmark/checkpoints/h1_2018_xgboost_S2_predictions.csv,18246,7a376975187a5dccb136873da45b91228da1710c222132ddc6508dc61955b5ec
results/two_paper_benchmark/checkpoints/h1_2018_xgboost_S2_tuning.csv,9160,cd690c27b2b7bfaf82ce87487c17e9b97ebad12084e9b221334ed9ea468d4bd5
results/two_paper_benchmark/checkpoints/h1_2019_always_negative_S0_predictions.csv,18684,3c996d058d7e95847e13112e355771e1c5295fd0902d7dccaa782b2369910f1e
results/two_paper_benchmark/checkpoints/h1_2019_balanced_rf_S1_metadata.json,687,f94a16537a29b870d2555ca98568d04335150c4ec84a60340dcbd0766cb3d401
results/two_paper_benchmark/checkpoints/h1_2019_balanced_rf_S1_predictions.csv,18453,5d115e28eac1274351897188d1cc630351f19a40cf52782e6b5b6813018ba6cf
results/two_paper_benchmark/checkpoints/h1_2019_balanced_rf_S1_tuning.csv,7425,f2210f07d6089d8ae419c6033cd5be37f271faf5cdb51328936d4a867755e52b
results/two_paper_benchmark/checkpoints/h1_2019_balanced_rf_S2_metadata.json,1080,f148177fee66ab56279ec87be66b59eccd95f045fcdd2e3ffc24aac77a766d3c
results/two_paper_benchmark/checkpoints/h1_2019_balanced_rf_S2_predictions.csv,17945,7b0fcb4594ca3abf05af8e2e3c5bdab5dbc36a187df2c809ce7a378761d02491
results/two_paper_benchmark/checkpoints/h1_2019_balanced_rf_S2_tuning.csv,7428,b9a69d92ee86a83d34bf996fe3cebadea95ab8c9b16c1a2b717fa31f1644a3d5
results/two_paper_benchmark/checkpoints/h1_2019_logistic_S1_metadata.json,641,503562835462f6e9eca29facd6932f091c238823eda8ab7a4d374e59ca3328de
results/two_paper_benchmark/checkpoints/h1_2019_logistic_S1_predictions.csv,18240,bf1fc551a4373a965a2a8d19930dd19612d112544cf020350cf76f9e95e27e56
results/two_paper_benchmark/checkpoints/h1_2019_logistic_S1_tuning.csv,5659,083989df0f5b15a1ecd997212e622c7db78fb466df467e432adea7d47234fad8
results/two_paper_benchmark/checkpoints/h1_2019_logistic_S2_metadata.json,1037,c746f1d30f46ad2dc9cc5d970cd42032fdfa4b0832418df24b2044e076e16c72
results/two_paper_benchmark/checkpoints/h1_2019_logistic_S2_predictions.csv,18289,50404d21aecb5c68f947d671e5340ef4edd2360ec1a33d25ff8c045e3e1994c8
results/two_paper_benchmark/checkpoints/h1_2019_logistic_S2_tuning.csv,5656,704035031e5f162c3ac076c423089c6f43177f108b09eaba21519d310225a22b
results/two_paper_benchmark/checkpoints/h1_2019_s0_logistic_S0_metadata.json,432,0fcae47166a6dc0af33b3458eb681fec2671a60c136c77e6d5396d538f19397e
results/two_paper_benchmark/checkpoints/h1_2019_s0_logistic_S0_predictions.csv,18360,b902762527f2f696522389faad8eb7bb698d04e24b75e5e398fd8c6ec2df47c4
results/two_paper_benchmark/checkpoints/h1_2019_s0_logistic_S0_tuning.csv,5794,93611540fd6c4d0cfdfa58816876c2cd4e646838216135d5a8b065f853210694
results/two_paper_benchmark/checkpoints/h1_2019_seasonal_probability_S0_predictions.csv,22460,b1d78883906793bab01946acd07c83940843ae6631bf5e84621468dbffa1f848
results/two_paper_benchmark/checkpoints/h1_2019_temperature_transition_S0_predictions.csv,22858,901b3dfe2777fd6d5f408118b8145e65401bca109b0cc9583ad7d9a102093aea
results/two_paper_benchmark/checkpoints/h1_2019_weighted_rf_S1_metadata.json,691,f826becfe0910c76847c5029bc20be6e7907ef0cb6d851784c76cebeb617a959
results/two_paper_benchmark/checkpoints/h1_2019_weighted_rf_S1_predictions.csv,17816,297f14ded2bc0873128db316b68ab91c9357aa573ef47af2ef3f26d8f0d8b422
results/two_paper_benchmark/checkpoints/h1_2019_weighted_rf_S1_tuning.csv,7423,570eb4a19b2be15662272519523258ada2a4932b9fc965fbdb3e51e29a314a1a
results/two_paper_benchmark/checkpoints/h1_2019_weighted_rf_S2_metadata.json,1085,c4520ddae6458b5285f15e29f35714e9ec5fcf3331a4eb64c40bae79c30067cb
results/two_paper_benchmark/checkpoints/h1_2019_weighted_rf_S2_predictions.csv,17702,468a95d615f2e178f92e67b4bf90e93cff004bbbcfb416e8cfa09f737ed1aed8
results/two_paper_benchmark/checkpoints/h1_2019_weighted_rf_S2_tuning.csv,7428,62c0e6264b5de9863d68c06d715118c922854680b93eaadcdc537fe824169c3c
results/two_paper_benchmark/checkpoints/h1_2019_weighted_svc_S1_metadata.json,638,12b82f4509b9f9e65619675568115b76f55c9513ed300896a485e9fbf043c9f5
results/two_paper_benchmark/checkpoints/h1_2019_weighted_svc_S1_predictions.csv,18517,701c33c5d2bc20852599d8bdc2758f7de1b4a5d0cf6af17745c297191ef06004
results/two_paper_benchmark/checkpoints/h1_2019_weighted_svc_S1_tuning.csv,5803,17e77897365eb4cb8821f89d6101f2c596790e6b44d2dc6e69d4ec44468b91f6
results/two_paper_benchmark/checkpoints/h1_2019_weighted_svc_S2_metadata.json,1033,91d1cf0e926353abb31f4dc80f52c83da7cf4d6014b845b707fab080107763b1
results/two_paper_benchmark/checkpoints/h1_2019_weighted_svc_S2_predictions.csv,18552,62e5469fe1f3ef25374c83c6a805e87772bbc9562cab6752ac1c0972a2e9376b
results/two_paper_benchmark/checkpoints/h1_2019_weighted_svc_S2_tuning.csv,5808,2cef7080649f6cd602bd37e65c6a5dadbd7cc3e783c93446986b942b9d89b1e2
results/two_paper_benchmark/checkpoints/h1_2019_xgboost_S1_metadata.json,748,7bc30683160ac505751d4907a9352b8e3ab3dcce6bbee51dd614b6d15726971a
results/two_paper_benchmark/checkpoints/h1_2019_xgboost_S1_predictions.csv,18110,2f744ce1497b3c161a23a177e092aa43a746fb6385d88181342f42e23f85b08b
results/two_paper_benchmark/checkpoints/h1_2019_xgboost_S1_tuning.csv,9148,2110e0d37fc976cf0ced3c244f19a4414776dc1da3d6e406cb4b545815518dab
results/two_paper_benchmark/checkpoints/h1_2019_xgboost_S2_metadata.json,1141,bf1126c13d23a8db5e77bb0146669b13858dc93ae73fa6a9866ee8d4031d4b05
results/two_paper_benchmark/checkpoints/h1_2019_xgboost_S2_predictions.csv,18104,eed9efd20561081a39e7d5f56beced7b7e0f3e302a835ba22a62936efe2a81e8
results/two_paper_benchmark/checkpoints/h1_2019_xgboost_S2_tuning.csv,9149,67d323ea10f598d46bb9692c24b82358e5fd11e42e8b15ec57295633eecdce81
results/two_paper_benchmark/checkpoints/h1_2020_always_negative_S0_predictions.csv,18684,4fe82eea1cc3cb6a50f1060227e9d25aa9d26d9b23f9b0569f241a8dc01c1ed3
results/two_paper_benchmark/checkpoints/h1_2020_balanced_rf_S1_metadata.json,685,3826e765d2d4785c9dd3312156c414a51ee41c9605ad03cbc5e22f0cc37c985f
results/two_paper_benchmark/checkpoints/h1_2020_balanced_rf_S1_predictions.csv,18631,231c4a9e2b32a189980e64e4d4527d3ef51065c76acaea9858c3102cc7211991
results/two_paper_benchmark/checkpoints/h1_2020_balanced_rf_S1_tuning.csv,7370,21d1130243f39e39890fa1fb631613df90b73eefa279408238535c046c0d48fa
results/two_paper_benchmark/checkpoints/h1_2020_balanced_rf_S2_metadata.json,1079,d06d538ba291b6ef45740826b54e6db9eec02501a728d0864075580f80b294f2
results/two_paper_benchmark/checkpoints/h1_2020_balanced_rf_S2_predictions.csv,18136,d4b06d487bb271cdceae2648d18c378777f769913575e61b1a03e6526e74cd9a
results/two_paper_benchmark/checkpoints/h1_2020_balanced_rf_S2_tuning.csv,7370,04a02f3deb93abbd5da36ebbb8cb51a5560918cac580b10a14acbe135f900a48
results/two_paper_benchmark/checkpoints/h1_2020_logistic_S1_metadata.json,640,6010fbf082bac5750e08e805ffff8fefb8b86d2ee2b76e5457611a2fe6e42a08
results/two_paper_benchmark/checkpoints/h1_2020_logistic_S1_predictions.csv,18337,ef80d5abb34126f47fc04ff4df0485ca08a107710604f36851343bc00b630548
results/two_paper_benchmark/checkpoints/h1_2020_logistic_S1_tuning.csv,5660,39af17879526eff0985cef67b9f7b926f75e763665859e3648efdc420111bd1e
results/two_paper_benchmark/checkpoints/h1_2020_logistic_S2_metadata.json,1036,aabee14e002df8295de26e0c058a9deb434a479501cb12fad4d21710895a35a1
results/two_paper_benchmark/checkpoints/h1_2020_logistic_S2_predictions.csv,18384,3be330ab75f2f7b68b500cc128fbb1adc9661374a46c90c887edaac468e572fc
results/two_paper_benchmark/checkpoints/h1_2020_logistic_S2_tuning.csv,5657,16ff85bf2a64c65a0145ad98926941302c42b90d62e59a80d28da15c29aa8849
results/two_paper_benchmark/checkpoints/h1_2020_s0_logistic_S0_metadata.json,432,87f267e9758a44d0641ae2b2c2472b3f067964ca43a1e7f825bf2d0d1ae945b4
results/two_paper_benchmark/checkpoints/h1_2020_s0_logistic_S0_predictions.csv,18346,6c19a54e23f890517cb9dc1190745ee9a3d03b829dcb4ac8b237ecf590cd23dc
results/two_paper_benchmark/checkpoints/h1_2020_s0_logistic_S0_tuning.csv,5781,0f456fc95924f5672140e30930c3f4492adbba061dcf5e74eecc4db9c8f44427
results/two_paper_benchmark/checkpoints/h1_2020_seasonal_probability_S0_predictions.csv,22460,1dabd4034fd62ea064c4c07ef4605f819cb69e71000eab6c8ed09f5b700cb6ac
results/two_paper_benchmark/checkpoints/h1_2020_temperature_transition_S0_predictions.csv,22764,9f979655bcb4f98666ac403498f3dd18ead3beab421d9f1b044338fe0e373ec0
results/two_paper_benchmark/checkpoints/h1_2020_weighted_rf_S1_metadata.json,691,667089a63944026afe721ec8bd255cdec01f6e985ee7aea9a34308faecf22110
results/two_paper_benchmark/checkpoints/h1_2020_weighted_rf_S1_predictions.csv,17498,f5072fe82a1489f8dbf6d49278d1607b4ed6d2c664e118537df10643a737d5f6
results/two_paper_benchmark/checkpoints/h1_2020_weighted_rf_S1_tuning.csv,7370,d2bf868c43f9b05d35ba7112a8d8aa360ee8268de1f1219ed6aa4bfd83842ab1
results/two_paper_benchmark/checkpoints/h1_2020_weighted_rf_S2_metadata.json,1084,6480878be250e42bf4320a69316fbde37283e94477c95801d956faaf5512fcdf
results/two_paper_benchmark/checkpoints/h1_2020_weighted_rf_S2_predictions.csv,17482,cd9f9303c29fbe069ce4a0b834f34605897b44e2563fabefd4122019d382398f
results/two_paper_benchmark/checkpoints/h1_2020_weighted_rf_S2_tuning.csv,7368,dbcdc2190c44300565baac8081521fcab596e3e413621eba48ecb2f5113062a1
results/two_paper_benchmark/checkpoints/h1_2020_weighted_svc_S1_metadata.json,641,aa022613547b9c43923a7c37cd83aac24ff658abaaef490c9d2ec2597e73e3aa
results/two_paper_benchmark/checkpoints/h1_2020_weighted_svc_S1_predictions.csv,18409,9d031a29f11e6ac127fb10e2e1640e8e3303ab7fcc741302e4090fb83a4a2a9d
results/two_paper_benchmark/checkpoints/h1_2020_weighted_svc_S1_tuning.csv,5840,7eac74106f2bbd6d5d6cbd91ad7170113292a8d7bbf1158d7cfd8da8af795645
results/two_paper_benchmark/checkpoints/h1_2020_weighted_svc_S2_metadata.json,1033,0588af444140071883feb9627c0c7691b6ca880d77a71675b7630ed32a3ab990
results/two_paper_benchmark/checkpoints/h1_2020_weighted_svc_S2_predictions.csv,18534,0401a764f47cd43adc548cb9f0770e6b3a9cd7c53471a94ff4f05971c8a2b880
results/two_paper_benchmark/checkpoints/h1_2020_weighted_svc_S2_tuning.csv,5839,a8795de14eec4038af64762ed84906d025dbb83ffc168d132a58744caa5154f7
results/two_paper_benchmark/checkpoints/h1_2020_xgboost_S1_metadata.json,747,c630494860424720aff6591e0d86c61059ea11d60790623a3f3e10509a3f3189
results/two_paper_benchmark/checkpoints/h1_2020_xgboost_S1_predictions.csv,18113,77ec4432e651eb74f06913034cad5da31c50f6c9e9bff9ea935c3164f479b695
results/two_paper_benchmark/checkpoints/h1_2020_xgboost_S1_tuning.csv,9143,55c14a0cc402bb8c7b4203b89bdecad0208e63473eb10392d92bd6dd6d0eee1d
results/two_paper_benchmark/checkpoints/h1_2020_xgboost_S2_metadata.json,1141,4976b13973cdff625c62a67286fdea156965e62e00c20170a2260692a6ab7c6b
results/two_paper_benchmark/checkpoints/h1_2020_xgboost_S2_predictions.csv,18111,6383dac97b383b59a062bbd4abb31fc5ad21de93a47211223967e9d8545ed80f
results/two_paper_benchmark/checkpoints/h1_2020_xgboost_S2_tuning.csv,9145,8a83f4db748f2cc1153e95bd0f0bffa75c20dd6806d978a11de4ac20dd29b170
results/two_paper_benchmark/checkpoints/h1_2021_always_negative_S0_predictions.csv,18756,58800321f9818bd53d2a2883bd729f8500ff887138c0b2f00cdb048ebdbcd741
results/two_paper_benchmark/checkpoints/h1_2021_balanced_rf_S1_metadata.json,688,d4a93b2193342078dbb54582ff308c7fa24ce0b935fa4c73abf24cc5282f4864
results/two_paper_benchmark/checkpoints/h1_2021_balanced_rf_S1_predictions.csv,18210,237a0f966aa283cbde426092146602ad75163c224c4ec5e8a4981b909dbf42a8
results/two_paper_benchmark/checkpoints/h1_2021_balanced_rf_S1_tuning.csv,7523,73f28fe7b1647f4b6fd4cbd44849403446fec29a90b5bc11f0151eb8d1e31a4a
results/two_paper_benchmark/checkpoints/h1_2021_balanced_rf_S2_metadata.json,1085,2083f764eff9b582a38fde13be91bd576f97221d1234748a765e1329fa0a3f2d
results/two_paper_benchmark/checkpoints/h1_2021_balanced_rf_S2_predictions.csv,18374,38159ea04b7c4f3354a0554917870b3a74f40d0bae2cfdb69403b065e27218a7
results/two_paper_benchmark/checkpoints/h1_2021_balanced_rf_S2_tuning.csv,7521,6073b286d1342552714ed6ce658ada5402249198e6b608961e943f08e776a98e
results/two_paper_benchmark/checkpoints/h1_2021_logistic_S1_metadata.json,640,beec72ce719dd03556b3cfdab822f1f7678ef833eed7c22ad9068959ae59e735
results/two_paper_benchmark/checkpoints/h1_2021_logistic_S1_predictions.csv,18262,317bccb55e18fd0641ec0f1aee2665156644938e77b281080c6ce810d24ab120
results/two_paper_benchmark/checkpoints/h1_2021_logistic_S1_tuning.csv,5787,6938a21e17d30830a5a39a69277c162b04c72ef7f9699f35e3532d1cd08b8b94
results/two_paper_benchmark/checkpoints/h1_2021_logistic_S2_metadata.json,1035,44930d5e2d8a6deb7211ef0c6b3fcdbf81bd9cc8ae822e60e2283df8e94cc0af
results/two_paper_benchmark/checkpoints/h1_2021_logistic_S2_predictions.csv,18307,8ab33b17f60989894660c71c52a0441295d2bba291e51113011ab463448aa7b9
results/two_paper_benchmark/checkpoints/h1_2021_logistic_S2_tuning.csv,5785,51302055d005d9dc45a5cb9100d251c3fd3114824d0be861c58fa4c2e3359264
results/two_paper_benchmark/checkpoints/h1_2021_s0_logistic_S0_metadata.json,431,db27969b575fd373ff9951bb2602473b73467df4d7536389dd8403569da13a86
results/two_paper_benchmark/checkpoints/h1_2021_s0_logistic_S0_predictions.csv,18469,c6ac74fd8ae0177b2b1c320c254c0567348c49ae61db55e444cb25f1282ee1a2
results/two_paper_benchmark/checkpoints/h1_2021_s0_logistic_S0_tuning.csv,5903,2be646065f7f49be5a28dd5a406fe1ba6b8cb99fe8385dabfe32cc778f3d4007
results/two_paper_benchmark/checkpoints/h1_2021_seasonal_probability_S0_predictions.csv,22594,59cb2e5f0bf4a5c2d9bf0f26a082c38e15a2c917d924f7417e13097d51cba8c0
results/two_paper_benchmark/checkpoints/h1_2021_temperature_transition_S0_predictions.csv,22842,8635193a5cf692722dbd9c4641c163802035c5fe7d9585fa731caa24073538c1
results/two_paper_benchmark/checkpoints/h1_2021_weighted_rf_S1_metadata.json,691,7b5a0880c22040ccc184d2c2d5cf373c82cb410f26d283ed95e1f0eb1eef7bdf
results/two_paper_benchmark/checkpoints/h1_2021_weighted_rf_S1_predictions.csv,17950,cc6371859aeb4ff9f4e6fd9b079ba1a62d7df8848da4b1e1b00df02e364f05a4
results/two_paper_benchmark/checkpoints/h1_2021_weighted_rf_S1_tuning.csv,7521,6b9002a8f50607e4f2dec6add94dc09b8cb4015b47511d172a86b56599227019
results/two_paper_benchmark/checkpoints/h1_2021_weighted_rf_S2_metadata.json,1085,eb528ce1da8974d64b7f4e910c39e950a0e1573d100d273e5205d4e309cbeb0c
results/two_paper_benchmark/checkpoints/h1_2021_weighted_rf_S2_predictions.csv,17851,efffc7ad44522946777d95b04a4ee440956e9e3d2699d7fa600858309b7451a8
results/two_paper_benchmark/checkpoints/h1_2021_weighted_rf_S2_tuning.csv,7522,ca593577e29a389e133af119f3ac3813fd00b04b9249e74b68f4312ef4c6d571
results/two_paper_benchmark/checkpoints/h1_2021_weighted_svc_S1_metadata.json,639,55852a29ae8e3b033c625ec46edc47b955ab81c4c96e1ea2767a35e3563f3e16
results/two_paper_benchmark/checkpoints/h1_2021_weighted_svc_S1_predictions.csv,18614,092a78d8275ba36858c2ef31589c0d7572e055f545ac3de3680fb61c9c87ef9e
results/two_paper_benchmark/checkpoints/h1_2021_weighted_svc_S1_tuning.csv,5957,47596863a78cc90dd7a3b6299b8ca9eb3f611fa899b404a3817b541e753ba872
results/two_paper_benchmark/checkpoints/h1_2021_weighted_svc_S2_metadata.json,1032,fa62426906c677d0264fc9fe7c9b802d19b2f830ec412a6cf406c5ebd5859d67
results/two_paper_benchmark/checkpoints/h1_2021_weighted_svc_S2_predictions.csv,18601,bd33f6682b9616565ad71aaf3ddb42c3dd68e5e5d958ec70dfac85cb806126a0
results/two_paper_benchmark/checkpoints/h1_2021_weighted_svc_S2_tuning.csv,5954,571738d57627ef8480d556d4c29137e34c11247ab50dc974b480093eac30c614
results/two_paper_benchmark/checkpoints/h1_2021_xgboost_S1_metadata.json,748,ef6b0b10e758c3e1156586ef305060de434f4f454b63519bc752191c73997e06
results/two_paper_benchmark/checkpoints/h1_2021_xgboost_S1_predictions.csv,18093,afe0540c6a4663a5c3657f4f7acc07db558f8de3961da89ad38193c79e8765d5
results/two_paper_benchmark/checkpoints/h1_2021_xgboost_S1_tuning.csv,9267,afb00d59ce36a53b71ec5040a0157e464877bcb76cf62f86a99ec0fb7a134c10
results/two_paper_benchmark/checkpoints/h1_2021_xgboost_S2_metadata.json,1143,9c11f6eb0b893d077a94f3807c5df0a4dcce20a169c9ba78ea586d76a502ec64
results/two_paper_benchmark/checkpoints/h1_2021_xgboost_S2_predictions.csv,18213,84bdc1b29009e91e6e3e4e144cc80d901ad3fc875a5a76cfdeb46f404fcbb8d8
results/two_paper_benchmark/checkpoints/h1_2021_xgboost_S2_tuning.csv,9264,66a1653797bd32953c6a0ec347ed6ca2b41f0a15330c96fef14e3b6c668b3932
results/two_paper_benchmark/checkpoints/h1_2022_always_negative_S0_predictions.csv,18684,a62957b799d7fc06e10df3c09908c2776dff8fd73a2472d635038d9f11f04c9d
results/two_paper_benchmark/checkpoints/h1_2022_balanced_rf_S1_metadata.json,685,c6b3965b984b1f8e86fdd576ce9af1494308de29bb3f044b094c5a7ea68d21eb
results/two_paper_benchmark/checkpoints/h1_2022_balanced_rf_S1_predictions.csv,18587,7c46151ad39f752fd30691460aae28b51d8a9e1122beb6076e09fead1d01788f
results/two_paper_benchmark/checkpoints/h1_2022_balanced_rf_S1_tuning.csv,7406,df6e829c348743af818e26ea56e1284da0830596d49d84d6157e9db43f7d1e6e
results/two_paper_benchmark/checkpoints/h1_2022_balanced_rf_S2_metadata.json,1080,62a48b236f90490871332c57a4fa19721fbebf64117c684071a7ee9427e6c106
results/two_paper_benchmark/checkpoints/h1_2022_balanced_rf_S2_predictions.csv,18263,87865ea12abd9ca9864f77981237744ee82c1700ac4987b313a68918ab183cba
results/two_paper_benchmark/checkpoints/h1_2022_balanced_rf_S2_tuning.csv,7398,9990414e9308f0451a9df18941043e07fdc5dd2dd88629fa8c0ff52b8ae07a54
results/two_paper_benchmark/checkpoints/h1_2022_logistic_S1_metadata.json,641,b20ea5f69cc6f32d3536a33f553b005cc9fa156612b0ae2fb14355e530213359
results/two_paper_benchmark/checkpoints/h1_2022_logistic_S1_predictions.csv,18227,b802bccc95eedc29db18f6aae2ecd38f2331dadfb98e488360c6b20d00b1a1bf
results/two_paper_benchmark/checkpoints/h1_2022_logistic_S1_tuning.csv,5673,d31fca956d84dd47a1be853e78ffaa8bdb657ccbb8ddbe306cf9393afcdb7c25
results/two_paper_benchmark/checkpoints/h1_2022_logistic_S2_metadata.json,1034,f503bf28093881a7f7e81661a9efb823d98fdd2e74cda80ae18d019b0e8c39ee
results/two_paper_benchmark/checkpoints/h1_2022_logistic_S2_predictions.csv,18255,defc1a347f2a3b04ff5df66ef1e0392923e89e19472824630386cc4aaf0fe0ac
results/two_paper_benchmark/checkpoints/h1_2022_logistic_S2_tuning.csv,5666,315709b8489171d03d831c380401cb6d5a1283b0e8f36719c066e4f4226d6086
results/two_paper_benchmark/checkpoints/h1_2022_s0_logistic_S0_metadata.json,430,d81c623286f701f97da6c2dac898e7f36bd78161b8ed5d4863371dc75e9eef05
results/two_paper_benchmark/checkpoints/h1_2022_s0_logistic_S0_predictions.csv,18430,e90eebbaa67017137750ae588ecbe1c9a5b67aff6eb618a7ff7a2861ff163dd9
results/two_paper_benchmark/checkpoints/h1_2022_s0_logistic_S0_tuning.csv,5791,6c4094848fffbeabfd5bd180d43b0357b3dda9c87017caec59ed5595020741db
results/two_paper_benchmark/checkpoints/h1_2022_seasonal_probability_S0_predictions.csv,22522,d817ea9ca423b2fff0b9b20e7f26561960432689eb70d17cce7bd4ad98f38ecb
results/two_paper_benchmark/checkpoints/h1_2022_temperature_transition_S0_predictions.csv,22880,dbe74ee149f141a1bdabfb85d4957c3d23e9845d20c8f2937499ae290a9bb164
results/two_paper_benchmark/checkpoints/h1_2022_weighted_rf_S1_metadata.json,688,95267cc57ad215db7c799741b1dff25526b14d9b4db1bed6168e5a2a5b328ac7
results/two_paper_benchmark/checkpoints/h1_2022_weighted_rf_S1_predictions.csv,17981,06fa8a55fbff880a1e74dfb7518880ef8296227ede35c2dbcaa012f8c4e40a83
results/two_paper_benchmark/checkpoints/h1_2022_weighted_rf_S1_tuning.csv,7405,a05c0da706b0002819b4127c4f2d40cc485b479f10dfa3026bacce8251b2fac4
results/two_paper_benchmark/checkpoints/h1_2022_weighted_rf_S2_metadata.json,1087,35fd7d1ab042eef2f91e6094003db2d1efeb4e86fe812ce6a92148c7bf63556d
results/two_paper_benchmark/checkpoints/h1_2022_weighted_rf_S2_predictions.csv,17979,4280eb8df0cc82c77117fc1a9f4d7c595258e0ea8651f446fc8c4f71bbf2d085
results/two_paper_benchmark/checkpoints/h1_2022_weighted_rf_S2_tuning.csv,7399,a7e901e48fa25776fd0e0537c8f01a6b0be936e22514a64d1926c9bfeb779305
results/two_paper_benchmark/checkpoints/h1_2022_weighted_svc_S1_metadata.json,640,cec8ad0ecbef76e715692c1ed82bafe7286495f6c8dd02174c687ce32af4c94a
results/two_paper_benchmark/checkpoints/h1_2022_weighted_svc_S1_predictions.csv,18608,9ae093e42b50b506702987297a44ca12f3187f8e4863b9a5eb6ee9289ab89cdb
results/two_paper_benchmark/checkpoints/h1_2022_weighted_svc_S1_tuning.csv,5823,c430c6ee8a0f904720e9bb295ea13f6e170b7ceb4e6453e36c869ac45b430e9d
results/two_paper_benchmark/checkpoints/h1_2022_weighted_svc_S2_metadata.json,1034,c3638e76f500df54fb972bd44931590301fb75491df6e46d02d682feb16ebf17
results/two_paper_benchmark/checkpoints/h1_2022_weighted_svc_S2_predictions.csv,18579,eebebffb506f64a9dfb41f9d3c7c5654aaa8ce591f5f6a11581bb1012eb63b67
results/two_paper_benchmark/checkpoints/h1_2022_weighted_svc_S2_tuning.csv,5818,ce4e80912993b83ba7ffc57151a3d7d66794d69836cf838792322a7b022515f4
results/two_paper_benchmark/checkpoints/h1_2022_xgboost_S1_metadata.json,748,0239d68d6c54d43bc8f386c28e9d68b6dc606efd65ece51cf9deb79937060239
results/two_paper_benchmark/checkpoints/h1_2022_xgboost_S1_predictions.csv,17925,07dbb90685d584a5f636b294740db3df94d4a9268a38ec75eb3ad0927e037eed
results/two_paper_benchmark/checkpoints/h1_2022_xgboost_S1_tuning.csv,9156,cbe8a2bfbdfa67a7bdb723714b766a2b46bb3bcd2af1b720e92fe68d0aa239e4
results/two_paper_benchmark/checkpoints/h1_2022_xgboost_S2_metadata.json,1143,fd3b2d7e8d51b8a6467734c3073a73c59d3e21e0e29444bf68325ae3feb92f5b
results/two_paper_benchmark/checkpoints/h1_2022_xgboost_S2_predictions.csv,18059,f0285dd543cafcac2ce809f4e5ab5daf9130e2cc572e43f1c1f861052a632ba2
results/two_paper_benchmark/checkpoints/h1_2022_xgboost_S2_tuning.csv,9151,abd341b61d9ce26d7bea4bb405879ec963dbffd7c651189a20d415a4906d1eb4
results/two_paper_benchmark/checkpoints/h1_2023_always_negative_S0_predictions.csv,18948,8b4051dbad9f20eaa1f114cfa0e41cdf466f01444acf2a7f4b1531df99b0bb43
results/two_paper_benchmark/checkpoints/h1_2023_balanced_rf_S1_metadata.json,685,a4159a66f00760028d024410b5f794b51a2452a5e89c5cf5ec0386f218e456c0
results/two_paper_benchmark/checkpoints/h1_2023_balanced_rf_S1_predictions.csv,18754,4b51bcffbdc9f92dbd928a1d83a475a7944fbef3975e151e829b48be4cdec98a
results/two_paper_benchmark/checkpoints/h1_2023_balanced_rf_S1_tuning.csv,7338,68ff1ddac084e1f2c4238507ccbb8fad8b8a43658bb218f0066cda65d066caeb
results/two_paper_benchmark/checkpoints/h1_2023_balanced_rf_S2_metadata.json,1081,4c6e43e0d70184c2e0ebbd382d6de228ad6d0f1aa248838b4e06edc9d9bc83cc
results/two_paper_benchmark/checkpoints/h1_2023_balanced_rf_S2_predictions.csv,18618,c466dbd701588ea54ceb4058a26788f011b9bef255b485f62eb146b7171202d9
results/two_paper_benchmark/checkpoints/h1_2023_balanced_rf_S2_tuning.csv,7337,9516ec5a1f8b12e2f3aa90ca530f6357acb579238164ac800a4e89f7b5f12d5a
results/two_paper_benchmark/checkpoints/h1_2023_logistic_S1_metadata.json,643,730ee076cb7ad57946c4e048ea96ade14b955e83378f70a0ed677e98dc26c116
results/two_paper_benchmark/checkpoints/h1_2023_logistic_S1_predictions.csv,18469,540dc2a366c640b46971be120c8fe38e4cfd2eadc65d8818923d27dc2ca3578b
results/two_paper_benchmark/checkpoints/h1_2023_logistic_S1_tuning.csv,5647,1c2e06ddd92110ecbfeee18dd7c41c5b353f13cc044dab796b1d5099694c63db
results/two_paper_benchmark/checkpoints/h1_2023_logistic_S2_metadata.json,1036,92264bd75149278dec60ffe6a585adbbf3645aa47134fb7418143b1a91a78203
results/two_paper_benchmark/checkpoints/h1_2023_logistic_S2_predictions.csv,18607,321f0078823898ffc489d0ba4c553b79fbebc8172da7f402649f19b5b8aedb43
results/two_paper_benchmark/checkpoints/h1_2023_logistic_S2_tuning.csv,5660,4747e29b78dbed1ab5c74d2d01f2263c5308f9250d226d9a3491359c58731ad3
results/two_paper_benchmark/checkpoints/h1_2023_s0_logistic_S0_metadata.json,431,55724f2acfc29a6c52df565a8e2a86adab13c1d201cc34ea7d6515862631b0db
results/two_paper_benchmark/checkpoints/h1_2023_s0_logistic_S0_predictions.csv,18732,4343ed815e98e6cab6f48160027635c4f021a5906a85f87d68405669c5c32361
results/two_paper_benchmark/checkpoints/h1_2023_s0_logistic_S0_tuning.csv,5804,fe27293ac1e2a8409d55338926eec10a09103d09f0da9bb88fb1da18d1fee9d8
results/two_paper_benchmark/checkpoints/h1_2023_seasonal_probability_S0_predictions.csv,22724,24cfffefdeee0a8eeb72d914cf23a1eb207f2f0b8c6abfdd0cc13ca1101cbf12
results/two_paper_benchmark/checkpoints/h1_2023_temperature_transition_S0_predictions.csv,23036,2aa2cb347333242b86815793c347fefe2448bbc74b0751d662e107238cb3d39b
results/two_paper_benchmark/checkpoints/h1_2023_weighted_rf_S1_metadata.json,686,6a7e38daf29f9a9568d0b35a31684fa71dcc8809fb2a88f359d417afa6a497c2
results/two_paper_benchmark/checkpoints/h1_2023_weighted_rf_S1_predictions.csv,18171,e1fe7952530918941f767d13458bda4b636d1d9a73a3be01f748a1b38c019b10
results/two_paper_benchmark/checkpoints/h1_2023_weighted_rf_S1_tuning.csv,7353,8e2750cd5f427cdd9b3499a6b52c5839b7af8b6bb01fdb986b44850d055018cf
results/two_paper_benchmark/checkpoints/h1_2023_weighted_rf_S2_metadata.json,1084,b49dcfa7b04d913527c17adc9d8420b3bc978af389261fdf050d234e9008fdfc
results/two_paper_benchmark/checkpoints/h1_2023_weighted_rf_S2_predictions.csv,18276,8afec04752c0f29783c2e7bca90b762c20a32082e75f874188aa71aff114779e
results/two_paper_benchmark/checkpoints/h1_2023_weighted_rf_S2_tuning.csv,7349,dc4a183e79820c2d27b990544cae001b536b32fc28da4cedf7e286cf94c05baa
results/two_paper_benchmark/checkpoints/h1_2023_weighted_svc_S1_metadata.json,639,ec8f4f9ccd42ff4eaeb48908d72c8df505dcefd032b88e540c1a1b5773f291f2
results/two_paper_benchmark/checkpoints/h1_2023_weighted_svc_S1_predictions.csv,18819,b82d98fdfc9892f4c483c91e29a017fc4d728f97143782726bb313c7a5cd0daa
results/two_paper_benchmark/checkpoints/h1_2023_weighted_svc_S1_tuning.csv,5816,6efcf9c84cb072248918f3a3d4e585e02f3d84e1274c79fd33116d4f311faf6c
results/two_paper_benchmark/checkpoints/h1_2023_weighted_svc_S2_metadata.json,1033,8f650d3a88c47392ce10aee84d4b2b8b4bbe656a5685afbf8e5e56caff63450f
results/two_paper_benchmark/checkpoints/h1_2023_weighted_svc_S2_predictions.csv,18823,0f9747ebb11f1d9544ef0035b5dd2861a970a02d7ac77f99a8d515253bf4a3a8
results/two_paper_benchmark/checkpoints/h1_2023_weighted_svc_S2_tuning.csv,5827,21a6e8bdde77b713ed5c44cb5d739106eecd737c80ca5747f1e7c033a2afb7be
results/two_paper_benchmark/checkpoints/h1_2023_xgboost_S1_metadata.json,746,a5cb28a54823b48f0d20c04289c82dd644ecc12f53ec325df85b9afd5a0d3d5b
results/two_paper_benchmark/checkpoints/h1_2023_xgboost_S1_predictions.csv,18271,862a050a270274516764602640330e3506e787864f51da28794aad907e58695d
results/two_paper_benchmark/checkpoints/h1_2023_xgboost_S1_tuning.csv,9147,92472de59900478e676652d50f06d977f95a2f68fd20eb5b013d7c75dd84cb00
results/two_paper_benchmark/checkpoints/h1_2023_xgboost_S2_metadata.json,1142,d418e9afc50956d3fbd9dc3658ea5c79c79070dba006830e827d490c560a6179
results/two_paper_benchmark/checkpoints/h1_2023_xgboost_S2_predictions.csv,18387,c0cc591e83b4078ba2291c157332aab6e98cbfd76dd8c72c64fd8d0f68114170
results/two_paper_benchmark/checkpoints/h1_2023_xgboost_S2_tuning.csv,9155,4b1fc61bf375a682dea383b205e96d7091db18c22154a587cdf6aa6b05aa4c39
results/two_paper_benchmark/checkpoints/h1_2024_always_negative_S0_predictions.csv,18876,68715ea2f422d38d949931e563e67003e828beb4e168dba781683b364face0c0
results/two_paper_benchmark/checkpoints/h1_2024_balanced_rf_S1_metadata.json,686,703133e668655b102766392f0f6febbc592c58458b5d1f17d42e94d04cd5068a
results/two_paper_benchmark/checkpoints/h1_2024_balanced_rf_S1_predictions.csv,18675,90fca73257e5ea832bec60485734d9ca10452b06e595c6be9af7e79997f852fe
results/two_paper_benchmark/checkpoints/h1_2024_balanced_rf_S1_tuning.csv,7409,17927ebad0465d726506947d4e45b039d474b9950ca7b2f805e09030e48f0819
results/two_paper_benchmark/checkpoints/h1_2024_balanced_rf_S2_metadata.json,1082,f2039bc9586ba0973755a40a73699216ac6bd9879a2a49615c35f75f801bb805
results/two_paper_benchmark/checkpoints/h1_2024_balanced_rf_S2_predictions.csv,18657,23a7b9cbdf6e23faf5cd8444e81a9795b2196bb0010bf80d8e4e7c93eccb49d9
results/two_paper_benchmark/checkpoints/h1_2024_balanced_rf_S2_tuning.csv,7405,f42e5df81c1374d3f400c9bff5f780f019929cf5dd0a8d8d179bbb6929d6707b
results/two_paper_benchmark/checkpoints/h1_2024_logistic_S1_metadata.json,641,13dd025d0583981be3d2af1ad345d25a75682214315debb0a307e1f73161b4a8
results/two_paper_benchmark/checkpoints/h1_2024_logistic_S1_predictions.csv,18345,cd9c03acf436d8822166af89ae45120f5f6b1fb0f29543430770f5c69f118108
results/two_paper_benchmark/checkpoints/h1_2024_logistic_S1_tuning.csv,5661,e3853cbe9950dd7e0479f4bc014b28b29356693b3185140e7096063c978cf976
results/two_paper_benchmark/checkpoints/h1_2024_logistic_S2_metadata.json,1035,84047af3b8881c81aeae6f6708aec42d7ff0a3943c9758211e932db6c3dc51fc
results/two_paper_benchmark/checkpoints/h1_2024_logistic_S2_predictions.csv,18383,208f54bd99bdda23a1342c2b7ed3d77a63d377f903bcfd7a44930a972aacddb7
results/two_paper_benchmark/checkpoints/h1_2024_logistic_S2_tuning.csv,5651,2e5f72138b0f64107e4e7ef58894bbaeaf85853e1f73f90a29babc022672ae7f
results/two_paper_benchmark/checkpoints/h1_2024_s0_logistic_S0_metadata.json,429,6b9bb7cad17696353bee18781e1bfda65df274084f4a22e1d2295927b7b21f38
results/two_paper_benchmark/checkpoints/h1_2024_s0_logistic_S0_predictions.csv,18531,efe1eca864802e2ccead88f85078866ae021dc1ab7eb48fb070ea03de5307319
results/two_paper_benchmark/checkpoints/h1_2024_s0_logistic_S0_tuning.csv,5785,d0c7c15e91c3d7d14dcd0cd4966ca447108b59cc6bb6cd8c6b7513842166baa9
results/two_paper_benchmark/checkpoints/h1_2024_seasonal_probability_S0_predictions.csv,22596,73fdf6864e7b3f69f0b14115d1eb847277da1ba103d5ddac2ce331580ebcdf9e
results/two_paper_benchmark/checkpoints/h1_2024_temperature_transition_S0_predictions.csv,22656,39263e3d38b0a8a6bb107b68a91a1d07ce314c85f8e9e1407bd0c834b2d63f90
results/two_paper_benchmark/checkpoints/h1_2024_weighted_rf_S1_metadata.json,688,6270d10d1ff88169f4b567fa32340eb13a123d7d04df3da1a45edd966a559953
results/two_paper_benchmark/checkpoints/h1_2024_weighted_rf_S1_predictions.csv,18452,a75a602553e2df3bcfd70daeea8d9654e474f43e4a8877dd403c5185a3239eec
results/two_paper_benchmark/checkpoints/h1_2024_weighted_rf_S1_tuning.csv,7408,999abad9119cc2b688d3640ebec8668036fdbd6a622706ba98bbbb5341b92999
results/two_paper_benchmark/checkpoints/h1_2024_weighted_rf_S2_metadata.json,1082,519f89bb7f22239b1ee781985e7acc4359b4e7d89ae82b20fd22247ab31840ef
results/two_paper_benchmark/checkpoints/h1_2024_weighted_rf_S2_predictions.csv,18596,548e739f212e9a6a56957f2dc03b87aac854f97cc531fa10ac71eaf1e30e8a7a
results/two_paper_benchmark/checkpoints/h1_2024_weighted_rf_S2_tuning.csv,7404,ac16797ee0ecdd5eec2daa166dcaf4e491f102207026584e45b78a9d4dfb900e
results/two_paper_benchmark/checkpoints/h1_2024_weighted_svc_S1_metadata.json,638,8fdc7c44f562602cae0f0dd3b7a5a4984e0f13de9d518986cb0a980d2f8c84ba
results/two_paper_benchmark/checkpoints/h1_2024_weighted_svc_S1_predictions.csv,18676,2fffbf2fd50fc761e7cc8bfdcad652012d22e969288dd7e5f3de270baa71d783
results/two_paper_benchmark/checkpoints/h1_2024_weighted_svc_S1_tuning.csv,5801,139337f47d2a9a6292791aeaa6abc72ced871941c917ee4992c174c1d8cd8563
results/two_paper_benchmark/checkpoints/h1_2024_weighted_svc_S2_metadata.json,1032,30df61ecf7abc5e1ca2ccfb0152c66a001168256081a1a093168cf14d1b0a66a
results/two_paper_benchmark/checkpoints/h1_2024_weighted_svc_S2_predictions.csv,18689,8f9421d0a2d2fc278ce7e2d93d9f8997793d31a94c5f1b7562cde9ae971123a9
results/two_paper_benchmark/checkpoints/h1_2024_weighted_svc_S2_tuning.csv,5796,c1c3aa590e88f2486419f5058bb4d490897100274902e20669cdc6035b06b12a
results/two_paper_benchmark/checkpoints/h1_2024_xgboost_S1_metadata.json,748,aa857d11a7d1c8c6c10a9bf10de71ecbe726b24e5b31b6ec93a455357075cc14
results/two_paper_benchmark/checkpoints/h1_2024_xgboost_S1_predictions.csv,18101,c40325bffdd914ed693bd70a7babda0babbfa68ac41741a70e1708fd36c228c2
results/two_paper_benchmark/checkpoints/h1_2024_xgboost_S1_tuning.csv,9155,aba9ed2302fcd0a83afdcaca857cc0791294b75f684df644000b364689925812
results/two_paper_benchmark/checkpoints/h1_2024_xgboost_S2_metadata.json,1144,2ad21f3bd89cee31901af7031bde978d5e84f24bd24d2a99e35ffa520276a48f
results/two_paper_benchmark/checkpoints/h1_2024_xgboost_S2_predictions.csv,18128,1a19669f5ac80587442c2d7c4451201bab8623edbcf6c05a75d5c318be1c6401
results/two_paper_benchmark/checkpoints/h1_2024_xgboost_S2_tuning.csv,9142,85ef3bda52d5da2dda26cf868edb9d2c6fd1e58083795cd452b56ca390e269b5
results/two_paper_benchmark/checkpoints/h3_2014_always_negative_S0_predictions.csv,18792,930ef427686868f2858354903f82cd669d7e72d7678462dd1ce46f3d6c924050
results/two_paper_benchmark/checkpoints/h3_2014_balanced_rf_S1_metadata.json,692,7e53798b0d98cea5af01ef69bdf26a7623688892105417fef7ffa4f9176ce129
results/two_paper_benchmark/checkpoints/h3_2014_balanced_rf_S1_predictions.csv,18168,cf9544ee04b549a035fec4ba519f7c876272bd07cedddaadd354f50d60390ff8
results/two_paper_benchmark/checkpoints/h3_2014_balanced_rf_S1_tuning.csv,7527,cb9f2dcb6e04148b27b5088ba391a9f82b3e681bbcc6ad675bc52a48a9eea428
results/two_paper_benchmark/checkpoints/h3_2014_balanced_rf_S2_metadata.json,1079,19315d611f689df87ed4b277fc48e6beab298278ed4c9ee64535732b08e90b91
results/two_paper_benchmark/checkpoints/h3_2014_balanced_rf_S2_predictions.csv,18591,1042f18bd764f43683f7dba4e52a10f0eb071dac473ac71abb3e8b77307df934
results/two_paper_benchmark/checkpoints/h3_2014_balanced_rf_S2_tuning.csv,7521,8b0e0ccd638747a0fe5cf7a8a355abb7d3bc2d186f2807d55ddf5989d359bbdf
results/two_paper_benchmark/checkpoints/h3_2014_logistic_S1_metadata.json,641,59acea26729242583d91e2862321ed4c041bb77b6993a9df9d1bffb39b260ae6
results/two_paper_benchmark/checkpoints/h3_2014_logistic_S1_predictions.csv,18247,0e48b71fdee472a8190f1378592fdd0f12cdc088e5cf8fa607443bd08d787afd
results/two_paper_benchmark/checkpoints/h3_2014_logistic_S1_tuning.csv,5788,1a05c83d7c04f156a914f4b3c16afd65173d29eda32deb870aaf193f2a0d7cde
results/two_paper_benchmark/checkpoints/h3_2014_logistic_S2_metadata.json,1035,6a525db67762200f6125e3d422fd556653ae120c6f4c757bdb51a67ad50f4d9b
results/two_paper_benchmark/checkpoints/h3_2014_logistic_S2_predictions.csv,18368,868bdffa3da059f2561ab30e0354e59149f62f17b3967f3bf31bfdb7f27f8a50
results/two_paper_benchmark/checkpoints/h3_2014_logistic_S2_tuning.csv,5798,a167cde1bfac4cbcd9d860dac025dd66d0bdaa8c3678448d520684bc2f0b596a
results/two_paper_benchmark/checkpoints/h3_2014_s0_logistic_S0_metadata.json,429,2403245fe1aa56f06bfdbf27aa50af55d203a96cd5be4ebb418ba39d5fb2b2da
results/two_paper_benchmark/checkpoints/h3_2014_s0_logistic_S0_predictions.csv,18411,85a1681e1d34c94f1965c69f450c0c6f55aa63d43377e70c23ee78033bf87729
results/two_paper_benchmark/checkpoints/h3_2014_s0_logistic_S0_tuning.csv,5905,2563f85abb25b40ce3129fbbc2201a8e682b74d29d47d5d7eba1256e5beb0065
results/two_paper_benchmark/checkpoints/h3_2014_seasonal_probability_S0_predictions.csv,22568,dc61e40ad6956d38f4119b0b2288a1a9e689633f23c8cfe80b0ae9ca1a28d818
results/two_paper_benchmark/checkpoints/h3_2014_temperature_transition_S0_predictions.csv,22894,929e01174c7cf69d9becb25b0d6edc44aa68c12fad5609084ff0c446ea87f50f
results/two_paper_benchmark/checkpoints/h3_2014_weighted_rf_S1_metadata.json,687,c5249566154ecf1305edb7be62cde5d689a2b626fe11ee1eaf7b25d6eb45b6f4
results/two_paper_benchmark/checkpoints/h3_2014_weighted_rf_S1_predictions.csv,18599,7785e7b57696ca0743462335c636cd9a90240fa336ba2c1715269a2a74e9a6c9
results/two_paper_benchmark/checkpoints/h3_2014_weighted_rf_S1_tuning.csv,7521,a1cf1e293d6a58d23dd6f940a507cf87e00d41dd9f13686238b31b03f4e2bc1c
results/two_paper_benchmark/checkpoints/h3_2014_weighted_rf_S2_metadata.json,1085,b5abdc47744a0d4cae2eef5b8088fd8f075b423ed7c460433d2a93d9a225799d
results/two_paper_benchmark/checkpoints/h3_2014_weighted_rf_S2_predictions.csv,17692,bf8151896def60163b8fa7ddea5b08bbdbbf5280f28b19ee877fda3fe0125aa5
results/two_paper_benchmark/checkpoints/h3_2014_weighted_rf_S2_tuning.csv,7525,0835d2e6eb8205d904595144a762132c1a6f275d1b764c39cc2614c72c22d244
results/two_paper_benchmark/checkpoints/h3_2014_weighted_svc_S1_metadata.json,638,c28220e823bf432cc17b9a4bc188fa9abb061c6b7f54572e6ff3e0708b4d7905
results/two_paper_benchmark/checkpoints/h3_2014_weighted_svc_S1_predictions.csv,18487,1bf5ab785f0081cf29eb10563575c4be77adc2b6918b400edbd1b934bf1dadda
results/two_paper_benchmark/checkpoints/h3_2014_weighted_svc_S1_tuning.csv,5925,755a2d187465b4dd7ce235b44928731fe3043dd3ca741b9d75281e6176ac0e93
results/two_paper_benchmark/checkpoints/h3_2014_weighted_svc_S2_metadata.json,1034,a2b03ee80b5a00c8bad3c54ddfb7b931e345fb840188366c17ef5e1c5f2e9d5a
results/two_paper_benchmark/checkpoints/h3_2014_weighted_svc_S2_predictions.csv,18506,8a456c7ba3642254d37651d6303fc033b9756565733c3b044bf9354a04c225d4
results/two_paper_benchmark/checkpoints/h3_2014_weighted_svc_S2_tuning.csv,5925,70f8419574f424a3174a454ac7fd57b2d2afa454faac7e9d97b1f81234a8ff24
results/two_paper_benchmark/checkpoints/h3_2014_xgboost_S1_metadata.json,748,a5f34fa2f7e43df3c2847a8164198497d93b07aebdb11c9287906eecf6720433
results/two_paper_benchmark/checkpoints/h3_2014_xgboost_S1_predictions.csv,18191,4be98af914205de66ca79147de46029859b0ecdf22c3f3963a19b0dde3748f45
results/two_paper_benchmark/checkpoints/h3_2014_xgboost_S1_tuning.csv,9268,c9bb7f4b1235da13a2ea6bf1ed019b00cb901f733cdf527fcd7f4de0ad63e536
results/two_paper_benchmark/checkpoints/h3_2014_xgboost_S2_metadata.json,1141,83cd57ad4a6ca7e3beefd803d0fd69d1b7109dbfaf16f87e9c7d6293ed75d609
results/two_paper_benchmark/checkpoints/h3_2014_xgboost_S2_predictions.csv,18181,fcc03e9f7ed588b4f691337a12ad1db8917616ccd443a0a04b2ca9844856128e
results/two_paper_benchmark/checkpoints/h3_2014_xgboost_S2_tuning.csv,9274,72a74312aea6e2a3deffa8f047a73e10e28aa3f86922b24f3342c8a5ecea5cf4
results/two_paper_benchmark/checkpoints/h3_2015_always_negative_S0_predictions.csv,18684,fd0b75b6d7f9b13ed0374eb4ed5d59e5ecc7967e48e559d7e979e38de9625462
results/two_paper_benchmark/checkpoints/h3_2015_balanced_rf_S1_metadata.json,686,4a4333fe26dfc824db00067de9c2737325bb8ed786a8f13cfbcc66d39afe6670
results/two_paper_benchmark/checkpoints/h3_2015_balanced_rf_S1_predictions.csv,18381,dc9c0a59a268578ff0d9d40859c4678d62630040c6666068f80d0abe6e49704b
results/two_paper_benchmark/checkpoints/h3_2015_balanced_rf_S1_tuning.csv,7487,b81aca3bebad06af863583ddfe8249b028bfeaa77c867166d3c35fa323462894
results/two_paper_benchmark/checkpoints/h3_2015_balanced_rf_S2_metadata.json,1079,7a91267aecf4578018c0755bfd4c908d1c9071e23f9b4f72eaa0c9187c3cfcf4
results/two_paper_benchmark/checkpoints/h3_2015_balanced_rf_S2_predictions.csv,18471,167a943e8ad81f754dd5858cfbd936b3a16f972cd7069d4305279ced7ae40d27
results/two_paper_benchmark/checkpoints/h3_2015_balanced_rf_S2_tuning.csv,7486,ea1e8c22d28a8bf9840c6696dffef66a40f7305b079684ebcd95cf8e77cccacd
results/two_paper_benchmark/checkpoints/h3_2015_logistic_S1_metadata.json,641,53219aa5c1a4bcff542ad0b77fe7f6cf308c15b855afb32a646b28bc262e0a66
results/two_paper_benchmark/checkpoints/h3_2015_logistic_S1_predictions.csv,18156,d342d32c3d1db6624dd6e90cd528b19c8ec8a4eeff75fc9515413a973cda3019
results/two_paper_benchmark/checkpoints/h3_2015_logistic_S1_tuning.csv,5777,65575779f67b0a0505beaf9288645a9d6321088344803332f8bf2175afa47384
results/two_paper_benchmark/checkpoints/h3_2015_logistic_S2_metadata.json,1032,bdaec5c6e8420e0ed265f198f224951ce42152351e7a71badc8dcb75f9e9932e
results/two_paper_benchmark/checkpoints/h3_2015_logistic_S2_predictions.csv,18152,3c92e5094cf1f202b24bc170b986b984e54f55dd6e292c7a499b2e29192f1836
results/two_paper_benchmark/checkpoints/h3_2015_logistic_S2_tuning.csv,5781,9c908884cb314bb2d950db07cb69322458a8c34cdda3f6710f56d92ac46e20ef
results/two_paper_benchmark/checkpoints/h3_2015_s0_logistic_S0_metadata.json,431,6186b653248d4aa3e780ae651dd4ddead3d71ad14a6841c09725da81bf53bd5d
results/two_paper_benchmark/checkpoints/h3_2015_s0_logistic_S0_predictions.csv,18244,189e940fe503ec07971feaf663fc2786f3dd1ffde3a56b24ab3d688e1f555c36
results/two_paper_benchmark/checkpoints/h3_2015_s0_logistic_S0_tuning.csv,5904,323831aced23a2a2ad71ae42b778fa25d678d386bcd5c799a0dc687ed7588188
results/two_paper_benchmark/checkpoints/h3_2015_seasonal_probability_S0_predictions.csv,22460,353e80fcbf5f4576857c88ae223f514d95ad99a1b7a286c96e4d8e438bae4c6b
results/two_paper_benchmark/checkpoints/h3_2015_temperature_transition_S0_predictions.csv,22698,ac75b9d5021deb82c1d57e5c9163593afd488ebc22e7aa31cff9fe804c4dd249
results/two_paper_benchmark/checkpoints/h3_2015_weighted_rf_S1_metadata.json,688,4276bc569acc9515fd604e73b148b25aa18909bacaeeb121f15e10a5c666b6f4
results/two_paper_benchmark/checkpoints/h3_2015_weighted_rf_S1_predictions.csv,17981,76bf1c2ca5dc97846759bfba9bd51f9b5ddfc5e18eb463a6f1a5369c473962aa
results/two_paper_benchmark/checkpoints/h3_2015_weighted_rf_S1_tuning.csv,7487,5e12056cb4425074861be8444a6b7edd6256fb70c6e6df31b6b167ba9526c274
results/two_paper_benchmark/checkpoints/h3_2015_weighted_rf_S2_metadata.json,1081,9a08fd2554b104c8afe2f300e91cb125da97f8abe388ab8e5d830b5c8346f93f
results/two_paper_benchmark/checkpoints/h3_2015_weighted_rf_S2_predictions.csv,18406,c88279be55777b3b409afb42bf1025619c211aa3fb7c0b453f9297fd0e8b427a
results/two_paper_benchmark/checkpoints/h3_2015_weighted_rf_S2_tuning.csv,7495,4d577bbfbcea55a93388de0642238cfc63e7b1ab4180fa731231350592d03f42
results/two_paper_benchmark/checkpoints/h3_2015_weighted_svc_S1_metadata.json,637,9109155de0f43eb494d9b45f4b50c4c12f579755c08b90242ba5560c071a168b
results/two_paper_benchmark/checkpoints/h3_2015_weighted_svc_S1_predictions.csv,18499,be8feea7e3b731757ecf31d0b2bd52d9bd6ed65ccda6a4f0626f755e8e14852b
results/two_paper_benchmark/checkpoints/h3_2015_weighted_svc_S1_tuning.csv,5908,ed8d150bf426f37f400e9c7b7b999a1cf36f03ab7f036f9677e484a3f1be8fbd
results/two_paper_benchmark/checkpoints/h3_2015_weighted_svc_S2_metadata.json,1033,ec8b6d45ef13aa8f577f803c1cd34d6e30f454d8d8172f77a13267f2cfc8b7f2
results/two_paper_benchmark/checkpoints/h3_2015_weighted_svc_S2_predictions.csv,18529,439a62171a7736b1055c97f7f9dfcbea9bd5d457fa3088fa0739e7a812ed0d82
results/two_paper_benchmark/checkpoints/h3_2015_weighted_svc_S2_tuning.csv,5911,1777af13c035d7c3f43b0d45003d305be50bb29b39e0120a95559d04922095fe
results/two_paper_benchmark/checkpoints/h3_2015_xgboost_S1_metadata.json,748,1988b165dbee45384a7ab8e7d59a4bc40d02981641d2cc793799ce04f38d5e69
results/two_paper_benchmark/checkpoints/h3_2015_xgboost_S1_predictions.csv,17954,1fa9b366c6c3a78e345d8f648c298213df662741d7c1df9dd7deea820c8474e2
results/two_paper_benchmark/checkpoints/h3_2015_xgboost_S1_tuning.csv,9280,527e2c263aa21e3a6d82bfa83bfbae2b76fc6cd82e4a8cc0cb366259ac322814
results/two_paper_benchmark/checkpoints/h3_2015_xgboost_S2_metadata.json,1144,73a53596bf221b89cd9431bdfd04f1c28a109f2fc857de5663eca8578666ee4b
results/two_paper_benchmark/checkpoints/h3_2015_xgboost_S2_predictions.csv,17960,a421990eb8ae604252907c9749783c87c08ad85210f84176910e385dab10ea21
results/two_paper_benchmark/checkpoints/h3_2015_xgboost_S2_tuning.csv,9279,77d7975308a7ac9f106dfd4792af2fd3304b50bd498944d84e3bf623660491d2
results/two_paper_benchmark/checkpoints/h3_2016_always_negative_S0_predictions.csv,18720,15cb028ef9da400d62a8cb124bb00c3c99b068687425e93a0c8633c8f313d3e1
results/two_paper_benchmark/checkpoints/h3_2016_balanced_rf_S1_metadata.json,683,acf12fb11e49d016fb540557f4c399cd95a6ca38deb73e72396e23840a4a86a7
results/two_paper_benchmark/checkpoints/h3_2016_balanced_rf_S1_predictions.csv,18442,7b7e6972193669276e8e72b7fd5d1c3317440e4fc2194dcebe383a1ec288852e
results/two_paper_benchmark/checkpoints/h3_2016_balanced_rf_S1_tuning.csv,7515,fc6955c65dd8fabe6d64463a731a053f02eb8ab1d2fc6ecd3249cf5fb0d28d8c
results/two_paper_benchmark/checkpoints/h3_2016_balanced_rf_S2_metadata.json,1080,21fa821ad5381702e813366c7087a0254650f37327b5c3e93475b205b037a071
results/two_paper_benchmark/checkpoints/h3_2016_balanced_rf_S2_predictions.csv,18470,63ae958a2ea62875c016b0f484d3420247479ab584842ec6c6bacdf21e57bfb6
results/two_paper_benchmark/checkpoints/h3_2016_balanced_rf_S2_tuning.csv,7516,531f8dbefeedce09dfa7b70745d3d8c05aa50fbb97e410c49d9fd67d1bbcba43
results/two_paper_benchmark/checkpoints/h3_2016_logistic_S1_metadata.json,641,7611cecf853236f9cc10b1e974288723d38a4c0561a2279a013f9210547c3281
results/two_paper_benchmark/checkpoints/h3_2016_logistic_S1_predictions.csv,18183,89abc46cb32473c687e2d8442423b721084579f028049b78c23ba2920e9cd57c
results/two_paper_benchmark/checkpoints/h3_2016_logistic_S1_tuning.csv,5780,d233ad04e4355c521de23425a16a3f8adae8c14831b0b74a8ef2671f9fe45fd7
results/two_paper_benchmark/checkpoints/h3_2016_logistic_S2_metadata.json,1036,696103042c0d1745e6c2e36655f265ae4013f740172a0a939a688e9088ea41f1
results/two_paper_benchmark/checkpoints/h3_2016_logistic_S2_predictions.csv,18176,127152730436c79199a915ca46a78d7379b1ad81abb3da35f4e6216d53f39c77
results/two_paper_benchmark/checkpoints/h3_2016_logistic_S2_tuning.csv,5781,af8f8e155947e85ba4b72efb1b2563ac6575efb9e449c615a3ee2c83e4b16164
results/two_paper_benchmark/checkpoints/h3_2016_s0_logistic_S0_metadata.json,430,d49e45205ae171f1ee91a325b129e2f5a462cf44592c72e297fe5ff973c143fd
results/two_paper_benchmark/checkpoints/h3_2016_s0_logistic_S0_predictions.csv,18409,39a9d25486675ab22dd6ec448ccda03ab238f53c93dbe2426be9009c273151fb
results/two_paper_benchmark/checkpoints/h3_2016_s0_logistic_S0_tuning.csv,5904,3b2b8747aecbd84a5be518c450c0dd15e8fb47a12aebf3403d66ebb025352542
results/two_paper_benchmark/checkpoints/h3_2016_seasonal_probability_S0_predictions.csv,22496,47b21068f715edbfd352a1832dc2c95acd07c4e4221c38c87195c3c8f5cf84fb
results/two_paper_benchmark/checkpoints/h3_2016_temperature_transition_S0_predictions.csv,22802,224732c1d706a5602d1527ff8b275a92a81221b5244e8507d9640ed922f1232b
results/two_paper_benchmark/checkpoints/h3_2016_weighted_rf_S1_metadata.json,691,c792fb19778642530c103a6036cc4624d7a936d26d186fa7e46ea475355c4b3f
results/two_paper_benchmark/checkpoints/h3_2016_weighted_rf_S1_predictions.csv,17988,82254dc87e1466eafdbdc87eac3b28a06800756745f2a0927db445e26d561b77
results/two_paper_benchmark/checkpoints/h3_2016_weighted_rf_S1_tuning.csv,7518,c69f5a36d2608fb4bc84244ca0c8dcd6d18434515a457192e1be609f9322f3fb
results/two_paper_benchmark/checkpoints/h3_2016_weighted_rf_S2_metadata.json,1081,f38c9436d60582115d3c63779ced53d9eee83b3fc78a76b97d5d8f0c05ce3b1b
results/two_paper_benchmark/checkpoints/h3_2016_weighted_rf_S2_predictions.csv,18487,71dbdb8aff1b52c8abf4841c57d7d05c814f82e8da23162da5d26f2244bfe294
results/two_paper_benchmark/checkpoints/h3_2016_weighted_rf_S2_tuning.csv,7526,f0146cf96c0d6819f2d09e6df039c634e82dee8cc2907506f4e3b5f85a8b3963
results/two_paper_benchmark/checkpoints/h3_2016_weighted_svc_S1_metadata.json,642,f68f9c95eddfee23afed9a88e42f63ec60771db8a9aaba93efa11f1ff37a48f8
results/two_paper_benchmark/checkpoints/h3_2016_weighted_svc_S1_predictions.csv,18397,29581a30e6fceec617b95b16d0fd4e7283bb082b77419f7009e73cb7d77397fe
results/two_paper_benchmark/checkpoints/h3_2016_weighted_svc_S1_tuning.csv,6001,deb87afac12c90d91c73f20b62de9afa56d7288c0d0ee1fe0a9b468d04fc2e66
results/two_paper_benchmark/checkpoints/h3_2016_weighted_svc_S2_metadata.json,1034,edd47f11cbf86856c71f78bd2bd9f854b37e5043d09c41b41324ed7a60df19c1
results/two_paper_benchmark/checkpoints/h3_2016_weighted_svc_S2_predictions.csv,18502,13ee216a01d603bd36d176053e2571d7e44d2ddb0711d27e5363efa8b2aa6c14
results/two_paper_benchmark/checkpoints/h3_2016_weighted_svc_S2_tuning.csv,6008,5a2fc09f1206b286d4c265ae79d7d563559b5eb5dd2a37dbc9141cfa8dd92b14
results/two_paper_benchmark/checkpoints/h3_2016_xgboost_S1_metadata.json,748,777feb15954411e4dcac2ed3214e3084141fba038afefc0dc48542c0ce0df789
results/two_paper_benchmark/checkpoints/h3_2016_xgboost_S1_predictions.csv,18033,e661d13f631214d0fd2615387161c02e6b138e0ca60649aea47dfd76843bbc73
results/two_paper_benchmark/checkpoints/h3_2016_xgboost_S1_tuning.csv,9275,26186e44cf87b428f989f715ee77d0dc1eb894bfb84cae0af709429c7f5cec0f
results/two_paper_benchmark/checkpoints/h3_2016_xgboost_S2_metadata.json,1142,de9182b0d40f0798192a17d18f5911fab6bbd5ccb7e482838d3aa9279dac0cc1
results/two_paper_benchmark/checkpoints/h3_2016_xgboost_S2_predictions.csv,18082,5b67eb2d20f5dd49fc4518a1b04e3d31e0da8e54795818579657faaa054dd89c
results/two_paper_benchmark/checkpoints/h3_2016_xgboost_S2_tuning.csv,9277,275fee31dc79f4b32a2633b25b9a7e44835503f77c5534ad6afc6a61df24de57
results/two_paper_benchmark/checkpoints/h3_2017_always_negative_S0_predictions.csv,18684,c106e82743fb7d97f2d82d722f530f73a600d317d8db37dab77f74b87bff3470
results/two_paper_benchmark/checkpoints/h3_2017_balanced_rf_S1_metadata.json,692,f743bfbfde10d528c8d2cbf31b90046f6045bd01fc11e3cc00608bce80e2df56
results/two_paper_benchmark/checkpoints/h3_2017_balanced_rf_S1_predictions.csv,18144,77af97965862a46cbadbef71c8f5dc868d29b3b65e8f07b0f1733f5f7201ecf6
results/two_paper_benchmark/checkpoints/h3_2017_balanced_rf_S1_tuning.csv,7408,e4b1c3add1568cf403191beaa49cedab3300700c5ef694d53f2170ead6f58b36
results/two_paper_benchmark/checkpoints/h3_2017_balanced_rf_S2_metadata.json,1079,09fb45447c94d2702b7e8eb1e7ebe43542cea3378374059b3170488fa6602762
results/two_paper_benchmark/checkpoints/h3_2017_balanced_rf_S2_predictions.csv,18501,3c34a74b238e91d15db94ec0dceac4afa80a9168c8b4b13a85d708928a1dfb8f
results/two_paper_benchmark/checkpoints/h3_2017_balanced_rf_S2_tuning.csv,7404,6b3f1e432dfd3cf39368bc141a92182d3f56c3797efb015acdd15e322f0b7a1d
results/two_paper_benchmark/checkpoints/h3_2017_logistic_S1_metadata.json,642,21d0b72acf161df329f3a83888d379b00ae23da8c35f7b685cf2f77c69e902a4
results/two_paper_benchmark/checkpoints/h3_2017_logistic_S1_predictions.csv,18247,46c77de523107af10640e22cad50bc0af70310c17158cdfc156e46bdf2b95c77
results/two_paper_benchmark/checkpoints/h3_2017_logistic_S1_tuning.csv,5666,5f02b81d8de8f702a5176b180be8d2e68e65fd14496b1ef5199cd1096bf12cb3
results/two_paper_benchmark/checkpoints/h3_2017_logistic_S2_metadata.json,1036,9d92d1f36924e04802d0b71bf00c0b01d1cc9bef86f8b38d7e686f3c789e46f6
results/two_paper_benchmark/checkpoints/h3_2017_logistic_S2_predictions.csv,18224,a9440a13adcee08cb4338954a1155d2b19a3fa049be20b0497e06f57970d367f
results/two_paper_benchmark/checkpoints/h3_2017_logistic_S2_tuning.csv,5666,0b695baa1fbb20c2df37d1757068ea234a436ca5f8f7a6dd56ef0cc053399886
results/two_paper_benchmark/checkpoints/h3_2017_s0_logistic_S0_metadata.json,432,a9f8cc1c59a856241d4991d51533870cb282600581f5361eaffffd06307d6528
results/two_paper_benchmark/checkpoints/h3_2017_s0_logistic_S0_predictions.csv,18363,c8249120d4aea68f45451298c1e0c1be334d0b26f7e25b1929c48daefe50e515
results/two_paper_benchmark/checkpoints/h3_2017_s0_logistic_S0_tuning.csv,5791,be36ff3912d5e119426daf522f6feb3cf5cf8c2e0bd41166adba2e36aefe047b
results/two_paper_benchmark/checkpoints/h3_2017_seasonal_probability_S0_predictions.csv,22336,7e0ee397cad9da5ce5f025e494fe3e8387b91941a6153f60d69968c7c9ad8b66
results/two_paper_benchmark/checkpoints/h3_2017_temperature_transition_S0_predictions.csv,22818,9d74d7f49c3bafeed09b92e6f035c51518aa3d49f1d4c48bed3f0cc4240d1921
results/two_paper_benchmark/checkpoints/h3_2017_weighted_rf_S1_metadata.json,690,f7c46854be3054b28eea16695eea98e61495dfd14f536b01b03e51cb297bfd87
results/two_paper_benchmark/checkpoints/h3_2017_weighted_rf_S1_predictions.csv,17741,5d90c141c9d228f8e4a42498046aedbf03d91e08d50e5f7f5879b7b6b2a908a5
results/two_paper_benchmark/checkpoints/h3_2017_weighted_rf_S1_tuning.csv,7408,89c982a98d3bdfdfd70a2b369b22ada77649e4d5704bae3df25356348d37c8f0
results/two_paper_benchmark/checkpoints/h3_2017_weighted_rf_S2_metadata.json,1083,e74fb0f4bda62712494bf38ca55914f606e7a394d23d420ef8ae59c968da6c47
results/two_paper_benchmark/checkpoints/h3_2017_weighted_rf_S2_predictions.csv,17761,f9517407ec1523d1df78f39105bc4331828fcf1a3e04e30533d8e202c761c95e
results/two_paper_benchmark/checkpoints/h3_2017_weighted_rf_S2_tuning.csv,7420,80a58cb27ff2af6eaf0465a7b2429b6474daafe0b1dce5546db9066f542255af
results/two_paper_benchmark/checkpoints/h3_2017_weighted_svc_S1_metadata.json,639,1643c6eeca330fd01c199177c8077d1eb00dd4273f7eef65db3d43c5913d51fa
results/two_paper_benchmark/checkpoints/h3_2017_weighted_svc_S1_predictions.csv,18539,615c0d01c682c96e5c9ad3c1daa98669121ea5662ac7521ed19966c3dd792704
results/two_paper_benchmark/checkpoints/h3_2017_weighted_svc_S1_tuning.csv,5826,f838f7bad5269605a86c977020c70f90202fa77da4a4c767ffd14f15e34edddb
results/two_paper_benchmark/checkpoints/h3_2017_weighted_svc_S2_metadata.json,1033,bd5346d77c1fba85c8b5b31d10c9d47ce850a1f4950f11be4dc617327522c451
results/two_paper_benchmark/checkpoints/h3_2017_weighted_svc_S2_predictions.csv,18485,075b7be6bed11df4ab30ecd428939b86126cc659c1447066e6b91cfb98e6322d
results/two_paper_benchmark/checkpoints/h3_2017_weighted_svc_S2_tuning.csv,5837,c2cc9036a53a9f813fa18ae537adf795f1c6bd0f8c5669c9b7795c0037c8fab9
results/two_paper_benchmark/checkpoints/h3_2017_xgboost_S1_metadata.json,749,9874ef91976bff27cc5b5c404094a0887f3f160526e5ced4047b6a641147c4f5
results/two_paper_benchmark/checkpoints/h3_2017_xgboost_S1_predictions.csv,18016,bc17bcbbd625a9f0906fabceff07ea479d8b942160b193d8b3463d578491c81e
results/two_paper_benchmark/checkpoints/h3_2017_xgboost_S1_tuning.csv,9160,ba69d480ab144cd75e79ac4ce293b6ff983c29fa430fbea37dab3eb8d56cc455
results/two_paper_benchmark/checkpoints/h3_2017_xgboost_S2_metadata.json,1144,ba9330d270f5c67471c058c919d37ecbe83237a97f5d373ea3fda0a933bf2184
results/two_paper_benchmark/checkpoints/h3_2017_xgboost_S2_predictions.csv,18053,06204a1c2f840c12859be287a44811ac392d1a3dbe5d871bdb6ca48cf3d23a7d
results/two_paper_benchmark/checkpoints/h3_2017_xgboost_S2_tuning.csv,9175,2309a232d3157d935cc5bb01b612afc230b7956b686201fc181029a5daa2f64f
results/two_paper_benchmark/checkpoints/h3_2018_always_negative_S0_predictions.csv,18684,d1344eaaa90021d4de58b2a4d83260e4cde5003c37107c4132a6c776a17bc402
results/two_paper_benchmark/checkpoints/h3_2018_balanced_rf_S1_metadata.json,685,76141d51cae20ad4f7481a6e0bb5e459ff7a46fb8d3b7113a730704a069c2132
results/two_paper_benchmark/checkpoints/h3_2018_balanced_rf_S1_predictions.csv,18156,2a29bbe357fceb14e8c19c62b46b81ccc25f4a6176db342a1acffe5cb2b8bed8
results/two_paper_benchmark/checkpoints/h3_2018_balanced_rf_S1_tuning.csv,7397,f907064182c7aff07145504f117ac6ff568015b1405de2495c58ca1750156711
results/two_paper_benchmark/checkpoints/h3_2018_balanced_rf_S2_metadata.json,1082,8cf281392f55c32355d4415f0c76feff41506794584e52ae86c1f297ed4c7cd0
results/two_paper_benchmark/checkpoints/h3_2018_balanced_rf_S2_predictions.csv,18065,4be69f88a4c9975f6207de12a1180ba77abeba5d694fb1931be04d210b978ed6
results/two_paper_benchmark/checkpoints/h3_2018_balanced_rf_S2_tuning.csv,7396,e28f1fd053baf27e80e2295901cb3e7484f60ca8aeed35293fe6eff5fb3d4ee0
results/two_paper_benchmark/checkpoints/h3_2018_logistic_S1_metadata.json,639,0d36fcbe056158105864ea951c05eab26016892f26f138f62ed422c6179e3597
results/two_paper_benchmark/checkpoints/h3_2018_logistic_S1_predictions.csv,18234,f8f01851bb32773ed43e6c113e4ea444ec1768bbb55019d8f08334546d7db86d
results/two_paper_benchmark/checkpoints/h3_2018_logistic_S1_tuning.csv,5662,9f284fe9e909fc1c39822c2088c653f632fab11ac4a4133a11c4b43339a41777
results/two_paper_benchmark/checkpoints/h3_2018_logistic_S2_metadata.json,1035,eb561c5a8b0b7a76e0229936df46853125e3cdb99a80eb0b95d56a50fc022209
results/two_paper_benchmark/checkpoints/h3_2018_logistic_S2_predictions.csv,18242,b821dbca2b5080bb82b0b91839045a9946bd1387d82bfe7b46cfec0ae9a044e5
results/two_paper_benchmark/checkpoints/h3_2018_logistic_S2_tuning.csv,5677,e3fc45e0f3f89493d6c6d658de6acf746b11e6ededdaf54c72c86b4069e87a37
results/two_paper_benchmark/checkpoints/h3_2018_s0_logistic_S0_metadata.json,430,e9f59e7c086ace3fc933c128fc1f6a922785abc3cd015505d9ba5a4ac04e2657
results/two_paper_benchmark/checkpoints/h3_2018_s0_logistic_S0_predictions.csv,18392,bf618989902edd6b8e9cf18b30a9eb3748b02de4c1b4fc441ec4d5375c2078ba
results/two_paper_benchmark/checkpoints/h3_2018_s0_logistic_S0_tuning.csv,5782,d7a7965976e7e3879fb951cd2e5f1a70d48ad821a41a8c58b46c45a73def3e2a
results/two_paper_benchmark/checkpoints/h3_2018_seasonal_probability_S0_predictions.csv,22460,17f50b412b0f7c334e9b100dc1ca738a5e6fd4195f291b240c771eb8d253c7c9
results/two_paper_benchmark/checkpoints/h3_2018_temperature_transition_S0_predictions.csv,22818,59d4c5f2b7925b575ca4543f413942e79ebca9336f77822092ed26882bdebe24
results/two_paper_benchmark/checkpoints/h3_2018_weighted_rf_S1_metadata.json,688,12fc3e5829d33e78a081d71a939e4520a86a4621d8aec147b7a6cb15bc9740ad
results/two_paper_benchmark/checkpoints/h3_2018_weighted_rf_S1_predictions.csv,18053,b221dc57f9529998aefecbe6994c94163255b9461c66edbeacd1ef1958117c5b
results/two_paper_benchmark/checkpoints/h3_2018_weighted_rf_S1_tuning.csv,7392,9635c09d1af40d42fc19b78715c2d62900bd1f523ac7eee013a1998daba18453
results/two_paper_benchmark/checkpoints/h3_2018_weighted_rf_S2_metadata.json,1079,03cb4ca5007eaa9ff34f9adcbcc5f0019bc6b619f7c8b327761e7f77f6b6ff6b
results/two_paper_benchmark/checkpoints/h3_2018_weighted_rf_S2_predictions.csv,18474,f06a1cb1d727aec1f75c0520515952083902919e9a34532ced5469ee1b977d1e
results/two_paper_benchmark/checkpoints/h3_2018_weighted_rf_S2_tuning.csv,7405,bb6420722f684b694cd6ddaa6547e81ea652dc41ec7ac1cbc961754d5a219db5
results/two_paper_benchmark/checkpoints/h3_2018_weighted_svc_S1_metadata.json,643,e493f960a1f86cb4b1fe1632412858eedc8bb9725258de8f1336d4440f8d2877
results/two_paper_benchmark/checkpoints/h3_2018_weighted_svc_S1_predictions.csv,18560,315d9f20e7c3472031b34054d2887a04d9b7e71eba375a637f095577211dccd6
results/two_paper_benchmark/checkpoints/h3_2018_weighted_svc_S1_tuning.csv,5837,51437f6e5e596ef86fe2b342222bf28ec64b08fcb1c88570ef4badbba5f07f56
results/two_paper_benchmark/checkpoints/h3_2018_weighted_svc_S2_metadata.json,1033,57500fb042eba0ce9799dcf262296d83683788b3875723f797049cbfae2fe49b
results/two_paper_benchmark/checkpoints/h3_2018_weighted_svc_S2_predictions.csv,18436,90ddca99f1eed2db231c23c2f5f2cbc8718fa2a7cab0a3443791ecec1f1acd7f
results/two_paper_benchmark/checkpoints/h3_2018_weighted_svc_S2_tuning.csv,5844,1158085dc9848de5f50d2fafdb577b4b5cc24fb61fced261561db22ebc945afd
results/two_paper_benchmark/checkpoints/h3_2018_xgboost_S1_metadata.json,749,81d4655f609fb3d172d0dfbbdf0ceeb37f8741a62e686f5db04bcde12c326f2c
results/two_paper_benchmark/checkpoints/h3_2018_xgboost_S1_predictions.csv,17971,ff8dc539b29e1f722da7c6377b99340345d07a3729270c24053d0920424e6a6b
results/two_paper_benchmark/checkpoints/h3_2018_xgboost_S1_tuning.csv,9146,ff59ba60665d46facb0c58e645741382eb484df62873b77584b159d743b89dae
results/two_paper_benchmark/checkpoints/h3_2018_xgboost_S2_metadata.json,1144,705976bbde9b9c288e8ea1d490a661d9fe9b9b462701b27f385b5c0d7d053232
results/two_paper_benchmark/checkpoints/h3_2018_xgboost_S2_predictions.csv,18106,07d2ac2f20339a21883967dd4ae78e4d1023ad824d30207d9bdc5e0cc68676ff
results/two_paper_benchmark/checkpoints/h3_2018_xgboost_S2_tuning.csv,9155,aa6a5967cfb5a3bebcc4cadbfebd3e8e5b7c3cfcefa3cf0c0381bd44d1e8b090
results/two_paper_benchmark/checkpoints/h3_2019_always_negative_S0_predictions.csv,18684,03724aeb6e273aab6273ebcafb37b7c542334c5cb3b26af92a60396164b210ed
results/two_paper_benchmark/checkpoints/h3_2019_balanced_rf_S1_metadata.json,692,42f3096b01845b6230d7151e09a00afd071e3dfb71302e7dda1ace36541e1bc4
results/two_paper_benchmark/checkpoints/h3_2019_balanced_rf_S1_predictions.csv,17972,bdda74081b287abcfde5854f7b9ad4e228bd090532764483d1397c7a31b49701
results/two_paper_benchmark/checkpoints/h3_2019_balanced_rf_S1_tuning.csv,7417,d440871aefee2eacb4c7ea739dd97a74761a5f1af45f17d2b5ae0bfd83dc3764
results/two_paper_benchmark/checkpoints/h3_2019_balanced_rf_S2_metadata.json,1080,06b63695d6738f564153972184fb613f06512a8474e3d4be2043a4527753d6f2
results/two_paper_benchmark/checkpoints/h3_2019_balanced_rf_S2_predictions.csv,18377,dbdfe01c053cd505783c464d9cc652c47233758f196101f9c82c1d2fe8cc642f
results/two_paper_benchmark/checkpoints/h3_2019_balanced_rf_S2_tuning.csv,7422,7694caeb0abf92d93193c9c301f5ec2fc0402590f8d3124ee942dcf7e1112b55
results/two_paper_benchmark/checkpoints/h3_2019_logistic_S1_metadata.json,642,2ea305b4e46994bc2941e7bbd752b22ad2668a7ed9e8f71ec8f5308b2c39f21e
results/two_paper_benchmark/checkpoints/h3_2019_logistic_S1_predictions.csv,18149,4bc1d259bcf049068e4df2eda2324ccb1a5c9d5eef76ed861ce35b18553fce9c
results/two_paper_benchmark/checkpoints/h3_2019_logistic_S1_tuning.csv,5661,3696b3e5dd4ce313898287ee99370989e82fed378d53aa34a048c89dcc005a3b
results/two_paper_benchmark/checkpoints/h3_2019_logistic_S2_metadata.json,1036,7c9356ff7b0991302828d396dd71fe181e8406b11a3a1ccfe9fc5f0eaf682f07
results/two_paper_benchmark/checkpoints/h3_2019_logistic_S2_predictions.csv,17939,eadc41ceec8ce239b8197d447fbb5ef024042a2afd320d573641d7facf9d488c
results/two_paper_benchmark/checkpoints/h3_2019_logistic_S2_tuning.csv,5664,c4d986b3edc528d1fdc1dbbcefd4bc8c08334b93ea741fd9b4f2e99e6df3615e
results/two_paper_benchmark/checkpoints/h3_2019_s0_logistic_S0_metadata.json,432,0fcae47166a6dc0af33b3458eb681fec2671a60c136c77e6d5396d538f19397e
results/two_paper_benchmark/checkpoints/h3_2019_s0_logistic_S0_predictions.csv,18360,e269d2d12ad2d9b950ea926b6448e453bfbc0613d745403a494f6821dfe8ee34
results/two_paper_benchmark/checkpoints/h3_2019_s0_logistic_S0_tuning.csv,5793,956e75bed17d345df33becb95b7c8dd3d474bb5553fe178666ba0d0558ec48da
results/two_paper_benchmark/checkpoints/h3_2019_seasonal_probability_S0_predictions.csv,22460,02e8750a75cb3e730fbbf1446d8bdd18c95d8f97b1157e6bce3b57d3ddea503f
results/two_paper_benchmark/checkpoints/h3_2019_temperature_transition_S0_predictions.csv,22648,6b47889b265f34a6b3bb2dace44470c68ffc99e0740ace02f0e03ab983d00260
results/two_paper_benchmark/checkpoints/h3_2019_weighted_rf_S1_metadata.json,688,0bacba5f959e5c6a6b07f92312cac454749fbd8c4b5289753597f69b0ed521f8
results/two_paper_benchmark/checkpoints/h3_2019_weighted_rf_S1_predictions.csv,18115,67e5f1fce30fd928b6ea756770f732d04187d3b3dfd619c86c51b24a706604d6
results/two_paper_benchmark/checkpoints/h3_2019_weighted_rf_S1_tuning.csv,7419,0b740bff5ea2bdc3b7fadabe0ad78fd5b0fa3123b64401c87594b58a2b31f644
results/two_paper_benchmark/checkpoints/h3_2019_weighted_rf_S2_metadata.json,1083,1468772179bcb6f2faf56df42fa841b1bffab7c1249369648f4feab60488b8ca
results/two_paper_benchmark/checkpoints/h3_2019_weighted_rf_S2_predictions.csv,18398,5d6167b574422a926fdf4a62da2bb8c2c11cb26d414109e82005cf00bb86ba21
results/two_paper_benchmark/checkpoints/h3_2019_weighted_rf_S2_tuning.csv,7418,696bbf8494da9a089d501d873dca729466c548c7451465fde1e8cd6c994bd71e
results/two_paper_benchmark/checkpoints/h3_2019_weighted_svc_S1_metadata.json,637,63646291344f7bd8320f4bc6829fa94e57e0050b617ef0e69abeb020005cd66f
results/two_paper_benchmark/checkpoints/h3_2019_weighted_svc_S1_predictions.csv,18447,f659dbc9350cec5d70e34d89887e7fdc02d4f683ac6aea97968d2844ea10c84d
results/two_paper_benchmark/checkpoints/h3_2019_weighted_svc_S1_tuning.csv,5829,199b0d5e465aea2506d2245863dc0de35745de6a256a7c8ab42210e699df50f8
results/two_paper_benchmark/checkpoints/h3_2019_weighted_svc_S2_metadata.json,1034,182437c3034c63665f85d65b7f273d487d81ce00960dba1dfd0f59d03cbffc8d
results/two_paper_benchmark/checkpoints/h3_2019_weighted_svc_S2_predictions.csv,18507,1fa27788694bddac96447d3333c1e09924d1cee204d5ed733bd8c8ea8780245a
results/two_paper_benchmark/checkpoints/h3_2019_weighted_svc_S2_tuning.csv,5847,21296ea18b77eef82f7f2a9996e4c01fcd7187df8301d16bec00dfc6d915590a
results/two_paper_benchmark/checkpoints/h3_2019_xgboost_S1_metadata.json,748,573e0623cf132fd07943412bc576dbeeeae901780725843cc92a6693d26c72b3
results/two_paper_benchmark/checkpoints/h3_2019_xgboost_S1_predictions.csv,18041,03459c228e0450243b4dbe25b047717159370b8327b928fb9ea6a9bd4a660650
results/two_paper_benchmark/checkpoints/h3_2019_xgboost_S1_tuning.csv,9157,9d4475bfaab1513788b2543f288522e20d5d55379ba49adc50416528763dce2b
results/two_paper_benchmark/checkpoints/h3_2019_xgboost_S2_metadata.json,1143,6e19fd3f0d433b9c9e50a629b51bae3483b13fe8373f465022e3c987511d7a79
results/two_paper_benchmark/checkpoints/h3_2019_xgboost_S2_predictions.csv,17980,f9ee605135063a2c6d33cc8380cd1f3ca954fd8883d8955a0b7bc2ad31aa00a7
results/two_paper_benchmark/checkpoints/h3_2019_xgboost_S2_tuning.csv,9161,b29bae4e24d4fad812325f5da9edf589c9114704b1b3ce4f06a48e32c4ad323a
results/two_paper_benchmark/checkpoints/h3_2020_always_negative_S0_predictions.csv,18684,1eeb5c7a2187945c854051c609885af2ae065e87ee9caa2f0a4cd5a5be381c6d
results/two_paper_benchmark/checkpoints/h3_2020_balanced_rf_S1_metadata.json,685,4e064f54d7229a6691d475bd3ef14a4d0963dfb11b088af70c66a0f71f651716
results/two_paper_benchmark/checkpoints/h3_2020_balanced_rf_S1_predictions.csv,18569,f100b7294a9696369431306f868201563b7a62cdfc83420c5ac8750b5452e521
results/two_paper_benchmark/checkpoints/h3_2020_balanced_rf_S1_tuning.csv,7356,3c0183f83099c1806b9b72a18932673a777f149ae0191e1f634ac9920a7bd091
results/two_paper_benchmark/checkpoints/h3_2020_balanced_rf_S2_metadata.json,1082,d89da5a2db74c83592a26c753e2ebac5bd138dfd8de648ca435a238b1526a564
results/two_paper_benchmark/checkpoints/h3_2020_balanced_rf_S2_predictions.csv,18451,dc11eb6a4872ece0ab3b58369fbdb14c7c500ea9b1e54d4fb6149d248c5cc01d
results/two_paper_benchmark/checkpoints/h3_2020_balanced_rf_S2_tuning.csv,7368,d292259d269d086bdf572558c7af601880ca3e16afed29595847fdeb29dddca2
results/two_paper_benchmark/checkpoints/h3_2020_logistic_S1_metadata.json,642,2baae8bbb47990c8554c3b8bd3b1b4fb1648e0141a4a5f980c82e14c432258f8
results/two_paper_benchmark/checkpoints/h3_2020_logistic_S1_predictions.csv,18226,f9fac1a745ba587af308678597a2a882b7cff299300d040cc852960d532c753b
results/two_paper_benchmark/checkpoints/h3_2020_logistic_S1_tuning.csv,5664,97ba2d31c9fa24f3eb30eedcc56571b71c2868875e9b9c0d39ef58afb77cacd0
results/two_paper_benchmark/checkpoints/h3_2020_logistic_S2_metadata.json,1036,327c6036c0f3d41bb84a62469349f7d75709a6e51bbed9a3f007fdfa4d1203d4
results/two_paper_benchmark/checkpoints/h3_2020_logistic_S2_predictions.csv,18196,1962153451d9bc50b15d03747453e6992fd3911d305416bc755eb1bf9f6fb71b
results/two_paper_benchmark/checkpoints/h3_2020_logistic_S2_tuning.csv,5664,6cd552295e7157be504e019c66a41e228237478107b17d98d911df6ffd323f43
results/two_paper_benchmark/checkpoints/h3_2020_s0_logistic_S0_metadata.json,432,87f267e9758a44d0641ae2b2c2472b3f067964ca43a1e7f825bf2d0d1ae945b4
results/two_paper_benchmark/checkpoints/h3_2020_s0_logistic_S0_predictions.csv,18346,8f5ad41195a934ea1e3fa4623344fcf9d0f9a2528dec2b2c1b644f8cb7a4466c
results/two_paper_benchmark/checkpoints/h3_2020_s0_logistic_S0_tuning.csv,5792,fac37b58e69c7c61682648baa3f7deca936e835dac5ee2788d08ec29bb25a8d9
results/two_paper_benchmark/checkpoints/h3_2020_seasonal_probability_S0_predictions.csv,22460,822729a0704df9f50d21dad9ff657e615d9f23b1b06a250a7fc9c257ac25e2c5
results/two_paper_benchmark/checkpoints/h3_2020_temperature_transition_S0_predictions.csv,22816,df10927ed050905fbfc7cf8117f933b19b6e0a65058c4ed1b039d388875723a7
results/two_paper_benchmark/checkpoints/h3_2020_weighted_rf_S1_metadata.json,688,db58eefcb5e5fe113a515e2175f991a26a87569122b4a093a1e902dd12a99008
results/two_paper_benchmark/checkpoints/h3_2020_weighted_rf_S1_predictions.csv,18456,9611dbe82e92535fe1cab5d171e984289e629441122a1910c06fc8edd37837db
results/two_paper_benchmark/checkpoints/h3_2020_weighted_rf_S1_tuning.csv,7364,6442a733dc1d3f82f92f6c8bbd3bcd306ade7f9789d4fea2cc311577bd98b15b
results/two_paper_benchmark/checkpoints/h3_2020_weighted_rf_S2_metadata.json,1084,61dbdcb61dd2073487c8a21bb993004a2a9908d94d503741851dbc0dd050396e
results/two_paper_benchmark/checkpoints/h3_2020_weighted_rf_S2_predictions.csv,18325,f919ba0822562241b964f798f601a783a749950b180db21a9863a5ec6209411b
results/two_paper_benchmark/checkpoints/h3_2020_weighted_rf_S2_tuning.csv,7363,9eae05b9fe08231b2e57f5e93bdf6077172a083d595265585b719ff1ff89666a
results/two_paper_benchmark/checkpoints/h3_2020_weighted_svc_S1_metadata.json,639,2153f1722c6b559ab3d0670949a9541192a30ac7d6c9994f33b88d4501ff1d7a
results/two_paper_benchmark/checkpoints/h3_2020_weighted_svc_S1_predictions.csv,18507,a4b59c2512974cbb3f5bfb0f08f0a92cf6974296ccb6f2a4a53db45c53207650
results/two_paper_benchmark/checkpoints/h3_2020_weighted_svc_S1_tuning.csv,5795,5cf87e0dd4c9911e5a8dbe72bdecafcca2ec80f5a802102fdbb3a1d16405259b
results/two_paper_benchmark/checkpoints/h3_2020_weighted_svc_S2_metadata.json,1033,f299178b93ff958ce6224ff1e5c011f4eb8a8fe55d1ef52297d49ef0ba19e7d6
results/two_paper_benchmark/checkpoints/h3_2020_weighted_svc_S2_predictions.csv,18542,f554a4ac1b6e036d8f38162e01910cff1afa44a7d7a0d574443d7385bed6c2c6
results/two_paper_benchmark/checkpoints/h3_2020_weighted_svc_S2_tuning.csv,5818,9f960d2f8fae5ced40f138bca1a8a0b239605df0e7ff92543d903502167df6df
results/two_paper_benchmark/checkpoints/h3_2020_xgboost_S1_metadata.json,748,1e39644244d157495419893766ce0e814a141e35fb0669fa4b5fb4bfcfb9b939
results/two_paper_benchmark/checkpoints/h3_2020_xgboost_S1_predictions.csv,18023,c51ef5f90aba6c878ea26fe299cb6448f278cc40a0d5a5e362c11118e0eb5d91
results/two_paper_benchmark/checkpoints/h3_2020_xgboost_S1_tuning.csv,9150,4d8f7e60bcbc7f07a258ea13c6f7db492e214a1d8d44d7acd83d2ecb7026ee2f
results/two_paper_benchmark/checkpoints/h3_2020_xgboost_S2_metadata.json,1144,1aec5583f51fa023beda209d26f5eae9ef4a46b17937bae27bcf2807f949ca14
results/two_paper_benchmark/checkpoints/h3_2020_xgboost_S2_predictions.csv,18005,82594ba6db44ba21906b9db18ff8d360534ba9004397270e020e6f7555a90c22
results/two_paper_benchmark/checkpoints/h3_2020_xgboost_S2_tuning.csv,9147,a869d17e8585a3ca566b7941d6a68f372228bd4de647346086fc8e4180ce0875
results/two_paper_benchmark/checkpoints/h3_2021_always_negative_S0_predictions.csv,18756,730eea26381ac5e3587fabbaa6b22602175b423e2316c6d8be9b75998d458f90
results/two_paper_benchmark/checkpoints/h3_2021_balanced_rf_S1_metadata.json,688,fb8e51437a6dfbc47e76ec480a7da63e4c8197995cd6a9b05cdbe70620607c63
results/two_paper_benchmark/checkpoints/h3_2021_balanced_rf_S1_predictions.csv,18153,fa254964ddcf76e1fe5706782bf7bc1f220e9e802669e75c1a68cbab0e2f4d95
results/two_paper_benchmark/checkpoints/h3_2021_balanced_rf_S1_tuning.csv,7542,b4950c32a9403123827b472b8a83ebb1e75daf6eb5774031ac58bb11740a09ed
results/two_paper_benchmark/checkpoints/h3_2021_balanced_rf_S2_metadata.json,1079,32e8ae124451c8c7f2fd564fcc5a7bd5849c15ab41b9d43cbaba7bb2e4399ede
results/two_paper_benchmark/checkpoints/h3_2021_balanced_rf_S2_predictions.csv,18469,f94973c2d71f376621320589f952be2ab2457f78a7d4dd940a943dd4335bad7e
results/two_paper_benchmark/checkpoints/h3_2021_balanced_rf_S2_tuning.csv,7551,cb82fde79924f17207a4076bca4d3d98da1eb4d46b98e2a48594141921bc167c
results/two_paper_benchmark/checkpoints/h3_2021_logistic_S1_metadata.json,642,1ef3f8bed5bd82945b6d016e231a39e59a8e9ea2c003c06971c4b3a0ffc6b171
results/two_paper_benchmark/checkpoints/h3_2021_logistic_S1_predictions.csv,18213,3666a1f87cb90454587d8af239d165f20f5631d27bbf30f0535c8109f1503b7d
results/two_paper_benchmark/checkpoints/h3_2021_logistic_S1_tuning.csv,5785,139db32dd72180cc2e7f01388e17f59c8a150a4bf36e3856e059afc90fedb4b4
results/two_paper_benchmark/checkpoints/h3_2021_logistic_S2_metadata.json,1036,51e739cd07b28a907bd8d2e5278bd6116e7def7f309bc2f6ab9debae1d12d50e
results/two_paper_benchmark/checkpoints/h3_2021_logistic_S2_predictions.csv,18171,0a04270a5669b10210c2c68a2a5a6b7b6110e48bdf9c00edeef962d55c48ef01
results/two_paper_benchmark/checkpoints/h3_2021_logistic_S2_tuning.csv,5786,645e59b99e82b1a2e5eab811cd77ae01877b960090a02d79a1c3874090854873
results/two_paper_benchmark/checkpoints/h3_2021_s0_logistic_S0_metadata.json,431,ef58e892cfc249468ab82c5146a7f2d146e28862fb66e38c956569834751b90f
results/two_paper_benchmark/checkpoints/h3_2021_s0_logistic_S0_predictions.csv,18482,a37eeaf76f1608817ffbfd0b79774fbeb3d7f49b9451a0e9686ebc9f54c16d0f
results/two_paper_benchmark/checkpoints/h3_2021_s0_logistic_S0_tuning.csv,5899,e5729305d9dadc3140be6607888abd958fc1b18d994333ee4dc546b9e7565cb6
results/two_paper_benchmark/checkpoints/h3_2021_seasonal_probability_S0_predictions.csv,22594,e5a058b1bdd7413e4aa47d4e6c5d0f82964af8633880baaf57c7c3b6df6c5f38
results/two_paper_benchmark/checkpoints/h3_2021_temperature_transition_S0_predictions.csv,22804,dd2fe06105ea7e5f819eb3082430a25645ec29dc8140a5708e026e2bf3ff78c4
results/two_paper_benchmark/checkpoints/h3_2021_weighted_rf_S1_metadata.json,689,695be1e8ff3c3793c54b920cc53706612e1ef598e50c33cad50e232a011cd288
results/two_paper_benchmark/checkpoints/h3_2021_weighted_rf_S1_predictions.csv,18564,16510468cfa49a5e160829a70844bfd3cf6e2a44f799c3590cc8cb0a85148f7a
results/two_paper_benchmark/checkpoints/h3_2021_weighted_rf_S1_tuning.csv,7546,a0cb39bf68cefe2a458e2b0e2c9c4cf8f055cdc7df6e3d7745df53bcfbd89f25
results/two_paper_benchmark/checkpoints/h3_2021_weighted_rf_S2_metadata.json,1084,fc794656e536ff1e9aa3d9d924517812d4754a4b808b7424073df17c40d41cfe
results/two_paper_benchmark/checkpoints/h3_2021_weighted_rf_S2_predictions.csv,18461,9c4b92a1081c69877d3f0cc7c65982be4a98868622d2ee497bde2ee7309f14f0
results/two_paper_benchmark/checkpoints/h3_2021_weighted_rf_S2_tuning.csv,7558,2f1b4b3211e764bda5ad8c49f2b3990c85af97dc972fcfc905f98348dfad7c9c
results/two_paper_benchmark/checkpoints/h3_2021_weighted_svc_S1_metadata.json,638,0c0878d091d1ffe19b2347965d4cb271627c3186bfdac08e1d36d59be545b3d6
results/two_paper_benchmark/checkpoints/h3_2021_weighted_svc_S1_predictions.csv,18622,47f1a0f21bb480079f4af8da999f6300826f86694df5839457e4f931f66dac26
results/two_paper_benchmark/checkpoints/h3_2021_weighted_svc_S1_tuning.csv,5944,3094f22b340161e234578bdaba48cde08812e9a0574f643bb2ebfdf1a1a91b79
results/two_paper_benchmark/checkpoints/h3_2021_weighted_svc_S2_metadata.json,1033,190c0be04d2e95cabf53eb9ea39d59e4a3666ebddd9395436c4e44ce1d0acfa3
results/two_paper_benchmark/checkpoints/h3_2021_weighted_svc_S2_predictions.csv,18573,99885d90776c231bb1fc70f9ec97ce0ef83f27759151de90af1a462e978b0022
results/two_paper_benchmark/checkpoints/h3_2021_weighted_svc_S2_tuning.csv,5955,6beeb5613d553262f88c1323ead9170068c2e63a7eaf37bdcaea1b9fe7365d9f
results/two_paper_benchmark/checkpoints/h3_2021_xgboost_S1_metadata.json,748,8f4f8fb619399c083d6bac6f79765daa2238f8d22c2812d93c5f383e399c9f07
results/two_paper_benchmark/checkpoints/h3_2021_xgboost_S1_predictions.csv,18134,43f07c4211e49f8d3cc24c75f664756b9f6901fb73187667e3578546c8bedfff
results/two_paper_benchmark/checkpoints/h3_2021_xgboost_S1_tuning.csv,9271,bde15b8973fad187cfe0e53524c9491c1f34e9ab9ed59398a14883dadcef893f
results/two_paper_benchmark/checkpoints/h3_2021_xgboost_S2_metadata.json,1144,8e7ff605e8bd4143eda391cc55202eb91ec9fc1b33dce18c049e5d1e2d9324f8
results/two_paper_benchmark/checkpoints/h3_2021_xgboost_S2_predictions.csv,17979,575530189c548afdf51c8226ac88de05136f82ec4ea7052d20bec2ef6941cdfe
results/two_paper_benchmark/checkpoints/h3_2021_xgboost_S2_tuning.csv,9283,255f8319f64d07cbfc05d5d09406830431c4e41a9b5a9d8d4bb395dc675e56ae
results/two_paper_benchmark/checkpoints/h3_2022_always_negative_S0_predictions.csv,18684,45fbf52864eef2f54a1b91a96df98fea9162ed30240c30938f45baba27254eb2
results/two_paper_benchmark/checkpoints/h3_2022_balanced_rf_S1_metadata.json,684,e01c6c90aa19520b5808f0c731ede9e638705cad1b8bc9f40638d145ba90da01
results/two_paper_benchmark/checkpoints/h3_2022_balanced_rf_S1_predictions.csv,17967,b8418933fe0f5b78f56faac9b7c2cd6683204a1ed3acd9c35cb0a7dc108f75d1
results/two_paper_benchmark/checkpoints/h3_2022_balanced_rf_S1_tuning.csv,7443,5efadad04133c2d8dbf5985bf51140d3c3eb0e393bc81623cbb9232c4eacc246
results/two_paper_benchmark/checkpoints/h3_2022_balanced_rf_S2_metadata.json,1082,75ca5f70062a69e5f9080ec771353cd0f6c2e340f324a1042493fbd88a62480e
results/two_paper_benchmark/checkpoints/h3_2022_balanced_rf_S2_predictions.csv,18446,4ca514808e33487c2876607a911091a0fde21de13a193a8995c0c056960e9683
results/two_paper_benchmark/checkpoints/h3_2022_balanced_rf_S2_tuning.csv,7439,1fc96931345c2337f931f78fc824ca90f4dfc82ab60f087fe7faa891a12e221f
results/two_paper_benchmark/checkpoints/h3_2022_logistic_S1_metadata.json,642,b54933a87f4300cbdaf3024821693bbae4d6a19bfc4251f62c79848f7ab1a8b8
results/two_paper_benchmark/checkpoints/h3_2022_logistic_S1_predictions.csv,18157,1ab92cc20e4a85651bbf9c6f7fdb008174c7ea3043cd43f08e4ec3b55ef15d0a
results/two_paper_benchmark/checkpoints/h3_2022_logistic_S1_tuning.csv,5669,acce9fa19c57a755a28cff0cf9e95aea4ce176665a4ed1358c49c96d658721f0
results/two_paper_benchmark/checkpoints/h3_2022_logistic_S2_metadata.json,1035,e26bcbf8a124467a732c65788ef4093bbb09d10f5345824ffb288cf0331914be
results/two_paper_benchmark/checkpoints/h3_2022_logistic_S2_predictions.csv,18035,b4501ddac8e7e0e8a40edf9e5c8fed8eb6f3c734a38867c1ac9d56984677a7cf
results/two_paper_benchmark/checkpoints/h3_2022_logistic_S2_tuning.csv,5663,156dbb066e3921d51c7ae3232c4baa0064d65789d2e4108d96c48db96fb74940
results/two_paper_benchmark/checkpoints/h3_2022_s0_logistic_S0_metadata.json,430,d43831c604350f7aeef5687b539d72330a73bd3280aa82ddacce68387c8bed5d
results/two_paper_benchmark/checkpoints/h3_2022_s0_logistic_S0_predictions.csv,18442,b5391324dd2c2def19492b79110888ae710dad8599fc07dbf6f79c6e907b22a2
results/two_paper_benchmark/checkpoints/h3_2022_s0_logistic_S0_tuning.csv,5781,60d402339751ca8730fd007ddec23f3ba778829ba74475c8359a4421cd7f4012
results/two_paper_benchmark/checkpoints/h3_2022_seasonal_probability_S0_predictions.csv,22522,363699dadf1d4e99b73d8a3e62f2c895d01f4d7fa7d34b8398142a8806de1ee9
results/two_paper_benchmark/checkpoints/h3_2022_temperature_transition_S0_predictions.csv,22818,7bd5beb3422624e2a3002ad75dd11fa9ffb2724b64a10a689848796555ad0d0b
results/two_paper_benchmark/checkpoints/h3_2022_weighted_rf_S1_metadata.json,688,a82f32ab928d858e3e828adebbfe77e06e94881b23d1e53dcd12003d4d076b73
results/two_paper_benchmark/checkpoints/h3_2022_weighted_rf_S1_predictions.csv,18023,a6beb39232605613fc491465729ba01e05e7933a617d786ed8389ea46478200e
results/two_paper_benchmark/checkpoints/h3_2022_weighted_rf_S1_tuning.csv,7443,5913f2491611cc86ef1ca51dd366ff7f73d2366a2187e889cf2afaaa500fec36
results/two_paper_benchmark/checkpoints/h3_2022_weighted_rf_S2_metadata.json,1081,802ace1a52ef3d79b119ce7188004d9fa1c925947405caaf5fcbfb7b6a124cea
results/two_paper_benchmark/checkpoints/h3_2022_weighted_rf_S2_predictions.csv,17883,561c11fdcd8711f41a00442be40d35de9c67abf667e6dc289e41a4579860232b
results/two_paper_benchmark/checkpoints/h3_2022_weighted_rf_S2_tuning.csv,7442,cb1ff84ec783087f9775895667ac1b0486f8c2261953a1920720afa2e6b5a3f4
results/two_paper_benchmark/checkpoints/h3_2022_weighted_svc_S1_metadata.json,642,bd3e30141f2a5c9b7b6c9ea6af0ab753cabea1801157372d9410c2506ec9ee2a
results/two_paper_benchmark/checkpoints/h3_2022_weighted_svc_S1_predictions.csv,18553,1b3fea72f5b0b411f277da16c0b203c48091b997dd7e52a8ddd0923fdd876d5a
results/two_paper_benchmark/checkpoints/h3_2022_weighted_svc_S1_tuning.csv,5850,107c2ee82f47863e19e8339c479c134a2ebfa207d3e82268fc4c8381b9b1be95
results/two_paper_benchmark/checkpoints/h3_2022_weighted_svc_S2_metadata.json,1031,96b607b504575d4bc5e22a8349eb384be5a68677d43959bec8fec590058b15a2
results/two_paper_benchmark/checkpoints/h3_2022_weighted_svc_S2_predictions.csv,18559,296909c8c0451239aed843671704e1b3ae39bbb2567cddb07d101887770b1ec0
results/two_paper_benchmark/checkpoints/h3_2022_weighted_svc_S2_tuning.csv,5857,9efa308dae6497968f99242cc98251ff2b4d0ec1f200d36e5682f78d00c9857a
results/two_paper_benchmark/checkpoints/h3_2022_xgboost_S1_metadata.json,749,2b588f3c243dca28f19b3bbd105357a6b9eca22ce15d68ff6574d41c7efaed7f
results/two_paper_benchmark/checkpoints/h3_2022_xgboost_S1_predictions.csv,18047,a384f3a2216a3c57d2cca178c2eaf62b75169c919477755e01bb9152e7227128
results/two_paper_benchmark/checkpoints/h3_2022_xgboost_S1_tuning.csv,9147,3e1f059e2ddcb2aeabd3f3017800f872c4942dd275e4c0e950590a97ebf21087
results/two_paper_benchmark/checkpoints/h3_2022_xgboost_S2_metadata.json,1144,acc0e1ad9f1dfe2433e8f2305c62d054629b5cc04a32a48f2f7b69ae0ce3520f
results/two_paper_benchmark/checkpoints/h3_2022_xgboost_S2_predictions.csv,18063,d75678ddc4165a58b95c42f6ba133043167652307c7eb3c7bf5791b6c1a72817
results/two_paper_benchmark/checkpoints/h3_2022_xgboost_S2_tuning.csv,9147,f9326d0098b41d256d76c8a52340a2cc1fa7fbd20ca0ad3dd929bc37cc4a433a
results/two_paper_benchmark/checkpoints/h3_2023_always_negative_S0_predictions.csv,18948,a02f9929f9a31b6567758792c1b744e0eff2a5c1cdfc5097aab3b2371aa9bde3
results/two_paper_benchmark/checkpoints/h3_2023_balanced_rf_S1_metadata.json,685,3b154ef1e63ce40cb87073d56f6bb3b9fc04f69835bc6606c46f19cc859bb016
results/two_paper_benchmark/checkpoints/h3_2023_balanced_rf_S1_predictions.csv,18342,8932bccc786339fec33e7415b031d297107d2dfe4323a3c05b34848da086eb33
results/two_paper_benchmark/checkpoints/h3_2023_balanced_rf_S1_tuning.csv,7409,0a02981470cff3f0ace920cf3589b411a97b481281ac953bc99a3c7e89ecc6d5
results/two_paper_benchmark/checkpoints/h3_2023_balanced_rf_S2_metadata.json,1080,1d16d1a9bbb705078d54f561de7a0ee34f7cea4179cc4245a0aea205f2365021
results/two_paper_benchmark/checkpoints/h3_2023_balanced_rf_S2_predictions.csv,18713,6c336c28a2e0badc96c43f2748dd48175353cdbe016dd2804cf5348252177658
results/two_paper_benchmark/checkpoints/h3_2023_balanced_rf_S2_tuning.csv,7409,0c5caaaedb01cec58d7ab64f57a59639a586790821f4df81f41656f6a2a0ca80
results/two_paper_benchmark/checkpoints/h3_2023_logistic_S1_metadata.json,641,bad77f3c893c3e6665c61fa9633dbbe91be53b1b33dfeeb7d3a27606a1f3643a
results/two_paper_benchmark/checkpoints/h3_2023_logistic_S1_predictions.csv,18422,d667750f4b50d8dbb703cf1644ab3079c028c69bd089088baf555349032f4521
results/two_paper_benchmark/checkpoints/h3_2023_logistic_S1_tuning.csv,5672,5baa003ef9c0c025b00fe2455da88c1907acbbfe62e51e62950d6a5e758e5d45
results/two_paper_benchmark/checkpoints/h3_2023_logistic_S2_metadata.json,1036,f8630e0474237cd8f0238a45e917b27d869ba93a16c2e4916e1dafb22d384e52
results/two_paper_benchmark/checkpoints/h3_2023_logistic_S2_predictions.csv,18362,1a39421b740f63c9d26e86d68166c4890ab220c7ac60376d3e4a7ada32bcaeda
results/two_paper_benchmark/checkpoints/h3_2023_logistic_S2_tuning.csv,5679,507f3b3b4acda6423f36f89703e132f03d748774b4450a8b618eac4e5fb14ab3
results/two_paper_benchmark/checkpoints/h3_2023_s0_logistic_S0_metadata.json,431,55724f2acfc29a6c52df565a8e2a86adab13c1d201cc34ea7d6515862631b0db
results/two_paper_benchmark/checkpoints/h3_2023_s0_logistic_S0_predictions.csv,18732,d5c121e9c97e70826070580a0074d4ddf2314b31794f9c43531540c92df8008d
results/two_paper_benchmark/checkpoints/h3_2023_s0_logistic_S0_tuning.csv,5806,61a3ee0ee6ffdc9dd4c98f98a171e82dc67ae0c16f70f61396e266906552ae52
results/two_paper_benchmark/checkpoints/h3_2023_seasonal_probability_S0_predictions.csv,22724,6f6f682a61f24f028caeedcced0bb539e0e0639497280e540dcdcd95e8fb31c3
results/two_paper_benchmark/checkpoints/h3_2023_temperature_transition_S0_predictions.csv,22958,b4ba201a5e234d749e1d56e383b4a998c8cc53eac5448578b871f2164eb4777d
results/two_paper_benchmark/checkpoints/h3_2023_weighted_rf_S1_metadata.json,692,12235b324f67b9b6d2ca3505d94ef1955d24e8a595fcc83fe8b4046101dc7c3d
results/two_paper_benchmark/checkpoints/h3_2023_weighted_rf_S1_predictions.csv,18305,f7a74d29dbb3bde434894f33c9af84fc8c0f8963e9fe3e6493d8e2e92b1ca0d5
results/two_paper_benchmark/checkpoints/h3_2023_weighted_rf_S1_tuning.csv,7404,28a54c3f92de27f16b174d85cc02e152cee8c9e1b7b47ca730c5851c1c6083b3
results/two_paper_benchmark/checkpoints/h3_2023_weighted_rf_S2_metadata.json,1084,ed7b5a7b8035a7d03dcf984f0693d77dbe923f033d53e29c9cc475bc6c4797c8
results/two_paper_benchmark/checkpoints/h3_2023_weighted_rf_S2_predictions.csv,18732,700edb74941f0afeb44efa22287364d3d6188f58576488e100ca54559437e37f
results/two_paper_benchmark/checkpoints/h3_2023_weighted_rf_S2_tuning.csv,7408,4d661c40e24070cf34ce481c6746688b6cec21b17ff689feebb336ca63e6d215
results/two_paper_benchmark/checkpoints/h3_2023_weighted_svc_S1_metadata.json,639,e3b9b5cee0466f7510058a298169e8ec171c2c5ecac66d819c3d57a86ca82a8c
results/two_paper_benchmark/checkpoints/h3_2023_weighted_svc_S1_predictions.csv,18854,a42f48881009ef7b48c35ef20bc8ca21c82c2d189e7611afd78f4419cc4a958b
results/two_paper_benchmark/checkpoints/h3_2023_weighted_svc_S1_tuning.csv,5838,75430aea33c2efdc8b5b4f97313ccf384274f598d35efb47b162586d0bd5f05a
results/two_paper_benchmark/checkpoints/h3_2023_weighted_svc_S2_metadata.json,1036,03cdc5b23a192329ff5e82db92c200edce9365013821ee5cef2e74e92e89c425
results/two_paper_benchmark/checkpoints/h3_2023_weighted_svc_S2_predictions.csv,18835,7e89132b1db0311e998a041de79a38431b2274a32c68a6704ed48d4c691e9ad7
results/two_paper_benchmark/checkpoints/h3_2023_weighted_svc_S2_tuning.csv,5857,bb6c9fad68fd5acc95c04556fd665df3780bfe83c26a0ac6de6e7a1269f067d1
results/two_paper_benchmark/checkpoints/h3_2023_xgboost_S1_metadata.json,750,64dae9369a219290af51efe26d685b05cba2dc16cceda34544c824c2298d6a96
results/two_paper_benchmark/checkpoints/h3_2023_xgboost_S1_predictions.csv,18492,258a8aeb0dd687b737b32085887130f6e8cb9ec90c9a94d0e4d91d5824646273
results/two_paper_benchmark/checkpoints/h3_2023_xgboost_S1_tuning.csv,9157,c1fd8bc9fb98a512dd326c525a81a6046bb457d942695675cde251b46902dc98
results/two_paper_benchmark/checkpoints/h3_2023_xgboost_S2_metadata.json,1143,06a8a0c4a2225ebfb7e479d6a242059ec1332dfc37d555d61e8d160dc779467a
results/two_paper_benchmark/checkpoints/h3_2023_xgboost_S2_predictions.csv,18332,86ab1751cecd86eb84af08ec6608d6a008a8b95271144fb18b60328a104b89b7
results/two_paper_benchmark/checkpoints/h3_2023_xgboost_S2_tuning.csv,9155,991d9f01e7ac0a7e1f4a9e48ba441c90ebff27351c4c7bf53cfa9c0fd5d5569c
results/two_paper_benchmark/checkpoints/h3_2024_always_negative_S0_predictions.csv,18876,cbe1df45ad9bfcd2256bf98c50916942fe40ce35d21d8dc6f467b46ddfda7b56
results/two_paper_benchmark/checkpoints/h3_2024_balanced_rf_S1_metadata.json,684,b81842a275f9b02cbb1f53ea10e4b6b6e76ad4b1151655dfd119f37f7e8ab252
results/two_paper_benchmark/checkpoints/h3_2024_balanced_rf_S1_predictions.csv,18470,844bc3b3ebb5e9cef41415e56ad3301da45b545a7b168cb73fd762f573d9d1ca
results/two_paper_benchmark/checkpoints/h3_2024_balanced_rf_S1_tuning.csv,7388,fe582040484fcbed6ba1f9e5e7590d4646745f9ed7154184b8b00c6f05122618
results/two_paper_benchmark/checkpoints/h3_2024_balanced_rf_S2_metadata.json,1081,29ee07aad415dd73f68d0c9e4705a94f594b86908bacee90e93b8e29f18d7157
results/two_paper_benchmark/checkpoints/h3_2024_balanced_rf_S2_predictions.csv,18555,2b883f67b2b37501a293114fe27a5e47f587ba5bf1ca94b70bf14807ee29b0a7
results/two_paper_benchmark/checkpoints/h3_2024_balanced_rf_S2_tuning.csv,7397,a40e2ef3b32965ce8e1fb899b228708ed8364a0d24e83370e089be3118630569
results/two_paper_benchmark/checkpoints/h3_2024_logistic_S1_metadata.json,641,bab1bba479cfa70cd47b0218a06771a9bf6d5f0feb7b105b5b91bc22b72732a5
results/two_paper_benchmark/checkpoints/h3_2024_logistic_S1_predictions.csv,18253,9d087b14ca6997013142ed5e350c761bf4b349c49a3b7d462b92340952cce391
results/two_paper_benchmark/checkpoints/h3_2024_logistic_S1_tuning.csv,5664,140e80ececa0070882213aae4c2daa4da15caa4b6973d44f3f1f2cb700dacb2d
results/two_paper_benchmark/checkpoints/h3_2024_logistic_S2_metadata.json,1035,dbf5f65d8832d2fccba88c486e76ff5c63e0108d566d599a055f31aa38f14d98
results/two_paper_benchmark/checkpoints/h3_2024_logistic_S2_predictions.csv,18221,a3507e0f4b58c064153b6246f140153d813e9974fe395a33fcbe0a447e4964c0
results/two_paper_benchmark/checkpoints/h3_2024_logistic_S2_tuning.csv,5665,771bf5b32436ea2f79ba732fc92055fbaad7d555aecf056c95f2fdd8cc9bd24b
results/two_paper_benchmark/checkpoints/h3_2024_s0_logistic_S0_metadata.json,429,3534b91b34279662fff648c6f9443f04e617e40cb4d1acd761733bc4002d7256
results/two_paper_benchmark/checkpoints/h3_2024_s0_logistic_S0_predictions.csv,18530,2e5714825823589fc50d02061b5a057c3a1f61ec4de8459a410cc048cec767c7
results/two_paper_benchmark/checkpoints/h3_2024_s0_logistic_S0_tuning.csv,5777,cad261b6a4ac20f8f460972bd4565d43f61d3f7c1a2a95a0c36935ecb3ad2013
results/two_paper_benchmark/checkpoints/h3_2024_seasonal_probability_S0_predictions.csv,22596,385b5dcdf654a0c9c4df61ea225942768232a2dcf588f8e0cd5545f27386a33c
results/two_paper_benchmark/checkpoints/h3_2024_temperature_transition_S0_predictions.csv,22810,f7fcd69e82e016c8ec66e9b2e8f2dbfbdacdf68015bb717c073b6fd56644ffd4
results/two_paper_benchmark/checkpoints/h3_2024_weighted_rf_S1_metadata.json,687,941eaf19f877de8c8a7640d1ad3af15cd7e424d1c9e9c96bb5f8a841bebd4d1e
results/two_paper_benchmark/checkpoints/h3_2024_weighted_rf_S1_predictions.csv,18324,301b720c7439152f634d75429868435e5d13053834f1ebf6aa60ec32f2193bb9
results/two_paper_benchmark/checkpoints/h3_2024_weighted_rf_S1_tuning.csv,7382,16b69937aaee2d0ed2b0c10d63f2e4ff92579035eedce1dbe69a5ebf2bc72321
results/two_paper_benchmark/checkpoints/h3_2024_weighted_rf_S2_metadata.json,1081,a977ff749acead1e230ba0d624038fd9a76c5c27d3137becd640a4d06075bc15
results/two_paper_benchmark/checkpoints/h3_2024_weighted_rf_S2_predictions.csv,18467,8767f7d50854d716f4bec29f1aba0dc5858012ef807c51aa510c530f2d421abb
results/two_paper_benchmark/checkpoints/h3_2024_weighted_rf_S2_tuning.csv,7406,1270beec44aff9c6c08da3dd8cfbc29b90b5d35f5238e1d4ad91d328532a7aba
results/two_paper_benchmark/checkpoints/h3_2024_weighted_svc_S1_metadata.json,638,0419d3fe228085028abac53595876e9b1718c7a9902af6ff22281d3265c1f683
results/two_paper_benchmark/checkpoints/h3_2024_weighted_svc_S1_predictions.csv,18663,da4de16a30d9b5703546ddbd7bdcd7e8b3abe36da246b1f02dded45b8eb443c4
results/two_paper_benchmark/checkpoints/h3_2024_weighted_svc_S1_tuning.csv,5821,91b3c06779f393fa533213afde070d6af65125cebb13d946d0b661f56d0d5217
results/two_paper_benchmark/checkpoints/h3_2024_weighted_svc_S2_metadata.json,1035,e2b67391954430ac0644c868f714e988afddaeb2a2b195e353fce6e520c9b2e4
results/two_paper_benchmark/checkpoints/h3_2024_weighted_svc_S2_predictions.csv,18616,7a37b9efb0431fdae6acc1644b19ef9fc5901268f94764086b6453d2b1d0bc5a
results/two_paper_benchmark/checkpoints/h3_2024_weighted_svc_S2_tuning.csv,5840,7a319ce49fcd809600036f209b7eca36ce148e97b6849b0273c6f6c36f9c8533
results/two_paper_benchmark/checkpoints/h3_2024_xgboost_S1_metadata.json,749,4528f2b7b4397013458746569172282dd9f6e9428b2890d820ecab2c23827a39
results/two_paper_benchmark/checkpoints/h3_2024_xgboost_S1_predictions.csv,18065,9c97981548e88ec56723d40b4aacf0623a1c7961f2a93b279735c8cf45c64398
results/two_paper_benchmark/checkpoints/h3_2024_xgboost_S1_tuning.csv,9139,2c280bf7433468cd904557a5d0219dff2a31c57ccd3495ffa3db56aaa6d0e3d0
results/two_paper_benchmark/checkpoints/h3_2024_xgboost_S2_metadata.json,1142,c5602dd8da84b6af9a2edb17d46b21d05197f4eabf4cf3910c4fb47e23f4a07c
results/two_paper_benchmark/checkpoints/h3_2024_xgboost_S2_predictions.csv,18080,6fc4c589651107ab84f51a4df2965e5f23b25e4e9f9c998b6cb07baf73f72f1c
results/two_paper_benchmark/checkpoints/h3_2024_xgboost_S2_tuning.csv,9158,a19631bbe1dff1bd8216d32ba14c03d41857f51c9bef37620732f6892e3a9215
results/two_paper_benchmark/checkpoints/h7_2014_always_negative_S0_predictions.csv,18792,cdf82e469553eba3e4a1b88d0147ab571913683a555a0c3c7a862a7a21d24a0e
results/two_paper_benchmark/checkpoints/h7_2014_balanced_rf_S1_metadata.json,689,00f152bbe08f932f3b8c6d426079872d617e9955d7ddd901da98e604adcec530
results/two_paper_benchmark/checkpoints/h7_2014_balanced_rf_S1_predictions.csv,18474,b5069caa90d6641a4b2dc53193e26065b43d71139d3f7a77a72b68ca2fe1a50a
results/two_paper_benchmark/checkpoints/h7_2014_balanced_rf_S1_tuning.csv,7517,ac6cea9cd62a018d302971e13e894dee4169f6f25bbaa369429b8278c54dfe0c
results/two_paper_benchmark/checkpoints/h7_2014_balanced_rf_S2_metadata.json,1083,27ace5037c5c6ea4b99580539eb5420e7684b311d11cdaf3343bd3a69aeeb231
results/two_paper_benchmark/checkpoints/h7_2014_balanced_rf_S2_predictions.csv,18469,4a145bab9f4136444ce0702927d34ff34992438495a2fff32210082703d71550
results/two_paper_benchmark/checkpoints/h7_2014_balanced_rf_S2_tuning.csv,7529,56c3f7fa46ccfea2935715b6e833c94c253eb0b25a3b7431da2eafad4b6263ea
results/two_paper_benchmark/checkpoints/h7_2014_logistic_S1_metadata.json,643,f11d2a71821c7955b528b953371054a4baadd695c3f9a04e022f813331fdcd2e
results/two_paper_benchmark/checkpoints/h7_2014_logistic_S1_predictions.csv,18166,5dd506e700c870ce4de8b2f87864272150609f593e9001e4cac91b95d337f7da
results/two_paper_benchmark/checkpoints/h7_2014_logistic_S1_tuning.csv,5796,ad4317ba443cb53cd414b166c89d193409745a412a8ac9a199a5e3456f373791
results/two_paper_benchmark/checkpoints/h7_2014_logistic_S2_metadata.json,1036,38765956124ad1b1c3a95b7891ce8fd48cf00d2166bbef9646826435ec49452b
results/two_paper_benchmark/checkpoints/h7_2014_logistic_S2_predictions.csv,18271,5c64755dd4b577b0b45a62b617308f83105f88d90d5928e13a33da3022c2b410
results/two_paper_benchmark/checkpoints/h7_2014_logistic_S2_tuning.csv,5791,2d7dca8502d274dd974eeb1875ed8dce17202ab096378568a58ba822bd635e71
results/two_paper_benchmark/checkpoints/h7_2014_s0_logistic_S0_metadata.json,430,bf81ec264c214292c27de5266fded3c4b0b0556a32b340ec5998ffbe4eaabb1b
results/two_paper_benchmark/checkpoints/h7_2014_s0_logistic_S0_predictions.csv,18534,d6f59c67d01ef9a0900920bf044f8099f9fdfcff4b215f62fa5f397f478d3264
results/two_paper_benchmark/checkpoints/h7_2014_s0_logistic_S0_tuning.csv,5904,9d099e101820143493f1e07344b47ed9c763d269ad04eec12443c4196cf46997
results/two_paper_benchmark/checkpoints/h7_2014_seasonal_probability_S0_predictions.csv,22568,33d77b0645ee3c7f1116507b33f769b350ffc27c48eaccdd52649024eab7328b
results/two_paper_benchmark/checkpoints/h7_2014_temperature_transition_S0_predictions.csv,22680,e33f2a10a14629fbf70d2e5772121a59aefe582548aee5b4133e3ad51f0d3823
results/two_paper_benchmark/checkpoints/h7_2014_weighted_rf_S1_metadata.json,689,82f1b7de04cc7cafdca34fca6b8227ecf0c13cfdb0e859a51f1649a234df46d5
results/two_paper_benchmark/checkpoints/h7_2014_weighted_rf_S1_predictions.csv,18494,0766b31e211d06e32c6a9ee54fe7e8adae1da1416ce854e7c227bae464212b5c
results/two_paper_benchmark/checkpoints/h7_2014_weighted_rf_S1_tuning.csv,7520,542f428561c1149a2b562fcfca0bade90924d41b41ab57daaf1493b6b2fde6ed
results/two_paper_benchmark/checkpoints/h7_2014_weighted_rf_S2_metadata.json,1081,97aaf508835209215f155ce2cf01a53962c4c23041d263197abd4bf12e229ec2
results/two_paper_benchmark/checkpoints/h7_2014_weighted_rf_S2_predictions.csv,18408,864d06e206e0f7174418c22fdc21bfa9e14a42eba78740bd098a2a674c66527f
results/two_paper_benchmark/checkpoints/h7_2014_weighted_rf_S2_tuning.csv,7528,a8dc04a2e34e304601e2adbf97f2ad2b56b5fa54ad15537952b72e0edbfbb9e2
results/two_paper_benchmark/checkpoints/h7_2014_weighted_svc_S1_metadata.json,640,4d447cdc916875a6c073608be29568c1b24e20cf70418212ba7f3643c29dfd21
results/two_paper_benchmark/checkpoints/h7_2014_weighted_svc_S1_predictions.csv,18601,7543d420a07279f52736ed8f6a0a55daed2a2cb444611ac0a7f9f668183066d0
results/two_paper_benchmark/checkpoints/h7_2014_weighted_svc_S1_tuning.csv,5917,dd24fa304299048357b8e21e01052f7d3b8a564ca6cf696d7980a30eb8e6aa8d
results/two_paper_benchmark/checkpoints/h7_2014_weighted_svc_S2_metadata.json,1033,44b55965813623ffae197c1fcf8ae70b2ed5905e9e792cfafcd1859e3450806b
results/two_paper_benchmark/checkpoints/h7_2014_weighted_svc_S2_predictions.csv,18606,73ab45d6208611e4f9d42a46021b053b91ba0b8ee834a9bbe66c99bd015ba329
results/two_paper_benchmark/checkpoints/h7_2014_weighted_svc_S2_tuning.csv,5932,743b13752867e46ad1ce6655d26f0acc90f9b951e4e22181117268201973b73c
results/two_paper_benchmark/checkpoints/h7_2014_xgboost_S1_metadata.json,749,d59ab1dfd76debd93878a8ba486d704ff8dbe2a4bf71c2b9b0fb337bae776471
results/two_paper_benchmark/checkpoints/h7_2014_xgboost_S1_predictions.csv,18209,3dba915f857bbf9c32dd99c22e6029839b385679f1527c96b6380da45e30ceea
results/two_paper_benchmark/checkpoints/h7_2014_xgboost_S1_tuning.csv,9272,df94adb5f3690977cbc568308744a48d19559561edf950d6c8482695a4111485
results/two_paper_benchmark/checkpoints/h7_2014_xgboost_S2_metadata.json,1143,9157e9468566d463cd6d4dac436ad49d8b3a789f3e0e3f721cdae4931695ac5a
results/two_paper_benchmark/checkpoints/h7_2014_xgboost_S2_predictions.csv,18026,8a45a60b0967b61d2586ed8121c60172c4da5268d3878514d59e8eeb1842d7f4
results/two_paper_benchmark/checkpoints/h7_2014_xgboost_S2_tuning.csv,9285,5210ba8423bbec04df27323e618b51e9757f701378bb82be65a83052f6951f56
results/two_paper_benchmark/checkpoints/h7_2015_always_negative_S0_predictions.csv,18684,f6a6fe5e96d58d3c287360d2c39576c557057abb03722f16fde3aaf10cd82c5b
results/two_paper_benchmark/checkpoints/h7_2015_balanced_rf_S1_metadata.json,685,6e71fbb97c85e8b51cdf65c71e7550bd9dab87f250952e1cfa3531574133f61c
results/two_paper_benchmark/checkpoints/h7_2015_balanced_rf_S1_predictions.csv,18395,c19fcd01b47c5aaa614d368bb46ea5c7296c1693baccec1852945601555e9918
results/two_paper_benchmark/checkpoints/h7_2015_balanced_rf_S1_tuning.csv,7539,c12b7f1263a0be397a375ef3fbfa82f665892776bd8022db1701676c7d603613
results/two_paper_benchmark/checkpoints/h7_2015_balanced_rf_S2_metadata.json,1085,a491e39bb8fee9b7a74151fcc6e04e90a1d08aa7819c2aec62386533ba4a456f
results/two_paper_benchmark/checkpoints/h7_2015_balanced_rf_S2_predictions.csv,18014,2907baaeccb1377f46dedb93d95f0b6e84d1390f88064a3eca888c7e6760ef3f
results/two_paper_benchmark/checkpoints/h7_2015_balanced_rf_S2_tuning.csv,7549,ca3d511922e458315f0a144d28166787491b866da9eabad37abda08adab0ba51
results/two_paper_benchmark/checkpoints/h7_2015_logistic_S1_metadata.json,642,ee460064f0dcd23be0f007ed19dd0d20b95be744a82b7143809acc5eaaae999b
results/two_paper_benchmark/checkpoints/h7_2015_logistic_S1_predictions.csv,18099,ba2cce4468a854cbc36ce8e1ae287ee7ac3bf152a11a1ab8824eba955b6da9b9
results/two_paper_benchmark/checkpoints/h7_2015_logistic_S1_tuning.csv,5790,4050fd801ed7a3977fb8cbc477c34b46fd1c4c8c99e61066b2ed3ae31a4f5d2e
results/two_paper_benchmark/checkpoints/h7_2015_logistic_S2_metadata.json,1035,f8fd01319a31452bc2b4149ee548ccd4562bde2cbd57ffc68252b16fb369c619
results/two_paper_benchmark/checkpoints/h7_2015_logistic_S2_predictions.csv,18060,0e803d556f8109eb60f4cfd7f0e30595fc8038af2c805329459150d35229684d
results/two_paper_benchmark/checkpoints/h7_2015_logistic_S2_tuning.csv,5797,5eb9e6c933b2a705839ed2f7a886e767e719c1e33c9b30a87a6aff9a7d6dde09
results/two_paper_benchmark/checkpoints/h7_2015_s0_logistic_S0_metadata.json,431,6186b653248d4aa3e780ae651dd4ddead3d71ad14a6841c09725da81bf53bd5d
results/two_paper_benchmark/checkpoints/h7_2015_s0_logistic_S0_predictions.csv,18244,fa09e6883a4c7b1b0991e27d33b3f7fde16fba3275ec90d69aedb6aa2326b0d6
results/two_paper_benchmark/checkpoints/h7_2015_s0_logistic_S0_tuning.csv,5906,1f6e988ecc21d770eca818c3704b84508d8334815349783debab5ac46781737b
results/two_paper_benchmark/checkpoints/h7_2015_seasonal_probability_S0_predictions.csv,22460,5b549da5cc14e7cc5d175e1d63a9093c155e0678386ec0eff27acbac56380307
results/two_paper_benchmark/checkpoints/h7_2015_temperature_transition_S0_predictions.csv,22756,fa56dd3cf55b24ccec82e8fc76b7945cba4c01a1b834d8c49f7541cd1ffc6246
results/two_paper_benchmark/checkpoints/h7_2015_weighted_rf_S1_metadata.json,687,3ef8cd001a129cda3a8c7243f551ad43e73bea1f238516f99334165804331ebf
results/two_paper_benchmark/checkpoints/h7_2015_weighted_rf_S1_predictions.csv,18426,2fe3eec62955e76e5682447f91762f8993dc989bf1aab0930cb1befe1e9486c1
results/two_paper_benchmark/checkpoints/h7_2015_weighted_rf_S1_tuning.csv,7541,be6754afddef3845812b347d6ad0523d599f4efd95485d1409e01115330d9ff8
results/two_paper_benchmark/checkpoints/h7_2015_weighted_rf_S2_metadata.json,1080,b29e6d5ac5809cbc639ba494cbda009cb6fd51a7b3076318ad7468543b59e550
results/two_paper_benchmark/checkpoints/h7_2015_weighted_rf_S2_predictions.csv,18319,f68f11a2727d1d30d202c645e139fbbd879f8666025c107be74118ecfc192e7d
results/two_paper_benchmark/checkpoints/h7_2015_weighted_rf_S2_tuning.csv,7551,138a45c6ab8934d7422ad0a56a2b9336374299fa2d4925aea4a04890ddc4bc49
results/two_paper_benchmark/checkpoints/h7_2015_weighted_svc_S1_metadata.json,642,e4e59b258b666176899ea9fb04a908b3c10b365421ea672afba2505823478a91
results/two_paper_benchmark/checkpoints/h7_2015_weighted_svc_S1_predictions.csv,18461,2dbead2f2cb1a44c3bc7299e3327e6b34c3a70a31066466745f55fbb38d3e381
results/two_paper_benchmark/checkpoints/h7_2015_weighted_svc_S1_tuning.csv,5929,ea890c5e469db411ed4d94fa48942cf74bc1e4c37c7ac45f4d010c46f9b567d6
results/two_paper_benchmark/checkpoints/h7_2015_weighted_svc_S2_metadata.json,1034,5297527ab75decf30c156baa341014035dddd26e73019caaffe3cdcc6c4e6891
results/two_paper_benchmark/checkpoints/h7_2015_weighted_svc_S2_predictions.csv,18526,507780405ede43ec1298998d3fd9d457008b49fa85c3b3f7ff7f9334459dbd44
results/two_paper_benchmark/checkpoints/h7_2015_weighted_svc_S2_tuning.csv,5942,468610c78251930559183d6c56462c8041e4a5f0db16f447993b5424642d38b4
results/two_paper_benchmark/checkpoints/h7_2015_xgboost_S1_metadata.json,746,6b268fb484e3d5b4780473f1836e39bf9af29df3fa68810481db64937f993698
results/two_paper_benchmark/checkpoints/h7_2015_xgboost_S1_predictions.csv,17906,4ea841d5060fe7192cc9f14a4a050ae9f7fe9b09170daaff34676a8ea680ebee
results/two_paper_benchmark/checkpoints/h7_2015_xgboost_S1_tuning.csv,9269,ec9116432e0996ff0a70b0943017101f4b572db0a09bf40b2b90db782b52d60d
results/two_paper_benchmark/checkpoints/h7_2015_xgboost_S2_metadata.json,1142,fe156e8296e42345ea384aa66b352c522406842a575e1e2709ab33cd865d0f52
results/two_paper_benchmark/checkpoints/h7_2015_xgboost_S2_predictions.csv,17784,67025a6160b10ca00ba499cf9b823183a487e8fb3057d3088387042a6d57470d
results/two_paper_benchmark/checkpoints/h7_2015_xgboost_S2_tuning.csv,9278,e1c766c14bfed292ec206ce0d820c1702141286d0a727d362624d89fafc1d0ce
results/two_paper_benchmark/checkpoints/h7_2016_always_negative_S0_predictions.csv,18720,3b39ffd9d0b149d42a1172fbd766f54e235e31dbaca7209d707e66181fa4825c
results/two_paper_benchmark/checkpoints/h7_2016_balanced_rf_S1_metadata.json,688,4919ac41753f74b86a88a3dd70ccf0466d4a722a06fc3469a3894521561d0da0
results/two_paper_benchmark/checkpoints/h7_2016_balanced_rf_S1_predictions.csv,18447,3ecf45666fe981fc47cbba0fe61940df7843ed6cc26413313ce8c271e2de260c
results/two_paper_benchmark/checkpoints/h7_2016_balanced_rf_S1_tuning.csv,7522,394a98fada138b24092015a8fb177559158bc241c173db83c5b65bcfd3fa9466
results/two_paper_benchmark/checkpoints/h7_2016_balanced_rf_S2_metadata.json,1083,cd2aeab5046c9095ed990a8a2755cee081f3e7775c5ffd53486d072be00b78d2
results/two_paper_benchmark/checkpoints/h7_2016_balanced_rf_S2_predictions.csv,18430,fb53d3e4f68c70478c45aa778ded5ffccee00215b0fa21c843a96df3cfdfb81d
results/two_paper_benchmark/checkpoints/h7_2016_balanced_rf_S2_tuning.csv,7534,d2b85cb2d8bd97c589002474ce9be3dd65d6235a8e67a4a98098913960356ce4
results/two_paper_benchmark/checkpoints/h7_2016_logistic_S1_metadata.json,643,b19925ae2fcb26afead242ffe87b1f7fa62ccf57312a4c6f27a31b387252be06
results/two_paper_benchmark/checkpoints/h7_2016_logistic_S1_predictions.csv,18139,aa010f0137fa3c4ba32523c49b123d0dc3ed29dbd5ffbfcbfce22ae89e3bdc5e
results/two_paper_benchmark/checkpoints/h7_2016_logistic_S1_tuning.csv,5793,5bb9d3c6ada2b41d33bdba641bc5d353feb668aaf65a763969edab8e5630609d
results/two_paper_benchmark/checkpoints/h7_2016_logistic_S2_metadata.json,1036,451c5b5cae288cc4b9fd56af77955885509e8545cce73b687bd3229836e53ef5
results/two_paper_benchmark/checkpoints/h7_2016_logistic_S2_predictions.csv,18065,b1f1ff5db95893cabbd24452505e751d67448306022a1051a3e14936c0533954
results/two_paper_benchmark/checkpoints/h7_2016_logistic_S2_tuning.csv,5799,c400807f361a7026e2771dcb7203c8b666e4c44b16d49c166a09215fd5775645
results/two_paper_benchmark/checkpoints/h7_2016_s0_logistic_S0_metadata.json,430,d49e45205ae171f1ee91a325b129e2f5a462cf44592c72e297fe5ff973c143fd
results/two_paper_benchmark/checkpoints/h7_2016_s0_logistic_S0_predictions.csv,18409,4ebb28a5dc287458609c7b3a163dae30593b41f1ca3c18e10b5eaa0ca65bbb67
results/two_paper_benchmark/checkpoints/h7_2016_s0_logistic_S0_tuning.csv,5907,0ead372e74c3a1db4b1a5b2a878dd5450a9370495f6c6198a30d8c253ab4414e
results/two_paper_benchmark/checkpoints/h7_2016_seasonal_probability_S0_predictions.csv,22496,c701a552afd2250f1a0b3031c152736e04c250df5b7c428365386a052437bc16
results/two_paper_benchmark/checkpoints/h7_2016_temperature_transition_S0_predictions.csv,22674,c7b2d78ba6ddd114306c6d7be7af0bc6197e073fb4af4e1c4a7cb10cae11385f
results/two_paper_benchmark/checkpoints/h7_2016_weighted_rf_S1_metadata.json,688,3f9e4ff5feb719d17836195a6a4f37015c45d615ec2ceb49fa06bc0c4435f8a4
results/two_paper_benchmark/checkpoints/h7_2016_weighted_rf_S1_predictions.csv,18439,dc25c5590f37ae9261311bbcf24f1621a15c03655a1efe81a742d5ad590dd38c
results/two_paper_benchmark/checkpoints/h7_2016_weighted_rf_S1_tuning.csv,7528,b7d49fe9e0443c7ced5f64d941382b30726e495210b97978bdeb07b382a6063e
results/two_paper_benchmark/checkpoints/h7_2016_weighted_rf_S2_metadata.json,1081,76bfd81932691abead65fa5c04adf2d55011417cfb22f8643f7ab3940dddd4d0
results/two_paper_benchmark/checkpoints/h7_2016_weighted_rf_S2_predictions.csv,18424,6186f13b5f466875bf8e899faa50bf7c66057e959268595c8ee2c76cef048be1
results/two_paper_benchmark/checkpoints/h7_2016_weighted_rf_S2_tuning.csv,7535,7c2a0a5fe19a1d8aa96e8c056767a32692818a93eebc73909e65195c22690021
results/two_paper_benchmark/checkpoints/h7_2016_weighted_svc_S1_metadata.json,639,2d171c52b14132705eb84019997a3a6a25c575d44b796a42343881e40c2aa158
results/two_paper_benchmark/checkpoints/h7_2016_weighted_svc_S1_predictions.csv,18506,d838c909e0b2088e25f2a7197dfdbc00a534a7a67aa09147275459977605023e
results/two_paper_benchmark/checkpoints/h7_2016_weighted_svc_S1_tuning.csv,5918,73bf29576165ef0d234d3c0f9882c40f7bfe91fb6993682a0ccaa0d3237cb3ee
results/two_paper_benchmark/checkpoints/h7_2016_weighted_svc_S2_metadata.json,1033,2ddebbffa63dd14e36d7497d513eb4999df00c326db51fb5e1a991dd48aff7b9
results/two_paper_benchmark/checkpoints/h7_2016_weighted_svc_S2_predictions.csv,18531,7e4aa5bae3c54798e2aabc45312f51eb5a7a3f6ad586042ae52242320c9febe9
results/two_paper_benchmark/checkpoints/h7_2016_weighted_svc_S2_tuning.csv,5930,bbc38ca10c82a02030a81f01db3848115169e12d8c6c585ab3f68ecfc38e9c55
results/two_paper_benchmark/checkpoints/h7_2016_xgboost_S1_metadata.json,747,93318b7c1ccdc75c14fb15b61531bd82ce0e5727a3408ae94aa02580e6f2e3fa
results/two_paper_benchmark/checkpoints/h7_2016_xgboost_S1_predictions.csv,17923,769cf2f11eecf2232c0d0516ed1cc893f8903281c0b5e6de84f6ba0d18e309df
results/two_paper_benchmark/checkpoints/h7_2016_xgboost_S1_tuning.csv,9276,d6c1fa7c5441e3393e8099d38d5f8a768115ff0cf791ae3da532a3bf6e750fec
results/two_paper_benchmark/checkpoints/h7_2016_xgboost_S2_metadata.json,1143,646ffd5de085b0da9a030d885af99fd66a89bc9ae51bc73f8b680ae1f8c6f6fc
results/two_paper_benchmark/checkpoints/h7_2016_xgboost_S2_predictions.csv,17854,9c9eac729a4b0e9cba678e2fcd51ab583cc8241d631966ebf7521edd63968bdc
results/two_paper_benchmark/checkpoints/h7_2016_xgboost_S2_tuning.csv,9287,681125b17e4f0e0b241a1a5a02d9bba30a00eeffaab7e941b7298b939348381f
results/two_paper_benchmark/checkpoints/h7_2017_always_negative_S0_predictions.csv,18684,c0c7e1e229aa1dcd359c3decef1aca2498c49e5cee40a1a73abd491c453967a6
results/two_paper_benchmark/checkpoints/h7_2017_balanced_rf_S1_metadata.json,685,3a96899ddca89f9fba7193c5b5429e87d4d2d6ebda6e48ae6dbd0e2afe8ad1f8
results/two_paper_benchmark/checkpoints/h7_2017_balanced_rf_S1_predictions.csv,18484,5a762767963ad37cd071dad060f6df79314bdc66b796053c86932642385cecca
results/two_paper_benchmark/checkpoints/h7_2017_balanced_rf_S1_tuning.csv,7389,88500d0d9f89d237171f5b46fd43831cd052b0f54d6d3ac38cd6ca06e25ba2b8
results/two_paper_benchmark/checkpoints/h7_2017_balanced_rf_S2_metadata.json,1079,39da79e2b79c6e972d73b26433672ef7f1f30e799ebd764abcf37771dcedc1e4
results/two_paper_benchmark/checkpoints/h7_2017_balanced_rf_S2_predictions.csv,18445,15437bbe3596507d86020f705b75d8788b4737e4eaddf798fb985911ff40519b
results/two_paper_benchmark/checkpoints/h7_2017_balanced_rf_S2_tuning.csv,7404,dad99d11b3e0008c6ec778b8e3147a5b0dff93efa5670561f5ddfdd67959a3a2
results/two_paper_benchmark/checkpoints/h7_2017_logistic_S1_metadata.json,642,4cc215036e452adffa61165b9a1d1695b1f950d74abd026db2af368068237c58
results/two_paper_benchmark/checkpoints/h7_2017_logistic_S1_predictions.csv,18100,b239d26d7adcd04960dd838604f61d6515620204bef23b0d99de85bf38955ed6
results/two_paper_benchmark/checkpoints/h7_2017_logistic_S1_tuning.csv,5675,4c881d953b3b4d4c88a0fbbe04d18cc851e99e5c60b6c367c6bacb163df4f7dd
results/two_paper_benchmark/checkpoints/h7_2017_logistic_S2_metadata.json,1036,2f61b70d025023c855c452661344ac0871ec9bfd5cd77e39bd6595ae8329fd5e
results/two_paper_benchmark/checkpoints/h7_2017_logistic_S2_predictions.csv,18074,28e8bf748c6bc8bb52d03561bf83c4ebf98dc47dd9c23d5bbbb990a770322129
results/two_paper_benchmark/checkpoints/h7_2017_logistic_S2_tuning.csv,5675,263a4d29723c13029f1b627d8d29b67a74fca939cb66964bd59a46cef7d9fb07
results/two_paper_benchmark/checkpoints/h7_2017_s0_logistic_S0_metadata.json,431,3185484a2cf679b9ed2bec38418b8c4c1dd439a18a4cd2f32614eae05639a32c
results/two_paper_benchmark/checkpoints/h7_2017_s0_logistic_S0_predictions.csv,18356,27019b4546afc7afd8e1f4bd405d1acae854f8735437ecc95860095a9a7dff0f
results/two_paper_benchmark/checkpoints/h7_2017_s0_logistic_S0_tuning.csv,5794,5e3b0f099f4813aa23908b8a8c967d11f80430eefdf2494f2d5a47752ccee9f1
results/two_paper_benchmark/checkpoints/h7_2017_seasonal_probability_S0_predictions.csv,22336,ff7687886ba16195f2545eb6ddecd84eaf72de7c7c3aaf6aa8c0e7316da86624
results/two_paper_benchmark/checkpoints/h7_2017_temperature_transition_S0_predictions.csv,22636,927fa6f1aad4721aa9fdefe7c05a90115ec5e3e394c4806cbd221cd989b70b59
results/two_paper_benchmark/checkpoints/h7_2017_weighted_rf_S1_metadata.json,688,3941e9534be17d1ea17b30881220f6e7eb6778d6379608d88224d3b9af382238
results/two_paper_benchmark/checkpoints/h7_2017_weighted_rf_S1_predictions.csv,18520,88188e178cfbeccd9846a6db4e750e792300ba741c0ea78d6fb5654b13b4611c
results/two_paper_benchmark/checkpoints/h7_2017_weighted_rf_S1_tuning.csv,7392,856b51572e9d809fdc1f290eae1479a0f6bdf56c8e15d2e54c2a24a5455649e4
results/two_paper_benchmark/checkpoints/h7_2017_weighted_rf_S2_metadata.json,1080,639acac3d8af43a22d8f40b9516c58430fe58cad4d7e51df90d119eda2f39d29
results/two_paper_benchmark/checkpoints/h7_2017_weighted_rf_S2_predictions.csv,18528,24d845fca39e0607847adc372066f8f5fd592d0dd66edda1749b599aa122945f
results/two_paper_benchmark/checkpoints/h7_2017_weighted_rf_S2_tuning.csv,7408,f627f757deec2fa1f16fba7a5062884058b907ba762f9bfaf207afa908885d79
results/two_paper_benchmark/checkpoints/h7_2017_weighted_svc_S1_metadata.json,639,1a76894c74028f4a40bb1c40470827b8394c916298ca91dfdde1fabfc6ba23b9
results/two_paper_benchmark/checkpoints/h7_2017_weighted_svc_S1_predictions.csv,18533,660b6ebcadcc6f79b3f4acbbcc307f83c9b9ed2323b0ce8ef036db048e09589b
results/two_paper_benchmark/checkpoints/h7_2017_weighted_svc_S1_tuning.csv,5816,0dadb67e87ddd27ff0824d8becfc8d50392cf27dc5006b5e9c84fa7b76399f2b
results/two_paper_benchmark/checkpoints/h7_2017_weighted_svc_S2_metadata.json,1034,e62e60ce0308fdcdad7f38997c7b47d09b135f53a2e1a73d2551c1d743ee3855
results/two_paper_benchmark/checkpoints/h7_2017_weighted_svc_S2_predictions.csv,18466,96168bc8cfea5474627bf4900de18ef76ed4a4158e38d64f50dd3f3912840225
results/two_paper_benchmark/checkpoints/h7_2017_weighted_svc_S2_tuning.csv,5823,fdcdefd86526eb6e3b1319e08b5d40dbec09ebb3493c4d63b19648608dc16765
results/two_paper_benchmark/checkpoints/h7_2017_xgboost_S1_metadata.json,749,0f792a3f25c4c6d9168fc0ba656b0b75198eba906f2abbc2014078d406075531
results/two_paper_benchmark/checkpoints/h7_2017_xgboost_S1_predictions.csv,18102,1e678cb0250fe67574358f7de16b8da39e1a88cd40f2e5a0502dd09b54cb69fb
results/two_paper_benchmark/checkpoints/h7_2017_xgboost_S1_tuning.csv,9145,b6fdcc88c8f5b520610bac8adc4b287d7d46f5d7074dd2c01cb48398a1da9eb0
results/two_paper_benchmark/checkpoints/h7_2017_xgboost_S2_metadata.json,1142,fc1d192b6fa830c6ef7be09810355a3c12cb72ef611ab68b886b77578fffb108
results/two_paper_benchmark/checkpoints/h7_2017_xgboost_S2_predictions.csv,17936,84fa8b5aee18977f0733eab6b47fbdca8482c4fc2ea327286ce225f5526c58c2
results/two_paper_benchmark/checkpoints/h7_2017_xgboost_S2_tuning.csv,9167,a4bd74874683dbae4e07237424804a37dd6fd0f796a81f92d2b52c1a3c6a70be
results/two_paper_benchmark/checkpoints/h7_2018_always_negative_S0_predictions.csv,18684,09b0443cf73edf7f96ff831eb1cb24aff78f8399b43c99b870d630875c0c2425
results/two_paper_benchmark/checkpoints/h7_2018_balanced_rf_S1_metadata.json,685,96b4c314f8c5572f65215189a15d705dc75605d4bffbcfc5467656900b681748
results/two_paper_benchmark/checkpoints/h7_2018_balanced_rf_S1_predictions.csv,17993,7295a5142831c7a4d46a14abf855f75b3eac275ae1334f48b77f9e600f224e1d
results/two_paper_benchmark/checkpoints/h7_2018_balanced_rf_S1_tuning.csv,7366,bbc433497224fede3c307ec86937809e6c7e71af4fb5e6ae6fe66773b37406e9
results/two_paper_benchmark/checkpoints/h7_2018_balanced_rf_S2_metadata.json,1079,9449078ad9079f9a61e416019f20a0deb59809ded7007a3987bb69fd043f5d2a
results/two_paper_benchmark/checkpoints/h7_2018_balanced_rf_S2_predictions.csv,18441,ab0bb5430fbf0c469726b70b30d17bc4feefb1039b11d25988b78c66fe6ed3ca
results/two_paper_benchmark/checkpoints/h7_2018_balanced_rf_S2_tuning.csv,7383,6da84b5d38e73205aa0700d392ff3d8b354c2387b32e4c59f5c549f8332e1f9f
results/two_paper_benchmark/checkpoints/h7_2018_logistic_S1_metadata.json,643,0339692be316f1ebc77b01aefb4b9d9ba647c6571facac2fcbfbd58d7d309ea2
results/two_paper_benchmark/checkpoints/h7_2018_logistic_S1_predictions.csv,18062,3e51104b9e9885843f48bca84aa5b307767cdad507adabe04fd07c2bc7f18328
results/two_paper_benchmark/checkpoints/h7_2018_logistic_S1_tuning.csv,5677,57982cc4ca7c1cbc41d102e1bb5d6f26767cfd1f6e877a83233f8ae27646abfe
results/two_paper_benchmark/checkpoints/h7_2018_logistic_S2_metadata.json,1037,dbcd5df77581daba66e0e8de5c7493edac74732e46c1865b72abba0042b2b002
results/two_paper_benchmark/checkpoints/h7_2018_logistic_S2_predictions.csv,18065,883db549565b8bd6fc3e3a2176973f7a00144e3b19297dd4889c9e5e72e1df8b
results/two_paper_benchmark/checkpoints/h7_2018_logistic_S2_tuning.csv,5674,208d035ccddf8b8fed8ebe1c2520e3b32a7bdefedae8243d07b194c4eb2e8bda
results/two_paper_benchmark/checkpoints/h7_2018_s0_logistic_S0_metadata.json,431,db813cfef77b70ba22cc0c645ab037f3a5cac9863b1673843c185b52f2fed1cb
results/two_paper_benchmark/checkpoints/h7_2018_s0_logistic_S0_predictions.csv,18387,75dbfe862e5392ade4c65e4836c4cae12b79a5339f449391650d815a90e1f870
results/two_paper_benchmark/checkpoints/h7_2018_s0_logistic_S0_tuning.csv,5788,c5a819786758b5a3968f21a2166379c123db2a9d5e1a6da387c1088d8e3a90e8
results/two_paper_benchmark/checkpoints/h7_2018_seasonal_probability_S0_predictions.csv,22460,a96711b55db4d898121a31706525e4e6cb9fcff3580681f3ffe7334013ee8a70
results/two_paper_benchmark/checkpoints/h7_2018_temperature_transition_S0_predictions.csv,22756,c3e4cc9a5325825ef4035309f9b27f4e41a012364a341aa9f0c4e87c490d8431
results/two_paper_benchmark/checkpoints/h7_2018_weighted_rf_S1_metadata.json,687,2f1f89e07410597e74ed7638e5c212b9d6f07a16199bd3f8064bce08c94930a0
results/two_paper_benchmark/checkpoints/h7_2018_weighted_rf_S1_predictions.csv,18400,a9b801fa297cdbdd0767d79cc46a365a87431e45d654aabe9dd9bc841160e1a9
results/two_paper_benchmark/checkpoints/h7_2018_weighted_rf_S1_tuning.csv,7361,cb90c8b9fb8c67b643dafa5ff2b96c3c3758521fc10a4fa2029f2c2ee0849d0f
results/two_paper_benchmark/checkpoints/h7_2018_weighted_rf_S2_metadata.json,1078,6725f5d88c6372e0b93d8ffa9e81891fca6cc53701a6b05fb793202c6b7ca535
results/two_paper_benchmark/checkpoints/h7_2018_weighted_rf_S2_predictions.csv,17618,2852f74baf2e5ef9f871622767ffe380c101ee89371d4742fb6550c5c050228a
results/two_paper_benchmark/checkpoints/h7_2018_weighted_rf_S2_tuning.csv,7381,f1364721db391e7e91e71d0cb96aab88534e2f91c7f0efea9097a7ed2f14078e
results/two_paper_benchmark/checkpoints/h7_2018_weighted_svc_S1_metadata.json,643,2ea85d655a44e8f84f72e82bb476f8b5ea587c25a5a1dfbbd7d70a44cfdeaf6d
results/two_paper_benchmark/checkpoints/h7_2018_weighted_svc_S1_predictions.csv,18410,d52dec44cc0467878467cf6b0672047972cc00ebecaf1a9f45a9d65991c86e9e
results/two_paper_benchmark/checkpoints/h7_2018_weighted_svc_S1_tuning.csv,5855,d327e2dfe143225397e9dd5c4e0326bd87aa1b393b44b731a7e28c0b19f0d7e9
results/two_paper_benchmark/checkpoints/h7_2018_weighted_svc_S2_metadata.json,1035,311d6161fe7765960016da13987a300cbe2dd780b3bfb697c98279e18855292c
results/two_paper_benchmark/checkpoints/h7_2018_weighted_svc_S2_predictions.csv,18437,135dcc5bd2b162fffd69951a53b602e043f2f0c9d65ae6838bd65144104493d6
results/two_paper_benchmark/checkpoints/h7_2018_weighted_svc_S2_tuning.csv,5870,a901e4c3096390d4aad659eb3eabfb2ce76cf4b6f964fcb28312198ef96bffaf
results/two_paper_benchmark/checkpoints/h7_2018_xgboost_S1_metadata.json,747,7c38f572412d377e70f478efccb19472c462ce2a8141571330fcd9f6033fbc7d
results/two_paper_benchmark/checkpoints/h7_2018_xgboost_S1_predictions.csv,17932,6d5216426f3a40e9fc81d2b8a6d72572f80642fbcce942b84d702c7c8cdc7029
results/two_paper_benchmark/checkpoints/h7_2018_xgboost_S1_tuning.csv,9158,9fbe2237ee19a2d43d1937b5d6d51b1ac6e8a028803db2b9820e3b4d7433307f
results/two_paper_benchmark/checkpoints/h7_2018_xgboost_S2_metadata.json,1144,6cd9fcdd108e19c32a9303844be4ed259da3737d0efce042820e38072d0f07fe
results/two_paper_benchmark/checkpoints/h7_2018_xgboost_S2_predictions.csv,17796,b34fe476bfbe60f12e6a517ae1126d8d77586ad04e3fe2e23afe483cbef56660
results/two_paper_benchmark/checkpoints/h7_2018_xgboost_S2_tuning.csv,9172,0e593ddaedc54753f0f36eb072cb22e9aef221577a22aa3cb84535ae26c4dcd3
results/two_paper_benchmark/checkpoints/h7_2019_always_negative_S0_predictions.csv,18684,2b254392b769a2d5b9981cc4db0fe90ab1623138d0167d0efdb0be56765c3e67
results/two_paper_benchmark/checkpoints/h7_2019_balanced_rf_S1_metadata.json,692,667d080fb69aba4739daee22f42f4ef139f59a8f2da7944b5ef5bc8f210c6445
results/two_paper_benchmark/checkpoints/h7_2019_balanced_rf_S1_predictions.csv,18299,c233fde603ec6aa623e286b2b595768fe485c4acfcf8344cc193eade8b3adddb
results/two_paper_benchmark/checkpoints/h7_2019_balanced_rf_S1_tuning.csv,7367,30a1dc56996a72bae8acabb2675b69266226083eed6cfc09ee3449600ff6f6c1
results/two_paper_benchmark/checkpoints/h7_2019_balanced_rf_S2_metadata.json,1080,7061f2d0f4dac93a90654fce419225821190b8a59fbc638ce313afcf6575c321
results/two_paper_benchmark/checkpoints/h7_2019_balanced_rf_S2_predictions.csv,18373,4a4cd1cebaf39e8534893e14fab04f88e00ee21ccb384a9410e415d49178a935
results/two_paper_benchmark/checkpoints/h7_2019_balanced_rf_S2_tuning.csv,7384,1f21ca4ce72515192b69b1980b0c264a08c4ee39108cc7c35f13e72b0cc04e43
results/two_paper_benchmark/checkpoints/h7_2019_logistic_S1_metadata.json,642,7ea9c7866454df8ee2457f6ebc85386c36bd30cf5277490125ca11469ce014f0
results/two_paper_benchmark/checkpoints/h7_2019_logistic_S1_predictions.csv,17924,c8e9ff5273bcb6a32b829f6504886f981bf7c1b4e83c3901992c79d53b8a1ca0
results/two_paper_benchmark/checkpoints/h7_2019_logistic_S1_tuning.csv,5676,ea59966380a94709ff6372169b86a0847c6c81c89cbd2588c2ce44da473c2ff4
results/two_paper_benchmark/checkpoints/h7_2019_logistic_S2_metadata.json,1036,0cc84ef3415fb2184021a1b81a702c0a7bdd1e2e208545ab5ceeaec864a82b06
results/two_paper_benchmark/checkpoints/h7_2019_logistic_S2_predictions.csv,18086,af105162af0d8b87bcfedda1d5fef5e54f7dbf189673ec9209f3e4fa718bbbdc
results/two_paper_benchmark/checkpoints/h7_2019_logistic_S2_tuning.csv,5690,dbe9b6b0a2df4772baae003b1e19b0707677b7e97f90a17ee1176a6ee5f4a529
results/two_paper_benchmark/checkpoints/h7_2019_s0_logistic_S0_metadata.json,432,9b4c36d85d5f2289f1acfd88f3c65e3b127eaa7ee1e207cf9c091c9647ffc12b
results/two_paper_benchmark/checkpoints/h7_2019_s0_logistic_S0_predictions.csv,18363,96b68d92de8cbf1bb79d72bc7d22613953720738c63d52435b6ede9d7b8749cf
results/two_paper_benchmark/checkpoints/h7_2019_s0_logistic_S0_tuning.csv,5794,6e16f763b45a92e45c51af101942e43a05a95fad28ad474db2db6429de9d3ac0
results/two_paper_benchmark/checkpoints/h7_2019_seasonal_probability_S0_predictions.csv,22460,18a2da74cec2533f5657af50e741b529e187cc227d89d74bf4d3e7105c0b421e
results/two_paper_benchmark/checkpoints/h7_2019_temperature_transition_S0_predictions.csv,22708,e44baf42076deb7cdb73d2b63eeda50218b9d326860017388f176f59543377bc
results/two_paper_benchmark/checkpoints/h7_2019_weighted_rf_S1_metadata.json,691,14a28c85f49b490703f4dce0af250e28b5ece0e38c3361f00580a1bcc2476ed3
results/two_paper_benchmark/checkpoints/h7_2019_weighted_rf_S1_predictions.csv,17701,8ba5f0498c403858ee711d9f91e6862a9bb115ebfdb189438c59b770a97bc3cf
results/two_paper_benchmark/checkpoints/h7_2019_weighted_rf_S1_tuning.csv,7371,fafef5bcbc483863f936e138906d0b0d116405831f881df25b51336ce3fd4701
results/two_paper_benchmark/checkpoints/h7_2019_weighted_rf_S2_metadata.json,1083,42605e952ae4d7dad2dd5a698887c7445870fce09648137bcb424719b25bd24b
results/two_paper_benchmark/checkpoints/h7_2019_weighted_rf_S2_predictions.csv,18452,2a2cc097e5baa3d82800e51db9303debd5a39a1f813d96e16d1a8603ec9eeb5d
results/two_paper_benchmark/checkpoints/h7_2019_weighted_rf_S2_tuning.csv,7395,575ae1bfedd6cf25b18821a438f6bfc6f5e1416c4b1c843553994e52e7948999
results/two_paper_benchmark/checkpoints/h7_2019_weighted_svc_S1_metadata.json,641,9d5d69d71f1c3ff0dbde13e94d246c506a8d7601c9f7eeb2d1ecd0bff862751d
results/two_paper_benchmark/checkpoints/h7_2019_weighted_svc_S1_predictions.csv,18485,ffedf341c6b00ab23efaa1b4de268201f5d31dd4dfa00c71f911d1e7b82da5df
results/two_paper_benchmark/checkpoints/h7_2019_weighted_svc_S1_tuning.csv,5827,0b19ae85440c0c6908bf3c57f7a2f126c80a237645da1dabe68b7c9fdb04f55b
results/two_paper_benchmark/checkpoints/h7_2019_weighted_svc_S2_metadata.json,1038,b69d26d8baee94690cddfa6f708ec3903166fe054c3b0a0dcc835d4c7940c5b1
results/two_paper_benchmark/checkpoints/h7_2019_weighted_svc_S2_predictions.csv,18423,3cd6a9492509127f6875ea78ddf9227b63d3dac2c553410f8eda23674a8391a8
results/two_paper_benchmark/checkpoints/h7_2019_weighted_svc_S2_tuning.csv,5859,d782f2fce2ab02e11977673d83b70073ec4bb2dbb50534e70ea3df7d67e5ce21
results/two_paper_benchmark/checkpoints/h7_2019_xgboost_S1_metadata.json,749,12d39ce3b7a9b002a99a6aaa41d57908f4f84f89b1af5d453d98b21ca44e2d05
results/two_paper_benchmark/checkpoints/h7_2019_xgboost_S1_predictions.csv,17925,bfc87abc96ca5a71acabcfed43b0572a3d2dfe5926b83c0648df0114066baa77
results/two_paper_benchmark/checkpoints/h7_2019_xgboost_S1_tuning.csv,9152,39dc531f07d59fd31cbdcbdd8ec8481b5b3d1e135d6218a2387a6b5c17dc82ee
results/two_paper_benchmark/checkpoints/h7_2019_xgboost_S2_metadata.json,1144,c0141a058aec5b2d688875f1c01a0d2975d54538323088ed4bb15c41300afee0
results/two_paper_benchmark/checkpoints/h7_2019_xgboost_S2_predictions.csv,17860,fcf3ffe0589140ce8365a462adb17b459790dc2d0a89956d689f9fc1861d7c8b
results/two_paper_benchmark/checkpoints/h7_2019_xgboost_S2_tuning.csv,9176,a7d7d96f938ebaba4bf7c3976a8d7a0bb950e9b1a36eb0605e516a1411652493
results/two_paper_benchmark/checkpoints/h7_2020_always_negative_S0_predictions.csv,18684,29d46864873470ea4e6c6a968e49ad5d2bb6709019dbb29ce1c12d1c0b4e9e14
results/two_paper_benchmark/checkpoints/h7_2020_balanced_rf_S1_metadata.json,685,1e5b88dbd242ad9670c320a641464612b6e6eeb04800803a34d5aa1f147663da
results/two_paper_benchmark/checkpoints/h7_2020_balanced_rf_S1_predictions.csv,18375,b3b6424f952b277c2bfdfd985da6e833526abb413024295057d63a7180c7e671
results/two_paper_benchmark/checkpoints/h7_2020_balanced_rf_S1_tuning.csv,7384,e74edc3e1eecaef5e4ca28e493155a5f5ed25aefc80761284078d54e8a47c181
results/two_paper_benchmark/checkpoints/h7_2020_balanced_rf_S2_metadata.json,1080,f15ceefd8fa5e827773f4995a2975f17e47feaafe238cadb6e0ea0e627b24362
results/two_paper_benchmark/checkpoints/h7_2020_balanced_rf_S2_predictions.csv,18440,2df240c4de54367ba86967b12dfdf4cf8e75669ab4a6248fe8b0262394f5d0d9
results/two_paper_benchmark/checkpoints/h7_2020_balanced_rf_S2_tuning.csv,7399,0d2e9b7b38bd2fa6bfd8abaaf3dd3fe41a3b813e65a6272a67e69be3c46ee0e8
results/two_paper_benchmark/checkpoints/h7_2020_logistic_S1_metadata.json,641,770d750da72ac5b1c08e7c06bf958094252f29a346f238ff01c6c7cb2731a170
results/two_paper_benchmark/checkpoints/h7_2020_logistic_S1_predictions.csv,18136,8f3420f726dc03abe5c38a13f5b773d46c15afe69c6c3b78e1148eb20cb68aeb
results/two_paper_benchmark/checkpoints/h7_2020_logistic_S1_tuning.csv,5679,c03560698579992ab50ba1ef0d5742b5cbee20752c3363a4df6a33141f2404c5
results/two_paper_benchmark/checkpoints/h7_2020_logistic_S2_metadata.json,1035,b6452f32d1c125ee138df4d2bc174a58d1eb43d518119fe67f4f7cbf8cf3e04b
results/two_paper_benchmark/checkpoints/h7_2020_logistic_S2_predictions.csv,18108,73c257a7d9b1c214699b3c17aaa1eefac007b213b4df2d8d09a91f4cc8d1a7d3
results/two_paper_benchmark/checkpoints/h7_2020_logistic_S2_tuning.csv,5686,5a2e57b5cfd138ffd4b1e39366ee7613d7ad85630cc37094140babfd63e89601
results/two_paper_benchmark/checkpoints/h7_2020_s0_logistic_S0_metadata.json,430,2e64f94e58e665ce22d3297051aff479e777dd8478e5c52c56388f9703dbfb9d
results/two_paper_benchmark/checkpoints/h7_2020_s0_logistic_S0_predictions.csv,18359,56f152ae9402b2f969a20cb99b4d4d444ea0655b38927bbbfc363d56a592619f
results/two_paper_benchmark/checkpoints/h7_2020_s0_logistic_S0_tuning.csv,5784,87af901f3dd4f146562fab6200bb663fcfc132762e4797f475834f6eed0b6ce5
results/two_paper_benchmark/checkpoints/h7_2020_seasonal_probability_S0_predictions.csv,22460,07623b8a1ca91dde11480764216f80e172d8201affd4019fb5ce32f4158c3780
results/two_paper_benchmark/checkpoints/h7_2020_temperature_transition_S0_predictions.csv,22698,a3dc65e2d6c245a3c29e9d072870bdfd5c1807ccd0d20a4648ff9221b428bafe
results/two_paper_benchmark/checkpoints/h7_2020_weighted_rf_S1_metadata.json,687,86a2cabfa04687f631b0eae1bc8d7a51fcd6d99deaca40c88b0acbd45a7e2ddc
results/two_paper_benchmark/checkpoints/h7_2020_weighted_rf_S1_predictions.csv,18447,8814aab6e11dadf536a95420c4b5a18120fc781d60159fe55e22bb9f3d3472e8
results/two_paper_benchmark/checkpoints/h7_2020_weighted_rf_S1_tuning.csv,7390,fca823a16ea0fd95b8b2a07a0fbe294e71ff797e5b657c19ac6df4659e79fa20
results/two_paper_benchmark/checkpoints/h7_2020_weighted_rf_S2_metadata.json,1082,43d289615c055a49761606254660ea2d6a155830cfc4442b1bf45f43fb8123be
results/two_paper_benchmark/checkpoints/h7_2020_weighted_rf_S2_predictions.csv,18439,90a2b150212817fa4f514c072a2c18f72d7a9932b52fd9d88ccb01b83812d268
results/two_paper_benchmark/checkpoints/h7_2020_weighted_rf_S2_tuning.csv,7401,b47c5a4cc3322a7fc3386414009423bfeabc04c9ea50533834d68830e7c15dc3
results/two_paper_benchmark/checkpoints/h7_2020_weighted_svc_S1_metadata.json,643,d9ac8b2fab526434b3da8f1b8c6f18444ad93524ba53b5eed5781af41dc32bf4
results/two_paper_benchmark/checkpoints/h7_2020_weighted_svc_S1_predictions.csv,18344,f5553882a8783cc0892c03b16ca383fd880a01819a27d951aac24694ccf7d460
results/two_paper_benchmark/checkpoints/h7_2020_weighted_svc_S1_tuning.csv,5855,96ea2d5e005583d91ab1871eb2a8dac4ee1cb5bcc6f8f4d5b9792666d101d82c
results/two_paper_benchmark/checkpoints/h7_2020_weighted_svc_S2_metadata.json,1035,72a2d7feebca814ac1b1d8bc330055c716adcea642bc681bd4ca48528925d6be
results/two_paper_benchmark/checkpoints/h7_2020_weighted_svc_S2_predictions.csv,18423,902fe66fabf21bcaedd103a5bebbf772dfdca75a22acce7252c6f70c37db05fd
results/two_paper_benchmark/checkpoints/h7_2020_weighted_svc_S2_tuning.csv,5871,a5cd68d1fe1b4987742947705e3f74d43043fbef131fbf10d885cd101b49c356
results/two_paper_benchmark/checkpoints/h7_2020_xgboost_S1_metadata.json,749,3251c449e301af2a847bc76710fa656b590d4d6b1e5b28acdb4659fc35f6c963
results/two_paper_benchmark/checkpoints/h7_2020_xgboost_S1_predictions.csv,18030,0f3334845a09f0ecfe4c8ab8e89dd3dafa4ce75fb30e85b5f7fa899b47a52108
results/two_paper_benchmark/checkpoints/h7_2020_xgboost_S1_tuning.csv,9159,d5b47ac1e70ce46ea8b036aebf4d07ca0791a83536fe65c7c68a2b1031e487fa
results/two_paper_benchmark/checkpoints/h7_2020_xgboost_S2_metadata.json,1143,118b0b19614bff730eae716da91a4f66adc3b7204a9e14b16dd7dfa7ba9fc0e3
results/two_paper_benchmark/checkpoints/h7_2020_xgboost_S2_predictions.csv,17858,0f8eedf696074a72d23632a7653eb2583c51a33401893c1a1be4d5fe9110f83b
results/two_paper_benchmark/checkpoints/h7_2020_xgboost_S2_tuning.csv,9175,4e79a85708d29136bec88cfaf66a53114dae45d90137602d2eca3a9ef80cb442
results/two_paper_benchmark/checkpoints/h7_2021_always_negative_S0_predictions.csv,18756,33d5887f7e7f53c9824c66a74f99b97df9d958e3b5e00509be15429bc185ae09
results/two_paper_benchmark/checkpoints/h7_2021_balanced_rf_S1_metadata.json,687,d5156f5e8791be7493a4b7ae0a5ff488c218b3f46be826e44fbd663bc6a036a6
results/two_paper_benchmark/checkpoints/h7_2021_balanced_rf_S1_predictions.csv,18284,93497c502a32f1ecf39847a30f26cee3aa7ff1984ae0587d51f010a2e543855f
results/two_paper_benchmark/checkpoints/h7_2021_balanced_rf_S1_tuning.csv,7549,705f0c635e603c5c5343f2e81fa81399a89fd98ae24fe769f92e61f5aad932ac
results/two_paper_benchmark/checkpoints/h7_2021_balanced_rf_S2_metadata.json,1083,5c5f2e2e0279e993f3c253c6b34aad9761c37eb4506ea41d3c3c12ba49b13544
results/two_paper_benchmark/checkpoints/h7_2021_balanced_rf_S2_predictions.csv,18422,84253dd32ef4271c1c76fa5d3af82fb03d7d194515b6bff4df89e5471b5ae70e
results/two_paper_benchmark/checkpoints/h7_2021_balanced_rf_S2_tuning.csv,7563,bd593939eab7a66e02a90550ef667d8c0242e8b7cd4c25f09a8ab9e33c2661d4
results/two_paper_benchmark/checkpoints/h7_2021_logistic_S1_metadata.json,642,08f015666a73dd7f36dc6e296a575da43f4e8c53d2bd6d10e846c66d390bea0c
results/two_paper_benchmark/checkpoints/h7_2021_logistic_S1_predictions.csv,18091,a88486797b210c9e8cc0fdb54904dda29afabbeba64a0a4c7523dc880cb602e7
results/two_paper_benchmark/checkpoints/h7_2021_logistic_S1_tuning.csv,5790,8d32a120bcec8b67375beb6c5677fe89c2c64ef75b6c610a2275493177cf5304
results/two_paper_benchmark/checkpoints/h7_2021_logistic_S2_metadata.json,1037,961bce282d7db3d7daf50a9dcb147790e4270212689652fd33e6d04b684370c9
results/two_paper_benchmark/checkpoints/h7_2021_logistic_S2_predictions.csv,18062,a358f65d80594617d85b5ad607408c1027f9c6ea4c98f4b2f96c03f0f57ac453
results/two_paper_benchmark/checkpoints/h7_2021_logistic_S2_tuning.csv,5796,39303932d33504c6e7f15a6d4751685f97c9ff54026e22ba4122a7cc278e97bf
results/two_paper_benchmark/checkpoints/h7_2021_s0_logistic_S0_metadata.json,430,2f043d6c8df7f68a16a382ff0d98908be901661130f36e9b7eccf00bb60e0848
results/two_paper_benchmark/checkpoints/h7_2021_s0_logistic_S0_predictions.csv,18485,f1b28f2d6b6155c0ab5d23f543fdf454b89fd13999538190e3901493df61f61d
results/two_paper_benchmark/checkpoints/h7_2021_s0_logistic_S0_tuning.csv,5901,349638a6b8ffa2c0e004d092d4a2f305ccc688032f87dd56a25bfe1ad13dcd21
results/two_paper_benchmark/checkpoints/h7_2021_seasonal_probability_S0_predictions.csv,22594,eefe69db93afca146ce9f6d67b3620cbd7f2f7121ac1ed63b4ddbe20598a4fff
results/two_paper_benchmark/checkpoints/h7_2021_temperature_transition_S0_predictions.csv,22628,d913d7ed01a4c59b38dd7b8a7fe04e771b67c4efc38c75da27b1668cae185b29
results/two_paper_benchmark/checkpoints/h7_2021_weighted_rf_S1_metadata.json,687,2dcadb86f21721bb2be6ccb6fba2b5864e2b828430bd7163cc29bf0acd943f62
results/two_paper_benchmark/checkpoints/h7_2021_weighted_rf_S1_predictions.csv,18401,48a75ea2c33717461603cee9b4d0909acfc9bf1b8e8fc9e983274fd1a8da58a2
results/two_paper_benchmark/checkpoints/h7_2021_weighted_rf_S1_tuning.csv,7547,45f0c1e2f61601eb5b67870d66cbaee70daa20811ee53fec2db03f46269fbf8f
results/two_paper_benchmark/checkpoints/h7_2021_weighted_rf_S2_metadata.json,1080,bcad6b351c7797278b97920f3098d405be93e858b6335e0281bdb8742d420cea
results/two_paper_benchmark/checkpoints/h7_2021_weighted_rf_S2_predictions.csv,18439,dfd8fb84b05a6312cd23859ff49bfbc123d2fda6cf300bf55516d567547c55e3
results/two_paper_benchmark/checkpoints/h7_2021_weighted_rf_S2_tuning.csv,7568,70a81e9445fa473bd2cf3caf6656272d3cf6eaa86839d7588df5491df0168468
results/two_paper_benchmark/checkpoints/h7_2021_weighted_svc_S1_metadata.json,637,9be929b858c681115c8a5a99ba9dc6d17c9fadf1de5bc8f3b3cb83d0e0b64ad9
results/two_paper_benchmark/checkpoints/h7_2021_weighted_svc_S1_predictions.csv,18565,23c73e1654cc9531d69581a595068e3ef5be6b5d07ac88c3fa32b8bd6fbf499d
results/two_paper_benchmark/checkpoints/h7_2021_weighted_svc_S1_tuning.csv,5965,06c3c8abe705cc63855337f19e7e70511c19ffe618b634ada24117d142cc4922
results/two_paper_benchmark/checkpoints/h7_2021_weighted_svc_S2_metadata.json,1036,6641c09eb9e1c7b8c888a306134edc7498eb43e400ad36a12b4c514c15b33885
results/two_paper_benchmark/checkpoints/h7_2021_weighted_svc_S2_predictions.csv,18497,023e9076c934f40b38756ded3502929381dd8ec2847f01fd16a0b605fa8d579f
results/two_paper_benchmark/checkpoints/h7_2021_weighted_svc_S2_tuning.csv,5975,3bccfd089cfb2f69a670b288f42552f607ffa4e985273cfc5a71c6b1c4fdaa24
results/two_paper_benchmark/checkpoints/h7_2021_xgboost_S1_metadata.json,749,77da91061668dd68f7d0b5c4d4cf23df2090094cfb2901e532a8a9d9692556cb
results/two_paper_benchmark/checkpoints/h7_2021_xgboost_S1_predictions.csv,18003,de4dfb503a4cac5fd4beb2b4818b00a06f010637b0c0cf01b95701055a7b0994
results/two_paper_benchmark/checkpoints/h7_2021_xgboost_S1_tuning.csv,9269,a81f7c46aff33880c14935bb49093ca97f5a816be1ce7b2e4cb179cb715c1293
results/two_paper_benchmark/checkpoints/h7_2021_xgboost_S2_metadata.json,1143,be29b64f8788f58220e3630a1e2c7dd71da6bc5db871278dec7748f87ef4c2a3
results/two_paper_benchmark/checkpoints/h7_2021_xgboost_S2_predictions.csv,17927,de72ffe707ea360d20a309b20de09bef19624ebab598ce8a7e0ca9f0cd7ca801
results/two_paper_benchmark/checkpoints/h7_2021_xgboost_S2_tuning.csv,9291,b7f51373ff208eaab62b85578fc839aa08149ceb8212c982db01d1f606f8b5a7
results/two_paper_benchmark/checkpoints/h7_2022_always_negative_S0_predictions.csv,18684,4b816742a7228aa999af192b1e6261c326281862faf116cdc24c1d8a3f192a35
results/two_paper_benchmark/checkpoints/h7_2022_balanced_rf_S1_metadata.json,685,28b4394f645ae5227bb9bb793dd227deb596f0aabd215890f62f018de3d8251e
results/two_paper_benchmark/checkpoints/h7_2022_balanced_rf_S1_predictions.csv,18142,3412ef896f4884089bca4c2ef4c7d4046d3ad1c7b34044a6f46e5387efa5fd51
results/two_paper_benchmark/checkpoints/h7_2022_balanced_rf_S1_tuning.csv,7372,ba6f592f2e72305af0daafd0dba1a6b12d28df8e074f9227b241950c85139910
results/two_paper_benchmark/checkpoints/h7_2022_balanced_rf_S2_metadata.json,1082,541029d995a0b4637be66f21af236ddc56cbfd8937a4c01ed73605eb467b01e8
results/two_paper_benchmark/checkpoints/h7_2022_balanced_rf_S2_predictions.csv,18175,8f763b81a72cff3aaefc42ed8025f8f0322a08e2700069e4bf9b20ba4e91261a
results/two_paper_benchmark/checkpoints/h7_2022_balanced_rf_S2_tuning.csv,7380,abcfc0053045f0613384586aebc9963592e65c76c572585f21d506665476ad78
results/two_paper_benchmark/checkpoints/h7_2022_logistic_S1_metadata.json,643,b35bd553b2c58e0ede7c5b574a2ba0625fac5c5d67231ab7697d70cc233e3ca5
results/two_paper_benchmark/checkpoints/h7_2022_logistic_S1_predictions.csv,18067,0dd3fdab5d93620766512eef63e92cea357d87399a14b81ff6e04703333077e6
results/two_paper_benchmark/checkpoints/h7_2022_logistic_S1_tuning.csv,5685,abab4f896f91fda6c93b4a3d9435d94d51b09f82f0577d00bd8005945fe3963b
results/two_paper_benchmark/checkpoints/h7_2022_logistic_S2_metadata.json,1036,63460d2eacfb4b89ee187e5e1a8558b6a31650a831e3c7094d5293d376377237
results/two_paper_benchmark/checkpoints/h7_2022_logistic_S2_predictions.csv,18034,70a69908cac589e10195285f22ae4e454718f9366f03024f7e402dca6107a404
results/two_paper_benchmark/checkpoints/h7_2022_logistic_S2_tuning.csv,5691,23f095fd26156954143512c37c91b19d592fd5692237c2c2f7275e373932c399
results/two_paper_benchmark/checkpoints/h7_2022_s0_logistic_S0_metadata.json,431,6ec7b39dfe41958a51abc5919965f7b64189514ac7ea770bc0d1e8c845a4ddbe
results/two_paper_benchmark/checkpoints/h7_2022_s0_logistic_S0_predictions.csv,18411,dbcfe24161f57d85ce174d8bd852be77010b542726d21c18bc503081fcd48274
results/two_paper_benchmark/checkpoints/h7_2022_s0_logistic_S0_tuning.csv,5793,a44ed40c8fe9a5def4842b965ff46f2dec7d64f4bf52d2ebe0e480782bcd5722
results/two_paper_benchmark/checkpoints/h7_2022_seasonal_probability_S0_predictions.csv,22522,28c319f28e8ea9adf0351eeea4476928a80fe110c2576d13cbd5adc13d553e61
results/two_paper_benchmark/checkpoints/h7_2022_temperature_transition_S0_predictions.csv,22818,a815f0cc1b3366509a98a2edb6767835396215db74acfd80547cefbfc7ff1e61
results/two_paper_benchmark/checkpoints/h7_2022_weighted_rf_S1_metadata.json,686,89cb02c261c52033c8185c131e50c331c17c517887223ae6bb50c4bd79c3f806
results/two_paper_benchmark/checkpoints/h7_2022_weighted_rf_S1_predictions.csv,17788,dc465d06e9131730a55d271f2e73cec7b69cc061276f9e2775a12b214b0a8fed
results/two_paper_benchmark/checkpoints/h7_2022_weighted_rf_S1_tuning.csv,7366,96eb060270e11b49c9b00c5a75a890057b19c8d49edd8212383c36e3046cce00
results/two_paper_benchmark/checkpoints/h7_2022_weighted_rf_S2_metadata.json,1082,e92e685c463dc240e48c48271407a06f551abe1ecefa978ad36bcb2f953b6095
results/two_paper_benchmark/checkpoints/h7_2022_weighted_rf_S2_predictions.csv,18017,7445395f028c292bdaac346645b21109d4879b016d675cdb8a5d16a63f8db63e
results/two_paper_benchmark/checkpoints/h7_2022_weighted_rf_S2_tuning.csv,7386,21672b3a6e199ff12abff48ec76ef094791843499d51abcd6e71953b2e17a6b0
results/two_paper_benchmark/checkpoints/h7_2022_weighted_svc_S1_metadata.json,638,ef99940b42e6c359bb52cd560385286d7db300fe92180f551484b730388f0e92
results/two_paper_benchmark/checkpoints/h7_2022_weighted_svc_S1_predictions.csv,18540,fe3fb11f2c2b95d81d438bc4e53b80a7fc6cef63458c887b6f0a7e261ee2edb9
results/two_paper_benchmark/checkpoints/h7_2022_weighted_svc_S1_tuning.csv,5878,1c65c71a533c2b2aacc88d7f1d4e7ebc5fa608fe1a861f34a69b4c05df264b06
results/two_paper_benchmark/checkpoints/h7_2022_weighted_svc_S2_metadata.json,1034,d24302cbba5c3e442930b912838d741bd519026856295cab91eb41be51293e03
results/two_paper_benchmark/checkpoints/h7_2022_weighted_svc_S2_predictions.csv,18490,2726c99105212cea28677f8b8614635b0f709df493aa33694959a7cba5944982
results/two_paper_benchmark/checkpoints/h7_2022_weighted_svc_S2_tuning.csv,5891,1a9b64877a7462d8aead71bdfbc011965a383e5d2996bc929f43a087b35d048a
results/two_paper_benchmark/checkpoints/h7_2022_xgboost_S1_metadata.json,749,7ce05a553ed3cd7824fbfb3e5abe2b4c28c35f5bb614f09ed18f51d27e400c2b
results/two_paper_benchmark/checkpoints/h7_2022_xgboost_S1_predictions.csv,17906,cf71ce95bee0cc322e74f1cd4535a1d4f93dac4bdf1a0e0af809a3230f939063
results/two_paper_benchmark/checkpoints/h7_2022_xgboost_S1_tuning.csv,9156,9c3cd7b8e4585ab1f31db10935a4dda01e8c3452f9de5f5a75203b04e239211f
results/two_paper_benchmark/checkpoints/h7_2022_xgboost_S2_metadata.json,1144,2dc6873752b693bbd3dabfa6c894e5ca5a1c7aeccbfb8e023f199f38f6562abd
results/two_paper_benchmark/checkpoints/h7_2022_xgboost_S2_predictions.csv,17964,75efb79a2cd8e1023b67b343714f81a0ebe59adc3875bde5861ee907f10e1bb4
results/two_paper_benchmark/checkpoints/h7_2022_xgboost_S2_tuning.csv,9165,80f9ff3220abdf1c91339dffa87dcc70730c720490d475cf8119fbbe7c56815f
results/two_paper_benchmark/checkpoints/h7_2023_always_negative_S0_predictions.csv,18948,abadb87902ef49fff5baa6fbaec58600e26005d29c69b84920b8c2fb667207d6
results/two_paper_benchmark/checkpoints/h7_2023_balanced_rf_S1_metadata.json,689,ae18fe5b13ed6fbd3e9c8ff2e2215d0c66b9745ee8b68fbf3899fa37f9c08fe7
results/two_paper_benchmark/checkpoints/h7_2023_balanced_rf_S1_predictions.csv,18294,be738323fc9bb2ed332d9c6a8dd5de023e7d65927de130185eeed71bd67303e9
results/two_paper_benchmark/checkpoints/h7_2023_balanced_rf_S1_tuning.csv,7424,349f594930f89dfca080cb7b68cb30a492c085bb5750406076c0e6d7aec10026
results/two_paper_benchmark/checkpoints/h7_2023_balanced_rf_S2_metadata.json,1082,faab1fbf6ea3cf4c28015cfc0d3fc29874ed1175a46f1b940189be3babf5ddc9
results/two_paper_benchmark/checkpoints/h7_2023_balanced_rf_S2_predictions.csv,18645,c4e2d67e56d026b572ded16df16bf5a77b98f77186d405d54bdc663bd2a80581
results/two_paper_benchmark/checkpoints/h7_2023_balanced_rf_S2_tuning.csv,7435,7343fd9b3584c0e539ec6daf5267981008b23a9009868b465ba324ebf1ab75f5
results/two_paper_benchmark/checkpoints/h7_2023_logistic_S1_metadata.json,642,31a05efa88319627971a9a341c56b0509efb6aa9507c1b97adb31f86fbea8cf7
results/two_paper_benchmark/checkpoints/h7_2023_logistic_S1_predictions.csv,18508,8a985fc6f9d8349e0954335d4a74d715561cafa74130834999aad6bf1f620bc5
results/two_paper_benchmark/checkpoints/h7_2023_logistic_S1_tuning.csv,5685,ee257fe67dd48474a78c3d409f6b8fc732e5006cfb54be6300666add860b1084
results/two_paper_benchmark/checkpoints/h7_2023_logistic_S2_metadata.json,1036,6337e662a835e41e85c97b2c18231f38b86ea9e0dc8b2123e2a831bebad703f9
results/two_paper_benchmark/checkpoints/h7_2023_logistic_S2_predictions.csv,18490,7cba742299e66aedc17d9c37658bb4c1753b1faa94074a27b713a8d52f5ddbdb
results/two_paper_benchmark/checkpoints/h7_2023_logistic_S2_tuning.csv,5702,250fd7d03b95c8ad65928fe1b8726c71e5e0878c27c7268a520f9ade8110121f
results/two_paper_benchmark/checkpoints/h7_2023_s0_logistic_S0_metadata.json,432,c9f24ef92c53c5b3285c6acb871803eaaf9773ec2223a977f72ec7577daa0833
results/two_paper_benchmark/checkpoints/h7_2023_s0_logistic_S0_predictions.csv,18745,43c1305387b96a608ae4de5d7539f5490fc2366120223c81734ab546c59f342a
results/two_paper_benchmark/checkpoints/h7_2023_s0_logistic_S0_tuning.csv,5806,516b90125871203c94233df21056d3713ad86e3855d4cae4dcf75bb603972a71
results/two_paper_benchmark/checkpoints/h7_2023_seasonal_probability_S0_predictions.csv,22724,c6a49e38e362b7fedce038a41c7e348153ca8dae5295c842c1f1311c00fbbed0
results/two_paper_benchmark/checkpoints/h7_2023_temperature_transition_S0_predictions.csv,22912,15aedc38660fdfefdc9134e4565fa2aca03a75af15feb7c8c367a635f4a2fed6
results/two_paper_benchmark/checkpoints/h7_2023_weighted_rf_S1_metadata.json,690,a75bf507fa6bdd23bfd755db53e358eaaffdd0217fd22255ed953b4114de56e6
results/two_paper_benchmark/checkpoints/h7_2023_weighted_rf_S1_predictions.csv,18651,b142b16dce0ea239812bece87ce362d3861eea136bb8af4ed064c9225de0eb0b
results/two_paper_benchmark/checkpoints/h7_2023_weighted_rf_S1_tuning.csv,7425,97942df112cf73e6fb295a29617668c41317e2a027a710fde29e9d4583885972
results/two_paper_benchmark/checkpoints/h7_2023_weighted_rf_S2_metadata.json,1083,aec8532b22a0d17c6cb2be2ce0002f213407aa304645de5b47a0dee24eac5906
results/two_paper_benchmark/checkpoints/h7_2023_weighted_rf_S2_predictions.csv,18367,7e330db521f06a17ecdb0cc9d249ccf38e4cf8a73899ff68a8dba47eb7023e19
results/two_paper_benchmark/checkpoints/h7_2023_weighted_rf_S2_tuning.csv,7434,bd2c1b3d0f7ff44893181e8ba5e17eaebe9dbf6182b49e9a95b1788b2bc6dd68
results/two_paper_benchmark/checkpoints/h7_2023_weighted_svc_S1_metadata.json,643,ccf21dffeb486114f2009635cd10e3c77e89fe5464ae163c6bec650c71926dfa
results/two_paper_benchmark/checkpoints/h7_2023_weighted_svc_S1_predictions.csv,18840,4efac1e5bba9ab428967910db9a8a8b000b153c322672e3b9fb0902ae8c6751d
results/two_paper_benchmark/checkpoints/h7_2023_weighted_svc_S1_tuning.csv,5825,7bbdb970ce6937c5dee8c3cb025319242ac827609e9770c8118cb250515d2385
results/two_paper_benchmark/checkpoints/h7_2023_weighted_svc_S2_metadata.json,1038,8441881db0ff4aaf9e98af434c35ef316d7a2c7ae878486d9641df7c55331fa7
results/two_paper_benchmark/checkpoints/h7_2023_weighted_svc_S2_predictions.csv,18753,eb41c02a74b35547eff0cacabd395c2a139d4f47b1adbb9c5ceb21a8fbcf0ada
results/two_paper_benchmark/checkpoints/h7_2023_weighted_svc_S2_tuning.csv,5855,00ac6c5af52bed6ffcbd11f49b856a3e991958a4483cf5f634b8925270d7f0fb
results/two_paper_benchmark/checkpoints/h7_2023_xgboost_S1_metadata.json,749,a74605c772e490637a1c5060e088b51bad4af07eb0172e808044e6215c7a2245
results/two_paper_benchmark/checkpoints/h7_2023_xgboost_S1_predictions.csv,18491,0d7644299869a03ed10dabcefe6dd23a916af7121caacbfbe2238d89a2eac359
results/two_paper_benchmark/checkpoints/h7_2023_xgboost_S1_tuning.csv,9155,89e42dbf34f647b42f206ed7754d14f3a6e17d87ae461e790acbc6307f9c7526
results/two_paper_benchmark/checkpoints/h7_2023_xgboost_S2_metadata.json,1143,3bcb3e394599d59200459b96f51395290197b79d5be6c7482d033645dffbf712
results/two_paper_benchmark/checkpoints/h7_2023_xgboost_S2_predictions.csv,18214,9388159cc79c9d907e85d6a5ed6220531d74399fd4def60a8d66b3401fac78cc
results/two_paper_benchmark/checkpoints/h7_2023_xgboost_S2_tuning.csv,9169,027f9607ba9c81dc3790e09369ed3777cbc0a275c491d962e45e47f08c14300d
results/two_paper_benchmark/checkpoints/h7_2024_always_negative_S0_predictions.csv,18876,772a5aa78b0f2869822ad573bf2f82ce1d76e38c0be66090219df6003c65a336
results/two_paper_benchmark/checkpoints/h7_2024_balanced_rf_S1_metadata.json,688,ef16b61f267d905351fece663cfaf96c471fd2c5a8b2108ff6ae2cff49aa7143
results/two_paper_benchmark/checkpoints/h7_2024_balanced_rf_S1_predictions.csv,18390,72f6ee09e15d498e587204b834cb7a983ab2cd0a5cae94a4e5f6ca7c08f2d866
results/two_paper_benchmark/checkpoints/h7_2024_balanced_rf_S1_tuning.csv,7440,3403ca4a3503668545693f40fa06b879e6428853886a99d98badbb38699382e0
results/two_paper_benchmark/checkpoints/h7_2024_balanced_rf_S2_metadata.json,1079,3bc41662b252eca64c8f42a15c8a068265e54b4ccdb4430ecd8025e7ddbb9fb7
results/two_paper_benchmark/checkpoints/h7_2024_balanced_rf_S2_predictions.csv,18491,2e4148d97ab13001413b990e2836b8c4e4846aeaa823be27825ea7e9644130c0
results/two_paper_benchmark/checkpoints/h7_2024_balanced_rf_S2_tuning.csv,7453,cfe2beae9ad321c2d3a347ac151f6b4bf31602b472c5b403f0ea10a7df97d9f2
results/two_paper_benchmark/checkpoints/h7_2024_logistic_S1_metadata.json,643,512d0664097cac8edeaa4a02a6e8ff796d1d0f6083a448e637c50209f987630f
results/two_paper_benchmark/checkpoints/h7_2024_logistic_S1_predictions.csv,18198,d3d246cc0bcd137256a8aa5ca04bc4ee0cd79fd702b6e7c24bb84b0ea8517c0d
results/two_paper_benchmark/checkpoints/h7_2024_logistic_S1_tuning.csv,5688,96afc946b5ce15058e917545ec6c7ef262ce7c0524b056a80a39bac311806bfa
results/two_paper_benchmark/checkpoints/h7_2024_logistic_S2_metadata.json,1036,b70be728ed47b1dbef73f6a0bef3d51485f74764e11eee0b1655f299ff0c7d79
results/two_paper_benchmark/checkpoints/h7_2024_logistic_S2_predictions.csv,18200,dbcf85823cae201addf0b6484290250fd9088ce5aca451d03cd182721189dfb8
results/two_paper_benchmark/checkpoints/h7_2024_logistic_S2_tuning.csv,5692,401cb2579994390ffd2e993c31d24ba57fbd4248ce6f1cdf3f539e34298b1376
results/two_paper_benchmark/checkpoints/h7_2024_s0_logistic_S0_metadata.json,429,6b9bb7cad17696353bee18781e1bfda65df274084f4a22e1d2295927b7b21f38
results/two_paper_benchmark/checkpoints/h7_2024_s0_logistic_S0_predictions.csv,18531,7d3c1830391bf788c46f9d69b0fa10903615cc647f6995052561c221173458fd
results/two_paper_benchmark/checkpoints/h7_2024_s0_logistic_S0_tuning.csv,5777,50a100a1a9785462f28a867998449fc6f97e9fb160b59ffb80fa6f8f87548547
results/two_paper_benchmark/checkpoints/h7_2024_seasonal_probability_S0_predictions.csv,22596,905a92c24e14bb45d9c2a294b11f0c6de539d499753e0898a99fd4bb2732b800
results/two_paper_benchmark/checkpoints/h7_2024_temperature_transition_S0_predictions.csv,22894,0db1e93270b39f988049037c10744beb70bb67d4b4f8ecdce4c26e1df502d993
results/two_paper_benchmark/checkpoints/h7_2024_weighted_rf_S1_metadata.json,689,11509e36096379b0de962be60fd7f5b157d7a185cff1d482411e46f1892d14f4
results/two_paper_benchmark/checkpoints/h7_2024_weighted_rf_S1_predictions.csv,18486,05645e4c5c7d213049f224362d56e7c8819b2c8a2b2c7affa3586a521ed23a6d
results/two_paper_benchmark/checkpoints/h7_2024_weighted_rf_S1_tuning.csv,7448,07a43b9fcb01e95de21395e9c25099cf5d9196d0ed2756873a44cde2521dd80d
results/two_paper_benchmark/checkpoints/h7_2024_weighted_rf_S2_metadata.json,1082,8a6afa7010a80d4ac89108d786b8311c5378a0eb82a05e3e4ae8876713964525
results/two_paper_benchmark/checkpoints/h7_2024_weighted_rf_S2_predictions.csv,18524,37d4518a699a0013da8a4023a7d45507f455731d49e34cfc39f97e14c6b7cbb5
results/two_paper_benchmark/checkpoints/h7_2024_weighted_rf_S2_tuning.csv,7454,d98d8f7ec01dfc3e105a473e5e86b1eef8698a806caa938c2b4debff991ee0db
results/two_paper_benchmark/checkpoints/h7_2024_weighted_svc_S1_metadata.json,639,6f8eeb4c6bfb06fb0db0129e87aa10b87ec4099a2259554112d9d9f91953bb4e
results/two_paper_benchmark/checkpoints/h7_2024_weighted_svc_S1_predictions.csv,18629,3978a9c246ef2b181c4a6e206a45473d63f63f821165c75ee1fd944ee03fadc0
results/two_paper_benchmark/checkpoints/h7_2024_weighted_svc_S1_tuning.csv,5811,53aabed7889b2cbbee402dda63c103152f4ec137872c25b66839e3f32736ddf5
results/two_paper_benchmark/checkpoints/h7_2024_weighted_svc_S2_metadata.json,1033,dd283633b927d0ddefc5aa3dcac182917c1e8b50468d6ace6a20137cd92fc50b
results/two_paper_benchmark/checkpoints/h7_2024_weighted_svc_S2_predictions.csv,18624,71f4f9e8fa6d168a02c80f4133bdfe87f5afa8eba9e707cf3d85d9c5a3f0975b
results/two_paper_benchmark/checkpoints/h7_2024_weighted_svc_S2_tuning.csv,5825,41caae7069173a003619eef903c90ca1200575ded322ae715dd582dbda61004d
results/two_paper_benchmark/checkpoints/h7_2024_xgboost_S1_metadata.json,748,00c379399f0184a2b216f9b135c3bed21690f203d26452570df3f1612c2ccd2e
results/two_paper_benchmark/checkpoints/h7_2024_xgboost_S1_predictions.csv,18098,6decb7df4294205290be4e1f9a51dafea2eaa48e349babf3e5b5b00e8dfb6cc6
results/two_paper_benchmark/checkpoints/h7_2024_xgboost_S1_tuning.csv,9151,c04c331e81a43322bf57b39707e940d1de8802f61d9ab3e00d3ea42b9f705cdf
results/two_paper_benchmark/checkpoints/h7_2024_xgboost_S2_metadata.json,1144,fc09714a2f5b519d9b8d17bf26f42633ff8c8efaf2860e3cdbe226f013baf275
results/two_paper_benchmark/checkpoints/h7_2024_xgboost_S2_predictions.csv,18008,753e17703ce0c897ccb1a3be4be0387acc2442ca8831af23083d82453e65c791
results/two_paper_benchmark/checkpoints/h7_2024_xgboost_S2_tuning.csv,9169,638138ad0b720c7af8dc498f4b4716853e44e511187ad61073cdebee0429d643
results/two_paper_benchmark/data/prediction_samples.csv,8237846,7ecb9b2fd92d581a9210f70b3013246602f18b0b36f6525f0835b32d458025a0
results/two_paper_benchmark/data/predictor_dictionary.csv,2335,6bb4e147143e20e77d92b7c496687cf732a8254552e237106dc8e134da00cf76
results/two_paper_benchmark/data/quality_findings.json,710,75f8d71b74a73c9bac0e8c4c211438ae816f27c9308d3c6c2f12c94df7927e75
results/two_paper_benchmark/data/raw_date_and_provenance_audit.csv,238,ff0cbd85f288e42a964f9a636cb8fb07142c8f800d9a14ed220a1ba9f5378923
results/two_paper_benchmark/data/sample_size_levels.csv,142,1be21fa9220155e32e7d9c2e4418f0526ad43836e8e0902d990d484b39640232
results/two_paper_benchmark/data/source_data_hashes.json,6497,30bfbb5e5fa2f70a2b318fea8d5fada68647e553338d41cd3f9ac423c604326d
results/two_paper_benchmark/descriptive/class_prevalence_by_year.csv,3407,a93290574aadaad783b5a5d51006874d17689aa00d2afcd5d20d40f5b9c9e521
results/two_paper_benchmark/descriptive/pearson_correlations.csv,18499,a0df963bf84ddd15bf59bc36652fa97fb4761c1f4eca99f23c899adc9ae09f60
results/two_paper_benchmark/descriptive/predictor_distributions.csv,3651,4b944eb9b25db5026eb45508ba2ece5f62b884fbac554c98a4c2323246d5b0d8
results/two_paper_benchmark/descriptive/selected_scatterplot_source.csv,346801,c99ccee0d072abeaadf3cfc74634a5b36f573dd2799d9bd5c28590476ec296af
results/two_paper_benchmark/descriptive/spearman_correlations.csv,18281,327b17957828b4b23bbc3854fd7234f02badf5332ee236d8c21b154ddd996ff7
results/two_paper_benchmark/explanations/grouped_block_permutation_importance.csv,41841,3ea237ae3fc58ba780323630e756709f14c5537a88e9f0838f4e02a1c2898a00
results/two_paper_benchmark/explanations/held_out_cases.csv,951,eb8958f43b6c14b1f9ef0d4c61573d5f7a9bb4f03ee0ff6c227a72b5743ae5cc
results/two_paper_benchmark/explanations/out_of_sample_shap_values.csv,16348872,4d329b5cb2bd9aeacc476fb7c4a0aee24ec02d17ee3c229d98fe30b1ead842c0
results/two_paper_benchmark/explanations/shap_background_and_additivity.csv,7205,1fef301796deab96c86b1e59a2aa05c4b48f6813b45fbc9457137afa48cad669
results/two_paper_benchmark/explanations/shap_rank_stability.csv,36313,1261b1d44e1f7fb88654fb325ab9b2ad86ef1c67ee7d0f0a7a03309aa8015baf
results/two_paper_benchmark/figures/figure01_workflow_timeline.pdf,15772,283bb66b094225c3513af2815bfde8625ee82c06d39355fe8939b1d10ffcd389
results/two_paper_benchmark/figures/figure01_workflow_timeline.png,63329,9c15512912a8e10ffdd983ba381bf4117d417f217b3a4a8d254231b933b9c9e2
results/two_paper_benchmark/figures/figure02_descriptive_class_balance.pdf,20253,0664580aeb7eadccd431b77c6b9b0d557bcf5400939a2bdee7916d694402d61f
results/two_paper_benchmark/figures/figure02_descriptive_class_balance.png,181190,5d1a5da1359eb69698b088a8e46e46a0721fed44f556be1f373250f4a5da5c3e
results/two_paper_benchmark/figures/figure03_predictor_relationships.pdf,38492,dac6bdeefa892b793cf879c60d17b6dd6a1e2a3f947866129e46b9cc45622b75
results/two_paper_benchmark/figures/figure03_predictor_relationships.png,421176,6951a05c8cc4b18af2dd4ceb6969c9bef4d6084c3fc5f578602407c8bc005a15
results/two_paper_benchmark/figures/figure04_model_skill_by_lead.pdf,24039,7b757b6936712be6f801eefcb444d3241ca81b723e1d7908b61bf9dd89ff7737
results/two_paper_benchmark/figures/figure04_model_skill_by_lead.png,400392,182e49668b1645788d829d32836ff9ac6aa6800372aa15103b0b8737a9ae86e8
results/two_paper_benchmark/figures/figure05_precision_confusion_calibration.pdf,19707,612bc318f45d9fe1f6ca16a5e6d7f9ba15337c89e799c606af318741de7f8151
results/two_paper_benchmark/figures/figure05_precision_confusion_calibration.png,201246,82a69a63033a8f290df69d6d40e3ea6451da7caa2afd083315f9a1fa1dc2a620
results/two_paper_benchmark/figures/figure06_shap_importance_stability.pdf,243484,02ba5987634dd46fc1f770a24cd60ce0fc1b454bea6b068188c76c769d49ec82
results/two_paper_benchmark/figures/figure06_shap_importance_stability.png,1220244,23a5236f144164ea74fc43f25988aa50b5aca2502fe39dc2d61ca846a6fbd277
results/two_paper_benchmark/figures/figure07_held_out_episode_timeline.pdf,25497,784683e183b5fddad427fde436f072b27cd0efb384a1c7b56594954e1585b229
results/two_paper_benchmark/figures/figure07_held_out_episode_timeline.png,161315,f8fd8cd51413ca8a7f394f25fbb8e57161fe6e25e5e2c29d8832ff34eb26d5eb
results/two_paper_benchmark/figures/source_tables/figure01_workflow_timeline.csv,181,dea091a78a90c2f8958229396ceacccf58ecf83221146aa2cee2e2ad4470a6d4
results/two_paper_benchmark/figures/source_tables/figure02_class_balance.csv,420,c00c8737730c7d0192b3acb9233b9ae32ded84e6cda4f095d45ea6e8959aa81a
results/two_paper_benchmark/figures/source_tables/figure03_spearman_correlations.csv,18301,aab6d3b7d34c824cbd0e61c0feb789291d02cd454e90f658437eafe864d104b5
results/two_paper_benchmark/figures/source_tables/figure04_model_skill_by_lead.csv,7465,d6b2eb109fe2e93cd8ef908fabd02bdebebab154f33969d2450e79ecf538afe7
results/two_paper_benchmark/figures/source_tables/figure05_h1_predictions.csv,994139,d39780bbc65bf6983ce7660002a72d360ff8080b68b355dc4041f21180e06109
results/two_paper_benchmark/figures/source_tables/figure05_reliability.csv,459,8aa8dae23add8056f1a93ffc9567739fa158dd6d06fb8ad17ea10c1aee0233fc
results/two_paper_benchmark/figures/source_tables/figure06_global_shap.csv,352,94ec446ad9cf3e958af62339cba39b8516377f988276566b57fde6d33051c6d6
results/two_paper_benchmark/figures/source_tables/figure07_cases.csv,951,eb8958f43b6c14b1f9ef0d4c61573d5f7a9bb4f03ee0ff6c227a72b5743ae5cc
results/two_paper_benchmark/figures/source_tables/figure07_timeline.csv,197753,86a7af40f9470a355bfacc873e063673bc10974ed7a090b7450bd5f45ca17636
results/two_paper_benchmark/metadata/execution_status.json,154,1b37f910b12d538d10df3e34465d7aed05dd886227681b51441d67154ce69526
results/two_paper_benchmark/metadata/execution_summary.json,1571,5e40c05d8e53895d42f4cf2e14f3a6a834f0ebaeadae6aa98525c8a7394a4d1c
results/two_paper_benchmark/metadata/finalization_status.json,471,5e1a62d579bfe8c87b18f8a1ff3d7ad050db8093bea35812b80601a134bdc7a9
results/two_paper_benchmark/metadata/frozen_config_snapshot.yml,1123,34b1178b0235e7c7007719391004e5c33fc616904f5e265c9da17def7871bcad
results/two_paper_benchmark/metadata/output_inventory_and_hashes.csv,185563,1de522f7ad88585a10794bdbdb25813b6638aaff18eee724ed34b8d7eb0a001b
results/two_paper_benchmark/metadata/output_validation.json,1123,2b7fdc81440a5b5a18d75cb933721fd8d534eb1547052bad22413c1a926fb56e
results/two_paper_benchmark/metadata/protected_file_hash_validation.csv,1227,d6234ab1a908d871b9233a26315a0a1c7f0ed4e61f8faee9a192e46e284a220e
results/two_paper_benchmark/metadata/run_metadata.json,2943,5dfce9ba542f675ff78f6c4cf42cc27d1d664528d9f637b0e3b8959ff56b019e
results/two_paper_benchmark/metadata/runtime_amended_config_snapshot.yml,1262,adcb47ed4e1049ceac3a3366ced7468b104f56634f6292321e5789a1078ac574
results/two_paper_benchmark/metrics/model_metrics_by_year_and_pooled.csv,212455,1322d4fe9b19d73ec265c2e3f72cbaa4a86767d5e2faf594e40c96e26f018da0
results/two_paper_benchmark/metrics/onset_risk_subset.csv,2897,125c12f0d2b0fe12f92740c0f1711307953f33d35feeef2c17fbdeeb2f727937
results/two_paper_benchmark/metrics/paired_year_block_comparisons.csv,3721,31ca71e2888423624e10e166d097053c5b2165092ff99617065a660a6b97feda
results/two_paper_benchmark/predictions/all_out_of_sample_predictions.csv,8659441,bec0be4875bc68551f8e1407500d9ee2f0679c365555f0e15367efacd11c55ad
results/two_paper_benchmark/sensitivities/conservative_full_window_separation.csv,14050,cbd42082d6b0149d6283f82cf7ec2e1c282fb337c411e21d5e6db434054511c7
results/two_paper_benchmark/sensitivities/history14_checkpoints/h1_2014_logistic_S1_history14.csv,19526,6833bcf4265c2d4ad2598d9b96a1604a173f08bf595b6ab6e4e3bd06421a2414
results/two_paper_benchmark/sensitivities/history14_checkpoints/h1_2015_logistic_S1_history14.csv,19515,fe2f79eb0d5a456de641ed2bc76160a087c0452b3e44228c8c242de98042bf29
results/two_paper_benchmark/sensitivities/history14_checkpoints/h1_2016_logistic_S1_history14.csv,19505,7e31b1447cfa5fdacb49877271be21c101d22646f56681d0b0d52c163ff5e2e7
results/two_paper_benchmark/sensitivities/history14_checkpoints/h1_2017_logistic_S1_history14.csv,19587,d239fa5039bb81e9b5d3204b5381c4e2cf8f0b0aadcef4e4368cbd651c32f6a2
results/two_paper_benchmark/sensitivities/history14_checkpoints/h1_2018_logistic_S1_history14.csv,19561,2a0b60820946839780c783024b8dec166d5dca857d70bb8a06a259434b1f2b46
results/two_paper_benchmark/sensitivities/history14_checkpoints/h1_2019_logistic_S1_history14.csv,19443,271dc22c827224573be7048619273b4a60698d05923cbe59622945cd663e9da3
results/two_paper_benchmark/sensitivities/history14_checkpoints/h1_2020_logistic_S1_history14.csv,19537,b17dedde2bcc82d85c56e247806ce17ea280e7e4402ef2f77463288d33bf4f79
results/two_paper_benchmark/sensitivities/history14_checkpoints/h1_2021_logistic_S1_history14.csv,19465,1b469a127253ff5b1bc14423787967c1f3261767c3d01da46c7f5dd853934c7b
results/two_paper_benchmark/sensitivities/history14_checkpoints/h1_2022_logistic_S1_history14.csv,19384,a581b07a856cda191d9f926ec9b1219516f661c31836b0ca859f90afc623a4a3
results/two_paper_benchmark/sensitivities/history14_checkpoints/h1_2023_logistic_S1_history14.csv,19676,3fe7774ce39ceabb962c49cb931717eb8fe7d9f915a597aabf02ae07cc95a3ce
results/two_paper_benchmark/sensitivities/history14_checkpoints/h1_2024_logistic_S1_history14.csv,19571,819e9ee3ad624e0e1c5e335ade48f4f0d5b1ccc6e87f6565e40c34ac9bd55804
results/two_paper_benchmark/sensitivities/history14_predictions.csv,212730,a2589902ff66e2bb6021079c53aab56367c95a1c6ad8e2e76e4b57321cded0df
results/two_paper_benchmark/sensitivities/history7_vs_14_metrics.csv,613,09c6d5a6ea177a9d6617caf569a80c85ab13ed0be89761d4a2cb4b961fcb04a3
results/two_paper_benchmark/sensitivities/monthly_feasibility_counts.csv,3387,6290bfd67e34415e5167d189ab5d09a574ad2f0d88eecead217d406053c53738
results/two_paper_benchmark/sensitivities/relative90_metrics.csv,20071,0e0b14125b492ac05225c40ab5f3ad7bd92208b937744ca3472c6c18f93a0658
results/two_paper_benchmark/sensitivities/relative90_predictions.csv,1076576,1030f5512aedcf11528298444f2d0d36952041122216c5e6a98b24cb72c3c57e
results/two_paper_benchmark/sensitivities/relative90_prevalence.csv,384,06cc5ed7e24e77c4431062be4b1685c6074058f5197ebff6e3f055536ee73bfd
results/two_paper_benchmark/smoke_test/predictions.csv,18386,b63c50db2c0a8364827191be8901e4aa7df16aaeff7230c106a3e65d42b137cb
results/two_paper_benchmark/smoke_test/status.json,916,3d9a80606f4f62c7295c2b7707a8be82b619f0e744d5ce1d1c9b4647daecd7bc
results/two_paper_benchmark/smoke_test/tuning_log.csv,992,192c8ec51878a69089d009e2702d5e7df77caf3392121ed4dc9f5a0f2591d51c
results/two_paper_benchmark/splits/chronological_split_manifest.csv,12812,e95af84047efe8933400e84c258dc938504582e65d3fb4b58c9601c874b136be
results/two_paper_benchmark/tuning/all_candidate_fold_scores.csv,2485850,d02c6bf278769cd316e6ec2337f00c6b2823585df846b4e71e6b05d64f3b06cb
results/two_paper_benchmark/tuning/selected_parameters_and_features.csv,199759,ccd301b5928b96866201a7f9c841374876dcfcbcda91e2eb19d57135cff3e34b
